solid OpenSCAD_Model
  facet normal 1 -0 0
    outer loop
      vertex 10 186 3
      vertex 10 191 0
      vertex 10 191 3
    endloop
  endfacet
  facet normal 1 0 0
    outer loop
      vertex 10 191 0
      vertex 10 186 3
      vertex 10 186 0
    endloop
  endfacet
  facet normal -1 0 0
    outer loop
      vertex 30 186 0
      vertex 30 191 3
      vertex 30 191 0
    endloop
  endfacet
  facet normal -1 -0 0
    outer loop
      vertex 30 191 3
      vertex 30 186 0
      vertex 30 186 3
    endloop
  endfacet
  facet normal 0 -1 0
    outer loop
      vertex 10 191 0
      vertex 30 191 3
      vertex 10 191 3
    endloop
  endfacet
  facet normal 0 -1 -0
    outer loop
      vertex 30 191 3
      vertex 10 191 0
      vertex 30 191 0
    endloop
  endfacet
  facet normal 0 1 -0
    outer loop
      vertex 30 186 0
      vertex 10 186 3
      vertex 30 186 3
    endloop
  endfacet
  facet normal 0 1 0
    outer loop
      vertex 10 186 3
      vertex 30 186 0
      vertex 10 186 0
    endloop
  endfacet
  facet normal 1 -0 0
    outer loop
      vertex 53 186 3
      vertex 53 191 0
      vertex 53 191 3
    endloop
  endfacet
  facet normal 1 0 0
    outer loop
      vertex 53 191 0
      vertex 53 186 3
      vertex 53 186 0
    endloop
  endfacet
  facet normal -1 0 0
    outer loop
      vertex 73 186 0
      vertex 73 191 3
      vertex 73 191 0
    endloop
  endfacet
  facet normal -1 -0 0
    outer loop
      vertex 73 191 3
      vertex 73 186 0
      vertex 73 186 3
    endloop
  endfacet
  facet normal 0 -1 0
    outer loop
      vertex 53 191 0
      vertex 73 191 3
      vertex 53 191 3
    endloop
  endfacet
  facet normal 0 -1 -0
    outer loop
      vertex 73 191 3
      vertex 53 191 0
      vertex 73 191 0
    endloop
  endfacet
  facet normal 0 1 -0
    outer loop
      vertex 73 186 0
      vertex 53 186 3
      vertex 73 186 3
    endloop
  endfacet
  facet normal 0 1 0
    outer loop
      vertex 53 186 3
      vertex 73 186 0
      vertex 53 186 0
    endloop
  endfacet
  facet normal 1 -0 0
    outer loop
      vertex 96 186 3
      vertex 96 191 0
      vertex 96 191 3
    endloop
  endfacet
  facet normal 1 0 0
    outer loop
      vertex 96 191 0
      vertex 96 186 3
      vertex 96 186 0
    endloop
  endfacet
  facet normal -1 0 0
    outer loop
      vertex 116 186 0
      vertex 116 191 3
      vertex 116 191 0
    endloop
  endfacet
  facet normal -1 -0 0
    outer loop
      vertex 116 191 3
      vertex 116 186 0
      vertex 116 186 3
    endloop
  endfacet
  facet normal 0 -1 0
    outer loop
      vertex 96 191 0
      vertex 116 191 3
      vertex 96 191 3
    endloop
  endfacet
  facet normal 0 -1 -0
    outer loop
      vertex 116 191 3
      vertex 96 191 0
      vertex 116 191 0
    endloop
  endfacet
  facet normal 0 1 -0
    outer loop
      vertex 116 186 0
      vertex 96 186 3
      vertex 116 186 3
    endloop
  endfacet
  facet normal 0 1 0
    outer loop
      vertex 96 186 3
      vertex 116 186 0
      vertex 96 186 0
    endloop
  endfacet
  facet normal 1 -0 0
    outer loop
      vertex 139 186 3
      vertex 139 191 0
      vertex 139 191 3
    endloop
  endfacet
  facet normal 1 0 0
    outer loop
      vertex 139 191 0
      vertex 139 186 3
      vertex 139 186 0
    endloop
  endfacet
  facet normal -1 0 0
    outer loop
      vertex 159 186 0
      vertex 159 191 3
      vertex 159 191 0
    endloop
  endfacet
  facet normal -1 -0 0
    outer loop
      vertex 159 191 3
      vertex 159 186 0
      vertex 159 186 3
    endloop
  endfacet
  facet normal 0 -1 0
    outer loop
      vertex 139 191 0
      vertex 159 191 3
      vertex 139 191 3
    endloop
  endfacet
  facet normal 0 -1 -0
    outer loop
      vertex 159 191 3
      vertex 139 191 0
      vertex 159 191 0
    endloop
  endfacet
  facet normal 0 1 -0
    outer loop
      vertex 159 186 0
      vertex 139 186 3
      vertex 159 186 3
    endloop
  endfacet
  facet normal 0 1 0
    outer loop
      vertex 139 186 3
      vertex 159 186 0
      vertex 139 186 0
    endloop
  endfacet
  facet normal 1 -0 0
    outer loop
      vertex 10 3 3
      vertex 10 8 0
      vertex 10 8 3
    endloop
  endfacet
  facet normal 1 0 0
    outer loop
      vertex 10 8 0
      vertex 10 3 3
      vertex 10 3 0
    endloop
  endfacet
  facet normal -1 0 0
    outer loop
      vertex 30 3 0
      vertex 30 8 3
      vertex 30 8 0
    endloop
  endfacet
  facet normal -1 -0 0
    outer loop
      vertex 30 8 3
      vertex 30 3 0
      vertex 30 3 3
    endloop
  endfacet
  facet normal 0 -1 0
    outer loop
      vertex 10 8 0
      vertex 30 8 3
      vertex 10 8 3
    endloop
  endfacet
  facet normal 0 -1 -0
    outer loop
      vertex 30 8 3
      vertex 10 8 0
      vertex 30 8 0
    endloop
  endfacet
  facet normal 0 1 -0
    outer loop
      vertex 30 3 0
      vertex 10 3 3
      vertex 30 3 3
    endloop
  endfacet
  facet normal 0 1 0
    outer loop
      vertex 10 3 3
      vertex 30 3 0
      vertex 10 3 0
    endloop
  endfacet
  facet normal 1 -0 0
    outer loop
      vertex 53 3 3
      vertex 53 8 0
      vertex 53 8 3
    endloop
  endfacet
  facet normal 1 0 0
    outer loop
      vertex 53 8 0
      vertex 53 3 3
      vertex 53 3 0
    endloop
  endfacet
  facet normal -1 0 0
    outer loop
      vertex 73 3 0
      vertex 73 8 3
      vertex 73 8 0
    endloop
  endfacet
  facet normal -1 -0 0
    outer loop
      vertex 73 8 3
      vertex 73 3 0
      vertex 73 3 3
    endloop
  endfacet
  facet normal 0 -1 0
    outer loop
      vertex 53 8 0
      vertex 73 8 3
      vertex 53 8 3
    endloop
  endfacet
  facet normal 0 -1 -0
    outer loop
      vertex 73 8 3
      vertex 53 8 0
      vertex 73 8 0
    endloop
  endfacet
  facet normal 0 1 -0
    outer loop
      vertex 73 3 0
      vertex 53 3 3
      vertex 73 3 3
    endloop
  endfacet
  facet normal 0 1 0
    outer loop
      vertex 53 3 3
      vertex 73 3 0
      vertex 53 3 0
    endloop
  endfacet
  facet normal 1 -0 0
    outer loop
      vertex 96 3 3
      vertex 96 8 0
      vertex 96 8 3
    endloop
  endfacet
  facet normal 1 0 0
    outer loop
      vertex 96 8 0
      vertex 96 3 3
      vertex 96 3 0
    endloop
  endfacet
  facet normal -1 0 0
    outer loop
      vertex 116 3 0
      vertex 116 8 3
      vertex 116 8 0
    endloop
  endfacet
  facet normal -1 -0 0
    outer loop
      vertex 116 8 3
      vertex 116 3 0
      vertex 116 3 3
    endloop
  endfacet
  facet normal 0 -1 0
    outer loop
      vertex 96 8 0
      vertex 116 8 3
      vertex 96 8 3
    endloop
  endfacet
  facet normal 0 -1 -0
    outer loop
      vertex 116 8 3
      vertex 96 8 0
      vertex 116 8 0
    endloop
  endfacet
  facet normal 0 1 -0
    outer loop
      vertex 116 3 0
      vertex 96 3 3
      vertex 116 3 3
    endloop
  endfacet
  facet normal 0 1 0
    outer loop
      vertex 96 3 3
      vertex 116 3 0
      vertex 96 3 0
    endloop
  endfacet
  facet normal 1 -0 0
    outer loop
      vertex 139 3 3
      vertex 139 8 0
      vertex 139 8 3
    endloop
  endfacet
  facet normal 1 0 0
    outer loop
      vertex 139 8 0
      vertex 139 3 3
      vertex 139 3 0
    endloop
  endfacet
  facet normal -1 0 0
    outer loop
      vertex 159 3 0
      vertex 159 8 3
      vertex 159 8 0
    endloop
  endfacet
  facet normal -1 -0 0
    outer loop
      vertex 159 8 3
      vertex 159 3 0
      vertex 159 3 3
    endloop
  endfacet
  facet normal 0 -1 0
    outer loop
      vertex 139 8 0
      vertex 159 8 3
      vertex 139 8 3
    endloop
  endfacet
  facet normal 0 -1 -0
    outer loop
      vertex 159 8 3
      vertex 139 8 0
      vertex 159 8 0
    endloop
  endfacet
  facet normal 0 1 -0
    outer loop
      vertex 159 3 0
      vertex 139 3 3
      vertex 159 3 3
    endloop
  endfacet
  facet normal 0 1 0
    outer loop
      vertex 139 3 3
      vertex 159 3 0
      vertex 139 3 0
    endloop
  endfacet
  facet normal -1 0 0
    outer loop
      vertex 0 0 0
      vertex 0 194 3
      vertex 0 194 0
    endloop
  endfacet
  facet normal -1 -0 0
    outer loop
      vertex 0 194 3
      vertex 0 0 0
      vertex 0 0 3
    endloop
  endfacet
  facet normal 0 0 1
    outer loop
      vertex 13.5455 20.4141 3
      vertex 13.5455 19.5859 3
      vertex 13.6 20 3
    endloop
  endfacet
  facet normal 0 0 1
    outer loop
      vertex 13.3856 20.8 3
      vertex 13.5455 19.5859 3
      vertex 13.5455 20.4141 3
    endloop
  endfacet
  facet normal 0 0 1
    outer loop
      vertex 13.3856 20.8 3
      vertex 13.3856 19.2 3
      vertex 13.5455 19.5859 3
    endloop
  endfacet
  facet normal 0 0 1
    outer loop
      vertex 13.1314 21.1314 3
      vertex 13.3856 19.2 3
      vertex 13.3856 20.8 3
    endloop
  endfacet
  facet normal 0 0 1
    outer loop
      vertex 13.1314 21.1314 3
      vertex 13.1314 18.8686 3
      vertex 13.3856 19.2 3
    endloop
  endfacet
  facet normal 0 0 1
    outer loop
      vertex 12.8 21.3856 3
      vertex 13.1314 18.8686 3
      vertex 13.1314 21.1314 3
    endloop
  endfacet
  facet normal 0 0 1
    outer loop
      vertex 12.8 21.3856 3
      vertex 12.8 18.6144 3
      vertex 13.1314 18.8686 3
    endloop
  endfacet
  facet normal 0 0 1
    outer loop
      vertex 12.4141 21.5455 3
      vertex 12.8 18.6144 3
      vertex 12.8 21.3856 3
    endloop
  endfacet
  facet normal 0 0 1
    outer loop
      vertex 12.4141 21.5455 3
      vertex 12.4141 18.4545 3
      vertex 12.8 18.6144 3
    endloop
  endfacet
  facet normal 0 0 1
    outer loop
      vertex 12 21.6 3
      vertex 12.4141 18.4545 3
      vertex 12.4141 21.5455 3
    endloop
  endfacet
  facet normal 0 0 1
    outer loop
      vertex 12 21.6 3
      vertex 12 18.4 3
      vertex 12.4141 18.4545 3
    endloop
  endfacet
  facet normal -0 0 1
    outer loop
      vertex 11.5859 21.5455 3
      vertex 12 18.4 3
      vertex 12 21.6 3
    endloop
  endfacet
  facet normal 0 0 1
    outer loop
      vertex 11.5859 21.5455 3
      vertex 11.5859 18.4545 3
      vertex 12 18.4 3
    endloop
  endfacet
  facet normal -0 0 1
    outer loop
      vertex 11.2 21.3856 3
      vertex 11.5859 18.4545 3
      vertex 11.5859 21.5455 3
    endloop
  endfacet
  facet normal 0 0 1
    outer loop
      vertex 11.2 21.3856 3
      vertex 11.2 18.6144 3
      vertex 11.5859 18.4545 3
    endloop
  endfacet
  facet normal -0 0 1
    outer loop
      vertex 10.8686 21.1314 3
      vertex 11.2 18.6144 3
      vertex 11.2 21.3856 3
    endloop
  endfacet
  facet normal 0 0 1
    outer loop
      vertex 10.8686 21.1314 3
      vertex 10.8686 18.8686 3
      vertex 11.2 18.6144 3
    endloop
  endfacet
  facet normal -0 0 1
    outer loop
      vertex 10.6144 20.8 3
      vertex 10.8686 18.8686 3
      vertex 10.8686 21.1314 3
    endloop
  endfacet
  facet normal 0 0 1
    outer loop
      vertex 10.6144 20.8 3
      vertex 10.6144 19.2 3
      vertex 10.8686 18.8686 3
    endloop
  endfacet
  facet normal -0 0 1
    outer loop
      vertex 10.4545 20.4141 3
      vertex 10.6144 19.2 3
      vertex 10.6144 20.8 3
    endloop
  endfacet
  facet normal 0 0 1
    outer loop
      vertex 10.4545 20.4141 3
      vertex 10.4545 19.5859 3
      vertex 10.6144 19.2 3
    endloop
  endfacet
  facet normal 0 -0 1
    outer loop
      vertex 10.4545 19.5859 3
      vertex 10.4545 20.4141 3
      vertex 10.4 20 3
    endloop
  endfacet
  facet normal 0 0 1
    outer loop
      vertex 13.5455 92.4141 3
      vertex 13.5455 91.5859 3
      vertex 13.6 92 3
    endloop
  endfacet
  facet normal 0 0 1
    outer loop
      vertex 13.3856 92.8 3
      vertex 13.5455 91.5859 3
      vertex 13.5455 92.4141 3
    endloop
  endfacet
  facet normal 0 0 1
    outer loop
      vertex 13.3856 92.8 3
      vertex 13.3856 91.2 3
      vertex 13.5455 91.5859 3
    endloop
  endfacet
  facet normal 0 0 1
    outer loop
      vertex 13.1314 93.1314 3
      vertex 13.3856 91.2 3
      vertex 13.3856 92.8 3
    endloop
  endfacet
  facet normal 0 0 1
    outer loop
      vertex 13.1314 93.1314 3
      vertex 13.1314 90.8686 3
      vertex 13.3856 91.2 3
    endloop
  endfacet
  facet normal 0 0 1
    outer loop
      vertex 12.8 93.3856 3
      vertex 13.1314 90.8686 3
      vertex 13.1314 93.1314 3
    endloop
  endfacet
  facet normal 0 0 1
    outer loop
      vertex 12.8 93.3856 3
      vertex 12.8 90.6144 3
      vertex 13.1314 90.8686 3
    endloop
  endfacet
  facet normal 0 0 1
    outer loop
      vertex 12.4141 93.5455 3
      vertex 12.8 90.6144 3
      vertex 12.8 93.3856 3
    endloop
  endfacet
  facet normal 0 0 1
    outer loop
      vertex 12.4141 93.5455 3
      vertex 12.4141 90.4545 3
      vertex 12.8 90.6144 3
    endloop
  endfacet
  facet normal 0 0 1
    outer loop
      vertex 12 93.6 3
      vertex 12.4141 90.4545 3
      vertex 12.4141 93.5455 3
    endloop
  endfacet
  facet normal 0 0 1
    outer loop
      vertex 12 93.6 3
      vertex 12 90.4 3
      vertex 12.4141 90.4545 3
    endloop
  endfacet
  facet normal -0 0 1
    outer loop
      vertex 11.5859 93.5455 3
      vertex 12 90.4 3
      vertex 12 93.6 3
    endloop
  endfacet
  facet normal 0 0 1
    outer loop
      vertex 11.5859 93.5455 3
      vertex 11.5859 90.4545 3
      vertex 12 90.4 3
    endloop
  endfacet
  facet normal -0 0 1
    outer loop
      vertex 11.2 93.3856 3
      vertex 11.5859 90.4545 3
      vertex 11.5859 93.5455 3
    endloop
  endfacet
  facet normal 0 0 1
    outer loop
      vertex 11.2 93.3856 3
      vertex 11.2 90.6144 3
      vertex 11.5859 90.4545 3
    endloop
  endfacet
  facet normal -0 0 1
    outer loop
      vertex 10.8686 93.1314 3
      vertex 11.2 90.6144 3
      vertex 11.2 93.3856 3
    endloop
  endfacet
  facet normal 0 0 1
    outer loop
      vertex 10.8686 93.1314 3
      vertex 10.8686 90.8686 3
      vertex 11.2 90.6144 3
    endloop
  endfacet
  facet normal -0 0 1
    outer loop
      vertex 10.6144 92.8 3
      vertex 10.8686 90.8686 3
      vertex 10.8686 93.1314 3
    endloop
  endfacet
  facet normal 0 0 1
    outer loop
      vertex 10.6144 92.8 3
      vertex 10.6144 91.2 3
      vertex 10.8686 90.8686 3
    endloop
  endfacet
  facet normal -0 0 1
    outer loop
      vertex 10.4545 92.4141 3
      vertex 10.6144 91.2 3
      vertex 10.6144 92.8 3
    endloop
  endfacet
  facet normal 0 0 1
    outer loop
      vertex 10.4545 92.4141 3
      vertex 10.4545 91.5859 3
      vertex 10.6144 91.2 3
    endloop
  endfacet
  facet normal 0 -0 1
    outer loop
      vertex 10.4545 91.5859 3
      vertex 10.4545 92.4141 3
      vertex 10.4 92 3
    endloop
  endfacet
  facet normal 0 0 1
    outer loop
      vertex 55.5455 20.4141 3
      vertex 55.5455 19.5859 3
      vertex 55.6 20 3
    endloop
  endfacet
  facet normal 0 0 1
    outer loop
      vertex 55.3856 20.8 3
      vertex 55.5455 19.5859 3
      vertex 55.5455 20.4141 3
    endloop
  endfacet
  facet normal 0 0 1
    outer loop
      vertex 55.3856 20.8 3
      vertex 55.3856 19.2 3
      vertex 55.5455 19.5859 3
    endloop
  endfacet
  facet normal 0 0 1
    outer loop
      vertex 55.1314 21.1314 3
      vertex 55.3856 19.2 3
      vertex 55.3856 20.8 3
    endloop
  endfacet
  facet normal 0 0 1
    outer loop
      vertex 55.1314 21.1314 3
      vertex 55.1314 18.8686 3
      vertex 55.3856 19.2 3
    endloop
  endfacet
  facet normal 0 0 1
    outer loop
      vertex 54.8 21.3856 3
      vertex 55.1314 18.8686 3
      vertex 55.1314 21.1314 3
    endloop
  endfacet
  facet normal 0 0 1
    outer loop
      vertex 54.8 21.3856 3
      vertex 54.8 18.6144 3
      vertex 55.1314 18.8686 3
    endloop
  endfacet
  facet normal 0 0 1
    outer loop
      vertex 54.4141 21.5455 3
      vertex 54.8 18.6144 3
      vertex 54.8 21.3856 3
    endloop
  endfacet
  facet normal 0 0 1
    outer loop
      vertex 54.4141 21.5455 3
      vertex 54.4141 18.4545 3
      vertex 54.8 18.6144 3
    endloop
  endfacet
  facet normal 0 0 1
    outer loop
      vertex 54 21.6 3
      vertex 54.4141 18.4545 3
      vertex 54.4141 21.5455 3
    endloop
  endfacet
  facet normal 0 0 1
    outer loop
      vertex 54 21.6 3
      vertex 54 18.4 3
      vertex 54.4141 18.4545 3
    endloop
  endfacet
  facet normal -0 0 1
    outer loop
      vertex 53.5859 21.5455 3
      vertex 54 18.4 3
      vertex 54 21.6 3
    endloop
  endfacet
  facet normal 0 0 1
    outer loop
      vertex 53.5859 21.5455 3
      vertex 53.5859 18.4545 3
      vertex 54 18.4 3
    endloop
  endfacet
  facet normal -0 0 1
    outer loop
      vertex 53.2 21.3856 3
      vertex 53.5859 18.4545 3
      vertex 53.5859 21.5455 3
    endloop
  endfacet
  facet normal 0 0 1
    outer loop
      vertex 53.2 21.3856 3
      vertex 53.2 18.6144 3
      vertex 53.5859 18.4545 3
    endloop
  endfacet
  facet normal -0 0 1
    outer loop
      vertex 52.8686 21.1314 3
      vertex 53.2 18.6144 3
      vertex 53.2 21.3856 3
    endloop
  endfacet
  facet normal 0 0 1
    outer loop
      vertex 52.8686 21.1314 3
      vertex 52.8686 18.8686 3
      vertex 53.2 18.6144 3
    endloop
  endfacet
  facet normal -0 0 1
    outer loop
      vertex 52.6144 20.8 3
      vertex 52.8686 18.8686 3
      vertex 52.8686 21.1314 3
    endloop
  endfacet
  facet normal 0 0 1
    outer loop
      vertex 52.6144 20.8 3
      vertex 52.6144 19.2 3
      vertex 52.8686 18.8686 3
    endloop
  endfacet
  facet normal -0 0 1
    outer loop
      vertex 52.4545 20.4141 3
      vertex 52.6144 19.2 3
      vertex 52.6144 20.8 3
    endloop
  endfacet
  facet normal 0 0 1
    outer loop
      vertex 52.4545 20.4141 3
      vertex 52.4545 19.5859 3
      vertex 52.6144 19.2 3
    endloop
  endfacet
  facet normal 0 -0 1
    outer loop
      vertex 52.4545 19.5859 3
      vertex 52.4545 20.4141 3
      vertex 52.4 20 3
    endloop
  endfacet
  facet normal 0 0 1
    outer loop
      vertex 55.5455 92.4141 3
      vertex 55.5455 91.5859 3
      vertex 55.6 92 3
    endloop
  endfacet
  facet normal 0 0 1
    outer loop
      vertex 55.3856 92.8 3
      vertex 55.5455 91.5859 3
      vertex 55.5455 92.4141 3
    endloop
  endfacet
  facet normal 0 0 1
    outer loop
      vertex 55.3856 92.8 3
      vertex 55.3856 91.2 3
      vertex 55.5455 91.5859 3
    endloop
  endfacet
  facet normal 0 0 1
    outer loop
      vertex 55.1314 93.1314 3
      vertex 55.3856 91.2 3
      vertex 55.3856 92.8 3
    endloop
  endfacet
  facet normal 0 0 1
    outer loop
      vertex 55.1314 93.1314 3
      vertex 55.1314 90.8686 3
      vertex 55.3856 91.2 3
    endloop
  endfacet
  facet normal 0 0 1
    outer loop
      vertex 54.8 93.3856 3
      vertex 55.1314 90.8686 3
      vertex 55.1314 93.1314 3
    endloop
  endfacet
  facet normal 0 0 1
    outer loop
      vertex 54.8 93.3856 3
      vertex 54.8 90.6144 3
      vertex 55.1314 90.8686 3
    endloop
  endfacet
  facet normal 0 0 1
    outer loop
      vertex 54.4141 93.5455 3
      vertex 54.8 90.6144 3
      vertex 54.8 93.3856 3
    endloop
  endfacet
  facet normal 0 0 1
    outer loop
      vertex 54.4141 93.5455 3
      vertex 54.4141 90.4545 3
      vertex 54.8 90.6144 3
    endloop
  endfacet
  facet normal 0 0 1
    outer loop
      vertex 54 93.6 3
      vertex 54.4141 90.4545 3
      vertex 54.4141 93.5455 3
    endloop
  endfacet
  facet normal 0 0 1
    outer loop
      vertex 54 93.6 3
      vertex 54 90.4 3
      vertex 54.4141 90.4545 3
    endloop
  endfacet
  facet normal -0 0 1
    outer loop
      vertex 53.5859 93.5455 3
      vertex 54 90.4 3
      vertex 54 93.6 3
    endloop
  endfacet
  facet normal 0 0 1
    outer loop
      vertex 53.5859 93.5455 3
      vertex 53.5859 90.4545 3
      vertex 54 90.4 3
    endloop
  endfacet
  facet normal -0 0 1
    outer loop
      vertex 53.2 93.3856 3
      vertex 53.5859 90.4545 3
      vertex 53.5859 93.5455 3
    endloop
  endfacet
  facet normal 0 0 1
    outer loop
      vertex 53.2 93.3856 3
      vertex 53.2 90.6144 3
      vertex 53.5859 90.4545 3
    endloop
  endfacet
  facet normal -0 0 1
    outer loop
      vertex 52.8686 93.1314 3
      vertex 53.2 90.6144 3
      vertex 53.2 93.3856 3
    endloop
  endfacet
  facet normal 0 0 1
    outer loop
      vertex 52.8686 93.1314 3
      vertex 52.8686 90.8686 3
      vertex 53.2 90.6144 3
    endloop
  endfacet
  facet normal -0 0 1
    outer loop
      vertex 52.6144 92.8 3
      vertex 52.8686 90.8686 3
      vertex 52.8686 93.1314 3
    endloop
  endfacet
  facet normal 0 0 1
    outer loop
      vertex 52.6144 92.8 3
      vertex 52.6144 91.2 3
      vertex 52.8686 90.8686 3
    endloop
  endfacet
  facet normal -0 0 1
    outer loop
      vertex 52.4545 92.4141 3
      vertex 52.6144 91.2 3
      vertex 52.6144 92.8 3
    endloop
  endfacet
  facet normal 0 0 1
    outer loop
      vertex 52.4545 92.4141 3
      vertex 52.4545 91.5859 3
      vertex 52.6144 91.2 3
    endloop
  endfacet
  facet normal 0 -0 1
    outer loop
      vertex 52.4545 91.5859 3
      vertex 52.4545 92.4141 3
      vertex 52.4 92 3
    endloop
  endfacet
  facet normal 0 0 1
    outer loop
      vertex 93 183 3
      vertex 73 186 3
      vertex 86.5 169.5 3
    endloop
  endfacet
  facet normal 0 0 1
    outer loop
      vertex 73 186 3
      vertex 61.5 169.5 3
      vertex 86.5 169.5 3
    endloop
  endfacet
  facet normal 0 0 1
    outer loop
      vertex 61.5 169.5 3
      vertex 55 183 3
      vertex 61.5 144.5 3
    endloop
  endfacet
  facet normal 0 0 1
    outer loop
      vertex 73 186 3
      vertex 55 183 3
      vertex 61.5 169.5 3
    endloop
  endfacet
  facet normal -0 0 1
    outer loop
      vertex 53 186 3
      vertex 55 183 3
      vertex 73 186 3
    endloop
  endfacet
  facet normal 0 0 1
    outer loop
      vertex 30 186 3
      vertex 53 186 3
      vertex 30 191 3
    endloop
  endfacet
  facet normal 0 0 1
    outer loop
      vertex 53 186 3
      vertex 30 186 3
      vertex 55 183 3
    endloop
  endfacet
  facet normal 0 0 1
    outer loop
      vertex 3 183 3
      vertex 30 186 3
      vertex 10 186 3
    endloop
  endfacet
  facet normal 0 0 1
    outer loop
      vertex 30 186 3
      vertex 3 183 3
      vertex 55 183 3
    endloop
  endfacet
  facet normal 0 0 1
    outer loop
      vertex 166 11 3
      vertex 139 8 3
      vertex 159 8 3
    endloop
  endfacet
  facet normal 0 0 1
    outer loop
      vertex 139 8 3
      vertex 116 8 3
      vertex 139 3 3
    endloop
  endfacet
  facet normal -0 0 1
    outer loop
      vertex 93 11 3
      vertex 139 8 3
      vertex 166 11 3
    endloop
  endfacet
  facet normal 0 0 1
    outer loop
      vertex 139 8 3
      vertex 93 11 3
      vertex 116 8 3
    endloop
  endfacet
  facet normal 0 0 1
    outer loop
      vertex 96 8 3
      vertex 93 11 3
      vertex 96 3 3
    endloop
  endfacet
  facet normal 0 0 1
    outer loop
      vertex 116 8 3
      vertex 93 11 3
      vertex 96 8 3
    endloop
  endfacet
  facet normal 0 0 1
    outer loop
      vertex 166 66 3
      vertex 93 63 3
      vertex 166 63 3
    endloop
  endfacet
  facet normal 0 0 1
    outer loop
      vertex 93 63 3
      vertex 73 8 3
      vertex 93 11 3
    endloop
  endfacet
  facet normal -0 0 1
    outer loop
      vertex 66 66 3
      vertex 93 63 3
      vertex 166 66 3
    endloop
  endfacet
  facet normal 0 0 1
    outer loop
      vertex 66 66 3
      vertex 73 8 3
      vertex 93 63 3
    endloop
  endfacet
  facet normal 0 0 1
    outer loop
      vertex 63 11 3
      vertex 66 66 3
      vertex 63 101 3
    endloop
  endfacet
  facet normal -0 0 1
    outer loop
      vertex 63 11 3
      vertex 73 8 3
      vertex 66 66 3
    endloop
  endfacet
  facet normal 0 0 1
    outer loop
      vertex 63 11 3
      vertex 53 8 3
      vertex 73 8 3
    endloop
  endfacet
  facet normal 0 0 1
    outer loop
      vertex 53 8 3
      vertex 30 8 3
      vertex 53 3 3
    endloop
  endfacet
  facet normal 0 0 1
    outer loop
      vertex 63 11 3
      vertex 30 8 3
      vertex 53 8 3
    endloop
  endfacet
  facet normal -0 0 1
    outer loop
      vertex 3 11 3
      vertex 30 8 3
      vertex 63 11 3
    endloop
  endfacet
  facet normal 0 0 1
    outer loop
      vertex 10 8 3
      vertex 3 11 3
      vertex 10 3 3
    endloop
  endfacet
  facet normal 0 0 1
    outer loop
      vertex 30 8 3
      vertex 3 11 3
      vertex 10 8 3
    endloop
  endfacet
  facet normal -0 0 1
    outer loop
      vertex 93 131 3
      vertex 166 128 3
      vertex 166 131 3
    endloop
  endfacet
  facet normal -0 0 1
    outer loop
      vertex 86.5 144.5 3
      vertex 93 131 3
      vertex 86.5 169.5 3
    endloop
  endfacet
  facet normal 0 0 1
    outer loop
      vertex 93 131 3
      vertex 66 128 3
      vertex 166 128 3
    endloop
  endfacet
  facet normal 0 0 1
    outer loop
      vertex 86.5 144.5 3
      vertex 66 128 3
      vertex 93 131 3
    endloop
  endfacet
  facet normal 0 0 1
    outer loop
      vertex 66 128 3
      vertex 63 101 3
      vertex 66 66 3
    endloop
  endfacet
  facet normal -0 0 1
    outer loop
      vertex 61.5 144.5 3
      vertex 66 128 3
      vertex 86.5 144.5 3
    endloop
  endfacet
  facet normal 0 0 1
    outer loop
      vertex 55 110 3
      vertex 66 128 3
      vertex 61.5 144.5 3
    endloop
  endfacet
  facet normal 0 0 1
    outer loop
      vertex 55 110 3
      vertex 61.5 144.5 3
      vertex 55 183 3
    endloop
  endfacet
  facet normal 0 0 1
    outer loop
      vertex 66 128 3
      vertex 55 110 3
      vertex 63 101 3
    endloop
  endfacet
  facet normal 0 0 1
    outer loop
      vertex 3 101 3
      vertex 55 110 3
      vertex 3 110 3
    endloop
  endfacet
  facet normal 0 0 1
    outer loop
      vertex 55 110 3
      vertex 3 101 3
      vertex 63 101 3
    endloop
  endfacet
  facet normal 0 0 1
    outer loop
      vertex 166 131 3
      vertex 169 194 3
      vertex 166 183 3
    endloop
  endfacet
  facet normal 0 0 1
    outer loop
      vertex 169 194 3
      vertex 159 191 3
      vertex 166 183 3
    endloop
  endfacet
  facet normal 0 0 1
    outer loop
      vertex 169 194 3
      vertex 139 191 3
      vertex 159 191 3
    endloop
  endfacet
  facet normal 0 0 1
    outer loop
      vertex 139 191 3
      vertex 116 191 3
      vertex 139 186 3
    endloop
  endfacet
  facet normal 0 0 1
    outer loop
      vertex 169 194 3
      vertex 116 191 3
      vertex 139 191 3
    endloop
  endfacet
  facet normal 0 0 1
    outer loop
      vertex 169 194 3
      vertex 96 191 3
      vertex 116 191 3
    endloop
  endfacet
  facet normal 0 0 1
    outer loop
      vertex 96 191 3
      vertex 93 183 3
      vertex 96 186 3
    endloop
  endfacet
  facet normal 0 0 1
    outer loop
      vertex 93 183 3
      vertex 86.5 169.5 3
      vertex 93 131 3
    endloop
  endfacet
  facet normal -0 0 1
    outer loop
      vertex 73 191 3
      vertex 93 183 3
      vertex 96 191 3
    endloop
  endfacet
  facet normal -0 0 1
    outer loop
      vertex 73 186 3
      vertex 93 183 3
      vertex 73 191 3
    endloop
  endfacet
  facet normal 0 0 1
    outer loop
      vertex 169 194 3
      vertex 73 191 3
      vertex 96 191 3
    endloop
  endfacet
  facet normal -0 0 1
    outer loop
      vertex 0 194 3
      vertex 73 191 3
      vertex 169 194 3
    endloop
  endfacet
  facet normal 0 0 1
    outer loop
      vertex 53 191 3
      vertex 30 191 3
      vertex 53 186 3
    endloop
  endfacet
  facet normal 0 0 1
    outer loop
      vertex 73 191 3
      vertex 0 194 3
      vertex 53 191 3
    endloop
  endfacet
  facet normal 0 0 1
    outer loop
      vertex 53 191 3
      vertex 0 194 3
      vertex 30 191 3
    endloop
  endfacet
  facet normal 0 0 1
    outer loop
      vertex 10 191 3
      vertex 3 183 3
      vertex 10 186 3
    endloop
  endfacet
  facet normal 0 0 1
    outer loop
      vertex 0 194 3
      vertex 3 110 3
      vertex 3 183 3
    endloop
  endfacet
  facet normal 0 0 1
    outer loop
      vertex 3 110 3
      vertex 0 194 3
      vertex 3 101 3
    endloop
  endfacet
  facet normal 0 0 1
    outer loop
      vertex 0 0 3
      vertex 3 101 3
      vertex 0 194 3
    endloop
  endfacet
  facet normal 0 0 1
    outer loop
      vertex 10 191 3
      vertex 0 194 3
      vertex 3 183 3
    endloop
  endfacet
  facet normal 0 0 1
    outer loop
      vertex 30 191 3
      vertex 0 194 3
      vertex 10 191 3
    endloop
  endfacet
  facet normal 0 0 1
    outer loop
      vertex 166 128 3
      vertex 169 194 3
      vertex 166 131 3
    endloop
  endfacet
  facet normal 0 0 1
    outer loop
      vertex 169 194 3
      vertex 166 128 3
      vertex 169 0 3
    endloop
  endfacet
  facet normal -0 0 1
    outer loop
      vertex 166 66 3
      vertex 169 0 3
      vertex 166 128 3
    endloop
  endfacet
  facet normal -0 0 1
    outer loop
      vertex 166 63 3
      vertex 169 0 3
      vertex 166 66 3
    endloop
  endfacet
  facet normal -0 0 1
    outer loop
      vertex 166 11 3
      vertex 169 0 3
      vertex 166 63 3
    endloop
  endfacet
  facet normal 0 0 1
    outer loop
      vertex 159 3 3
      vertex 166 11 3
      vertex 159 8 3
    endloop
  endfacet
  facet normal 0 0 1
    outer loop
      vertex 166 11 3
      vertex 159 3 3
      vertex 169 0 3
    endloop
  endfacet
  facet normal -0 0 1
    outer loop
      vertex 139 3 3
      vertex 169 0 3
      vertex 159 3 3
    endloop
  endfacet
  facet normal 0 0 1
    outer loop
      vertex 116 3 3
      vertex 139 3 3
      vertex 116 8 3
    endloop
  endfacet
  facet normal -0 0 1
    outer loop
      vertex 116 3 3
      vertex 169 0 3
      vertex 139 3 3
    endloop
  endfacet
  facet normal -0 0 1
    outer loop
      vertex 96 3 3
      vertex 169 0 3
      vertex 116 3 3
    endloop
  endfacet
  facet normal 0 0 1
    outer loop
      vertex 73 3 3
      vertex 93 11 3
      vertex 73 8 3
    endloop
  endfacet
  facet normal 0 0 1
    outer loop
      vertex 93 11 3
      vertex 73 3 3
      vertex 96 3 3
    endloop
  endfacet
  facet normal -0 0 1
    outer loop
      vertex 73 3 3
      vertex 169 0 3
      vertex 96 3 3
    endloop
  endfacet
  facet normal 0 0 1
    outer loop
      vertex 0 0 3
      vertex 73 3 3
      vertex 53 3 3
    endloop
  endfacet
  facet normal 0 0 1
    outer loop
      vertex 30 3 3
      vertex 53 3 3
      vertex 30 8 3
    endloop
  endfacet
  facet normal 0 0 1
    outer loop
      vertex 0 0 3
      vertex 53 3 3
      vertex 30 3 3
    endloop
  endfacet
  facet normal 0 0 1
    outer loop
      vertex 0 0 3
      vertex 30 3 3
      vertex 10 3 3
    endloop
  endfacet
  facet normal 0 0 1
    outer loop
      vertex 73 3 3
      vertex 0 0 3
      vertex 169 0 3
    endloop
  endfacet
  facet normal 0 0 1
    outer loop
      vertex 3 11 3
      vertex 0 0 3
      vertex 10 3 3
    endloop
  endfacet
  facet normal 0 0 1
    outer loop
      vertex 3 101 3
      vertex 0 0 3
      vertex 3 11 3
    endloop
  endfacet
  facet normal -0 0 1
    outer loop
      vertex 159 186 3
      vertex 166 183 3
      vertex 159 191 3
    endloop
  endfacet
  facet normal -0 0 1
    outer loop
      vertex 139 186 3
      vertex 166 183 3
      vertex 159 186 3
    endloop
  endfacet
  facet normal 0 0 1
    outer loop
      vertex 116 186 3
      vertex 139 186 3
      vertex 116 191 3
    endloop
  endfacet
  facet normal 0 0 1
    outer loop
      vertex 93 183 3
      vertex 139 186 3
      vertex 116 186 3
    endloop
  endfacet
  facet normal 0 0 1
    outer loop
      vertex 93 183 3
      vertex 116 186 3
      vertex 96 186 3
    endloop
  endfacet
  facet normal 0 0 1
    outer loop
      vertex 139 186 3
      vertex 93 183 3
      vertex 166 183 3
    endloop
  endfacet
  facet normal 0 0 1
    outer loop
      vertex 69.5455 151.414 3
      vertex 69.5455 150.586 3
      vertex 69.6 151 3
    endloop
  endfacet
  facet normal 0 0 1
    outer loop
      vertex 69.3856 151.8 3
      vertex 69.5455 150.586 3
      vertex 69.5455 151.414 3
    endloop
  endfacet
  facet normal 0 0 1
    outer loop
      vertex 69.3856 151.8 3
      vertex 69.3856 150.2 3
      vertex 69.5455 150.586 3
    endloop
  endfacet
  facet normal 0 0 1
    outer loop
      vertex 69.1314 152.131 3
      vertex 69.3856 150.2 3
      vertex 69.3856 151.8 3
    endloop
  endfacet
  facet normal 0 0 1
    outer loop
      vertex 69.1314 152.131 3
      vertex 69.1314 149.869 3
      vertex 69.3856 150.2 3
    endloop
  endfacet
  facet normal 0 0 1
    outer loop
      vertex 68.8 152.386 3
      vertex 69.1314 149.869 3
      vertex 69.1314 152.131 3
    endloop
  endfacet
  facet normal 0 0 1
    outer loop
      vertex 68.8 152.386 3
      vertex 68.8 149.614 3
      vertex 69.1314 149.869 3
    endloop
  endfacet
  facet normal 0 0 1
    outer loop
      vertex 68.4141 152.545 3
      vertex 68.8 149.614 3
      vertex 68.8 152.386 3
    endloop
  endfacet
  facet normal 0 0 1
    outer loop
      vertex 68.4141 152.545 3
      vertex 68.4141 149.455 3
      vertex 68.8 149.614 3
    endloop
  endfacet
  facet normal 0 0 1
    outer loop
      vertex 68 152.6 3
      vertex 68.4141 149.455 3
      vertex 68.4141 152.545 3
    endloop
  endfacet
  facet normal 0 0 1
    outer loop
      vertex 68 152.6 3
      vertex 68 149.4 3
      vertex 68.4141 149.455 3
    endloop
  endfacet
  facet normal -0 0 1
    outer loop
      vertex 67.5859 152.545 3
      vertex 68 149.4 3
      vertex 68 152.6 3
    endloop
  endfacet
  facet normal 0 0 1
    outer loop
      vertex 67.5859 152.545 3
      vertex 67.5859 149.455 3
      vertex 68 149.4 3
    endloop
  endfacet
  facet normal -0 0 1
    outer loop
      vertex 67.2 152.386 3
      vertex 67.5859 149.455 3
      vertex 67.5859 152.545 3
    endloop
  endfacet
  facet normal 0 0 1
    outer loop
      vertex 67.2 152.386 3
      vertex 67.2 149.614 3
      vertex 67.5859 149.455 3
    endloop
  endfacet
  facet normal -0 0 1
    outer loop
      vertex 66.8686 152.131 3
      vertex 67.2 149.614 3
      vertex 67.2 152.386 3
    endloop
  endfacet
  facet normal 0 0 1
    outer loop
      vertex 66.8686 152.131 3
      vertex 66.8686 149.869 3
      vertex 67.2 149.614 3
    endloop
  endfacet
  facet normal -0 0 1
    outer loop
      vertex 66.6144 151.8 3
      vertex 66.8686 149.869 3
      vertex 66.8686 152.131 3
    endloop
  endfacet
  facet normal 0 0 1
    outer loop
      vertex 66.6144 151.8 3
      vertex 66.6144 150.2 3
      vertex 66.8686 149.869 3
    endloop
  endfacet
  facet normal -0 0 1
    outer loop
      vertex 66.4545 151.414 3
      vertex 66.6144 150.2 3
      vertex 66.6144 151.8 3
    endloop
  endfacet
  facet normal 0 0 1
    outer loop
      vertex 66.4545 151.414 3
      vertex 66.4545 150.586 3
      vertex 66.6144 150.2 3
    endloop
  endfacet
  facet normal 0 -0 1
    outer loop
      vertex 66.4545 150.586 3
      vertex 66.4545 151.414 3
      vertex 66.4 151 3
    endloop
  endfacet
  facet normal 0 0 1
    outer loop
      vertex 69.5455 163.414 3
      vertex 69.5455 162.586 3
      vertex 69.6 163 3
    endloop
  endfacet
  facet normal 0 0 1
    outer loop
      vertex 69.3856 163.8 3
      vertex 69.5455 162.586 3
      vertex 69.5455 163.414 3
    endloop
  endfacet
  facet normal 0 0 1
    outer loop
      vertex 69.3856 163.8 3
      vertex 69.3856 162.2 3
      vertex 69.5455 162.586 3
    endloop
  endfacet
  facet normal 0 0 1
    outer loop
      vertex 69.1314 164.131 3
      vertex 69.3856 162.2 3
      vertex 69.3856 163.8 3
    endloop
  endfacet
  facet normal 0 0 1
    outer loop
      vertex 69.1314 164.131 3
      vertex 69.1314 161.869 3
      vertex 69.3856 162.2 3
    endloop
  endfacet
  facet normal 0 0 1
    outer loop
      vertex 68.8 164.386 3
      vertex 69.1314 161.869 3
      vertex 69.1314 164.131 3
    endloop
  endfacet
  facet normal 0 0 1
    outer loop
      vertex 68.8 164.386 3
      vertex 68.8 161.614 3
      vertex 69.1314 161.869 3
    endloop
  endfacet
  facet normal 0 0 1
    outer loop
      vertex 68.4141 164.545 3
      vertex 68.8 161.614 3
      vertex 68.8 164.386 3
    endloop
  endfacet
  facet normal 0 0 1
    outer loop
      vertex 68.4141 164.545 3
      vertex 68.4141 161.455 3
      vertex 68.8 161.614 3
    endloop
  endfacet
  facet normal 0 0 1
    outer loop
      vertex 68 164.6 3
      vertex 68.4141 161.455 3
      vertex 68.4141 164.545 3
    endloop
  endfacet
  facet normal 0 0 1
    outer loop
      vertex 68 164.6 3
      vertex 68 161.4 3
      vertex 68.4141 161.455 3
    endloop
  endfacet
  facet normal -0 0 1
    outer loop
      vertex 67.5859 164.545 3
      vertex 68 161.4 3
      vertex 68 164.6 3
    endloop
  endfacet
  facet normal 0 0 1
    outer loop
      vertex 67.5859 164.545 3
      vertex 67.5859 161.455 3
      vertex 68 161.4 3
    endloop
  endfacet
  facet normal -0 0 1
    outer loop
      vertex 67.2 164.386 3
      vertex 67.5859 161.455 3
      vertex 67.5859 164.545 3
    endloop
  endfacet
  facet normal 0 0 1
    outer loop
      vertex 67.2 164.386 3
      vertex 67.2 161.614 3
      vertex 67.5859 161.455 3
    endloop
  endfacet
  facet normal -0 0 1
    outer loop
      vertex 66.8686 164.131 3
      vertex 67.2 161.614 3
      vertex 67.2 164.386 3
    endloop
  endfacet
  facet normal 0 0 1
    outer loop
      vertex 66.8686 164.131 3
      vertex 66.8686 161.869 3
      vertex 67.2 161.614 3
    endloop
  endfacet
  facet normal -0 0 1
    outer loop
      vertex 66.6144 163.8 3
      vertex 66.8686 161.869 3
      vertex 66.8686 164.131 3
    endloop
  endfacet
  facet normal 0 0 1
    outer loop
      vertex 66.6144 163.8 3
      vertex 66.6144 162.2 3
      vertex 66.8686 161.869 3
    endloop
  endfacet
  facet normal -0 0 1
    outer loop
      vertex 66.4545 163.414 3
      vertex 66.6144 162.2 3
      vertex 66.6144 163.8 3
    endloop
  endfacet
  facet normal 0 0 1
    outer loop
      vertex 66.4545 163.414 3
      vertex 66.4545 162.586 3
      vertex 66.6144 162.2 3
    endloop
  endfacet
  facet normal 0 -0 1
    outer loop
      vertex 66.4545 162.586 3
      vertex 66.4545 163.414 3
      vertex 66.4 163 3
    endloop
  endfacet
  facet normal 0 0 1
    outer loop
      vertex 81.5455 151.414 3
      vertex 81.5455 150.586 3
      vertex 81.6 151 3
    endloop
  endfacet
  facet normal 0 0 1
    outer loop
      vertex 81.3856 151.8 3
      vertex 81.5455 150.586 3
      vertex 81.5455 151.414 3
    endloop
  endfacet
  facet normal 0 0 1
    outer loop
      vertex 81.3856 151.8 3
      vertex 81.3856 150.2 3
      vertex 81.5455 150.586 3
    endloop
  endfacet
  facet normal 0 0 1
    outer loop
      vertex 81.1314 152.131 3
      vertex 81.3856 150.2 3
      vertex 81.3856 151.8 3
    endloop
  endfacet
  facet normal 0 0 1
    outer loop
      vertex 81.1314 152.131 3
      vertex 81.1314 149.869 3
      vertex 81.3856 150.2 3
    endloop
  endfacet
  facet normal 0 0 1
    outer loop
      vertex 80.8 152.386 3
      vertex 81.1314 149.869 3
      vertex 81.1314 152.131 3
    endloop
  endfacet
  facet normal 0 0 1
    outer loop
      vertex 80.8 152.386 3
      vertex 80.8 149.614 3
      vertex 81.1314 149.869 3
    endloop
  endfacet
  facet normal 0 0 1
    outer loop
      vertex 80.4141 152.545 3
      vertex 80.8 149.614 3
      vertex 80.8 152.386 3
    endloop
  endfacet
  facet normal 0 0 1
    outer loop
      vertex 80.4141 152.545 3
      vertex 80.4141 149.455 3
      vertex 80.8 149.614 3
    endloop
  endfacet
  facet normal 0 0 1
    outer loop
      vertex 80 152.6 3
      vertex 80.4141 149.455 3
      vertex 80.4141 152.545 3
    endloop
  endfacet
  facet normal 0 0 1
    outer loop
      vertex 80 152.6 3
      vertex 80 149.4 3
      vertex 80.4141 149.455 3
    endloop
  endfacet
  facet normal -0 0 1
    outer loop
      vertex 79.5859 152.545 3
      vertex 80 149.4 3
      vertex 80 152.6 3
    endloop
  endfacet
  facet normal 0 0 1
    outer loop
      vertex 79.5859 152.545 3
      vertex 79.5859 149.455 3
      vertex 80 149.4 3
    endloop
  endfacet
  facet normal -0 0 1
    outer loop
      vertex 79.2 152.386 3
      vertex 79.5859 149.455 3
      vertex 79.5859 152.545 3
    endloop
  endfacet
  facet normal 0 0 1
    outer loop
      vertex 79.2 152.386 3
      vertex 79.2 149.614 3
      vertex 79.5859 149.455 3
    endloop
  endfacet
  facet normal -0 0 1
    outer loop
      vertex 78.8686 152.131 3
      vertex 79.2 149.614 3
      vertex 79.2 152.386 3
    endloop
  endfacet
  facet normal 0 0 1
    outer loop
      vertex 78.8686 152.131 3
      vertex 78.8686 149.869 3
      vertex 79.2 149.614 3
    endloop
  endfacet
  facet normal -0 0 1
    outer loop
      vertex 78.6144 151.8 3
      vertex 78.8686 149.869 3
      vertex 78.8686 152.131 3
    endloop
  endfacet
  facet normal 0 0 1
    outer loop
      vertex 78.6144 151.8 3
      vertex 78.6144 150.2 3
      vertex 78.8686 149.869 3
    endloop
  endfacet
  facet normal -0 0 1
    outer loop
      vertex 78.4545 151.414 3
      vertex 78.6144 150.2 3
      vertex 78.6144 151.8 3
    endloop
  endfacet
  facet normal 0 0 1
    outer loop
      vertex 78.4545 151.414 3
      vertex 78.4545 150.586 3
      vertex 78.6144 150.2 3
    endloop
  endfacet
  facet normal 0 -0 1
    outer loop
      vertex 78.4545 150.586 3
      vertex 78.4545 151.414 3
      vertex 78.4 151 3
    endloop
  endfacet
  facet normal 0 0 1
    outer loop
      vertex 81.5455 163.414 3
      vertex 81.5455 162.586 3
      vertex 81.6 163 3
    endloop
  endfacet
  facet normal 0 0 1
    outer loop
      vertex 81.3856 163.8 3
      vertex 81.5455 162.586 3
      vertex 81.5455 163.414 3
    endloop
  endfacet
  facet normal 0 0 1
    outer loop
      vertex 81.3856 163.8 3
      vertex 81.3856 162.2 3
      vertex 81.5455 162.586 3
    endloop
  endfacet
  facet normal 0 0 1
    outer loop
      vertex 81.1314 164.131 3
      vertex 81.3856 162.2 3
      vertex 81.3856 163.8 3
    endloop
  endfacet
  facet normal 0 0 1
    outer loop
      vertex 81.1314 164.131 3
      vertex 81.1314 161.869 3
      vertex 81.3856 162.2 3
    endloop
  endfacet
  facet normal 0 0 1
    outer loop
      vertex 80.8 164.386 3
      vertex 81.1314 161.869 3
      vertex 81.1314 164.131 3
    endloop
  endfacet
  facet normal 0 0 1
    outer loop
      vertex 80.8 164.386 3
      vertex 80.8 161.614 3
      vertex 81.1314 161.869 3
    endloop
  endfacet
  facet normal 0 0 1
    outer loop
      vertex 80.4141 164.545 3
      vertex 80.8 161.614 3
      vertex 80.8 164.386 3
    endloop
  endfacet
  facet normal 0 0 1
    outer loop
      vertex 80.4141 164.545 3
      vertex 80.4141 161.455 3
      vertex 80.8 161.614 3
    endloop
  endfacet
  facet normal 0 0 1
    outer loop
      vertex 80 164.6 3
      vertex 80.4141 161.455 3
      vertex 80.4141 164.545 3
    endloop
  endfacet
  facet normal 0 0 1
    outer loop
      vertex 80 164.6 3
      vertex 80 161.4 3
      vertex 80.4141 161.455 3
    endloop
  endfacet
  facet normal -0 0 1
    outer loop
      vertex 79.5859 164.545 3
      vertex 80 161.4 3
      vertex 80 164.6 3
    endloop
  endfacet
  facet normal 0 0 1
    outer loop
      vertex 79.5859 164.545 3
      vertex 79.5859 161.455 3
      vertex 80 161.4 3
    endloop
  endfacet
  facet normal -0 0 1
    outer loop
      vertex 79.2 164.386 3
      vertex 79.5859 161.455 3
      vertex 79.5859 164.545 3
    endloop
  endfacet
  facet normal 0 0 1
    outer loop
      vertex 79.2 164.386 3
      vertex 79.2 161.614 3
      vertex 79.5859 161.455 3
    endloop
  endfacet
  facet normal -0 0 1
    outer loop
      vertex 78.8686 164.131 3
      vertex 79.2 161.614 3
      vertex 79.2 164.386 3
    endloop
  endfacet
  facet normal 0 0 1
    outer loop
      vertex 78.8686 164.131 3
      vertex 78.8686 161.869 3
      vertex 79.2 161.614 3
    endloop
  endfacet
  facet normal -0 0 1
    outer loop
      vertex 78.6144 163.8 3
      vertex 78.8686 161.869 3
      vertex 78.8686 164.131 3
    endloop
  endfacet
  facet normal 0 0 1
    outer loop
      vertex 78.6144 163.8 3
      vertex 78.6144 162.2 3
      vertex 78.8686 161.869 3
    endloop
  endfacet
  facet normal -0 0 1
    outer loop
      vertex 78.4545 163.414 3
      vertex 78.6144 162.2 3
      vertex 78.6144 163.8 3
    endloop
  endfacet
  facet normal 0 0 1
    outer loop
      vertex 78.4545 163.414 3
      vertex 78.4545 162.586 3
      vertex 78.6144 162.2 3
    endloop
  endfacet
  facet normal 0 -0 1
    outer loop
      vertex 78.4545 162.586 3
      vertex 78.4545 163.414 3
      vertex 78.4 163 3
    endloop
  endfacet
  facet normal 0 0 1
    outer loop
      vertex 76.5455 75.4141 3
      vertex 76.5455 74.5859 3
      vertex 76.6 75 3
    endloop
  endfacet
  facet normal 0 0 1
    outer loop
      vertex 76.3856 75.8 3
      vertex 76.5455 74.5859 3
      vertex 76.5455 75.4141 3
    endloop
  endfacet
  facet normal 0 0 1
    outer loop
      vertex 76.3856 75.8 3
      vertex 76.3856 74.2 3
      vertex 76.5455 74.5859 3
    endloop
  endfacet
  facet normal 0 0 1
    outer loop
      vertex 76.1314 76.1314 3
      vertex 76.3856 74.2 3
      vertex 76.3856 75.8 3
    endloop
  endfacet
  facet normal 0 0 1
    outer loop
      vertex 76.1314 76.1314 3
      vertex 76.1314 73.8686 3
      vertex 76.3856 74.2 3
    endloop
  endfacet
  facet normal 0 0 1
    outer loop
      vertex 75.8 76.3856 3
      vertex 76.1314 73.8686 3
      vertex 76.1314 76.1314 3
    endloop
  endfacet
  facet normal 0 0 1
    outer loop
      vertex 75.8 76.3856 3
      vertex 75.8 73.6144 3
      vertex 76.1314 73.8686 3
    endloop
  endfacet
  facet normal 0 0 1
    outer loop
      vertex 75.4141 76.5455 3
      vertex 75.8 73.6144 3
      vertex 75.8 76.3856 3
    endloop
  endfacet
  facet normal 0 0 1
    outer loop
      vertex 75.4141 76.5455 3
      vertex 75.4141 73.4545 3
      vertex 75.8 73.6144 3
    endloop
  endfacet
  facet normal 0 0 1
    outer loop
      vertex 75 76.6 3
      vertex 75.4141 73.4545 3
      vertex 75.4141 76.5455 3
    endloop
  endfacet
  facet normal 0 0 1
    outer loop
      vertex 75 76.6 3
      vertex 75 73.4 3
      vertex 75.4141 73.4545 3
    endloop
  endfacet
  facet normal -0 0 1
    outer loop
      vertex 74.5859 76.5455 3
      vertex 75 73.4 3
      vertex 75 76.6 3
    endloop
  endfacet
  facet normal 0 0 1
    outer loop
      vertex 74.5859 76.5455 3
      vertex 74.5859 73.4545 3
      vertex 75 73.4 3
    endloop
  endfacet
  facet normal -0 0 1
    outer loop
      vertex 74.2 76.3856 3
      vertex 74.5859 73.4545 3
      vertex 74.5859 76.5455 3
    endloop
  endfacet
  facet normal 0 0 1
    outer loop
      vertex 74.2 76.3856 3
      vertex 74.2 73.6144 3
      vertex 74.5859 73.4545 3
    endloop
  endfacet
  facet normal -0 0 1
    outer loop
      vertex 73.8686 76.1314 3
      vertex 74.2 73.6144 3
      vertex 74.2 76.3856 3
    endloop
  endfacet
  facet normal 0 0 1
    outer loop
      vertex 73.8686 76.1314 3
      vertex 73.8686 73.8686 3
      vertex 74.2 73.6144 3
    endloop
  endfacet
  facet normal -0 0 1
    outer loop
      vertex 73.6144 75.8 3
      vertex 73.8686 73.8686 3
      vertex 73.8686 76.1314 3
    endloop
  endfacet
  facet normal 0 0 1
    outer loop
      vertex 73.6144 75.8 3
      vertex 73.6144 74.2 3
      vertex 73.8686 73.8686 3
    endloop
  endfacet
  facet normal -0 0 1
    outer loop
      vertex 73.4545 75.4141 3
      vertex 73.6144 74.2 3
      vertex 73.6144 75.8 3
    endloop
  endfacet
  facet normal 0 0 1
    outer loop
      vertex 73.4545 75.4141 3
      vertex 73.4545 74.5859 3
      vertex 73.6144 74.2 3
    endloop
  endfacet
  facet normal 0 -0 1
    outer loop
      vertex 73.4545 74.5859 3
      vertex 73.4545 75.4141 3
      vertex 73.4 75 3
    endloop
  endfacet
  facet normal 0 0 1
    outer loop
      vertex 76.5455 119.414 3
      vertex 76.5455 118.586 3
      vertex 76.6 119 3
    endloop
  endfacet
  facet normal 0 0 1
    outer loop
      vertex 76.3856 119.8 3
      vertex 76.5455 118.586 3
      vertex 76.5455 119.414 3
    endloop
  endfacet
  facet normal 0 0 1
    outer loop
      vertex 76.3856 119.8 3
      vertex 76.3856 118.2 3
      vertex 76.5455 118.586 3
    endloop
  endfacet
  facet normal 0 0 1
    outer loop
      vertex 76.1314 120.131 3
      vertex 76.3856 118.2 3
      vertex 76.3856 119.8 3
    endloop
  endfacet
  facet normal 0 0 1
    outer loop
      vertex 76.1314 120.131 3
      vertex 76.1314 117.869 3
      vertex 76.3856 118.2 3
    endloop
  endfacet
  facet normal 0 0 1
    outer loop
      vertex 75.8 120.386 3
      vertex 76.1314 117.869 3
      vertex 76.1314 120.131 3
    endloop
  endfacet
  facet normal 0 0 1
    outer loop
      vertex 75.8 120.386 3
      vertex 75.8 117.614 3
      vertex 76.1314 117.869 3
    endloop
  endfacet
  facet normal 0 0 1
    outer loop
      vertex 75.4141 120.545 3
      vertex 75.8 117.614 3
      vertex 75.8 120.386 3
    endloop
  endfacet
  facet normal 0 0 1
    outer loop
      vertex 75.4141 120.545 3
      vertex 75.4141 117.455 3
      vertex 75.8 117.614 3
    endloop
  endfacet
  facet normal 0 0 1
    outer loop
      vertex 75 120.6 3
      vertex 75.4141 117.455 3
      vertex 75.4141 120.545 3
    endloop
  endfacet
  facet normal 0 0 1
    outer loop
      vertex 75 120.6 3
      vertex 75 117.4 3
      vertex 75.4141 117.455 3
    endloop
  endfacet
  facet normal -0 0 1
    outer loop
      vertex 74.5859 120.545 3
      vertex 75 117.4 3
      vertex 75 120.6 3
    endloop
  endfacet
  facet normal 0 0 1
    outer loop
      vertex 74.5859 120.545 3
      vertex 74.5859 117.455 3
      vertex 75 117.4 3
    endloop
  endfacet
  facet normal -0 0 1
    outer loop
      vertex 74.2 120.386 3
      vertex 74.5859 117.455 3
      vertex 74.5859 120.545 3
    endloop
  endfacet
  facet normal 0 0 1
    outer loop
      vertex 74.2 120.386 3
      vertex 74.2 117.614 3
      vertex 74.5859 117.455 3
    endloop
  endfacet
  facet normal -0 0 1
    outer loop
      vertex 73.8686 120.131 3
      vertex 74.2 117.614 3
      vertex 74.2 120.386 3
    endloop
  endfacet
  facet normal 0 0 1
    outer loop
      vertex 73.8686 120.131 3
      vertex 73.8686 117.869 3
      vertex 74.2 117.614 3
    endloop
  endfacet
  facet normal -0 0 1
    outer loop
      vertex 73.6144 119.8 3
      vertex 73.8686 117.869 3
      vertex 73.8686 120.131 3
    endloop
  endfacet
  facet normal 0 0 1
    outer loop
      vertex 73.6144 119.8 3
      vertex 73.6144 118.2 3
      vertex 73.8686 117.869 3
    endloop
  endfacet
  facet normal -0 0 1
    outer loop
      vertex 73.4545 119.414 3
      vertex 73.6144 118.2 3
      vertex 73.6144 119.8 3
    endloop
  endfacet
  facet normal 0 0 1
    outer loop
      vertex 73.4545 119.414 3
      vertex 73.4545 118.586 3
      vertex 73.6144 118.2 3
    endloop
  endfacet
  facet normal 0 -0 1
    outer loop
      vertex 73.4545 118.586 3
      vertex 73.4545 119.414 3
      vertex 73.4 119 3
    endloop
  endfacet
  facet normal 0 0 1
    outer loop
      vertex 158.545 75.4141 3
      vertex 158.545 74.5859 3
      vertex 158.6 75 3
    endloop
  endfacet
  facet normal 0 0 1
    outer loop
      vertex 158.386 75.8 3
      vertex 158.545 74.5859 3
      vertex 158.545 75.4141 3
    endloop
  endfacet
  facet normal 0 0 1
    outer loop
      vertex 158.386 75.8 3
      vertex 158.386 74.2 3
      vertex 158.545 74.5859 3
    endloop
  endfacet
  facet normal 0 0 1
    outer loop
      vertex 158.131 76.1314 3
      vertex 158.386 74.2 3
      vertex 158.386 75.8 3
    endloop
  endfacet
  facet normal 0 0 1
    outer loop
      vertex 158.131 76.1314 3
      vertex 158.131 73.8686 3
      vertex 158.386 74.2 3
    endloop
  endfacet
  facet normal 0 0 1
    outer loop
      vertex 157.8 76.3856 3
      vertex 158.131 73.8686 3
      vertex 158.131 76.1314 3
    endloop
  endfacet
  facet normal 0 0 1
    outer loop
      vertex 157.8 76.3856 3
      vertex 157.8 73.6144 3
      vertex 158.131 73.8686 3
    endloop
  endfacet
  facet normal 0 0 1
    outer loop
      vertex 157.414 76.5455 3
      vertex 157.8 73.6144 3
      vertex 157.8 76.3856 3
    endloop
  endfacet
  facet normal 0 0 1
    outer loop
      vertex 157.414 76.5455 3
      vertex 157.414 73.4545 3
      vertex 157.8 73.6144 3
    endloop
  endfacet
  facet normal 0 0 1
    outer loop
      vertex 157 76.6 3
      vertex 157.414 73.4545 3
      vertex 157.414 76.5455 3
    endloop
  endfacet
  facet normal 0 0 1
    outer loop
      vertex 157 76.6 3
      vertex 157 73.4 3
      vertex 157.414 73.4545 3
    endloop
  endfacet
  facet normal -0 0 1
    outer loop
      vertex 156.586 76.5455 3
      vertex 157 73.4 3
      vertex 157 76.6 3
    endloop
  endfacet
  facet normal 0 0 1
    outer loop
      vertex 156.586 76.5455 3
      vertex 156.586 73.4545 3
      vertex 157 73.4 3
    endloop
  endfacet
  facet normal -0 0 1
    outer loop
      vertex 156.2 76.3856 3
      vertex 156.586 73.4545 3
      vertex 156.586 76.5455 3
    endloop
  endfacet
  facet normal 0 0 1
    outer loop
      vertex 156.2 76.3856 3
      vertex 156.2 73.6144 3
      vertex 156.586 73.4545 3
    endloop
  endfacet
  facet normal -0 0 1
    outer loop
      vertex 155.869 76.1314 3
      vertex 156.2 73.6144 3
      vertex 156.2 76.3856 3
    endloop
  endfacet
  facet normal 0 0 1
    outer loop
      vertex 155.869 76.1314 3
      vertex 155.869 73.8686 3
      vertex 156.2 73.6144 3
    endloop
  endfacet
  facet normal -0 0 1
    outer loop
      vertex 155.614 75.8 3
      vertex 155.869 73.8686 3
      vertex 155.869 76.1314 3
    endloop
  endfacet
  facet normal 0 0 1
    outer loop
      vertex 155.614 75.8 3
      vertex 155.614 74.2 3
      vertex 155.869 73.8686 3
    endloop
  endfacet
  facet normal -0 0 1
    outer loop
      vertex 155.455 75.4141 3
      vertex 155.614 74.2 3
      vertex 155.614 75.8 3
    endloop
  endfacet
  facet normal 0 0 1
    outer loop
      vertex 155.455 75.4141 3
      vertex 155.455 74.5859 3
      vertex 155.614 74.2 3
    endloop
  endfacet
  facet normal 0 -0 1
    outer loop
      vertex 155.455 74.5859 3
      vertex 155.455 75.4141 3
      vertex 155.4 75 3
    endloop
  endfacet
  facet normal 0 0 1
    outer loop
      vertex 158.545 119.414 3
      vertex 158.545 118.586 3
      vertex 158.6 119 3
    endloop
  endfacet
  facet normal 0 0 1
    outer loop
      vertex 158.386 119.8 3
      vertex 158.545 118.586 3
      vertex 158.545 119.414 3
    endloop
  endfacet
  facet normal 0 0 1
    outer loop
      vertex 158.386 119.8 3
      vertex 158.386 118.2 3
      vertex 158.545 118.586 3
    endloop
  endfacet
  facet normal 0 0 1
    outer loop
      vertex 158.131 120.131 3
      vertex 158.386 118.2 3
      vertex 158.386 119.8 3
    endloop
  endfacet
  facet normal 0 0 1
    outer loop
      vertex 158.131 120.131 3
      vertex 158.131 117.869 3
      vertex 158.386 118.2 3
    endloop
  endfacet
  facet normal 0 0 1
    outer loop
      vertex 157.8 120.386 3
      vertex 158.131 117.869 3
      vertex 158.131 120.131 3
    endloop
  endfacet
  facet normal 0 0 1
    outer loop
      vertex 157.8 120.386 3
      vertex 157.8 117.614 3
      vertex 158.131 117.869 3
    endloop
  endfacet
  facet normal 0 0 1
    outer loop
      vertex 157.414 120.545 3
      vertex 157.8 117.614 3
      vertex 157.8 120.386 3
    endloop
  endfacet
  facet normal 0 0 1
    outer loop
      vertex 157.414 120.545 3
      vertex 157.414 117.455 3
      vertex 157.8 117.614 3
    endloop
  endfacet
  facet normal 0 0 1
    outer loop
      vertex 157 120.6 3
      vertex 157.414 117.455 3
      vertex 157.414 120.545 3
    endloop
  endfacet
  facet normal 0 0 1
    outer loop
      vertex 157 120.6 3
      vertex 157 117.4 3
      vertex 157.414 117.455 3
    endloop
  endfacet
  facet normal -0 0 1
    outer loop
      vertex 156.586 120.545 3
      vertex 157 117.4 3
      vertex 157 120.6 3
    endloop
  endfacet
  facet normal 0 0 1
    outer loop
      vertex 156.586 120.545 3
      vertex 156.586 117.455 3
      vertex 157 117.4 3
    endloop
  endfacet
  facet normal -0 0 1
    outer loop
      vertex 156.2 120.386 3
      vertex 156.586 117.455 3
      vertex 156.586 120.545 3
    endloop
  endfacet
  facet normal 0 0 1
    outer loop
      vertex 156.2 120.386 3
      vertex 156.2 117.614 3
      vertex 156.586 117.455 3
    endloop
  endfacet
  facet normal -0 0 1
    outer loop
      vertex 155.869 120.131 3
      vertex 156.2 117.614 3
      vertex 156.2 120.386 3
    endloop
  endfacet
  facet normal 0 0 1
    outer loop
      vertex 155.869 120.131 3
      vertex 155.869 117.869 3
      vertex 156.2 117.614 3
    endloop
  endfacet
  facet normal -0 0 1
    outer loop
      vertex 155.614 119.8 3
      vertex 155.869 117.869 3
      vertex 155.869 120.131 3
    endloop
  endfacet
  facet normal 0 0 1
    outer loop
      vertex 155.614 119.8 3
      vertex 155.614 118.2 3
      vertex 155.869 117.869 3
    endloop
  endfacet
  facet normal -0 0 1
    outer loop
      vertex 155.455 119.414 3
      vertex 155.614 118.2 3
      vertex 155.614 119.8 3
    endloop
  endfacet
  facet normal 0 0 1
    outer loop
      vertex 155.455 119.414 3
      vertex 155.455 118.586 3
      vertex 155.614 118.2 3
    endloop
  endfacet
  facet normal 0 -0 1
    outer loop
      vertex 155.455 118.586 3
      vertex 155.455 119.414 3
      vertex 155.4 119 3
    endloop
  endfacet
  facet normal 0 0 1
    outer loop
      vertex 103.545 20.4141 3
      vertex 103.545 19.5859 3
      vertex 103.6 20 3
    endloop
  endfacet
  facet normal 0 0 1
    outer loop
      vertex 103.386 20.8 3
      vertex 103.545 19.5859 3
      vertex 103.545 20.4141 3
    endloop
  endfacet
  facet normal 0 0 1
    outer loop
      vertex 103.386 20.8 3
      vertex 103.386 19.2 3
      vertex 103.545 19.5859 3
    endloop
  endfacet
  facet normal 0 0 1
    outer loop
      vertex 103.131 21.1314 3
      vertex 103.386 19.2 3
      vertex 103.386 20.8 3
    endloop
  endfacet
  facet normal 0 0 1
    outer loop
      vertex 103.131 21.1314 3
      vertex 103.131 18.8686 3
      vertex 103.386 19.2 3
    endloop
  endfacet
  facet normal 0 0 1
    outer loop
      vertex 102.8 21.3856 3
      vertex 103.131 18.8686 3
      vertex 103.131 21.1314 3
    endloop
  endfacet
  facet normal 0 0 1
    outer loop
      vertex 102.8 21.3856 3
      vertex 102.8 18.6144 3
      vertex 103.131 18.8686 3
    endloop
  endfacet
  facet normal 0 0 1
    outer loop
      vertex 102.414 21.5455 3
      vertex 102.8 18.6144 3
      vertex 102.8 21.3856 3
    endloop
  endfacet
  facet normal 0 0 1
    outer loop
      vertex 102.414 21.5455 3
      vertex 102.414 18.4545 3
      vertex 102.8 18.6144 3
    endloop
  endfacet
  facet normal 0 0 1
    outer loop
      vertex 102 21.6 3
      vertex 102.414 18.4545 3
      vertex 102.414 21.5455 3
    endloop
  endfacet
  facet normal 0 0 1
    outer loop
      vertex 102 21.6 3
      vertex 102 18.4 3
      vertex 102.414 18.4545 3
    endloop
  endfacet
  facet normal -0 0 1
    outer loop
      vertex 101.586 21.5455 3
      vertex 102 18.4 3
      vertex 102 21.6 3
    endloop
  endfacet
  facet normal 0 0 1
    outer loop
      vertex 101.586 21.5455 3
      vertex 101.586 18.4545 3
      vertex 102 18.4 3
    endloop
  endfacet
  facet normal -0 0 1
    outer loop
      vertex 101.2 21.3856 3
      vertex 101.586 18.4545 3
      vertex 101.586 21.5455 3
    endloop
  endfacet
  facet normal 0 0 1
    outer loop
      vertex 101.2 21.3856 3
      vertex 101.2 18.6144 3
      vertex 101.586 18.4545 3
    endloop
  endfacet
  facet normal -0 0 1
    outer loop
      vertex 100.869 21.1314 3
      vertex 101.2 18.6144 3
      vertex 101.2 21.3856 3
    endloop
  endfacet
  facet normal 0 0 1
    outer loop
      vertex 100.869 21.1314 3
      vertex 100.869 18.8686 3
      vertex 101.2 18.6144 3
    endloop
  endfacet
  facet normal -0 0 1
    outer loop
      vertex 100.614 20.8 3
      vertex 100.869 18.8686 3
      vertex 100.869 21.1314 3
    endloop
  endfacet
  facet normal 0 0 1
    outer loop
      vertex 100.614 20.8 3
      vertex 100.614 19.2 3
      vertex 100.869 18.8686 3
    endloop
  endfacet
  facet normal -0 0 1
    outer loop
      vertex 100.455 20.4141 3
      vertex 100.614 19.2 3
      vertex 100.614 20.8 3
    endloop
  endfacet
  facet normal 0 0 1
    outer loop
      vertex 100.455 20.4141 3
      vertex 100.455 19.5859 3
      vertex 100.614 19.2 3
    endloop
  endfacet
  facet normal 0 -0 1
    outer loop
      vertex 100.455 19.5859 3
      vertex 100.455 20.4141 3
      vertex 100.4 20 3
    endloop
  endfacet
  facet normal 0 0 1
    outer loop
      vertex 103.545 54.4141 3
      vertex 103.545 53.5859 3
      vertex 103.6 54 3
    endloop
  endfacet
  facet normal 0 0 1
    outer loop
      vertex 103.386 54.8 3
      vertex 103.545 53.5859 3
      vertex 103.545 54.4141 3
    endloop
  endfacet
  facet normal 0 0 1
    outer loop
      vertex 103.386 54.8 3
      vertex 103.386 53.2 3
      vertex 103.545 53.5859 3
    endloop
  endfacet
  facet normal 0 0 1
    outer loop
      vertex 103.131 55.1314 3
      vertex 103.386 53.2 3
      vertex 103.386 54.8 3
    endloop
  endfacet
  facet normal 0 0 1
    outer loop
      vertex 103.131 55.1314 3
      vertex 103.131 52.8686 3
      vertex 103.386 53.2 3
    endloop
  endfacet
  facet normal 0 0 1
    outer loop
      vertex 102.8 55.3856 3
      vertex 103.131 52.8686 3
      vertex 103.131 55.1314 3
    endloop
  endfacet
  facet normal 0 0 1
    outer loop
      vertex 102.8 55.3856 3
      vertex 102.8 52.6144 3
      vertex 103.131 52.8686 3
    endloop
  endfacet
  facet normal 0 0 1
    outer loop
      vertex 102.414 55.5455 3
      vertex 102.8 52.6144 3
      vertex 102.8 55.3856 3
    endloop
  endfacet
  facet normal 0 0 1
    outer loop
      vertex 102.414 55.5455 3
      vertex 102.414 52.4545 3
      vertex 102.8 52.6144 3
    endloop
  endfacet
  facet normal 0 0 1
    outer loop
      vertex 102 55.6 3
      vertex 102.414 52.4545 3
      vertex 102.414 55.5455 3
    endloop
  endfacet
  facet normal 0 0 1
    outer loop
      vertex 102 55.6 3
      vertex 102 52.4 3
      vertex 102.414 52.4545 3
    endloop
  endfacet
  facet normal -0 0 1
    outer loop
      vertex 101.586 55.5455 3
      vertex 102 52.4 3
      vertex 102 55.6 3
    endloop
  endfacet
  facet normal 0 0 1
    outer loop
      vertex 101.586 55.5455 3
      vertex 101.586 52.4545 3
      vertex 102 52.4 3
    endloop
  endfacet
  facet normal -0 0 1
    outer loop
      vertex 101.2 55.3856 3
      vertex 101.586 52.4545 3
      vertex 101.586 55.5455 3
    endloop
  endfacet
  facet normal 0 0 1
    outer loop
      vertex 101.2 55.3856 3
      vertex 101.2 52.6144 3
      vertex 101.586 52.4545 3
    endloop
  endfacet
  facet normal -0 0 1
    outer loop
      vertex 100.869 55.1314 3
      vertex 101.2 52.6144 3
      vertex 101.2 55.3856 3
    endloop
  endfacet
  facet normal 0 0 1
    outer loop
      vertex 100.869 55.1314 3
      vertex 100.869 52.8686 3
      vertex 101.2 52.6144 3
    endloop
  endfacet
  facet normal -0 0 1
    outer loop
      vertex 100.614 54.8 3
      vertex 100.869 52.8686 3
      vertex 100.869 55.1314 3
    endloop
  endfacet
  facet normal 0 0 1
    outer loop
      vertex 100.614 54.8 3
      vertex 100.614 53.2 3
      vertex 100.869 52.8686 3
    endloop
  endfacet
  facet normal -0 0 1
    outer loop
      vertex 100.455 54.4141 3
      vertex 100.614 53.2 3
      vertex 100.614 54.8 3
    endloop
  endfacet
  facet normal 0 0 1
    outer loop
      vertex 100.455 54.4141 3
      vertex 100.455 53.5859 3
      vertex 100.614 53.2 3
    endloop
  endfacet
  facet normal 0 -0 1
    outer loop
      vertex 100.455 53.5859 3
      vertex 100.455 54.4141 3
      vertex 100.4 54 3
    endloop
  endfacet
  facet normal 0 0 1
    outer loop
      vertex 158.545 20.4141 3
      vertex 158.545 19.5859 3
      vertex 158.6 20 3
    endloop
  endfacet
  facet normal 0 0 1
    outer loop
      vertex 158.386 20.8 3
      vertex 158.545 19.5859 3
      vertex 158.545 20.4141 3
    endloop
  endfacet
  facet normal 0 0 1
    outer loop
      vertex 158.386 20.8 3
      vertex 158.386 19.2 3
      vertex 158.545 19.5859 3
    endloop
  endfacet
  facet normal 0 0 1
    outer loop
      vertex 158.131 21.1314 3
      vertex 158.386 19.2 3
      vertex 158.386 20.8 3
    endloop
  endfacet
  facet normal 0 0 1
    outer loop
      vertex 158.131 21.1314 3
      vertex 158.131 18.8686 3
      vertex 158.386 19.2 3
    endloop
  endfacet
  facet normal 0 0 1
    outer loop
      vertex 157.8 21.3856 3
      vertex 158.131 18.8686 3
      vertex 158.131 21.1314 3
    endloop
  endfacet
  facet normal 0 0 1
    outer loop
      vertex 157.8 21.3856 3
      vertex 157.8 18.6144 3
      vertex 158.131 18.8686 3
    endloop
  endfacet
  facet normal 0 0 1
    outer loop
      vertex 157.414 21.5455 3
      vertex 157.8 18.6144 3
      vertex 157.8 21.3856 3
    endloop
  endfacet
  facet normal 0 0 1
    outer loop
      vertex 157.414 21.5455 3
      vertex 157.414 18.4545 3
      vertex 157.8 18.6144 3
    endloop
  endfacet
  facet normal 0 0 1
    outer loop
      vertex 157 21.6 3
      vertex 157.414 18.4545 3
      vertex 157.414 21.5455 3
    endloop
  endfacet
  facet normal 0 0 1
    outer loop
      vertex 157 21.6 3
      vertex 157 18.4 3
      vertex 157.414 18.4545 3
    endloop
  endfacet
  facet normal -0 0 1
    outer loop
      vertex 156.586 21.5455 3
      vertex 157 18.4 3
      vertex 157 21.6 3
    endloop
  endfacet
  facet normal 0 0 1
    outer loop
      vertex 156.586 21.5455 3
      vertex 156.586 18.4545 3
      vertex 157 18.4 3
    endloop
  endfacet
  facet normal -0 0 1
    outer loop
      vertex 156.2 21.3856 3
      vertex 156.586 18.4545 3
      vertex 156.586 21.5455 3
    endloop
  endfacet
  facet normal 0 0 1
    outer loop
      vertex 156.2 21.3856 3
      vertex 156.2 18.6144 3
      vertex 156.586 18.4545 3
    endloop
  endfacet
  facet normal -0 0 1
    outer loop
      vertex 155.869 21.1314 3
      vertex 156.2 18.6144 3
      vertex 156.2 21.3856 3
    endloop
  endfacet
  facet normal 0 0 1
    outer loop
      vertex 155.869 21.1314 3
      vertex 155.869 18.8686 3
      vertex 156.2 18.6144 3
    endloop
  endfacet
  facet normal -0 0 1
    outer loop
      vertex 155.614 20.8 3
      vertex 155.869 18.8686 3
      vertex 155.869 21.1314 3
    endloop
  endfacet
  facet normal 0 0 1
    outer loop
      vertex 155.614 20.8 3
      vertex 155.614 19.2 3
      vertex 155.869 18.8686 3
    endloop
  endfacet
  facet normal -0 0 1
    outer loop
      vertex 155.455 20.4141 3
      vertex 155.614 19.2 3
      vertex 155.614 20.8 3
    endloop
  endfacet
  facet normal 0 0 1
    outer loop
      vertex 155.455 20.4141 3
      vertex 155.455 19.5859 3
      vertex 155.614 19.2 3
    endloop
  endfacet
  facet normal 0 -0 1
    outer loop
      vertex 155.455 19.5859 3
      vertex 155.455 20.4141 3
      vertex 155.4 20 3
    endloop
  endfacet
  facet normal 0 0 1
    outer loop
      vertex 158.545 54.4141 3
      vertex 158.545 53.5859 3
      vertex 158.6 54 3
    endloop
  endfacet
  facet normal 0 0 1
    outer loop
      vertex 158.386 54.8 3
      vertex 158.545 53.5859 3
      vertex 158.545 54.4141 3
    endloop
  endfacet
  facet normal 0 0 1
    outer loop
      vertex 158.386 54.8 3
      vertex 158.386 53.2 3
      vertex 158.545 53.5859 3
    endloop
  endfacet
  facet normal 0 0 1
    outer loop
      vertex 158.131 55.1314 3
      vertex 158.386 53.2 3
      vertex 158.386 54.8 3
    endloop
  endfacet
  facet normal 0 0 1
    outer loop
      vertex 158.131 55.1314 3
      vertex 158.131 52.8686 3
      vertex 158.386 53.2 3
    endloop
  endfacet
  facet normal 0 0 1
    outer loop
      vertex 157.8 55.3856 3
      vertex 158.131 52.8686 3
      vertex 158.131 55.1314 3
    endloop
  endfacet
  facet normal 0 0 1
    outer loop
      vertex 157.8 55.3856 3
      vertex 157.8 52.6144 3
      vertex 158.131 52.8686 3
    endloop
  endfacet
  facet normal 0 0 1
    outer loop
      vertex 157.414 55.5455 3
      vertex 157.8 52.6144 3
      vertex 157.8 55.3856 3
    endloop
  endfacet
  facet normal 0 0 1
    outer loop
      vertex 157.414 55.5455 3
      vertex 157.414 52.4545 3
      vertex 157.8 52.6144 3
    endloop
  endfacet
  facet normal 0 0 1
    outer loop
      vertex 157 55.6 3
      vertex 157.414 52.4545 3
      vertex 157.414 55.5455 3
    endloop
  endfacet
  facet normal 0 0 1
    outer loop
      vertex 157 55.6 3
      vertex 157 52.4 3
      vertex 157.414 52.4545 3
    endloop
  endfacet
  facet normal -0 0 1
    outer loop
      vertex 156.586 55.5455 3
      vertex 157 52.4 3
      vertex 157 55.6 3
    endloop
  endfacet
  facet normal 0 0 1
    outer loop
      vertex 156.586 55.5455 3
      vertex 156.586 52.4545 3
      vertex 157 52.4 3
    endloop
  endfacet
  facet normal -0 0 1
    outer loop
      vertex 156.2 55.3856 3
      vertex 156.586 52.4545 3
      vertex 156.586 55.5455 3
    endloop
  endfacet
  facet normal 0 0 1
    outer loop
      vertex 156.2 55.3856 3
      vertex 156.2 52.6144 3
      vertex 156.586 52.4545 3
    endloop
  endfacet
  facet normal -0 0 1
    outer loop
      vertex 155.869 55.1314 3
      vertex 156.2 52.6144 3
      vertex 156.2 55.3856 3
    endloop
  endfacet
  facet normal 0 0 1
    outer loop
      vertex 155.869 55.1314 3
      vertex 155.869 52.8686 3
      vertex 156.2 52.6144 3
    endloop
  endfacet
  facet normal -0 0 1
    outer loop
      vertex 155.614 54.8 3
      vertex 155.869 52.8686 3
      vertex 155.869 55.1314 3
    endloop
  endfacet
  facet normal 0 0 1
    outer loop
      vertex 155.614 54.8 3
      vertex 155.614 53.2 3
      vertex 155.869 52.8686 3
    endloop
  endfacet
  facet normal -0 0 1
    outer loop
      vertex 155.455 54.4141 3
      vertex 155.614 53.2 3
      vertex 155.614 54.8 3
    endloop
  endfacet
  facet normal 0 0 1
    outer loop
      vertex 155.455 54.4141 3
      vertex 155.455 53.5859 3
      vertex 155.614 53.2 3
    endloop
  endfacet
  facet normal 0 -0 1
    outer loop
      vertex 155.455 53.5859 3
      vertex 155.455 54.4141 3
      vertex 155.4 54 3
    endloop
  endfacet
  facet normal 0 0 1
    outer loop
      vertex 103.545 140.414 3
      vertex 103.545 139.586 3
      vertex 103.6 140 3
    endloop
  endfacet
  facet normal 0 0 1
    outer loop
      vertex 103.386 140.8 3
      vertex 103.545 139.586 3
      vertex 103.545 140.414 3
    endloop
  endfacet
  facet normal 0 0 1
    outer loop
      vertex 103.386 140.8 3
      vertex 103.386 139.2 3
      vertex 103.545 139.586 3
    endloop
  endfacet
  facet normal 0 0 1
    outer loop
      vertex 103.131 141.131 3
      vertex 103.386 139.2 3
      vertex 103.386 140.8 3
    endloop
  endfacet
  facet normal 0 0 1
    outer loop
      vertex 103.131 141.131 3
      vertex 103.131 138.869 3
      vertex 103.386 139.2 3
    endloop
  endfacet
  facet normal 0 0 1
    outer loop
      vertex 102.8 141.386 3
      vertex 103.131 138.869 3
      vertex 103.131 141.131 3
    endloop
  endfacet
  facet normal 0 0 1
    outer loop
      vertex 102.8 141.386 3
      vertex 102.8 138.614 3
      vertex 103.131 138.869 3
    endloop
  endfacet
  facet normal 0 0 1
    outer loop
      vertex 102.414 141.545 3
      vertex 102.8 138.614 3
      vertex 102.8 141.386 3
    endloop
  endfacet
  facet normal 0 0 1
    outer loop
      vertex 102.414 141.545 3
      vertex 102.414 138.455 3
      vertex 102.8 138.614 3
    endloop
  endfacet
  facet normal 0 0 1
    outer loop
      vertex 102 141.6 3
      vertex 102.414 138.455 3
      vertex 102.414 141.545 3
    endloop
  endfacet
  facet normal 0 0 1
    outer loop
      vertex 102 141.6 3
      vertex 102 138.4 3
      vertex 102.414 138.455 3
    endloop
  endfacet
  facet normal -0 0 1
    outer loop
      vertex 101.586 141.545 3
      vertex 102 138.4 3
      vertex 102 141.6 3
    endloop
  endfacet
  facet normal 0 0 1
    outer loop
      vertex 101.586 141.545 3
      vertex 101.586 138.455 3
      vertex 102 138.4 3
    endloop
  endfacet
  facet normal -0 0 1
    outer loop
      vertex 101.2 141.386 3
      vertex 101.586 138.455 3
      vertex 101.586 141.545 3
    endloop
  endfacet
  facet normal 0 0 1
    outer loop
      vertex 101.2 141.386 3
      vertex 101.2 138.614 3
      vertex 101.586 138.455 3
    endloop
  endfacet
  facet normal -0 0 1
    outer loop
      vertex 100.869 141.131 3
      vertex 101.2 138.614 3
      vertex 101.2 141.386 3
    endloop
  endfacet
  facet normal 0 0 1
    outer loop
      vertex 100.869 141.131 3
      vertex 100.869 138.869 3
      vertex 101.2 138.614 3
    endloop
  endfacet
  facet normal -0 0 1
    outer loop
      vertex 100.614 140.8 3
      vertex 100.869 138.869 3
      vertex 100.869 141.131 3
    endloop
  endfacet
  facet normal 0 0 1
    outer loop
      vertex 100.614 140.8 3
      vertex 100.614 139.2 3
      vertex 100.869 138.869 3
    endloop
  endfacet
  facet normal -0 0 1
    outer loop
      vertex 100.455 140.414 3
      vertex 100.614 139.2 3
      vertex 100.614 140.8 3
    endloop
  endfacet
  facet normal 0 0 1
    outer loop
      vertex 100.455 140.414 3
      vertex 100.455 139.586 3
      vertex 100.614 139.2 3
    endloop
  endfacet
  facet normal 0 -0 1
    outer loop
      vertex 100.455 139.586 3
      vertex 100.455 140.414 3
      vertex 100.4 140 3
    endloop
  endfacet
  facet normal 0 0 1
    outer loop
      vertex 103.545 174.414 3
      vertex 103.545 173.586 3
      vertex 103.6 174 3
    endloop
  endfacet
  facet normal 0 0 1
    outer loop
      vertex 103.386 174.8 3
      vertex 103.545 173.586 3
      vertex 103.545 174.414 3
    endloop
  endfacet
  facet normal 0 0 1
    outer loop
      vertex 103.386 174.8 3
      vertex 103.386 173.2 3
      vertex 103.545 173.586 3
    endloop
  endfacet
  facet normal 0 0 1
    outer loop
      vertex 103.131 175.131 3
      vertex 103.386 173.2 3
      vertex 103.386 174.8 3
    endloop
  endfacet
  facet normal 0 0 1
    outer loop
      vertex 103.131 175.131 3
      vertex 103.131 172.869 3
      vertex 103.386 173.2 3
    endloop
  endfacet
  facet normal 0 0 1
    outer loop
      vertex 102.8 175.386 3
      vertex 103.131 172.869 3
      vertex 103.131 175.131 3
    endloop
  endfacet
  facet normal 0 0 1
    outer loop
      vertex 102.8 175.386 3
      vertex 102.8 172.614 3
      vertex 103.131 172.869 3
    endloop
  endfacet
  facet normal 0 0 1
    outer loop
      vertex 102.414 175.545 3
      vertex 102.8 172.614 3
      vertex 102.8 175.386 3
    endloop
  endfacet
  facet normal 0 0 1
    outer loop
      vertex 102.414 175.545 3
      vertex 102.414 172.455 3
      vertex 102.8 172.614 3
    endloop
  endfacet
  facet normal 0 0 1
    outer loop
      vertex 102 175.6 3
      vertex 102.414 172.455 3
      vertex 102.414 175.545 3
    endloop
  endfacet
  facet normal 0 0 1
    outer loop
      vertex 102 175.6 3
      vertex 102 172.4 3
      vertex 102.414 172.455 3
    endloop
  endfacet
  facet normal -0 0 1
    outer loop
      vertex 101.586 175.545 3
      vertex 102 172.4 3
      vertex 102 175.6 3
    endloop
  endfacet
  facet normal 0 0 1
    outer loop
      vertex 101.586 175.545 3
      vertex 101.586 172.455 3
      vertex 102 172.4 3
    endloop
  endfacet
  facet normal -0 0 1
    outer loop
      vertex 101.2 175.386 3
      vertex 101.586 172.455 3
      vertex 101.586 175.545 3
    endloop
  endfacet
  facet normal 0 0 1
    outer loop
      vertex 101.2 175.386 3
      vertex 101.2 172.614 3
      vertex 101.586 172.455 3
    endloop
  endfacet
  facet normal -0 0 1
    outer loop
      vertex 100.869 175.131 3
      vertex 101.2 172.614 3
      vertex 101.2 175.386 3
    endloop
  endfacet
  facet normal 0 0 1
    outer loop
      vertex 100.869 175.131 3
      vertex 100.869 172.869 3
      vertex 101.2 172.614 3
    endloop
  endfacet
  facet normal -0 0 1
    outer loop
      vertex 100.614 174.8 3
      vertex 100.869 172.869 3
      vertex 100.869 175.131 3
    endloop
  endfacet
  facet normal 0 0 1
    outer loop
      vertex 100.614 174.8 3
      vertex 100.614 173.2 3
      vertex 100.869 172.869 3
    endloop
  endfacet
  facet normal -0 0 1
    outer loop
      vertex 100.455 174.414 3
      vertex 100.614 173.2 3
      vertex 100.614 174.8 3
    endloop
  endfacet
  facet normal 0 0 1
    outer loop
      vertex 100.455 174.414 3
      vertex 100.455 173.586 3
      vertex 100.614 173.2 3
    endloop
  endfacet
  facet normal 0 -0 1
    outer loop
      vertex 100.455 173.586 3
      vertex 100.455 174.414 3
      vertex 100.4 174 3
    endloop
  endfacet
  facet normal 0 0 1
    outer loop
      vertex 158.545 140.414 3
      vertex 158.545 139.586 3
      vertex 158.6 140 3
    endloop
  endfacet
  facet normal 0 0 1
    outer loop
      vertex 158.386 140.8 3
      vertex 158.545 139.586 3
      vertex 158.545 140.414 3
    endloop
  endfacet
  facet normal 0 0 1
    outer loop
      vertex 158.386 140.8 3
      vertex 158.386 139.2 3
      vertex 158.545 139.586 3
    endloop
  endfacet
  facet normal 0 0 1
    outer loop
      vertex 158.131 141.131 3
      vertex 158.386 139.2 3
      vertex 158.386 140.8 3
    endloop
  endfacet
  facet normal 0 0 1
    outer loop
      vertex 158.131 141.131 3
      vertex 158.131 138.869 3
      vertex 158.386 139.2 3
    endloop
  endfacet
  facet normal 0 0 1
    outer loop
      vertex 157.8 141.386 3
      vertex 158.131 138.869 3
      vertex 158.131 141.131 3
    endloop
  endfacet
  facet normal 0 0 1
    outer loop
      vertex 157.8 141.386 3
      vertex 157.8 138.614 3
      vertex 158.131 138.869 3
    endloop
  endfacet
  facet normal 0 0 1
    outer loop
      vertex 157.414 141.545 3
      vertex 157.8 138.614 3
      vertex 157.8 141.386 3
    endloop
  endfacet
  facet normal 0 0 1
    outer loop
      vertex 157.414 141.545 3
      vertex 157.414 138.455 3
      vertex 157.8 138.614 3
    endloop
  endfacet
  facet normal 0 0 1
    outer loop
      vertex 157 141.6 3
      vertex 157.414 138.455 3
      vertex 157.414 141.545 3
    endloop
  endfacet
  facet normal 0 0 1
    outer loop
      vertex 157 141.6 3
      vertex 157 138.4 3
      vertex 157.414 138.455 3
    endloop
  endfacet
  facet normal -0 0 1
    outer loop
      vertex 156.586 141.545 3
      vertex 157 138.4 3
      vertex 157 141.6 3
    endloop
  endfacet
  facet normal 0 0 1
    outer loop
      vertex 156.586 141.545 3
      vertex 156.586 138.455 3
      vertex 157 138.4 3
    endloop
  endfacet
  facet normal -0 0 1
    outer loop
      vertex 156.2 141.386 3
      vertex 156.586 138.455 3
      vertex 156.586 141.545 3
    endloop
  endfacet
  facet normal 0 0 1
    outer loop
      vertex 156.2 141.386 3
      vertex 156.2 138.614 3
      vertex 156.586 138.455 3
    endloop
  endfacet
  facet normal -0 0 1
    outer loop
      vertex 155.869 141.131 3
      vertex 156.2 138.614 3
      vertex 156.2 141.386 3
    endloop
  endfacet
  facet normal 0 0 1
    outer loop
      vertex 155.869 141.131 3
      vertex 155.869 138.869 3
      vertex 156.2 138.614 3
    endloop
  endfacet
  facet normal -0 0 1
    outer loop
      vertex 155.614 140.8 3
      vertex 155.869 138.869 3
      vertex 155.869 141.131 3
    endloop
  endfacet
  facet normal 0 0 1
    outer loop
      vertex 155.614 140.8 3
      vertex 155.614 139.2 3
      vertex 155.869 138.869 3
    endloop
  endfacet
  facet normal -0 0 1
    outer loop
      vertex 155.455 140.414 3
      vertex 155.614 139.2 3
      vertex 155.614 140.8 3
    endloop
  endfacet
  facet normal 0 0 1
    outer loop
      vertex 155.455 140.414 3
      vertex 155.455 139.586 3
      vertex 155.614 139.2 3
    endloop
  endfacet
  facet normal 0 -0 1
    outer loop
      vertex 155.455 139.586 3
      vertex 155.455 140.414 3
      vertex 155.4 140 3
    endloop
  endfacet
  facet normal 0 0 1
    outer loop
      vertex 158.545 174.414 3
      vertex 158.545 173.586 3
      vertex 158.6 174 3
    endloop
  endfacet
  facet normal 0 0 1
    outer loop
      vertex 158.386 174.8 3
      vertex 158.545 173.586 3
      vertex 158.545 174.414 3
    endloop
  endfacet
  facet normal 0 0 1
    outer loop
      vertex 158.386 174.8 3
      vertex 158.386 173.2 3
      vertex 158.545 173.586 3
    endloop
  endfacet
  facet normal 0 0 1
    outer loop
      vertex 158.131 175.131 3
      vertex 158.386 173.2 3
      vertex 158.386 174.8 3
    endloop
  endfacet
  facet normal 0 0 1
    outer loop
      vertex 158.131 175.131 3
      vertex 158.131 172.869 3
      vertex 158.386 173.2 3
    endloop
  endfacet
  facet normal 0 0 1
    outer loop
      vertex 157.8 175.386 3
      vertex 158.131 172.869 3
      vertex 158.131 175.131 3
    endloop
  endfacet
  facet normal 0 0 1
    outer loop
      vertex 157.8 175.386 3
      vertex 157.8 172.614 3
      vertex 158.131 172.869 3
    endloop
  endfacet
  facet normal 0 0 1
    outer loop
      vertex 157.414 175.545 3
      vertex 157.8 172.614 3
      vertex 157.8 175.386 3
    endloop
  endfacet
  facet normal 0 0 1
    outer loop
      vertex 157.414 175.545 3
      vertex 157.414 172.455 3
      vertex 157.8 172.614 3
    endloop
  endfacet
  facet normal 0 0 1
    outer loop
      vertex 157 175.6 3
      vertex 157.414 172.455 3
      vertex 157.414 175.545 3
    endloop
  endfacet
  facet normal 0 0 1
    outer loop
      vertex 157 175.6 3
      vertex 157 172.4 3
      vertex 157.414 172.455 3
    endloop
  endfacet
  facet normal -0 0 1
    outer loop
      vertex 156.586 175.545 3
      vertex 157 172.4 3
      vertex 157 175.6 3
    endloop
  endfacet
  facet normal 0 0 1
    outer loop
      vertex 156.586 175.545 3
      vertex 156.586 172.455 3
      vertex 157 172.4 3
    endloop
  endfacet
  facet normal -0 0 1
    outer loop
      vertex 156.2 175.386 3
      vertex 156.586 172.455 3
      vertex 156.586 175.545 3
    endloop
  endfacet
  facet normal 0 0 1
    outer loop
      vertex 156.2 175.386 3
      vertex 156.2 172.614 3
      vertex 156.586 172.455 3
    endloop
  endfacet
  facet normal -0 0 1
    outer loop
      vertex 155.869 175.131 3
      vertex 156.2 172.614 3
      vertex 156.2 175.386 3
    endloop
  endfacet
  facet normal 0 0 1
    outer loop
      vertex 155.869 175.131 3
      vertex 155.869 172.869 3
      vertex 156.2 172.614 3
    endloop
  endfacet
  facet normal -0 0 1
    outer loop
      vertex 155.614 174.8 3
      vertex 155.869 172.869 3
      vertex 155.869 175.131 3
    endloop
  endfacet
  facet normal 0 0 1
    outer loop
      vertex 155.614 174.8 3
      vertex 155.614 173.2 3
      vertex 155.869 172.869 3
    endloop
  endfacet
  facet normal -0 0 1
    outer loop
      vertex 155.455 174.414 3
      vertex 155.614 173.2 3
      vertex 155.614 174.8 3
    endloop
  endfacet
  facet normal 0 0 1
    outer loop
      vertex 155.455 174.414 3
      vertex 155.455 173.586 3
      vertex 155.614 173.2 3
    endloop
  endfacet
  facet normal 0 -0 1
    outer loop
      vertex 155.455 173.586 3
      vertex 155.455 174.414 3
      vertex 155.4 174 3
    endloop
  endfacet
  facet normal 0 0 1
    outer loop
      vertex 13.5455 119.414 3
      vertex 13.5455 118.586 3
      vertex 13.6 119 3
    endloop
  endfacet
  facet normal 0 0 1
    outer loop
      vertex 13.3856 119.8 3
      vertex 13.5455 118.586 3
      vertex 13.5455 119.414 3
    endloop
  endfacet
  facet normal 0 0 1
    outer loop
      vertex 13.3856 119.8 3
      vertex 13.3856 118.2 3
      vertex 13.5455 118.586 3
    endloop
  endfacet
  facet normal 0 0 1
    outer loop
      vertex 13.1314 120.131 3
      vertex 13.3856 118.2 3
      vertex 13.3856 119.8 3
    endloop
  endfacet
  facet normal 0 0 1
    outer loop
      vertex 13.1314 120.131 3
      vertex 13.1314 117.869 3
      vertex 13.3856 118.2 3
    endloop
  endfacet
  facet normal 0 0 1
    outer loop
      vertex 12.8 120.386 3
      vertex 13.1314 117.869 3
      vertex 13.1314 120.131 3
    endloop
  endfacet
  facet normal 0 0 1
    outer loop
      vertex 12.8 120.386 3
      vertex 12.8 117.614 3
      vertex 13.1314 117.869 3
    endloop
  endfacet
  facet normal 0 0 1
    outer loop
      vertex 12.4141 120.545 3
      vertex 12.8 117.614 3
      vertex 12.8 120.386 3
    endloop
  endfacet
  facet normal 0 0 1
    outer loop
      vertex 12.4141 120.545 3
      vertex 12.4141 117.455 3
      vertex 12.8 117.614 3
    endloop
  endfacet
  facet normal 0 0 1
    outer loop
      vertex 12 120.6 3
      vertex 12.4141 117.455 3
      vertex 12.4141 120.545 3
    endloop
  endfacet
  facet normal 0 0 1
    outer loop
      vertex 12 120.6 3
      vertex 12 117.4 3
      vertex 12.4141 117.455 3
    endloop
  endfacet
  facet normal -0 0 1
    outer loop
      vertex 11.5859 120.545 3
      vertex 12 117.4 3
      vertex 12 120.6 3
    endloop
  endfacet
  facet normal 0 0 1
    outer loop
      vertex 11.5859 120.545 3
      vertex 11.5859 117.455 3
      vertex 12 117.4 3
    endloop
  endfacet
  facet normal -0 0 1
    outer loop
      vertex 11.2 120.386 3
      vertex 11.5859 117.455 3
      vertex 11.5859 120.545 3
    endloop
  endfacet
  facet normal 0 0 1
    outer loop
      vertex 11.2 120.386 3
      vertex 11.2 117.614 3
      vertex 11.5859 117.455 3
    endloop
  endfacet
  facet normal -0 0 1
    outer loop
      vertex 10.8686 120.131 3
      vertex 11.2 117.614 3
      vertex 11.2 120.386 3
    endloop
  endfacet
  facet normal 0 0 1
    outer loop
      vertex 10.8686 120.131 3
      vertex 10.8686 117.869 3
      vertex 11.2 117.614 3
    endloop
  endfacet
  facet normal -0 0 1
    outer loop
      vertex 10.6144 119.8 3
      vertex 10.8686 117.869 3
      vertex 10.8686 120.131 3
    endloop
  endfacet
  facet normal 0 0 1
    outer loop
      vertex 10.6144 119.8 3
      vertex 10.6144 118.2 3
      vertex 10.8686 117.869 3
    endloop
  endfacet
  facet normal -0 0 1
    outer loop
      vertex 10.4545 119.414 3
      vertex 10.6144 118.2 3
      vertex 10.6144 119.8 3
    endloop
  endfacet
  facet normal 0 0 1
    outer loop
      vertex 10.4545 119.414 3
      vertex 10.4545 118.586 3
      vertex 10.6144 118.2 3
    endloop
  endfacet
  facet normal 0 -0 1
    outer loop
      vertex 10.4545 118.586 3
      vertex 10.4545 119.414 3
      vertex 10.4 119 3
    endloop
  endfacet
  facet normal 0 0 1
    outer loop
      vertex 13.5455 174.414 3
      vertex 13.5455 173.586 3
      vertex 13.6 174 3
    endloop
  endfacet
  facet normal 0 0 1
    outer loop
      vertex 13.3856 174.8 3
      vertex 13.5455 173.586 3
      vertex 13.5455 174.414 3
    endloop
  endfacet
  facet normal 0 0 1
    outer loop
      vertex 13.3856 174.8 3
      vertex 13.3856 173.2 3
      vertex 13.5455 173.586 3
    endloop
  endfacet
  facet normal 0 0 1
    outer loop
      vertex 13.1314 175.131 3
      vertex 13.3856 173.2 3
      vertex 13.3856 174.8 3
    endloop
  endfacet
  facet normal 0 0 1
    outer loop
      vertex 13.1314 175.131 3
      vertex 13.1314 172.869 3
      vertex 13.3856 173.2 3
    endloop
  endfacet
  facet normal 0 0 1
    outer loop
      vertex 12.8 175.386 3
      vertex 13.1314 172.869 3
      vertex 13.1314 175.131 3
    endloop
  endfacet
  facet normal 0 0 1
    outer loop
      vertex 12.8 175.386 3
      vertex 12.8 172.614 3
      vertex 13.1314 172.869 3
    endloop
  endfacet
  facet normal 0 0 1
    outer loop
      vertex 12.4141 175.545 3
      vertex 12.8 172.614 3
      vertex 12.8 175.386 3
    endloop
  endfacet
  facet normal 0 0 1
    outer loop
      vertex 12.4141 175.545 3
      vertex 12.4141 172.455 3
      vertex 12.8 172.614 3
    endloop
  endfacet
  facet normal 0 0 1
    outer loop
      vertex 12 175.6 3
      vertex 12.4141 172.455 3
      vertex 12.4141 175.545 3
    endloop
  endfacet
  facet normal 0 0 1
    outer loop
      vertex 12 175.6 3
      vertex 12 172.4 3
      vertex 12.4141 172.455 3
    endloop
  endfacet
  facet normal -0 0 1
    outer loop
      vertex 11.5859 175.545 3
      vertex 12 172.4 3
      vertex 12 175.6 3
    endloop
  endfacet
  facet normal 0 0 1
    outer loop
      vertex 11.5859 175.545 3
      vertex 11.5859 172.455 3
      vertex 12 172.4 3
    endloop
  endfacet
  facet normal -0 0 1
    outer loop
      vertex 11.2 175.386 3
      vertex 11.5859 172.455 3
      vertex 11.5859 175.545 3
    endloop
  endfacet
  facet normal 0 0 1
    outer loop
      vertex 11.2 175.386 3
      vertex 11.2 172.614 3
      vertex 11.5859 172.455 3
    endloop
  endfacet
  facet normal -0 0 1
    outer loop
      vertex 10.8686 175.131 3
      vertex 11.2 172.614 3
      vertex 11.2 175.386 3
    endloop
  endfacet
  facet normal 0 0 1
    outer loop
      vertex 10.8686 175.131 3
      vertex 10.8686 172.869 3
      vertex 11.2 172.614 3
    endloop
  endfacet
  facet normal -0 0 1
    outer loop
      vertex 10.6144 174.8 3
      vertex 10.8686 172.869 3
      vertex 10.8686 175.131 3
    endloop
  endfacet
  facet normal 0 0 1
    outer loop
      vertex 10.6144 174.8 3
      vertex 10.6144 173.2 3
      vertex 10.8686 172.869 3
    endloop
  endfacet
  facet normal -0 0 1
    outer loop
      vertex 10.4545 174.414 3
      vertex 10.6144 173.2 3
      vertex 10.6144 174.8 3
    endloop
  endfacet
  facet normal 0 0 1
    outer loop
      vertex 10.4545 174.414 3
      vertex 10.4545 173.586 3
      vertex 10.6144 173.2 3
    endloop
  endfacet
  facet normal 0 -0 1
    outer loop
      vertex 10.4545 173.586 3
      vertex 10.4545 174.414 3
      vertex 10.4 174 3
    endloop
  endfacet
  facet normal 0 0 1
    outer loop
      vertex 47.5455 119.414 3
      vertex 47.5455 118.586 3
      vertex 47.6 119 3
    endloop
  endfacet
  facet normal 0 0 1
    outer loop
      vertex 47.3856 119.8 3
      vertex 47.5455 118.586 3
      vertex 47.5455 119.414 3
    endloop
  endfacet
  facet normal 0 0 1
    outer loop
      vertex 47.3856 119.8 3
      vertex 47.3856 118.2 3
      vertex 47.5455 118.586 3
    endloop
  endfacet
  facet normal 0 0 1
    outer loop
      vertex 47.1314 120.131 3
      vertex 47.3856 118.2 3
      vertex 47.3856 119.8 3
    endloop
  endfacet
  facet normal 0 0 1
    outer loop
      vertex 47.1314 120.131 3
      vertex 47.1314 117.869 3
      vertex 47.3856 118.2 3
    endloop
  endfacet
  facet normal 0 0 1
    outer loop
      vertex 46.8 120.386 3
      vertex 47.1314 117.869 3
      vertex 47.1314 120.131 3
    endloop
  endfacet
  facet normal 0 0 1
    outer loop
      vertex 46.8 120.386 3
      vertex 46.8 117.614 3
      vertex 47.1314 117.869 3
    endloop
  endfacet
  facet normal 0 0 1
    outer loop
      vertex 46.4141 120.545 3
      vertex 46.8 117.614 3
      vertex 46.8 120.386 3
    endloop
  endfacet
  facet normal 0 0 1
    outer loop
      vertex 46.4141 120.545 3
      vertex 46.4141 117.455 3
      vertex 46.8 117.614 3
    endloop
  endfacet
  facet normal 0 0 1
    outer loop
      vertex 46 120.6 3
      vertex 46.4141 117.455 3
      vertex 46.4141 120.545 3
    endloop
  endfacet
  facet normal 0 0 1
    outer loop
      vertex 46 120.6 3
      vertex 46 117.4 3
      vertex 46.4141 117.455 3
    endloop
  endfacet
  facet normal -0 0 1
    outer loop
      vertex 45.5859 120.545 3
      vertex 46 117.4 3
      vertex 46 120.6 3
    endloop
  endfacet
  facet normal 0 0 1
    outer loop
      vertex 45.5859 120.545 3
      vertex 45.5859 117.455 3
      vertex 46 117.4 3
    endloop
  endfacet
  facet normal -0 0 1
    outer loop
      vertex 45.2 120.386 3
      vertex 45.5859 117.455 3
      vertex 45.5859 120.545 3
    endloop
  endfacet
  facet normal 0 0 1
    outer loop
      vertex 45.2 120.386 3
      vertex 45.2 117.614 3
      vertex 45.5859 117.455 3
    endloop
  endfacet
  facet normal -0 0 1
    outer loop
      vertex 44.8686 120.131 3
      vertex 45.2 117.614 3
      vertex 45.2 120.386 3
    endloop
  endfacet
  facet normal 0 0 1
    outer loop
      vertex 44.8686 120.131 3
      vertex 44.8686 117.869 3
      vertex 45.2 117.614 3
    endloop
  endfacet
  facet normal -0 0 1
    outer loop
      vertex 44.6144 119.8 3
      vertex 44.8686 117.869 3
      vertex 44.8686 120.131 3
    endloop
  endfacet
  facet normal 0 0 1
    outer loop
      vertex 44.6144 119.8 3
      vertex 44.6144 118.2 3
      vertex 44.8686 117.869 3
    endloop
  endfacet
  facet normal -0 0 1
    outer loop
      vertex 44.4545 119.414 3
      vertex 44.6144 118.2 3
      vertex 44.6144 119.8 3
    endloop
  endfacet
  facet normal 0 0 1
    outer loop
      vertex 44.4545 119.414 3
      vertex 44.4545 118.586 3
      vertex 44.6144 118.2 3
    endloop
  endfacet
  facet normal 0 -0 1
    outer loop
      vertex 44.4545 118.586 3
      vertex 44.4545 119.414 3
      vertex 44.4 119 3
    endloop
  endfacet
  facet normal 0 0 1
    outer loop
      vertex 47.5455 174.414 3
      vertex 47.5455 173.586 3
      vertex 47.6 174 3
    endloop
  endfacet
  facet normal 0 0 1
    outer loop
      vertex 47.3856 174.8 3
      vertex 47.5455 173.586 3
      vertex 47.5455 174.414 3
    endloop
  endfacet
  facet normal 0 0 1
    outer loop
      vertex 47.3856 174.8 3
      vertex 47.3856 173.2 3
      vertex 47.5455 173.586 3
    endloop
  endfacet
  facet normal 0 0 1
    outer loop
      vertex 47.1314 175.131 3
      vertex 47.3856 173.2 3
      vertex 47.3856 174.8 3
    endloop
  endfacet
  facet normal 0 0 1
    outer loop
      vertex 47.1314 175.131 3
      vertex 47.1314 172.869 3
      vertex 47.3856 173.2 3
    endloop
  endfacet
  facet normal 0 0 1
    outer loop
      vertex 46.8 175.386 3
      vertex 47.1314 172.869 3
      vertex 47.1314 175.131 3
    endloop
  endfacet
  facet normal 0 0 1
    outer loop
      vertex 46.8 175.386 3
      vertex 46.8 172.614 3
      vertex 47.1314 172.869 3
    endloop
  endfacet
  facet normal 0 0 1
    outer loop
      vertex 46.4141 175.545 3
      vertex 46.8 172.614 3
      vertex 46.8 175.386 3
    endloop
  endfacet
  facet normal 0 0 1
    outer loop
      vertex 46.4141 175.545 3
      vertex 46.4141 172.455 3
      vertex 46.8 172.614 3
    endloop
  endfacet
  facet normal 0 0 1
    outer loop
      vertex 46 175.6 3
      vertex 46.4141 172.455 3
      vertex 46.4141 175.545 3
    endloop
  endfacet
  facet normal 0 0 1
    outer loop
      vertex 46 175.6 3
      vertex 46 172.4 3
      vertex 46.4141 172.455 3
    endloop
  endfacet
  facet normal -0 0 1
    outer loop
      vertex 45.5859 175.545 3
      vertex 46 172.4 3
      vertex 46 175.6 3
    endloop
  endfacet
  facet normal 0 0 1
    outer loop
      vertex 45.5859 175.545 3
      vertex 45.5859 172.455 3
      vertex 46 172.4 3
    endloop
  endfacet
  facet normal -0 0 1
    outer loop
      vertex 45.2 175.386 3
      vertex 45.5859 172.455 3
      vertex 45.5859 175.545 3
    endloop
  endfacet
  facet normal 0 0 1
    outer loop
      vertex 45.2 175.386 3
      vertex 45.2 172.614 3
      vertex 45.5859 172.455 3
    endloop
  endfacet
  facet normal -0 0 1
    outer loop
      vertex 44.8686 175.131 3
      vertex 45.2 172.614 3
      vertex 45.2 175.386 3
    endloop
  endfacet
  facet normal 0 0 1
    outer loop
      vertex 44.8686 175.131 3
      vertex 44.8686 172.869 3
      vertex 45.2 172.614 3
    endloop
  endfacet
  facet normal -0 0 1
    outer loop
      vertex 44.6144 174.8 3
      vertex 44.8686 172.869 3
      vertex 44.8686 175.131 3
    endloop
  endfacet
  facet normal 0 0 1
    outer loop
      vertex 44.6144 174.8 3
      vertex 44.6144 173.2 3
      vertex 44.8686 172.869 3
    endloop
  endfacet
  facet normal -0 0 1
    outer loop
      vertex 44.4545 174.414 3
      vertex 44.6144 173.2 3
      vertex 44.6144 174.8 3
    endloop
  endfacet
  facet normal 0 0 1
    outer loop
      vertex 44.4545 174.414 3
      vertex 44.4545 173.586 3
      vertex 44.6144 173.2 3
    endloop
  endfacet
  facet normal 0 -0 1
    outer loop
      vertex 44.4545 173.586 3
      vertex 44.4545 174.414 3
      vertex 44.4 174 3
    endloop
  endfacet
  facet normal 1 -0 0
    outer loop
      vertex 169 0 3
      vertex 169 194 0
      vertex 169 194 3
    endloop
  endfacet
  facet normal 1 0 0
    outer loop
      vertex 169 194 0
      vertex 169 0 3
      vertex 169 0 0
    endloop
  endfacet
  facet normal 0 1 -0
    outer loop
      vertex 169 194 0
      vertex 0 194 3
      vertex 169 194 3
    endloop
  endfacet
  facet normal 0 1 0
    outer loop
      vertex 0 194 3
      vertex 169 194 0
      vertex 0 194 0
    endloop
  endfacet
  facet normal 0 0 -1
    outer loop
      vertex 10 8 0
      vertex 30 186 0
      vertex 30 8 0
    endloop
  endfacet
  facet normal -0 0 -1
    outer loop
      vertex 30 186 0
      vertex 10 8 0
      vertex 10 186 0
    endloop
  endfacet
  facet normal 0 0 -1
    outer loop
      vertex 53 8 0
      vertex 73 186 0
      vertex 73 8 0
    endloop
  endfacet
  facet normal -0 0 -1
    outer loop
      vertex 73 186 0
      vertex 53 8 0
      vertex 53 186 0
    endloop
  endfacet
  facet normal 0 0 -1
    outer loop
      vertex 96 8 0
      vertex 116 186 0
      vertex 116 8 0
    endloop
  endfacet
  facet normal -0 0 -1
    outer loop
      vertex 116 186 0
      vertex 96 8 0
      vertex 96 186 0
    endloop
  endfacet
  facet normal 0 0 -1
    outer loop
      vertex 139 8 0
      vertex 159 186 0
      vertex 159 8 0
    endloop
  endfacet
  facet normal -0 0 -1
    outer loop
      vertex 159 186 0
      vertex 139 8 0
      vertex 139 186 0
    endloop
  endfacet
  facet normal 0 0 -1
    outer loop
      vertex 159 8 0
      vertex 169 0 0
      vertex 159 3 0
    endloop
  endfacet
  facet normal 0 0 -1
    outer loop
      vertex 169 0 0
      vertex 139 3 0
      vertex 159 3 0
    endloop
  endfacet
  facet normal 0 0 -1
    outer loop
      vertex 116 8 0
      vertex 139 8 0
      vertex 139 3 0
    endloop
  endfacet
  facet normal 0 0 -1
    outer loop
      vertex 139 8 0
      vertex 116 8 0
      vertex 139 186 0
    endloop
  endfacet
  facet normal 0 0 -1
    outer loop
      vertex 116 8 0
      vertex 139 3 0
      vertex 116 3 0
    endloop
  endfacet
  facet normal 0 0 -1
    outer loop
      vertex 169 0 0
      vertex 116 3 0
      vertex 139 3 0
    endloop
  endfacet
  facet normal 0 0 -1
    outer loop
      vertex 169 0 0
      vertex 96 3 0
      vertex 116 3 0
    endloop
  endfacet
  facet normal 0 0 -1
    outer loop
      vertex 73 8 0
      vertex 96 8 0
      vertex 96 3 0
    endloop
  endfacet
  facet normal 0 0 -1
    outer loop
      vertex 96 8 0
      vertex 73 8 0
      vertex 96 186 0
    endloop
  endfacet
  facet normal 0 0 -1
    outer loop
      vertex 73 8 0
      vertex 96 3 0
      vertex 73 3 0
    endloop
  endfacet
  facet normal 0 0 -1
    outer loop
      vertex 169 0 0
      vertex 73 3 0
      vertex 96 3 0
    endloop
  endfacet
  facet normal 0 0 -1
    outer loop
      vertex 0 0 0
      vertex 73 3 0
      vertex 169 0 0
    endloop
  endfacet
  facet normal 0 0 -1
    outer loop
      vertex 30 8 0
      vertex 53 8 0
      vertex 53 3 0
    endloop
  endfacet
  facet normal 0 0 -1
    outer loop
      vertex 53 8 0
      vertex 30 8 0
      vertex 53 186 0
    endloop
  endfacet
  facet normal 0 0 -1
    outer loop
      vertex 30 8 0
      vertex 53 3 0
      vertex 30 3 0
    endloop
  endfacet
  facet normal -0 0 -1
    outer loop
      vertex 73 3 0
      vertex 0 0 0
      vertex 53 3 0
    endloop
  endfacet
  facet normal -0 0 -1
    outer loop
      vertex 53 3 0
      vertex 0 0 0
      vertex 30 3 0
    endloop
  endfacet
  facet normal 0 0 -1
    outer loop
      vertex 0 0 0
      vertex 10 8 0
      vertex 10 3 0
    endloop
  endfacet
  facet normal -0 0 -1
    outer loop
      vertex 10 8 0
      vertex 0 0 0
      vertex 10 186 0
    endloop
  endfacet
  facet normal 0 0 -1
    outer loop
      vertex 0 194 0
      vertex 10 186 0
      vertex 0 0 0
    endloop
  endfacet
  facet normal -0 0 -1
    outer loop
      vertex 30 3 0
      vertex 0 0 0
      vertex 10 3 0
    endloop
  endfacet
  facet normal 0 0 -1
    outer loop
      vertex 169 0 0
      vertex 159 8 0
      vertex 169 194 0
    endloop
  endfacet
  facet normal 0 0 -1
    outer loop
      vertex 159 186 0
      vertex 169 194 0
      vertex 159 8 0
    endloop
  endfacet
  facet normal 0 0 -1
    outer loop
      vertex 159 191 0
      vertex 169 194 0
      vertex 159 186 0
    endloop
  endfacet
  facet normal 0 0 -1
    outer loop
      vertex 139 191 0
      vertex 169 194 0
      vertex 159 191 0
    endloop
  endfacet
  facet normal 0 0 -1
    outer loop
      vertex 116 186 0
      vertex 139 186 0
      vertex 116 8 0
    endloop
  endfacet
  facet normal 0 0 -1
    outer loop
      vertex 139 186 0
      vertex 116 186 0
      vertex 139 191 0
    endloop
  endfacet
  facet normal 0 0 -1
    outer loop
      vertex 116 191 0
      vertex 139 191 0
      vertex 116 186 0
    endloop
  endfacet
  facet normal 0 0 -1
    outer loop
      vertex 116 191 0
      vertex 169 194 0
      vertex 139 191 0
    endloop
  endfacet
  facet normal 0 0 -1
    outer loop
      vertex 96 191 0
      vertex 169 194 0
      vertex 116 191 0
    endloop
  endfacet
  facet normal 0 0 -1
    outer loop
      vertex 73 186 0
      vertex 96 186 0
      vertex 73 8 0
    endloop
  endfacet
  facet normal 0 0 -1
    outer loop
      vertex 96 186 0
      vertex 73 186 0
      vertex 96 191 0
    endloop
  endfacet
  facet normal 0 0 -1
    outer loop
      vertex 73 191 0
      vertex 96 191 0
      vertex 73 186 0
    endloop
  endfacet
  facet normal 0 0 -1
    outer loop
      vertex 73 191 0
      vertex 169 194 0
      vertex 96 191 0
    endloop
  endfacet
  facet normal 0 0 -1
    outer loop
      vertex 0 194 0
      vertex 73 191 0
      vertex 53 191 0
    endloop
  endfacet
  facet normal 0 0 -1
    outer loop
      vertex 30 186 0
      vertex 53 186 0
      vertex 30 8 0
    endloop
  endfacet
  facet normal 0 0 -1
    outer loop
      vertex 53 186 0
      vertex 30 186 0
      vertex 53 191 0
    endloop
  endfacet
  facet normal 0 0 -1
    outer loop
      vertex 30 191 0
      vertex 53 191 0
      vertex 30 186 0
    endloop
  endfacet
  facet normal 0 0 -1
    outer loop
      vertex 0 194 0
      vertex 53 191 0
      vertex 30 191 0
    endloop
  endfacet
  facet normal 0 0 -1
    outer loop
      vertex 0 194 0
      vertex 30 191 0
      vertex 10 191 0
    endloop
  endfacet
  facet normal 0 0 -1
    outer loop
      vertex 73 191 0
      vertex 0 194 0
      vertex 169 194 0
    endloop
  endfacet
  facet normal 0 0 -1
    outer loop
      vertex 10 186 0
      vertex 0 194 0
      vertex 10 191 0
    endloop
  endfacet
  facet normal 0 -1 0
    outer loop
      vertex 0 0 0
      vertex 169 0 3
      vertex 0 0 3
    endloop
  endfacet
  facet normal 0 -1 -0
    outer loop
      vertex 169 0 3
      vertex 0 0 0
      vertex 169 0 0
    endloop
  endfacet
  facet normal -0.38087 -0.924628 0
    outer loop
      vertex 102.414 141.545 3
      vertex 102.8 141.386 23
      vertex 102.414 141.545 23
    endloop
  endfacet
  facet normal -0.38087 -0.924628 -0
    outer loop
      vertex 102.8 141.386 23
      vertex 102.414 141.545 3
      vertex 102.8 141.386 3
    endloop
  endfacet
  facet normal 0.991291 0.131693 -9.43092e-20
    outer loop
      vertex 100.455 139.586 23
      vertex 100.4 140 3
      vertex 100.4 140 23
    endloop
  endfacet
  facet normal 0.991291 0.131693 -9.43092e-20
    outer loop
      vertex 100.4 140 3
      vertex 100.455 139.586 23
      vertex 100.455 139.586 3
    endloop
  endfacet
  facet normal -0.792179 0.610289 -4.28144e-19
    outer loop
      vertex 103.131 138.869 3
      vertex 103.386 139.2 23
      vertex 103.386 139.2 3
    endloop
  endfacet
  facet normal -0.792179 0.610289 -4.28144e-19
    outer loop
      vertex 103.386 139.2 23
      vertex 103.131 138.869 3
      vertex 103.131 138.869 23
    endloop
  endfacet
  facet normal 0.131693 0.991291 -0
    outer loop
      vertex 102 138.4 3
      vertex 101.586 138.455 23
      vertex 102 138.4 23
    endloop
  endfacet
  facet normal 0.131693 0.991291 0
    outer loop
      vertex 101.586 138.455 23
      vertex 102 138.4 3
      vertex 101.586 138.455 3
    endloop
  endfacet
  facet normal -0.610289 -0.792179 0
    outer loop
      vertex 102.8 141.386 3
      vertex 103.131 141.131 23
      vertex 102.8 141.386 23
    endloop
  endfacet
  facet normal -0.610289 -0.792179 -0
    outer loop
      vertex 103.131 141.131 23
      vertex 102.8 141.386 3
      vertex 103.131 141.131 3
    endloop
  endfacet
  facet normal 0.131693 -0.991291 0
    outer loop
      vertex 101.586 141.545 3
      vertex 102 141.6 23
      vertex 101.586 141.545 23
    endloop
  endfacet
  facet normal 0.131693 -0.991291 0
    outer loop
      vertex 102 141.6 23
      vertex 101.586 141.545 3
      vertex 102 141.6 3
    endloop
  endfacet
  facet normal 0.610289 -0.792179 0
    outer loop
      vertex 100.869 141.131 3
      vertex 101.2 141.386 23
      vertex 100.869 141.131 23
    endloop
  endfacet
  facet normal 0.610289 -0.792179 0
    outer loop
      vertex 101.2 141.386 23
      vertex 100.869 141.131 3
      vertex 101.2 141.386 3
    endloop
  endfacet
  facet normal 0.991291 -0.131693 9.43092e-20
    outer loop
      vertex 100.4 140 23
      vertex 100.455 140.414 3
      vertex 100.455 140.414 23
    endloop
  endfacet
  facet normal 0.991291 -0.131693 9.43092e-20
    outer loop
      vertex 100.455 140.414 3
      vertex 100.4 140 23
      vertex 100.4 140 3
    endloop
  endfacet
  facet normal 0.792179 -0.610289 -4.28144e-19
    outer loop
      vertex 100.614 140.8 23
      vertex 100.869 141.131 3
      vertex 100.869 141.131 23
    endloop
  endfacet
  facet normal 0.792179 -0.610289 -4.28144e-19
    outer loop
      vertex 100.869 141.131 3
      vertex 100.614 140.8 23
      vertex 100.614 140.8 3
    endloop
  endfacet
  facet normal -0.991291 0.131693 9.43092e-20
    outer loop
      vertex 103.545 139.586 3
      vertex 103.6 140 23
      vertex 103.6 140 3
    endloop
  endfacet
  facet normal -0.991291 0.131693 9.43092e-20
    outer loop
      vertex 103.6 140 23
      vertex 103.545 139.586 3
      vertex 103.545 139.586 23
    endloop
  endfacet
  facet normal 0.38087 0.924628 -0
    outer loop
      vertex 101.586 138.455 3
      vertex 101.2 138.614 23
      vertex 101.586 138.455 23
    endloop
  endfacet
  facet normal 0.38087 0.924628 0
    outer loop
      vertex 101.2 138.614 23
      vertex 101.586 138.455 3
      vertex 101.2 138.614 3
    endloop
  endfacet
  facet normal -0.924628 -0.38087 -2.13044e-19
    outer loop
      vertex 103.545 140.414 3
      vertex 103.386 140.8 23
      vertex 103.386 140.8 3
    endloop
  endfacet
  facet normal -0.924628 -0.38087 -2.13044e-19
    outer loop
      vertex 103.386 140.8 23
      vertex 103.545 140.414 3
      vertex 103.545 140.414 23
    endloop
  endfacet
  facet normal -0.792179 -0.610289 4.28144e-19
    outer loop
      vertex 103.386 140.8 3
      vertex 103.131 141.131 23
      vertex 103.131 141.131 3
    endloop
  endfacet
  facet normal -0.792179 -0.610289 4.28144e-19
    outer loop
      vertex 103.131 141.131 23
      vertex 103.386 140.8 3
      vertex 103.386 140.8 23
    endloop
  endfacet
  facet normal -0.131693 -0.991291 0
    outer loop
      vertex 102 141.6 3
      vertex 102.414 141.545 23
      vertex 102 141.6 23
    endloop
  endfacet
  facet normal -0.131693 -0.991291 -0
    outer loop
      vertex 102.414 141.545 23
      vertex 102 141.6 3
      vertex 102.414 141.545 3
    endloop
  endfacet
  facet normal 0.924628 -0.38087 2.13044e-19
    outer loop
      vertex 100.455 140.414 23
      vertex 100.614 140.8 3
      vertex 100.614 140.8 23
    endloop
  endfacet
  facet normal 0.924628 -0.38087 2.13044e-19
    outer loop
      vertex 100.614 140.8 3
      vertex 100.455 140.414 23
      vertex 100.455 140.414 3
    endloop
  endfacet
  facet normal 0.38087 -0.924628 0
    outer loop
      vertex 101.2 141.386 3
      vertex 101.586 141.545 23
      vertex 101.2 141.386 23
    endloop
  endfacet
  facet normal 0.38087 -0.924628 0
    outer loop
      vertex 101.586 141.545 23
      vertex 101.2 141.386 3
      vertex 101.586 141.545 3
    endloop
  endfacet
  facet normal -0.991291 -0.131693 -9.43092e-20
    outer loop
      vertex 103.6 140 3
      vertex 103.545 140.414 23
      vertex 103.545 140.414 3
    endloop
  endfacet
  facet normal -0.991291 -0.131693 -9.43092e-20
    outer loop
      vertex 103.545 140.414 23
      vertex 103.6 140 3
      vertex 103.6 140 23
    endloop
  endfacet
  facet normal -0.38087 0.924628 0
    outer loop
      vertex 102.8 138.614 3
      vertex 102.414 138.455 23
      vertex 102.8 138.614 23
    endloop
  endfacet
  facet normal -0.38087 0.924628 0
    outer loop
      vertex 102.414 138.455 23
      vertex 102.8 138.614 3
      vertex 102.414 138.455 3
    endloop
  endfacet
  facet normal -0.131693 0.991291 0
    outer loop
      vertex 102.414 138.455 3
      vertex 102 138.4 23
      vertex 102.414 138.455 23
    endloop
  endfacet
  facet normal -0.131693 0.991291 0
    outer loop
      vertex 102 138.4 23
      vertex 102.414 138.455 3
      vertex 102 138.4 3
    endloop
  endfacet
  facet normal 0.610289 0.792179 -0
    outer loop
      vertex 101.2 138.614 3
      vertex 100.869 138.869 23
      vertex 101.2 138.614 23
    endloop
  endfacet
  facet normal 0.610289 0.792179 0
    outer loop
      vertex 100.869 138.869 23
      vertex 101.2 138.614 3
      vertex 100.869 138.869 3
    endloop
  endfacet
  facet normal 0.924628 0.38087 -2.13044e-19
    outer loop
      vertex 100.614 139.2 23
      vertex 100.455 139.586 3
      vertex 100.455 139.586 23
    endloop
  endfacet
  facet normal 0.924628 0.38087 -2.13044e-19
    outer loop
      vertex 100.455 139.586 3
      vertex 100.614 139.2 23
      vertex 100.614 139.2 3
    endloop
  endfacet
  facet normal -0.610289 0.792179 0
    outer loop
      vertex 103.131 138.869 3
      vertex 102.8 138.614 23
      vertex 103.131 138.869 23
    endloop
  endfacet
  facet normal -0.610289 0.792179 0
    outer loop
      vertex 102.8 138.614 23
      vertex 103.131 138.869 3
      vertex 102.8 138.614 3
    endloop
  endfacet
  facet normal 0.792179 0.610289 4.28144e-19
    outer loop
      vertex 100.869 138.869 23
      vertex 100.614 139.2 3
      vertex 100.614 139.2 23
    endloop
  endfacet
  facet normal 0.792179 0.610289 4.28144e-19
    outer loop
      vertex 100.614 139.2 3
      vertex 100.869 138.869 23
      vertex 100.869 138.869 3
    endloop
  endfacet
  facet normal -0.924628 0.38087 2.13044e-19
    outer loop
      vertex 103.386 139.2 3
      vertex 103.545 139.586 23
      vertex 103.545 139.586 3
    endloop
  endfacet
  facet normal -0.924628 0.38087 2.13044e-19
    outer loop
      vertex 103.545 139.586 23
      vertex 103.386 139.2 3
      vertex 103.386 139.2 23
    endloop
  endfacet
  facet normal -0.38087 -0.924628 0
    outer loop
      vertex 102.414 175.545 3
      vertex 102.8 175.386 23
      vertex 102.414 175.545 23
    endloop
  endfacet
  facet normal -0.38087 -0.924628 -0
    outer loop
      vertex 102.8 175.386 23
      vertex 102.414 175.545 3
      vertex 102.8 175.386 3
    endloop
  endfacet
  facet normal 0.991291 0.131693 -9.43092e-20
    outer loop
      vertex 100.455 173.586 23
      vertex 100.4 174 3
      vertex 100.4 174 23
    endloop
  endfacet
  facet normal 0.991291 0.131693 -9.43092e-20
    outer loop
      vertex 100.4 174 3
      vertex 100.455 173.586 23
      vertex 100.455 173.586 3
    endloop
  endfacet
  facet normal -0.792179 0.610289 -4.28144e-19
    outer loop
      vertex 103.131 172.869 3
      vertex 103.386 173.2 23
      vertex 103.386 173.2 3
    endloop
  endfacet
  facet normal -0.792179 0.610289 -4.28144e-19
    outer loop
      vertex 103.386 173.2 23
      vertex 103.131 172.869 3
      vertex 103.131 172.869 23
    endloop
  endfacet
  facet normal 0.131693 0.991291 -0
    outer loop
      vertex 102 172.4 3
      vertex 101.586 172.455 23
      vertex 102 172.4 23
    endloop
  endfacet
  facet normal 0.131693 0.991291 0
    outer loop
      vertex 101.586 172.455 23
      vertex 102 172.4 3
      vertex 101.586 172.455 3
    endloop
  endfacet
  facet normal -0.610289 -0.792179 0
    outer loop
      vertex 102.8 175.386 3
      vertex 103.131 175.131 23
      vertex 102.8 175.386 23
    endloop
  endfacet
  facet normal -0.610289 -0.792179 -0
    outer loop
      vertex 103.131 175.131 23
      vertex 102.8 175.386 3
      vertex 103.131 175.131 3
    endloop
  endfacet
  facet normal 0.131693 -0.991291 0
    outer loop
      vertex 101.586 175.545 3
      vertex 102 175.6 23
      vertex 101.586 175.545 23
    endloop
  endfacet
  facet normal 0.131693 -0.991291 0
    outer loop
      vertex 102 175.6 23
      vertex 101.586 175.545 3
      vertex 102 175.6 3
    endloop
  endfacet
  facet normal 0.610289 -0.792179 0
    outer loop
      vertex 100.869 175.131 3
      vertex 101.2 175.386 23
      vertex 100.869 175.131 23
    endloop
  endfacet
  facet normal 0.610289 -0.792179 0
    outer loop
      vertex 101.2 175.386 23
      vertex 100.869 175.131 3
      vertex 101.2 175.386 3
    endloop
  endfacet
  facet normal 0.991291 -0.131693 9.43092e-20
    outer loop
      vertex 100.4 174 23
      vertex 100.455 174.414 3
      vertex 100.455 174.414 23
    endloop
  endfacet
  facet normal 0.991291 -0.131693 9.43092e-20
    outer loop
      vertex 100.455 174.414 3
      vertex 100.4 174 23
      vertex 100.4 174 3
    endloop
  endfacet
  facet normal 0.792179 -0.610289 -4.28144e-19
    outer loop
      vertex 100.614 174.8 23
      vertex 100.869 175.131 3
      vertex 100.869 175.131 23
    endloop
  endfacet
  facet normal 0.792179 -0.610289 -4.28144e-19
    outer loop
      vertex 100.869 175.131 3
      vertex 100.614 174.8 23
      vertex 100.614 174.8 3
    endloop
  endfacet
  facet normal -0.991291 0.131693 9.43092e-20
    outer loop
      vertex 103.545 173.586 3
      vertex 103.6 174 23
      vertex 103.6 174 3
    endloop
  endfacet
  facet normal -0.991291 0.131693 9.43092e-20
    outer loop
      vertex 103.6 174 23
      vertex 103.545 173.586 3
      vertex 103.545 173.586 23
    endloop
  endfacet
  facet normal 0.792179 0.610289 4.28144e-19
    outer loop
      vertex 100.869 172.869 23
      vertex 100.614 173.2 3
      vertex 100.614 173.2 23
    endloop
  endfacet
  facet normal 0.792179 0.610289 4.28144e-19
    outer loop
      vertex 100.614 173.2 3
      vertex 100.869 172.869 23
      vertex 100.869 172.869 3
    endloop
  endfacet
  facet normal 0.38087 0.924628 -0
    outer loop
      vertex 101.586 172.455 3
      vertex 101.2 172.614 23
      vertex 101.586 172.455 23
    endloop
  endfacet
  facet normal 0.38087 0.924628 0
    outer loop
      vertex 101.2 172.614 23
      vertex 101.586 172.455 3
      vertex 101.2 172.614 3
    endloop
  endfacet
  facet normal 0.610289 0.792179 -0
    outer loop
      vertex 101.2 172.614 3
      vertex 100.869 172.869 23
      vertex 101.2 172.614 23
    endloop
  endfacet
  facet normal 0.610289 0.792179 0
    outer loop
      vertex 100.869 172.869 23
      vertex 101.2 172.614 3
      vertex 100.869 172.869 3
    endloop
  endfacet
  facet normal -0.792179 -0.610289 4.28144e-19
    outer loop
      vertex 103.386 174.8 3
      vertex 103.131 175.131 23
      vertex 103.131 175.131 3
    endloop
  endfacet
  facet normal -0.792179 -0.610289 4.28144e-19
    outer loop
      vertex 103.131 175.131 23
      vertex 103.386 174.8 3
      vertex 103.386 174.8 23
    endloop
  endfacet
  facet normal -0.131693 -0.991291 0
    outer loop
      vertex 102 175.6 3
      vertex 102.414 175.545 23
      vertex 102 175.6 23
    endloop
  endfacet
  facet normal -0.131693 -0.991291 -0
    outer loop
      vertex 102.414 175.545 23
      vertex 102 175.6 3
      vertex 102.414 175.545 3
    endloop
  endfacet
  facet normal 0.924628 -0.38087 2.13044e-19
    outer loop
      vertex 100.455 174.414 23
      vertex 100.614 174.8 3
      vertex 100.614 174.8 23
    endloop
  endfacet
  facet normal 0.924628 -0.38087 2.13044e-19
    outer loop
      vertex 100.614 174.8 3
      vertex 100.455 174.414 23
      vertex 100.455 174.414 3
    endloop
  endfacet
  facet normal 0.38087 -0.924628 0
    outer loop
      vertex 101.2 175.386 3
      vertex 101.586 175.545 23
      vertex 101.2 175.386 23
    endloop
  endfacet
  facet normal 0.38087 -0.924628 0
    outer loop
      vertex 101.586 175.545 23
      vertex 101.2 175.386 3
      vertex 101.586 175.545 3
    endloop
  endfacet
  facet normal -0.991291 -0.131693 -9.43092e-20
    outer loop
      vertex 103.6 174 3
      vertex 103.545 174.414 23
      vertex 103.545 174.414 3
    endloop
  endfacet
  facet normal -0.991291 -0.131693 -9.43092e-20
    outer loop
      vertex 103.545 174.414 23
      vertex 103.6 174 3
      vertex 103.6 174 23
    endloop
  endfacet
  facet normal -0.924628 0.38087 2.13044e-19
    outer loop
      vertex 103.386 173.2 3
      vertex 103.545 173.586 23
      vertex 103.545 173.586 3
    endloop
  endfacet
  facet normal -0.924628 0.38087 2.13044e-19
    outer loop
      vertex 103.545 173.586 23
      vertex 103.386 173.2 3
      vertex 103.386 173.2 23
    endloop
  endfacet
  facet normal -0.38087 0.924628 0
    outer loop
      vertex 102.8 172.614 3
      vertex 102.414 172.455 23
      vertex 102.8 172.614 23
    endloop
  endfacet
  facet normal -0.38087 0.924628 0
    outer loop
      vertex 102.414 172.455 23
      vertex 102.8 172.614 3
      vertex 102.414 172.455 3
    endloop
  endfacet
  facet normal -0.131693 0.991291 0
    outer loop
      vertex 102.414 172.455 3
      vertex 102 172.4 23
      vertex 102.414 172.455 23
    endloop
  endfacet
  facet normal -0.131693 0.991291 0
    outer loop
      vertex 102 172.4 23
      vertex 102.414 172.455 3
      vertex 102 172.4 3
    endloop
  endfacet
  facet normal 0.924628 0.38087 -2.13044e-19
    outer loop
      vertex 100.614 173.2 23
      vertex 100.455 173.586 3
      vertex 100.455 173.586 23
    endloop
  endfacet
  facet normal 0.924628 0.38087 -2.13044e-19
    outer loop
      vertex 100.455 173.586 3
      vertex 100.614 173.2 23
      vertex 100.614 173.2 3
    endloop
  endfacet
  facet normal -0.924628 -0.38087 -2.13044e-19
    outer loop
      vertex 103.545 174.414 3
      vertex 103.386 174.8 23
      vertex 103.386 174.8 3
    endloop
  endfacet
  facet normal -0.924628 -0.38087 -2.13044e-19
    outer loop
      vertex 103.386 174.8 23
      vertex 103.545 174.414 3
      vertex 103.545 174.414 23
    endloop
  endfacet
  facet normal -0.610289 0.792179 0
    outer loop
      vertex 103.131 172.869 3
      vertex 102.8 172.614 23
      vertex 103.131 172.869 23
    endloop
  endfacet
  facet normal -0.610289 0.792179 0
    outer loop
      vertex 102.8 172.614 23
      vertex 103.131 172.869 3
      vertex 102.8 172.614 3
    endloop
  endfacet
  facet normal -0.991291 -0.131693 -2.00584e-19
    outer loop
      vertex 158.6 140 3
      vertex 158.545 140.414 23
      vertex 158.545 140.414 3
    endloop
  endfacet
  facet normal -0.991291 -0.131693 -2.00584e-19
    outer loop
      vertex 158.545 140.414 23
      vertex 158.6 140 3
      vertex 158.6 140 23
    endloop
  endfacet
  facet normal 0.131693 -0.991291 0
    outer loop
      vertex 156.586 141.545 3
      vertex 157 141.6 23
      vertex 156.586 141.545 23
    endloop
  endfacet
  facet normal 0.131693 -0.991291 0
    outer loop
      vertex 157 141.6 23
      vertex 156.586 141.545 3
      vertex 157 141.6 3
    endloop
  endfacet
  facet normal -0.610289 -0.792179 0
    outer loop
      vertex 157.8 141.386 3
      vertex 158.131 141.131 23
      vertex 157.8 141.386 23
    endloop
  endfacet
  facet normal -0.610289 -0.792179 -0
    outer loop
      vertex 158.131 141.131 23
      vertex 157.8 141.386 3
      vertex 158.131 141.131 3
    endloop
  endfacet
  facet normal 0.792179 -0.610289 -4.28144e-19
    outer loop
      vertex 155.614 140.8 23
      vertex 155.869 141.131 3
      vertex 155.869 141.131 23
    endloop
  endfacet
  facet normal 0.792179 -0.610289 -4.28144e-19
    outer loop
      vertex 155.869 141.131 3
      vertex 155.614 140.8 23
      vertex 155.614 140.8 3
    endloop
  endfacet
  facet normal 0.610289 -0.792179 0
    outer loop
      vertex 155.869 141.131 3
      vertex 156.2 141.386 23
      vertex 155.869 141.131 23
    endloop
  endfacet
  facet normal 0.610289 -0.792179 0
    outer loop
      vertex 156.2 141.386 23
      vertex 155.869 141.131 3
      vertex 156.2 141.386 3
    endloop
  endfacet
  facet normal -0.924628 0.38087 -1.79363e-19
    outer loop
      vertex 158.386 139.2 3
      vertex 158.545 139.586 23
      vertex 158.545 139.586 3
    endloop
  endfacet
  facet normal -0.924628 0.38087 -1.79363e-19
    outer loop
      vertex 158.545 139.586 23
      vertex 158.386 139.2 3
      vertex 158.386 139.2 23
    endloop
  endfacet
  facet normal 0.38087 0.924628 -0
    outer loop
      vertex 156.586 138.455 3
      vertex 156.2 138.614 23
      vertex 156.586 138.455 23
    endloop
  endfacet
  facet normal 0.38087 0.924628 0
    outer loop
      vertex 156.2 138.614 23
      vertex 156.586 138.455 3
      vertex 156.2 138.614 3
    endloop
  endfacet
  facet normal -0.792179 -0.610289 4.28144e-19
    outer loop
      vertex 158.386 140.8 3
      vertex 158.131 141.131 23
      vertex 158.131 141.131 3
    endloop
  endfacet
  facet normal -0.792179 -0.610289 4.28144e-19
    outer loop
      vertex 158.131 141.131 23
      vertex 158.386 140.8 3
      vertex 158.386 140.8 23
    endloop
  endfacet
  facet normal -0.924628 -0.38087 1.79363e-19
    outer loop
      vertex 158.545 140.414 3
      vertex 158.386 140.8 23
      vertex 158.386 140.8 3
    endloop
  endfacet
  facet normal -0.924628 -0.38087 1.79363e-19
    outer loop
      vertex 158.386 140.8 23
      vertex 158.545 140.414 3
      vertex 158.545 140.414 23
    endloop
  endfacet
  facet normal -0.131693 -0.991291 0
    outer loop
      vertex 157 141.6 3
      vertex 157.414 141.545 23
      vertex 157 141.6 23
    endloop
  endfacet
  facet normal -0.131693 -0.991291 -0
    outer loop
      vertex 157.414 141.545 23
      vertex 157 141.6 3
      vertex 157.414 141.545 3
    endloop
  endfacet
  facet normal -0.38087 -0.924628 0
    outer loop
      vertex 157.414 141.545 3
      vertex 157.8 141.386 23
      vertex 157.414 141.545 23
    endloop
  endfacet
  facet normal -0.38087 -0.924628 -0
    outer loop
      vertex 157.8 141.386 23
      vertex 157.414 141.545 3
      vertex 157.8 141.386 3
    endloop
  endfacet
  facet normal 0.924628 -0.38087 -1.79363e-19
    outer loop
      vertex 155.455 140.414 23
      vertex 155.614 140.8 3
      vertex 155.614 140.8 23
    endloop
  endfacet
  facet normal 0.924628 -0.38087 -1.79363e-19
    outer loop
      vertex 155.614 140.8 3
      vertex 155.455 140.414 23
      vertex 155.455 140.414 3
    endloop
  endfacet
  facet normal 0.991291 -0.131693 2.00584e-19
    outer loop
      vertex 155.4 140 23
      vertex 155.455 140.414 3
      vertex 155.455 140.414 23
    endloop
  endfacet
  facet normal 0.991291 -0.131693 2.00584e-19
    outer loop
      vertex 155.455 140.414 3
      vertex 155.4 140 23
      vertex 155.4 140 3
    endloop
  endfacet
  facet normal 0.991291 0.131693 -2.00584e-19
    outer loop
      vertex 155.455 139.586 23
      vertex 155.4 140 3
      vertex 155.4 140 23
    endloop
  endfacet
  facet normal 0.991291 0.131693 -2.00584e-19
    outer loop
      vertex 155.4 140 3
      vertex 155.455 139.586 23
      vertex 155.455 139.586 3
    endloop
  endfacet
  facet normal 0.38087 -0.924628 0
    outer loop
      vertex 156.2 141.386 3
      vertex 156.586 141.545 23
      vertex 156.2 141.386 23
    endloop
  endfacet
  facet normal 0.38087 -0.924628 0
    outer loop
      vertex 156.586 141.545 23
      vertex 156.2 141.386 3
      vertex 156.586 141.545 3
    endloop
  endfacet
  facet normal -0.991291 0.131693 2.00584e-19
    outer loop
      vertex 158.545 139.586 3
      vertex 158.6 140 23
      vertex 158.6 140 3
    endloop
  endfacet
  facet normal -0.991291 0.131693 2.00584e-19
    outer loop
      vertex 158.6 140 23
      vertex 158.545 139.586 3
      vertex 158.545 139.586 23
    endloop
  endfacet
  facet normal -0.38087 0.924628 0
    outer loop
      vertex 157.8 138.614 3
      vertex 157.414 138.455 23
      vertex 157.8 138.614 23
    endloop
  endfacet
  facet normal -0.38087 0.924628 0
    outer loop
      vertex 157.414 138.455 23
      vertex 157.8 138.614 3
      vertex 157.414 138.455 3
    endloop
  endfacet
  facet normal 0.131693 0.991291 -0
    outer loop
      vertex 157 138.4 3
      vertex 156.586 138.455 23
      vertex 157 138.4 23
    endloop
  endfacet
  facet normal 0.131693 0.991291 0
    outer loop
      vertex 156.586 138.455 23
      vertex 157 138.4 3
      vertex 156.586 138.455 3
    endloop
  endfacet
  facet normal 0.610289 0.792179 -0
    outer loop
      vertex 156.2 138.614 3
      vertex 155.869 138.869 23
      vertex 156.2 138.614 23
    endloop
  endfacet
  facet normal 0.610289 0.792179 0
    outer loop
      vertex 155.869 138.869 23
      vertex 156.2 138.614 3
      vertex 155.869 138.869 3
    endloop
  endfacet
  facet normal 0.924628 0.38087 1.79363e-19
    outer loop
      vertex 155.614 139.2 23
      vertex 155.455 139.586 3
      vertex 155.455 139.586 23
    endloop
  endfacet
  facet normal 0.924628 0.38087 1.79363e-19
    outer loop
      vertex 155.455 139.586 3
      vertex 155.614 139.2 23
      vertex 155.614 139.2 3
    endloop
  endfacet
  facet normal -0.792179 0.610289 -4.28144e-19
    outer loop
      vertex 158.131 138.869 3
      vertex 158.386 139.2 23
      vertex 158.386 139.2 3
    endloop
  endfacet
  facet normal -0.792179 0.610289 -4.28144e-19
    outer loop
      vertex 158.386 139.2 23
      vertex 158.131 138.869 3
      vertex 158.131 138.869 23
    endloop
  endfacet
  facet normal -0.131693 0.991291 0
    outer loop
      vertex 157.414 138.455 3
      vertex 157 138.4 23
      vertex 157.414 138.455 23
    endloop
  endfacet
  facet normal -0.131693 0.991291 0
    outer loop
      vertex 157 138.4 23
      vertex 157.414 138.455 3
      vertex 157 138.4 3
    endloop
  endfacet
  facet normal 0.792179 0.610289 4.28144e-19
    outer loop
      vertex 155.869 138.869 23
      vertex 155.614 139.2 3
      vertex 155.614 139.2 23
    endloop
  endfacet
  facet normal 0.792179 0.610289 4.28144e-19
    outer loop
      vertex 155.614 139.2 3
      vertex 155.869 138.869 23
      vertex 155.869 138.869 3
    endloop
  endfacet
  facet normal -0.610289 0.792179 0
    outer loop
      vertex 158.131 138.869 3
      vertex 157.8 138.614 23
      vertex 158.131 138.869 23
    endloop
  endfacet
  facet normal -0.610289 0.792179 0
    outer loop
      vertex 157.8 138.614 23
      vertex 158.131 138.869 3
      vertex 157.8 138.614 3
    endloop
  endfacet
  facet normal -0.991291 -0.131693 -2.00584e-19
    outer loop
      vertex 158.6 174 3
      vertex 158.545 174.414 23
      vertex 158.545 174.414 3
    endloop
  endfacet
  facet normal -0.991291 -0.131693 -2.00584e-19
    outer loop
      vertex 158.545 174.414 23
      vertex 158.6 174 3
      vertex 158.6 174 23
    endloop
  endfacet
  facet normal 0.131693 -0.991291 0
    outer loop
      vertex 156.586 175.545 3
      vertex 157 175.6 23
      vertex 156.586 175.545 23
    endloop
  endfacet
  facet normal 0.131693 -0.991291 0
    outer loop
      vertex 157 175.6 23
      vertex 156.586 175.545 3
      vertex 157 175.6 3
    endloop
  endfacet
  facet normal -0.610289 -0.792179 0
    outer loop
      vertex 157.8 175.386 3
      vertex 158.131 175.131 23
      vertex 157.8 175.386 23
    endloop
  endfacet
  facet normal -0.610289 -0.792179 -0
    outer loop
      vertex 158.131 175.131 23
      vertex 157.8 175.386 3
      vertex 158.131 175.131 3
    endloop
  endfacet
  facet normal 0.792179 -0.610289 -4.28144e-19
    outer loop
      vertex 155.614 174.8 23
      vertex 155.869 175.131 3
      vertex 155.869 175.131 23
    endloop
  endfacet
  facet normal 0.792179 -0.610289 -4.28144e-19
    outer loop
      vertex 155.869 175.131 3
      vertex 155.614 174.8 23
      vertex 155.614 174.8 3
    endloop
  endfacet
  facet normal 0.610289 -0.792179 0
    outer loop
      vertex 155.869 175.131 3
      vertex 156.2 175.386 23
      vertex 155.869 175.131 23
    endloop
  endfacet
  facet normal 0.610289 -0.792179 0
    outer loop
      vertex 156.2 175.386 23
      vertex 155.869 175.131 3
      vertex 156.2 175.386 3
    endloop
  endfacet
  facet normal -0.924628 0.38087 -1.79363e-19
    outer loop
      vertex 158.386 173.2 3
      vertex 158.545 173.586 23
      vertex 158.545 173.586 3
    endloop
  endfacet
  facet normal -0.924628 0.38087 -1.79363e-19
    outer loop
      vertex 158.545 173.586 23
      vertex 158.386 173.2 3
      vertex 158.386 173.2 23
    endloop
  endfacet
  facet normal 0.38087 0.924628 -0
    outer loop
      vertex 156.586 172.455 3
      vertex 156.2 172.614 23
      vertex 156.586 172.455 23
    endloop
  endfacet
  facet normal 0.38087 0.924628 0
    outer loop
      vertex 156.2 172.614 23
      vertex 156.586 172.455 3
      vertex 156.2 172.614 3
    endloop
  endfacet
  facet normal -0.792179 -0.610289 4.28144e-19
    outer loop
      vertex 158.386 174.8 3
      vertex 158.131 175.131 23
      vertex 158.131 175.131 3
    endloop
  endfacet
  facet normal -0.792179 -0.610289 4.28144e-19
    outer loop
      vertex 158.131 175.131 23
      vertex 158.386 174.8 3
      vertex 158.386 174.8 23
    endloop
  endfacet
  facet normal -0.924628 -0.38087 1.79363e-19
    outer loop
      vertex 158.545 174.414 3
      vertex 158.386 174.8 23
      vertex 158.386 174.8 3
    endloop
  endfacet
  facet normal -0.924628 -0.38087 1.79363e-19
    outer loop
      vertex 158.386 174.8 23
      vertex 158.545 174.414 3
      vertex 158.545 174.414 23
    endloop
  endfacet
  facet normal -0.131693 -0.991291 0
    outer loop
      vertex 157 175.6 3
      vertex 157.414 175.545 23
      vertex 157 175.6 23
    endloop
  endfacet
  facet normal -0.131693 -0.991291 -0
    outer loop
      vertex 157.414 175.545 23
      vertex 157 175.6 3
      vertex 157.414 175.545 3
    endloop
  endfacet
  facet normal -0.38087 -0.924628 0
    outer loop
      vertex 157.414 175.545 3
      vertex 157.8 175.386 23
      vertex 157.414 175.545 23
    endloop
  endfacet
  facet normal -0.38087 -0.924628 -0
    outer loop
      vertex 157.8 175.386 23
      vertex 157.414 175.545 3
      vertex 157.8 175.386 3
    endloop
  endfacet
  facet normal 0.924628 -0.38087 -1.79363e-19
    outer loop
      vertex 155.455 174.414 23
      vertex 155.614 174.8 3
      vertex 155.614 174.8 23
    endloop
  endfacet
  facet normal 0.924628 -0.38087 -1.79363e-19
    outer loop
      vertex 155.614 174.8 3
      vertex 155.455 174.414 23
      vertex 155.455 174.414 3
    endloop
  endfacet
  facet normal 0.991291 -0.131693 2.00584e-19
    outer loop
      vertex 155.4 174 23
      vertex 155.455 174.414 3
      vertex 155.455 174.414 23
    endloop
  endfacet
  facet normal 0.991291 -0.131693 2.00584e-19
    outer loop
      vertex 155.455 174.414 3
      vertex 155.4 174 23
      vertex 155.4 174 3
    endloop
  endfacet
  facet normal 0.991291 0.131693 -2.00584e-19
    outer loop
      vertex 155.455 173.586 23
      vertex 155.4 174 3
      vertex 155.4 174 23
    endloop
  endfacet
  facet normal 0.991291 0.131693 -2.00584e-19
    outer loop
      vertex 155.4 174 3
      vertex 155.455 173.586 23
      vertex 155.455 173.586 3
    endloop
  endfacet
  facet normal 0.38087 -0.924628 0
    outer loop
      vertex 156.2 175.386 3
      vertex 156.586 175.545 23
      vertex 156.2 175.386 23
    endloop
  endfacet
  facet normal 0.38087 -0.924628 0
    outer loop
      vertex 156.586 175.545 23
      vertex 156.2 175.386 3
      vertex 156.586 175.545 3
    endloop
  endfacet
  facet normal -0.991291 0.131693 2.00584e-19
    outer loop
      vertex 158.545 173.586 3
      vertex 158.6 174 23
      vertex 158.6 174 3
    endloop
  endfacet
  facet normal -0.991291 0.131693 2.00584e-19
    outer loop
      vertex 158.6 174 23
      vertex 158.545 173.586 3
      vertex 158.545 173.586 23
    endloop
  endfacet
  facet normal -0.38087 0.924628 0
    outer loop
      vertex 157.8 172.614 3
      vertex 157.414 172.455 23
      vertex 157.8 172.614 23
    endloop
  endfacet
  facet normal -0.38087 0.924628 0
    outer loop
      vertex 157.414 172.455 23
      vertex 157.8 172.614 3
      vertex 157.414 172.455 3
    endloop
  endfacet
  facet normal 0.131693 0.991291 -0
    outer loop
      vertex 157 172.4 3
      vertex 156.586 172.455 23
      vertex 157 172.4 23
    endloop
  endfacet
  facet normal 0.131693 0.991291 0
    outer loop
      vertex 156.586 172.455 23
      vertex 157 172.4 3
      vertex 156.586 172.455 3
    endloop
  endfacet
  facet normal 0.610289 0.792179 -0
    outer loop
      vertex 156.2 172.614 3
      vertex 155.869 172.869 23
      vertex 156.2 172.614 23
    endloop
  endfacet
  facet normal 0.610289 0.792179 0
    outer loop
      vertex 155.869 172.869 23
      vertex 156.2 172.614 3
      vertex 155.869 172.869 3
    endloop
  endfacet
  facet normal 0.924628 0.38087 1.79363e-19
    outer loop
      vertex 155.614 173.2 23
      vertex 155.455 173.586 3
      vertex 155.455 173.586 23
    endloop
  endfacet
  facet normal 0.924628 0.38087 1.79363e-19
    outer loop
      vertex 155.455 173.586 3
      vertex 155.614 173.2 23
      vertex 155.614 173.2 3
    endloop
  endfacet
  facet normal -0.792179 0.610289 -4.28144e-19
    outer loop
      vertex 158.131 172.869 3
      vertex 158.386 173.2 23
      vertex 158.386 173.2 3
    endloop
  endfacet
  facet normal -0.792179 0.610289 -4.28144e-19
    outer loop
      vertex 158.386 173.2 23
      vertex 158.131 172.869 3
      vertex 158.131 172.869 23
    endloop
  endfacet
  facet normal -0.131693 0.991291 0
    outer loop
      vertex 157.414 172.455 3
      vertex 157 172.4 23
      vertex 157.414 172.455 23
    endloop
  endfacet
  facet normal -0.131693 0.991291 0
    outer loop
      vertex 157 172.4 23
      vertex 157.414 172.455 3
      vertex 157 172.4 3
    endloop
  endfacet
  facet normal 0.792179 0.610289 4.28144e-19
    outer loop
      vertex 155.869 172.869 23
      vertex 155.614 173.2 3
      vertex 155.614 173.2 23
    endloop
  endfacet
  facet normal 0.792179 0.610289 4.28144e-19
    outer loop
      vertex 155.614 173.2 3
      vertex 155.869 172.869 23
      vertex 155.869 172.869 3
    endloop
  endfacet
  facet normal -0.610289 0.792179 0
    outer loop
      vertex 158.131 172.869 3
      vertex 157.8 172.614 23
      vertex 158.131 172.869 23
    endloop
  endfacet
  facet normal -0.610289 0.792179 0
    outer loop
      vertex 157.8 172.614 23
      vertex 158.131 172.869 3
      vertex 157.8 172.614 3
    endloop
  endfacet
  facet normal -1 0 0
    outer loop
      vertex 93 131 3
      vertex 93 183 23
      vertex 93 183 3
    endloop
  endfacet
  facet normal -1 -0 0
    outer loop
      vertex 93 183 23
      vertex 93 131 3
      vertex 93 131 23
    endloop
  endfacet
  facet normal 0 0 1
    outer loop
      vertex 155.614 173.2 23
      vertex 103.386 173.2 23
      vertex 155.614 140.8 23
    endloop
  endfacet
  facet normal 0 0 1
    outer loop
      vertex 155.614 140.8 23
      vertex 103.545 140.414 23
      vertex 103.6 140 23
    endloop
  endfacet
  facet normal 0 0 1
    outer loop
      vertex 103.386 140.8 23
      vertex 155.614 140.8 23
      vertex 103.386 173.2 23
    endloop
  endfacet
  facet normal 0 0 1
    outer loop
      vertex 155.614 140.8 23
      vertex 103.386 140.8 23
      vertex 103.545 140.414 23
    endloop
  endfacet
  facet normal -0 0 1
    outer loop
      vertex 103.131 172.869 23
      vertex 103.386 140.8 23
      vertex 103.386 173.2 23
    endloop
  endfacet
  facet normal 0 0 1
    outer loop
      vertex 103.131 172.869 23
      vertex 103.131 141.131 23
      vertex 103.386 140.8 23
    endloop
  endfacet
  facet normal -0 0 1
    outer loop
      vertex 102.8 172.614 23
      vertex 103.131 141.131 23
      vertex 103.131 172.869 23
    endloop
  endfacet
  facet normal 0 0 1
    outer loop
      vertex 102.8 172.614 23
      vertex 102.8 141.386 23
      vertex 103.131 141.131 23
    endloop
  endfacet
  facet normal -0 0 1
    outer loop
      vertex 102.414 172.455 23
      vertex 102.8 141.386 23
      vertex 102.8 172.614 23
    endloop
  endfacet
  facet normal 0 0 1
    outer loop
      vertex 102.414 172.455 23
      vertex 102.414 141.545 23
      vertex 102.8 141.386 23
    endloop
  endfacet
  facet normal -0 0 1
    outer loop
      vertex 102 172.4 23
      vertex 102.414 141.545 23
      vertex 102.414 172.455 23
    endloop
  endfacet
  facet normal 0 0 1
    outer loop
      vertex 102 172.4 23
      vertex 102 141.6 23
      vertex 102.414 141.545 23
    endloop
  endfacet
  facet normal 0 0 1
    outer loop
      vertex 101.586 172.455 23
      vertex 102 141.6 23
      vertex 102 172.4 23
    endloop
  endfacet
  facet normal 0 0 1
    outer loop
      vertex 101.586 172.455 23
      vertex 101.586 141.545 23
      vertex 102 141.6 23
    endloop
  endfacet
  facet normal 0 0 1
    outer loop
      vertex 101.2 172.614 23
      vertex 101.586 141.545 23
      vertex 101.586 172.455 23
    endloop
  endfacet
  facet normal 0 0 1
    outer loop
      vertex 101.2 172.614 23
      vertex 101.2 141.386 23
      vertex 101.586 141.545 23
    endloop
  endfacet
  facet normal 0 0 1
    outer loop
      vertex 100.869 172.869 23
      vertex 101.2 141.386 23
      vertex 101.2 172.614 23
    endloop
  endfacet
  facet normal 0 0 1
    outer loop
      vertex 100.869 172.869 23
      vertex 100.869 141.131 23
      vertex 101.2 141.386 23
    endloop
  endfacet
  facet normal 0 0 1
    outer loop
      vertex 100.614 173.2 23
      vertex 100.869 141.131 23
      vertex 100.869 172.869 23
    endloop
  endfacet
  facet normal 0 0 1
    outer loop
      vertex 100.614 173.2 23
      vertex 100.614 140.8 23
      vertex 100.869 141.131 23
    endloop
  endfacet
  facet normal 0 0 1
    outer loop
      vertex 93 183 23
      vertex 100.614 173.2 23
      vertex 100.455 173.586 23
    endloop
  endfacet
  facet normal 0 0 1
    outer loop
      vertex 100.614 173.2 23
      vertex 93 183 23
      vertex 100.614 140.8 23
    endloop
  endfacet
  facet normal 0 0 1
    outer loop
      vertex 93 183 23
      vertex 100.455 173.586 23
      vertex 100.4 174 23
    endloop
  endfacet
  facet normal 0 0 1
    outer loop
      vertex 93 131 23
      vertex 100.614 140.8 23
      vertex 93 183 23
    endloop
  endfacet
  facet normal 0 0 1
    outer loop
      vertex 166 183 23
      vertex 158.386 173.2 23
      vertex 166 131 23
    endloop
  endfacet
  facet normal 0 0 1
    outer loop
      vertex 166 131 23
      vertex 158.545 140.414 23
      vertex 158.6 140 23
    endloop
  endfacet
  facet normal -0 0 1
    outer loop
      vertex 158.386 140.8 23
      vertex 166 131 23
      vertex 158.386 173.2 23
    endloop
  endfacet
  facet normal 0 0 1
    outer loop
      vertex 166 131 23
      vertex 158.386 140.8 23
      vertex 158.545 140.414 23
    endloop
  endfacet
  facet normal -0 0 1
    outer loop
      vertex 158.131 172.869 23
      vertex 158.386 140.8 23
      vertex 158.386 173.2 23
    endloop
  endfacet
  facet normal 0 0 1
    outer loop
      vertex 158.131 172.869 23
      vertex 158.131 141.131 23
      vertex 158.386 140.8 23
    endloop
  endfacet
  facet normal -0 0 1
    outer loop
      vertex 157.8 172.614 23
      vertex 158.131 141.131 23
      vertex 158.131 172.869 23
    endloop
  endfacet
  facet normal 0 0 1
    outer loop
      vertex 157.8 172.614 23
      vertex 157.8 141.386 23
      vertex 158.131 141.131 23
    endloop
  endfacet
  facet normal -0 0 1
    outer loop
      vertex 157.414 172.455 23
      vertex 157.8 141.386 23
      vertex 157.8 172.614 23
    endloop
  endfacet
  facet normal 0 0 1
    outer loop
      vertex 157.414 172.455 23
      vertex 157.414 141.545 23
      vertex 157.8 141.386 23
    endloop
  endfacet
  facet normal -0 0 1
    outer loop
      vertex 157 172.4 23
      vertex 157.414 141.545 23
      vertex 157.414 172.455 23
    endloop
  endfacet
  facet normal 0 0 1
    outer loop
      vertex 157 172.4 23
      vertex 157 141.6 23
      vertex 157.414 141.545 23
    endloop
  endfacet
  facet normal 0 0 1
    outer loop
      vertex 156.586 172.455 23
      vertex 157 141.6 23
      vertex 157 172.4 23
    endloop
  endfacet
  facet normal 0 0 1
    outer loop
      vertex 156.586 172.455 23
      vertex 156.586 141.545 23
      vertex 157 141.6 23
    endloop
  endfacet
  facet normal 0 0 1
    outer loop
      vertex 156.2 172.614 23
      vertex 156.586 141.545 23
      vertex 156.586 172.455 23
    endloop
  endfacet
  facet normal 0 0 1
    outer loop
      vertex 156.2 172.614 23
      vertex 156.2 141.386 23
      vertex 156.586 141.545 23
    endloop
  endfacet
  facet normal 0 0 1
    outer loop
      vertex 155.869 172.869 23
      vertex 156.2 141.386 23
      vertex 156.2 172.614 23
    endloop
  endfacet
  facet normal 0 0 1
    outer loop
      vertex 155.869 172.869 23
      vertex 155.869 141.131 23
      vertex 156.2 141.386 23
    endloop
  endfacet
  facet normal 0 0 1
    outer loop
      vertex 155.614 173.2 23
      vertex 155.869 141.131 23
      vertex 155.869 172.869 23
    endloop
  endfacet
  facet normal 0 0 1
    outer loop
      vertex 155.614 173.2 23
      vertex 155.614 140.8 23
      vertex 155.869 141.131 23
    endloop
  endfacet
  facet normal 0 0 1
    outer loop
      vertex 103.545 173.586 23
      vertex 155.455 173.586 23
      vertex 103.6 174 23
    endloop
  endfacet
  facet normal 0 0 1
    outer loop
      vertex 155.455 173.586 23
      vertex 103.545 173.586 23
      vertex 155.614 173.2 23
    endloop
  endfacet
  facet normal -0 0 1
    outer loop
      vertex 103.6 174 23
      vertex 155.455 173.586 23
      vertex 155.4 174 23
    endloop
  endfacet
  facet normal 0 0 1
    outer loop
      vertex 103.386 173.2 23
      vertex 155.614 173.2 23
      vertex 103.545 173.586 23
    endloop
  endfacet
  facet normal 0 0 1
    outer loop
      vertex 158.545 173.586 23
      vertex 166 183 23
      vertex 158.6 174 23
    endloop
  endfacet
  facet normal 0 0 1
    outer loop
      vertex 166 183 23
      vertex 158.545 174.414 23
      vertex 158.6 174 23
    endloop
  endfacet
  facet normal 0 0 1
    outer loop
      vertex 166 183 23
      vertex 158.386 174.8 23
      vertex 158.545 174.414 23
    endloop
  endfacet
  facet normal 0 0 1
    outer loop
      vertex 166 183 23
      vertex 158.131 175.131 23
      vertex 158.386 174.8 23
    endloop
  endfacet
  facet normal 0 0 1
    outer loop
      vertex 166 183 23
      vertex 157.8 175.386 23
      vertex 158.131 175.131 23
    endloop
  endfacet
  facet normal 0 0 1
    outer loop
      vertex 166 183 23
      vertex 157.414 175.545 23
      vertex 157.8 175.386 23
    endloop
  endfacet
  facet normal 0 0 1
    outer loop
      vertex 166 183 23
      vertex 157 175.6 23
      vertex 157.414 175.545 23
    endloop
  endfacet
  facet normal 0 0 1
    outer loop
      vertex 166 183 23
      vertex 156.586 175.545 23
      vertex 157 175.6 23
    endloop
  endfacet
  facet normal 0 0 1
    outer loop
      vertex 166 183 23
      vertex 156.2 175.386 23
      vertex 156.586 175.545 23
    endloop
  endfacet
  facet normal 0 0 1
    outer loop
      vertex 102.8 175.386 23
      vertex 156.2 175.386 23
      vertex 166 183 23
    endloop
  endfacet
  facet normal 0 0 1
    outer loop
      vertex 155.614 140.8 23
      vertex 103.6 140 23
      vertex 155.455 140.414 23
    endloop
  endfacet
  facet normal 0 0 1
    outer loop
      vertex 155.455 174.414 23
      vertex 103.6 174 23
      vertex 155.4 174 23
    endloop
  endfacet
  facet normal 0 0 1
    outer loop
      vertex 103.545 174.414 23
      vertex 155.455 174.414 23
      vertex 155.614 174.8 23
    endloop
  endfacet
  facet normal 0 0 1
    outer loop
      vertex 103.386 174.8 23
      vertex 155.614 174.8 23
      vertex 155.869 175.131 23
    endloop
  endfacet
  facet normal 0 0 1
    outer loop
      vertex 156.2 175.386 23
      vertex 102.8 175.386 23
      vertex 155.869 175.131 23
    endloop
  endfacet
  facet normal 0 0 1
    outer loop
      vertex 155.455 174.414 23
      vertex 103.545 174.414 23
      vertex 103.6 174 23
    endloop
  endfacet
  facet normal 0 0 1
    outer loop
      vertex 155.614 174.8 23
      vertex 103.386 174.8 23
      vertex 103.545 174.414 23
    endloop
  endfacet
  facet normal 0 0 1
    outer loop
      vertex 155.869 175.131 23
      vertex 103.131 175.131 23
      vertex 103.386 174.8 23
    endloop
  endfacet
  facet normal 0 0 1
    outer loop
      vertex 155.869 175.131 23
      vertex 102.8 175.386 23
      vertex 103.131 175.131 23
    endloop
  endfacet
  facet normal -0 0 1
    outer loop
      vertex 93 183 23
      vertex 102.8 175.386 23
      vertex 166 183 23
    endloop
  endfacet
  facet normal 0 0 1
    outer loop
      vertex 102.8 175.386 23
      vertex 93 183 23
      vertex 102.414 175.545 23
    endloop
  endfacet
  facet normal 0 0 1
    outer loop
      vertex 100.614 140.8 23
      vertex 93 131 23
      vertex 100.455 140.414 23
    endloop
  endfacet
  facet normal 0 0 1
    outer loop
      vertex 100.455 174.414 23
      vertex 93 183 23
      vertex 100.4 174 23
    endloop
  endfacet
  facet normal 0 0 1
    outer loop
      vertex 100.614 174.8 23
      vertex 93 183 23
      vertex 100.455 174.414 23
    endloop
  endfacet
  facet normal 0 0 1
    outer loop
      vertex 100.869 175.131 23
      vertex 93 183 23
      vertex 100.614 174.8 23
    endloop
  endfacet
  facet normal 0 0 1
    outer loop
      vertex 101.2 175.386 23
      vertex 93 183 23
      vertex 100.869 175.131 23
    endloop
  endfacet
  facet normal 0 0 1
    outer loop
      vertex 101.586 175.545 23
      vertex 93 183 23
      vertex 101.2 175.386 23
    endloop
  endfacet
  facet normal 0 0 1
    outer loop
      vertex 102 175.6 23
      vertex 93 183 23
      vertex 101.586 175.545 23
    endloop
  endfacet
  facet normal 0 0 1
    outer loop
      vertex 102.414 175.545 23
      vertex 93 183 23
      vertex 102 175.6 23
    endloop
  endfacet
  facet normal 0 0 1
    outer loop
      vertex 158.386 173.2 23
      vertex 166 183 23
      vertex 158.545 173.586 23
    endloop
  endfacet
  facet normal -0 0 1
    outer loop
      vertex 158.545 139.586 23
      vertex 166 131 23
      vertex 158.6 140 23
    endloop
  endfacet
  facet normal -0 0 1
    outer loop
      vertex 158.386 139.2 23
      vertex 166 131 23
      vertex 158.545 139.586 23
    endloop
  endfacet
  facet normal -0 0 1
    outer loop
      vertex 158.131 138.869 23
      vertex 166 131 23
      vertex 158.386 139.2 23
    endloop
  endfacet
  facet normal -0 0 1
    outer loop
      vertex 157.8 138.614 23
      vertex 166 131 23
      vertex 158.131 138.869 23
    endloop
  endfacet
  facet normal -0 0 1
    outer loop
      vertex 157.414 138.455 23
      vertex 166 131 23
      vertex 157.8 138.614 23
    endloop
  endfacet
  facet normal -0 0 1
    outer loop
      vertex 157 138.4 23
      vertex 166 131 23
      vertex 157.414 138.455 23
    endloop
  endfacet
  facet normal 0 0 1
    outer loop
      vertex 156.586 138.455 23
      vertex 166 131 23
      vertex 157 138.4 23
    endloop
  endfacet
  facet normal 0 0 1
    outer loop
      vertex 156.2 138.614 23
      vertex 166 131 23
      vertex 156.586 138.455 23
    endloop
  endfacet
  facet normal 0 0 1
    outer loop
      vertex 102.8 138.614 23
      vertex 156.2 138.614 23
      vertex 155.869 138.869 23
    endloop
  endfacet
  facet normal 0 0 1
    outer loop
      vertex 155.455 140.414 23
      vertex 103.6 140 23
      vertex 155.4 140 23
    endloop
  endfacet
  facet normal 0 0 1
    outer loop
      vertex 155.4 140 23
      vertex 103.6 140 23
      vertex 155.455 139.586 23
    endloop
  endfacet
  facet normal 0 0 1
    outer loop
      vertex 103.545 139.586 23
      vertex 155.455 139.586 23
      vertex 103.6 140 23
    endloop
  endfacet
  facet normal 0 0 1
    outer loop
      vertex 155.455 139.586 23
      vertex 103.545 139.586 23
      vertex 155.614 139.2 23
    endloop
  endfacet
  facet normal 0 0 1
    outer loop
      vertex 103.386 139.2 23
      vertex 155.614 139.2 23
      vertex 103.545 139.586 23
    endloop
  endfacet
  facet normal 0 0 1
    outer loop
      vertex 155.614 139.2 23
      vertex 103.386 139.2 23
      vertex 155.869 138.869 23
    endloop
  endfacet
  facet normal 0 0 1
    outer loop
      vertex 103.131 138.869 23
      vertex 155.869 138.869 23
      vertex 103.386 139.2 23
    endloop
  endfacet
  facet normal 0 0 1
    outer loop
      vertex 102.8 138.614 23
      vertex 155.869 138.869 23
      vertex 103.131 138.869 23
    endloop
  endfacet
  facet normal 0 0 1
    outer loop
      vertex 156.2 138.614 23
      vertex 102.8 138.614 23
      vertex 166 131 23
    endloop
  endfacet
  facet normal 0 0 1
    outer loop
      vertex 93 131 23
      vertex 102.8 138.614 23
      vertex 102.414 138.455 23
    endloop
  endfacet
  facet normal 0 0 1
    outer loop
      vertex 93 131 23
      vertex 102.414 138.455 23
      vertex 102 138.4 23
    endloop
  endfacet
  facet normal 0 0 1
    outer loop
      vertex 100.455 140.414 23
      vertex 93 131 23
      vertex 100.4 140 23
    endloop
  endfacet
  facet normal 0 0 1
    outer loop
      vertex 102.8 138.614 23
      vertex 93 131 23
      vertex 166 131 23
    endloop
  endfacet
  facet normal 0 0 1
    outer loop
      vertex 101.586 138.455 23
      vertex 93 131 23
      vertex 102 138.4 23
    endloop
  endfacet
  facet normal 0 0 1
    outer loop
      vertex 101.2 138.614 23
      vertex 93 131 23
      vertex 101.586 138.455 23
    endloop
  endfacet
  facet normal 0 0 1
    outer loop
      vertex 100.869 138.869 23
      vertex 93 131 23
      vertex 101.2 138.614 23
    endloop
  endfacet
  facet normal 0 0 1
    outer loop
      vertex 100.614 139.2 23
      vertex 93 131 23
      vertex 100.869 138.869 23
    endloop
  endfacet
  facet normal 0 0 1
    outer loop
      vertex 100.455 139.586 23
      vertex 93 131 23
      vertex 100.614 139.2 23
    endloop
  endfacet
  facet normal 0 0 1
    outer loop
      vertex 100.4 140 23
      vertex 93 131 23
      vertex 100.455 139.586 23
    endloop
  endfacet
  facet normal 1 -0 0
    outer loop
      vertex 166 131 23
      vertex 166 183 3
      vertex 166 183 23
    endloop
  endfacet
  facet normal 1 0 0
    outer loop
      vertex 166 183 3
      vertex 166 131 23
      vertex 166 131 3
    endloop
  endfacet
  facet normal 0 1 -0
    outer loop
      vertex 166 183 3
      vertex 93 183 23
      vertex 166 183 23
    endloop
  endfacet
  facet normal 0 1 0
    outer loop
      vertex 93 183 23
      vertex 166 183 3
      vertex 93 183 3
    endloop
  endfacet
  facet normal 0 -1 0
    outer loop
      vertex 93 131 3
      vertex 166 131 23
      vertex 93 131 23
    endloop
  endfacet
  facet normal 0 -1 -0
    outer loop
      vertex 166 131 23
      vertex 93 131 3
      vertex 166 131 3
    endloop
  endfacet
  facet normal -0.380955 -0.924594 0
    outer loop
      vertex 68.4141 152.545 3
      vertex 68.8 152.386 23
      vertex 68.4141 152.545 23
    endloop
  endfacet
  facet normal -0.380955 -0.924594 -0
    outer loop
      vertex 68.8 152.386 23
      vertex 68.4141 152.545 3
      vertex 68.8 152.386 3
    endloop
  endfacet
  facet normal 0.991446 0.130516 1.62886e-19
    outer loop
      vertex 66.4545 150.586 23
      vertex 66.4 151 3
      vertex 66.4 151 23
    endloop
  endfacet
  facet normal 0.991446 0.130516 1.62886e-19
    outer loop
      vertex 66.4 151 3
      vertex 66.4545 150.586 23
      vertex 66.4545 150.586 3
    endloop
  endfacet
  facet normal -0.793105 0.609085 -8.68654e-20
    outer loop
      vertex 69.1314 149.869 3
      vertex 69.3856 150.2 23
      vertex 69.3856 150.2 3
    endloop
  endfacet
  facet normal -0.793105 0.609085 -8.68654e-20
    outer loop
      vertex 69.3856 150.2 23
      vertex 69.1314 149.869 3
      vertex 69.1314 149.869 23
    endloop
  endfacet
  facet normal 0.131662 0.991295 -0
    outer loop
      vertex 68 149.4 3
      vertex 67.5859 149.455 23
      vertex 68 149.4 23
    endloop
  endfacet
  facet normal 0.131662 0.991295 0
    outer loop
      vertex 67.5859 149.455 23
      vertex 68 149.4 3
      vertex 67.5859 149.455 3
    endloop
  endfacet
  facet normal -0.609826 -0.792535 0
    outer loop
      vertex 68.8 152.386 3
      vertex 69.1314 152.131 23
      vertex 68.8 152.386 23
    endloop
  endfacet
  facet normal -0.609826 -0.792535 -0
    outer loop
      vertex 69.1314 152.131 23
      vertex 68.8 152.386 3
      vertex 69.1314 152.131 3
    endloop
  endfacet
  facet normal 0.131662 -0.991295 0
    outer loop
      vertex 67.5859 152.545 3
      vertex 68 152.6 23
      vertex 67.5859 152.545 23
    endloop
  endfacet
  facet normal 0.131662 -0.991295 0
    outer loop
      vertex 68 152.6 23
      vertex 67.5859 152.545 3
      vertex 68 152.6 3
    endloop
  endfacet
  facet normal 0.609826 -0.792535 0
    outer loop
      vertex 66.8686 152.131 3
      vertex 67.2 152.386 23
      vertex 66.8686 152.131 23
    endloop
  endfacet
  facet normal 0.609826 -0.792535 0
    outer loop
      vertex 67.2 152.386 23
      vertex 66.8686 152.131 3
      vertex 67.2 152.386 3
    endloop
  endfacet
  facet normal 0.991446 -0.130516 -1.62886e-19
    outer loop
      vertex 66.4 151 23
      vertex 66.4545 151.414 3
      vertex 66.4545 151.414 23
    endloop
  endfacet
  facet normal 0.991446 -0.130516 -1.62886e-19
    outer loop
      vertex 66.4545 151.414 3
      vertex 66.4 151 23
      vertex 66.4 151 3
    endloop
  endfacet
  facet normal 0.793105 -0.609085 -8.68654e-20
    outer loop
      vertex 66.6144 151.8 23
      vertex 66.8686 152.131 3
      vertex 66.8686 152.131 23
    endloop
  endfacet
  facet normal 0.793105 -0.609085 -8.68654e-20
    outer loop
      vertex 66.8686 152.131 3
      vertex 66.6144 151.8 23
      vertex 66.6144 151.8 3
    endloop
  endfacet
  facet normal -0.991446 0.130516 -1.62886e-19
    outer loop
      vertex 69.5455 150.586 3
      vertex 69.6 151 23
      vertex 69.6 151 3
    endloop
  endfacet
  facet normal -0.991446 0.130516 -1.62886e-19
    outer loop
      vertex 69.6 151 23
      vertex 69.5455 150.586 3
      vertex 69.5455 150.586 23
    endloop
  endfacet
  facet normal 0.793105 0.609085 8.68654e-20
    outer loop
      vertex 66.8686 149.869 23
      vertex 66.6144 150.2 3
      vertex 66.6144 150.2 23
    endloop
  endfacet
  facet normal 0.793105 0.609085 8.68654e-20
    outer loop
      vertex 66.6144 150.2 3
      vertex 66.8686 149.869 23
      vertex 66.8686 149.869 3
    endloop
  endfacet
  facet normal 0.380955 0.924594 -0
    outer loop
      vertex 67.5859 149.455 3
      vertex 67.2 149.614 23
      vertex 67.5859 149.455 23
    endloop
  endfacet
  facet normal 0.380955 0.924594 0
    outer loop
      vertex 67.2 149.614 23
      vertex 67.5859 149.455 3
      vertex 67.2 149.614 3
    endloop
  endfacet
  facet normal 0.609826 0.792535 -0
    outer loop
      vertex 67.2 149.614 3
      vertex 66.8686 149.869 23
      vertex 67.2 149.614 23
    endloop
  endfacet
  facet normal 0.609826 0.792535 0
    outer loop
      vertex 66.8686 149.869 23
      vertex 67.2 149.614 3
      vertex 66.8686 149.869 3
    endloop
  endfacet
  facet normal -0.793105 -0.609085 8.68654e-20
    outer loop
      vertex 69.3856 151.8 3
      vertex 69.1314 152.131 23
      vertex 69.1314 152.131 3
    endloop
  endfacet
  facet normal -0.793105 -0.609085 8.68654e-20
    outer loop
      vertex 69.1314 152.131 23
      vertex 69.3856 151.8 3
      vertex 69.3856 151.8 23
    endloop
  endfacet
  facet normal -0.131662 -0.991295 0
    outer loop
      vertex 68 152.6 3
      vertex 68.4141 152.545 23
      vertex 68 152.6 23
    endloop
  endfacet
  facet normal -0.131662 -0.991295 -0
    outer loop
      vertex 68.4141 152.545 23
      vertex 68 152.6 3
      vertex 68.4141 152.545 3
    endloop
  endfacet
  facet normal 0.923868 -0.382711 -1.24478e-19
    outer loop
      vertex 66.4545 151.414 23
      vertex 66.6144 151.8 3
      vertex 66.6144 151.8 23
    endloop
  endfacet
  facet normal 0.923868 -0.382711 -1.24478e-19
    outer loop
      vertex 66.6144 151.8 3
      vertex 66.4545 151.414 23
      vertex 66.4545 151.414 3
    endloop
  endfacet
  facet normal 0.380955 -0.924594 0
    outer loop
      vertex 67.2 152.386 3
      vertex 67.5859 152.545 23
      vertex 67.2 152.386 23
    endloop
  endfacet
  facet normal 0.380955 -0.924594 0
    outer loop
      vertex 67.5859 152.545 23
      vertex 67.2 152.386 3
      vertex 67.5859 152.545 3
    endloop
  endfacet
  facet normal -0.991446 -0.130516 1.62886e-19
    outer loop
      vertex 69.6 151 3
      vertex 69.5455 151.414 23
      vertex 69.5455 151.414 3
    endloop
  endfacet
  facet normal -0.991446 -0.130516 1.62886e-19
    outer loop
      vertex 69.5455 151.414 23
      vertex 69.6 151 3
      vertex 69.6 151 23
    endloop
  endfacet
  facet normal -0.923868 0.382711 -1.24478e-19
    outer loop
      vertex 69.3856 150.2 3
      vertex 69.5455 150.586 23
      vertex 69.5455 150.586 3
    endloop
  endfacet
  facet normal -0.923868 0.382711 -1.24478e-19
    outer loop
      vertex 69.5455 150.586 23
      vertex 69.3856 150.2 3
      vertex 69.3856 150.2 23
    endloop
  endfacet
  facet normal -0.380955 0.924594 0
    outer loop
      vertex 68.8 149.614 3
      vertex 68.4141 149.455 23
      vertex 68.8 149.614 23
    endloop
  endfacet
  facet normal -0.380955 0.924594 0
    outer loop
      vertex 68.4141 149.455 23
      vertex 68.8 149.614 3
      vertex 68.4141 149.455 3
    endloop
  endfacet
  facet normal -0.131662 0.991295 0
    outer loop
      vertex 68.4141 149.455 3
      vertex 68 149.4 23
      vertex 68.4141 149.455 23
    endloop
  endfacet
  facet normal -0.131662 0.991295 0
    outer loop
      vertex 68 149.4 23
      vertex 68.4141 149.455 3
      vertex 68 149.4 3
    endloop
  endfacet
  facet normal 0.923868 0.382711 1.24478e-19
    outer loop
      vertex 66.6144 150.2 23
      vertex 66.4545 150.586 3
      vertex 66.4545 150.586 23
    endloop
  endfacet
  facet normal 0.923868 0.382711 1.24478e-19
    outer loop
      vertex 66.4545 150.586 3
      vertex 66.6144 150.2 23
      vertex 66.6144 150.2 3
    endloop
  endfacet
  facet normal -0.923868 -0.382711 1.24478e-19
    outer loop
      vertex 69.5455 151.414 3
      vertex 69.3856 151.8 23
      vertex 69.3856 151.8 3
    endloop
  endfacet
  facet normal -0.923868 -0.382711 1.24478e-19
    outer loop
      vertex 69.3856 151.8 23
      vertex 69.5455 151.414 3
      vertex 69.5455 151.414 23
    endloop
  endfacet
  facet normal -0.609826 0.792535 0
    outer loop
      vertex 69.1314 149.869 3
      vertex 68.8 149.614 23
      vertex 69.1314 149.869 23
    endloop
  endfacet
  facet normal -0.609826 0.792535 0
    outer loop
      vertex 68.8 149.614 23
      vertex 69.1314 149.869 3
      vertex 68.8 149.614 3
    endloop
  endfacet
  facet normal -0.991446 -0.130516 1.62886e-19
    outer loop
      vertex 69.6 163 3
      vertex 69.5455 163.414 23
      vertex 69.5455 163.414 3
    endloop
  endfacet
  facet normal -0.991446 -0.130516 1.62886e-19
    outer loop
      vertex 69.5455 163.414 23
      vertex 69.6 163 3
      vertex 69.6 163 23
    endloop
  endfacet
  facet normal 0.131662 -0.991295 0
    outer loop
      vertex 67.5859 164.545 3
      vertex 68 164.6 23
      vertex 67.5859 164.545 23
    endloop
  endfacet
  facet normal 0.131662 -0.991295 0
    outer loop
      vertex 68 164.6 23
      vertex 67.5859 164.545 3
      vertex 68 164.6 3
    endloop
  endfacet
  facet normal -0.609826 -0.792535 0
    outer loop
      vertex 68.8 164.386 3
      vertex 69.1314 164.131 23
      vertex 68.8 164.386 23
    endloop
  endfacet
  facet normal -0.609826 -0.792535 -0
    outer loop
      vertex 69.1314 164.131 23
      vertex 68.8 164.386 3
      vertex 69.1314 164.131 3
    endloop
  endfacet
  facet normal 0.793105 -0.609085 -8.68654e-20
    outer loop
      vertex 66.6144 163.8 23
      vertex 66.8686 164.131 3
      vertex 66.8686 164.131 23
    endloop
  endfacet
  facet normal 0.793105 -0.609085 -8.68654e-20
    outer loop
      vertex 66.8686 164.131 3
      vertex 66.6144 163.8 23
      vertex 66.6144 163.8 3
    endloop
  endfacet
  facet normal 0.609826 -0.792535 0
    outer loop
      vertex 66.8686 164.131 3
      vertex 67.2 164.386 23
      vertex 66.8686 164.131 23
    endloop
  endfacet
  facet normal 0.609826 -0.792535 0
    outer loop
      vertex 67.2 164.386 23
      vertex 66.8686 164.131 3
      vertex 67.2 164.386 3
    endloop
  endfacet
  facet normal -0.923868 0.382711 -1.24478e-19
    outer loop
      vertex 69.3856 162.2 3
      vertex 69.5455 162.586 23
      vertex 69.5455 162.586 3
    endloop
  endfacet
  facet normal -0.923868 0.382711 -1.24478e-19
    outer loop
      vertex 69.5455 162.586 23
      vertex 69.3856 162.2 3
      vertex 69.3856 162.2 23
    endloop
  endfacet
  facet normal 0.380955 0.924594 -0
    outer loop
      vertex 67.5859 161.455 3
      vertex 67.2 161.614 23
      vertex 67.5859 161.455 23
    endloop
  endfacet
  facet normal 0.380955 0.924594 0
    outer loop
      vertex 67.2 161.614 23
      vertex 67.5859 161.455 3
      vertex 67.2 161.614 3
    endloop
  endfacet
  facet normal -0.793105 -0.609085 8.68654e-20
    outer loop
      vertex 69.3856 163.8 3
      vertex 69.1314 164.131 23
      vertex 69.1314 164.131 3
    endloop
  endfacet
  facet normal -0.793105 -0.609085 8.68654e-20
    outer loop
      vertex 69.1314 164.131 23
      vertex 69.3856 163.8 3
      vertex 69.3856 163.8 23
    endloop
  endfacet
  facet normal -0.923868 -0.382711 1.24478e-19
    outer loop
      vertex 69.5455 163.414 3
      vertex 69.3856 163.8 23
      vertex 69.3856 163.8 3
    endloop
  endfacet
  facet normal -0.923868 -0.382711 1.24478e-19
    outer loop
      vertex 69.3856 163.8 23
      vertex 69.5455 163.414 3
      vertex 69.5455 163.414 23
    endloop
  endfacet
  facet normal -0.131662 -0.991295 0
    outer loop
      vertex 68 164.6 3
      vertex 68.4141 164.545 23
      vertex 68 164.6 23
    endloop
  endfacet
  facet normal -0.131662 -0.991295 -0
    outer loop
      vertex 68.4141 164.545 23
      vertex 68 164.6 3
      vertex 68.4141 164.545 3
    endloop
  endfacet
  facet normal -0.380955 -0.924594 0
    outer loop
      vertex 68.4141 164.545 3
      vertex 68.8 164.386 23
      vertex 68.4141 164.545 23
    endloop
  endfacet
  facet normal -0.380955 -0.924594 -0
    outer loop
      vertex 68.8 164.386 23
      vertex 68.4141 164.545 3
      vertex 68.8 164.386 3
    endloop
  endfacet
  facet normal 0.923868 -0.382711 -1.24478e-19
    outer loop
      vertex 66.4545 163.414 23
      vertex 66.6144 163.8 3
      vertex 66.6144 163.8 23
    endloop
  endfacet
  facet normal 0.923868 -0.382711 -1.24478e-19
    outer loop
      vertex 66.6144 163.8 3
      vertex 66.4545 163.414 23
      vertex 66.4545 163.414 3
    endloop
  endfacet
  facet normal 0.991446 -0.130516 -1.62886e-19
    outer loop
      vertex 66.4 163 23
      vertex 66.4545 163.414 3
      vertex 66.4545 163.414 23
    endloop
  endfacet
  facet normal 0.991446 -0.130516 -1.62886e-19
    outer loop
      vertex 66.4545 163.414 3
      vertex 66.4 163 23
      vertex 66.4 163 3
    endloop
  endfacet
  facet normal 0.991446 0.130516 1.62886e-19
    outer loop
      vertex 66.4545 162.586 23
      vertex 66.4 163 3
      vertex 66.4 163 23
    endloop
  endfacet
  facet normal 0.991446 0.130516 1.62886e-19
    outer loop
      vertex 66.4 163 3
      vertex 66.4545 162.586 23
      vertex 66.4545 162.586 3
    endloop
  endfacet
  facet normal 0.380955 -0.924594 0
    outer loop
      vertex 67.2 164.386 3
      vertex 67.5859 164.545 23
      vertex 67.2 164.386 23
    endloop
  endfacet
  facet normal 0.380955 -0.924594 0
    outer loop
      vertex 67.5859 164.545 23
      vertex 67.2 164.386 3
      vertex 67.5859 164.545 3
    endloop
  endfacet
  facet normal -0.991446 0.130516 -1.62886e-19
    outer loop
      vertex 69.5455 162.586 3
      vertex 69.6 163 23
      vertex 69.6 163 3
    endloop
  endfacet
  facet normal -0.991446 0.130516 -1.62886e-19
    outer loop
      vertex 69.6 163 23
      vertex 69.5455 162.586 3
      vertex 69.5455 162.586 23
    endloop
  endfacet
  facet normal -0.380955 0.924594 0
    outer loop
      vertex 68.8 161.614 3
      vertex 68.4141 161.455 23
      vertex 68.8 161.614 23
    endloop
  endfacet
  facet normal -0.380955 0.924594 0
    outer loop
      vertex 68.4141 161.455 23
      vertex 68.8 161.614 3
      vertex 68.4141 161.455 3
    endloop
  endfacet
  facet normal 0.131662 0.991295 -0
    outer loop
      vertex 68 161.4 3
      vertex 67.5859 161.455 23
      vertex 68 161.4 23
    endloop
  endfacet
  facet normal 0.131662 0.991295 0
    outer loop
      vertex 67.5859 161.455 23
      vertex 68 161.4 3
      vertex 67.5859 161.455 3
    endloop
  endfacet
  facet normal 0.609826 0.792535 -0
    outer loop
      vertex 67.2 161.614 3
      vertex 66.8686 161.869 23
      vertex 67.2 161.614 23
    endloop
  endfacet
  facet normal 0.609826 0.792535 0
    outer loop
      vertex 66.8686 161.869 23
      vertex 67.2 161.614 3
      vertex 66.8686 161.869 3
    endloop
  endfacet
  facet normal 0.923868 0.382711 1.24478e-19
    outer loop
      vertex 66.6144 162.2 23
      vertex 66.4545 162.586 3
      vertex 66.4545 162.586 23
    endloop
  endfacet
  facet normal 0.923868 0.382711 1.24478e-19
    outer loop
      vertex 66.4545 162.586 3
      vertex 66.6144 162.2 23
      vertex 66.6144 162.2 3
    endloop
  endfacet
  facet normal -0.793105 0.609085 -8.68654e-20
    outer loop
      vertex 69.1314 161.869 3
      vertex 69.3856 162.2 23
      vertex 69.3856 162.2 3
    endloop
  endfacet
  facet normal -0.793105 0.609085 -8.68654e-20
    outer loop
      vertex 69.3856 162.2 23
      vertex 69.1314 161.869 3
      vertex 69.1314 161.869 23
    endloop
  endfacet
  facet normal -0.131662 0.991295 0
    outer loop
      vertex 68.4141 161.455 3
      vertex 68 161.4 23
      vertex 68.4141 161.455 23
    endloop
  endfacet
  facet normal -0.131662 0.991295 0
    outer loop
      vertex 68 161.4 23
      vertex 68.4141 161.455 3
      vertex 68 161.4 3
    endloop
  endfacet
  facet normal 0.793105 0.609085 8.68654e-20
    outer loop
      vertex 66.8686 161.869 23
      vertex 66.6144 162.2 3
      vertex 66.6144 162.2 23
    endloop
  endfacet
  facet normal 0.793105 0.609085 8.68654e-20
    outer loop
      vertex 66.6144 162.2 3
      vertex 66.8686 161.869 23
      vertex 66.8686 161.869 3
    endloop
  endfacet
  facet normal -0.609826 0.792535 0
    outer loop
      vertex 69.1314 161.869 3
      vertex 68.8 161.614 23
      vertex 69.1314 161.869 23
    endloop
  endfacet
  facet normal -0.609826 0.792535 0
    outer loop
      vertex 68.8 161.614 23
      vertex 69.1314 161.869 3
      vertex 68.8 161.614 3
    endloop
  endfacet
  facet normal -0.991446 -0.130516 1.62886e-19
    outer loop
      vertex 81.6 151 3
      vertex 81.5455 151.414 23
      vertex 81.5455 151.414 3
    endloop
  endfacet
  facet normal -0.991446 -0.130516 1.62886e-19
    outer loop
      vertex 81.5455 151.414 23
      vertex 81.6 151 3
      vertex 81.6 151 23
    endloop
  endfacet
  facet normal 0.131662 -0.991295 0
    outer loop
      vertex 79.5859 152.545 3
      vertex 80 152.6 23
      vertex 79.5859 152.545 23
    endloop
  endfacet
  facet normal 0.131662 -0.991295 0
    outer loop
      vertex 80 152.6 23
      vertex 79.5859 152.545 3
      vertex 80 152.6 3
    endloop
  endfacet
  facet normal -0.609826 -0.792535 0
    outer loop
      vertex 80.8 152.386 3
      vertex 81.1314 152.131 23
      vertex 80.8 152.386 23
    endloop
  endfacet
  facet normal -0.609826 -0.792535 -0
    outer loop
      vertex 81.1314 152.131 23
      vertex 80.8 152.386 3
      vertex 81.1314 152.131 3
    endloop
  endfacet
  facet normal 0.793105 -0.609085 -8.68654e-20
    outer loop
      vertex 78.6144 151.8 23
      vertex 78.8686 152.131 3
      vertex 78.8686 152.131 23
    endloop
  endfacet
  facet normal 0.793105 -0.609085 -8.68654e-20
    outer loop
      vertex 78.8686 152.131 3
      vertex 78.6144 151.8 23
      vertex 78.6144 151.8 3
    endloop
  endfacet
  facet normal 0.609826 -0.792535 0
    outer loop
      vertex 78.8686 152.131 3
      vertex 79.2 152.386 23
      vertex 78.8686 152.131 23
    endloop
  endfacet
  facet normal 0.609826 -0.792535 0
    outer loop
      vertex 79.2 152.386 23
      vertex 78.8686 152.131 3
      vertex 79.2 152.386 3
    endloop
  endfacet
  facet normal -0.923868 0.382711 -1.24478e-19
    outer loop
      vertex 81.3856 150.2 3
      vertex 81.5455 150.586 23
      vertex 81.5455 150.586 3
    endloop
  endfacet
  facet normal -0.923868 0.382711 -1.24478e-19
    outer loop
      vertex 81.5455 150.586 23
      vertex 81.3856 150.2 3
      vertex 81.3856 150.2 23
    endloop
  endfacet
  facet normal 0.380955 0.924594 -0
    outer loop
      vertex 79.5859 149.455 3
      vertex 79.2 149.614 23
      vertex 79.5859 149.455 23
    endloop
  endfacet
  facet normal 0.380955 0.924594 0
    outer loop
      vertex 79.2 149.614 23
      vertex 79.5859 149.455 3
      vertex 79.2 149.614 3
    endloop
  endfacet
  facet normal -0.793105 -0.609085 8.68654e-20
    outer loop
      vertex 81.3856 151.8 3
      vertex 81.1314 152.131 23
      vertex 81.1314 152.131 3
    endloop
  endfacet
  facet normal -0.793105 -0.609085 8.68654e-20
    outer loop
      vertex 81.1314 152.131 23
      vertex 81.3856 151.8 3
      vertex 81.3856 151.8 23
    endloop
  endfacet
  facet normal -0.923868 -0.382711 1.24478e-19
    outer loop
      vertex 81.5455 151.414 3
      vertex 81.3856 151.8 23
      vertex 81.3856 151.8 3
    endloop
  endfacet
  facet normal -0.923868 -0.382711 1.24478e-19
    outer loop
      vertex 81.3856 151.8 23
      vertex 81.5455 151.414 3
      vertex 81.5455 151.414 23
    endloop
  endfacet
  facet normal -0.131662 -0.991295 0
    outer loop
      vertex 80 152.6 3
      vertex 80.4141 152.545 23
      vertex 80 152.6 23
    endloop
  endfacet
  facet normal -0.131662 -0.991295 -0
    outer loop
      vertex 80.4141 152.545 23
      vertex 80 152.6 3
      vertex 80.4141 152.545 3
    endloop
  endfacet
  facet normal -0.380955 -0.924594 0
    outer loop
      vertex 80.4141 152.545 3
      vertex 80.8 152.386 23
      vertex 80.4141 152.545 23
    endloop
  endfacet
  facet normal -0.380955 -0.924594 -0
    outer loop
      vertex 80.8 152.386 23
      vertex 80.4141 152.545 3
      vertex 80.8 152.386 3
    endloop
  endfacet
  facet normal 0.923868 -0.382711 -1.24478e-19
    outer loop
      vertex 78.4545 151.414 23
      vertex 78.6144 151.8 3
      vertex 78.6144 151.8 23
    endloop
  endfacet
  facet normal 0.923868 -0.382711 -1.24478e-19
    outer loop
      vertex 78.6144 151.8 3
      vertex 78.4545 151.414 23
      vertex 78.4545 151.414 3
    endloop
  endfacet
  facet normal 0.991446 -0.130516 -1.62886e-19
    outer loop
      vertex 78.4 151 23
      vertex 78.4545 151.414 3
      vertex 78.4545 151.414 23
    endloop
  endfacet
  facet normal 0.991446 -0.130516 -1.62886e-19
    outer loop
      vertex 78.4545 151.414 3
      vertex 78.4 151 23
      vertex 78.4 151 3
    endloop
  endfacet
  facet normal 0.991446 0.130516 1.62886e-19
    outer loop
      vertex 78.4545 150.586 23
      vertex 78.4 151 3
      vertex 78.4 151 23
    endloop
  endfacet
  facet normal 0.991446 0.130516 1.62886e-19
    outer loop
      vertex 78.4 151 3
      vertex 78.4545 150.586 23
      vertex 78.4545 150.586 3
    endloop
  endfacet
  facet normal 0.380955 -0.924594 0
    outer loop
      vertex 79.2 152.386 3
      vertex 79.5859 152.545 23
      vertex 79.2 152.386 23
    endloop
  endfacet
  facet normal 0.380955 -0.924594 0
    outer loop
      vertex 79.5859 152.545 23
      vertex 79.2 152.386 3
      vertex 79.5859 152.545 3
    endloop
  endfacet
  facet normal -0.991446 0.130516 -1.62886e-19
    outer loop
      vertex 81.5455 150.586 3
      vertex 81.6 151 23
      vertex 81.6 151 3
    endloop
  endfacet
  facet normal -0.991446 0.130516 -1.62886e-19
    outer loop
      vertex 81.6 151 23
      vertex 81.5455 150.586 3
      vertex 81.5455 150.586 23
    endloop
  endfacet
  facet normal -0.380955 0.924594 0
    outer loop
      vertex 80.8 149.614 3
      vertex 80.4141 149.455 23
      vertex 80.8 149.614 23
    endloop
  endfacet
  facet normal -0.380955 0.924594 0
    outer loop
      vertex 80.4141 149.455 23
      vertex 80.8 149.614 3
      vertex 80.4141 149.455 3
    endloop
  endfacet
  facet normal 0.131662 0.991295 -0
    outer loop
      vertex 80 149.4 3
      vertex 79.5859 149.455 23
      vertex 80 149.4 23
    endloop
  endfacet
  facet normal 0.131662 0.991295 0
    outer loop
      vertex 79.5859 149.455 23
      vertex 80 149.4 3
      vertex 79.5859 149.455 3
    endloop
  endfacet
  facet normal 0.609826 0.792535 -0
    outer loop
      vertex 79.2 149.614 3
      vertex 78.8686 149.869 23
      vertex 79.2 149.614 23
    endloop
  endfacet
  facet normal 0.609826 0.792535 0
    outer loop
      vertex 78.8686 149.869 23
      vertex 79.2 149.614 3
      vertex 78.8686 149.869 3
    endloop
  endfacet
  facet normal 0.923868 0.382711 1.24478e-19
    outer loop
      vertex 78.6144 150.2 23
      vertex 78.4545 150.586 3
      vertex 78.4545 150.586 23
    endloop
  endfacet
  facet normal 0.923868 0.382711 1.24478e-19
    outer loop
      vertex 78.4545 150.586 3
      vertex 78.6144 150.2 23
      vertex 78.6144 150.2 3
    endloop
  endfacet
  facet normal -0.793105 0.609085 -8.68654e-20
    outer loop
      vertex 81.1314 149.869 3
      vertex 81.3856 150.2 23
      vertex 81.3856 150.2 3
    endloop
  endfacet
  facet normal -0.793105 0.609085 -8.68654e-20
    outer loop
      vertex 81.3856 150.2 23
      vertex 81.1314 149.869 3
      vertex 81.1314 149.869 23
    endloop
  endfacet
  facet normal -0.131662 0.991295 0
    outer loop
      vertex 80.4141 149.455 3
      vertex 80 149.4 23
      vertex 80.4141 149.455 23
    endloop
  endfacet
  facet normal -0.131662 0.991295 0
    outer loop
      vertex 80 149.4 23
      vertex 80.4141 149.455 3
      vertex 80 149.4 3
    endloop
  endfacet
  facet normal 0.793105 0.609085 8.68654e-20
    outer loop
      vertex 78.8686 149.869 23
      vertex 78.6144 150.2 3
      vertex 78.6144 150.2 23
    endloop
  endfacet
  facet normal 0.793105 0.609085 8.68654e-20
    outer loop
      vertex 78.6144 150.2 3
      vertex 78.8686 149.869 23
      vertex 78.8686 149.869 3
    endloop
  endfacet
  facet normal -0.609826 0.792535 0
    outer loop
      vertex 81.1314 149.869 3
      vertex 80.8 149.614 23
      vertex 81.1314 149.869 23
    endloop
  endfacet
  facet normal -0.609826 0.792535 0
    outer loop
      vertex 80.8 149.614 23
      vertex 81.1314 149.869 3
      vertex 80.8 149.614 3
    endloop
  endfacet
  facet normal -0.380955 -0.924594 0
    outer loop
      vertex 80.4141 164.545 3
      vertex 80.8 164.386 23
      vertex 80.4141 164.545 23
    endloop
  endfacet
  facet normal -0.380955 -0.924594 -0
    outer loop
      vertex 80.8 164.386 23
      vertex 80.4141 164.545 3
      vertex 80.8 164.386 3
    endloop
  endfacet
  facet normal 0.991446 0.130516 1.62886e-19
    outer loop
      vertex 78.4545 162.586 23
      vertex 78.4 163 3
      vertex 78.4 163 23
    endloop
  endfacet
  facet normal 0.991446 0.130516 1.62886e-19
    outer loop
      vertex 78.4 163 3
      vertex 78.4545 162.586 23
      vertex 78.4545 162.586 3
    endloop
  endfacet
  facet normal -0.793105 0.609085 -8.68654e-20
    outer loop
      vertex 81.1314 161.869 3
      vertex 81.3856 162.2 23
      vertex 81.3856 162.2 3
    endloop
  endfacet
  facet normal -0.793105 0.609085 -8.68654e-20
    outer loop
      vertex 81.3856 162.2 23
      vertex 81.1314 161.869 3
      vertex 81.1314 161.869 23
    endloop
  endfacet
  facet normal 0.131662 0.991295 -0
    outer loop
      vertex 80 161.4 3
      vertex 79.5859 161.455 23
      vertex 80 161.4 23
    endloop
  endfacet
  facet normal 0.131662 0.991295 0
    outer loop
      vertex 79.5859 161.455 23
      vertex 80 161.4 3
      vertex 79.5859 161.455 3
    endloop
  endfacet
  facet normal -0.609826 -0.792535 0
    outer loop
      vertex 80.8 164.386 3
      vertex 81.1314 164.131 23
      vertex 80.8 164.386 23
    endloop
  endfacet
  facet normal -0.609826 -0.792535 -0
    outer loop
      vertex 81.1314 164.131 23
      vertex 80.8 164.386 3
      vertex 81.1314 164.131 3
    endloop
  endfacet
  facet normal 0.131662 -0.991295 0
    outer loop
      vertex 79.5859 164.545 3
      vertex 80 164.6 23
      vertex 79.5859 164.545 23
    endloop
  endfacet
  facet normal 0.131662 -0.991295 0
    outer loop
      vertex 80 164.6 23
      vertex 79.5859 164.545 3
      vertex 80 164.6 3
    endloop
  endfacet
  facet normal 0.609826 -0.792535 0
    outer loop
      vertex 78.8686 164.131 3
      vertex 79.2 164.386 23
      vertex 78.8686 164.131 23
    endloop
  endfacet
  facet normal 0.609826 -0.792535 0
    outer loop
      vertex 79.2 164.386 23
      vertex 78.8686 164.131 3
      vertex 79.2 164.386 3
    endloop
  endfacet
  facet normal 0.991446 -0.130516 -1.62886e-19
    outer loop
      vertex 78.4 163 23
      vertex 78.4545 163.414 3
      vertex 78.4545 163.414 23
    endloop
  endfacet
  facet normal 0.991446 -0.130516 -1.62886e-19
    outer loop
      vertex 78.4545 163.414 3
      vertex 78.4 163 23
      vertex 78.4 163 3
    endloop
  endfacet
  facet normal 0.793105 -0.609085 -8.68654e-20
    outer loop
      vertex 78.6144 163.8 23
      vertex 78.8686 164.131 3
      vertex 78.8686 164.131 23
    endloop
  endfacet
  facet normal 0.793105 -0.609085 -8.68654e-20
    outer loop
      vertex 78.8686 164.131 3
      vertex 78.6144 163.8 23
      vertex 78.6144 163.8 3
    endloop
  endfacet
  facet normal -0.991446 0.130516 -1.62886e-19
    outer loop
      vertex 81.5455 162.586 3
      vertex 81.6 163 23
      vertex 81.6 163 3
    endloop
  endfacet
  facet normal -0.991446 0.130516 -1.62886e-19
    outer loop
      vertex 81.6 163 23
      vertex 81.5455 162.586 3
      vertex 81.5455 162.586 23
    endloop
  endfacet
  facet normal 0.793105 0.609085 8.68654e-20
    outer loop
      vertex 78.8686 161.869 23
      vertex 78.6144 162.2 3
      vertex 78.6144 162.2 23
    endloop
  endfacet
  facet normal 0.793105 0.609085 8.68654e-20
    outer loop
      vertex 78.6144 162.2 3
      vertex 78.8686 161.869 23
      vertex 78.8686 161.869 3
    endloop
  endfacet
  facet normal 0.380955 0.924594 -0
    outer loop
      vertex 79.5859 161.455 3
      vertex 79.2 161.614 23
      vertex 79.5859 161.455 23
    endloop
  endfacet
  facet normal 0.380955 0.924594 0
    outer loop
      vertex 79.2 161.614 23
      vertex 79.5859 161.455 3
      vertex 79.2 161.614 3
    endloop
  endfacet
  facet normal -0.793105 -0.609085 8.68654e-20
    outer loop
      vertex 81.3856 163.8 3
      vertex 81.1314 164.131 23
      vertex 81.1314 164.131 3
    endloop
  endfacet
  facet normal -0.793105 -0.609085 8.68654e-20
    outer loop
      vertex 81.1314 164.131 23
      vertex 81.3856 163.8 3
      vertex 81.3856 163.8 23
    endloop
  endfacet
  facet normal -0.131662 -0.991295 0
    outer loop
      vertex 80 164.6 3
      vertex 80.4141 164.545 23
      vertex 80 164.6 23
    endloop
  endfacet
  facet normal -0.131662 -0.991295 -0
    outer loop
      vertex 80.4141 164.545 23
      vertex 80 164.6 3
      vertex 80.4141 164.545 3
    endloop
  endfacet
  facet normal 0.923868 -0.382711 -1.24478e-19
    outer loop
      vertex 78.4545 163.414 23
      vertex 78.6144 163.8 3
      vertex 78.6144 163.8 23
    endloop
  endfacet
  facet normal 0.923868 -0.382711 -1.24478e-19
    outer loop
      vertex 78.6144 163.8 3
      vertex 78.4545 163.414 23
      vertex 78.4545 163.414 3
    endloop
  endfacet
  facet normal 0.380955 -0.924594 0
    outer loop
      vertex 79.2 164.386 3
      vertex 79.5859 164.545 23
      vertex 79.2 164.386 23
    endloop
  endfacet
  facet normal 0.380955 -0.924594 0
    outer loop
      vertex 79.5859 164.545 23
      vertex 79.2 164.386 3
      vertex 79.5859 164.545 3
    endloop
  endfacet
  facet normal -0.991446 -0.130516 1.62886e-19
    outer loop
      vertex 81.6 163 3
      vertex 81.5455 163.414 23
      vertex 81.5455 163.414 3
    endloop
  endfacet
  facet normal -0.991446 -0.130516 1.62886e-19
    outer loop
      vertex 81.5455 163.414 23
      vertex 81.6 163 3
      vertex 81.6 163 23
    endloop
  endfacet
  facet normal -0.380955 0.924594 0
    outer loop
      vertex 80.8 161.614 3
      vertex 80.4141 161.455 23
      vertex 80.8 161.614 23
    endloop
  endfacet
  facet normal -0.380955 0.924594 0
    outer loop
      vertex 80.4141 161.455 23
      vertex 80.8 161.614 3
      vertex 80.4141 161.455 3
    endloop
  endfacet
  facet normal -0.131662 0.991295 0
    outer loop
      vertex 80.4141 161.455 3
      vertex 80 161.4 23
      vertex 80.4141 161.455 23
    endloop
  endfacet
  facet normal -0.131662 0.991295 0
    outer loop
      vertex 80 161.4 23
      vertex 80.4141 161.455 3
      vertex 80 161.4 3
    endloop
  endfacet
  facet normal 0.609826 0.792535 -0
    outer loop
      vertex 79.2 161.614 3
      vertex 78.8686 161.869 23
      vertex 79.2 161.614 23
    endloop
  endfacet
  facet normal 0.609826 0.792535 0
    outer loop
      vertex 78.8686 161.869 23
      vertex 79.2 161.614 3
      vertex 78.8686 161.869 3
    endloop
  endfacet
  facet normal 0.923868 0.382711 1.24478e-19
    outer loop
      vertex 78.6144 162.2 23
      vertex 78.4545 162.586 3
      vertex 78.4545 162.586 23
    endloop
  endfacet
  facet normal 0.923868 0.382711 1.24478e-19
    outer loop
      vertex 78.4545 162.586 3
      vertex 78.6144 162.2 23
      vertex 78.6144 162.2 3
    endloop
  endfacet
  facet normal -0.923868 -0.382711 1.24478e-19
    outer loop
      vertex 81.5455 163.414 3
      vertex 81.3856 163.8 23
      vertex 81.3856 163.8 3
    endloop
  endfacet
  facet normal -0.923868 -0.382711 1.24478e-19
    outer loop
      vertex 81.3856 163.8 23
      vertex 81.5455 163.414 3
      vertex 81.5455 163.414 23
    endloop
  endfacet
  facet normal -0.609826 0.792535 0
    outer loop
      vertex 81.1314 161.869 3
      vertex 80.8 161.614 23
      vertex 81.1314 161.869 23
    endloop
  endfacet
  facet normal -0.609826 0.792535 0
    outer loop
      vertex 80.8 161.614 23
      vertex 81.1314 161.869 3
      vertex 80.8 161.614 3
    endloop
  endfacet
  facet normal -0.923868 0.382711 -1.24478e-19
    outer loop
      vertex 81.3856 162.2 3
      vertex 81.5455 162.586 23
      vertex 81.5455 162.586 3
    endloop
  endfacet
  facet normal -0.923868 0.382711 -1.24478e-19
    outer loop
      vertex 81.5455 162.586 23
      vertex 81.3856 162.2 3
      vertex 81.3856 162.2 23
    endloop
  endfacet
  facet normal -1 0 0
    outer loop
      vertex 61.5 144.5 3
      vertex 61.5 169.5 23
      vertex 61.5 169.5 3
    endloop
  endfacet
  facet normal -1 -0 0
    outer loop
      vertex 61.5 169.5 23
      vertex 61.5 144.5 3
      vertex 61.5 144.5 23
    endloop
  endfacet
  facet normal 0 0 1
    outer loop
      vertex 69.1314 161.869 23
      vertex 78.8686 161.869 23
      vertex 69.3856 162.2 23
    endloop
  endfacet
  facet normal 0 0 1
    outer loop
      vertex 78.8686 152.131 23
      vertex 69.5455 151.414 23
      vertex 69.6 151 23
    endloop
  endfacet
  facet normal 0 0 1
    outer loop
      vertex 78.8686 161.869 23
      vertex 69.1314 161.869 23
      vertex 78.8686 152.131 23
    endloop
  endfacet
  facet normal 0 0 1
    outer loop
      vertex 78.8686 152.131 23
      vertex 69.3856 151.8 23
      vertex 69.5455 151.414 23
    endloop
  endfacet
  facet normal 0 0 1
    outer loop
      vertex 69.1314 152.131 23
      vertex 78.8686 152.131 23
      vertex 69.1314 161.869 23
    endloop
  endfacet
  facet normal 0 0 1
    outer loop
      vertex 78.8686 152.131 23
      vertex 69.1314 152.131 23
      vertex 69.3856 151.8 23
    endloop
  endfacet
  facet normal -0 0 1
    outer loop
      vertex 68.8 161.614 23
      vertex 69.1314 152.131 23
      vertex 69.1314 161.869 23
    endloop
  endfacet
  facet normal 0 0 1
    outer loop
      vertex 68.8 161.614 23
      vertex 68.8 152.386 23
      vertex 69.1314 152.131 23
    endloop
  endfacet
  facet normal -0 0 1
    outer loop
      vertex 68.4141 161.455 23
      vertex 68.8 152.386 23
      vertex 68.8 161.614 23
    endloop
  endfacet
  facet normal 0 0 1
    outer loop
      vertex 68.4141 161.455 23
      vertex 68.4141 152.545 23
      vertex 68.8 152.386 23
    endloop
  endfacet
  facet normal -0 0 1
    outer loop
      vertex 68 161.4 23
      vertex 68.4141 152.545 23
      vertex 68.4141 161.455 23
    endloop
  endfacet
  facet normal 0 0 1
    outer loop
      vertex 68 161.4 23
      vertex 68 152.6 23
      vertex 68.4141 152.545 23
    endloop
  endfacet
  facet normal 0 0 1
    outer loop
      vertex 67.5859 161.455 23
      vertex 68 152.6 23
      vertex 68 161.4 23
    endloop
  endfacet
  facet normal 0 0 1
    outer loop
      vertex 67.5859 161.455 23
      vertex 67.5859 152.545 23
      vertex 68 152.6 23
    endloop
  endfacet
  facet normal 0 0 1
    outer loop
      vertex 67.2 161.614 23
      vertex 67.5859 152.545 23
      vertex 67.5859 161.455 23
    endloop
  endfacet
  facet normal 0 0 1
    outer loop
      vertex 67.2 161.614 23
      vertex 67.2 152.386 23
      vertex 67.5859 152.545 23
    endloop
  endfacet
  facet normal 0 0 1
    outer loop
      vertex 66.8686 161.869 23
      vertex 67.2 152.386 23
      vertex 67.2 161.614 23
    endloop
  endfacet
  facet normal 0 0 1
    outer loop
      vertex 66.8686 161.869 23
      vertex 66.8686 152.131 23
      vertex 67.2 152.386 23
    endloop
  endfacet
  facet normal 0 0 1
    outer loop
      vertex 66.6144 162.2 23
      vertex 66.8686 152.131 23
      vertex 66.8686 161.869 23
    endloop
  endfacet
  facet normal 0 0 1
    outer loop
      vertex 66.6144 162.2 23
      vertex 66.6144 151.8 23
      vertex 66.8686 152.131 23
    endloop
  endfacet
  facet normal 0 0 1
    outer loop
      vertex 66.4545 162.586 23
      vertex 66.6144 151.8 23
      vertex 66.6144 162.2 23
    endloop
  endfacet
  facet normal 0 0 1
    outer loop
      vertex 66.4545 162.586 23
      vertex 66.4545 151.414 23
      vertex 66.6144 151.8 23
    endloop
  endfacet
  facet normal 0 0 1
    outer loop
      vertex 61.5 169.5 23
      vertex 66.4545 162.586 23
      vertex 66.4 163 23
    endloop
  endfacet
  facet normal 0 0 1
    outer loop
      vertex 66.4545 162.586 23
      vertex 61.5 169.5 23
      vertex 66.4545 151.414 23
    endloop
  endfacet
  facet normal -0 0 1
    outer loop
      vertex 81.5455 151.414 23
      vertex 86.5 144.5 23
      vertex 81.5455 162.586 23
    endloop
  endfacet
  facet normal 0 0 1
    outer loop
      vertex 86.5 144.5 23
      vertex 81.5455 151.414 23
      vertex 81.6 151 23
    endloop
  endfacet
  facet normal -0 0 1
    outer loop
      vertex 81.3856 162.2 23
      vertex 81.5455 151.414 23
      vertex 81.5455 162.586 23
    endloop
  endfacet
  facet normal 0 0 1
    outer loop
      vertex 81.3856 162.2 23
      vertex 81.3856 151.8 23
      vertex 81.5455 151.414 23
    endloop
  endfacet
  facet normal -0 0 1
    outer loop
      vertex 81.1314 161.869 23
      vertex 81.3856 151.8 23
      vertex 81.3856 162.2 23
    endloop
  endfacet
  facet normal 0 0 1
    outer loop
      vertex 81.1314 161.869 23
      vertex 81.1314 152.131 23
      vertex 81.3856 151.8 23
    endloop
  endfacet
  facet normal -0 0 1
    outer loop
      vertex 80.8 161.614 23
      vertex 81.1314 152.131 23
      vertex 81.1314 161.869 23
    endloop
  endfacet
  facet normal 0 0 1
    outer loop
      vertex 80.8 161.614 23
      vertex 80.8 152.386 23
      vertex 81.1314 152.131 23
    endloop
  endfacet
  facet normal -0 0 1
    outer loop
      vertex 80.4141 161.455 23
      vertex 80.8 152.386 23
      vertex 80.8 161.614 23
    endloop
  endfacet
  facet normal 0 0 1
    outer loop
      vertex 80.4141 161.455 23
      vertex 80.4141 152.545 23
      vertex 80.8 152.386 23
    endloop
  endfacet
  facet normal -0 0 1
    outer loop
      vertex 80 161.4 23
      vertex 80.4141 152.545 23
      vertex 80.4141 161.455 23
    endloop
  endfacet
  facet normal 0 0 1
    outer loop
      vertex 80 161.4 23
      vertex 80 152.6 23
      vertex 80.4141 152.545 23
    endloop
  endfacet
  facet normal 0 0 1
    outer loop
      vertex 79.5859 161.455 23
      vertex 80 152.6 23
      vertex 80 161.4 23
    endloop
  endfacet
  facet normal 0 0 1
    outer loop
      vertex 79.5859 161.455 23
      vertex 79.5859 152.545 23
      vertex 80 152.6 23
    endloop
  endfacet
  facet normal 0 0 1
    outer loop
      vertex 79.2 161.614 23
      vertex 79.5859 152.545 23
      vertex 79.5859 161.455 23
    endloop
  endfacet
  facet normal 0 0 1
    outer loop
      vertex 79.2 161.614 23
      vertex 79.2 152.386 23
      vertex 79.5859 152.545 23
    endloop
  endfacet
  facet normal 0 0 1
    outer loop
      vertex 78.8686 161.869 23
      vertex 79.2 152.386 23
      vertex 79.2 161.614 23
    endloop
  endfacet
  facet normal 0 0 1
    outer loop
      vertex 78.8686 161.869 23
      vertex 78.8686 152.131 23
      vertex 79.2 152.386 23
    endloop
  endfacet
  facet normal 0 0 1
    outer loop
      vertex 78.4545 162.586 23
      vertex 69.5455 162.586 23
      vertex 78.6144 162.2 23
    endloop
  endfacet
  facet normal 0 0 1
    outer loop
      vertex 69.3856 162.2 23
      vertex 78.6144 162.2 23
      vertex 69.5455 162.586 23
    endloop
  endfacet
  facet normal 0 0 1
    outer loop
      vertex 69.5455 162.586 23
      vertex 78.4545 162.586 23
      vertex 69.6 163 23
    endloop
  endfacet
  facet normal 0 0 1
    outer loop
      vertex 78.6144 162.2 23
      vertex 69.3856 162.2 23
      vertex 78.8686 161.869 23
    endloop
  endfacet
  facet normal -0 0 1
    outer loop
      vertex 69.6 163 23
      vertex 78.4545 162.586 23
      vertex 78.4 163 23
    endloop
  endfacet
  facet normal 0 0 1
    outer loop
      vertex 78.8686 152.131 23
      vertex 69.6 151 23
      vertex 78.6144 151.8 23
    endloop
  endfacet
  facet normal 0 0 1
    outer loop
      vertex 81.5455 162.586 23
      vertex 86.5 169.5 23
      vertex 81.6 163 23
    endloop
  endfacet
  facet normal 0 0 1
    outer loop
      vertex 86.5 169.5 23
      vertex 81.5455 163.414 23
      vertex 81.6 163 23
    endloop
  endfacet
  facet normal 0 0 1
    outer loop
      vertex 86.5 169.5 23
      vertex 81.3856 163.8 23
      vertex 81.5455 163.414 23
    endloop
  endfacet
  facet normal 0 0 1
    outer loop
      vertex 86.5 169.5 23
      vertex 81.1314 164.131 23
      vertex 81.3856 163.8 23
    endloop
  endfacet
  facet normal 0 0 1
    outer loop
      vertex 86.5 169.5 23
      vertex 80.8 164.386 23
      vertex 81.1314 164.131 23
    endloop
  endfacet
  facet normal 0 0 1
    outer loop
      vertex 86.5 169.5 23
      vertex 80.4141 164.545 23
      vertex 80.8 164.386 23
    endloop
  endfacet
  facet normal 0 0 1
    outer loop
      vertex 86.5 169.5 23
      vertex 80 164.6 23
      vertex 80.4141 164.545 23
    endloop
  endfacet
  facet normal 0 0 1
    outer loop
      vertex 86.5 169.5 23
      vertex 79.5859 164.545 23
      vertex 80 164.6 23
    endloop
  endfacet
  facet normal 0 0 1
    outer loop
      vertex 68.4141 164.545 23
      vertex 79.5859 164.545 23
      vertex 86.5 169.5 23
    endloop
  endfacet
  facet normal 0 0 1
    outer loop
      vertex 78.6144 151.8 23
      vertex 69.6 151 23
      vertex 78.4545 151.414 23
    endloop
  endfacet
  facet normal 0 0 1
    outer loop
      vertex 78.4545 163.414 23
      vertex 69.6 163 23
      vertex 78.4 163 23
    endloop
  endfacet
  facet normal 0 0 1
    outer loop
      vertex 69.5455 163.414 23
      vertex 78.4545 163.414 23
      vertex 78.6144 163.8 23
    endloop
  endfacet
  facet normal 0 0 1
    outer loop
      vertex 69.3856 163.8 23
      vertex 78.6144 163.8 23
      vertex 78.8686 164.131 23
    endloop
  endfacet
  facet normal 0 0 1
    outer loop
      vertex 69.1314 164.131 23
      vertex 78.8686 164.131 23
      vertex 79.2 164.386 23
    endloop
  endfacet
  facet normal 0 0 1
    outer loop
      vertex 79.5859 164.545 23
      vertex 68.4141 164.545 23
      vertex 79.2 164.386 23
    endloop
  endfacet
  facet normal 0 0 1
    outer loop
      vertex 78.4545 163.414 23
      vertex 69.5455 163.414 23
      vertex 69.6 163 23
    endloop
  endfacet
  facet normal 0 0 1
    outer loop
      vertex 78.6144 163.8 23
      vertex 69.3856 163.8 23
      vertex 69.5455 163.414 23
    endloop
  endfacet
  facet normal 0 0 1
    outer loop
      vertex 78.8686 164.131 23
      vertex 69.1314 164.131 23
      vertex 69.3856 163.8 23
    endloop
  endfacet
  facet normal 0 0 1
    outer loop
      vertex 79.2 164.386 23
      vertex 68.8 164.386 23
      vertex 69.1314 164.131 23
    endloop
  endfacet
  facet normal 0 0 1
    outer loop
      vertex 79.2 164.386 23
      vertex 68.4141 164.545 23
      vertex 68.8 164.386 23
    endloop
  endfacet
  facet normal -0 0 1
    outer loop
      vertex 61.5 169.5 23
      vertex 68.4141 164.545 23
      vertex 86.5 169.5 23
    endloop
  endfacet
  facet normal 0 0 1
    outer loop
      vertex 68.4141 164.545 23
      vertex 61.5 169.5 23
      vertex 68 164.6 23
    endloop
  endfacet
  facet normal 0 0 1
    outer loop
      vertex 61.5 144.5 23
      vertex 66.4545 151.414 23
      vertex 61.5 169.5 23
    endloop
  endfacet
  facet normal 0 0 1
    outer loop
      vertex 66.4545 163.414 23
      vertex 61.5 169.5 23
      vertex 66.4 163 23
    endloop
  endfacet
  facet normal 0 0 1
    outer loop
      vertex 66.6144 163.8 23
      vertex 61.5 169.5 23
      vertex 66.4545 163.414 23
    endloop
  endfacet
  facet normal 0 0 1
    outer loop
      vertex 66.8686 164.131 23
      vertex 61.5 169.5 23
      vertex 66.6144 163.8 23
    endloop
  endfacet
  facet normal 0 0 1
    outer loop
      vertex 67.2 164.386 23
      vertex 61.5 169.5 23
      vertex 66.8686 164.131 23
    endloop
  endfacet
  facet normal 0 0 1
    outer loop
      vertex 67.5859 164.545 23
      vertex 61.5 169.5 23
      vertex 67.2 164.386 23
    endloop
  endfacet
  facet normal 0 0 1
    outer loop
      vertex 68 164.6 23
      vertex 61.5 169.5 23
      vertex 67.5859 164.545 23
    endloop
  endfacet
  facet normal 0 0 1
    outer loop
      vertex 86.5 169.5 23
      vertex 81.5455 162.586 23
      vertex 86.5 144.5 23
    endloop
  endfacet
  facet normal -0 0 1
    outer loop
      vertex 81.5455 150.586 23
      vertex 86.5 144.5 23
      vertex 81.6 151 23
    endloop
  endfacet
  facet normal -0 0 1
    outer loop
      vertex 81.3856 150.2 23
      vertex 86.5 144.5 23
      vertex 81.5455 150.586 23
    endloop
  endfacet
  facet normal -0 0 1
    outer loop
      vertex 81.1314 149.869 23
      vertex 86.5 144.5 23
      vertex 81.3856 150.2 23
    endloop
  endfacet
  facet normal -0 0 1
    outer loop
      vertex 80.8 149.614 23
      vertex 86.5 144.5 23
      vertex 81.1314 149.869 23
    endloop
  endfacet
  facet normal -0 0 1
    outer loop
      vertex 80.4141 149.455 23
      vertex 86.5 144.5 23
      vertex 80.8 149.614 23
    endloop
  endfacet
  facet normal -0 0 1
    outer loop
      vertex 80 149.4 23
      vertex 86.5 144.5 23
      vertex 80.4141 149.455 23
    endloop
  endfacet
  facet normal 0 0 1
    outer loop
      vertex 79.5859 149.455 23
      vertex 86.5 144.5 23
      vertex 80 149.4 23
    endloop
  endfacet
  facet normal 0 0 1
    outer loop
      vertex 68.4141 149.455 23
      vertex 79.5859 149.455 23
      vertex 79.2 149.614 23
    endloop
  endfacet
  facet normal 0 0 1
    outer loop
      vertex 78.4545 151.414 23
      vertex 69.6 151 23
      vertex 78.4 151 23
    endloop
  endfacet
  facet normal 0 0 1
    outer loop
      vertex 78.4 151 23
      vertex 69.6 151 23
      vertex 78.4545 150.586 23
    endloop
  endfacet
  facet normal 0 0 1
    outer loop
      vertex 69.5455 150.586 23
      vertex 78.4545 150.586 23
      vertex 69.6 151 23
    endloop
  endfacet
  facet normal 0 0 1
    outer loop
      vertex 78.4545 150.586 23
      vertex 69.5455 150.586 23
      vertex 78.6144 150.2 23
    endloop
  endfacet
  facet normal 0 0 1
    outer loop
      vertex 69.3856 150.2 23
      vertex 78.6144 150.2 23
      vertex 69.5455 150.586 23
    endloop
  endfacet
  facet normal 0 0 1
    outer loop
      vertex 78.6144 150.2 23
      vertex 69.3856 150.2 23
      vertex 78.8686 149.869 23
    endloop
  endfacet
  facet normal 0 0 1
    outer loop
      vertex 69.1314 149.869 23
      vertex 78.8686 149.869 23
      vertex 69.3856 150.2 23
    endloop
  endfacet
  facet normal 0 0 1
    outer loop
      vertex 78.8686 149.869 23
      vertex 69.1314 149.869 23
      vertex 79.2 149.614 23
    endloop
  endfacet
  facet normal 0 0 1
    outer loop
      vertex 68.8 149.614 23
      vertex 79.2 149.614 23
      vertex 69.1314 149.869 23
    endloop
  endfacet
  facet normal 0 0 1
    outer loop
      vertex 68.4141 149.455 23
      vertex 79.2 149.614 23
      vertex 68.8 149.614 23
    endloop
  endfacet
  facet normal 0 0 1
    outer loop
      vertex 79.5859 149.455 23
      vertex 68.4141 149.455 23
      vertex 86.5 144.5 23
    endloop
  endfacet
  facet normal 0 0 1
    outer loop
      vertex 61.5 144.5 23
      vertex 68.4141 149.455 23
      vertex 68 149.4 23
    endloop
  endfacet
  facet normal 0 0 1
    outer loop
      vertex 61.5 144.5 23
      vertex 68 149.4 23
      vertex 67.5859 149.455 23
    endloop
  endfacet
  facet normal 0 0 1
    outer loop
      vertex 66.4545 151.414 23
      vertex 61.5 144.5 23
      vertex 66.4 151 23
    endloop
  endfacet
  facet normal 0 0 1
    outer loop
      vertex 68.4141 149.455 23
      vertex 61.5 144.5 23
      vertex 86.5 144.5 23
    endloop
  endfacet
  facet normal 0 0 1
    outer loop
      vertex 67.2 149.614 23
      vertex 61.5 144.5 23
      vertex 67.5859 149.455 23
    endloop
  endfacet
  facet normal 0 0 1
    outer loop
      vertex 66.8686 149.869 23
      vertex 61.5 144.5 23
      vertex 67.2 149.614 23
    endloop
  endfacet
  facet normal 0 0 1
    outer loop
      vertex 66.6144 150.2 23
      vertex 61.5 144.5 23
      vertex 66.8686 149.869 23
    endloop
  endfacet
  facet normal 0 0 1
    outer loop
      vertex 66.4545 150.586 23
      vertex 61.5 144.5 23
      vertex 66.6144 150.2 23
    endloop
  endfacet
  facet normal 0 0 1
    outer loop
      vertex 66.4 151 23
      vertex 61.5 144.5 23
      vertex 66.4545 150.586 23
    endloop
  endfacet
  facet normal 1 -0 0
    outer loop
      vertex 86.5 144.5 23
      vertex 86.5 169.5 3
      vertex 86.5 169.5 23
    endloop
  endfacet
  facet normal 1 0 0
    outer loop
      vertex 86.5 169.5 3
      vertex 86.5 144.5 23
      vertex 86.5 144.5 3
    endloop
  endfacet
  facet normal 0 1 -0
    outer loop
      vertex 86.5 169.5 3
      vertex 61.5 169.5 23
      vertex 86.5 169.5 23
    endloop
  endfacet
  facet normal 0 1 0
    outer loop
      vertex 61.5 169.5 23
      vertex 86.5 169.5 3
      vertex 61.5 169.5 3
    endloop
  endfacet
  facet normal 0 -1 0
    outer loop
      vertex 61.5 144.5 3
      vertex 86.5 144.5 23
      vertex 61.5 144.5 23
    endloop
  endfacet
  facet normal 0 -1 -0
    outer loop
      vertex 86.5 144.5 23
      vertex 61.5 144.5 3
      vertex 86.5 144.5 3
    endloop
  endfacet
  facet normal -0.380955 -0.924594 0
    outer loop
      vertex 12.4141 120.545 3
      vertex 12.8 120.386 23
      vertex 12.4141 120.545 23
    endloop
  endfacet
  facet normal -0.380955 -0.924594 -0
    outer loop
      vertex 12.8 120.386 23
      vertex 12.4141 120.545 3
      vertex 12.8 120.386 3
    endloop
  endfacet
  facet normal 0.991446 0.130516 1.92908e-19
    outer loop
      vertex 10.4545 118.586 23
      vertex 10.4 119 3
      vertex 10.4 119 23
    endloop
  endfacet
  facet normal 0.991446 0.130516 1.92908e-19
    outer loop
      vertex 10.4 119 3
      vertex 10.4545 118.586 23
      vertex 10.4545 118.586 3
    endloop
  endfacet
  facet normal -0.793105 0.609085 -1.47752e-19
    outer loop
      vertex 13.1314 117.869 3
      vertex 13.3856 118.2 23
      vertex 13.3856 118.2 3
    endloop
  endfacet
  facet normal -0.793105 0.609085 -1.47752e-19
    outer loop
      vertex 13.3856 118.2 23
      vertex 13.1314 117.869 3
      vertex 13.1314 117.869 23
    endloop
  endfacet
  facet normal 0.131662 0.991295 -0
    outer loop
      vertex 12 117.4 3
      vertex 11.5859 117.455 23
      vertex 12 117.4 23
    endloop
  endfacet
  facet normal 0.131662 0.991295 0
    outer loop
      vertex 11.5859 117.455 23
      vertex 12 117.4 3
      vertex 11.5859 117.455 3
    endloop
  endfacet
  facet normal -0.609826 -0.792535 0
    outer loop
      vertex 12.8 120.386 3
      vertex 13.1314 120.131 23
      vertex 12.8 120.386 23
    endloop
  endfacet
  facet normal -0.609826 -0.792535 -0
    outer loop
      vertex 13.1314 120.131 23
      vertex 12.8 120.386 3
      vertex 13.1314 120.131 3
    endloop
  endfacet
  facet normal 0.131662 -0.991295 0
    outer loop
      vertex 11.5859 120.545 3
      vertex 12 120.6 23
      vertex 11.5859 120.545 23
    endloop
  endfacet
  facet normal 0.131662 -0.991295 0
    outer loop
      vertex 12 120.6 23
      vertex 11.5859 120.545 3
      vertex 12 120.6 3
    endloop
  endfacet
  facet normal 0.609826 -0.792535 0
    outer loop
      vertex 10.8686 120.131 3
      vertex 11.2 120.386 23
      vertex 10.8686 120.131 23
    endloop
  endfacet
  facet normal 0.609826 -0.792535 0
    outer loop
      vertex 11.2 120.386 23
      vertex 10.8686 120.131 3
      vertex 11.2 120.386 3
    endloop
  endfacet
  facet normal 0.991446 -0.130516 -1.92908e-19
    outer loop
      vertex 10.4 119 23
      vertex 10.4545 119.414 3
      vertex 10.4545 119.414 23
    endloop
  endfacet
  facet normal 0.991446 -0.130516 -1.92908e-19
    outer loop
      vertex 10.4545 119.414 3
      vertex 10.4 119 23
      vertex 10.4 119 3
    endloop
  endfacet
  facet normal 0.793105 -0.609085 -1.47752e-19
    outer loop
      vertex 10.6144 119.8 23
      vertex 10.8686 120.131 3
      vertex 10.8686 120.131 23
    endloop
  endfacet
  facet normal 0.793105 -0.609085 -1.47752e-19
    outer loop
      vertex 10.8686 120.131 3
      vertex 10.6144 119.8 23
      vertex 10.6144 119.8 3
    endloop
  endfacet
  facet normal -0.991446 0.130516 -1.92908e-19
    outer loop
      vertex 13.5455 118.586 3
      vertex 13.6 119 23
      vertex 13.6 119 3
    endloop
  endfacet
  facet normal -0.991446 0.130516 -1.92908e-19
    outer loop
      vertex 13.6 119 23
      vertex 13.5455 118.586 3
      vertex 13.5455 118.586 23
    endloop
  endfacet
  facet normal 0.793105 0.609085 1.47752e-19
    outer loop
      vertex 10.8686 117.869 23
      vertex 10.6144 118.2 3
      vertex 10.6144 118.2 23
    endloop
  endfacet
  facet normal 0.793105 0.609085 1.47752e-19
    outer loop
      vertex 10.6144 118.2 3
      vertex 10.8686 117.869 23
      vertex 10.8686 117.869 3
    endloop
  endfacet
  facet normal 0.380955 0.924594 -0
    outer loop
      vertex 11.5859 117.455 3
      vertex 11.2 117.614 23
      vertex 11.5859 117.455 23
    endloop
  endfacet
  facet normal 0.380955 0.924594 0
    outer loop
      vertex 11.2 117.614 23
      vertex 11.5859 117.455 3
      vertex 11.2 117.614 3
    endloop
  endfacet
  facet normal 0.609826 0.792535 -0
    outer loop
      vertex 11.2 117.614 3
      vertex 10.8686 117.869 23
      vertex 11.2 117.614 23
    endloop
  endfacet
  facet normal 0.609826 0.792535 0
    outer loop
      vertex 10.8686 117.869 23
      vertex 11.2 117.614 3
      vertex 10.8686 117.869 3
    endloop
  endfacet
  facet normal -0.793105 -0.609085 1.47752e-19
    outer loop
      vertex 13.3856 119.8 3
      vertex 13.1314 120.131 23
      vertex 13.1314 120.131 3
    endloop
  endfacet
  facet normal -0.793105 -0.609085 1.47752e-19
    outer loop
      vertex 13.1314 120.131 23
      vertex 13.3856 119.8 3
      vertex 13.3856 119.8 23
    endloop
  endfacet
  facet normal -0.131662 -0.991295 0
    outer loop
      vertex 12 120.6 3
      vertex 12.4141 120.545 23
      vertex 12 120.6 23
    endloop
  endfacet
  facet normal -0.131662 -0.991295 -0
    outer loop
      vertex 12.4141 120.545 23
      vertex 12 120.6 3
      vertex 12.4141 120.545 3
    endloop
  endfacet
  facet normal 0.923868 -0.382711 5.35213e-20
    outer loop
      vertex 10.4545 119.414 23
      vertex 10.6144 119.8 3
      vertex 10.6144 119.8 23
    endloop
  endfacet
  facet normal 0.923868 -0.382711 5.35213e-20
    outer loop
      vertex 10.6144 119.8 3
      vertex 10.4545 119.414 23
      vertex 10.4545 119.414 3
    endloop
  endfacet
  facet normal 0.380955 -0.924594 0
    outer loop
      vertex 11.2 120.386 3
      vertex 11.5859 120.545 23
      vertex 11.2 120.386 23
    endloop
  endfacet
  facet normal 0.380955 -0.924594 0
    outer loop
      vertex 11.5859 120.545 23
      vertex 11.2 120.386 3
      vertex 11.5859 120.545 3
    endloop
  endfacet
  facet normal -0.991446 -0.130516 1.92908e-19
    outer loop
      vertex 13.6 119 3
      vertex 13.5455 119.414 23
      vertex 13.5455 119.414 3
    endloop
  endfacet
  facet normal -0.991446 -0.130516 1.92908e-19
    outer loop
      vertex 13.5455 119.414 23
      vertex 13.6 119 3
      vertex 13.6 119 23
    endloop
  endfacet
  facet normal -0.380955 0.924594 0
    outer loop
      vertex 12.8 117.614 3
      vertex 12.4141 117.455 23
      vertex 12.8 117.614 23
    endloop
  endfacet
  facet normal -0.380955 0.924594 0
    outer loop
      vertex 12.4141 117.455 23
      vertex 12.8 117.614 3
      vertex 12.4141 117.455 3
    endloop
  endfacet
  facet normal -0.131662 0.991295 0
    outer loop
      vertex 12.4141 117.455 3
      vertex 12 117.4 23
      vertex 12.4141 117.455 23
    endloop
  endfacet
  facet normal -0.131662 0.991295 0
    outer loop
      vertex 12 117.4 23
      vertex 12.4141 117.455 3
      vertex 12 117.4 3
    endloop
  endfacet
  facet normal 0.923868 0.382711 -5.35213e-20
    outer loop
      vertex 10.6144 118.2 23
      vertex 10.4545 118.586 3
      vertex 10.4545 118.586 23
    endloop
  endfacet
  facet normal 0.923868 0.382711 -5.35213e-20
    outer loop
      vertex 10.4545 118.586 3
      vertex 10.6144 118.2 23
      vertex 10.6144 118.2 3
    endloop
  endfacet
  facet normal -0.923868 -0.382711 -5.35213e-20
    outer loop
      vertex 13.5455 119.414 3
      vertex 13.3856 119.8 23
      vertex 13.3856 119.8 3
    endloop
  endfacet
  facet normal -0.923868 -0.382711 -5.35213e-20
    outer loop
      vertex 13.3856 119.8 23
      vertex 13.5455 119.414 3
      vertex 13.5455 119.414 23
    endloop
  endfacet
  facet normal -0.609826 0.792535 0
    outer loop
      vertex 13.1314 117.869 3
      vertex 12.8 117.614 23
      vertex 13.1314 117.869 23
    endloop
  endfacet
  facet normal -0.609826 0.792535 0
    outer loop
      vertex 12.8 117.614 23
      vertex 13.1314 117.869 3
      vertex 12.8 117.614 3
    endloop
  endfacet
  facet normal -0.923868 0.382711 5.35213e-20
    outer loop
      vertex 13.3856 118.2 3
      vertex 13.5455 118.586 23
      vertex 13.5455 118.586 3
    endloop
  endfacet
  facet normal -0.923868 0.382711 5.35213e-20
    outer loop
      vertex 13.5455 118.586 23
      vertex 13.3856 118.2 3
      vertex 13.3856 118.2 23
    endloop
  endfacet
  facet normal -0.380955 -0.924594 0
    outer loop
      vertex 12.4141 175.545 3
      vertex 12.8 175.386 23
      vertex 12.4141 175.545 23
    endloop
  endfacet
  facet normal -0.380955 -0.924594 -0
    outer loop
      vertex 12.8 175.386 23
      vertex 12.4141 175.545 3
      vertex 12.8 175.386 3
    endloop
  endfacet
  facet normal 0.991446 0.130516 9.63524e-20
    outer loop
      vertex 10.4545 173.586 23
      vertex 10.4 174 3
      vertex 10.4 174 23
    endloop
  endfacet
  facet normal 0.991446 0.130516 9.63524e-20
    outer loop
      vertex 10.4 174 3
      vertex 10.4545 173.586 23
      vertex 10.4545 173.586 3
    endloop
  endfacet
  facet normal -0.793105 0.609085 3.52332e-19
    outer loop
      vertex 13.1314 172.869 3
      vertex 13.3856 173.2 23
      vertex 13.3856 173.2 3
    endloop
  endfacet
  facet normal -0.793105 0.609085 3.52332e-19
    outer loop
      vertex 13.3856 173.2 23
      vertex 13.1314 172.869 3
      vertex 13.1314 172.869 23
    endloop
  endfacet
  facet normal 0.131662 0.991295 -0
    outer loop
      vertex 12 172.4 3
      vertex 11.5859 172.455 23
      vertex 12 172.4 23
    endloop
  endfacet
  facet normal 0.131662 0.991295 0
    outer loop
      vertex 11.5859 172.455 23
      vertex 12 172.4 3
      vertex 11.5859 172.455 3
    endloop
  endfacet
  facet normal -0.609826 -0.792535 0
    outer loop
      vertex 12.8 175.386 3
      vertex 13.1314 175.131 23
      vertex 12.8 175.386 23
    endloop
  endfacet
  facet normal -0.609826 -0.792535 -0
    outer loop
      vertex 13.1314 175.131 23
      vertex 12.8 175.386 3
      vertex 13.1314 175.131 3
    endloop
  endfacet
  facet normal 0.131662 -0.991295 0
    outer loop
      vertex 11.5859 175.545 3
      vertex 12 175.6 23
      vertex 11.5859 175.545 23
    endloop
  endfacet
  facet normal 0.131662 -0.991295 0
    outer loop
      vertex 12 175.6 23
      vertex 11.5859 175.545 3
      vertex 12 175.6 3
    endloop
  endfacet
  facet normal 0.609826 -0.792535 0
    outer loop
      vertex 10.8686 175.131 3
      vertex 11.2 175.386 23
      vertex 10.8686 175.131 23
    endloop
  endfacet
  facet normal 0.609826 -0.792535 0
    outer loop
      vertex 11.2 175.386 23
      vertex 10.8686 175.131 3
      vertex 11.2 175.386 3
    endloop
  endfacet
  facet normal 0.991446 -0.130516 -9.63524e-20
    outer loop
      vertex 10.4 174 23
      vertex 10.4545 174.414 3
      vertex 10.4545 174.414 23
    endloop
  endfacet
  facet normal 0.991446 -0.130516 -9.63524e-20
    outer loop
      vertex 10.4545 174.414 3
      vertex 10.4 174 23
      vertex 10.4 174 3
    endloop
  endfacet
  facet normal 0.793105 -0.609085 3.52332e-19
    outer loop
      vertex 10.6144 174.8 23
      vertex 10.8686 175.131 3
      vertex 10.8686 175.131 23
    endloop
  endfacet
  facet normal 0.793105 -0.609085 3.52332e-19
    outer loop
      vertex 10.8686 175.131 3
      vertex 10.6144 174.8 23
      vertex 10.6144 174.8 3
    endloop
  endfacet
  facet normal -0.991446 0.130516 -9.63524e-20
    outer loop
      vertex 13.5455 173.586 3
      vertex 13.6 174 23
      vertex 13.6 174 3
    endloop
  endfacet
  facet normal -0.991446 0.130516 -9.63524e-20
    outer loop
      vertex 13.6 174 23
      vertex 13.5455 173.586 3
      vertex 13.5455 173.586 23
    endloop
  endfacet
  facet normal 0.793105 0.609085 -3.52332e-19
    outer loop
      vertex 10.8686 172.869 23
      vertex 10.6144 173.2 3
      vertex 10.6144 173.2 23
    endloop
  endfacet
  facet normal 0.793105 0.609085 -3.52332e-19
    outer loop
      vertex 10.6144 173.2 3
      vertex 10.8686 172.869 23
      vertex 10.8686 172.869 3
    endloop
  endfacet
  facet normal 0.380955 0.924594 -0
    outer loop
      vertex 11.5859 172.455 3
      vertex 11.2 172.614 23
      vertex 11.5859 172.455 23
    endloop
  endfacet
  facet normal 0.380955 0.924594 0
    outer loop
      vertex 11.2 172.614 23
      vertex 11.5859 172.455 3
      vertex 11.2 172.614 3
    endloop
  endfacet
  facet normal 0.609826 0.792535 -0
    outer loop
      vertex 11.2 172.614 3
      vertex 10.8686 172.869 23
      vertex 11.2 172.614 23
    endloop
  endfacet
  facet normal 0.609826 0.792535 0
    outer loop
      vertex 10.8686 172.869 23
      vertex 11.2 172.614 3
      vertex 10.8686 172.869 3
    endloop
  endfacet
  facet normal -0.793105 -0.609085 -3.52332e-19
    outer loop
      vertex 13.3856 174.8 3
      vertex 13.1314 175.131 23
      vertex 13.1314 175.131 3
    endloop
  endfacet
  facet normal -0.793105 -0.609085 -3.52332e-19
    outer loop
      vertex 13.1314 175.131 23
      vertex 13.3856 174.8 3
      vertex 13.3856 174.8 23
    endloop
  endfacet
  facet normal -0.131662 -0.991295 0
    outer loop
      vertex 12 175.6 3
      vertex 12.4141 175.545 23
      vertex 12 175.6 23
    endloop
  endfacet
  facet normal -0.131662 -0.991295 -0
    outer loop
      vertex 12.4141 175.545 23
      vertex 12 175.6 3
      vertex 12.4141 175.545 3
    endloop
  endfacet
  facet normal 0.923868 -0.382711 9.48787e-20
    outer loop
      vertex 10.4545 174.414 23
      vertex 10.6144 174.8 3
      vertex 10.6144 174.8 23
    endloop
  endfacet
  facet normal 0.923868 -0.382711 9.48787e-20
    outer loop
      vertex 10.6144 174.8 3
      vertex 10.4545 174.414 23
      vertex 10.4545 174.414 3
    endloop
  endfacet
  facet normal 0.380955 -0.924594 0
    outer loop
      vertex 11.2 175.386 3
      vertex 11.5859 175.545 23
      vertex 11.2 175.386 23
    endloop
  endfacet
  facet normal 0.380955 -0.924594 0
    outer loop
      vertex 11.5859 175.545 23
      vertex 11.2 175.386 3
      vertex 11.5859 175.545 3
    endloop
  endfacet
  facet normal -0.991446 -0.130516 9.63524e-20
    outer loop
      vertex 13.6 174 3
      vertex 13.5455 174.414 23
      vertex 13.5455 174.414 3
    endloop
  endfacet
  facet normal -0.991446 -0.130516 9.63524e-20
    outer loop
      vertex 13.5455 174.414 23
      vertex 13.6 174 3
      vertex 13.6 174 23
    endloop
  endfacet
  facet normal -0.923868 0.382711 9.48787e-20
    outer loop
      vertex 13.3856 173.2 3
      vertex 13.5455 173.586 23
      vertex 13.5455 173.586 3
    endloop
  endfacet
  facet normal -0.923868 0.382711 9.48787e-20
    outer loop
      vertex 13.5455 173.586 23
      vertex 13.3856 173.2 3
      vertex 13.3856 173.2 23
    endloop
  endfacet
  facet normal -0.380955 0.924594 0
    outer loop
      vertex 12.8 172.614 3
      vertex 12.4141 172.455 23
      vertex 12.8 172.614 23
    endloop
  endfacet
  facet normal -0.380955 0.924594 0
    outer loop
      vertex 12.4141 172.455 23
      vertex 12.8 172.614 3
      vertex 12.4141 172.455 3
    endloop
  endfacet
  facet normal -0.131662 0.991295 0
    outer loop
      vertex 12.4141 172.455 3
      vertex 12 172.4 23
      vertex 12.4141 172.455 23
    endloop
  endfacet
  facet normal -0.131662 0.991295 0
    outer loop
      vertex 12 172.4 23
      vertex 12.4141 172.455 3
      vertex 12 172.4 3
    endloop
  endfacet
  facet normal 0.923868 0.382711 -9.48787e-20
    outer loop
      vertex 10.6144 173.2 23
      vertex 10.4545 173.586 3
      vertex 10.4545 173.586 23
    endloop
  endfacet
  facet normal 0.923868 0.382711 -9.48787e-20
    outer loop
      vertex 10.4545 173.586 3
      vertex 10.6144 173.2 23
      vertex 10.6144 173.2 3
    endloop
  endfacet
  facet normal -0.923868 -0.382711 -9.48787e-20
    outer loop
      vertex 13.5455 174.414 3
      vertex 13.3856 174.8 23
      vertex 13.3856 174.8 3
    endloop
  endfacet
  facet normal -0.923868 -0.382711 -9.48787e-20
    outer loop
      vertex 13.3856 174.8 23
      vertex 13.5455 174.414 3
      vertex 13.5455 174.414 23
    endloop
  endfacet
  facet normal -0.609826 0.792535 0
    outer loop
      vertex 13.1314 172.869 3
      vertex 12.8 172.614 23
      vertex 13.1314 172.869 23
    endloop
  endfacet
  facet normal -0.609826 0.792535 0
    outer loop
      vertex 12.8 172.614 23
      vertex 13.1314 172.869 3
      vertex 12.8 172.614 3
    endloop
  endfacet
  facet normal -0.991446 -0.130516 1.52947e-19
    outer loop
      vertex 47.6 119 3
      vertex 47.5455 119.414 23
      vertex 47.5455 119.414 3
    endloop
  endfacet
  facet normal -0.991446 -0.130516 1.52947e-19
    outer loop
      vertex 47.5455 119.414 23
      vertex 47.6 119 3
      vertex 47.6 119 23
    endloop
  endfacet
  facet normal 0.131662 -0.991295 0
    outer loop
      vertex 45.5859 120.545 3
      vertex 46 120.6 23
      vertex 45.5859 120.545 23
    endloop
  endfacet
  facet normal 0.131662 -0.991295 0
    outer loop
      vertex 46 120.6 23
      vertex 45.5859 120.545 3
      vertex 46 120.6 3
    endloop
  endfacet
  facet normal -0.609826 -0.792535 0
    outer loop
      vertex 46.8 120.386 3
      vertex 47.1314 120.131 23
      vertex 46.8 120.386 23
    endloop
  endfacet
  facet normal -0.609826 -0.792535 -0
    outer loop
      vertex 47.1314 120.131 23
      vertex 46.8 120.386 3
      vertex 47.1314 120.131 3
    endloop
  endfacet
  facet normal 0.793105 -0.609085 -5.8695e-19
    outer loop
      vertex 44.6144 119.8 23
      vertex 44.8686 120.131 3
      vertex 44.8686 120.131 23
    endloop
  endfacet
  facet normal 0.793105 -0.609085 -5.8695e-19
    outer loop
      vertex 44.8686 120.131 3
      vertex 44.6144 119.8 23
      vertex 44.6144 119.8 3
    endloop
  endfacet
  facet normal 0.609826 -0.792535 0
    outer loop
      vertex 44.8686 120.131 3
      vertex 45.2 120.386 23
      vertex 44.8686 120.131 23
    endloop
  endfacet
  facet normal 0.609826 -0.792535 0
    outer loop
      vertex 45.2 120.386 23
      vertex 44.8686 120.131 3
      vertex 45.2 120.386 3
    endloop
  endfacet
  facet normal -0.923868 0.382711 5.35213e-20
    outer loop
      vertex 47.3856 118.2 3
      vertex 47.5455 118.586 23
      vertex 47.5455 118.586 3
    endloop
  endfacet
  facet normal -0.923868 0.382711 5.35213e-20
    outer loop
      vertex 47.5455 118.586 23
      vertex 47.3856 118.2 3
      vertex 47.3856 118.2 23
    endloop
  endfacet
  facet normal 0.380955 0.924594 -0
    outer loop
      vertex 45.5859 117.455 3
      vertex 45.2 117.614 23
      vertex 45.5859 117.455 23
    endloop
  endfacet
  facet normal 0.380955 0.924594 0
    outer loop
      vertex 45.2 117.614 23
      vertex 45.5859 117.455 3
      vertex 45.2 117.614 3
    endloop
  endfacet
  facet normal -0.793105 -0.609085 5.8695e-19
    outer loop
      vertex 47.3856 119.8 3
      vertex 47.1314 120.131 23
      vertex 47.1314 120.131 3
    endloop
  endfacet
  facet normal -0.793105 -0.609085 5.8695e-19
    outer loop
      vertex 47.1314 120.131 23
      vertex 47.3856 119.8 3
      vertex 47.3856 119.8 23
    endloop
  endfacet
  facet normal -0.923868 -0.382711 -5.35213e-20
    outer loop
      vertex 47.5455 119.414 3
      vertex 47.3856 119.8 23
      vertex 47.3856 119.8 3
    endloop
  endfacet
  facet normal -0.923868 -0.382711 -5.35213e-20
    outer loop
      vertex 47.3856 119.8 23
      vertex 47.5455 119.414 3
      vertex 47.5455 119.414 23
    endloop
  endfacet
  facet normal -0.131662 -0.991295 0
    outer loop
      vertex 46 120.6 3
      vertex 46.4141 120.545 23
      vertex 46 120.6 23
    endloop
  endfacet
  facet normal -0.131662 -0.991295 -0
    outer loop
      vertex 46.4141 120.545 23
      vertex 46 120.6 3
      vertex 46.4141 120.545 3
    endloop
  endfacet
  facet normal -0.380955 -0.924594 0
    outer loop
      vertex 46.4141 120.545 3
      vertex 46.8 120.386 23
      vertex 46.4141 120.545 23
    endloop
  endfacet
  facet normal -0.380955 -0.924594 -0
    outer loop
      vertex 46.8 120.386 23
      vertex 46.4141 120.545 3
      vertex 46.8 120.386 3
    endloop
  endfacet
  facet normal 0.923868 -0.382711 5.35213e-20
    outer loop
      vertex 44.4545 119.414 23
      vertex 44.6144 119.8 3
      vertex 44.6144 119.8 23
    endloop
  endfacet
  facet normal 0.923868 -0.382711 5.35213e-20
    outer loop
      vertex 44.6144 119.8 3
      vertex 44.4545 119.414 23
      vertex 44.4545 119.414 3
    endloop
  endfacet
  facet normal 0.991446 -0.130516 -1.52947e-19
    outer loop
      vertex 44.4 119 23
      vertex 44.4545 119.414 3
      vertex 44.4545 119.414 23
    endloop
  endfacet
  facet normal 0.991446 -0.130516 -1.52947e-19
    outer loop
      vertex 44.4545 119.414 3
      vertex 44.4 119 23
      vertex 44.4 119 3
    endloop
  endfacet
  facet normal 0.991446 0.130516 1.52947e-19
    outer loop
      vertex 44.4545 118.586 23
      vertex 44.4 119 3
      vertex 44.4 119 23
    endloop
  endfacet
  facet normal 0.991446 0.130516 1.52947e-19
    outer loop
      vertex 44.4 119 3
      vertex 44.4545 118.586 23
      vertex 44.4545 118.586 3
    endloop
  endfacet
  facet normal 0.380955 -0.924594 0
    outer loop
      vertex 45.2 120.386 3
      vertex 45.5859 120.545 23
      vertex 45.2 120.386 23
    endloop
  endfacet
  facet normal 0.380955 -0.924594 0
    outer loop
      vertex 45.5859 120.545 23
      vertex 45.2 120.386 3
      vertex 45.5859 120.545 3
    endloop
  endfacet
  facet normal -0.991446 0.130516 -1.52947e-19
    outer loop
      vertex 47.5455 118.586 3
      vertex 47.6 119 23
      vertex 47.6 119 3
    endloop
  endfacet
  facet normal -0.991446 0.130516 -1.52947e-19
    outer loop
      vertex 47.6 119 23
      vertex 47.5455 118.586 3
      vertex 47.5455 118.586 23
    endloop
  endfacet
  facet normal -0.380955 0.924594 0
    outer loop
      vertex 46.8 117.614 3
      vertex 46.4141 117.455 23
      vertex 46.8 117.614 23
    endloop
  endfacet
  facet normal -0.380955 0.924594 0
    outer loop
      vertex 46.4141 117.455 23
      vertex 46.8 117.614 3
      vertex 46.4141 117.455 3
    endloop
  endfacet
  facet normal 0.131662 0.991295 -0
    outer loop
      vertex 46 117.4 3
      vertex 45.5859 117.455 23
      vertex 46 117.4 23
    endloop
  endfacet
  facet normal 0.131662 0.991295 0
    outer loop
      vertex 45.5859 117.455 23
      vertex 46 117.4 3
      vertex 45.5859 117.455 3
    endloop
  endfacet
  facet normal 0.609826 0.792535 -0
    outer loop
      vertex 45.2 117.614 3
      vertex 44.8686 117.869 23
      vertex 45.2 117.614 23
    endloop
  endfacet
  facet normal 0.609826 0.792535 0
    outer loop
      vertex 44.8686 117.869 23
      vertex 45.2 117.614 3
      vertex 44.8686 117.869 3
    endloop
  endfacet
  facet normal 0.923868 0.382711 -5.35213e-20
    outer loop
      vertex 44.6144 118.2 23
      vertex 44.4545 118.586 3
      vertex 44.4545 118.586 23
    endloop
  endfacet
  facet normal 0.923868 0.382711 -5.35213e-20
    outer loop
      vertex 44.4545 118.586 3
      vertex 44.6144 118.2 23
      vertex 44.6144 118.2 3
    endloop
  endfacet
  facet normal -0.793105 0.609085 -5.8695e-19
    outer loop
      vertex 47.1314 117.869 3
      vertex 47.3856 118.2 23
      vertex 47.3856 118.2 3
    endloop
  endfacet
  facet normal -0.793105 0.609085 -5.8695e-19
    outer loop
      vertex 47.3856 118.2 23
      vertex 47.1314 117.869 3
      vertex 47.1314 117.869 23
    endloop
  endfacet
  facet normal -0.131662 0.991295 0
    outer loop
      vertex 46.4141 117.455 3
      vertex 46 117.4 23
      vertex 46.4141 117.455 23
    endloop
  endfacet
  facet normal -0.131662 0.991295 0
    outer loop
      vertex 46 117.4 23
      vertex 46.4141 117.455 3
      vertex 46 117.4 3
    endloop
  endfacet
  facet normal 0.793105 0.609085 5.8695e-19
    outer loop
      vertex 44.8686 117.869 23
      vertex 44.6144 118.2 3
      vertex 44.6144 118.2 23
    endloop
  endfacet
  facet normal 0.793105 0.609085 5.8695e-19
    outer loop
      vertex 44.6144 118.2 3
      vertex 44.8686 117.869 23
      vertex 44.8686 117.869 3
    endloop
  endfacet
  facet normal -0.609826 0.792535 0
    outer loop
      vertex 47.1314 117.869 3
      vertex 46.8 117.614 23
      vertex 47.1314 117.869 23
    endloop
  endfacet
  facet normal -0.609826 0.792535 0
    outer loop
      vertex 46.8 117.614 23
      vertex 47.1314 117.869 3
      vertex 46.8 117.614 3
    endloop
  endfacet
  facet normal -0.991446 -0.130516 5.65944e-20
    outer loop
      vertex 47.6 174 3
      vertex 47.5455 174.414 23
      vertex 47.5455 174.414 3
    endloop
  endfacet
  facet normal -0.991446 -0.130516 5.65944e-20
    outer loop
      vertex 47.5455 174.414 23
      vertex 47.6 174 3
      vertex 47.6 174 23
    endloop
  endfacet
  facet normal 0.131662 -0.991295 0
    outer loop
      vertex 45.5859 175.545 3
      vertex 46 175.6 23
      vertex 45.5859 175.545 23
    endloop
  endfacet
  facet normal 0.131662 -0.991295 0
    outer loop
      vertex 46 175.6 23
      vertex 45.5859 175.545 3
      vertex 46 175.6 3
    endloop
  endfacet
  facet normal -0.609826 -0.792535 0
    outer loop
      vertex 46.8 175.386 3
      vertex 47.1314 175.131 23
      vertex 46.8 175.386 23
    endloop
  endfacet
  facet normal -0.609826 -0.792535 -0
    outer loop
      vertex 47.1314 175.131 23
      vertex 46.8 175.386 3
      vertex 47.1314 175.131 3
    endloop
  endfacet
  facet normal 0.793105 -0.609085 -8.68654e-20
    outer loop
      vertex 44.6144 174.8 23
      vertex 44.8686 175.131 3
      vertex 44.8686 175.131 23
    endloop
  endfacet
  facet normal 0.793105 -0.609085 -8.68654e-20
    outer loop
      vertex 44.8686 175.131 3
      vertex 44.6144 174.8 23
      vertex 44.6144 174.8 3
    endloop
  endfacet
  facet normal 0.609826 -0.792535 0
    outer loop
      vertex 44.8686 175.131 3
      vertex 45.2 175.386 23
      vertex 44.8686 175.131 23
    endloop
  endfacet
  facet normal 0.609826 -0.792535 0
    outer loop
      vertex 45.2 175.386 23
      vertex 44.8686 175.131 3
      vertex 45.2 175.386 3
    endloop
  endfacet
  facet normal -0.923868 0.382711 9.48787e-20
    outer loop
      vertex 47.3856 173.2 3
      vertex 47.5455 173.586 23
      vertex 47.5455 173.586 3
    endloop
  endfacet
  facet normal -0.923868 0.382711 9.48787e-20
    outer loop
      vertex 47.5455 173.586 23
      vertex 47.3856 173.2 3
      vertex 47.3856 173.2 23
    endloop
  endfacet
  facet normal 0.380955 0.924594 -0
    outer loop
      vertex 45.5859 172.455 3
      vertex 45.2 172.614 23
      vertex 45.5859 172.455 23
    endloop
  endfacet
  facet normal 0.380955 0.924594 0
    outer loop
      vertex 45.2 172.614 23
      vertex 45.5859 172.455 3
      vertex 45.2 172.614 3
    endloop
  endfacet
  facet normal -0.793105 -0.609085 8.68654e-20
    outer loop
      vertex 47.3856 174.8 3
      vertex 47.1314 175.131 23
      vertex 47.1314 175.131 3
    endloop
  endfacet
  facet normal -0.793105 -0.609085 8.68654e-20
    outer loop
      vertex 47.1314 175.131 23
      vertex 47.3856 174.8 3
      vertex 47.3856 174.8 23
    endloop
  endfacet
  facet normal -0.923868 -0.382711 -9.48787e-20
    outer loop
      vertex 47.5455 174.414 3
      vertex 47.3856 174.8 23
      vertex 47.3856 174.8 3
    endloop
  endfacet
  facet normal -0.923868 -0.382711 -9.48787e-20
    outer loop
      vertex 47.3856 174.8 23
      vertex 47.5455 174.414 3
      vertex 47.5455 174.414 23
    endloop
  endfacet
  facet normal -0.131662 -0.991295 0
    outer loop
      vertex 46 175.6 3
      vertex 46.4141 175.545 23
      vertex 46 175.6 23
    endloop
  endfacet
  facet normal -0.131662 -0.991295 -0
    outer loop
      vertex 46.4141 175.545 23
      vertex 46 175.6 3
      vertex 46.4141 175.545 3
    endloop
  endfacet
  facet normal -0.380955 -0.924594 0
    outer loop
      vertex 46.4141 175.545 3
      vertex 46.8 175.386 23
      vertex 46.4141 175.545 23
    endloop
  endfacet
  facet normal -0.380955 -0.924594 -0
    outer loop
      vertex 46.8 175.386 23
      vertex 46.4141 175.545 3
      vertex 46.8 175.386 3
    endloop
  endfacet
  facet normal 0.923868 -0.382711 9.48787e-20
    outer loop
      vertex 44.4545 174.414 23
      vertex 44.6144 174.8 3
      vertex 44.6144 174.8 23
    endloop
  endfacet
  facet normal 0.923868 -0.382711 9.48787e-20
    outer loop
      vertex 44.6144 174.8 3
      vertex 44.4545 174.414 23
      vertex 44.4545 174.414 3
    endloop
  endfacet
  facet normal 0.991446 -0.130516 -5.65944e-20
    outer loop
      vertex 44.4 174 23
      vertex 44.4545 174.414 3
      vertex 44.4545 174.414 23
    endloop
  endfacet
  facet normal 0.991446 -0.130516 -5.65944e-20
    outer loop
      vertex 44.4545 174.414 3
      vertex 44.4 174 23
      vertex 44.4 174 3
    endloop
  endfacet
  facet normal 0.991446 0.130516 5.65944e-20
    outer loop
      vertex 44.4545 173.586 23
      vertex 44.4 174 3
      vertex 44.4 174 23
    endloop
  endfacet
  facet normal 0.991446 0.130516 5.65944e-20
    outer loop
      vertex 44.4 174 3
      vertex 44.4545 173.586 23
      vertex 44.4545 173.586 3
    endloop
  endfacet
  facet normal 0.380955 -0.924594 0
    outer loop
      vertex 45.2 175.386 3
      vertex 45.5859 175.545 23
      vertex 45.2 175.386 23
    endloop
  endfacet
  facet normal 0.380955 -0.924594 0
    outer loop
      vertex 45.5859 175.545 23
      vertex 45.2 175.386 3
      vertex 45.5859 175.545 3
    endloop
  endfacet
  facet normal -0.991446 0.130516 -5.65944e-20
    outer loop
      vertex 47.5455 173.586 3
      vertex 47.6 174 23
      vertex 47.6 174 3
    endloop
  endfacet
  facet normal -0.991446 0.130516 -5.65944e-20
    outer loop
      vertex 47.6 174 23
      vertex 47.5455 173.586 3
      vertex 47.5455 173.586 23
    endloop
  endfacet
  facet normal -0.380955 0.924594 0
    outer loop
      vertex 46.8 172.614 3
      vertex 46.4141 172.455 23
      vertex 46.8 172.614 23
    endloop
  endfacet
  facet normal -0.380955 0.924594 0
    outer loop
      vertex 46.4141 172.455 23
      vertex 46.8 172.614 3
      vertex 46.4141 172.455 3
    endloop
  endfacet
  facet normal 0.131662 0.991295 -0
    outer loop
      vertex 46 172.4 3
      vertex 45.5859 172.455 23
      vertex 46 172.4 23
    endloop
  endfacet
  facet normal 0.131662 0.991295 0
    outer loop
      vertex 45.5859 172.455 23
      vertex 46 172.4 3
      vertex 45.5859 172.455 3
    endloop
  endfacet
  facet normal 0.609826 0.792535 -0
    outer loop
      vertex 45.2 172.614 3
      vertex 44.8686 172.869 23
      vertex 45.2 172.614 23
    endloop
  endfacet
  facet normal 0.609826 0.792535 0
    outer loop
      vertex 44.8686 172.869 23
      vertex 45.2 172.614 3
      vertex 44.8686 172.869 3
    endloop
  endfacet
  facet normal 0.923868 0.382711 -9.48787e-20
    outer loop
      vertex 44.6144 173.2 23
      vertex 44.4545 173.586 3
      vertex 44.4545 173.586 23
    endloop
  endfacet
  facet normal 0.923868 0.382711 -9.48787e-20
    outer loop
      vertex 44.4545 173.586 3
      vertex 44.6144 173.2 23
      vertex 44.6144 173.2 3
    endloop
  endfacet
  facet normal -0.793105 0.609085 -8.68654e-20
    outer loop
      vertex 47.1314 172.869 3
      vertex 47.3856 173.2 23
      vertex 47.3856 173.2 3
    endloop
  endfacet
  facet normal -0.793105 0.609085 -8.68654e-20
    outer loop
      vertex 47.3856 173.2 23
      vertex 47.1314 172.869 3
      vertex 47.1314 172.869 23
    endloop
  endfacet
  facet normal -0.131662 0.991295 0
    outer loop
      vertex 46.4141 172.455 3
      vertex 46 172.4 23
      vertex 46.4141 172.455 23
    endloop
  endfacet
  facet normal -0.131662 0.991295 0
    outer loop
      vertex 46 172.4 23
      vertex 46.4141 172.455 3
      vertex 46 172.4 3
    endloop
  endfacet
  facet normal 0.793105 0.609085 8.68654e-20
    outer loop
      vertex 44.8686 172.869 23
      vertex 44.6144 173.2 3
      vertex 44.6144 173.2 23
    endloop
  endfacet
  facet normal 0.793105 0.609085 8.68654e-20
    outer loop
      vertex 44.6144 173.2 3
      vertex 44.8686 172.869 23
      vertex 44.8686 172.869 3
    endloop
  endfacet
  facet normal -0.609826 0.792535 0
    outer loop
      vertex 47.1314 172.869 3
      vertex 46.8 172.614 23
      vertex 47.1314 172.869 23
    endloop
  endfacet
  facet normal -0.609826 0.792535 0
    outer loop
      vertex 46.8 172.614 23
      vertex 47.1314 172.869 3
      vertex 46.8 172.614 3
    endloop
  endfacet
  facet normal -1 0 0
    outer loop
      vertex 3 110 3
      vertex 3 183 23
      vertex 3 183 3
    endloop
  endfacet
  facet normal -1 -0 0
    outer loop
      vertex 3 183 23
      vertex 3 110 3
      vertex 3 110 23
    endloop
  endfacet
  facet normal 0 0 1
    outer loop
      vertex 44.8686 172.869 23
      vertex 13.1314 172.869 23
      vertex 45.2 172.614 23
    endloop
  endfacet
  facet normal 0 0 1
    outer loop
      vertex 45.2 120.386 23
      vertex 13.5455 119.414 23
      vertex 13.6 119 23
    endloop
  endfacet
  facet normal 0 0 1
    outer loop
      vertex 12.8 172.614 23
      vertex 45.2 172.614 23
      vertex 13.1314 172.869 23
    endloop
  endfacet
  facet normal 0 0 1
    outer loop
      vertex 45.2 120.386 23
      vertex 13.3856 119.8 23
      vertex 13.5455 119.414 23
    endloop
  endfacet
  facet normal 0 0 1
    outer loop
      vertex 45.2 172.614 23
      vertex 12.8 172.614 23
      vertex 45.2 120.386 23
    endloop
  endfacet
  facet normal 0 0 1
    outer loop
      vertex 45.2 120.386 23
      vertex 13.1314 120.131 23
      vertex 13.3856 119.8 23
    endloop
  endfacet
  facet normal 0 0 1
    outer loop
      vertex 12.8 120.386 23
      vertex 45.2 120.386 23
      vertex 12.8 172.614 23
    endloop
  endfacet
  facet normal 0 0 1
    outer loop
      vertex 45.2 120.386 23
      vertex 12.8 120.386 23
      vertex 13.1314 120.131 23
    endloop
  endfacet
  facet normal -0 0 1
    outer loop
      vertex 12.4141 172.455 23
      vertex 12.8 120.386 23
      vertex 12.8 172.614 23
    endloop
  endfacet
  facet normal 0 0 1
    outer loop
      vertex 12.4141 172.455 23
      vertex 12.4141 120.545 23
      vertex 12.8 120.386 23
    endloop
  endfacet
  facet normal -0 0 1
    outer loop
      vertex 12 172.4 23
      vertex 12.4141 120.545 23
      vertex 12.4141 172.455 23
    endloop
  endfacet
  facet normal 0 0 1
    outer loop
      vertex 12 172.4 23
      vertex 12 120.6 23
      vertex 12.4141 120.545 23
    endloop
  endfacet
  facet normal 0 0 1
    outer loop
      vertex 11.5859 172.455 23
      vertex 12 120.6 23
      vertex 12 172.4 23
    endloop
  endfacet
  facet normal 0 0 1
    outer loop
      vertex 11.5859 172.455 23
      vertex 11.5859 120.545 23
      vertex 12 120.6 23
    endloop
  endfacet
  facet normal 0 0 1
    outer loop
      vertex 11.2 172.614 23
      vertex 11.5859 120.545 23
      vertex 11.5859 172.455 23
    endloop
  endfacet
  facet normal 0 0 1
    outer loop
      vertex 11.2 172.614 23
      vertex 11.2 120.386 23
      vertex 11.5859 120.545 23
    endloop
  endfacet
  facet normal 0 0 1
    outer loop
      vertex 10.8686 172.869 23
      vertex 11.2 120.386 23
      vertex 11.2 172.614 23
    endloop
  endfacet
  facet normal 0 0 1
    outer loop
      vertex 10.8686 172.869 23
      vertex 10.8686 120.131 23
      vertex 11.2 120.386 23
    endloop
  endfacet
  facet normal 0 0 1
    outer loop
      vertex 10.6144 173.2 23
      vertex 10.8686 120.131 23
      vertex 10.8686 172.869 23
    endloop
  endfacet
  facet normal 0 0 1
    outer loop
      vertex 10.6144 173.2 23
      vertex 10.6144 119.8 23
      vertex 10.8686 120.131 23
    endloop
  endfacet
  facet normal 0 0 1
    outer loop
      vertex 3 183 23
      vertex 10.6144 173.2 23
      vertex 10.4545 173.586 23
    endloop
  endfacet
  facet normal 0 0 1
    outer loop
      vertex 10.6144 173.2 23
      vertex 3 183 23
      vertex 10.6144 119.8 23
    endloop
  endfacet
  facet normal 0 0 1
    outer loop
      vertex 3 183 23
      vertex 10.4545 173.586 23
      vertex 10.4 174 23
    endloop
  endfacet
  facet normal 0 0 1
    outer loop
      vertex 3 110 23
      vertex 10.6144 119.8 23
      vertex 3 183 23
    endloop
  endfacet
  facet normal 0 0 1
    outer loop
      vertex 55 183 23
      vertex 47.3856 173.2 23
      vertex 55 110 23
    endloop
  endfacet
  facet normal 0 0 1
    outer loop
      vertex 55 110 23
      vertex 47.5455 119.414 23
      vertex 47.6 119 23
    endloop
  endfacet
  facet normal -0 0 1
    outer loop
      vertex 47.3856 119.8 23
      vertex 55 110 23
      vertex 47.3856 173.2 23
    endloop
  endfacet
  facet normal 0 0 1
    outer loop
      vertex 55 110 23
      vertex 47.3856 119.8 23
      vertex 47.5455 119.414 23
    endloop
  endfacet
  facet normal -0 0 1
    outer loop
      vertex 47.1314 172.869 23
      vertex 47.3856 119.8 23
      vertex 47.3856 173.2 23
    endloop
  endfacet
  facet normal 0 0 1
    outer loop
      vertex 47.1314 172.869 23
      vertex 47.1314 120.131 23
      vertex 47.3856 119.8 23
    endloop
  endfacet
  facet normal -0 0 1
    outer loop
      vertex 46.8 172.614 23
      vertex 47.1314 120.131 23
      vertex 47.1314 172.869 23
    endloop
  endfacet
  facet normal 0 0 1
    outer loop
      vertex 46.8 172.614 23
      vertex 46.8 120.386 23
      vertex 47.1314 120.131 23
    endloop
  endfacet
  facet normal -0 0 1
    outer loop
      vertex 46.4141 172.455 23
      vertex 46.8 120.386 23
      vertex 46.8 172.614 23
    endloop
  endfacet
  facet normal 0 0 1
    outer loop
      vertex 46.4141 172.455 23
      vertex 46.4141 120.545 23
      vertex 46.8 120.386 23
    endloop
  endfacet
  facet normal -0 0 1
    outer loop
      vertex 46 172.4 23
      vertex 46.4141 120.545 23
      vertex 46.4141 172.455 23
    endloop
  endfacet
  facet normal 0 0 1
    outer loop
      vertex 46 172.4 23
      vertex 46 120.6 23
      vertex 46.4141 120.545 23
    endloop
  endfacet
  facet normal 0 0 1
    outer loop
      vertex 45.5859 172.455 23
      vertex 46 120.6 23
      vertex 46 172.4 23
    endloop
  endfacet
  facet normal 0 0 1
    outer loop
      vertex 45.5859 172.455 23
      vertex 45.5859 120.545 23
      vertex 46 120.6 23
    endloop
  endfacet
  facet normal 0 0 1
    outer loop
      vertex 45.2 172.614 23
      vertex 45.5859 120.545 23
      vertex 45.5859 172.455 23
    endloop
  endfacet
  facet normal 0 0 1
    outer loop
      vertex 45.2 172.614 23
      vertex 45.2 120.386 23
      vertex 45.5859 120.545 23
    endloop
  endfacet
  facet normal 0 0 1
    outer loop
      vertex 13.3856 173.2 23
      vertex 44.6144 173.2 23
      vertex 13.5455 173.586 23
    endloop
  endfacet
  facet normal 0 0 1
    outer loop
      vertex 44.6144 173.2 23
      vertex 13.3856 173.2 23
      vertex 44.8686 172.869 23
    endloop
  endfacet
  facet normal 0 0 1
    outer loop
      vertex 44.4545 173.586 23
      vertex 13.5455 173.586 23
      vertex 44.6144 173.2 23
    endloop
  endfacet
  facet normal 0 0 1
    outer loop
      vertex 13.1314 172.869 23
      vertex 44.8686 172.869 23
      vertex 13.3856 173.2 23
    endloop
  endfacet
  facet normal 0 0 1
    outer loop
      vertex 13.5455 173.586 23
      vertex 44.4545 173.586 23
      vertex 13.6 174 23
    endloop
  endfacet
  facet normal 0 0 1
    outer loop
      vertex 45.2 120.386 23
      vertex 13.6 119 23
      vertex 44.8686 120.131 23
    endloop
  endfacet
  facet normal -0 0 1
    outer loop
      vertex 13.6 174 23
      vertex 44.4545 173.586 23
      vertex 44.4 174 23
    endloop
  endfacet
  facet normal 0 0 1
    outer loop
      vertex 44.8686 120.131 23
      vertex 13.6 119 23
      vertex 44.6144 119.8 23
    endloop
  endfacet
  facet normal 0 0 1
    outer loop
      vertex 47.5455 173.586 23
      vertex 55 183 23
      vertex 47.6 174 23
    endloop
  endfacet
  facet normal 0 0 1
    outer loop
      vertex 55 183 23
      vertex 47.5455 174.414 23
      vertex 47.6 174 23
    endloop
  endfacet
  facet normal 0 0 1
    outer loop
      vertex 55 183 23
      vertex 47.3856 174.8 23
      vertex 47.5455 174.414 23
    endloop
  endfacet
  facet normal 0 0 1
    outer loop
      vertex 55 183 23
      vertex 47.1314 175.131 23
      vertex 47.3856 174.8 23
    endloop
  endfacet
  facet normal 0 0 1
    outer loop
      vertex 55 183 23
      vertex 46.8 175.386 23
      vertex 47.1314 175.131 23
    endloop
  endfacet
  facet normal 0 0 1
    outer loop
      vertex 55 183 23
      vertex 46.4141 175.545 23
      vertex 46.8 175.386 23
    endloop
  endfacet
  facet normal 0 0 1
    outer loop
      vertex 55 183 23
      vertex 46 175.6 23
      vertex 46.4141 175.545 23
    endloop
  endfacet
  facet normal 0 0 1
    outer loop
      vertex 55 183 23
      vertex 45.5859 175.545 23
      vertex 46 175.6 23
    endloop
  endfacet
  facet normal 0 0 1
    outer loop
      vertex 55 183 23
      vertex 45.2 175.386 23
      vertex 45.5859 175.545 23
    endloop
  endfacet
  facet normal 0 0 1
    outer loop
      vertex 12.8 175.386 23
      vertex 45.2 175.386 23
      vertex 55 183 23
    endloop
  endfacet
  facet normal 0 0 1
    outer loop
      vertex 44.6144 119.8 23
      vertex 13.6 119 23
      vertex 44.4545 119.414 23
    endloop
  endfacet
  facet normal 0 0 1
    outer loop
      vertex 44.4545 174.414 23
      vertex 13.6 174 23
      vertex 44.4 174 23
    endloop
  endfacet
  facet normal 0 0 1
    outer loop
      vertex 13.5455 174.414 23
      vertex 44.4545 174.414 23
      vertex 44.6144 174.8 23
    endloop
  endfacet
  facet normal 0 0 1
    outer loop
      vertex 13.3856 174.8 23
      vertex 44.6144 174.8 23
      vertex 44.8686 175.131 23
    endloop
  endfacet
  facet normal 0 0 1
    outer loop
      vertex 45.2 175.386 23
      vertex 12.8 175.386 23
      vertex 44.8686 175.131 23
    endloop
  endfacet
  facet normal 0 0 1
    outer loop
      vertex 44.4545 174.414 23
      vertex 13.5455 174.414 23
      vertex 13.6 174 23
    endloop
  endfacet
  facet normal 0 0 1
    outer loop
      vertex 44.6144 174.8 23
      vertex 13.3856 174.8 23
      vertex 13.5455 174.414 23
    endloop
  endfacet
  facet normal 0 0 1
    outer loop
      vertex 44.8686 175.131 23
      vertex 13.1314 175.131 23
      vertex 13.3856 174.8 23
    endloop
  endfacet
  facet normal 0 0 1
    outer loop
      vertex 44.8686 175.131 23
      vertex 12.8 175.386 23
      vertex 13.1314 175.131 23
    endloop
  endfacet
  facet normal -0 0 1
    outer loop
      vertex 3 183 23
      vertex 12.8 175.386 23
      vertex 55 183 23
    endloop
  endfacet
  facet normal 0 0 1
    outer loop
      vertex 12.8 175.386 23
      vertex 3 183 23
      vertex 12.4141 175.545 23
    endloop
  endfacet
  facet normal 0 0 1
    outer loop
      vertex 12.4141 175.545 23
      vertex 3 183 23
      vertex 12 175.6 23
    endloop
  endfacet
  facet normal 0 0 1
    outer loop
      vertex 10.6144 119.8 23
      vertex 3 110 23
      vertex 10.4545 119.414 23
    endloop
  endfacet
  facet normal 0 0 1
    outer loop
      vertex 10.4545 174.414 23
      vertex 3 183 23
      vertex 10.4 174 23
    endloop
  endfacet
  facet normal 0 0 1
    outer loop
      vertex 10.6144 174.8 23
      vertex 3 183 23
      vertex 10.4545 174.414 23
    endloop
  endfacet
  facet normal 0 0 1
    outer loop
      vertex 10.8686 175.131 23
      vertex 3 183 23
      vertex 10.6144 174.8 23
    endloop
  endfacet
  facet normal 0 0 1
    outer loop
      vertex 11.2 175.386 23
      vertex 3 183 23
      vertex 10.8686 175.131 23
    endloop
  endfacet
  facet normal 0 0 1
    outer loop
      vertex 11.5859 175.545 23
      vertex 3 183 23
      vertex 11.2 175.386 23
    endloop
  endfacet
  facet normal 0 0 1
    outer loop
      vertex 12 175.6 23
      vertex 3 183 23
      vertex 11.5859 175.545 23
    endloop
  endfacet
  facet normal 0 0 1
    outer loop
      vertex 47.3856 173.2 23
      vertex 55 183 23
      vertex 47.5455 173.586 23
    endloop
  endfacet
  facet normal -0 0 1
    outer loop
      vertex 47.5455 118.586 23
      vertex 55 110 23
      vertex 47.6 119 23
    endloop
  endfacet
  facet normal -0 0 1
    outer loop
      vertex 47.3856 118.2 23
      vertex 55 110 23
      vertex 47.5455 118.586 23
    endloop
  endfacet
  facet normal -0 0 1
    outer loop
      vertex 47.1314 117.869 23
      vertex 55 110 23
      vertex 47.3856 118.2 23
    endloop
  endfacet
  facet normal -0 0 1
    outer loop
      vertex 46.8 117.614 23
      vertex 55 110 23
      vertex 47.1314 117.869 23
    endloop
  endfacet
  facet normal -0 0 1
    outer loop
      vertex 46.4141 117.455 23
      vertex 55 110 23
      vertex 46.8 117.614 23
    endloop
  endfacet
  facet normal -0 0 1
    outer loop
      vertex 46 117.4 23
      vertex 55 110 23
      vertex 46.4141 117.455 23
    endloop
  endfacet
  facet normal 0 0 1
    outer loop
      vertex 45.5859 117.455 23
      vertex 55 110 23
      vertex 46 117.4 23
    endloop
  endfacet
  facet normal 0 0 1
    outer loop
      vertex 45.2 117.614 23
      vertex 55 110 23
      vertex 45.5859 117.455 23
    endloop
  endfacet
  facet normal 0 0 1
    outer loop
      vertex 12.8 117.614 23
      vertex 45.2 117.614 23
      vertex 44.8686 117.869 23
    endloop
  endfacet
  facet normal 0 0 1
    outer loop
      vertex 44.4545 119.414 23
      vertex 13.6 119 23
      vertex 44.4 119 23
    endloop
  endfacet
  facet normal 0 0 1
    outer loop
      vertex 44.4 119 23
      vertex 13.6 119 23
      vertex 44.4545 118.586 23
    endloop
  endfacet
  facet normal 0 0 1
    outer loop
      vertex 13.5455 118.586 23
      vertex 44.4545 118.586 23
      vertex 13.6 119 23
    endloop
  endfacet
  facet normal 0 0 1
    outer loop
      vertex 44.4545 118.586 23
      vertex 13.5455 118.586 23
      vertex 44.6144 118.2 23
    endloop
  endfacet
  facet normal 0 0 1
    outer loop
      vertex 13.3856 118.2 23
      vertex 44.6144 118.2 23
      vertex 13.5455 118.586 23
    endloop
  endfacet
  facet normal 0 0 1
    outer loop
      vertex 44.6144 118.2 23
      vertex 13.3856 118.2 23
      vertex 44.8686 117.869 23
    endloop
  endfacet
  facet normal 0 0 1
    outer loop
      vertex 13.1314 117.869 23
      vertex 44.8686 117.869 23
      vertex 13.3856 118.2 23
    endloop
  endfacet
  facet normal 0 0 1
    outer loop
      vertex 12.8 117.614 23
      vertex 44.8686 117.869 23
      vertex 13.1314 117.869 23
    endloop
  endfacet
  facet normal 0 0 1
    outer loop
      vertex 45.2 117.614 23
      vertex 12.8 117.614 23
      vertex 55 110 23
    endloop
  endfacet
  facet normal 0 0 1
    outer loop
      vertex 3 110 23
      vertex 12.8 117.614 23
      vertex 12.4141 117.455 23
    endloop
  endfacet
  facet normal 0 0 1
    outer loop
      vertex 3 110 23
      vertex 12.4141 117.455 23
      vertex 12 117.4 23
    endloop
  endfacet
  facet normal 0 0 1
    outer loop
      vertex 3 110 23
      vertex 12 117.4 23
      vertex 11.5859 117.455 23
    endloop
  endfacet
  facet normal 0 0 1
    outer loop
      vertex 12.8 117.614 23
      vertex 3 110 23
      vertex 55 110 23
    endloop
  endfacet
  facet normal 0 0 1
    outer loop
      vertex 11.2 117.614 23
      vertex 3 110 23
      vertex 11.5859 117.455 23
    endloop
  endfacet
  facet normal 0 0 1
    outer loop
      vertex 10.8686 117.869 23
      vertex 3 110 23
      vertex 11.2 117.614 23
    endloop
  endfacet
  facet normal 0 0 1
    outer loop
      vertex 10.6144 118.2 23
      vertex 3 110 23
      vertex 10.8686 117.869 23
    endloop
  endfacet
  facet normal 0 0 1
    outer loop
      vertex 10.4545 118.586 23
      vertex 3 110 23
      vertex 10.6144 118.2 23
    endloop
  endfacet
  facet normal 0 0 1
    outer loop
      vertex 10.4 119 23
      vertex 3 110 23
      vertex 10.4545 118.586 23
    endloop
  endfacet
  facet normal 0 0 1
    outer loop
      vertex 10.4545 119.414 23
      vertex 3 110 23
      vertex 10.4 119 23
    endloop
  endfacet
  facet normal 1 -0 0
    outer loop
      vertex 55 110 23
      vertex 55 183 3
      vertex 55 183 23
    endloop
  endfacet
  facet normal 1 0 0
    outer loop
      vertex 55 183 3
      vertex 55 110 23
      vertex 55 110 3
    endloop
  endfacet
  facet normal 0 1 -0
    outer loop
      vertex 55 183 3
      vertex 3 183 23
      vertex 55 183 23
    endloop
  endfacet
  facet normal 0 1 0
    outer loop
      vertex 3 183 23
      vertex 55 183 3
      vertex 3 183 3
    endloop
  endfacet
  facet normal 0 -1 0
    outer loop
      vertex 3 110 3
      vertex 55 110 23
      vertex 3 110 23
    endloop
  endfacet
  facet normal 0 -1 -0
    outer loop
      vertex 55 110 23
      vertex 3 110 3
      vertex 55 110 3
    endloop
  endfacet
  facet normal -0.382796 -0.923833 0
    outer loop
      vertex 12.4141 21.5455 3
      vertex 12.8 21.3856 23
      vertex 12.4141 21.5455 23
    endloop
  endfacet
  facet normal -0.382796 -0.923833 -0
    outer loop
      vertex 12.8 21.3856 23
      vertex 12.4141 21.5455 3
      vertex 12.8 21.3856 3
    endloop
  endfacet
  facet normal 0.99145 0.130485 -1.63456e-19
    outer loop
      vertex 10.4545 19.5859 23
      vertex 10.4 20 3
      vertex 10.4 20 23
    endloop
  endfacet
  facet normal 0.99145 0.130485 -1.63456e-19
    outer loop
      vertex 10.4 20 3
      vertex 10.4545 19.5859 23
      vertex 10.4545 19.5859 3
    endloop
  endfacet
  facet normal -0.79346 0.608623 -7.90118e-19
    outer loop
      vertex 13.1314 18.8686 3
      vertex 13.3856 19.2 23
      vertex 13.3856 19.2 3
    endloop
  endfacet
  facet normal -0.79346 0.608623 -7.90118e-19
    outer loop
      vertex 13.3856 19.2 23
      vertex 13.1314 18.8686 3
      vertex 13.1314 18.8686 23
    endloop
  endfacet
  facet normal 0.130485 0.99145 -0
    outer loop
      vertex 12 18.4 3
      vertex 11.5859 18.4545 23
      vertex 12 18.4 23
    endloop
  endfacet
  facet normal 0.130485 0.99145 0
    outer loop
      vertex 11.5859 18.4545 23
      vertex 12 18.4 3
      vertex 11.5859 18.4545 3
    endloop
  endfacet
  facet normal -0.608623 -0.79346 0
    outer loop
      vertex 12.8 21.3856 3
      vertex 13.1314 21.1314 23
      vertex 12.8 21.3856 23
    endloop
  endfacet
  facet normal -0.608623 -0.79346 -0
    outer loop
      vertex 13.1314 21.1314 23
      vertex 12.8 21.3856 3
      vertex 13.1314 21.1314 3
    endloop
  endfacet
  facet normal 0.130485 -0.99145 0
    outer loop
      vertex 11.5859 21.5455 3
      vertex 12 21.6 23
      vertex 11.5859 21.5455 23
    endloop
  endfacet
  facet normal 0.130485 -0.99145 0
    outer loop
      vertex 12 21.6 23
      vertex 11.5859 21.5455 3
      vertex 12 21.6 3
    endloop
  endfacet
  facet normal 0.608623 -0.79346 0
    outer loop
      vertex 10.8686 21.1314 3
      vertex 11.2 21.3856 23
      vertex 10.8686 21.1314 23
    endloop
  endfacet
  facet normal 0.608623 -0.79346 0
    outer loop
      vertex 11.2 21.3856 23
      vertex 10.8686 21.1314 3
      vertex 11.2 21.3856 3
    endloop
  endfacet
  facet normal 0.99145 -0.130485 1.63456e-19
    outer loop
      vertex 10.4 20 23
      vertex 10.4545 20.4141 3
      vertex 10.4545 20.4141 23
    endloop
  endfacet
  facet normal 0.99145 -0.130485 1.63456e-19
    outer loop
      vertex 10.4545 20.4141 3
      vertex 10.4 20 23
      vertex 10.4 20 3
    endloop
  endfacet
  facet normal 0.79346 -0.608623 -7.90118e-19
    outer loop
      vertex 10.6144 20.8 23
      vertex 10.8686 21.1314 3
      vertex 10.8686 21.1314 23
    endloop
  endfacet
  facet normal 0.79346 -0.608623 -7.90118e-19
    outer loop
      vertex 10.8686 21.1314 3
      vertex 10.6144 20.8 23
      vertex 10.6144 20.8 3
    endloop
  endfacet
  facet normal -0.99145 0.130485 1.63456e-19
    outer loop
      vertex 13.5455 19.5859 3
      vertex 13.6 20 23
      vertex 13.6 20 3
    endloop
  endfacet
  facet normal -0.99145 0.130485 1.63456e-19
    outer loop
      vertex 13.6 20 23
      vertex 13.5455 19.5859 3
      vertex 13.5455 19.5859 23
    endloop
  endfacet
  facet normal 0.79346 0.608623 7.90118e-19
    outer loop
      vertex 10.8686 18.8686 23
      vertex 10.6144 19.2 3
      vertex 10.6144 19.2 23
    endloop
  endfacet
  facet normal 0.79346 0.608623 7.90118e-19
    outer loop
      vertex 10.6144 19.2 3
      vertex 10.8686 18.8686 23
      vertex 10.8686 18.8686 3
    endloop
  endfacet
  facet normal 0.382796 0.923833 -0
    outer loop
      vertex 11.5859 18.4545 3
      vertex 11.2 18.6144 23
      vertex 11.5859 18.4545 23
    endloop
  endfacet
  facet normal 0.382796 0.923833 0
    outer loop
      vertex 11.2 18.6144 23
      vertex 11.5859 18.4545 3
      vertex 11.2 18.6144 3
    endloop
  endfacet
  facet normal -0.79346 -0.608623 7.90118e-19
    outer loop
      vertex 13.3856 20.8 3
      vertex 13.1314 21.1314 23
      vertex 13.1314 21.1314 3
    endloop
  endfacet
  facet normal -0.79346 -0.608623 7.90118e-19
    outer loop
      vertex 13.1314 21.1314 23
      vertex 13.3856 20.8 3
      vertex 13.3856 20.8 23
    endloop
  endfacet
  facet normal -0.130485 -0.99145 0
    outer loop
      vertex 12 21.6 3
      vertex 12.4141 21.5455 23
      vertex 12 21.6 23
    endloop
  endfacet
  facet normal -0.130485 -0.99145 -0
    outer loop
      vertex 12.4141 21.5455 23
      vertex 12 21.6 3
      vertex 12.4141 21.5455 3
    endloop
  endfacet
  facet normal 0.923833 -0.382796 -1.94666e-19
    outer loop
      vertex 10.4545 20.4141 23
      vertex 10.6144 20.8 3
      vertex 10.6144 20.8 23
    endloop
  endfacet
  facet normal 0.923833 -0.382796 -1.94666e-19
    outer loop
      vertex 10.6144 20.8 3
      vertex 10.4545 20.4141 23
      vertex 10.4545 20.4141 3
    endloop
  endfacet
  facet normal 0.382796 -0.923833 0
    outer loop
      vertex 11.2 21.3856 3
      vertex 11.5859 21.5455 23
      vertex 11.2 21.3856 23
    endloop
  endfacet
  facet normal 0.382796 -0.923833 0
    outer loop
      vertex 11.5859 21.5455 23
      vertex 11.2 21.3856 3
      vertex 11.5859 21.5455 3
    endloop
  endfacet
  facet normal -0.99145 -0.130485 -1.63456e-19
    outer loop
      vertex 13.6 20 3
      vertex 13.5455 20.4141 23
      vertex 13.5455 20.4141 3
    endloop
  endfacet
  facet normal -0.99145 -0.130485 -1.63456e-19
    outer loop
      vertex 13.5455 20.4141 23
      vertex 13.6 20 3
      vertex 13.6 20 23
    endloop
  endfacet
  facet normal -0.923833 0.382796 -1.94666e-19
    outer loop
      vertex 13.3856 19.2 3
      vertex 13.5455 19.5859 23
      vertex 13.5455 19.5859 3
    endloop
  endfacet
  facet normal -0.923833 0.382796 -1.94666e-19
    outer loop
      vertex 13.5455 19.5859 23
      vertex 13.3856 19.2 3
      vertex 13.3856 19.2 23
    endloop
  endfacet
  facet normal -0.382796 0.923833 0
    outer loop
      vertex 12.8 18.6144 3
      vertex 12.4141 18.4545 23
      vertex 12.8 18.6144 23
    endloop
  endfacet
  facet normal -0.382796 0.923833 0
    outer loop
      vertex 12.4141 18.4545 23
      vertex 12.8 18.6144 3
      vertex 12.4141 18.4545 3
    endloop
  endfacet
  facet normal -0.130485 0.99145 0
    outer loop
      vertex 12.4141 18.4545 3
      vertex 12 18.4 23
      vertex 12.4141 18.4545 23
    endloop
  endfacet
  facet normal -0.130485 0.99145 0
    outer loop
      vertex 12 18.4 23
      vertex 12.4141 18.4545 3
      vertex 12 18.4 3
    endloop
  endfacet
  facet normal 0.608623 0.79346 -0
    outer loop
      vertex 11.2 18.6144 3
      vertex 10.8686 18.8686 23
      vertex 11.2 18.6144 23
    endloop
  endfacet
  facet normal 0.608623 0.79346 0
    outer loop
      vertex 10.8686 18.8686 23
      vertex 11.2 18.6144 3
      vertex 10.8686 18.8686 3
    endloop
  endfacet
  facet normal 0.923833 0.382796 1.94666e-19
    outer loop
      vertex 10.6144 19.2 23
      vertex 10.4545 19.5859 3
      vertex 10.4545 19.5859 23
    endloop
  endfacet
  facet normal 0.923833 0.382796 1.94666e-19
    outer loop
      vertex 10.4545 19.5859 3
      vertex 10.6144 19.2 23
      vertex 10.6144 19.2 3
    endloop
  endfacet
  facet normal -0.923833 -0.382796 1.94666e-19
    outer loop
      vertex 13.5455 20.4141 3
      vertex 13.3856 20.8 23
      vertex 13.3856 20.8 3
    endloop
  endfacet
  facet normal -0.923833 -0.382796 1.94666e-19
    outer loop
      vertex 13.3856 20.8 23
      vertex 13.5455 20.4141 3
      vertex 13.5455 20.4141 23
    endloop
  endfacet
  facet normal -0.608623 0.79346 0
    outer loop
      vertex 13.1314 18.8686 3
      vertex 12.8 18.6144 23
      vertex 13.1314 18.8686 23
    endloop
  endfacet
  facet normal -0.608623 0.79346 0
    outer loop
      vertex 12.8 18.6144 23
      vertex 13.1314 18.8686 3
      vertex 12.8 18.6144 3
    endloop
  endfacet
  facet normal -0.382796 -0.923833 0
    outer loop
      vertex 12.4141 93.5455 3
      vertex 12.8 93.3856 23
      vertex 12.4141 93.5455 23
    endloop
  endfacet
  facet normal -0.382796 -0.923833 -0
    outer loop
      vertex 12.8 93.3856 23
      vertex 12.4141 93.5455 3
      vertex 12.8 93.3856 3
    endloop
  endfacet
  facet normal 0.99145 0.130485 1.72176e-19
    outer loop
      vertex 10.4545 91.5859 23
      vertex 10.4 92 3
      vertex 10.4 92 23
    endloop
  endfacet
  facet normal 0.99145 0.130485 1.72176e-19
    outer loop
      vertex 10.4 92 3
      vertex 10.4545 91.5859 23
      vertex 10.4545 91.5859 3
    endloop
  endfacet
  facet normal -0.79346 0.608623 7.46312e-19
    outer loop
      vertex 13.1314 90.8686 3
      vertex 13.3856 91.2 23
      vertex 13.3856 91.2 3
    endloop
  endfacet
  facet normal -0.79346 0.608623 7.46312e-19
    outer loop
      vertex 13.3856 91.2 23
      vertex 13.1314 90.8686 3
      vertex 13.1314 90.8686 23
    endloop
  endfacet
  facet normal 0.130485 0.99145 -0
    outer loop
      vertex 12 90.4 3
      vertex 11.5859 90.4545 23
      vertex 12 90.4 23
    endloop
  endfacet
  facet normal 0.130485 0.99145 0
    outer loop
      vertex 11.5859 90.4545 23
      vertex 12 90.4 3
      vertex 11.5859 90.4545 3
    endloop
  endfacet
  facet normal -0.608623 -0.79346 0
    outer loop
      vertex 12.8 93.3856 3
      vertex 13.1314 93.1314 23
      vertex 12.8 93.3856 23
    endloop
  endfacet
  facet normal -0.608623 -0.79346 -0
    outer loop
      vertex 13.1314 93.1314 23
      vertex 12.8 93.3856 3
      vertex 13.1314 93.1314 3
    endloop
  endfacet
  facet normal 0.130485 -0.99145 0
    outer loop
      vertex 11.5859 93.5455 3
      vertex 12 93.6 23
      vertex 11.5859 93.5455 23
    endloop
  endfacet
  facet normal 0.130485 -0.99145 0
    outer loop
      vertex 12 93.6 23
      vertex 11.5859 93.5455 3
      vertex 12 93.6 3
    endloop
  endfacet
  facet normal 0.608623 -0.79346 0
    outer loop
      vertex 10.8686 93.1314 3
      vertex 11.2 93.3856 23
      vertex 10.8686 93.1314 23
    endloop
  endfacet
  facet normal 0.608623 -0.79346 0
    outer loop
      vertex 11.2 93.3856 23
      vertex 10.8686 93.1314 3
      vertex 11.2 93.3856 3
    endloop
  endfacet
  facet normal 0.99145 -0.130485 -1.72176e-19
    outer loop
      vertex 10.4 92 23
      vertex 10.4545 92.4141 3
      vertex 10.4545 92.4141 23
    endloop
  endfacet
  facet normal 0.99145 -0.130485 -1.72176e-19
    outer loop
      vertex 10.4545 92.4141 3
      vertex 10.4 92 23
      vertex 10.4 92 3
    endloop
  endfacet
  facet normal 0.79346 -0.608623 7.46312e-19
    outer loop
      vertex 10.6144 92.8 23
      vertex 10.8686 93.1314 3
      vertex 10.8686 93.1314 23
    endloop
  endfacet
  facet normal 0.79346 -0.608623 7.46312e-19
    outer loop
      vertex 10.8686 93.1314 3
      vertex 10.6144 92.8 23
      vertex 10.6144 92.8 3
    endloop
  endfacet
  facet normal -0.99145 0.130485 -1.72176e-19
    outer loop
      vertex 13.5455 91.5859 3
      vertex 13.6 92 23
      vertex 13.6 92 3
    endloop
  endfacet
  facet normal -0.99145 0.130485 -1.72176e-19
    outer loop
      vertex 13.6 92 23
      vertex 13.5455 91.5859 3
      vertex 13.5455 91.5859 23
    endloop
  endfacet
  facet normal 0.79346 0.608623 -7.46312e-19
    outer loop
      vertex 10.8686 90.8686 23
      vertex 10.6144 91.2 3
      vertex 10.6144 91.2 23
    endloop
  endfacet
  facet normal 0.79346 0.608623 -7.46312e-19
    outer loop
      vertex 10.6144 91.2 3
      vertex 10.8686 90.8686 23
      vertex 10.8686 90.8686 3
    endloop
  endfacet
  facet normal 0.382796 0.923833 -0
    outer loop
      vertex 11.5859 90.4545 3
      vertex 11.2 90.6144 23
      vertex 11.5859 90.4545 23
    endloop
  endfacet
  facet normal 0.382796 0.923833 0
    outer loop
      vertex 11.2 90.6144 23
      vertex 11.5859 90.4545 3
      vertex 11.2 90.6144 3
    endloop
  endfacet
  facet normal 0.608623 0.79346 -0
    outer loop
      vertex 11.2 90.6144 3
      vertex 10.8686 90.8686 23
      vertex 11.2 90.6144 23
    endloop
  endfacet
  facet normal 0.608623 0.79346 0
    outer loop
      vertex 10.8686 90.8686 23
      vertex 11.2 90.6144 3
      vertex 10.8686 90.8686 3
    endloop
  endfacet
  facet normal -0.79346 -0.608623 -7.46312e-19
    outer loop
      vertex 13.3856 92.8 3
      vertex 13.1314 93.1314 23
      vertex 13.1314 93.1314 3
    endloop
  endfacet
  facet normal -0.79346 -0.608623 -7.46312e-19
    outer loop
      vertex 13.1314 93.1314 23
      vertex 13.3856 92.8 3
      vertex 13.3856 92.8 23
    endloop
  endfacet
  facet normal -0.130485 -0.99145 0
    outer loop
      vertex 12 93.6 3
      vertex 12.4141 93.5455 23
      vertex 12 93.6 23
    endloop
  endfacet
  facet normal -0.130485 -0.99145 -0
    outer loop
      vertex 12.4141 93.5455 23
      vertex 12 93.6 3
      vertex 12.4141 93.5455 3
    endloop
  endfacet
  facet normal 0.923833 -0.382796 -4.12449e-19
    outer loop
      vertex 10.4545 92.4141 23
      vertex 10.6144 92.8 3
      vertex 10.6144 92.8 23
    endloop
  endfacet
  facet normal 0.923833 -0.382796 -4.12449e-19
    outer loop
      vertex 10.6144 92.8 3
      vertex 10.4545 92.4141 23
      vertex 10.4545 92.4141 3
    endloop
  endfacet
  facet normal 0.382796 -0.923833 0
    outer loop
      vertex 11.2 93.3856 3
      vertex 11.5859 93.5455 23
      vertex 11.2 93.3856 23
    endloop
  endfacet
  facet normal 0.382796 -0.923833 0
    outer loop
      vertex 11.5859 93.5455 23
      vertex 11.2 93.3856 3
      vertex 11.5859 93.5455 3
    endloop
  endfacet
  facet normal -0.99145 -0.130485 1.72176e-19
    outer loop
      vertex 13.6 92 3
      vertex 13.5455 92.4141 23
      vertex 13.5455 92.4141 3
    endloop
  endfacet
  facet normal -0.99145 -0.130485 1.72176e-19
    outer loop
      vertex 13.5455 92.4141 23
      vertex 13.6 92 3
      vertex 13.6 92 23
    endloop
  endfacet
  facet normal -0.923833 0.382796 -4.12449e-19
    outer loop
      vertex 13.3856 91.2 3
      vertex 13.5455 91.5859 23
      vertex 13.5455 91.5859 3
    endloop
  endfacet
  facet normal -0.923833 0.382796 -4.12449e-19
    outer loop
      vertex 13.5455 91.5859 23
      vertex 13.3856 91.2 3
      vertex 13.3856 91.2 23
    endloop
  endfacet
  facet normal -0.382796 0.923833 0
    outer loop
      vertex 12.8 90.6144 3
      vertex 12.4141 90.4545 23
      vertex 12.8 90.6144 23
    endloop
  endfacet
  facet normal -0.382796 0.923833 0
    outer loop
      vertex 12.4141 90.4545 23
      vertex 12.8 90.6144 3
      vertex 12.4141 90.4545 3
    endloop
  endfacet
  facet normal -0.130485 0.99145 0
    outer loop
      vertex 12.4141 90.4545 3
      vertex 12 90.4 23
      vertex 12.4141 90.4545 23
    endloop
  endfacet
  facet normal -0.130485 0.99145 0
    outer loop
      vertex 12 90.4 23
      vertex 12.4141 90.4545 3
      vertex 12 90.4 3
    endloop
  endfacet
  facet normal 0.923833 0.382796 4.12449e-19
    outer loop
      vertex 10.6144 91.2 23
      vertex 10.4545 91.5859 3
      vertex 10.4545 91.5859 23
    endloop
  endfacet
  facet normal 0.923833 0.382796 4.12449e-19
    outer loop
      vertex 10.4545 91.5859 3
      vertex 10.6144 91.2 23
      vertex 10.6144 91.2 3
    endloop
  endfacet
  facet normal -0.923833 -0.382796 4.12449e-19
    outer loop
      vertex 13.5455 92.4141 3
      vertex 13.3856 92.8 23
      vertex 13.3856 92.8 3
    endloop
  endfacet
  facet normal -0.923833 -0.382796 4.12449e-19
    outer loop
      vertex 13.3856 92.8 23
      vertex 13.5455 92.4141 3
      vertex 13.5455 92.4141 23
    endloop
  endfacet
  facet normal -0.608623 0.79346 0
    outer loop
      vertex 13.1314 90.8686 3
      vertex 12.8 90.6144 23
      vertex 13.1314 90.8686 23
    endloop
  endfacet
  facet normal -0.608623 0.79346 0
    outer loop
      vertex 12.8 90.6144 23
      vertex 13.1314 90.8686 3
      vertex 12.8 90.6144 3
    endloop
  endfacet
  facet normal -0.99145 -0.130485 -1.39526e-19
    outer loop
      vertex 55.6 20 3
      vertex 55.5455 20.4141 23
      vertex 55.5455 20.4141 3
    endloop
  endfacet
  facet normal -0.99145 -0.130485 -1.39526e-19
    outer loop
      vertex 55.5455 20.4141 23
      vertex 55.6 20 3
      vertex 55.6 20 23
    endloop
  endfacet
  facet normal 0.130485 -0.99145 0
    outer loop
      vertex 53.5859 21.5455 3
      vertex 54 21.6 23
      vertex 53.5859 21.5455 23
    endloop
  endfacet
  facet normal 0.130485 -0.99145 0
    outer loop
      vertex 54 21.6 23
      vertex 53.5859 21.5455 3
      vertex 54 21.6 3
    endloop
  endfacet
  facet normal -0.608623 -0.79346 0
    outer loop
      vertex 54.8 21.3856 3
      vertex 55.1314 21.1314 23
      vertex 54.8 21.3856 23
    endloop
  endfacet
  facet normal -0.608623 -0.79346 -0
    outer loop
      vertex 55.1314 21.1314 23
      vertex 54.8 21.3856 3
      vertex 55.1314 21.1314 3
    endloop
  endfacet
  facet normal 0.79346 -0.608623 6.02728e-19
    outer loop
      vertex 52.6144 20.8 23
      vertex 52.8686 21.1314 3
      vertex 52.8686 21.1314 23
    endloop
  endfacet
  facet normal 0.79346 -0.608623 6.02728e-19
    outer loop
      vertex 52.8686 21.1314 3
      vertex 52.6144 20.8 23
      vertex 52.6144 20.8 3
    endloop
  endfacet
  facet normal 0.608623 -0.79346 0
    outer loop
      vertex 52.8686 21.1314 3
      vertex 53.2 21.3856 23
      vertex 52.8686 21.1314 23
    endloop
  endfacet
  facet normal 0.608623 -0.79346 0
    outer loop
      vertex 53.2 21.3856 23
      vertex 52.8686 21.1314 3
      vertex 53.2 21.3856 3
    endloop
  endfacet
  facet normal -0.923833 0.382796 -1.94666e-19
    outer loop
      vertex 55.3856 19.2 3
      vertex 55.5455 19.5859 23
      vertex 55.5455 19.5859 3
    endloop
  endfacet
  facet normal -0.923833 0.382796 -1.94666e-19
    outer loop
      vertex 55.5455 19.5859 23
      vertex 55.3856 19.2 3
      vertex 55.3856 19.2 23
    endloop
  endfacet
  facet normal 0.382796 0.923833 -0
    outer loop
      vertex 53.5859 18.4545 3
      vertex 53.2 18.6144 23
      vertex 53.5859 18.4545 23
    endloop
  endfacet
  facet normal 0.382796 0.923833 0
    outer loop
      vertex 53.2 18.6144 23
      vertex 53.5859 18.4545 3
      vertex 53.2 18.6144 3
    endloop
  endfacet
  facet normal -0.79346 -0.608623 -6.02728e-19
    outer loop
      vertex 55.3856 20.8 3
      vertex 55.1314 21.1314 23
      vertex 55.1314 21.1314 3
    endloop
  endfacet
  facet normal -0.79346 -0.608623 -6.02728e-19
    outer loop
      vertex 55.1314 21.1314 23
      vertex 55.3856 20.8 3
      vertex 55.3856 20.8 23
    endloop
  endfacet
  facet normal -0.923833 -0.382796 1.94666e-19
    outer loop
      vertex 55.5455 20.4141 3
      vertex 55.3856 20.8 23
      vertex 55.3856 20.8 3
    endloop
  endfacet
  facet normal -0.923833 -0.382796 1.94666e-19
    outer loop
      vertex 55.3856 20.8 23
      vertex 55.5455 20.4141 3
      vertex 55.5455 20.4141 23
    endloop
  endfacet
  facet normal -0.130485 -0.99145 0
    outer loop
      vertex 54 21.6 3
      vertex 54.4141 21.5455 23
      vertex 54 21.6 23
    endloop
  endfacet
  facet normal -0.130485 -0.99145 -0
    outer loop
      vertex 54.4141 21.5455 23
      vertex 54 21.6 3
      vertex 54.4141 21.5455 3
    endloop
  endfacet
  facet normal -0.382796 -0.923833 0
    outer loop
      vertex 54.4141 21.5455 3
      vertex 54.8 21.3856 23
      vertex 54.4141 21.5455 23
    endloop
  endfacet
  facet normal -0.382796 -0.923833 -0
    outer loop
      vertex 54.8 21.3856 23
      vertex 54.4141 21.5455 3
      vertex 54.8 21.3856 3
    endloop
  endfacet
  facet normal 0.923833 -0.382796 -1.94666e-19
    outer loop
      vertex 52.4545 20.4141 23
      vertex 52.6144 20.8 3
      vertex 52.6144 20.8 23
    endloop
  endfacet
  facet normal 0.923833 -0.382796 -1.94666e-19
    outer loop
      vertex 52.6144 20.8 3
      vertex 52.4545 20.4141 23
      vertex 52.4545 20.4141 3
    endloop
  endfacet
  facet normal 0.99145 -0.130485 1.39526e-19
    outer loop
      vertex 52.4 20 23
      vertex 52.4545 20.4141 3
      vertex 52.4545 20.4141 23
    endloop
  endfacet
  facet normal 0.99145 -0.130485 1.39526e-19
    outer loop
      vertex 52.4545 20.4141 3
      vertex 52.4 20 23
      vertex 52.4 20 3
    endloop
  endfacet
  facet normal 0.99145 0.130485 -1.39526e-19
    outer loop
      vertex 52.4545 19.5859 23
      vertex 52.4 20 3
      vertex 52.4 20 23
    endloop
  endfacet
  facet normal 0.99145 0.130485 -1.39526e-19
    outer loop
      vertex 52.4 20 3
      vertex 52.4545 19.5859 23
      vertex 52.4545 19.5859 3
    endloop
  endfacet
  facet normal 0.382796 -0.923833 0
    outer loop
      vertex 53.2 21.3856 3
      vertex 53.5859 21.5455 23
      vertex 53.2 21.3856 23
    endloop
  endfacet
  facet normal 0.382796 -0.923833 0
    outer loop
      vertex 53.5859 21.5455 23
      vertex 53.2 21.3856 3
      vertex 53.5859 21.5455 3
    endloop
  endfacet
  facet normal -0.99145 0.130485 1.39526e-19
    outer loop
      vertex 55.5455 19.5859 3
      vertex 55.6 20 23
      vertex 55.6 20 3
    endloop
  endfacet
  facet normal -0.99145 0.130485 1.39526e-19
    outer loop
      vertex 55.6 20 23
      vertex 55.5455 19.5859 3
      vertex 55.5455 19.5859 23
    endloop
  endfacet
  facet normal -0.382796 0.923833 0
    outer loop
      vertex 54.8 18.6144 3
      vertex 54.4141 18.4545 23
      vertex 54.8 18.6144 23
    endloop
  endfacet
  facet normal -0.382796 0.923833 0
    outer loop
      vertex 54.4141 18.4545 23
      vertex 54.8 18.6144 3
      vertex 54.4141 18.4545 3
    endloop
  endfacet
  facet normal 0.130485 0.99145 -0
    outer loop
      vertex 54 18.4 3
      vertex 53.5859 18.4545 23
      vertex 54 18.4 23
    endloop
  endfacet
  facet normal 0.130485 0.99145 0
    outer loop
      vertex 53.5859 18.4545 23
      vertex 54 18.4 3
      vertex 53.5859 18.4545 3
    endloop
  endfacet
  facet normal 0.608623 0.79346 -0
    outer loop
      vertex 53.2 18.6144 3
      vertex 52.8686 18.8686 23
      vertex 53.2 18.6144 23
    endloop
  endfacet
  facet normal 0.608623 0.79346 0
    outer loop
      vertex 52.8686 18.8686 23
      vertex 53.2 18.6144 3
      vertex 52.8686 18.8686 3
    endloop
  endfacet
  facet normal 0.923833 0.382796 1.94666e-19
    outer loop
      vertex 52.6144 19.2 23
      vertex 52.4545 19.5859 3
      vertex 52.4545 19.5859 23
    endloop
  endfacet
  facet normal 0.923833 0.382796 1.94666e-19
    outer loop
      vertex 52.4545 19.5859 3
      vertex 52.6144 19.2 23
      vertex 52.6144 19.2 3
    endloop
  endfacet
  facet normal -0.79346 0.608623 6.02728e-19
    outer loop
      vertex 55.1314 18.8686 3
      vertex 55.3856 19.2 23
      vertex 55.3856 19.2 3
    endloop
  endfacet
  facet normal -0.79346 0.608623 6.02728e-19
    outer loop
      vertex 55.3856 19.2 23
      vertex 55.1314 18.8686 3
      vertex 55.1314 18.8686 23
    endloop
  endfacet
  facet normal -0.130485 0.99145 0
    outer loop
      vertex 54.4141 18.4545 3
      vertex 54 18.4 23
      vertex 54.4141 18.4545 23
    endloop
  endfacet
  facet normal -0.130485 0.99145 0
    outer loop
      vertex 54 18.4 23
      vertex 54.4141 18.4545 3
      vertex 54 18.4 3
    endloop
  endfacet
  facet normal 0.79346 0.608623 -6.02728e-19
    outer loop
      vertex 52.8686 18.8686 23
      vertex 52.6144 19.2 3
      vertex 52.6144 19.2 23
    endloop
  endfacet
  facet normal 0.79346 0.608623 -6.02728e-19
    outer loop
      vertex 52.6144 19.2 3
      vertex 52.8686 18.8686 23
      vertex 52.8686 18.8686 3
    endloop
  endfacet
  facet normal -0.608623 0.79346 0
    outer loop
      vertex 55.1314 18.8686 3
      vertex 54.8 18.6144 23
      vertex 55.1314 18.8686 23
    endloop
  endfacet
  facet normal -0.608623 0.79346 0
    outer loop
      vertex 54.8 18.6144 23
      vertex 55.1314 18.8686 3
      vertex 54.8 18.6144 3
    endloop
  endfacet
  facet normal -0.99145 -0.130485 1.95904e-19
    outer loop
      vertex 55.6 92 3
      vertex 55.5455 92.4141 23
      vertex 55.5455 92.4141 3
    endloop
  endfacet
  facet normal -0.99145 -0.130485 1.95904e-19
    outer loop
      vertex 55.5455 92.4141 23
      vertex 55.6 92 3
      vertex 55.6 92 23
    endloop
  endfacet
  facet normal 0.130485 -0.99145 0
    outer loop
      vertex 53.5859 93.5455 3
      vertex 54 93.6 23
      vertex 53.5859 93.5455 23
    endloop
  endfacet
  facet normal 0.130485 -0.99145 0
    outer loop
      vertex 54 93.6 23
      vertex 53.5859 93.5455 3
      vertex 54 93.6 3
    endloop
  endfacet
  facet normal -0.608623 -0.79346 0
    outer loop
      vertex 54.8 93.3856 3
      vertex 55.1314 93.1314 23
      vertex 54.8 93.3856 23
    endloop
  endfacet
  facet normal -0.608623 -0.79346 -0
    outer loop
      vertex 55.1314 93.1314 23
      vertex 54.8 93.3856 3
      vertex 55.1314 93.1314 3
    endloop
  endfacet
  facet normal 0.79346 -0.608623 4.77802e-19
    outer loop
      vertex 52.6144 92.8 23
      vertex 52.8686 93.1314 3
      vertex 52.8686 93.1314 23
    endloop
  endfacet
  facet normal 0.79346 -0.608623 4.77802e-19
    outer loop
      vertex 52.8686 93.1314 3
      vertex 52.6144 92.8 23
      vertex 52.6144 92.8 3
    endloop
  endfacet
  facet normal 0.608623 -0.79346 0
    outer loop
      vertex 52.8686 93.1314 3
      vertex 53.2 93.3856 23
      vertex 52.8686 93.1314 23
    endloop
  endfacet
  facet normal 0.608623 -0.79346 0
    outer loop
      vertex 53.2 93.3856 23
      vertex 52.8686 93.1314 3
      vertex 53.2 93.3856 3
    endloop
  endfacet
  facet normal -0.923833 0.382796 -4.12449e-19
    outer loop
      vertex 55.3856 91.2 3
      vertex 55.5455 91.5859 23
      vertex 55.5455 91.5859 3
    endloop
  endfacet
  facet normal -0.923833 0.382796 -4.12449e-19
    outer loop
      vertex 55.5455 91.5859 23
      vertex 55.3856 91.2 3
      vertex 55.3856 91.2 23
    endloop
  endfacet
  facet normal 0.382796 0.923833 -0
    outer loop
      vertex 53.5859 90.4545 3
      vertex 53.2 90.6144 23
      vertex 53.5859 90.4545 23
    endloop
  endfacet
  facet normal 0.382796 0.923833 0
    outer loop
      vertex 53.2 90.6144 23
      vertex 53.5859 90.4545 3
      vertex 53.2 90.6144 3
    endloop
  endfacet
  facet normal -0.79346 -0.608623 -4.77802e-19
    outer loop
      vertex 55.3856 92.8 3
      vertex 55.1314 93.1314 23
      vertex 55.1314 93.1314 3
    endloop
  endfacet
  facet normal -0.79346 -0.608623 -4.77802e-19
    outer loop
      vertex 55.1314 93.1314 23
      vertex 55.3856 92.8 3
      vertex 55.3856 92.8 23
    endloop
  endfacet
  facet normal -0.923833 -0.382796 4.12449e-19
    outer loop
      vertex 55.5455 92.4141 3
      vertex 55.3856 92.8 23
      vertex 55.3856 92.8 3
    endloop
  endfacet
  facet normal -0.923833 -0.382796 4.12449e-19
    outer loop
      vertex 55.3856 92.8 23
      vertex 55.5455 92.4141 3
      vertex 55.5455 92.4141 23
    endloop
  endfacet
  facet normal -0.130485 -0.99145 0
    outer loop
      vertex 54 93.6 3
      vertex 54.4141 93.5455 23
      vertex 54 93.6 23
    endloop
  endfacet
  facet normal -0.130485 -0.99145 -0
    outer loop
      vertex 54.4141 93.5455 23
      vertex 54 93.6 3
      vertex 54.4141 93.5455 3
    endloop
  endfacet
  facet normal -0.382796 -0.923833 0
    outer loop
      vertex 54.4141 93.5455 3
      vertex 54.8 93.3856 23
      vertex 54.4141 93.5455 23
    endloop
  endfacet
  facet normal -0.382796 -0.923833 -0
    outer loop
      vertex 54.8 93.3856 23
      vertex 54.4141 93.5455 3
      vertex 54.8 93.3856 3
    endloop
  endfacet
  facet normal 0.923833 -0.382796 -4.12449e-19
    outer loop
      vertex 52.4545 92.4141 23
      vertex 52.6144 92.8 3
      vertex 52.6144 92.8 23
    endloop
  endfacet
  facet normal 0.923833 -0.382796 -4.12449e-19
    outer loop
      vertex 52.6144 92.8 3
      vertex 52.4545 92.4141 23
      vertex 52.4545 92.4141 3
    endloop
  endfacet
  facet normal 0.99145 -0.130485 -1.95904e-19
    outer loop
      vertex 52.4 92 23
      vertex 52.4545 92.4141 3
      vertex 52.4545 92.4141 23
    endloop
  endfacet
  facet normal 0.99145 -0.130485 -1.95904e-19
    outer loop
      vertex 52.4545 92.4141 3
      vertex 52.4 92 23
      vertex 52.4 92 3
    endloop
  endfacet
  facet normal 0.99145 0.130485 1.95904e-19
    outer loop
      vertex 52.4545 91.5859 23
      vertex 52.4 92 3
      vertex 52.4 92 23
    endloop
  endfacet
  facet normal 0.99145 0.130485 1.95904e-19
    outer loop
      vertex 52.4 92 3
      vertex 52.4545 91.5859 23
      vertex 52.4545 91.5859 3
    endloop
  endfacet
  facet normal 0.382796 -0.923833 0
    outer loop
      vertex 53.2 93.3856 3
      vertex 53.5859 93.5455 23
      vertex 53.2 93.3856 23
    endloop
  endfacet
  facet normal 0.382796 -0.923833 0
    outer loop
      vertex 53.5859 93.5455 23
      vertex 53.2 93.3856 3
      vertex 53.5859 93.5455 3
    endloop
  endfacet
  facet normal -0.99145 0.130485 -1.95904e-19
    outer loop
      vertex 55.5455 91.5859 3
      vertex 55.6 92 23
      vertex 55.6 92 3
    endloop
  endfacet
  facet normal -0.99145 0.130485 -1.95904e-19
    outer loop
      vertex 55.6 92 23
      vertex 55.5455 91.5859 3
      vertex 55.5455 91.5859 23
    endloop
  endfacet
  facet normal -0.382796 0.923833 0
    outer loop
      vertex 54.8 90.6144 3
      vertex 54.4141 90.4545 23
      vertex 54.8 90.6144 23
    endloop
  endfacet
  facet normal -0.382796 0.923833 0
    outer loop
      vertex 54.4141 90.4545 23
      vertex 54.8 90.6144 3
      vertex 54.4141 90.4545 3
    endloop
  endfacet
  facet normal 0.130485 0.99145 -0
    outer loop
      vertex 54 90.4 3
      vertex 53.5859 90.4545 23
      vertex 54 90.4 23
    endloop
  endfacet
  facet normal 0.130485 0.99145 0
    outer loop
      vertex 53.5859 90.4545 23
      vertex 54 90.4 3
      vertex 53.5859 90.4545 3
    endloop
  endfacet
  facet normal 0.608623 0.79346 -0
    outer loop
      vertex 53.2 90.6144 3
      vertex 52.8686 90.8686 23
      vertex 53.2 90.6144 23
    endloop
  endfacet
  facet normal 0.608623 0.79346 0
    outer loop
      vertex 52.8686 90.8686 23
      vertex 53.2 90.6144 3
      vertex 52.8686 90.8686 3
    endloop
  endfacet
  facet normal 0.923833 0.382796 4.12449e-19
    outer loop
      vertex 52.6144 91.2 23
      vertex 52.4545 91.5859 3
      vertex 52.4545 91.5859 23
    endloop
  endfacet
  facet normal 0.923833 0.382796 4.12449e-19
    outer loop
      vertex 52.4545 91.5859 3
      vertex 52.6144 91.2 23
      vertex 52.6144 91.2 3
    endloop
  endfacet
  facet normal -0.79346 0.608623 4.77802e-19
    outer loop
      vertex 55.1314 90.8686 3
      vertex 55.3856 91.2 23
      vertex 55.3856 91.2 3
    endloop
  endfacet
  facet normal -0.79346 0.608623 4.77802e-19
    outer loop
      vertex 55.3856 91.2 23
      vertex 55.1314 90.8686 3
      vertex 55.1314 90.8686 23
    endloop
  endfacet
  facet normal -0.130485 0.99145 0
    outer loop
      vertex 54.4141 90.4545 3
      vertex 54 90.4 23
      vertex 54.4141 90.4545 23
    endloop
  endfacet
  facet normal -0.130485 0.99145 0
    outer loop
      vertex 54 90.4 23
      vertex 54.4141 90.4545 3
      vertex 54 90.4 3
    endloop
  endfacet
  facet normal 0.79346 0.608623 -4.77802e-19
    outer loop
      vertex 52.8686 90.8686 23
      vertex 52.6144 91.2 3
      vertex 52.6144 91.2 23
    endloop
  endfacet
  facet normal 0.79346 0.608623 -4.77802e-19
    outer loop
      vertex 52.6144 91.2 3
      vertex 52.8686 90.8686 23
      vertex 52.8686 90.8686 3
    endloop
  endfacet
  facet normal -0.608623 0.79346 0
    outer loop
      vertex 55.1314 90.8686 3
      vertex 54.8 90.6144 23
      vertex 55.1314 90.8686 23
    endloop
  endfacet
  facet normal -0.608623 0.79346 0
    outer loop
      vertex 54.8 90.6144 23
      vertex 55.1314 90.8686 3
      vertex 54.8 90.6144 3
    endloop
  endfacet
  facet normal -1 0 0
    outer loop
      vertex 3 11 3
      vertex 3 101 23
      vertex 3 101 3
    endloop
  endfacet
  facet normal -1 -0 0
    outer loop
      vertex 3 101 23
      vertex 3 11 3
      vertex 3 11 23
    endloop
  endfacet
  facet normal 0 0 1
    outer loop
      vertex 52.8686 90.8686 23
      vertex 13.1314 90.8686 23
      vertex 53.2 90.6144 23
    endloop
  endfacet
  facet normal 0 0 1
    outer loop
      vertex 53.2 21.3856 23
      vertex 13.5455 20.4141 23
      vertex 13.6 20 23
    endloop
  endfacet
  facet normal 0 0 1
    outer loop
      vertex 12.8 90.6144 23
      vertex 53.2 90.6144 23
      vertex 13.1314 90.8686 23
    endloop
  endfacet
  facet normal 0 0 1
    outer loop
      vertex 53.2 21.3856 23
      vertex 13.3856 20.8 23
      vertex 13.5455 20.4141 23
    endloop
  endfacet
  facet normal 0 0 1
    outer loop
      vertex 53.2 90.6144 23
      vertex 12.8 90.6144 23
      vertex 53.2 21.3856 23
    endloop
  endfacet
  facet normal 0 0 1
    outer loop
      vertex 53.2 21.3856 23
      vertex 13.1314 21.1314 23
      vertex 13.3856 20.8 23
    endloop
  endfacet
  facet normal 0 0 1
    outer loop
      vertex 12.8 21.3856 23
      vertex 53.2 21.3856 23
      vertex 12.8 90.6144 23
    endloop
  endfacet
  facet normal 0 0 1
    outer loop
      vertex 53.2 21.3856 23
      vertex 12.8 21.3856 23
      vertex 13.1314 21.1314 23
    endloop
  endfacet
  facet normal -0 0 1
    outer loop
      vertex 12.4141 90.4545 23
      vertex 12.8 21.3856 23
      vertex 12.8 90.6144 23
    endloop
  endfacet
  facet normal 0 0 1
    outer loop
      vertex 12.4141 90.4545 23
      vertex 12.4141 21.5455 23
      vertex 12.8 21.3856 23
    endloop
  endfacet
  facet normal -0 0 1
    outer loop
      vertex 12 90.4 23
      vertex 12.4141 21.5455 23
      vertex 12.4141 90.4545 23
    endloop
  endfacet
  facet normal 0 0 1
    outer loop
      vertex 12 90.4 23
      vertex 12 21.6 23
      vertex 12.4141 21.5455 23
    endloop
  endfacet
  facet normal 0 0 1
    outer loop
      vertex 11.5859 90.4545 23
      vertex 12 21.6 23
      vertex 12 90.4 23
    endloop
  endfacet
  facet normal 0 0 1
    outer loop
      vertex 11.5859 90.4545 23
      vertex 11.5859 21.5455 23
      vertex 12 21.6 23
    endloop
  endfacet
  facet normal 0 0 1
    outer loop
      vertex 11.2 90.6144 23
      vertex 11.5859 21.5455 23
      vertex 11.5859 90.4545 23
    endloop
  endfacet
  facet normal 0 0 1
    outer loop
      vertex 11.2 90.6144 23
      vertex 11.2 21.3856 23
      vertex 11.5859 21.5455 23
    endloop
  endfacet
  facet normal 0 0 1
    outer loop
      vertex 10.8686 90.8686 23
      vertex 11.2 21.3856 23
      vertex 11.2 90.6144 23
    endloop
  endfacet
  facet normal 0 0 1
    outer loop
      vertex 10.8686 90.8686 23
      vertex 10.8686 21.1314 23
      vertex 11.2 21.3856 23
    endloop
  endfacet
  facet normal 0 0 1
    outer loop
      vertex 10.6144 91.2 23
      vertex 10.8686 21.1314 23
      vertex 10.8686 90.8686 23
    endloop
  endfacet
  facet normal 0 0 1
    outer loop
      vertex 10.6144 91.2 23
      vertex 10.6144 20.8 23
      vertex 10.8686 21.1314 23
    endloop
  endfacet
  facet normal 0 0 1
    outer loop
      vertex 3 101 23
      vertex 10.6144 91.2 23
      vertex 10.4545 91.5859 23
    endloop
  endfacet
  facet normal 0 0 1
    outer loop
      vertex 10.6144 91.2 23
      vertex 3 101 23
      vertex 10.6144 20.8 23
    endloop
  endfacet
  facet normal 0 0 1
    outer loop
      vertex 3 101 23
      vertex 10.4545 91.5859 23
      vertex 10.4 92 23
    endloop
  endfacet
  facet normal 0 0 1
    outer loop
      vertex 3 11 23
      vertex 10.6144 20.8 23
      vertex 3 101 23
    endloop
  endfacet
  facet normal 0 0 1
    outer loop
      vertex 63 101 23
      vertex 55.3856 91.2 23
      vertex 63 11 23
    endloop
  endfacet
  facet normal 0 0 1
    outer loop
      vertex 63 11 23
      vertex 55.5455 20.4141 23
      vertex 55.6 20 23
    endloop
  endfacet
  facet normal -0 0 1
    outer loop
      vertex 55.3856 20.8 23
      vertex 63 11 23
      vertex 55.3856 91.2 23
    endloop
  endfacet
  facet normal 0 0 1
    outer loop
      vertex 63 11 23
      vertex 55.3856 20.8 23
      vertex 55.5455 20.4141 23
    endloop
  endfacet
  facet normal -0 0 1
    outer loop
      vertex 55.1314 90.8686 23
      vertex 55.3856 20.8 23
      vertex 55.3856 91.2 23
    endloop
  endfacet
  facet normal 0 0 1
    outer loop
      vertex 55.1314 90.8686 23
      vertex 55.1314 21.1314 23
      vertex 55.3856 20.8 23
    endloop
  endfacet
  facet normal -0 0 1
    outer loop
      vertex 54.8 90.6144 23
      vertex 55.1314 21.1314 23
      vertex 55.1314 90.8686 23
    endloop
  endfacet
  facet normal 0 0 1
    outer loop
      vertex 54.8 90.6144 23
      vertex 54.8 21.3856 23
      vertex 55.1314 21.1314 23
    endloop
  endfacet
  facet normal -0 0 1
    outer loop
      vertex 54.4141 90.4545 23
      vertex 54.8 21.3856 23
      vertex 54.8 90.6144 23
    endloop
  endfacet
  facet normal 0 0 1
    outer loop
      vertex 54.4141 90.4545 23
      vertex 54.4141 21.5455 23
      vertex 54.8 21.3856 23
    endloop
  endfacet
  facet normal -0 0 1
    outer loop
      vertex 54 90.4 23
      vertex 54.4141 21.5455 23
      vertex 54.4141 90.4545 23
    endloop
  endfacet
  facet normal 0 0 1
    outer loop
      vertex 54 90.4 23
      vertex 54 21.6 23
      vertex 54.4141 21.5455 23
    endloop
  endfacet
  facet normal 0 0 1
    outer loop
      vertex 53.5859 90.4545 23
      vertex 54 21.6 23
      vertex 54 90.4 23
    endloop
  endfacet
  facet normal 0 0 1
    outer loop
      vertex 53.5859 90.4545 23
      vertex 53.5859 21.5455 23
      vertex 54 21.6 23
    endloop
  endfacet
  facet normal 0 0 1
    outer loop
      vertex 53.2 90.6144 23
      vertex 53.5859 21.5455 23
      vertex 53.5859 90.4545 23
    endloop
  endfacet
  facet normal 0 0 1
    outer loop
      vertex 53.2 90.6144 23
      vertex 53.2 21.3856 23
      vertex 53.5859 21.5455 23
    endloop
  endfacet
  facet normal 0 0 1
    outer loop
      vertex 13.3856 91.2 23
      vertex 52.6144 91.2 23
      vertex 13.5455 91.5859 23
    endloop
  endfacet
  facet normal 0 0 1
    outer loop
      vertex 52.6144 91.2 23
      vertex 13.3856 91.2 23
      vertex 52.8686 90.8686 23
    endloop
  endfacet
  facet normal 0 0 1
    outer loop
      vertex 52.4545 91.5859 23
      vertex 13.5455 91.5859 23
      vertex 52.6144 91.2 23
    endloop
  endfacet
  facet normal 0 0 1
    outer loop
      vertex 13.1314 90.8686 23
      vertex 52.8686 90.8686 23
      vertex 13.3856 91.2 23
    endloop
  endfacet
  facet normal 0 0 1
    outer loop
      vertex 13.5455 91.5859 23
      vertex 52.4545 91.5859 23
      vertex 13.6 92 23
    endloop
  endfacet
  facet normal 0 0 1
    outer loop
      vertex 53.2 21.3856 23
      vertex 13.6 20 23
      vertex 52.8686 21.1314 23
    endloop
  endfacet
  facet normal -0 0 1
    outer loop
      vertex 13.6 92 23
      vertex 52.4545 91.5859 23
      vertex 52.4 92 23
    endloop
  endfacet
  facet normal 0 0 1
    outer loop
      vertex 52.8686 21.1314 23
      vertex 13.6 20 23
      vertex 52.6144 20.8 23
    endloop
  endfacet
  facet normal 0 0 1
    outer loop
      vertex 55.5455 91.5859 23
      vertex 63 101 23
      vertex 55.6 92 23
    endloop
  endfacet
  facet normal 0 0 1
    outer loop
      vertex 63 101 23
      vertex 55.5455 92.4141 23
      vertex 55.6 92 23
    endloop
  endfacet
  facet normal 0 0 1
    outer loop
      vertex 63 101 23
      vertex 55.3856 92.8 23
      vertex 55.5455 92.4141 23
    endloop
  endfacet
  facet normal 0 0 1
    outer loop
      vertex 63 101 23
      vertex 55.1314 93.1314 23
      vertex 55.3856 92.8 23
    endloop
  endfacet
  facet normal 0 0 1
    outer loop
      vertex 63 101 23
      vertex 54.8 93.3856 23
      vertex 55.1314 93.1314 23
    endloop
  endfacet
  facet normal 0 0 1
    outer loop
      vertex 63 101 23
      vertex 54.4141 93.5455 23
      vertex 54.8 93.3856 23
    endloop
  endfacet
  facet normal 0 0 1
    outer loop
      vertex 63 101 23
      vertex 54 93.6 23
      vertex 54.4141 93.5455 23
    endloop
  endfacet
  facet normal 0 0 1
    outer loop
      vertex 63 101 23
      vertex 53.5859 93.5455 23
      vertex 54 93.6 23
    endloop
  endfacet
  facet normal 0 0 1
    outer loop
      vertex 63 101 23
      vertex 53.2 93.3856 23
      vertex 53.5859 93.5455 23
    endloop
  endfacet
  facet normal 0 0 1
    outer loop
      vertex 12.8 93.3856 23
      vertex 53.2 93.3856 23
      vertex 63 101 23
    endloop
  endfacet
  facet normal 0 0 1
    outer loop
      vertex 52.6144 20.8 23
      vertex 13.6 20 23
      vertex 52.4545 20.4141 23
    endloop
  endfacet
  facet normal 0 0 1
    outer loop
      vertex 52.4545 92.4141 23
      vertex 13.6 92 23
      vertex 52.4 92 23
    endloop
  endfacet
  facet normal 0 0 1
    outer loop
      vertex 13.5455 92.4141 23
      vertex 52.4545 92.4141 23
      vertex 52.6144 92.8 23
    endloop
  endfacet
  facet normal 0 0 1
    outer loop
      vertex 13.3856 92.8 23
      vertex 52.6144 92.8 23
      vertex 52.8686 93.1314 23
    endloop
  endfacet
  facet normal 0 0 1
    outer loop
      vertex 53.2 93.3856 23
      vertex 12.8 93.3856 23
      vertex 52.8686 93.1314 23
    endloop
  endfacet
  facet normal 0 0 1
    outer loop
      vertex 52.4545 92.4141 23
      vertex 13.5455 92.4141 23
      vertex 13.6 92 23
    endloop
  endfacet
  facet normal 0 0 1
    outer loop
      vertex 52.6144 92.8 23
      vertex 13.3856 92.8 23
      vertex 13.5455 92.4141 23
    endloop
  endfacet
  facet normal 0 0 1
    outer loop
      vertex 52.8686 93.1314 23
      vertex 13.1314 93.1314 23
      vertex 13.3856 92.8 23
    endloop
  endfacet
  facet normal 0 0 1
    outer loop
      vertex 52.8686 93.1314 23
      vertex 12.8 93.3856 23
      vertex 13.1314 93.1314 23
    endloop
  endfacet
  facet normal -0 0 1
    outer loop
      vertex 3 101 23
      vertex 12.8 93.3856 23
      vertex 63 101 23
    endloop
  endfacet
  facet normal 0 0 1
    outer loop
      vertex 12.8 93.3856 23
      vertex 3 101 23
      vertex 12.4141 93.5455 23
    endloop
  endfacet
  facet normal 0 0 1
    outer loop
      vertex 12.4141 93.5455 23
      vertex 3 101 23
      vertex 12 93.6 23
    endloop
  endfacet
  facet normal 0 0 1
    outer loop
      vertex 10.6144 20.8 23
      vertex 3 11 23
      vertex 10.4545 20.4141 23
    endloop
  endfacet
  facet normal 0 0 1
    outer loop
      vertex 10.4545 92.4141 23
      vertex 3 101 23
      vertex 10.4 92 23
    endloop
  endfacet
  facet normal 0 0 1
    outer loop
      vertex 10.6144 92.8 23
      vertex 3 101 23
      vertex 10.4545 92.4141 23
    endloop
  endfacet
  facet normal 0 0 1
    outer loop
      vertex 10.8686 93.1314 23
      vertex 3 101 23
      vertex 10.6144 92.8 23
    endloop
  endfacet
  facet normal 0 0 1
    outer loop
      vertex 11.2 93.3856 23
      vertex 3 101 23
      vertex 10.8686 93.1314 23
    endloop
  endfacet
  facet normal 0 0 1
    outer loop
      vertex 11.5859 93.5455 23
      vertex 3 101 23
      vertex 11.2 93.3856 23
    endloop
  endfacet
  facet normal 0 0 1
    outer loop
      vertex 12 93.6 23
      vertex 3 101 23
      vertex 11.5859 93.5455 23
    endloop
  endfacet
  facet normal 0 0 1
    outer loop
      vertex 55.3856 91.2 23
      vertex 63 101 23
      vertex 55.5455 91.5859 23
    endloop
  endfacet
  facet normal -0 0 1
    outer loop
      vertex 55.5455 19.5859 23
      vertex 63 11 23
      vertex 55.6 20 23
    endloop
  endfacet
  facet normal -0 0 1
    outer loop
      vertex 55.3856 19.2 23
      vertex 63 11 23
      vertex 55.5455 19.5859 23
    endloop
  endfacet
  facet normal -0 0 1
    outer loop
      vertex 55.1314 18.8686 23
      vertex 63 11 23
      vertex 55.3856 19.2 23
    endloop
  endfacet
  facet normal -0 0 1
    outer loop
      vertex 54.8 18.6144 23
      vertex 63 11 23
      vertex 55.1314 18.8686 23
    endloop
  endfacet
  facet normal -0 0 1
    outer loop
      vertex 54.4141 18.4545 23
      vertex 63 11 23
      vertex 54.8 18.6144 23
    endloop
  endfacet
  facet normal -0 0 1
    outer loop
      vertex 54 18.4 23
      vertex 63 11 23
      vertex 54.4141 18.4545 23
    endloop
  endfacet
  facet normal 0 0 1
    outer loop
      vertex 53.5859 18.4545 23
      vertex 63 11 23
      vertex 54 18.4 23
    endloop
  endfacet
  facet normal 0 0 1
    outer loop
      vertex 53.2 18.6144 23
      vertex 63 11 23
      vertex 53.5859 18.4545 23
    endloop
  endfacet
  facet normal 0 0 1
    outer loop
      vertex 12.8 18.6144 23
      vertex 53.2 18.6144 23
      vertex 52.8686 18.8686 23
    endloop
  endfacet
  facet normal 0 0 1
    outer loop
      vertex 52.4545 20.4141 23
      vertex 13.6 20 23
      vertex 52.4 20 23
    endloop
  endfacet
  facet normal 0 0 1
    outer loop
      vertex 52.4 20 23
      vertex 13.6 20 23
      vertex 52.4545 19.5859 23
    endloop
  endfacet
  facet normal 0 0 1
    outer loop
      vertex 13.5455 19.5859 23
      vertex 52.4545 19.5859 23
      vertex 13.6 20 23
    endloop
  endfacet
  facet normal 0 0 1
    outer loop
      vertex 52.4545 19.5859 23
      vertex 13.5455 19.5859 23
      vertex 52.6144 19.2 23
    endloop
  endfacet
  facet normal 0 0 1
    outer loop
      vertex 13.3856 19.2 23
      vertex 52.6144 19.2 23
      vertex 13.5455 19.5859 23
    endloop
  endfacet
  facet normal 0 0 1
    outer loop
      vertex 52.6144 19.2 23
      vertex 13.3856 19.2 23
      vertex 52.8686 18.8686 23
    endloop
  endfacet
  facet normal 0 0 1
    outer loop
      vertex 13.1314 18.8686 23
      vertex 52.8686 18.8686 23
      vertex 13.3856 19.2 23
    endloop
  endfacet
  facet normal 0 0 1
    outer loop
      vertex 12.8 18.6144 23
      vertex 52.8686 18.8686 23
      vertex 13.1314 18.8686 23
    endloop
  endfacet
  facet normal 0 0 1
    outer loop
      vertex 53.2 18.6144 23
      vertex 12.8 18.6144 23
      vertex 63 11 23
    endloop
  endfacet
  facet normal 0 0 1
    outer loop
      vertex 3 11 23
      vertex 12.8 18.6144 23
      vertex 12.4141 18.4545 23
    endloop
  endfacet
  facet normal 0 0 1
    outer loop
      vertex 3 11 23
      vertex 12.4141 18.4545 23
      vertex 12 18.4 23
    endloop
  endfacet
  facet normal 0 0 1
    outer loop
      vertex 3 11 23
      vertex 12 18.4 23
      vertex 11.5859 18.4545 23
    endloop
  endfacet
  facet normal 0 0 1
    outer loop
      vertex 12.8 18.6144 23
      vertex 3 11 23
      vertex 63 11 23
    endloop
  endfacet
  facet normal 0 0 1
    outer loop
      vertex 11.2 18.6144 23
      vertex 3 11 23
      vertex 11.5859 18.4545 23
    endloop
  endfacet
  facet normal 0 0 1
    outer loop
      vertex 10.8686 18.8686 23
      vertex 3 11 23
      vertex 11.2 18.6144 23
    endloop
  endfacet
  facet normal 0 0 1
    outer loop
      vertex 10.6144 19.2 23
      vertex 3 11 23
      vertex 10.8686 18.8686 23
    endloop
  endfacet
  facet normal 0 0 1
    outer loop
      vertex 10.4545 19.5859 23
      vertex 3 11 23
      vertex 10.6144 19.2 23
    endloop
  endfacet
  facet normal 0 0 1
    outer loop
      vertex 10.4 20 23
      vertex 3 11 23
      vertex 10.4545 19.5859 23
    endloop
  endfacet
  facet normal 0 0 1
    outer loop
      vertex 10.4545 20.4141 23
      vertex 3 11 23
      vertex 10.4 20 23
    endloop
  endfacet
  facet normal 1 -0 0
    outer loop
      vertex 63 11 23
      vertex 63 101 3
      vertex 63 101 23
    endloop
  endfacet
  facet normal 1 0 0
    outer loop
      vertex 63 101 3
      vertex 63 11 23
      vertex 63 11 3
    endloop
  endfacet
  facet normal 0 -1 0
    outer loop
      vertex 3 11 3
      vertex 63 11 23
      vertex 3 11 23
    endloop
  endfacet
  facet normal 0 -1 -0
    outer loop
      vertex 63 11 23
      vertex 3 11 3
      vertex 63 11 3
    endloop
  endfacet
  facet normal 0 1 -0
    outer loop
      vertex 63 101 3
      vertex 3 101 23
      vertex 63 101 23
    endloop
  endfacet
  facet normal 0 1 0
    outer loop
      vertex 3 101 23
      vertex 63 101 3
      vertex 3 101 3
    endloop
  endfacet
  facet normal -0.382796 -0.923833 0
    outer loop
      vertex 75.4141 76.5455 3
      vertex 75.8 76.3856 23
      vertex 75.4141 76.5455 23
    endloop
  endfacet
  facet normal -0.382796 -0.923833 -0
    outer loop
      vertex 75.8 76.3856 23
      vertex 75.4141 76.5455 3
      vertex 75.8 76.3856 3
    endloop
  endfacet
  facet normal 0.99145 0.130485 1.32225e-19
    outer loop
      vertex 73.4545 74.5859 23
      vertex 73.4 75 3
      vertex 73.4 75 23
    endloop
  endfacet
  facet normal 0.99145 0.130485 1.32225e-19
    outer loop
      vertex 73.4 75 3
      vertex 73.4545 74.5859 23
      vertex 73.4545 74.5859 3
    endloop
  endfacet
  facet normal -0.79346 0.608623 4.77802e-19
    outer loop
      vertex 76.1314 73.8686 3
      vertex 76.3856 74.2 23
      vertex 76.3856 74.2 3
    endloop
  endfacet
  facet normal -0.79346 0.608623 4.77802e-19
    outer loop
      vertex 76.3856 74.2 23
      vertex 76.1314 73.8686 3
      vertex 76.1314 73.8686 23
    endloop
  endfacet
  facet normal 0.130485 0.99145 -0
    outer loop
      vertex 75 73.4 3
      vertex 74.5859 73.4545 23
      vertex 75 73.4 23
    endloop
  endfacet
  facet normal 0.130485 0.99145 0
    outer loop
      vertex 74.5859 73.4545 23
      vertex 75 73.4 3
      vertex 74.5859 73.4545 3
    endloop
  endfacet
  facet normal -0.608623 -0.79346 0
    outer loop
      vertex 75.8 76.3856 3
      vertex 76.1314 76.1314 23
      vertex 75.8 76.3856 23
    endloop
  endfacet
  facet normal -0.608623 -0.79346 -0
    outer loop
      vertex 76.1314 76.1314 23
      vertex 75.8 76.3856 3
      vertex 76.1314 76.1314 3
    endloop
  endfacet
  facet normal 0.130485 -0.99145 0
    outer loop
      vertex 74.5859 76.5455 3
      vertex 75 76.6 23
      vertex 74.5859 76.5455 23
    endloop
  endfacet
  facet normal 0.130485 -0.99145 0
    outer loop
      vertex 75 76.6 23
      vertex 74.5859 76.5455 3
      vertex 75 76.6 3
    endloop
  endfacet
  facet normal 0.608623 -0.79346 0
    outer loop
      vertex 73.8686 76.1314 3
      vertex 74.2 76.3856 23
      vertex 73.8686 76.1314 23
    endloop
  endfacet
  facet normal 0.608623 -0.79346 0
    outer loop
      vertex 74.2 76.3856 23
      vertex 73.8686 76.1314 3
      vertex 74.2 76.3856 3
    endloop
  endfacet
  facet normal 0.99145 -0.130485 -1.32225e-19
    outer loop
      vertex 73.4 75 23
      vertex 73.4545 75.4141 3
      vertex 73.4545 75.4141 23
    endloop
  endfacet
  facet normal 0.99145 -0.130485 -1.32225e-19
    outer loop
      vertex 73.4545 75.4141 3
      vertex 73.4 75 23
      vertex 73.4 75 3
    endloop
  endfacet
  facet normal 0.79346 -0.608623 4.77802e-19
    outer loop
      vertex 73.6144 75.8 23
      vertex 73.8686 76.1314 3
      vertex 73.8686 76.1314 23
    endloop
  endfacet
  facet normal 0.79346 -0.608623 4.77802e-19
    outer loop
      vertex 73.8686 76.1314 3
      vertex 73.6144 75.8 23
      vertex 73.6144 75.8 3
    endloop
  endfacet
  facet normal -0.99145 0.130485 -1.32225e-19
    outer loop
      vertex 76.5455 74.5859 3
      vertex 76.6 75 23
      vertex 76.6 75 3
    endloop
  endfacet
  facet normal -0.99145 0.130485 -1.32225e-19
    outer loop
      vertex 76.6 75 23
      vertex 76.5455 74.5859 3
      vertex 76.5455 74.5859 23
    endloop
  endfacet
  facet normal 0.79346 0.608623 -4.77802e-19
    outer loop
      vertex 73.8686 73.8686 23
      vertex 73.6144 74.2 3
      vertex 73.6144 74.2 23
    endloop
  endfacet
  facet normal 0.79346 0.608623 -4.77802e-19
    outer loop
      vertex 73.6144 74.2 3
      vertex 73.8686 73.8686 23
      vertex 73.8686 73.8686 3
    endloop
  endfacet
  facet normal 0.382796 0.923833 -0
    outer loop
      vertex 74.5859 73.4545 3
      vertex 74.2 73.6144 23
      vertex 74.5859 73.4545 23
    endloop
  endfacet
  facet normal 0.382796 0.923833 0
    outer loop
      vertex 74.2 73.6144 23
      vertex 74.5859 73.4545 3
      vertex 74.2 73.6144 3
    endloop
  endfacet
  facet normal 0.608623 0.79346 -0
    outer loop
      vertex 74.2 73.6144 3
      vertex 73.8686 73.8686 23
      vertex 74.2 73.6144 23
    endloop
  endfacet
  facet normal 0.608623 0.79346 0
    outer loop
      vertex 73.8686 73.8686 23
      vertex 74.2 73.6144 3
      vertex 73.8686 73.8686 3
    endloop
  endfacet
  facet normal -0.79346 -0.608623 -4.77802e-19
    outer loop
      vertex 76.3856 75.8 3
      vertex 76.1314 76.1314 23
      vertex 76.1314 76.1314 3
    endloop
  endfacet
  facet normal -0.79346 -0.608623 -4.77802e-19
    outer loop
      vertex 76.1314 76.1314 23
      vertex 76.3856 75.8 3
      vertex 76.3856 75.8 23
    endloop
  endfacet
  facet normal -0.130485 -0.99145 0
    outer loop
      vertex 75 76.6 3
      vertex 75.4141 76.5455 23
      vertex 75 76.6 23
    endloop
  endfacet
  facet normal -0.130485 -0.99145 -0
    outer loop
      vertex 75.4141 76.5455 23
      vertex 75 76.6 3
      vertex 75.4141 76.5455 3
    endloop
  endfacet
  facet normal 0.923833 -0.382796 2.83888e-19
    outer loop
      vertex 73.4545 75.4141 23
      vertex 73.6144 75.8 3
      vertex 73.6144 75.8 23
    endloop
  endfacet
  facet normal 0.923833 -0.382796 2.83888e-19
    outer loop
      vertex 73.6144 75.8 3
      vertex 73.4545 75.4141 23
      vertex 73.4545 75.4141 3
    endloop
  endfacet
  facet normal 0.382796 -0.923833 0
    outer loop
      vertex 74.2 76.3856 3
      vertex 74.5859 76.5455 23
      vertex 74.2 76.3856 23
    endloop
  endfacet
  facet normal 0.382796 -0.923833 0
    outer loop
      vertex 74.5859 76.5455 23
      vertex 74.2 76.3856 3
      vertex 74.5859 76.5455 3
    endloop
  endfacet
  facet normal -0.99145 -0.130485 1.32225e-19
    outer loop
      vertex 76.6 75 3
      vertex 76.5455 75.4141 23
      vertex 76.5455 75.4141 3
    endloop
  endfacet
  facet normal -0.99145 -0.130485 1.32225e-19
    outer loop
      vertex 76.5455 75.4141 23
      vertex 76.6 75 3
      vertex 76.6 75 23
    endloop
  endfacet
  facet normal -0.923833 0.382796 2.83888e-19
    outer loop
      vertex 76.3856 74.2 3
      vertex 76.5455 74.5859 23
      vertex 76.5455 74.5859 3
    endloop
  endfacet
  facet normal -0.923833 0.382796 2.83888e-19
    outer loop
      vertex 76.5455 74.5859 23
      vertex 76.3856 74.2 3
      vertex 76.3856 74.2 23
    endloop
  endfacet
  facet normal -0.382796 0.923833 0
    outer loop
      vertex 75.8 73.6144 3
      vertex 75.4141 73.4545 23
      vertex 75.8 73.6144 23
    endloop
  endfacet
  facet normal -0.382796 0.923833 0
    outer loop
      vertex 75.4141 73.4545 23
      vertex 75.8 73.6144 3
      vertex 75.4141 73.4545 3
    endloop
  endfacet
  facet normal -0.130485 0.99145 0
    outer loop
      vertex 75.4141 73.4545 3
      vertex 75 73.4 23
      vertex 75.4141 73.4545 23
    endloop
  endfacet
  facet normal -0.130485 0.99145 0
    outer loop
      vertex 75 73.4 23
      vertex 75.4141 73.4545 3
      vertex 75 73.4 3
    endloop
  endfacet
  facet normal 0.923833 0.382796 -2.83888e-19
    outer loop
      vertex 73.6144 74.2 23
      vertex 73.4545 74.5859 3
      vertex 73.4545 74.5859 23
    endloop
  endfacet
  facet normal 0.923833 0.382796 -2.83888e-19
    outer loop
      vertex 73.4545 74.5859 3
      vertex 73.6144 74.2 23
      vertex 73.6144 74.2 3
    endloop
  endfacet
  facet normal -0.923833 -0.382796 -2.83888e-19
    outer loop
      vertex 76.5455 75.4141 3
      vertex 76.3856 75.8 23
      vertex 76.3856 75.8 3
    endloop
  endfacet
  facet normal -0.923833 -0.382796 -2.83888e-19
    outer loop
      vertex 76.3856 75.8 23
      vertex 76.5455 75.4141 3
      vertex 76.5455 75.4141 23
    endloop
  endfacet
  facet normal -0.608623 0.79346 0
    outer loop
      vertex 76.1314 73.8686 3
      vertex 75.8 73.6144 23
      vertex 76.1314 73.8686 23
    endloop
  endfacet
  facet normal -0.608623 0.79346 0
    outer loop
      vertex 75.8 73.6144 23
      vertex 76.1314 73.8686 3
      vertex 75.8 73.6144 3
    endloop
  endfacet
  facet normal -0.380955 -0.924594 0
    outer loop
      vertex 75.4141 120.545 3
      vertex 75.8 120.386 23
      vertex 75.4141 120.545 23
    endloop
  endfacet
  facet normal -0.380955 -0.924594 -0
    outer loop
      vertex 75.8 120.386 23
      vertex 75.4141 120.545 3
      vertex 75.8 120.386 3
    endloop
  endfacet
  facet normal 0.991446 0.130516 -1.56192e-19
    outer loop
      vertex 73.4545 118.586 23
      vertex 73.4 119 3
      vertex 73.4 119 23
    endloop
  endfacet
  facet normal 0.991446 0.130516 -1.56192e-19
    outer loop
      vertex 73.4 119 3
      vertex 73.4545 118.586 23
      vertex 73.4545 118.586 3
    endloop
  endfacet
  facet normal -0.793105 0.609085 -5.8695e-19
    outer loop
      vertex 76.1314 117.869 3
      vertex 76.3856 118.2 23
      vertex 76.3856 118.2 3
    endloop
  endfacet
  facet normal -0.793105 0.609085 -5.8695e-19
    outer loop
      vertex 76.3856 118.2 23
      vertex 76.1314 117.869 3
      vertex 76.1314 117.869 23
    endloop
  endfacet
  facet normal 0.131662 0.991295 -0
    outer loop
      vertex 75 117.4 3
      vertex 74.5859 117.455 23
      vertex 75 117.4 23
    endloop
  endfacet
  facet normal 0.131662 0.991295 0
    outer loop
      vertex 74.5859 117.455 23
      vertex 75 117.4 3
      vertex 74.5859 117.455 3
    endloop
  endfacet
  facet normal -0.609826 -0.792535 0
    outer loop
      vertex 75.8 120.386 3
      vertex 76.1314 120.131 23
      vertex 75.8 120.386 23
    endloop
  endfacet
  facet normal -0.609826 -0.792535 -0
    outer loop
      vertex 76.1314 120.131 23
      vertex 75.8 120.386 3
      vertex 76.1314 120.131 3
    endloop
  endfacet
  facet normal 0.131662 -0.991295 0
    outer loop
      vertex 74.5859 120.545 3
      vertex 75 120.6 23
      vertex 74.5859 120.545 23
    endloop
  endfacet
  facet normal 0.131662 -0.991295 0
    outer loop
      vertex 75 120.6 23
      vertex 74.5859 120.545 3
      vertex 75 120.6 3
    endloop
  endfacet
  facet normal 0.609826 -0.792535 0
    outer loop
      vertex 73.8686 120.131 3
      vertex 74.2 120.386 23
      vertex 73.8686 120.131 23
    endloop
  endfacet
  facet normal 0.609826 -0.792535 0
    outer loop
      vertex 74.2 120.386 23
      vertex 73.8686 120.131 3
      vertex 74.2 120.386 3
    endloop
  endfacet
  facet normal 0.991446 -0.130516 1.56192e-19
    outer loop
      vertex 73.4 119 23
      vertex 73.4545 119.414 3
      vertex 73.4545 119.414 23
    endloop
  endfacet
  facet normal 0.991446 -0.130516 1.56192e-19
    outer loop
      vertex 73.4545 119.414 3
      vertex 73.4 119 23
      vertex 73.4 119 3
    endloop
  endfacet
  facet normal 0.793105 -0.609085 -5.8695e-19
    outer loop
      vertex 73.6144 119.8 23
      vertex 73.8686 120.131 3
      vertex 73.8686 120.131 23
    endloop
  endfacet
  facet normal 0.793105 -0.609085 -5.8695e-19
    outer loop
      vertex 73.8686 120.131 3
      vertex 73.6144 119.8 23
      vertex 73.6144 119.8 3
    endloop
  endfacet
  facet normal -0.991446 0.130516 1.56192e-19
    outer loop
      vertex 76.5455 118.586 3
      vertex 76.6 119 23
      vertex 76.6 119 3
    endloop
  endfacet
  facet normal -0.991446 0.130516 1.56192e-19
    outer loop
      vertex 76.6 119 23
      vertex 76.5455 118.586 3
      vertex 76.5455 118.586 23
    endloop
  endfacet
  facet normal 0.793105 0.609085 5.8695e-19
    outer loop
      vertex 73.8686 117.869 23
      vertex 73.6144 118.2 3
      vertex 73.6144 118.2 23
    endloop
  endfacet
  facet normal 0.793105 0.609085 5.8695e-19
    outer loop
      vertex 73.6144 118.2 3
      vertex 73.8686 117.869 23
      vertex 73.8686 117.869 3
    endloop
  endfacet
  facet normal 0.380955 0.924594 -0
    outer loop
      vertex 74.5859 117.455 3
      vertex 74.2 117.614 23
      vertex 74.5859 117.455 23
    endloop
  endfacet
  facet normal 0.380955 0.924594 0
    outer loop
      vertex 74.2 117.614 23
      vertex 74.5859 117.455 3
      vertex 74.2 117.614 3
    endloop
  endfacet
  facet normal 0.609826 0.792535 -0
    outer loop
      vertex 74.2 117.614 3
      vertex 73.8686 117.869 23
      vertex 74.2 117.614 23
    endloop
  endfacet
  facet normal 0.609826 0.792535 0
    outer loop
      vertex 73.8686 117.869 23
      vertex 74.2 117.614 3
      vertex 73.8686 117.869 3
    endloop
  endfacet
  facet normal -0.923868 -0.382711 1.65835e-19
    outer loop
      vertex 76.5455 119.414 3
      vertex 76.3856 119.8 23
      vertex 76.3856 119.8 3
    endloop
  endfacet
  facet normal -0.923868 -0.382711 1.65835e-19
    outer loop
      vertex 76.3856 119.8 23
      vertex 76.5455 119.414 3
      vertex 76.5455 119.414 23
    endloop
  endfacet
  facet normal -0.793105 -0.609085 5.8695e-19
    outer loop
      vertex 76.3856 119.8 3
      vertex 76.1314 120.131 23
      vertex 76.1314 120.131 3
    endloop
  endfacet
  facet normal -0.793105 -0.609085 5.8695e-19
    outer loop
      vertex 76.1314 120.131 23
      vertex 76.3856 119.8 3
      vertex 76.3856 119.8 23
    endloop
  endfacet
  facet normal -0.131662 -0.991295 0
    outer loop
      vertex 75 120.6 3
      vertex 75.4141 120.545 23
      vertex 75 120.6 23
    endloop
  endfacet
  facet normal -0.131662 -0.991295 -0
    outer loop
      vertex 75.4141 120.545 23
      vertex 75 120.6 3
      vertex 75.4141 120.545 3
    endloop
  endfacet
  facet normal 0.923868 -0.382711 -1.65835e-19
    outer loop
      vertex 73.4545 119.414 23
      vertex 73.6144 119.8 3
      vertex 73.6144 119.8 23
    endloop
  endfacet
  facet normal 0.923868 -0.382711 -1.65835e-19
    outer loop
      vertex 73.6144 119.8 3
      vertex 73.4545 119.414 23
      vertex 73.4545 119.414 3
    endloop
  endfacet
  facet normal 0.380955 -0.924594 0
    outer loop
      vertex 74.2 120.386 3
      vertex 74.5859 120.545 23
      vertex 74.2 120.386 23
    endloop
  endfacet
  facet normal 0.380955 -0.924594 0
    outer loop
      vertex 74.5859 120.545 23
      vertex 74.2 120.386 3
      vertex 74.5859 120.545 3
    endloop
  endfacet
  facet normal -0.991446 -0.130516 -1.56192e-19
    outer loop
      vertex 76.6 119 3
      vertex 76.5455 119.414 23
      vertex 76.5455 119.414 3
    endloop
  endfacet
  facet normal -0.991446 -0.130516 -1.56192e-19
    outer loop
      vertex 76.5455 119.414 23
      vertex 76.6 119 3
      vertex 76.6 119 23
    endloop
  endfacet
  facet normal -0.923868 0.382711 -1.65835e-19
    outer loop
      vertex 76.3856 118.2 3
      vertex 76.5455 118.586 23
      vertex 76.5455 118.586 3
    endloop
  endfacet
  facet normal -0.923868 0.382711 -1.65835e-19
    outer loop
      vertex 76.5455 118.586 23
      vertex 76.3856 118.2 3
      vertex 76.3856 118.2 23
    endloop
  endfacet
  facet normal -0.380955 0.924594 0
    outer loop
      vertex 75.8 117.614 3
      vertex 75.4141 117.455 23
      vertex 75.8 117.614 23
    endloop
  endfacet
  facet normal -0.380955 0.924594 0
    outer loop
      vertex 75.4141 117.455 23
      vertex 75.8 117.614 3
      vertex 75.4141 117.455 3
    endloop
  endfacet
  facet normal -0.131662 0.991295 0
    outer loop
      vertex 75.4141 117.455 3
      vertex 75 117.4 23
      vertex 75.4141 117.455 23
    endloop
  endfacet
  facet normal -0.131662 0.991295 0
    outer loop
      vertex 75 117.4 23
      vertex 75.4141 117.455 3
      vertex 75 117.4 3
    endloop
  endfacet
  facet normal 0.923868 0.382711 1.65835e-19
    outer loop
      vertex 73.6144 118.2 23
      vertex 73.4545 118.586 3
      vertex 73.4545 118.586 23
    endloop
  endfacet
  facet normal 0.923868 0.382711 1.65835e-19
    outer loop
      vertex 73.4545 118.586 3
      vertex 73.6144 118.2 23
      vertex 73.6144 118.2 3
    endloop
  endfacet
  facet normal -0.609826 0.792535 0
    outer loop
      vertex 76.1314 117.869 3
      vertex 75.8 117.614 23
      vertex 76.1314 117.869 23
    endloop
  endfacet
  facet normal -0.609826 0.792535 0
    outer loop
      vertex 75.8 117.614 23
      vertex 76.1314 117.869 3
      vertex 75.8 117.614 3
    endloop
  endfacet
  facet normal -0.382711 -0.923868 0
    outer loop
      vertex 157.414 76.5455 3
      vertex 157.8 76.3856 23
      vertex 157.414 76.5455 23
    endloop
  endfacet
  facet normal -0.382711 -0.923868 -0
    outer loop
      vertex 157.8 76.3856 23
      vertex 157.414 76.5455 3
      vertex 157.8 76.3856 3
    endloop
  endfacet
  facet normal 0.991295 0.131662 1.39909e-20
    outer loop
      vertex 155.455 74.5859 23
      vertex 155.4 75 3
      vertex 155.4 75 23
    endloop
  endfacet
  facet normal 0.991295 0.131662 1.39909e-20
    outer loop
      vertex 155.4 75 3
      vertex 155.455 74.5859 23
      vertex 155.455 74.5859 3
    endloop
  endfacet
  facet normal -0.792535 0.609826 3.86496e-19
    outer loop
      vertex 158.131 73.8686 3
      vertex 158.386 74.2 23
      vertex 158.386 74.2 3
    endloop
  endfacet
  facet normal -0.792535 0.609826 3.86496e-19
    outer loop
      vertex 158.386 74.2 23
      vertex 158.131 73.8686 3
      vertex 158.131 73.8686 23
    endloop
  endfacet
  facet normal 0.130516 0.991446 -0
    outer loop
      vertex 157 73.4 3
      vertex 156.586 73.4545 23
      vertex 157 73.4 23
    endloop
  endfacet
  facet normal 0.130516 0.991446 0
    outer loop
      vertex 156.586 73.4545 23
      vertex 157 73.4 3
      vertex 156.586 73.4545 3
    endloop
  endfacet
  facet normal -0.609085 -0.793105 0
    outer loop
      vertex 157.8 76.3856 3
      vertex 158.131 76.1314 23
      vertex 157.8 76.3856 23
    endloop
  endfacet
  facet normal -0.609085 -0.793105 -0
    outer loop
      vertex 158.131 76.1314 23
      vertex 157.8 76.3856 3
      vertex 158.131 76.1314 3
    endloop
  endfacet
  facet normal 0.130516 -0.991446 0
    outer loop
      vertex 156.586 76.5455 3
      vertex 157 76.6 23
      vertex 156.586 76.5455 23
    endloop
  endfacet
  facet normal 0.130516 -0.991446 0
    outer loop
      vertex 157 76.6 23
      vertex 156.586 76.5455 3
      vertex 157 76.6 3
    endloop
  endfacet
  facet normal 0.609085 -0.793105 0
    outer loop
      vertex 155.869 76.1314 3
      vertex 156.2 76.3856 23
      vertex 155.869 76.1314 23
    endloop
  endfacet
  facet normal 0.609085 -0.793105 0
    outer loop
      vertex 156.2 76.3856 23
      vertex 155.869 76.1314 3
      vertex 156.2 76.3856 3
    endloop
  endfacet
  facet normal 0.991295 -0.131662 -1.39909e-20
    outer loop
      vertex 155.4 75 23
      vertex 155.455 75.4141 3
      vertex 155.455 75.4141 23
    endloop
  endfacet
  facet normal 0.991295 -0.131662 -1.39909e-20
    outer loop
      vertex 155.455 75.4141 3
      vertex 155.4 75 23
      vertex 155.4 75 3
    endloop
  endfacet
  facet normal 0.792535 -0.609826 3.86496e-19
    outer loop
      vertex 155.614 75.8 23
      vertex 155.869 76.1314 3
      vertex 155.869 76.1314 23
    endloop
  endfacet
  facet normal 0.792535 -0.609826 3.86496e-19
    outer loop
      vertex 155.869 76.1314 3
      vertex 155.614 75.8 23
      vertex 155.614 75.8 3
    endloop
  endfacet
  facet normal -0.991295 0.131662 -1.39909e-20
    outer loop
      vertex 158.545 74.5859 3
      vertex 158.6 75 23
      vertex 158.6 75 3
    endloop
  endfacet
  facet normal -0.991295 0.131662 -1.39909e-20
    outer loop
      vertex 158.6 75 23
      vertex 158.545 74.5859 3
      vertex 158.545 74.5859 23
    endloop
  endfacet
  facet normal 0.792535 0.609826 -3.86496e-19
    outer loop
      vertex 155.869 73.8686 23
      vertex 155.614 74.2 3
      vertex 155.614 74.2 23
    endloop
  endfacet
  facet normal 0.792535 0.609826 -3.86496e-19
    outer loop
      vertex 155.614 74.2 3
      vertex 155.869 73.8686 23
      vertex 155.869 73.8686 3
    endloop
  endfacet
  facet normal 0.382711 0.923868 -0
    outer loop
      vertex 156.586 73.4545 3
      vertex 156.2 73.6144 23
      vertex 156.586 73.4545 23
    endloop
  endfacet
  facet normal 0.382711 0.923868 0
    outer loop
      vertex 156.2 73.6144 23
      vertex 156.586 73.4545 3
      vertex 156.2 73.6144 3
    endloop
  endfacet
  facet normal 0.609085 0.793105 -0
    outer loop
      vertex 156.2 73.6144 3
      vertex 155.869 73.8686 23
      vertex 156.2 73.6144 23
    endloop
  endfacet
  facet normal 0.609085 0.793105 0
    outer loop
      vertex 155.869 73.8686 23
      vertex 156.2 73.6144 3
      vertex 155.869 73.8686 3
    endloop
  endfacet
  facet normal -0.792535 -0.609826 -3.86496e-19
    outer loop
      vertex 158.386 75.8 3
      vertex 158.131 76.1314 23
      vertex 158.131 76.1314 3
    endloop
  endfacet
  facet normal -0.792535 -0.609826 -3.86496e-19
    outer loop
      vertex 158.131 76.1314 23
      vertex 158.386 75.8 3
      vertex 158.386 75.8 23
    endloop
  endfacet
  facet normal -0.130516 -0.991446 0
    outer loop
      vertex 157 76.6 3
      vertex 157.414 76.5455 23
      vertex 157 76.6 23
    endloop
  endfacet
  facet normal -0.130516 -0.991446 -0
    outer loop
      vertex 157.414 76.5455 23
      vertex 157 76.6 3
      vertex 157.414 76.5455 3
    endloop
  endfacet
  facet normal 0.924594 -0.380955 8.80777e-20
    outer loop
      vertex 155.455 75.4141 23
      vertex 155.614 75.8 3
      vertex 155.614 75.8 23
    endloop
  endfacet
  facet normal 0.924594 -0.380955 8.80777e-20
    outer loop
      vertex 155.614 75.8 3
      vertex 155.455 75.4141 23
      vertex 155.455 75.4141 3
    endloop
  endfacet
  facet normal 0.382711 -0.923868 0
    outer loop
      vertex 156.2 76.3856 3
      vertex 156.586 76.5455 23
      vertex 156.2 76.3856 23
    endloop
  endfacet
  facet normal 0.382711 -0.923868 0
    outer loop
      vertex 156.586 76.5455 23
      vertex 156.2 76.3856 3
      vertex 156.586 76.5455 3
    endloop
  endfacet
  facet normal -0.991295 -0.131662 1.39909e-20
    outer loop
      vertex 158.6 75 3
      vertex 158.545 75.4141 23
      vertex 158.545 75.4141 3
    endloop
  endfacet
  facet normal -0.991295 -0.131662 1.39909e-20
    outer loop
      vertex 158.545 75.4141 23
      vertex 158.6 75 3
      vertex 158.6 75 23
    endloop
  endfacet
  facet normal -0.924594 0.380955 8.80777e-20
    outer loop
      vertex 158.386 74.2 3
      vertex 158.545 74.5859 23
      vertex 158.545 74.5859 3
    endloop
  endfacet
  facet normal -0.924594 0.380955 8.80777e-20
    outer loop
      vertex 158.545 74.5859 23
      vertex 158.386 74.2 3
      vertex 158.386 74.2 23
    endloop
  endfacet
  facet normal -0.382711 0.923868 0
    outer loop
      vertex 157.8 73.6144 3
      vertex 157.414 73.4545 23
      vertex 157.8 73.6144 23
    endloop
  endfacet
  facet normal -0.382711 0.923868 0
    outer loop
      vertex 157.414 73.4545 23
      vertex 157.8 73.6144 3
      vertex 157.414 73.4545 3
    endloop
  endfacet
  facet normal -0.130516 0.991446 0
    outer loop
      vertex 157.414 73.4545 3
      vertex 157 73.4 23
      vertex 157.414 73.4545 23
    endloop
  endfacet
  facet normal -0.130516 0.991446 0
    outer loop
      vertex 157 73.4 23
      vertex 157.414 73.4545 3
      vertex 157 73.4 3
    endloop
  endfacet
  facet normal 0.924594 0.380955 -8.80777e-20
    outer loop
      vertex 155.614 74.2 23
      vertex 155.455 74.5859 3
      vertex 155.455 74.5859 23
    endloop
  endfacet
  facet normal 0.924594 0.380955 -8.80777e-20
    outer loop
      vertex 155.455 74.5859 3
      vertex 155.614 74.2 23
      vertex 155.614 74.2 3
    endloop
  endfacet
  facet normal -0.924594 -0.380955 -8.80777e-20
    outer loop
      vertex 158.545 75.4141 3
      vertex 158.386 75.8 23
      vertex 158.386 75.8 3
    endloop
  endfacet
  facet normal -0.924594 -0.380955 -8.80777e-20
    outer loop
      vertex 158.386 75.8 23
      vertex 158.545 75.4141 3
      vertex 158.545 75.4141 23
    endloop
  endfacet
  facet normal -0.609085 0.793105 0
    outer loop
      vertex 158.131 73.8686 3
      vertex 157.8 73.6144 23
      vertex 158.131 73.8686 23
    endloop
  endfacet
  facet normal -0.609085 0.793105 0
    outer loop
      vertex 157.8 73.6144 23
      vertex 158.131 73.8686 3
      vertex 157.8 73.6144 3
    endloop
  endfacet
  facet normal -0.991291 -0.131693 -8.41684e-20
    outer loop
      vertex 158.6 119 3
      vertex 158.545 119.414 23
      vertex 158.545 119.414 3
    endloop
  endfacet
  facet normal -0.991291 -0.131693 -8.41684e-20
    outer loop
      vertex 158.545 119.414 23
      vertex 158.6 119 3
      vertex 158.6 119 23
    endloop
  endfacet
  facet normal 0.131693 -0.991291 0
    outer loop
      vertex 156.586 120.545 3
      vertex 157 120.6 23
      vertex 156.586 120.545 23
    endloop
  endfacet
  facet normal 0.131693 -0.991291 0
    outer loop
      vertex 157 120.6 23
      vertex 156.586 120.545 3
      vertex 157 120.6 3
    endloop
  endfacet
  facet normal -0.610289 -0.792179 0
    outer loop
      vertex 157.8 120.386 3
      vertex 158.131 120.131 23
      vertex 157.8 120.386 23
    endloop
  endfacet
  facet normal -0.610289 -0.792179 -0
    outer loop
      vertex 158.131 120.131 23
      vertex 157.8 120.386 3
      vertex 158.131 120.131 3
    endloop
  endfacet
  facet normal 0.792179 -0.610289 -6.2762e-19
    outer loop
      vertex 155.614 119.8 23
      vertex 155.869 120.131 3
      vertex 155.869 120.131 23
    endloop
  endfacet
  facet normal 0.792179 -0.610289 -6.2762e-19
    outer loop
      vertex 155.869 120.131 3
      vertex 155.614 119.8 23
      vertex 155.614 119.8 3
    endloop
  endfacet
  facet normal 0.610289 -0.792179 0
    outer loop
      vertex 155.869 120.131 3
      vertex 156.2 120.386 23
      vertex 155.869 120.131 23
    endloop
  endfacet
  facet normal 0.610289 -0.792179 0
    outer loop
      vertex 156.2 120.386 23
      vertex 155.869 120.131 3
      vertex 156.2 120.386 3
    endloop
  endfacet
  facet normal -0.924628 0.38087 4.0174e-20
    outer loop
      vertex 158.386 118.2 3
      vertex 158.545 118.586 23
      vertex 158.545 118.586 3
    endloop
  endfacet
  facet normal -0.924628 0.38087 4.0174e-20
    outer loop
      vertex 158.545 118.586 23
      vertex 158.386 118.2 3
      vertex 158.386 118.2 23
    endloop
  endfacet
  facet normal 0.38087 0.924628 -0
    outer loop
      vertex 156.586 117.455 3
      vertex 156.2 117.614 23
      vertex 156.586 117.455 23
    endloop
  endfacet
  facet normal 0.38087 0.924628 0
    outer loop
      vertex 156.2 117.614 23
      vertex 156.586 117.455 3
      vertex 156.2 117.614 3
    endloop
  endfacet
  facet normal -0.792179 -0.610289 6.2762e-19
    outer loop
      vertex 158.386 119.8 3
      vertex 158.131 120.131 23
      vertex 158.131 120.131 3
    endloop
  endfacet
  facet normal -0.792179 -0.610289 6.2762e-19
    outer loop
      vertex 158.131 120.131 23
      vertex 158.386 119.8 3
      vertex 158.386 119.8 23
    endloop
  endfacet
  facet normal -0.924628 -0.38087 -4.0174e-20
    outer loop
      vertex 158.545 119.414 3
      vertex 158.386 119.8 23
      vertex 158.386 119.8 3
    endloop
  endfacet
  facet normal -0.924628 -0.38087 -4.0174e-20
    outer loop
      vertex 158.386 119.8 23
      vertex 158.545 119.414 3
      vertex 158.545 119.414 23
    endloop
  endfacet
  facet normal -0.131693 -0.991291 0
    outer loop
      vertex 157 120.6 3
      vertex 157.414 120.545 23
      vertex 157 120.6 23
    endloop
  endfacet
  facet normal -0.131693 -0.991291 -0
    outer loop
      vertex 157.414 120.545 23
      vertex 157 120.6 3
      vertex 157.414 120.545 3
    endloop
  endfacet
  facet normal -0.38087 -0.924628 0
    outer loop
      vertex 157.414 120.545 3
      vertex 157.8 120.386 23
      vertex 157.414 120.545 23
    endloop
  endfacet
  facet normal -0.38087 -0.924628 -0
    outer loop
      vertex 157.8 120.386 23
      vertex 157.414 120.545 3
      vertex 157.8 120.386 3
    endloop
  endfacet
  facet normal 0.924628 -0.38087 4.0174e-20
    outer loop
      vertex 155.455 119.414 23
      vertex 155.614 119.8 3
      vertex 155.614 119.8 23
    endloop
  endfacet
  facet normal 0.924628 -0.38087 4.0174e-20
    outer loop
      vertex 155.614 119.8 3
      vertex 155.455 119.414 23
      vertex 155.455 119.414 3
    endloop
  endfacet
  facet normal 0.991291 -0.131693 8.41684e-20
    outer loop
      vertex 155.4 119 23
      vertex 155.455 119.414 3
      vertex 155.455 119.414 23
    endloop
  endfacet
  facet normal 0.991291 -0.131693 8.41684e-20
    outer loop
      vertex 155.455 119.414 3
      vertex 155.4 119 23
      vertex 155.4 119 3
    endloop
  endfacet
  facet normal 0.991291 0.131693 -8.41684e-20
    outer loop
      vertex 155.455 118.586 23
      vertex 155.4 119 3
      vertex 155.4 119 23
    endloop
  endfacet
  facet normal 0.991291 0.131693 -8.41684e-20
    outer loop
      vertex 155.4 119 3
      vertex 155.455 118.586 23
      vertex 155.455 118.586 3
    endloop
  endfacet
  facet normal 0.38087 -0.924628 0
    outer loop
      vertex 156.2 120.386 3
      vertex 156.586 120.545 23
      vertex 156.2 120.386 23
    endloop
  endfacet
  facet normal 0.38087 -0.924628 0
    outer loop
      vertex 156.586 120.545 23
      vertex 156.2 120.386 3
      vertex 156.586 120.545 3
    endloop
  endfacet
  facet normal -0.991291 0.131693 8.41684e-20
    outer loop
      vertex 158.545 118.586 3
      vertex 158.6 119 23
      vertex 158.6 119 3
    endloop
  endfacet
  facet normal -0.991291 0.131693 8.41684e-20
    outer loop
      vertex 158.6 119 23
      vertex 158.545 118.586 3
      vertex 158.545 118.586 23
    endloop
  endfacet
  facet normal -0.38087 0.924628 0
    outer loop
      vertex 157.8 117.614 3
      vertex 157.414 117.455 23
      vertex 157.8 117.614 23
    endloop
  endfacet
  facet normal -0.38087 0.924628 0
    outer loop
      vertex 157.414 117.455 23
      vertex 157.8 117.614 3
      vertex 157.414 117.455 3
    endloop
  endfacet
  facet normal 0.131693 0.991291 -0
    outer loop
      vertex 157 117.4 3
      vertex 156.586 117.455 23
      vertex 157 117.4 23
    endloop
  endfacet
  facet normal 0.131693 0.991291 0
    outer loop
      vertex 156.586 117.455 23
      vertex 157 117.4 3
      vertex 156.586 117.455 3
    endloop
  endfacet
  facet normal 0.610289 0.792179 -0
    outer loop
      vertex 156.2 117.614 3
      vertex 155.869 117.869 23
      vertex 156.2 117.614 23
    endloop
  endfacet
  facet normal 0.610289 0.792179 0
    outer loop
      vertex 155.869 117.869 23
      vertex 156.2 117.614 3
      vertex 155.869 117.869 3
    endloop
  endfacet
  facet normal 0.924628 0.38087 -4.0174e-20
    outer loop
      vertex 155.614 118.2 23
      vertex 155.455 118.586 3
      vertex 155.455 118.586 23
    endloop
  endfacet
  facet normal 0.924628 0.38087 -4.0174e-20
    outer loop
      vertex 155.455 118.586 3
      vertex 155.614 118.2 23
      vertex 155.614 118.2 3
    endloop
  endfacet
  facet normal -0.792179 0.610289 -6.2762e-19
    outer loop
      vertex 158.131 117.869 3
      vertex 158.386 118.2 23
      vertex 158.386 118.2 3
    endloop
  endfacet
  facet normal -0.792179 0.610289 -6.2762e-19
    outer loop
      vertex 158.386 118.2 23
      vertex 158.131 117.869 3
      vertex 158.131 117.869 23
    endloop
  endfacet
  facet normal -0.131693 0.991291 0
    outer loop
      vertex 157.414 117.455 3
      vertex 157 117.4 23
      vertex 157.414 117.455 23
    endloop
  endfacet
  facet normal -0.131693 0.991291 0
    outer loop
      vertex 157 117.4 23
      vertex 157.414 117.455 3
      vertex 157 117.4 3
    endloop
  endfacet
  facet normal 0.792179 0.610289 6.2762e-19
    outer loop
      vertex 155.869 117.869 23
      vertex 155.614 118.2 3
      vertex 155.614 118.2 23
    endloop
  endfacet
  facet normal 0.792179 0.610289 6.2762e-19
    outer loop
      vertex 155.614 118.2 3
      vertex 155.869 117.869 23
      vertex 155.869 117.869 3
    endloop
  endfacet
  facet normal -0.610289 0.792179 0
    outer loop
      vertex 158.131 117.869 3
      vertex 157.8 117.614 23
      vertex 158.131 117.869 23
    endloop
  endfacet
  facet normal -0.610289 0.792179 0
    outer loop
      vertex 157.8 117.614 23
      vertex 158.131 117.869 3
      vertex 157.8 117.614 3
    endloop
  endfacet
  facet normal -1 0 0
    outer loop
      vertex 66 66 3
      vertex 66 128 23
      vertex 66 128 3
    endloop
  endfacet
  facet normal -1 -0 0
    outer loop
      vertex 66 128 23
      vertex 66 66 3
      vertex 66 66 23
    endloop
  endfacet
  facet normal 0 0 1
    outer loop
      vertex 155.614 118.2 23
      vertex 76.3856 118.2 23
      vertex 155.614 75.8 23
    endloop
  endfacet
  facet normal 0 0 1
    outer loop
      vertex 155.614 75.8 23
      vertex 76.5455 75.4141 23
      vertex 76.6 75 23
    endloop
  endfacet
  facet normal 0 0 1
    outer loop
      vertex 76.3856 75.8 23
      vertex 155.614 75.8 23
      vertex 76.3856 118.2 23
    endloop
  endfacet
  facet normal 0 0 1
    outer loop
      vertex 155.614 75.8 23
      vertex 76.3856 75.8 23
      vertex 76.5455 75.4141 23
    endloop
  endfacet
  facet normal -0 0 1
    outer loop
      vertex 76.1314 117.869 23
      vertex 76.3856 75.8 23
      vertex 76.3856 118.2 23
    endloop
  endfacet
  facet normal 0 0 1
    outer loop
      vertex 76.1314 117.869 23
      vertex 76.1314 76.1314 23
      vertex 76.3856 75.8 23
    endloop
  endfacet
  facet normal -0 0 1
    outer loop
      vertex 75.8 117.614 23
      vertex 76.1314 76.1314 23
      vertex 76.1314 117.869 23
    endloop
  endfacet
  facet normal 0 0 1
    outer loop
      vertex 75.8 117.614 23
      vertex 75.8 76.3856 23
      vertex 76.1314 76.1314 23
    endloop
  endfacet
  facet normal -0 0 1
    outer loop
      vertex 75.4141 117.455 23
      vertex 75.8 76.3856 23
      vertex 75.8 117.614 23
    endloop
  endfacet
  facet normal 0 0 1
    outer loop
      vertex 75.4141 117.455 23
      vertex 75.4141 76.5455 23
      vertex 75.8 76.3856 23
    endloop
  endfacet
  facet normal -0 0 1
    outer loop
      vertex 75 117.4 23
      vertex 75.4141 76.5455 23
      vertex 75.4141 117.455 23
    endloop
  endfacet
  facet normal 0 0 1
    outer loop
      vertex 75 117.4 23
      vertex 75 76.6 23
      vertex 75.4141 76.5455 23
    endloop
  endfacet
  facet normal 0 0 1
    outer loop
      vertex 74.5859 117.455 23
      vertex 75 76.6 23
      vertex 75 117.4 23
    endloop
  endfacet
  facet normal 0 0 1
    outer loop
      vertex 74.5859 117.455 23
      vertex 74.5859 76.5455 23
      vertex 75 76.6 23
    endloop
  endfacet
  facet normal 0 0 1
    outer loop
      vertex 74.2 117.614 23
      vertex 74.5859 76.5455 23
      vertex 74.5859 117.455 23
    endloop
  endfacet
  facet normal 0 0 1
    outer loop
      vertex 74.2 117.614 23
      vertex 74.2 76.3856 23
      vertex 74.5859 76.5455 23
    endloop
  endfacet
  facet normal 0 0 1
    outer loop
      vertex 73.8686 117.869 23
      vertex 74.2 76.3856 23
      vertex 74.2 117.614 23
    endloop
  endfacet
  facet normal 0 0 1
    outer loop
      vertex 73.8686 117.869 23
      vertex 73.8686 76.1314 23
      vertex 74.2 76.3856 23
    endloop
  endfacet
  facet normal 0 0 1
    outer loop
      vertex 73.6144 118.2 23
      vertex 73.8686 76.1314 23
      vertex 73.8686 117.869 23
    endloop
  endfacet
  facet normal 0 0 1
    outer loop
      vertex 73.6144 118.2 23
      vertex 73.6144 75.8 23
      vertex 73.8686 76.1314 23
    endloop
  endfacet
  facet normal 0 0 1
    outer loop
      vertex 66 128 23
      vertex 73.6144 118.2 23
      vertex 73.4545 118.586 23
    endloop
  endfacet
  facet normal 0 0 1
    outer loop
      vertex 73.6144 118.2 23
      vertex 66 128 23
      vertex 73.6144 75.8 23
    endloop
  endfacet
  facet normal 0 0 1
    outer loop
      vertex 66 128 23
      vertex 73.4545 118.586 23
      vertex 73.4 119 23
    endloop
  endfacet
  facet normal 0 0 1
    outer loop
      vertex 66 66 23
      vertex 73.6144 75.8 23
      vertex 66 128 23
    endloop
  endfacet
  facet normal 0 0 1
    outer loop
      vertex 166 128 23
      vertex 158.386 118.2 23
      vertex 166 66 23
    endloop
  endfacet
  facet normal 0 0 1
    outer loop
      vertex 166 66 23
      vertex 158.545 75.4141 23
      vertex 158.6 75 23
    endloop
  endfacet
  facet normal -0 0 1
    outer loop
      vertex 158.386 75.8 23
      vertex 166 66 23
      vertex 158.386 118.2 23
    endloop
  endfacet
  facet normal 0 0 1
    outer loop
      vertex 166 66 23
      vertex 158.386 75.8 23
      vertex 158.545 75.4141 23
    endloop
  endfacet
  facet normal -0 0 1
    outer loop
      vertex 158.131 117.869 23
      vertex 158.386 75.8 23
      vertex 158.386 118.2 23
    endloop
  endfacet
  facet normal 0 0 1
    outer loop
      vertex 158.131 117.869 23
      vertex 158.131 76.1314 23
      vertex 158.386 75.8 23
    endloop
  endfacet
  facet normal -0 0 1
    outer loop
      vertex 157.8 117.614 23
      vertex 158.131 76.1314 23
      vertex 158.131 117.869 23
    endloop
  endfacet
  facet normal 0 0 1
    outer loop
      vertex 157.8 117.614 23
      vertex 157.8 76.3856 23
      vertex 158.131 76.1314 23
    endloop
  endfacet
  facet normal -0 0 1
    outer loop
      vertex 157.414 117.455 23
      vertex 157.8 76.3856 23
      vertex 157.8 117.614 23
    endloop
  endfacet
  facet normal 0 0 1
    outer loop
      vertex 157.414 117.455 23
      vertex 157.414 76.5455 23
      vertex 157.8 76.3856 23
    endloop
  endfacet
  facet normal -0 0 1
    outer loop
      vertex 157 117.4 23
      vertex 157.414 76.5455 23
      vertex 157.414 117.455 23
    endloop
  endfacet
  facet normal 0 0 1
    outer loop
      vertex 157 117.4 23
      vertex 157 76.6 23
      vertex 157.414 76.5455 23
    endloop
  endfacet
  facet normal 0 0 1
    outer loop
      vertex 156.586 117.455 23
      vertex 157 76.6 23
      vertex 157 117.4 23
    endloop
  endfacet
  facet normal 0 0 1
    outer loop
      vertex 156.586 117.455 23
      vertex 156.586 76.5455 23
      vertex 157 76.6 23
    endloop
  endfacet
  facet normal 0 0 1
    outer loop
      vertex 156.2 117.614 23
      vertex 156.586 76.5455 23
      vertex 156.586 117.455 23
    endloop
  endfacet
  facet normal 0 0 1
    outer loop
      vertex 156.2 117.614 23
      vertex 156.2 76.3856 23
      vertex 156.586 76.5455 23
    endloop
  endfacet
  facet normal 0 0 1
    outer loop
      vertex 155.869 117.869 23
      vertex 156.2 76.3856 23
      vertex 156.2 117.614 23
    endloop
  endfacet
  facet normal 0 0 1
    outer loop
      vertex 155.869 117.869 23
      vertex 155.869 76.1314 23
      vertex 156.2 76.3856 23
    endloop
  endfacet
  facet normal 0 0 1
    outer loop
      vertex 155.614 118.2 23
      vertex 155.869 76.1314 23
      vertex 155.869 117.869 23
    endloop
  endfacet
  facet normal 0 0 1
    outer loop
      vertex 155.614 118.2 23
      vertex 155.614 75.8 23
      vertex 155.869 76.1314 23
    endloop
  endfacet
  facet normal 0 0 1
    outer loop
      vertex 76.5455 118.586 23
      vertex 155.455 118.586 23
      vertex 76.6 119 23
    endloop
  endfacet
  facet normal 0 0 1
    outer loop
      vertex 155.455 118.586 23
      vertex 76.5455 118.586 23
      vertex 155.614 118.2 23
    endloop
  endfacet
  facet normal -0 0 1
    outer loop
      vertex 76.6 119 23
      vertex 155.455 118.586 23
      vertex 155.4 119 23
    endloop
  endfacet
  facet normal 0 0 1
    outer loop
      vertex 76.3856 118.2 23
      vertex 155.614 118.2 23
      vertex 76.5455 118.586 23
    endloop
  endfacet
  facet normal 0 0 1
    outer loop
      vertex 158.545 118.586 23
      vertex 166 128 23
      vertex 158.6 119 23
    endloop
  endfacet
  facet normal 0 0 1
    outer loop
      vertex 166 128 23
      vertex 158.545 119.414 23
      vertex 158.6 119 23
    endloop
  endfacet
  facet normal 0 0 1
    outer loop
      vertex 166 128 23
      vertex 158.386 119.8 23
      vertex 158.545 119.414 23
    endloop
  endfacet
  facet normal 0 0 1
    outer loop
      vertex 166 128 23
      vertex 158.131 120.131 23
      vertex 158.386 119.8 23
    endloop
  endfacet
  facet normal 0 0 1
    outer loop
      vertex 166 128 23
      vertex 157.8 120.386 23
      vertex 158.131 120.131 23
    endloop
  endfacet
  facet normal 0 0 1
    outer loop
      vertex 166 128 23
      vertex 157.414 120.545 23
      vertex 157.8 120.386 23
    endloop
  endfacet
  facet normal 0 0 1
    outer loop
      vertex 166 128 23
      vertex 157 120.6 23
      vertex 157.414 120.545 23
    endloop
  endfacet
  facet normal 0 0 1
    outer loop
      vertex 166 128 23
      vertex 156.586 120.545 23
      vertex 157 120.6 23
    endloop
  endfacet
  facet normal 0 0 1
    outer loop
      vertex 166 128 23
      vertex 156.2 120.386 23
      vertex 156.586 120.545 23
    endloop
  endfacet
  facet normal 0 0 1
    outer loop
      vertex 75.8 120.386 23
      vertex 156.2 120.386 23
      vertex 166 128 23
    endloop
  endfacet
  facet normal 0 0 1
    outer loop
      vertex 155.614 75.8 23
      vertex 76.6 75 23
      vertex 155.455 75.4141 23
    endloop
  endfacet
  facet normal 0 0 1
    outer loop
      vertex 155.455 119.414 23
      vertex 76.6 119 23
      vertex 155.4 119 23
    endloop
  endfacet
  facet normal 0 0 1
    outer loop
      vertex 76.5455 119.414 23
      vertex 155.455 119.414 23
      vertex 155.614 119.8 23
    endloop
  endfacet
  facet normal 0 0 1
    outer loop
      vertex 76.3856 119.8 23
      vertex 155.614 119.8 23
      vertex 155.869 120.131 23
    endloop
  endfacet
  facet normal 0 0 1
    outer loop
      vertex 156.2 120.386 23
      vertex 75.8 120.386 23
      vertex 155.869 120.131 23
    endloop
  endfacet
  facet normal 0 0 1
    outer loop
      vertex 155.455 119.414 23
      vertex 76.5455 119.414 23
      vertex 76.6 119 23
    endloop
  endfacet
  facet normal 0 0 1
    outer loop
      vertex 155.614 119.8 23
      vertex 76.3856 119.8 23
      vertex 76.5455 119.414 23
    endloop
  endfacet
  facet normal 0 0 1
    outer loop
      vertex 155.869 120.131 23
      vertex 76.1314 120.131 23
      vertex 76.3856 119.8 23
    endloop
  endfacet
  facet normal 0 0 1
    outer loop
      vertex 155.869 120.131 23
      vertex 75.8 120.386 23
      vertex 76.1314 120.131 23
    endloop
  endfacet
  facet normal -0 0 1
    outer loop
      vertex 66 128 23
      vertex 75.8 120.386 23
      vertex 166 128 23
    endloop
  endfacet
  facet normal 0 0 1
    outer loop
      vertex 75.8 120.386 23
      vertex 66 128 23
      vertex 75.4141 120.545 23
    endloop
  endfacet
  facet normal 0 0 1
    outer loop
      vertex 73.6144 75.8 23
      vertex 66 66 23
      vertex 73.4545 75.4141 23
    endloop
  endfacet
  facet normal 0 0 1
    outer loop
      vertex 73.4545 119.414 23
      vertex 66 128 23
      vertex 73.4 119 23
    endloop
  endfacet
  facet normal 0 0 1
    outer loop
      vertex 73.6144 119.8 23
      vertex 66 128 23
      vertex 73.4545 119.414 23
    endloop
  endfacet
  facet normal 0 0 1
    outer loop
      vertex 73.8686 120.131 23
      vertex 66 128 23
      vertex 73.6144 119.8 23
    endloop
  endfacet
  facet normal 0 0 1
    outer loop
      vertex 74.2 120.386 23
      vertex 66 128 23
      vertex 73.8686 120.131 23
    endloop
  endfacet
  facet normal 0 0 1
    outer loop
      vertex 74.5859 120.545 23
      vertex 66 128 23
      vertex 74.2 120.386 23
    endloop
  endfacet
  facet normal 0 0 1
    outer loop
      vertex 75 120.6 23
      vertex 66 128 23
      vertex 74.5859 120.545 23
    endloop
  endfacet
  facet normal 0 0 1
    outer loop
      vertex 75.4141 120.545 23
      vertex 66 128 23
      vertex 75 120.6 23
    endloop
  endfacet
  facet normal 0 0 1
    outer loop
      vertex 158.386 118.2 23
      vertex 166 128 23
      vertex 158.545 118.586 23
    endloop
  endfacet
  facet normal -0 0 1
    outer loop
      vertex 158.545 74.5859 23
      vertex 166 66 23
      vertex 158.6 75 23
    endloop
  endfacet
  facet normal -0 0 1
    outer loop
      vertex 158.386 74.2 23
      vertex 166 66 23
      vertex 158.545 74.5859 23
    endloop
  endfacet
  facet normal -0 0 1
    outer loop
      vertex 158.131 73.8686 23
      vertex 166 66 23
      vertex 158.386 74.2 23
    endloop
  endfacet
  facet normal -0 0 1
    outer loop
      vertex 157.8 73.6144 23
      vertex 166 66 23
      vertex 158.131 73.8686 23
    endloop
  endfacet
  facet normal -0 0 1
    outer loop
      vertex 157.414 73.4545 23
      vertex 166 66 23
      vertex 157.8 73.6144 23
    endloop
  endfacet
  facet normal -0 0 1
    outer loop
      vertex 157 73.4 23
      vertex 166 66 23
      vertex 157.414 73.4545 23
    endloop
  endfacet
  facet normal 0 0 1
    outer loop
      vertex 156.586 73.4545 23
      vertex 166 66 23
      vertex 157 73.4 23
    endloop
  endfacet
  facet normal 0 0 1
    outer loop
      vertex 156.2 73.6144 23
      vertex 166 66 23
      vertex 156.586 73.4545 23
    endloop
  endfacet
  facet normal 0 0 1
    outer loop
      vertex 75.8 73.6144 23
      vertex 156.2 73.6144 23
      vertex 155.869 73.8686 23
    endloop
  endfacet
  facet normal 0 0 1
    outer loop
      vertex 155.455 75.4141 23
      vertex 76.6 75 23
      vertex 155.4 75 23
    endloop
  endfacet
  facet normal 0 0 1
    outer loop
      vertex 155.4 75 23
      vertex 76.6 75 23
      vertex 155.455 74.5859 23
    endloop
  endfacet
  facet normal 0 0 1
    outer loop
      vertex 76.5455 74.5859 23
      vertex 155.455 74.5859 23
      vertex 76.6 75 23
    endloop
  endfacet
  facet normal 0 0 1
    outer loop
      vertex 155.455 74.5859 23
      vertex 76.5455 74.5859 23
      vertex 155.614 74.2 23
    endloop
  endfacet
  facet normal 0 0 1
    outer loop
      vertex 76.3856 74.2 23
      vertex 155.614 74.2 23
      vertex 76.5455 74.5859 23
    endloop
  endfacet
  facet normal 0 0 1
    outer loop
      vertex 155.614 74.2 23
      vertex 76.3856 74.2 23
      vertex 155.869 73.8686 23
    endloop
  endfacet
  facet normal 0 0 1
    outer loop
      vertex 76.1314 73.8686 23
      vertex 155.869 73.8686 23
      vertex 76.3856 74.2 23
    endloop
  endfacet
  facet normal 0 0 1
    outer loop
      vertex 75.8 73.6144 23
      vertex 155.869 73.8686 23
      vertex 76.1314 73.8686 23
    endloop
  endfacet
  facet normal 0 0 1
    outer loop
      vertex 156.2 73.6144 23
      vertex 75.8 73.6144 23
      vertex 166 66 23
    endloop
  endfacet
  facet normal 0 0 1
    outer loop
      vertex 66 66 23
      vertex 75.8 73.6144 23
      vertex 75.4141 73.4545 23
    endloop
  endfacet
  facet normal 0 0 1
    outer loop
      vertex 66 66 23
      vertex 75.4141 73.4545 23
      vertex 75 73.4 23
    endloop
  endfacet
  facet normal 0 0 1
    outer loop
      vertex 73.4545 75.4141 23
      vertex 66 66 23
      vertex 73.4 75 23
    endloop
  endfacet
  facet normal 0 0 1
    outer loop
      vertex 75.8 73.6144 23
      vertex 66 66 23
      vertex 166 66 23
    endloop
  endfacet
  facet normal 0 0 1
    outer loop
      vertex 74.5859 73.4545 23
      vertex 66 66 23
      vertex 75 73.4 23
    endloop
  endfacet
  facet normal 0 0 1
    outer loop
      vertex 74.2 73.6144 23
      vertex 66 66 23
      vertex 74.5859 73.4545 23
    endloop
  endfacet
  facet normal 0 0 1
    outer loop
      vertex 73.8686 73.8686 23
      vertex 66 66 23
      vertex 74.2 73.6144 23
    endloop
  endfacet
  facet normal 0 0 1
    outer loop
      vertex 73.6144 74.2 23
      vertex 66 66 23
      vertex 73.8686 73.8686 23
    endloop
  endfacet
  facet normal 0 0 1
    outer loop
      vertex 73.4545 74.5859 23
      vertex 66 66 23
      vertex 73.6144 74.2 23
    endloop
  endfacet
  facet normal 0 0 1
    outer loop
      vertex 73.4 75 23
      vertex 66 66 23
      vertex 73.4545 74.5859 23
    endloop
  endfacet
  facet normal 1 -0 0
    outer loop
      vertex 166 66 23
      vertex 166 128 3
      vertex 166 128 23
    endloop
  endfacet
  facet normal 1 0 0
    outer loop
      vertex 166 128 3
      vertex 166 66 23
      vertex 166 66 3
    endloop
  endfacet
  facet normal 0 1 -0
    outer loop
      vertex 166 128 3
      vertex 66 128 23
      vertex 166 128 23
    endloop
  endfacet
  facet normal 0 1 0
    outer loop
      vertex 66 128 23
      vertex 166 128 3
      vertex 66 128 3
    endloop
  endfacet
  facet normal 0 -1 0
    outer loop
      vertex 66 66 3
      vertex 166 66 23
      vertex 66 66 23
    endloop
  endfacet
  facet normal 0 -1 -0
    outer loop
      vertex 166 66 23
      vertex 66 66 3
      vertex 166 66 3
    endloop
  endfacet
  facet normal -0.382711 -0.923868 0
    outer loop
      vertex 102.414 21.5455 3
      vertex 102.8 21.3856 23
      vertex 102.414 21.5455 23
    endloop
  endfacet
  facet normal -0.382711 -0.923868 -0
    outer loop
      vertex 102.8 21.3856 23
      vertex 102.414 21.5455 3
      vertex 102.8 21.3856 3
    endloop
  endfacet
  facet normal 0.991295 0.131662 -1.82693e-19
    outer loop
      vertex 100.455 19.5859 23
      vertex 100.4 20 3
      vertex 100.4 20 23
    endloop
  endfacet
  facet normal 0.991295 0.131662 -1.82693e-19
    outer loop
      vertex 100.4 20 3
      vertex 100.455 19.5859 23
      vertex 100.455 19.5859 3
    endloop
  endfacet
  facet normal -0.792535 0.609826 -8.07833e-19
    outer loop
      vertex 103.131 18.8686 3
      vertex 103.386 19.2 23
      vertex 103.386 19.2 3
    endloop
  endfacet
  facet normal -0.792535 0.609826 -8.07833e-19
    outer loop
      vertex 103.386 19.2 23
      vertex 103.131 18.8686 3
      vertex 103.131 18.8686 23
    endloop
  endfacet
  facet normal 0.130516 0.991446 -0
    outer loop
      vertex 102 18.4 3
      vertex 101.586 18.4545 23
      vertex 102 18.4 23
    endloop
  endfacet
  facet normal 0.130516 0.991446 0
    outer loop
      vertex 101.586 18.4545 23
      vertex 102 18.4 3
      vertex 101.586 18.4545 3
    endloop
  endfacet
  facet normal -0.609085 -0.793105 0
    outer loop
      vertex 102.8 21.3856 3
      vertex 103.131 21.1314 23
      vertex 102.8 21.3856 23
    endloop
  endfacet
  facet normal -0.609085 -0.793105 -0
    outer loop
      vertex 103.131 21.1314 23
      vertex 102.8 21.3856 3
      vertex 103.131 21.1314 3
    endloop
  endfacet
  facet normal 0.130516 -0.991446 0
    outer loop
      vertex 101.586 21.5455 3
      vertex 102 21.6 23
      vertex 101.586 21.5455 23
    endloop
  endfacet
  facet normal 0.130516 -0.991446 0
    outer loop
      vertex 102 21.6 23
      vertex 101.586 21.5455 3
      vertex 102 21.6 3
    endloop
  endfacet
  facet normal 0.609085 -0.793105 0
    outer loop
      vertex 100.869 21.1314 3
      vertex 101.2 21.3856 23
      vertex 100.869 21.1314 23
    endloop
  endfacet
  facet normal 0.609085 -0.793105 0
    outer loop
      vertex 101.2 21.3856 23
      vertex 100.869 21.1314 3
      vertex 101.2 21.3856 3
    endloop
  endfacet
  facet normal 0.991295 -0.131662 1.82693e-19
    outer loop
      vertex 100.4 20 23
      vertex 100.455 20.4141 3
      vertex 100.455 20.4141 23
    endloop
  endfacet
  facet normal 0.991295 -0.131662 1.82693e-19
    outer loop
      vertex 100.455 20.4141 3
      vertex 100.4 20 23
      vertex 100.4 20 3
    endloop
  endfacet
  facet normal 0.792535 -0.609826 -8.07833e-19
    outer loop
      vertex 100.614 20.8 23
      vertex 100.869 21.1314 3
      vertex 100.869 21.1314 23
    endloop
  endfacet
  facet normal 0.792535 -0.609826 -8.07833e-19
    outer loop
      vertex 100.869 21.1314 3
      vertex 100.614 20.8 23
      vertex 100.614 20.8 3
    endloop
  endfacet
  facet normal -0.991295 0.131662 1.82693e-19
    outer loop
      vertex 103.545 19.5859 3
      vertex 103.6 20 23
      vertex 103.6 20 3
    endloop
  endfacet
  facet normal -0.991295 0.131662 1.82693e-19
    outer loop
      vertex 103.6 20 23
      vertex 103.545 19.5859 3
      vertex 103.545 19.5859 23
    endloop
  endfacet
  facet normal 0.382711 0.923868 -0
    outer loop
      vertex 101.586 18.4545 3
      vertex 101.2 18.6144 23
      vertex 101.586 18.4545 23
    endloop
  endfacet
  facet normal 0.382711 0.923868 0
    outer loop
      vertex 101.2 18.6144 23
      vertex 101.586 18.4545 3
      vertex 101.2 18.6144 3
    endloop
  endfacet
  facet normal -0.924594 -0.380955 2.76004e-20
    outer loop
      vertex 103.545 20.4141 3
      vertex 103.386 20.8 23
      vertex 103.386 20.8 3
    endloop
  endfacet
  facet normal -0.924594 -0.380955 2.76004e-20
    outer loop
      vertex 103.386 20.8 23
      vertex 103.545 20.4141 3
      vertex 103.545 20.4141 23
    endloop
  endfacet
  facet normal -0.792535 -0.609826 8.07833e-19
    outer loop
      vertex 103.386 20.8 3
      vertex 103.131 21.1314 23
      vertex 103.131 21.1314 3
    endloop
  endfacet
  facet normal -0.792535 -0.609826 8.07833e-19
    outer loop
      vertex 103.131 21.1314 23
      vertex 103.386 20.8 3
      vertex 103.386 20.8 23
    endloop
  endfacet
  facet normal -0.130516 -0.991446 0
    outer loop
      vertex 102 21.6 3
      vertex 102.414 21.5455 23
      vertex 102 21.6 23
    endloop
  endfacet
  facet normal -0.130516 -0.991446 -0
    outer loop
      vertex 102.414 21.5455 23
      vertex 102 21.6 3
      vertex 102.414 21.5455 3
    endloop
  endfacet
  facet normal 0.924594 -0.380955 -2.76004e-20
    outer loop
      vertex 100.455 20.4141 23
      vertex 100.614 20.8 3
      vertex 100.614 20.8 23
    endloop
  endfacet
  facet normal 0.924594 -0.380955 -2.76004e-20
    outer loop
      vertex 100.614 20.8 3
      vertex 100.455 20.4141 23
      vertex 100.455 20.4141 3
    endloop
  endfacet
  facet normal 0.382711 -0.923868 0
    outer loop
      vertex 101.2 21.3856 3
      vertex 101.586 21.5455 23
      vertex 101.2 21.3856 23
    endloop
  endfacet
  facet normal 0.382711 -0.923868 0
    outer loop
      vertex 101.586 21.5455 23
      vertex 101.2 21.3856 3
      vertex 101.586 21.5455 3
    endloop
  endfacet
  facet normal -0.991295 -0.131662 -1.82693e-19
    outer loop
      vertex 103.6 20 3
      vertex 103.545 20.4141 23
      vertex 103.545 20.4141 3
    endloop
  endfacet
  facet normal -0.991295 -0.131662 -1.82693e-19
    outer loop
      vertex 103.545 20.4141 23
      vertex 103.6 20 3
      vertex 103.6 20 23
    endloop
  endfacet
  facet normal -0.382711 0.923868 0
    outer loop
      vertex 102.8 18.6144 3
      vertex 102.414 18.4545 23
      vertex 102.8 18.6144 23
    endloop
  endfacet
  facet normal -0.382711 0.923868 0
    outer loop
      vertex 102.414 18.4545 23
      vertex 102.8 18.6144 3
      vertex 102.414 18.4545 3
    endloop
  endfacet
  facet normal -0.130516 0.991446 0
    outer loop
      vertex 102.414 18.4545 3
      vertex 102 18.4 23
      vertex 102.414 18.4545 23
    endloop
  endfacet
  facet normal -0.130516 0.991446 0
    outer loop
      vertex 102 18.4 23
      vertex 102.414 18.4545 3
      vertex 102 18.4 3
    endloop
  endfacet
  facet normal 0.609085 0.793105 -0
    outer loop
      vertex 101.2 18.6144 3
      vertex 100.869 18.8686 23
      vertex 101.2 18.6144 23
    endloop
  endfacet
  facet normal 0.609085 0.793105 0
    outer loop
      vertex 100.869 18.8686 23
      vertex 101.2 18.6144 3
      vertex 100.869 18.8686 3
    endloop
  endfacet
  facet normal 0.924594 0.380955 2.76004e-20
    outer loop
      vertex 100.614 19.2 23
      vertex 100.455 19.5859 3
      vertex 100.455 19.5859 23
    endloop
  endfacet
  facet normal 0.924594 0.380955 2.76004e-20
    outer loop
      vertex 100.455 19.5859 3
      vertex 100.614 19.2 23
      vertex 100.614 19.2 3
    endloop
  endfacet
  facet normal -0.609085 0.793105 0
    outer loop
      vertex 103.131 18.8686 3
      vertex 102.8 18.6144 23
      vertex 103.131 18.8686 23
    endloop
  endfacet
  facet normal -0.609085 0.793105 0
    outer loop
      vertex 102.8 18.6144 23
      vertex 103.131 18.8686 3
      vertex 102.8 18.6144 3
    endloop
  endfacet
  facet normal 0.792535 0.609826 8.07833e-19
    outer loop
      vertex 100.869 18.8686 23
      vertex 100.614 19.2 3
      vertex 100.614 19.2 23
    endloop
  endfacet
  facet normal 0.792535 0.609826 8.07833e-19
    outer loop
      vertex 100.614 19.2 3
      vertex 100.869 18.8686 23
      vertex 100.869 18.8686 3
    endloop
  endfacet
  facet normal -0.924594 0.380955 -2.76004e-20
    outer loop
      vertex 103.386 19.2 3
      vertex 103.545 19.5859 23
      vertex 103.545 19.5859 3
    endloop
  endfacet
  facet normal -0.924594 0.380955 -2.76004e-20
    outer loop
      vertex 103.545 19.5859 23
      vertex 103.386 19.2 3
      vertex 103.386 19.2 23
    endloop
  endfacet
  facet normal -0.382711 -0.923868 0
    outer loop
      vertex 102.414 55.5455 3
      vertex 102.8 55.3856 23
      vertex 102.414 55.5455 23
    endloop
  endfacet
  facet normal -0.382711 -0.923868 -0
    outer loop
      vertex 102.8 55.3856 23
      vertex 102.414 55.5455 3
      vertex 102.8 55.3856 3
    endloop
  endfacet
  facet normal 0.991295 0.131662 9.97615e-20
    outer loop
      vertex 100.455 53.5859 23
      vertex 100.4 54 3
      vertex 100.4 54 23
    endloop
  endfacet
  facet normal 0.991295 0.131662 9.97615e-20
    outer loop
      vertex 100.4 54 3
      vertex 100.455 53.5859 23
      vertex 100.455 53.5859 3
    endloop
  endfacet
  facet normal -0.792535 0.609826 3.86496e-19
    outer loop
      vertex 103.131 52.8686 3
      vertex 103.386 53.2 23
      vertex 103.386 53.2 3
    endloop
  endfacet
  facet normal -0.792535 0.609826 3.86496e-19
    outer loop
      vertex 103.386 53.2 23
      vertex 103.131 52.8686 3
      vertex 103.131 52.8686 23
    endloop
  endfacet
  facet normal 0.130516 0.991446 -0
    outer loop
      vertex 102 52.4 3
      vertex 101.586 52.4545 23
      vertex 102 52.4 23
    endloop
  endfacet
  facet normal 0.130516 0.991446 0
    outer loop
      vertex 101.586 52.4545 23
      vertex 102 52.4 3
      vertex 101.586 52.4545 3
    endloop
  endfacet
  facet normal -0.609085 -0.793105 0
    outer loop
      vertex 102.8 55.3856 3
      vertex 103.131 55.1314 23
      vertex 102.8 55.3856 23
    endloop
  endfacet
  facet normal -0.609085 -0.793105 -0
    outer loop
      vertex 103.131 55.1314 23
      vertex 102.8 55.3856 3
      vertex 103.131 55.1314 3
    endloop
  endfacet
  facet normal 0.130516 -0.991446 0
    outer loop
      vertex 101.586 55.5455 3
      vertex 102 55.6 23
      vertex 101.586 55.5455 23
    endloop
  endfacet
  facet normal 0.130516 -0.991446 0
    outer loop
      vertex 102 55.6 23
      vertex 101.586 55.5455 3
      vertex 102 55.6 3
    endloop
  endfacet
  facet normal 0.609085 -0.793105 0
    outer loop
      vertex 100.869 55.1314 3
      vertex 101.2 55.3856 23
      vertex 100.869 55.1314 23
    endloop
  endfacet
  facet normal 0.609085 -0.793105 0
    outer loop
      vertex 101.2 55.3856 23
      vertex 100.869 55.1314 3
      vertex 101.2 55.3856 3
    endloop
  endfacet
  facet normal 0.991295 -0.131662 -9.97615e-20
    outer loop
      vertex 100.4 54 23
      vertex 100.455 54.4141 3
      vertex 100.455 54.4141 23
    endloop
  endfacet
  facet normal 0.991295 -0.131662 -9.97615e-20
    outer loop
      vertex 100.455 54.4141 3
      vertex 100.4 54 23
      vertex 100.4 54 3
    endloop
  endfacet
  facet normal 0.792535 -0.609826 3.86496e-19
    outer loop
      vertex 100.614 54.8 23
      vertex 100.869 55.1314 3
      vertex 100.869 55.1314 23
    endloop
  endfacet
  facet normal 0.792535 -0.609826 3.86496e-19
    outer loop
      vertex 100.869 55.1314 3
      vertex 100.614 54.8 23
      vertex 100.614 54.8 3
    endloop
  endfacet
  facet normal -0.991295 0.131662 -9.97615e-20
    outer loop
      vertex 103.545 53.5859 3
      vertex 103.6 54 23
      vertex 103.6 54 3
    endloop
  endfacet
  facet normal -0.991295 0.131662 -9.97615e-20
    outer loop
      vertex 103.6 54 23
      vertex 103.545 53.5859 3
      vertex 103.545 53.5859 23
    endloop
  endfacet
  facet normal 0.792535 0.609826 -3.86496e-19
    outer loop
      vertex 100.869 52.8686 23
      vertex 100.614 53.2 3
      vertex 100.614 53.2 23
    endloop
  endfacet
  facet normal 0.792535 0.609826 -3.86496e-19
    outer loop
      vertex 100.614 53.2 3
      vertex 100.869 52.8686 23
      vertex 100.869 52.8686 3
    endloop
  endfacet
  facet normal 0.382711 0.923868 -0
    outer loop
      vertex 101.586 52.4545 3
      vertex 101.2 52.6144 23
      vertex 101.586 52.4545 23
    endloop
  endfacet
  facet normal 0.382711 0.923868 0
    outer loop
      vertex 101.2 52.6144 23
      vertex 101.586 52.4545 3
      vertex 101.2 52.6144 3
    endloop
  endfacet
  facet normal 0.609085 0.793105 -0
    outer loop
      vertex 101.2 52.6144 3
      vertex 100.869 52.8686 23
      vertex 101.2 52.6144 23
    endloop
  endfacet
  facet normal 0.609085 0.793105 0
    outer loop
      vertex 100.869 52.8686 23
      vertex 101.2 52.6144 3
      vertex 100.869 52.8686 3
    endloop
  endfacet
  facet normal -0.792535 -0.609826 -3.86496e-19
    outer loop
      vertex 103.386 54.8 3
      vertex 103.131 55.1314 23
      vertex 103.131 55.1314 3
    endloop
  endfacet
  facet normal -0.792535 -0.609826 -3.86496e-19
    outer loop
      vertex 103.131 55.1314 23
      vertex 103.386 54.8 3
      vertex 103.386 54.8 23
    endloop
  endfacet
  facet normal -0.130516 -0.991446 0
    outer loop
      vertex 102 55.6 3
      vertex 102.414 55.5455 23
      vertex 102 55.6 23
    endloop
  endfacet
  facet normal -0.130516 -0.991446 -0
    outer loop
      vertex 102.414 55.5455 23
      vertex 102 55.6 3
      vertex 102.414 55.5455 3
    endloop
  endfacet
  facet normal 0.924594 -0.380955 -2.76004e-20
    outer loop
      vertex 100.455 54.4141 23
      vertex 100.614 54.8 3
      vertex 100.614 54.8 23
    endloop
  endfacet
  facet normal 0.924594 -0.380955 -2.76004e-20
    outer loop
      vertex 100.614 54.8 3
      vertex 100.455 54.4141 23
      vertex 100.455 54.4141 3
    endloop
  endfacet
  facet normal 0.382711 -0.923868 0
    outer loop
      vertex 101.2 55.3856 3
      vertex 101.586 55.5455 23
      vertex 101.2 55.3856 23
    endloop
  endfacet
  facet normal 0.382711 -0.923868 0
    outer loop
      vertex 101.586 55.5455 23
      vertex 101.2 55.3856 3
      vertex 101.586 55.5455 3
    endloop
  endfacet
  facet normal -0.991295 -0.131662 9.97615e-20
    outer loop
      vertex 103.6 54 3
      vertex 103.545 54.4141 23
      vertex 103.545 54.4141 3
    endloop
  endfacet
  facet normal -0.991295 -0.131662 9.97615e-20
    outer loop
      vertex 103.545 54.4141 23
      vertex 103.6 54 3
      vertex 103.6 54 23
    endloop
  endfacet
  facet normal -0.924594 0.380955 -2.76004e-20
    outer loop
      vertex 103.386 53.2 3
      vertex 103.545 53.5859 23
      vertex 103.545 53.5859 3
    endloop
  endfacet
  facet normal -0.924594 0.380955 -2.76004e-20
    outer loop
      vertex 103.545 53.5859 23
      vertex 103.386 53.2 3
      vertex 103.386 53.2 23
    endloop
  endfacet
  facet normal -0.382711 0.923868 0
    outer loop
      vertex 102.8 52.6144 3
      vertex 102.414 52.4545 23
      vertex 102.8 52.6144 23
    endloop
  endfacet
  facet normal -0.382711 0.923868 0
    outer loop
      vertex 102.414 52.4545 23
      vertex 102.8 52.6144 3
      vertex 102.414 52.4545 3
    endloop
  endfacet
  facet normal -0.130516 0.991446 0
    outer loop
      vertex 102.414 52.4545 3
      vertex 102 52.4 23
      vertex 102.414 52.4545 23
    endloop
  endfacet
  facet normal -0.130516 0.991446 0
    outer loop
      vertex 102 52.4 23
      vertex 102.414 52.4545 3
      vertex 102 52.4 3
    endloop
  endfacet
  facet normal 0.924594 0.380955 2.76004e-20
    outer loop
      vertex 100.614 53.2 23
      vertex 100.455 53.5859 3
      vertex 100.455 53.5859 23
    endloop
  endfacet
  facet normal 0.924594 0.380955 2.76004e-20
    outer loop
      vertex 100.455 53.5859 3
      vertex 100.614 53.2 23
      vertex 100.614 53.2 3
    endloop
  endfacet
  facet normal -0.924594 -0.380955 2.76004e-20
    outer loop
      vertex 103.545 54.4141 3
      vertex 103.386 54.8 23
      vertex 103.386 54.8 3
    endloop
  endfacet
  facet normal -0.924594 -0.380955 2.76004e-20
    outer loop
      vertex 103.386 54.8 23
      vertex 103.545 54.4141 3
      vertex 103.545 54.4141 23
    endloop
  endfacet
  facet normal -0.609085 0.793105 0
    outer loop
      vertex 103.131 52.8686 3
      vertex 102.8 52.6144 23
      vertex 103.131 52.8686 23
    endloop
  endfacet
  facet normal -0.609085 0.793105 0
    outer loop
      vertex 102.8 52.6144 23
      vertex 103.131 52.8686 3
      vertex 102.8 52.6144 3
    endloop
  endfacet
  facet normal -0.991295 -0.131662 -1.18822e-19
    outer loop
      vertex 158.6 20 3
      vertex 158.545 20.4141 23
      vertex 158.545 20.4141 3
    endloop
  endfacet
  facet normal -0.991295 -0.131662 -1.18822e-19
    outer loop
      vertex 158.545 20.4141 23
      vertex 158.6 20 3
      vertex 158.6 20 23
    endloop
  endfacet
  facet normal 0.130516 -0.991446 0
    outer loop
      vertex 156.586 21.5455 3
      vertex 157 21.6 23
      vertex 156.586 21.5455 23
    endloop
  endfacet
  facet normal 0.130516 -0.991446 0
    outer loop
      vertex 157 21.6 23
      vertex 156.586 21.5455 3
      vertex 157 21.6 3
    endloop
  endfacet
  facet normal -0.609085 -0.793105 0
    outer loop
      vertex 157.8 21.3856 3
      vertex 158.131 21.1314 23
      vertex 157.8 21.3856 23
    endloop
  endfacet
  facet normal -0.609085 -0.793105 -0
    outer loop
      vertex 158.131 21.1314 23
      vertex 157.8 21.3856 3
      vertex 158.131 21.1314 3
    endloop
  endfacet
  facet normal 0.792535 -0.609826 -8.07833e-19
    outer loop
      vertex 155.614 20.8 23
      vertex 155.869 21.1314 3
      vertex 155.869 21.1314 23
    endloop
  endfacet
  facet normal 0.792535 -0.609826 -8.07833e-19
    outer loop
      vertex 155.869 21.1314 3
      vertex 155.614 20.8 23
      vertex 155.614 20.8 3
    endloop
  endfacet
  facet normal 0.609085 -0.793105 0
    outer loop
      vertex 155.869 21.1314 3
      vertex 156.2 21.3856 23
      vertex 155.869 21.1314 23
    endloop
  endfacet
  facet normal 0.609085 -0.793105 0
    outer loop
      vertex 156.2 21.3856 23
      vertex 155.869 21.1314 3
      vertex 156.2 21.3856 3
    endloop
  endfacet
  facet normal -0.924594 0.380955 2.41098e-19
    outer loop
      vertex 158.386 19.2 3
      vertex 158.545 19.5859 23
      vertex 158.545 19.5859 3
    endloop
  endfacet
  facet normal -0.924594 0.380955 2.41098e-19
    outer loop
      vertex 158.545 19.5859 23
      vertex 158.386 19.2 3
      vertex 158.386 19.2 23
    endloop
  endfacet
  facet normal 0.382711 0.923868 -0
    outer loop
      vertex 156.586 18.4545 3
      vertex 156.2 18.6144 23
      vertex 156.586 18.4545 23
    endloop
  endfacet
  facet normal 0.382711 0.923868 0
    outer loop
      vertex 156.2 18.6144 23
      vertex 156.586 18.4545 3
      vertex 156.2 18.6144 3
    endloop
  endfacet
  facet normal -0.792535 -0.609826 8.07833e-19
    outer loop
      vertex 158.386 20.8 3
      vertex 158.131 21.1314 23
      vertex 158.131 21.1314 3
    endloop
  endfacet
  facet normal -0.792535 -0.609826 8.07833e-19
    outer loop
      vertex 158.131 21.1314 23
      vertex 158.386 20.8 3
      vertex 158.386 20.8 23
    endloop
  endfacet
  facet normal -0.924594 -0.380955 -2.41098e-19
    outer loop
      vertex 158.545 20.4141 3
      vertex 158.386 20.8 23
      vertex 158.386 20.8 3
    endloop
  endfacet
  facet normal -0.924594 -0.380955 -2.41098e-19
    outer loop
      vertex 158.386 20.8 23
      vertex 158.545 20.4141 3
      vertex 158.545 20.4141 23
    endloop
  endfacet
  facet normal -0.130516 -0.991446 0
    outer loop
      vertex 157 21.6 3
      vertex 157.414 21.5455 23
      vertex 157 21.6 23
    endloop
  endfacet
  facet normal -0.130516 -0.991446 -0
    outer loop
      vertex 157.414 21.5455 23
      vertex 157 21.6 3
      vertex 157.414 21.5455 3
    endloop
  endfacet
  facet normal -0.382711 -0.923868 0
    outer loop
      vertex 157.414 21.5455 3
      vertex 157.8 21.3856 23
      vertex 157.414 21.5455 23
    endloop
  endfacet
  facet normal -0.382711 -0.923868 -0
    outer loop
      vertex 157.8 21.3856 23
      vertex 157.414 21.5455 3
      vertex 157.8 21.3856 3
    endloop
  endfacet
  facet normal 0.924594 -0.380955 2.41098e-19
    outer loop
      vertex 155.455 20.4141 23
      vertex 155.614 20.8 3
      vertex 155.614 20.8 23
    endloop
  endfacet
  facet normal 0.924594 -0.380955 2.41098e-19
    outer loop
      vertex 155.614 20.8 3
      vertex 155.455 20.4141 23
      vertex 155.455 20.4141 3
    endloop
  endfacet
  facet normal 0.991295 -0.131662 1.18822e-19
    outer loop
      vertex 155.4 20 23
      vertex 155.455 20.4141 3
      vertex 155.455 20.4141 23
    endloop
  endfacet
  facet normal 0.991295 -0.131662 1.18822e-19
    outer loop
      vertex 155.455 20.4141 3
      vertex 155.4 20 23
      vertex 155.4 20 3
    endloop
  endfacet
  facet normal 0.991295 0.131662 -1.18822e-19
    outer loop
      vertex 155.455 19.5859 23
      vertex 155.4 20 3
      vertex 155.4 20 23
    endloop
  endfacet
  facet normal 0.991295 0.131662 -1.18822e-19
    outer loop
      vertex 155.4 20 3
      vertex 155.455 19.5859 23
      vertex 155.455 19.5859 3
    endloop
  endfacet
  facet normal 0.382711 -0.923868 0
    outer loop
      vertex 156.2 21.3856 3
      vertex 156.586 21.5455 23
      vertex 156.2 21.3856 23
    endloop
  endfacet
  facet normal 0.382711 -0.923868 0
    outer loop
      vertex 156.586 21.5455 23
      vertex 156.2 21.3856 3
      vertex 156.586 21.5455 3
    endloop
  endfacet
  facet normal -0.991295 0.131662 1.18822e-19
    outer loop
      vertex 158.545 19.5859 3
      vertex 158.6 20 23
      vertex 158.6 20 3
    endloop
  endfacet
  facet normal -0.991295 0.131662 1.18822e-19
    outer loop
      vertex 158.6 20 23
      vertex 158.545 19.5859 3
      vertex 158.545 19.5859 23
    endloop
  endfacet
  facet normal -0.382711 0.923868 0
    outer loop
      vertex 157.8 18.6144 3
      vertex 157.414 18.4545 23
      vertex 157.8 18.6144 23
    endloop
  endfacet
  facet normal -0.382711 0.923868 0
    outer loop
      vertex 157.414 18.4545 23
      vertex 157.8 18.6144 3
      vertex 157.414 18.4545 3
    endloop
  endfacet
  facet normal 0.130516 0.991446 -0
    outer loop
      vertex 157 18.4 3
      vertex 156.586 18.4545 23
      vertex 157 18.4 23
    endloop
  endfacet
  facet normal 0.130516 0.991446 0
    outer loop
      vertex 156.586 18.4545 23
      vertex 157 18.4 3
      vertex 156.586 18.4545 3
    endloop
  endfacet
  facet normal 0.609085 0.793105 -0
    outer loop
      vertex 156.2 18.6144 3
      vertex 155.869 18.8686 23
      vertex 156.2 18.6144 23
    endloop
  endfacet
  facet normal 0.609085 0.793105 0
    outer loop
      vertex 155.869 18.8686 23
      vertex 156.2 18.6144 3
      vertex 155.869 18.8686 3
    endloop
  endfacet
  facet normal 0.924594 0.380955 -2.41098e-19
    outer loop
      vertex 155.614 19.2 23
      vertex 155.455 19.5859 3
      vertex 155.455 19.5859 23
    endloop
  endfacet
  facet normal 0.924594 0.380955 -2.41098e-19
    outer loop
      vertex 155.455 19.5859 3
      vertex 155.614 19.2 23
      vertex 155.614 19.2 3
    endloop
  endfacet
  facet normal -0.792535 0.609826 -8.07833e-19
    outer loop
      vertex 158.131 18.8686 3
      vertex 158.386 19.2 23
      vertex 158.386 19.2 3
    endloop
  endfacet
  facet normal -0.792535 0.609826 -8.07833e-19
    outer loop
      vertex 158.386 19.2 23
      vertex 158.131 18.8686 3
      vertex 158.131 18.8686 23
    endloop
  endfacet
  facet normal -0.130516 0.991446 0
    outer loop
      vertex 157.414 18.4545 3
      vertex 157 18.4 23
      vertex 157.414 18.4545 23
    endloop
  endfacet
  facet normal -0.130516 0.991446 0
    outer loop
      vertex 157 18.4 23
      vertex 157.414 18.4545 3
      vertex 157 18.4 3
    endloop
  endfacet
  facet normal 0.792535 0.609826 8.07833e-19
    outer loop
      vertex 155.869 18.8686 23
      vertex 155.614 19.2 3
      vertex 155.614 19.2 23
    endloop
  endfacet
  facet normal 0.792535 0.609826 8.07833e-19
    outer loop
      vertex 155.614 19.2 3
      vertex 155.869 18.8686 23
      vertex 155.869 18.8686 3
    endloop
  endfacet
  facet normal -0.609085 0.793105 0
    outer loop
      vertex 158.131 18.8686 3
      vertex 157.8 18.6144 23
      vertex 158.131 18.8686 23
    endloop
  endfacet
  facet normal -0.609085 0.793105 0
    outer loop
      vertex 157.8 18.6144 23
      vertex 158.131 18.8686 3
      vertex 157.8 18.6144 3
    endloop
  endfacet
  facet normal -0.991295 -0.131662 1.6343e-19
    outer loop
      vertex 158.6 54 3
      vertex 158.545 54.4141 23
      vertex 158.545 54.4141 3
    endloop
  endfacet
  facet normal -0.991295 -0.131662 1.6343e-19
    outer loop
      vertex 158.545 54.4141 23
      vertex 158.6 54 3
      vertex 158.6 54 23
    endloop
  endfacet
  facet normal 0.130516 -0.991446 0
    outer loop
      vertex 156.586 55.5455 3
      vertex 157 55.6 23
      vertex 156.586 55.5455 23
    endloop
  endfacet
  facet normal 0.130516 -0.991446 0
    outer loop
      vertex 157 55.6 23
      vertex 156.586 55.5455 3
      vertex 157 55.6 3
    endloop
  endfacet
  facet normal -0.609085 -0.793105 0
    outer loop
      vertex 157.8 55.3856 3
      vertex 158.131 55.1314 23
      vertex 157.8 55.3856 23
    endloop
  endfacet
  facet normal -0.609085 -0.793105 -0
    outer loop
      vertex 158.131 55.1314 23
      vertex 157.8 55.3856 3
      vertex 158.131 55.1314 3
    endloop
  endfacet
  facet normal 0.792535 -0.609826 3.86496e-19
    outer loop
      vertex 155.614 54.8 23
      vertex 155.869 55.1314 3
      vertex 155.869 55.1314 23
    endloop
  endfacet
  facet normal 0.792535 -0.609826 3.86496e-19
    outer loop
      vertex 155.869 55.1314 3
      vertex 155.614 54.8 23
      vertex 155.614 54.8 3
    endloop
  endfacet
  facet normal 0.609085 -0.793105 0
    outer loop
      vertex 155.869 55.1314 3
      vertex 156.2 55.3856 23
      vertex 155.869 55.1314 23
    endloop
  endfacet
  facet normal 0.609085 -0.793105 0
    outer loop
      vertex 156.2 55.3856 23
      vertex 155.869 55.1314 3
      vertex 156.2 55.3856 3
    endloop
  endfacet
  facet normal -0.924594 0.380955 2.41098e-19
    outer loop
      vertex 158.386 53.2 3
      vertex 158.545 53.5859 23
      vertex 158.545 53.5859 3
    endloop
  endfacet
  facet normal -0.924594 0.380955 2.41098e-19
    outer loop
      vertex 158.545 53.5859 23
      vertex 158.386 53.2 3
      vertex 158.386 53.2 23
    endloop
  endfacet
  facet normal 0.382711 0.923868 -0
    outer loop
      vertex 156.586 52.4545 3
      vertex 156.2 52.6144 23
      vertex 156.586 52.4545 23
    endloop
  endfacet
  facet normal 0.382711 0.923868 0
    outer loop
      vertex 156.2 52.6144 23
      vertex 156.586 52.4545 3
      vertex 156.2 52.6144 3
    endloop
  endfacet
  facet normal -0.792535 -0.609826 -3.86496e-19
    outer loop
      vertex 158.386 54.8 3
      vertex 158.131 55.1314 23
      vertex 158.131 55.1314 3
    endloop
  endfacet
  facet normal -0.792535 -0.609826 -3.86496e-19
    outer loop
      vertex 158.131 55.1314 23
      vertex 158.386 54.8 3
      vertex 158.386 54.8 23
    endloop
  endfacet
  facet normal -0.924594 -0.380955 -2.41098e-19
    outer loop
      vertex 158.545 54.4141 3
      vertex 158.386 54.8 23
      vertex 158.386 54.8 3
    endloop
  endfacet
  facet normal -0.924594 -0.380955 -2.41098e-19
    outer loop
      vertex 158.386 54.8 23
      vertex 158.545 54.4141 3
      vertex 158.545 54.4141 23
    endloop
  endfacet
  facet normal -0.130516 -0.991446 0
    outer loop
      vertex 157 55.6 3
      vertex 157.414 55.5455 23
      vertex 157 55.6 23
    endloop
  endfacet
  facet normal -0.130516 -0.991446 -0
    outer loop
      vertex 157.414 55.5455 23
      vertex 157 55.6 3
      vertex 157.414 55.5455 3
    endloop
  endfacet
  facet normal -0.382711 -0.923868 0
    outer loop
      vertex 157.414 55.5455 3
      vertex 157.8 55.3856 23
      vertex 157.414 55.5455 23
    endloop
  endfacet
  facet normal -0.382711 -0.923868 -0
    outer loop
      vertex 157.8 55.3856 23
      vertex 157.414 55.5455 3
      vertex 157.8 55.3856 3
    endloop
  endfacet
  facet normal 0.924594 -0.380955 2.41098e-19
    outer loop
      vertex 155.455 54.4141 23
      vertex 155.614 54.8 3
      vertex 155.614 54.8 23
    endloop
  endfacet
  facet normal 0.924594 -0.380955 2.41098e-19
    outer loop
      vertex 155.614 54.8 3
      vertex 155.455 54.4141 23
      vertex 155.455 54.4141 3
    endloop
  endfacet
  facet normal 0.991295 -0.131662 -1.6343e-19
    outer loop
      vertex 155.4 54 23
      vertex 155.455 54.4141 3
      vertex 155.455 54.4141 23
    endloop
  endfacet
  facet normal 0.991295 -0.131662 -1.6343e-19
    outer loop
      vertex 155.455 54.4141 3
      vertex 155.4 54 23
      vertex 155.4 54 3
    endloop
  endfacet
  facet normal 0.991295 0.131662 1.6343e-19
    outer loop
      vertex 155.455 53.5859 23
      vertex 155.4 54 3
      vertex 155.4 54 23
    endloop
  endfacet
  facet normal 0.991295 0.131662 1.6343e-19
    outer loop
      vertex 155.4 54 3
      vertex 155.455 53.5859 23
      vertex 155.455 53.5859 3
    endloop
  endfacet
  facet normal 0.382711 -0.923868 0
    outer loop
      vertex 156.2 55.3856 3
      vertex 156.586 55.5455 23
      vertex 156.2 55.3856 23
    endloop
  endfacet
  facet normal 0.382711 -0.923868 0
    outer loop
      vertex 156.586 55.5455 23
      vertex 156.2 55.3856 3
      vertex 156.586 55.5455 3
    endloop
  endfacet
  facet normal -0.991295 0.131662 -1.6343e-19
    outer loop
      vertex 158.545 53.5859 3
      vertex 158.6 54 23
      vertex 158.6 54 3
    endloop
  endfacet
  facet normal -0.991295 0.131662 -1.6343e-19
    outer loop
      vertex 158.6 54 23
      vertex 158.545 53.5859 3
      vertex 158.545 53.5859 23
    endloop
  endfacet
  facet normal -0.382711 0.923868 0
    outer loop
      vertex 157.8 52.6144 3
      vertex 157.414 52.4545 23
      vertex 157.8 52.6144 23
    endloop
  endfacet
  facet normal -0.382711 0.923868 0
    outer loop
      vertex 157.414 52.4545 23
      vertex 157.8 52.6144 3
      vertex 157.414 52.4545 3
    endloop
  endfacet
  facet normal 0.130516 0.991446 -0
    outer loop
      vertex 157 52.4 3
      vertex 156.586 52.4545 23
      vertex 157 52.4 23
    endloop
  endfacet
  facet normal 0.130516 0.991446 0
    outer loop
      vertex 156.586 52.4545 23
      vertex 157 52.4 3
      vertex 156.586 52.4545 3
    endloop
  endfacet
  facet normal 0.609085 0.793105 -0
    outer loop
      vertex 156.2 52.6144 3
      vertex 155.869 52.8686 23
      vertex 156.2 52.6144 23
    endloop
  endfacet
  facet normal 0.609085 0.793105 0
    outer loop
      vertex 155.869 52.8686 23
      vertex 156.2 52.6144 3
      vertex 155.869 52.8686 3
    endloop
  endfacet
  facet normal 0.924594 0.380955 -2.41098e-19
    outer loop
      vertex 155.614 53.2 23
      vertex 155.455 53.5859 3
      vertex 155.455 53.5859 23
    endloop
  endfacet
  facet normal 0.924594 0.380955 -2.41098e-19
    outer loop
      vertex 155.455 53.5859 3
      vertex 155.614 53.2 23
      vertex 155.614 53.2 3
    endloop
  endfacet
  facet normal -0.792535 0.609826 3.86496e-19
    outer loop
      vertex 158.131 52.8686 3
      vertex 158.386 53.2 23
      vertex 158.386 53.2 3
    endloop
  endfacet
  facet normal -0.792535 0.609826 3.86496e-19
    outer loop
      vertex 158.386 53.2 23
      vertex 158.131 52.8686 3
      vertex 158.131 52.8686 23
    endloop
  endfacet
  facet normal -0.130516 0.991446 0
    outer loop
      vertex 157.414 52.4545 3
      vertex 157 52.4 23
      vertex 157.414 52.4545 23
    endloop
  endfacet
  facet normal -0.130516 0.991446 0
    outer loop
      vertex 157 52.4 23
      vertex 157.414 52.4545 3
      vertex 157 52.4 3
    endloop
  endfacet
  facet normal 0.792535 0.609826 -3.86496e-19
    outer loop
      vertex 155.869 52.8686 23
      vertex 155.614 53.2 3
      vertex 155.614 53.2 23
    endloop
  endfacet
  facet normal 0.792535 0.609826 -3.86496e-19
    outer loop
      vertex 155.614 53.2 3
      vertex 155.869 52.8686 23
      vertex 155.869 52.8686 3
    endloop
  endfacet
  facet normal -0.609085 0.793105 0
    outer loop
      vertex 158.131 52.8686 3
      vertex 157.8 52.6144 23
      vertex 158.131 52.8686 23
    endloop
  endfacet
  facet normal -0.609085 0.793105 0
    outer loop
      vertex 157.8 52.6144 23
      vertex 158.131 52.8686 3
      vertex 157.8 52.6144 3
    endloop
  endfacet
  facet normal -1 0 0
    outer loop
      vertex 93 11 3
      vertex 93 63 23
      vertex 93 63 3
    endloop
  endfacet
  facet normal -1 -0 0
    outer loop
      vertex 93 63 23
      vertex 93 11 3
      vertex 93 11 23
    endloop
  endfacet
  facet normal 0 0 1
    outer loop
      vertex 155.614 53.2 23
      vertex 103.386 53.2 23
      vertex 155.614 20.8 23
    endloop
  endfacet
  facet normal 0 0 1
    outer loop
      vertex 155.614 20.8 23
      vertex 103.545 20.4141 23
      vertex 103.6 20 23
    endloop
  endfacet
  facet normal 0 0 1
    outer loop
      vertex 103.386 20.8 23
      vertex 155.614 20.8 23
      vertex 103.386 53.2 23
    endloop
  endfacet
  facet normal 0 0 1
    outer loop
      vertex 155.614 20.8 23
      vertex 103.386 20.8 23
      vertex 103.545 20.4141 23
    endloop
  endfacet
  facet normal -0 0 1
    outer loop
      vertex 103.131 52.8686 23
      vertex 103.386 20.8 23
      vertex 103.386 53.2 23
    endloop
  endfacet
  facet normal 0 0 1
    outer loop
      vertex 103.131 52.8686 23
      vertex 103.131 21.1314 23
      vertex 103.386 20.8 23
    endloop
  endfacet
  facet normal -0 0 1
    outer loop
      vertex 102.8 52.6144 23
      vertex 103.131 21.1314 23
      vertex 103.131 52.8686 23
    endloop
  endfacet
  facet normal 0 0 1
    outer loop
      vertex 102.8 52.6144 23
      vertex 102.8 21.3856 23
      vertex 103.131 21.1314 23
    endloop
  endfacet
  facet normal -0 0 1
    outer loop
      vertex 102.414 52.4545 23
      vertex 102.8 21.3856 23
      vertex 102.8 52.6144 23
    endloop
  endfacet
  facet normal 0 0 1
    outer loop
      vertex 102.414 52.4545 23
      vertex 102.414 21.5455 23
      vertex 102.8 21.3856 23
    endloop
  endfacet
  facet normal -0 0 1
    outer loop
      vertex 102 52.4 23
      vertex 102.414 21.5455 23
      vertex 102.414 52.4545 23
    endloop
  endfacet
  facet normal 0 0 1
    outer loop
      vertex 102 52.4 23
      vertex 102 21.6 23
      vertex 102.414 21.5455 23
    endloop
  endfacet
  facet normal 0 0 1
    outer loop
      vertex 101.586 52.4545 23
      vertex 102 21.6 23
      vertex 102 52.4 23
    endloop
  endfacet
  facet normal 0 0 1
    outer loop
      vertex 101.586 52.4545 23
      vertex 101.586 21.5455 23
      vertex 102 21.6 23
    endloop
  endfacet
  facet normal 0 0 1
    outer loop
      vertex 101.2 52.6144 23
      vertex 101.586 21.5455 23
      vertex 101.586 52.4545 23
    endloop
  endfacet
  facet normal 0 0 1
    outer loop
      vertex 101.2 52.6144 23
      vertex 101.2 21.3856 23
      vertex 101.586 21.5455 23
    endloop
  endfacet
  facet normal 0 0 1
    outer loop
      vertex 100.869 52.8686 23
      vertex 101.2 21.3856 23
      vertex 101.2 52.6144 23
    endloop
  endfacet
  facet normal 0 0 1
    outer loop
      vertex 100.869 52.8686 23
      vertex 100.869 21.1314 23
      vertex 101.2 21.3856 23
    endloop
  endfacet
  facet normal 0 0 1
    outer loop
      vertex 100.614 53.2 23
      vertex 100.869 21.1314 23
      vertex 100.869 52.8686 23
    endloop
  endfacet
  facet normal 0 0 1
    outer loop
      vertex 100.614 53.2 23
      vertex 100.614 20.8 23
      vertex 100.869 21.1314 23
    endloop
  endfacet
  facet normal 0 0 1
    outer loop
      vertex 93 63 23
      vertex 100.614 53.2 23
      vertex 100.455 53.5859 23
    endloop
  endfacet
  facet normal 0 0 1
    outer loop
      vertex 100.614 53.2 23
      vertex 93 63 23
      vertex 100.614 20.8 23
    endloop
  endfacet
  facet normal 0 0 1
    outer loop
      vertex 93 63 23
      vertex 100.455 53.5859 23
      vertex 100.4 54 23
    endloop
  endfacet
  facet normal 0 0 1
    outer loop
      vertex 93 11 23
      vertex 100.614 20.8 23
      vertex 93 63 23
    endloop
  endfacet
  facet normal 0 0 1
    outer loop
      vertex 166 63 23
      vertex 158.386 53.2 23
      vertex 166 11 23
    endloop
  endfacet
  facet normal 0 0 1
    outer loop
      vertex 166 11 23
      vertex 158.545 20.4141 23
      vertex 158.6 20 23
    endloop
  endfacet
  facet normal -0 0 1
    outer loop
      vertex 158.386 20.8 23
      vertex 166 11 23
      vertex 158.386 53.2 23
    endloop
  endfacet
  facet normal 0 0 1
    outer loop
      vertex 166 11 23
      vertex 158.386 20.8 23
      vertex 158.545 20.4141 23
    endloop
  endfacet
  facet normal -0 0 1
    outer loop
      vertex 158.131 52.8686 23
      vertex 158.386 20.8 23
      vertex 158.386 53.2 23
    endloop
  endfacet
  facet normal 0 0 1
    outer loop
      vertex 158.131 52.8686 23
      vertex 158.131 21.1314 23
      vertex 158.386 20.8 23
    endloop
  endfacet
  facet normal -0 0 1
    outer loop
      vertex 157.8 52.6144 23
      vertex 158.131 21.1314 23
      vertex 158.131 52.8686 23
    endloop
  endfacet
  facet normal 0 0 1
    outer loop
      vertex 157.8 52.6144 23
      vertex 157.8 21.3856 23
      vertex 158.131 21.1314 23
    endloop
  endfacet
  facet normal -0 0 1
    outer loop
      vertex 157.414 52.4545 23
      vertex 157.8 21.3856 23
      vertex 157.8 52.6144 23
    endloop
  endfacet
  facet normal 0 0 1
    outer loop
      vertex 157.414 52.4545 23
      vertex 157.414 21.5455 23
      vertex 157.8 21.3856 23
    endloop
  endfacet
  facet normal -0 0 1
    outer loop
      vertex 157 52.4 23
      vertex 157.414 21.5455 23
      vertex 157.414 52.4545 23
    endloop
  endfacet
  facet normal 0 0 1
    outer loop
      vertex 157 52.4 23
      vertex 157 21.6 23
      vertex 157.414 21.5455 23
    endloop
  endfacet
  facet normal 0 0 1
    outer loop
      vertex 156.586 52.4545 23
      vertex 157 21.6 23
      vertex 157 52.4 23
    endloop
  endfacet
  facet normal 0 0 1
    outer loop
      vertex 156.586 52.4545 23
      vertex 156.586 21.5455 23
      vertex 157 21.6 23
    endloop
  endfacet
  facet normal 0 0 1
    outer loop
      vertex 156.2 52.6144 23
      vertex 156.586 21.5455 23
      vertex 156.586 52.4545 23
    endloop
  endfacet
  facet normal 0 0 1
    outer loop
      vertex 156.2 52.6144 23
      vertex 156.2 21.3856 23
      vertex 156.586 21.5455 23
    endloop
  endfacet
  facet normal 0 0 1
    outer loop
      vertex 155.869 52.8686 23
      vertex 156.2 21.3856 23
      vertex 156.2 52.6144 23
    endloop
  endfacet
  facet normal 0 0 1
    outer loop
      vertex 155.869 52.8686 23
      vertex 155.869 21.1314 23
      vertex 156.2 21.3856 23
    endloop
  endfacet
  facet normal 0 0 1
    outer loop
      vertex 155.614 53.2 23
      vertex 155.869 21.1314 23
      vertex 155.869 52.8686 23
    endloop
  endfacet
  facet normal 0 0 1
    outer loop
      vertex 155.614 53.2 23
      vertex 155.614 20.8 23
      vertex 155.869 21.1314 23
    endloop
  endfacet
  facet normal 0 0 1
    outer loop
      vertex 103.545 53.5859 23
      vertex 155.455 53.5859 23
      vertex 103.6 54 23
    endloop
  endfacet
  facet normal 0 0 1
    outer loop
      vertex 155.455 53.5859 23
      vertex 103.545 53.5859 23
      vertex 155.614 53.2 23
    endloop
  endfacet
  facet normal -0 0 1
    outer loop
      vertex 103.6 54 23
      vertex 155.455 53.5859 23
      vertex 155.4 54 23
    endloop
  endfacet
  facet normal 0 0 1
    outer loop
      vertex 103.386 53.2 23
      vertex 155.614 53.2 23
      vertex 103.545 53.5859 23
    endloop
  endfacet
  facet normal 0 0 1
    outer loop
      vertex 158.545 53.5859 23
      vertex 166 63 23
      vertex 158.6 54 23
    endloop
  endfacet
  facet normal 0 0 1
    outer loop
      vertex 166 63 23
      vertex 158.545 54.4141 23
      vertex 158.6 54 23
    endloop
  endfacet
  facet normal 0 0 1
    outer loop
      vertex 166 63 23
      vertex 158.386 54.8 23
      vertex 158.545 54.4141 23
    endloop
  endfacet
  facet normal 0 0 1
    outer loop
      vertex 166 63 23
      vertex 158.131 55.1314 23
      vertex 158.386 54.8 23
    endloop
  endfacet
  facet normal 0 0 1
    outer loop
      vertex 166 63 23
      vertex 157.8 55.3856 23
      vertex 158.131 55.1314 23
    endloop
  endfacet
  facet normal 0 0 1
    outer loop
      vertex 166 63 23
      vertex 157.414 55.5455 23
      vertex 157.8 55.3856 23
    endloop
  endfacet
  facet normal 0 0 1
    outer loop
      vertex 166 63 23
      vertex 157 55.6 23
      vertex 157.414 55.5455 23
    endloop
  endfacet
  facet normal 0 0 1
    outer loop
      vertex 166 63 23
      vertex 156.586 55.5455 23
      vertex 157 55.6 23
    endloop
  endfacet
  facet normal 0 0 1
    outer loop
      vertex 166 63 23
      vertex 156.2 55.3856 23
      vertex 156.586 55.5455 23
    endloop
  endfacet
  facet normal 0 0 1
    outer loop
      vertex 102.8 55.3856 23
      vertex 156.2 55.3856 23
      vertex 166 63 23
    endloop
  endfacet
  facet normal 0 0 1
    outer loop
      vertex 155.614 20.8 23
      vertex 103.6 20 23
      vertex 155.455 20.4141 23
    endloop
  endfacet
  facet normal 0 0 1
    outer loop
      vertex 155.455 54.4141 23
      vertex 103.6 54 23
      vertex 155.4 54 23
    endloop
  endfacet
  facet normal 0 0 1
    outer loop
      vertex 103.545 54.4141 23
      vertex 155.455 54.4141 23
      vertex 155.614 54.8 23
    endloop
  endfacet
  facet normal 0 0 1
    outer loop
      vertex 103.386 54.8 23
      vertex 155.614 54.8 23
      vertex 155.869 55.1314 23
    endloop
  endfacet
  facet normal 0 0 1
    outer loop
      vertex 156.2 55.3856 23
      vertex 102.8 55.3856 23
      vertex 155.869 55.1314 23
    endloop
  endfacet
  facet normal 0 0 1
    outer loop
      vertex 155.455 54.4141 23
      vertex 103.545 54.4141 23
      vertex 103.6 54 23
    endloop
  endfacet
  facet normal 0 0 1
    outer loop
      vertex 155.614 54.8 23
      vertex 103.386 54.8 23
      vertex 103.545 54.4141 23
    endloop
  endfacet
  facet normal 0 0 1
    outer loop
      vertex 155.869 55.1314 23
      vertex 103.131 55.1314 23
      vertex 103.386 54.8 23
    endloop
  endfacet
  facet normal 0 0 1
    outer loop
      vertex 155.869 55.1314 23
      vertex 102.8 55.3856 23
      vertex 103.131 55.1314 23
    endloop
  endfacet
  facet normal -0 0 1
    outer loop
      vertex 93 63 23
      vertex 102.8 55.3856 23
      vertex 166 63 23
    endloop
  endfacet
  facet normal 0 0 1
    outer loop
      vertex 102.8 55.3856 23
      vertex 93 63 23
      vertex 102.414 55.5455 23
    endloop
  endfacet
  facet normal 0 0 1
    outer loop
      vertex 100.614 20.8 23
      vertex 93 11 23
      vertex 100.455 20.4141 23
    endloop
  endfacet
  facet normal 0 0 1
    outer loop
      vertex 100.455 54.4141 23
      vertex 93 63 23
      vertex 100.4 54 23
    endloop
  endfacet
  facet normal 0 0 1
    outer loop
      vertex 100.614 54.8 23
      vertex 93 63 23
      vertex 100.455 54.4141 23
    endloop
  endfacet
  facet normal 0 0 1
    outer loop
      vertex 100.869 55.1314 23
      vertex 93 63 23
      vertex 100.614 54.8 23
    endloop
  endfacet
  facet normal 0 0 1
    outer loop
      vertex 101.2 55.3856 23
      vertex 93 63 23
      vertex 100.869 55.1314 23
    endloop
  endfacet
  facet normal 0 0 1
    outer loop
      vertex 101.586 55.5455 23
      vertex 93 63 23
      vertex 101.2 55.3856 23
    endloop
  endfacet
  facet normal 0 0 1
    outer loop
      vertex 102 55.6 23
      vertex 93 63 23
      vertex 101.586 55.5455 23
    endloop
  endfacet
  facet normal 0 0 1
    outer loop
      vertex 102.414 55.5455 23
      vertex 93 63 23
      vertex 102 55.6 23
    endloop
  endfacet
  facet normal 0 0 1
    outer loop
      vertex 158.386 53.2 23
      vertex 166 63 23
      vertex 158.545 53.5859 23
    endloop
  endfacet
  facet normal -0 0 1
    outer loop
      vertex 158.545 19.5859 23
      vertex 166 11 23
      vertex 158.6 20 23
    endloop
  endfacet
  facet normal -0 0 1
    outer loop
      vertex 158.386 19.2 23
      vertex 166 11 23
      vertex 158.545 19.5859 23
    endloop
  endfacet
  facet normal -0 0 1
    outer loop
      vertex 158.131 18.8686 23
      vertex 166 11 23
      vertex 158.386 19.2 23
    endloop
  endfacet
  facet normal -0 0 1
    outer loop
      vertex 157.8 18.6144 23
      vertex 166 11 23
      vertex 158.131 18.8686 23
    endloop
  endfacet
  facet normal -0 0 1
    outer loop
      vertex 157.414 18.4545 23
      vertex 166 11 23
      vertex 157.8 18.6144 23
    endloop
  endfacet
  facet normal -0 0 1
    outer loop
      vertex 157 18.4 23
      vertex 166 11 23
      vertex 157.414 18.4545 23
    endloop
  endfacet
  facet normal 0 0 1
    outer loop
      vertex 156.586 18.4545 23
      vertex 166 11 23
      vertex 157 18.4 23
    endloop
  endfacet
  facet normal 0 0 1
    outer loop
      vertex 156.2 18.6144 23
      vertex 166 11 23
      vertex 156.586 18.4545 23
    endloop
  endfacet
  facet normal 0 0 1
    outer loop
      vertex 102.8 18.6144 23
      vertex 156.2 18.6144 23
      vertex 155.869 18.8686 23
    endloop
  endfacet
  facet normal 0 0 1
    outer loop
      vertex 155.455 20.4141 23
      vertex 103.6 20 23
      vertex 155.4 20 23
    endloop
  endfacet
  facet normal 0 0 1
    outer loop
      vertex 155.4 20 23
      vertex 103.6 20 23
      vertex 155.455 19.5859 23
    endloop
  endfacet
  facet normal 0 0 1
    outer loop
      vertex 103.545 19.5859 23
      vertex 155.455 19.5859 23
      vertex 103.6 20 23
    endloop
  endfacet
  facet normal 0 0 1
    outer loop
      vertex 155.455 19.5859 23
      vertex 103.545 19.5859 23
      vertex 155.614 19.2 23
    endloop
  endfacet
  facet normal 0 0 1
    outer loop
      vertex 103.386 19.2 23
      vertex 155.614 19.2 23
      vertex 103.545 19.5859 23
    endloop
  endfacet
  facet normal 0 0 1
    outer loop
      vertex 155.614 19.2 23
      vertex 103.386 19.2 23
      vertex 155.869 18.8686 23
    endloop
  endfacet
  facet normal 0 0 1
    outer loop
      vertex 103.131 18.8686 23
      vertex 155.869 18.8686 23
      vertex 103.386 19.2 23
    endloop
  endfacet
  facet normal 0 0 1
    outer loop
      vertex 102.8 18.6144 23
      vertex 155.869 18.8686 23
      vertex 103.131 18.8686 23
    endloop
  endfacet
  facet normal 0 0 1
    outer loop
      vertex 156.2 18.6144 23
      vertex 102.8 18.6144 23
      vertex 166 11 23
    endloop
  endfacet
  facet normal 0 0 1
    outer loop
      vertex 93 11 23
      vertex 102.8 18.6144 23
      vertex 102.414 18.4545 23
    endloop
  endfacet
  facet normal 0 0 1
    outer loop
      vertex 93 11 23
      vertex 102.414 18.4545 23
      vertex 102 18.4 23
    endloop
  endfacet
  facet normal 0 0 1
    outer loop
      vertex 100.455 20.4141 23
      vertex 93 11 23
      vertex 100.4 20 23
    endloop
  endfacet
  facet normal 0 0 1
    outer loop
      vertex 102.8 18.6144 23
      vertex 93 11 23
      vertex 166 11 23
    endloop
  endfacet
  facet normal 0 0 1
    outer loop
      vertex 101.586 18.4545 23
      vertex 93 11 23
      vertex 102 18.4 23
    endloop
  endfacet
  facet normal 0 0 1
    outer loop
      vertex 101.2 18.6144 23
      vertex 93 11 23
      vertex 101.586 18.4545 23
    endloop
  endfacet
  facet normal 0 0 1
    outer loop
      vertex 100.869 18.8686 23
      vertex 93 11 23
      vertex 101.2 18.6144 23
    endloop
  endfacet
  facet normal 0 0 1
    outer loop
      vertex 100.614 19.2 23
      vertex 93 11 23
      vertex 100.869 18.8686 23
    endloop
  endfacet
  facet normal 0 0 1
    outer loop
      vertex 100.455 19.5859 23
      vertex 93 11 23
      vertex 100.614 19.2 23
    endloop
  endfacet
  facet normal 0 0 1
    outer loop
      vertex 100.4 20 23
      vertex 93 11 23
      vertex 100.455 19.5859 23
    endloop
  endfacet
  facet normal 1 -0 0
    outer loop
      vertex 166 11 23
      vertex 166 63 3
      vertex 166 63 23
    endloop
  endfacet
  facet normal 1 0 0
    outer loop
      vertex 166 63 3
      vertex 166 11 23
      vertex 166 11 3
    endloop
  endfacet
  facet normal 0 1 -0
    outer loop
      vertex 166 63 3
      vertex 93 63 23
      vertex 166 63 23
    endloop
  endfacet
  facet normal 0 1 0
    outer loop
      vertex 93 63 23
      vertex 166 63 3
      vertex 93 63 3
    endloop
  endfacet
  facet normal 0 -1 0
    outer loop
      vertex 93 11 3
      vertex 166 11 23
      vertex 93 11 23
    endloop
  endfacet
  facet normal 0 -1 -0
    outer loop
      vertex 166 11 23
      vertex 93 11 3
      vertex 166 11 3
    endloop
  endfacet
endsolid OpenSCAD_Model
