solid OpenSCAD_Model
  facet normal -0.995176 -0.0981075 -7.23405e-19
    outer loop
      vertex -83.95 -14 0
      vertex -83.9827 -13.6683 2.575
      vertex -83.9827 -13.6683 0
    endloop
  endfacet
  facet normal -0.995176 -0.0981075 -7.23405e-19
    outer loop
      vertex -83.9827 -13.6683 2.575
      vertex -83.95 -14 0
      vertex -83.95 -14 2.575
    endloop
  endfacet
  facet normal 0.995176 -0.0981075 7.23405e-19
    outer loop
      vertex -87.35 -14 2.575
      vertex -87.3173 -13.6683 0
      vertex -87.3173 -13.6683 2.575
    endloop
  endfacet
  facet normal 0.995176 -0.0981075 7.23405e-19
    outer loop
      vertex -87.3173 -13.6683 0
      vertex -87.35 -14 2.575
      vertex -87.35 -14 0
    endloop
  endfacet
  facet normal -0.0981075 -0.995176 0
    outer loop
      vertex -85.65 -12.3 0
      vertex -85.3183 -12.3327 2.575
      vertex -85.65 -12.3 2.575
    endloop
  endfacet
  facet normal -0.0981075 -0.995176 -0
    outer loop
      vertex -85.3183 -12.3327 2.575
      vertex -85.65 -12.3 0
      vertex -85.3183 -12.3327 0
    endloop
  endfacet
  facet normal -0.634381 -0.773021 0
    outer loop
      vertex -84.7055 -12.5865 0
      vertex -84.4479 -12.7979 2.575
      vertex -84.7055 -12.5865 2.575
    endloop
  endfacet
  facet normal -0.634381 -0.773021 -0
    outer loop
      vertex -84.4479 -12.7979 2.575
      vertex -84.7055 -12.5865 0
      vertex -84.4479 -12.7979 0
    endloop
  endfacet
  facet normal -0.471413 -0.881912 0
    outer loop
      vertex -84.9994 -12.4294 0
      vertex -84.7055 -12.5865 2.575
      vertex -84.9994 -12.4294 2.575
    endloop
  endfacet
  facet normal -0.471413 -0.881912 -0
    outer loop
      vertex -84.7055 -12.5865 2.575
      vertex -84.9994 -12.4294 0
      vertex -84.7055 -12.5865 0
    endloop
  endfacet
  facet normal 0.634381 -0.773021 0
    outer loop
      vertex -86.8521 -12.7979 0
      vertex -86.5945 -12.5865 2.575
      vertex -86.8521 -12.7979 2.575
    endloop
  endfacet
  facet normal 0.634381 -0.773021 0
    outer loop
      vertex -86.5945 -12.5865 2.575
      vertex -86.8521 -12.7979 0
      vertex -86.5945 -12.5865 0
    endloop
  endfacet
  facet normal 0.290182 -0.956971 0
    outer loop
      vertex -86.3006 -12.4294 0
      vertex -85.9817 -12.3327 2.575
      vertex -86.3006 -12.4294 2.575
    endloop
  endfacet
  facet normal 0.290182 -0.956971 0
    outer loop
      vertex -85.9817 -12.3327 2.575
      vertex -86.3006 -12.4294 0
      vertex -85.9817 -12.3327 0
    endloop
  endfacet
  facet normal -0 0 -1
    outer loop
      vertex -73.1557 -4.78828 0
      vertex -84.7055 -12.5865 0
      vertex -73.523 -3.62347 0
    endloop
  endfacet
  facet normal 0 0 -1
    outer loop
      vertex -74 0 0
      vertex -83.9827 13.6683 0
      vertex -83.95 14 0
    endloop
  endfacet
  facet normal 0 0 -1
    outer loop
      vertex -84.9994 -12.4294 0
      vertex -73.523 -3.62347 0
      vertex -84.7055 -12.5865 0
    endloop
  endfacet
  facet normal 0 0 -1
    outer loop
      vertex -74 0 0
      vertex -84.0794 13.3494 0
      vertex -83.9827 13.6683 0
    endloop
  endfacet
  facet normal -0 0 -1
    outer loop
      vertex -73.523 -3.62347 0
      vertex -84.9994 -12.4294 0
      vertex -73.7873 -2.43107 0
    endloop
  endfacet
  facet normal 0 0 -1
    outer loop
      vertex -74 0 0
      vertex -84.2365 13.0555 0
      vertex -84.0794 13.3494 0
    endloop
  endfacet
  facet normal 0 0 -1
    outer loop
      vertex -85.3183 -12.3327 0
      vertex -73.7873 -2.43107 0
      vertex -84.9994 -12.4294 0
    endloop
  endfacet
  facet normal 0 0 -1
    outer loop
      vertex -74 0 0
      vertex -84.4479 12.7979 0
      vertex -84.2365 13.0555 0
    endloop
  endfacet
  facet normal -0 0 -1
    outer loop
      vertex -73.7873 -2.43107 0
      vertex -85.3183 -12.3327 0
      vertex -73.9467 -1.22018 0
    endloop
  endfacet
  facet normal 0 0 -1
    outer loop
      vertex -74 0 0
      vertex -84.7055 12.5865 0
      vertex -84.4479 12.7979 0
    endloop
  endfacet
  facet normal 0 0 -1
    outer loop
      vertex -85.65 -12.3 0
      vertex -73.9467 -1.22018 0
      vertex -85.3183 -12.3327 0
    endloop
  endfacet
  facet normal 0 0 -1
    outer loop
      vertex -74 0 0
      vertex -84.9994 12.4294 0
      vertex -84.7055 12.5865 0
    endloop
  endfacet
  facet normal -0 0 -1
    outer loop
      vertex -73.9467 -1.22018 0
      vertex -85.65 -12.3 0
      vertex -74 0 0
    endloop
  endfacet
  facet normal 0 0 -1
    outer loop
      vertex -74 0 0
      vertex -85.3183 12.3327 0
      vertex -84.9994 12.4294 0
    endloop
  endfacet
  facet normal 0 0 -1
    outer loop
      vertex -85.65 12.3 0
      vertex -74 0 0
      vertex -85.65 -12.3 0
    endloop
  endfacet
  facet normal 0 0 -1
    outer loop
      vertex -74 0 0
      vertex -85.65 12.3 0
      vertex -85.3183 12.3327 0
    endloop
  endfacet
  facet normal 0 0 -1
    outer loop
      vertex -85.9817 -12.3327 0
      vertex -85.65 12.3 0
      vertex -85.65 -12.3 0
    endloop
  endfacet
  facet normal 0 0 -1
    outer loop
      vertex -85.9817 -12.3327 0
      vertex -85.9817 12.3327 0
      vertex -85.65 12.3 0
    endloop
  endfacet
  facet normal 0 0 -1
    outer loop
      vertex -86.3006 -12.4294 0
      vertex -85.9817 12.3327 0
      vertex -85.9817 -12.3327 0
    endloop
  endfacet
  facet normal 0 0 -1
    outer loop
      vertex -86.3006 -12.4294 0
      vertex -86.3006 12.4294 0
      vertex -85.9817 12.3327 0
    endloop
  endfacet
  facet normal 0 0 -1
    outer loop
      vertex -86.5945 -12.5865 0
      vertex -86.3006 12.4294 0
      vertex -86.3006 -12.4294 0
    endloop
  endfacet
  facet normal 0 0 -1
    outer loop
      vertex -86.5945 -12.5865 0
      vertex -86.5945 12.5865 0
      vertex -86.3006 12.4294 0
    endloop
  endfacet
  facet normal 0 0 -1
    outer loop
      vertex -86.8521 -12.7979 0
      vertex -86.5945 12.5865 0
      vertex -86.5945 -12.5865 0
    endloop
  endfacet
  facet normal 0 0 -1
    outer loop
      vertex -86.8521 -12.7979 0
      vertex -86.8521 12.7979 0
      vertex -86.5945 12.5865 0
    endloop
  endfacet
  facet normal 0 0 -1
    outer loop
      vertex -87.0635 -13.0555 0
      vertex -86.8521 12.7979 0
      vertex -86.8521 -12.7979 0
    endloop
  endfacet
  facet normal 0 0 -1
    outer loop
      vertex -87.0635 -13.0555 0
      vertex -87.0635 13.0555 0
      vertex -86.8521 12.7979 0
    endloop
  endfacet
  facet normal 0 0 -1
    outer loop
      vertex -93.65 -19 0
      vertex -87.0635 -13.0555 0
      vertex -87.2206 -13.3494 0
    endloop
  endfacet
  facet normal -0 0 -1
    outer loop
      vertex -87.0635 -13.0555 0
      vertex -93.65 -19 0
      vertex -87.0635 13.0555 0
    endloop
  endfacet
  facet normal 0 0 -1
    outer loop
      vertex -93.65 -19 0
      vertex -87.2206 -13.3494 0
      vertex -87.3173 -13.6683 0
    endloop
  endfacet
  facet normal 0 0 -1
    outer loop
      vertex -93.65 19 0
      vertex -87.0635 13.0555 0
      vertex -93.65 -19 0
    endloop
  endfacet
  facet normal 0 0 -1
    outer loop
      vertex -93.65 -19 0
      vertex -87.3173 -13.6683 0
      vertex -87.35 -14 0
    endloop
  endfacet
  facet normal 0 0 -1
    outer loop
      vertex -87.0635 13.0555 0
      vertex -93.65 19 0
      vertex -87.2206 13.3494 0
    endloop
  endfacet
  facet normal 0 0 -1
    outer loop
      vertex 87.0635 -13.0555 0
      vertex 93.65 -19 0
      vertex 87.2206 -13.3494 0
    endloop
  endfacet
  facet normal 0 0 -1
    outer loop
      vertex 93.65 19 0
      vertex 87.3173 13.6683 0
      vertex 87.35 14 0
    endloop
  endfacet
  facet normal 0 0 -1
    outer loop
      vertex 93.65 -19 0
      vertex 87.0635 -13.0555 0
      vertex 93.65 19 0
    endloop
  endfacet
  facet normal 0 0 -1
    outer loop
      vertex 93.65 19 0
      vertex 87.2206 13.3494 0
      vertex 87.3173 13.6683 0
    endloop
  endfacet
  facet normal 0 0 -1
    outer loop
      vertex 87.0635 13.0555 0
      vertex 93.65 19 0
      vertex 87.0635 -13.0555 0
    endloop
  endfacet
  facet normal 0 0 -1
    outer loop
      vertex 93.65 19 0
      vertex 87.0635 13.0555 0
      vertex 87.2206 13.3494 0
    endloop
  endfacet
  facet normal 0 0 -1
    outer loop
      vertex 82.75 0 0
      vertex 87.0635 -13.0555 0
      vertex 86.8521 -12.7979 0
    endloop
  endfacet
  facet normal 0 0 -1
    outer loop
      vertex 87.0635 -13.0555 0
      vertex 82.75 0 0
      vertex 87.0635 13.0555 0
    endloop
  endfacet
  facet normal 0 0 -1
    outer loop
      vertex 82.5753 -1.99695 0
      vertex 86.8521 -12.7979 0
      vertex 86.5945 -12.5865 0
    endloop
  endfacet
  facet normal 0 0 -1
    outer loop
      vertex 87.0635 13.0555 0
      vertex 82.75 0 0
      vertex 86.8521 12.7979 0
    endloop
  endfacet
  facet normal 0 0 -1
    outer loop
      vertex 82.3581 -2.97642 0
      vertex 86.5945 -12.5865 0
      vertex 86.3006 -12.4294 0
    endloop
  endfacet
  facet normal 0 0 -1
    outer loop
      vertex 82.7062 1.00229 0
      vertex 86.8521 12.7979 0
      vertex 82.75 0 0
    endloop
  endfacet
  facet normal 0 0 -1
    outer loop
      vertex 82.0565 -3.93323 0
      vertex 86.3006 -12.4294 0
      vertex 85.9817 -12.3327 0
    endloop
  endfacet
  facet normal 0 0 -1
    outer loop
      vertex 82.5753 1.99695 0
      vertex 86.8521 12.7979 0
      vertex 82.7062 1.00229 0
    endloop
  endfacet
  facet normal 0 0 -1
    outer loop
      vertex 81.6725 -4.86011 0
      vertex 85.9817 -12.3327 0
      vertex 85.65 -12.3 0
    endloop
  endfacet
  facet normal 0 0 -1
    outer loop
      vertex 86.8521 12.7979 0
      vertex 82.5753 1.99695 0
      vertex 86.5945 12.5865 0
    endloop
  endfacet
  facet normal 0 0 -1
    outer loop
      vertex 81.2093 -5.75 0
      vertex 85.65 -12.3 0
      vertex 85.3183 -12.3327 0
    endloop
  endfacet
  facet normal 0 0 -1
    outer loop
      vertex 82.3581 2.97642 0
      vertex 86.5945 12.5865 0
      vertex 82.5753 1.99695 0
    endloop
  endfacet
  facet normal 0 0 -1
    outer loop
      vertex 80.6702 -6.59613 0
      vertex 85.3183 -12.3327 0
      vertex 84.9994 -12.4294 0
    endloop
  endfacet
  facet normal 0 0 -1
    outer loop
      vertex 86.5945 12.5865 0
      vertex 82.3581 2.97642 0
      vertex 86.3006 12.4294 0
    endloop
  endfacet
  facet normal 0 0 -1
    outer loop
      vertex 80.0595 -7.39206 0
      vertex 84.9994 -12.4294 0
      vertex 84.7055 -12.5865 0
    endloop
  endfacet
  facet normal 0 0 -1
    outer loop
      vertex 82.0565 3.93323 0
      vertex 86.3006 12.4294 0
      vertex 82.3581 2.97642 0
    endloop
  endfacet
  facet normal 0 0 -1
    outer loop
      vertex 80.0595 -7.39206 0
      vertex 84.7055 -12.5865 0
      vertex 84.4479 -12.7979 0
    endloop
  endfacet
  facet normal 0 0 -1
    outer loop
      vertex 86.3006 12.4294 0
      vertex 82.0565 3.93323 0
      vertex 85.9817 12.3327 0
    endloop
  endfacet
  facet normal 0 0 -1
    outer loop
      vertex 79.3817 -8.13173 0
      vertex 84.4479 -12.7979 0
      vertex 84.2365 -13.0555 0
    endloop
  endfacet
  facet normal 0 0 -1
    outer loop
      vertex 81.6725 4.86011 0
      vertex 85.9817 12.3327 0
      vertex 82.0565 3.93323 0
    endloop
  endfacet
  facet normal 0 0 -1
    outer loop
      vertex 78.6421 -8.80951 0
      vertex 84.2365 -13.0555 0
      vertex 84.0794 -13.3494 0
    endloop
  endfacet
  facet normal 0 0 -1
    outer loop
      vertex 85.9817 12.3327 0
      vertex 81.6725 4.86011 0
      vertex 85.65 12.3 0
    endloop
  endfacet
  facet normal 0 0 -1
    outer loop
      vertex 77.8461 -9.42025 0
      vertex 84.0794 -13.3494 0
      vertex 83.9827 -13.6683 0
    endloop
  endfacet
  facet normal 0 0 -1
    outer loop
      vertex 81.2093 5.75 0
      vertex 85.65 12.3 0
      vertex 81.6725 4.86011 0
    endloop
  endfacet
  facet normal 0 0 -1
    outer loop
      vertex 77 -9.95929 0
      vertex 83.9827 -13.6683 0
      vertex 83.95 -14 0
    endloop
  endfacet
  facet normal -0 0 -1
    outer loop
      vertex 85.65 12.3 0
      vertex 81.2093 5.75 0
      vertex 85.3183 12.3327 0
    endloop
  endfacet
  facet normal 0 0 -1
    outer loop
      vertex 90.65 -22 0
      vertex 93.65 -19 0
      vertex 93.6243 -19.3916 0
    endloop
  endfacet
  facet normal 0 0 -1
    outer loop
      vertex 87.3173 -13.6683 0
      vertex 93.65 -19 0
      vertex 87.35 -14 0
    endloop
  endfacet
  facet normal 0 0 -1
    outer loop
      vertex 90.65 -22 0
      vertex 93.6243 -19.3916 0
      vertex 93.5478 -19.7764 0
    endloop
  endfacet
  facet normal 0 0 -1
    outer loop
      vertex 87.2206 -13.3494 0
      vertex 93.65 -19 0
      vertex 87.3173 -13.6683 0
    endloop
  endfacet
  facet normal 0 0 -1
    outer loop
      vertex 90.65 -22 0
      vertex 93.5478 -19.7764 0
      vertex 93.4216 -20.148 0
    endloop
  endfacet
  facet normal 0 0 -1
    outer loop
      vertex 87.3173 14.3317 0
      vertex 93.65 19 0
      vertex 87.35 14 0
    endloop
  endfacet
  facet normal 0 0 -1
    outer loop
      vertex 90.65 -22 0
      vertex 93.4216 -20.148 0
      vertex 93.2481 -20.5 0
    endloop
  endfacet
  facet normal 0 0 -1
    outer loop
      vertex 87.2206 14.6506 0
      vertex 93.65 19 0
      vertex 87.3173 14.3317 0
    endloop
  endfacet
  facet normal 0 0 -1
    outer loop
      vertex 90.65 -22 0
      vertex 93.2481 -20.5 0
      vertex 93.0301 -20.8263 0
    endloop
  endfacet
  facet normal 0 0 -1
    outer loop
      vertex 87.0635 14.9445 0
      vertex 93.65 19 0
      vertex 87.2206 14.6506 0
    endloop
  endfacet
  facet normal 0 0 -1
    outer loop
      vertex 90.65 -22 0
      vertex 93.0301 -20.8263 0
      vertex 92.7713 -21.1213 0
    endloop
  endfacet
  facet normal 0 0 -1
    outer loop
      vertex 86.8521 15.2021 0
      vertex 93.65 19 0
      vertex 87.0635 14.9445 0
    endloop
  endfacet
  facet normal 0 0 -1
    outer loop
      vertex 90.65 -22 0
      vertex 92.7713 -21.1213 0
      vertex 92.4763 -21.3801 0
    endloop
  endfacet
  facet normal 0 -0 -1
    outer loop
      vertex 90.65 22 0
      vertex 93.65 19 0
      vertex 86.8521 15.2021 0
    endloop
  endfacet
  facet normal 0 0 -1
    outer loop
      vertex 90.65 -22 0
      vertex 92.4763 -21.3801 0
      vertex 92.15 -21.5981 0
    endloop
  endfacet
  facet normal 0 0 -1
    outer loop
      vertex 93.65 19 0
      vertex 90.65 22 0
      vertex 93.6243 19.3916 0
    endloop
  endfacet
  facet normal 0 0 -1
    outer loop
      vertex 90.65 -22 0
      vertex 92.15 -21.5981 0
      vertex 91.798 -21.7716 0
    endloop
  endfacet
  facet normal 0 0 -1
    outer loop
      vertex 93.6243 19.3916 0
      vertex 90.65 22 0
      vertex 93.5478 19.7764 0
    endloop
  endfacet
  facet normal 0 0 -1
    outer loop
      vertex 90.65 -22 0
      vertex 91.798 -21.7716 0
      vertex 91.4265 -21.8978 0
    endloop
  endfacet
  facet normal 0 0 -1
    outer loop
      vertex 93.5478 19.7764 0
      vertex 90.65 22 0
      vertex 93.4216 20.148 0
    endloop
  endfacet
  facet normal 0 0 -1
    outer loop
      vertex 90.65 -22 0
      vertex 91.4265 -21.8978 0
      vertex 91.0416 -21.9743 0
    endloop
  endfacet
  facet normal 0 0 -1
    outer loop
      vertex 93.4216 20.148 0
      vertex 90.65 22 0
      vertex 93.2481 20.5 0
    endloop
  endfacet
  facet normal -0 0 -1
    outer loop
      vertex 93.65 -19 0
      vertex 90.65 -22 0
      vertex 86.8521 -15.2021 0
    endloop
  endfacet
  facet normal 0 0 -1
    outer loop
      vertex 93.2481 20.5 0
      vertex 90.65 22 0
      vertex 93.0301 20.8263 0
    endloop
  endfacet
  facet normal 0 0 -1
    outer loop
      vertex 92.7713 21.1213 0
      vertex 90.65 22 0
      vertex 92.4763 21.3801 0
    endloop
  endfacet
  facet normal 0 0 -1
    outer loop
      vertex 93.65 -19 0
      vertex 87.3173 -14.3317 0
      vertex 87.35 -14 0
    endloop
  endfacet
  facet normal 0 0 -1
    outer loop
      vertex 93.65 -19 0
      vertex 87.2206 -14.6506 0
      vertex 87.3173 -14.3317 0
    endloop
  endfacet
  facet normal 0 0 -1
    outer loop
      vertex 93.65 -19 0
      vertex 87.0635 -14.9445 0
      vertex 87.2206 -14.6506 0
    endloop
  endfacet
  facet normal 0 0 -1
    outer loop
      vertex 93.65 -19 0
      vertex 86.8521 -15.2021 0
      vertex 87.0635 -14.9445 0
    endloop
  endfacet
  facet normal 0 0 -1
    outer loop
      vertex 90.65 -22 0
      vertex 86.5945 -15.4135 0
      vertex 86.8521 -15.2021 0
    endloop
  endfacet
  facet normal 0 0 -1
    outer loop
      vertex 90.65 -22 0
      vertex 86.3006 -15.5706 0
      vertex 86.5945 -15.4135 0
    endloop
  endfacet
  facet normal 0 0 -1
    outer loop
      vertex 90.65 -22 0
      vertex 85.9817 -15.6673 0
      vertex 86.3006 -15.5706 0
    endloop
  endfacet
  facet normal 0 0 -1
    outer loop
      vertex 90.65 -22 0
      vertex 85.65 -15.7 0
      vertex 85.9817 -15.6673 0
    endloop
  endfacet
  facet normal 0 0 -1
    outer loop
      vertex 90.65 -22 0
      vertex 85.3183 -15.6673 0
      vertex 85.65 -15.7 0
    endloop
  endfacet
  facet normal 0 0 -1
    outer loop
      vertex 90.65 -22 0
      vertex 84.9994 -15.5706 0
      vertex 85.3183 -15.6673 0
    endloop
  endfacet
  facet normal 0 0 -1
    outer loop
      vertex 90.65 -22 0
      vertex 84.7055 -15.4135 0
      vertex 84.9994 -15.5706 0
    endloop
  endfacet
  facet normal 0 0 -1
    outer loop
      vertex 71.25 -11.5 0
      vertex 84.7055 -15.4135 0
      vertex 90.65 -22 0
    endloop
  endfacet
  facet normal 0 0 -1
    outer loop
      vertex 80.6702 6.59613 0
      vertex 85.3183 12.3327 0
      vertex 81.2093 5.75 0
    endloop
  endfacet
  facet normal 0 0 -1
    outer loop
      vertex 86.8521 -12.7979 0
      vertex 82.7062 -1.00229 0
      vertex 82.75 0 0
    endloop
  endfacet
  facet normal 0 0 -1
    outer loop
      vertex 86.8521 -12.7979 0
      vertex 82.5753 -1.99695 0
      vertex 82.7062 -1.00229 0
    endloop
  endfacet
  facet normal 0 0 -1
    outer loop
      vertex 77 -9.95929 0
      vertex 83.95 -14 0
      vertex 83.9827 -14.3317 0
    endloop
  endfacet
  facet normal 0 0 -1
    outer loop
      vertex 86.5945 -12.5865 0
      vertex 82.3581 -2.97642 0
      vertex 82.5753 -1.99695 0
    endloop
  endfacet
  facet normal 0 0 -1
    outer loop
      vertex 86.3006 -12.4294 0
      vertex 82.0565 -3.93323 0
      vertex 82.3581 -2.97642 0
    endloop
  endfacet
  facet normal 0 0 -1
    outer loop
      vertex 85.9817 -12.3327 0
      vertex 81.6725 -4.86011 0
      vertex 82.0565 -3.93323 0
    endloop
  endfacet
  facet normal 0 0 -1
    outer loop
      vertex 85.65 -12.3 0
      vertex 81.2093 -5.75 0
      vertex 81.6725 -4.86011 0
    endloop
  endfacet
  facet normal 0 0 -1
    outer loop
      vertex 76.1101 -10.4225 0
      vertex 83.9827 -14.3317 0
      vertex 84.0794 -14.6506 0
    endloop
  endfacet
  facet normal 0 0 -1
    outer loop
      vertex 85.3183 -12.3327 0
      vertex 80.6702 -6.59613 0
      vertex 81.2093 -5.75 0
    endloop
  endfacet
  facet normal 0 0 -1
    outer loop
      vertex 84.9994 -12.4294 0
      vertex 80.0595 -7.39206 0
      vertex 80.6702 -6.59613 0
    endloop
  endfacet
  facet normal 0 0 -1
    outer loop
      vertex 75.1832 -10.8065 0
      vertex 84.0794 -14.6506 0
      vertex 84.2365 -14.9445 0
    endloop
  endfacet
  facet normal 0 0 -1
    outer loop
      vertex 84.4479 -12.7979 0
      vertex 79.3817 -8.13173 0
      vertex 80.0595 -7.39206 0
    endloop
  endfacet
  facet normal 0 0 -1
    outer loop
      vertex 84.2365 -13.0555 0
      vertex 78.6421 -8.80951 0
      vertex 79.3817 -8.13173 0
    endloop
  endfacet
  facet normal 0 0 -1
    outer loop
      vertex 73.247 -11.3253 0
      vertex 84.2365 -14.9445 0
      vertex 84.4479 -15.2021 0
    endloop
  endfacet
  facet normal 0 0 -1
    outer loop
      vertex 84.0794 -13.3494 0
      vertex 77.8461 -9.42025 0
      vertex 78.6421 -8.80951 0
    endloop
  endfacet
  facet normal 0 0 -1
    outer loop
      vertex 84.7055 -15.4135 0
      vertex 72.2523 -11.4562 0
      vertex 84.4479 -15.2021 0
    endloop
  endfacet
  facet normal 0 0 -1
    outer loop
      vertex 83.9827 -13.6683 0
      vertex 77 -9.95929 0
      vertex 77.8461 -9.42025 0
    endloop
  endfacet
  facet normal 0 0 -1
    outer loop
      vertex 83.9827 -14.3317 0
      vertex 76.1101 -10.4225 0
      vertex 77 -9.95929 0
    endloop
  endfacet
  facet normal 0 0 -1
    outer loop
      vertex 84.0794 -14.6506 0
      vertex 75.1832 -10.8065 0
      vertex 76.1101 -10.4225 0
    endloop
  endfacet
  facet normal 0 0 -1
    outer loop
      vertex 84.2365 -14.9445 0
      vertex 74.2264 -11.1081 0
      vertex 75.1832 -10.8065 0
    endloop
  endfacet
  facet normal 0 0 -1
    outer loop
      vertex 84.2365 -14.9445 0
      vertex 73.247 -11.3253 0
      vertex 74.2264 -11.1081 0
    endloop
  endfacet
  facet normal 0 0 -1
    outer loop
      vertex 84.4479 -15.2021 0
      vertex 72.2523 -11.4562 0
      vertex 73.247 -11.3253 0
    endloop
  endfacet
  facet normal 0 0 -1
    outer loop
      vertex 84.7055 -15.4135 0
      vertex 71.25 -11.5 0
      vertex 72.2523 -11.4562 0
    endloop
  endfacet
  facet normal 0 0 -1
    outer loop
      vertex 90.65 -22 0
      vertex 70.2477 -11.4562 0
      vertex 71.25 -11.5 0
    endloop
  endfacet
  facet normal 0 0 -1
    outer loop
      vertex 90.65 -22 0
      vertex 69.253 -11.3253 0
      vertex 70.2477 -11.4562 0
    endloop
  endfacet
  facet normal 0 0 -1
    outer loop
      vertex 90.65 -22 0
      vertex 68.2736 -11.1081 0
      vertex 69.253 -11.3253 0
    endloop
  endfacet
  facet normal 0 0 -1
    outer loop
      vertex 90.65 -22 0
      vertex 67.3168 -10.8065 0
      vertex 68.2736 -11.1081 0
    endloop
  endfacet
  facet normal 0 0 -1
    outer loop
      vertex -54.0833 -12.6883 0
      vertex 67.3168 -10.8065 0
      vertex 90.65 -22 0
    endloop
  endfacet
  facet normal 0 0 -1
    outer loop
      vertex 59.7938 -1.00229 0
      vertex -46 0 0
      vertex 59.75 0 0
    endloop
  endfacet
  facet normal 0 0 -1
    outer loop
      vertex -46.0533 -1.22018 0
      vertex 59.7938 -1.00229 0
      vertex 59.9247 -1.99695 0
    endloop
  endfacet
  facet normal 0 0 -1
    outer loop
      vertex -46.2127 -2.43107 0
      vertex 59.9247 -1.99695 0
      vertex 60.1419 -2.97642 0
    endloop
  endfacet
  facet normal 0 0 -1
    outer loop
      vertex -46.477 -3.62347 0
      vertex 60.1419 -2.97642 0
      vertex 60.4435 -3.93323 0
    endloop
  endfacet
  facet normal 0 0 -1
    outer loop
      vertex -46.8443 -4.78828 0
      vertex 60.4435 -3.93323 0
      vertex 60.8275 -4.86011 0
    endloop
  endfacet
  facet normal 0 0 -1
    outer loop
      vertex -47.3117 -5.91666 0
      vertex 60.8275 -4.86011 0
      vertex 61.2907 -5.75 0
    endloop
  endfacet
  facet normal 0 0 -1
    outer loop
      vertex -47.8756 -7 0
      vertex 61.2907 -5.75 0
      vertex 61.8298 -6.59613 0
    endloop
  endfacet
  facet normal 0 0 -1
    outer loop
      vertex -48.5319 -8.03007 0
      vertex 61.8298 -6.59613 0
      vertex 62.4405 -7.39206 0
    endloop
  endfacet
  facet normal 0 0 -1
    outer loop
      vertex -49.2754 -8.99903 0
      vertex 62.4405 -7.39206 0
      vertex 63.1183 -8.13173 0
    endloop
  endfacet
  facet normal 0 0 -1
    outer loop
      vertex -50.1005 -9.89949 0
      vertex 63.1183 -8.13173 0
      vertex 63.8579 -8.80951 0
    endloop
  endfacet
  facet normal 0 0 -1
    outer loop
      vertex -51.001 -10.7246 0
      vertex 63.8579 -8.80951 0
      vertex 64.6539 -9.42025 0
    endloop
  endfacet
  facet normal 0 0 -1
    outer loop
      vertex -51.9699 -11.4681 0
      vertex 64.6539 -9.42025 0
      vertex 65.5 -9.95929 0
    endloop
  endfacet
  facet normal 0 0 -1
    outer loop
      vertex -53 -12.1244 0
      vertex 65.5 -9.95929 0
      vertex 66.3899 -10.4225 0
    endloop
  endfacet
  facet normal -0 0 -1
    outer loop
      vertex 67.3168 -10.8065 0
      vertex -54.0833 -12.6883 0
      vertex 66.3899 -10.4225 0
    endloop
  endfacet
  facet normal -0 0 -1
    outer loop
      vertex 59.7938 -1.00229 0
      vertex -46.0533 -1.22018 0
      vertex -46 0 0
    endloop
  endfacet
  facet normal -0 0 -1
    outer loop
      vertex 59.9247 -1.99695 0
      vertex -46.2127 -2.43107 0
      vertex -46.0533 -1.22018 0
    endloop
  endfacet
  facet normal -0 0 -1
    outer loop
      vertex 60.1419 -2.97642 0
      vertex -46.477 -3.62347 0
      vertex -46.2127 -2.43107 0
    endloop
  endfacet
  facet normal -0 0 -1
    outer loop
      vertex 60.4435 -3.93323 0
      vertex -46.8443 -4.78828 0
      vertex -46.477 -3.62347 0
    endloop
  endfacet
  facet normal -0 0 -1
    outer loop
      vertex 60.8275 -4.86011 0
      vertex -47.3117 -5.91666 0
      vertex -46.8443 -4.78828 0
    endloop
  endfacet
  facet normal 0 0 -1
    outer loop
      vertex 61.2907 -5.75 0
      vertex -47.8756 -7 0
      vertex -47.3117 -5.91666 0
    endloop
  endfacet
  facet normal 0 0 -1
    outer loop
      vertex 61.8298 -6.59613 0
      vertex -48.5319 -8.03007 0
      vertex -47.8756 -7 0
    endloop
  endfacet
  facet normal 0 0 -1
    outer loop
      vertex 62.4405 -7.39206 0
      vertex -49.2754 -8.99903 0
      vertex -48.5319 -8.03007 0
    endloop
  endfacet
  facet normal 0 0 -1
    outer loop
      vertex 63.1183 -8.13173 0
      vertex -50.1005 -9.89949 0
      vertex -49.2754 -8.99903 0
    endloop
  endfacet
  facet normal 0 0 -1
    outer loop
      vertex 63.8579 -8.80951 0
      vertex -51.001 -10.7246 0
      vertex -50.1005 -9.89949 0
    endloop
  endfacet
  facet normal 0 0 -1
    outer loop
      vertex 64.6539 -9.42025 0
      vertex -51.9699 -11.4681 0
      vertex -51.001 -10.7246 0
    endloop
  endfacet
  facet normal 0 0 -1
    outer loop
      vertex 65.5 -9.95929 0
      vertex -53 -12.1244 0
      vertex -51.9699 -11.4681 0
    endloop
  endfacet
  facet normal 0 0 -1
    outer loop
      vertex 66.3899 -10.4225 0
      vertex -54.0833 -12.6883 0
      vertex -53 -12.1244 0
    endloop
  endfacet
  facet normal 0 0 -1
    outer loop
      vertex 90.65 -22 0
      vertex -55.2117 -13.1557 0
      vertex -54.0833 -12.6883 0
    endloop
  endfacet
  facet normal 0 0 -1
    outer loop
      vertex 90.65 -22 0
      vertex -56.3765 -13.523 0
      vertex -55.2117 -13.1557 0
    endloop
  endfacet
  facet normal 0 0 -1
    outer loop
      vertex 90.65 -22 0
      vertex -57.5689 -13.7873 0
      vertex -56.3765 -13.523 0
    endloop
  endfacet
  facet normal 0 0 -1
    outer loop
      vertex -90.65 -22 0
      vertex -57.5689 -13.7873 0
      vertex 90.65 -22 0
    endloop
  endfacet
  facet normal 0 0 -1
    outer loop
      vertex -57.5689 -13.7873 0
      vertex -90.65 -22 0
      vertex -58.7798 -13.9467 0
    endloop
  endfacet
  facet normal 0 0 -1
    outer loop
      vertex -58.7798 -13.9467 0
      vertex -90.65 -22 0
      vertex -60 -14 0
    endloop
  endfacet
  facet normal -0 0 -1
    outer loop
      vertex -72.6883 -5.91666 0
      vertex -84.4479 -12.7979 0
      vertex -73.1557 -4.78828 0
    endloop
  endfacet
  facet normal 0 0 -1
    outer loop
      vertex -84.4479 -12.7979 0
      vertex -72.6883 -5.91666 0
      vertex -84.2365 -13.0555 0
    endloop
  endfacet
  facet normal -0 0 -1
    outer loop
      vertex -72.1244 -7 0
      vertex -84.2365 -13.0555 0
      vertex -72.6883 -5.91666 0
    endloop
  endfacet
  facet normal 0 0 -1
    outer loop
      vertex -84.2365 -13.0555 0
      vertex -72.1244 -7 0
      vertex -84.0794 -13.3494 0
    endloop
  endfacet
  facet normal -0 0 -1
    outer loop
      vertex -71.4681 -8.03007 0
      vertex -84.0794 -13.3494 0
      vertex -72.1244 -7 0
    endloop
  endfacet
  facet normal 0 0 -1
    outer loop
      vertex -84.0794 -13.3494 0
      vertex -71.4681 -8.03007 0
      vertex -83.9827 -13.6683 0
    endloop
  endfacet
  facet normal -0 0 -1
    outer loop
      vertex -70.7246 -8.99903 0
      vertex -83.9827 -13.6683 0
      vertex -71.4681 -8.03007 0
    endloop
  endfacet
  facet normal 0 0 -1
    outer loop
      vertex -83.9827 -13.6683 0
      vertex -70.7246 -8.99903 0
      vertex -83.95 -14 0
    endloop
  endfacet
  facet normal -0 0 -1
    outer loop
      vertex -69.8995 -9.89949 0
      vertex -83.95 -14 0
      vertex -70.7246 -8.99903 0
    endloop
  endfacet
  facet normal 0 0 -1
    outer loop
      vertex -83.9827 -14.3317 0
      vertex -69.8995 -9.89949 0
      vertex -68.999 -10.7246 0
    endloop
  endfacet
  facet normal 0 0 -1
    outer loop
      vertex -84.0794 -14.6506 0
      vertex -68.999 -10.7246 0
      vertex -68.0301 -11.4681 0
    endloop
  endfacet
  facet normal 0 0 -1
    outer loop
      vertex -84.2365 -14.9445 0
      vertex -68.0301 -11.4681 0
      vertex -67 -12.1244 0
    endloop
  endfacet
  facet normal 0 0 -1
    outer loop
      vertex -84.4479 -15.2021 0
      vertex -67 -12.1244 0
      vertex -65.9167 -12.6883 0
    endloop
  endfacet
  facet normal 0 0 -1
    outer loop
      vertex -84.7055 -15.4135 0
      vertex -65.9167 -12.6883 0
      vertex -64.7883 -13.1557 0
    endloop
  endfacet
  facet normal 0 0 -1
    outer loop
      vertex -90.65 -22 0
      vertex -64.7883 -13.1557 0
      vertex -63.6235 -13.523 0
    endloop
  endfacet
  facet normal 0 0 -1
    outer loop
      vertex -90.65 -22 0
      vertex -63.6235 -13.523 0
      vertex -62.4311 -13.7873 0
    endloop
  endfacet
  facet normal 0 0 -1
    outer loop
      vertex -90.65 -22 0
      vertex -62.4311 -13.7873 0
      vertex -61.2202 -13.9467 0
    endloop
  endfacet
  facet normal -0 0 -1
    outer loop
      vertex -60 -14 0
      vertex -90.65 -22 0
      vertex -61.2202 -13.9467 0
    endloop
  endfacet
  facet normal 0 0 -1
    outer loop
      vertex -69.8995 -9.89949 0
      vertex -83.9827 -14.3317 0
      vertex -83.95 -14 0
    endloop
  endfacet
  facet normal 0 0 -1
    outer loop
      vertex -68.999 -10.7246 0
      vertex -84.0794 -14.6506 0
      vertex -83.9827 -14.3317 0
    endloop
  endfacet
  facet normal 0 0 -1
    outer loop
      vertex -68.0301 -11.4681 0
      vertex -84.2365 -14.9445 0
      vertex -84.0794 -14.6506 0
    endloop
  endfacet
  facet normal 0 0 -1
    outer loop
      vertex -67 -12.1244 0
      vertex -84.4479 -15.2021 0
      vertex -84.2365 -14.9445 0
    endloop
  endfacet
  facet normal 0 0 -1
    outer loop
      vertex -64.7883 -13.1557 0
      vertex -90.65 -22 0
      vertex -84.7055 -15.4135 0
    endloop
  endfacet
  facet normal 0 0 -1
    outer loop
      vertex -65.9167 -12.6883 0
      vertex -84.7055 -15.4135 0
      vertex -84.4479 -15.2021 0
    endloop
  endfacet
  facet normal 0 0 -1
    outer loop
      vertex -84.7055 -15.4135 0
      vertex -90.65 -22 0
      vertex -84.9994 -15.5706 0
    endloop
  endfacet
  facet normal 0 0 -1
    outer loop
      vertex -84.9994 -15.5706 0
      vertex -90.65 -22 0
      vertex -85.3183 -15.6673 0
    endloop
  endfacet
  facet normal -0 0 -1
    outer loop
      vertex -87.3173 -14.3317 0
      vertex -93.65 -19 0
      vertex -87.35 -14 0
    endloop
  endfacet
  facet normal -0 0 -1
    outer loop
      vertex -87.2206 -14.6506 0
      vertex -93.65 -19 0
      vertex -87.3173 -14.3317 0
    endloop
  endfacet
  facet normal -0 0 -1
    outer loop
      vertex -87.0635 -14.9445 0
      vertex -93.65 -19 0
      vertex -87.2206 -14.6506 0
    endloop
  endfacet
  facet normal -0 0 -1
    outer loop
      vertex -86.8521 -15.2021 0
      vertex -93.65 -19 0
      vertex -87.0635 -14.9445 0
    endloop
  endfacet
  facet normal 0 0 -1
    outer loop
      vertex -93.65 -19 0
      vertex -86.8521 -15.2021 0
      vertex -90.65 -22 0
    endloop
  endfacet
  facet normal -0 0 -1
    outer loop
      vertex -86.5945 -15.4135 0
      vertex -90.65 -22 0
      vertex -86.8521 -15.2021 0
    endloop
  endfacet
  facet normal -0 0 -1
    outer loop
      vertex -86.3006 -15.5706 0
      vertex -90.65 -22 0
      vertex -86.5945 -15.4135 0
    endloop
  endfacet
  facet normal -0 0 -1
    outer loop
      vertex -85.9817 -15.6673 0
      vertex -90.65 -22 0
      vertex -86.3006 -15.5706 0
    endloop
  endfacet
  facet normal -0 0 -1
    outer loop
      vertex -85.65 -15.7 0
      vertex -90.65 -22 0
      vertex -85.9817 -15.6673 0
    endloop
  endfacet
  facet normal 0 0 -1
    outer loop
      vertex -85.3183 -15.6673 0
      vertex -90.65 -22 0
      vertex -85.65 -15.7 0
    endloop
  endfacet
  facet normal 0 0 -1
    outer loop
      vertex 92.4763 21.3801 0
      vertex 90.65 22 0
      vertex 92.15 21.5981 0
    endloop
  endfacet
  facet normal 0 0 -1
    outer loop
      vertex 92.15 21.5981 0
      vertex 90.65 22 0
      vertex 91.798 21.7716 0
    endloop
  endfacet
  facet normal 0 0 -1
    outer loop
      vertex 91.798 21.7716 0
      vertex 90.65 22 0
      vertex 91.4265 21.8978 0
    endloop
  endfacet
  facet normal 0 0 -1
    outer loop
      vertex 91.4265 21.8978 0
      vertex 90.65 22 0
      vertex 91.0416 21.9743 0
    endloop
  endfacet
  facet normal 0 0 -1
    outer loop
      vertex 93.0301 20.8263 0
      vertex 90.65 22 0
      vertex 92.7713 21.1213 0
    endloop
  endfacet
  facet normal 0 0 -1
    outer loop
      vertex 86.5945 15.4135 0
      vertex 90.65 22 0
      vertex 86.8521 15.2021 0
    endloop
  endfacet
  facet normal 0 0 -1
    outer loop
      vertex 86.3006 15.5706 0
      vertex 90.65 22 0
      vertex 86.5945 15.4135 0
    endloop
  endfacet
  facet normal 0 0 -1
    outer loop
      vertex 85.9817 15.6673 0
      vertex 90.65 22 0
      vertex 86.3006 15.5706 0
    endloop
  endfacet
  facet normal 0 0 -1
    outer loop
      vertex 85.65 15.7 0
      vertex 90.65 22 0
      vertex 85.9817 15.6673 0
    endloop
  endfacet
  facet normal 0 0 -1
    outer loop
      vertex 85.3183 15.6673 0
      vertex 90.65 22 0
      vertex 85.65 15.7 0
    endloop
  endfacet
  facet normal 0 0 -1
    outer loop
      vertex 84.9994 15.5706 0
      vertex 90.65 22 0
      vertex 85.3183 15.6673 0
    endloop
  endfacet
  facet normal 0 0 -1
    outer loop
      vertex 84.7055 15.4135 0
      vertex 90.65 22 0
      vertex 84.9994 15.5706 0
    endloop
  endfacet
  facet normal 0 0 -1
    outer loop
      vertex 72.2523 11.4562 0
      vertex 84.7055 15.4135 0
      vertex 84.4479 15.2021 0
    endloop
  endfacet
  facet normal -0 0 -1
    outer loop
      vertex 85.3183 12.3327 0
      vertex 80.6702 6.59613 0
      vertex 84.9994 12.4294 0
    endloop
  endfacet
  facet normal 0 0 -1
    outer loop
      vertex 80.0595 7.39206 0
      vertex 84.9994 12.4294 0
      vertex 80.6702 6.59613 0
    endloop
  endfacet
  facet normal -0 0 -1
    outer loop
      vertex 84.9994 12.4294 0
      vertex 80.0595 7.39206 0
      vertex 84.7055 12.5865 0
    endloop
  endfacet
  facet normal -0 0 -1
    outer loop
      vertex 84.7055 12.5865 0
      vertex 80.0595 7.39206 0
      vertex 84.4479 12.7979 0
    endloop
  endfacet
  facet normal 0 0 -1
    outer loop
      vertex 79.3817 8.13173 0
      vertex 84.4479 12.7979 0
      vertex 80.0595 7.39206 0
    endloop
  endfacet
  facet normal -0 0 -1
    outer loop
      vertex 84.4479 12.7979 0
      vertex 79.3817 8.13173 0
      vertex 84.2365 13.0555 0
    endloop
  endfacet
  facet normal 0 0 -1
    outer loop
      vertex 78.6421 8.80951 0
      vertex 84.2365 13.0555 0
      vertex 79.3817 8.13173 0
    endloop
  endfacet
  facet normal -0 0 -1
    outer loop
      vertex 84.2365 13.0555 0
      vertex 78.6421 8.80951 0
      vertex 84.0794 13.3494 0
    endloop
  endfacet
  facet normal 0 0 -1
    outer loop
      vertex 77.8461 9.42025 0
      vertex 84.0794 13.3494 0
      vertex 78.6421 8.80951 0
    endloop
  endfacet
  facet normal -0 0 -1
    outer loop
      vertex 84.0794 13.3494 0
      vertex 77.8461 9.42025 0
      vertex 83.9827 13.6683 0
    endloop
  endfacet
  facet normal 0 0 -1
    outer loop
      vertex 77 9.95929 0
      vertex 83.9827 13.6683 0
      vertex 77.8461 9.42025 0
    endloop
  endfacet
  facet normal -0 0 -1
    outer loop
      vertex 83.9827 13.6683 0
      vertex 77 9.95929 0
      vertex 83.95 14 0
    endloop
  endfacet
  facet normal -0 0 -1
    outer loop
      vertex 83.95 14 0
      vertex 77 9.95929 0
      vertex 83.9827 14.3317 0
    endloop
  endfacet
  facet normal 0 0 -1
    outer loop
      vertex 76.1101 10.4225 0
      vertex 83.9827 14.3317 0
      vertex 77 9.95929 0
    endloop
  endfacet
  facet normal -0 0 -1
    outer loop
      vertex 83.9827 14.3317 0
      vertex 76.1101 10.4225 0
      vertex 84.0794 14.6506 0
    endloop
  endfacet
  facet normal 0 0 -1
    outer loop
      vertex 75.1832 10.8065 0
      vertex 84.0794 14.6506 0
      vertex 76.1101 10.4225 0
    endloop
  endfacet
  facet normal -0 0 -1
    outer loop
      vertex 84.0794 14.6506 0
      vertex 75.1832 10.8065 0
      vertex 84.2365 14.9445 0
    endloop
  endfacet
  facet normal 0 0 -1
    outer loop
      vertex 74.2264 11.1081 0
      vertex 84.2365 14.9445 0
      vertex 75.1832 10.8065 0
    endloop
  endfacet
  facet normal 0 0 -1
    outer loop
      vertex 73.247 11.3253 0
      vertex 84.2365 14.9445 0
      vertex 74.2264 11.1081 0
    endloop
  endfacet
  facet normal -0 0 -1
    outer loop
      vertex 84.2365 14.9445 0
      vertex 73.247 11.3253 0
      vertex 84.4479 15.2021 0
    endloop
  endfacet
  facet normal 0 0 -1
    outer loop
      vertex 72.2523 11.4562 0
      vertex 84.4479 15.2021 0
      vertex 73.247 11.3253 0
    endloop
  endfacet
  facet normal 0 0 -1
    outer loop
      vertex 71.25 11.5 0
      vertex 84.7055 15.4135 0
      vertex 72.2523 11.4562 0
    endloop
  endfacet
  facet normal -0 0 -1
    outer loop
      vertex 84.7055 15.4135 0
      vertex 71.25 11.5 0
      vertex 90.65 22 0
    endloop
  endfacet
  facet normal 0 0 -1
    outer loop
      vertex 70.2477 11.4562 0
      vertex 90.65 22 0
      vertex 71.25 11.5 0
    endloop
  endfacet
  facet normal 0 0 -1
    outer loop
      vertex 69.253 11.3253 0
      vertex 90.65 22 0
      vertex 70.2477 11.4562 0
    endloop
  endfacet
  facet normal 0 0 -1
    outer loop
      vertex 68.2736 11.1081 0
      vertex 90.65 22 0
      vertex 69.253 11.3253 0
    endloop
  endfacet
  facet normal 0 0 -1
    outer loop
      vertex 67.3168 10.8065 0
      vertex 90.65 22 0
      vertex 68.2736 11.1081 0
    endloop
  endfacet
  facet normal 0 0 -1
    outer loop
      vertex -54.0833 12.6883 0
      vertex 67.3168 10.8065 0
      vertex 66.3899 10.4225 0
    endloop
  endfacet
  facet normal 0 0 -1
    outer loop
      vertex -46 0 0
      vertex 59.7938 1.00229 0
      vertex 59.75 0 0
    endloop
  endfacet
  facet normal 0 0 -1
    outer loop
      vertex -46.0533 1.22018 0
      vertex 59.7938 1.00229 0
      vertex -46 0 0
    endloop
  endfacet
  facet normal 0 0 -1
    outer loop
      vertex 59.7938 1.00229 0
      vertex -46.0533 1.22018 0
      vertex 59.9247 1.99695 0
    endloop
  endfacet
  facet normal 0 0 -1
    outer loop
      vertex -46.2127 2.43107 0
      vertex 59.9247 1.99695 0
      vertex -46.0533 1.22018 0
    endloop
  endfacet
  facet normal 0 0 -1
    outer loop
      vertex 59.9247 1.99695 0
      vertex -46.2127 2.43107 0
      vertex 60.1419 2.97642 0
    endloop
  endfacet
  facet normal 0 0 -1
    outer loop
      vertex -46.477 3.62347 0
      vertex 60.1419 2.97642 0
      vertex -46.2127 2.43107 0
    endloop
  endfacet
  facet normal 0 0 -1
    outer loop
      vertex 60.1419 2.97642 0
      vertex -46.477 3.62347 0
      vertex 60.4435 3.93323 0
    endloop
  endfacet
  facet normal 0 0 -1
    outer loop
      vertex -46.8443 4.78828 0
      vertex 60.4435 3.93323 0
      vertex -46.477 3.62347 0
    endloop
  endfacet
  facet normal 0 0 -1
    outer loop
      vertex 60.4435 3.93323 0
      vertex -46.8443 4.78828 0
      vertex 60.8275 4.86011 0
    endloop
  endfacet
  facet normal 0 0 -1
    outer loop
      vertex -47.3117 5.91666 0
      vertex 60.8275 4.86011 0
      vertex -46.8443 4.78828 0
    endloop
  endfacet
  facet normal 0 0 -1
    outer loop
      vertex 60.8275 4.86011 0
      vertex -47.3117 5.91666 0
      vertex 61.2907 5.75 0
    endloop
  endfacet
  facet normal 0 0 -1
    outer loop
      vertex -47.8756 7 0
      vertex 61.2907 5.75 0
      vertex -47.3117 5.91666 0
    endloop
  endfacet
  facet normal 0 0 -1
    outer loop
      vertex 61.2907 5.75 0
      vertex -47.8756 7 0
      vertex 61.8298 6.59613 0
    endloop
  endfacet
  facet normal 0 0 -1
    outer loop
      vertex -48.5319 8.03007 0
      vertex 61.8298 6.59613 0
      vertex -47.8756 7 0
    endloop
  endfacet
  facet normal 0 0 -1
    outer loop
      vertex 61.8298 6.59613 0
      vertex -48.5319 8.03007 0
      vertex 62.4405 7.39206 0
    endloop
  endfacet
  facet normal 0 0 -1
    outer loop
      vertex -49.2754 8.99903 0
      vertex 62.4405 7.39206 0
      vertex -48.5319 8.03007 0
    endloop
  endfacet
  facet normal 0 0 -1
    outer loop
      vertex 62.4405 7.39206 0
      vertex -49.2754 8.99903 0
      vertex 63.1183 8.13173 0
    endloop
  endfacet
  facet normal 0 0 -1
    outer loop
      vertex -50.1005 9.89949 0
      vertex 63.1183 8.13173 0
      vertex -49.2754 8.99903 0
    endloop
  endfacet
  facet normal 0 0 -1
    outer loop
      vertex 63.1183 8.13173 0
      vertex -50.1005 9.89949 0
      vertex 63.8579 8.80951 0
    endloop
  endfacet
  facet normal 0 0 -1
    outer loop
      vertex -51.001 10.7246 0
      vertex 63.8579 8.80951 0
      vertex -50.1005 9.89949 0
    endloop
  endfacet
  facet normal 0 0 -1
    outer loop
      vertex 63.8579 8.80951 0
      vertex -51.001 10.7246 0
      vertex 64.6539 9.42025 0
    endloop
  endfacet
  facet normal 0 0 -1
    outer loop
      vertex -51.9699 11.4681 0
      vertex 64.6539 9.42025 0
      vertex -51.001 10.7246 0
    endloop
  endfacet
  facet normal 0 0 -1
    outer loop
      vertex 64.6539 9.42025 0
      vertex -51.9699 11.4681 0
      vertex 65.5 9.95929 0
    endloop
  endfacet
  facet normal 0 0 -1
    outer loop
      vertex -53 12.1244 0
      vertex 65.5 9.95929 0
      vertex -51.9699 11.4681 0
    endloop
  endfacet
  facet normal 0 0 -1
    outer loop
      vertex 65.5 9.95929 0
      vertex -53 12.1244 0
      vertex 66.3899 10.4225 0
    endloop
  endfacet
  facet normal 0 0 -1
    outer loop
      vertex -54.0833 12.6883 0
      vertex 66.3899 10.4225 0
      vertex -53 12.1244 0
    endloop
  endfacet
  facet normal 0 0 -1
    outer loop
      vertex 67.3168 10.8065 0
      vertex -54.0833 12.6883 0
      vertex 90.65 22 0
    endloop
  endfacet
  facet normal 0 0 -1
    outer loop
      vertex -55.2117 13.1557 0
      vertex 90.65 22 0
      vertex -54.0833 12.6883 0
    endloop
  endfacet
  facet normal 0 0 -1
    outer loop
      vertex -56.3765 13.523 0
      vertex 90.65 22 0
      vertex -55.2117 13.1557 0
    endloop
  endfacet
  facet normal 0 0 -1
    outer loop
      vertex -57.5689 13.7873 0
      vertex 90.65 22 0
      vertex -56.3765 13.523 0
    endloop
  endfacet
  facet normal 0 0 -1
    outer loop
      vertex -90.65 22 0
      vertex -57.5689 13.7873 0
      vertex -58.7798 13.9467 0
    endloop
  endfacet
  facet normal 0 0 -1
    outer loop
      vertex -90.65 22 0
      vertex -58.7798 13.9467 0
      vertex -60 14 0
    endloop
  endfacet
  facet normal 0 0 -1
    outer loop
      vertex -90.65 22 0
      vertex -60 14 0
      vertex -61.2202 13.9467 0
    endloop
  endfacet
  facet normal 0 0 -1
    outer loop
      vertex -84.7055 -12.5865 0
      vertex -73.1557 -4.78828 0
      vertex -84.4479 -12.7979 0
    endloop
  endfacet
  facet normal 0 0 -1
    outer loop
      vertex -74 0 0
      vertex -83.95 14 0
      vertex -73.9467 1.22018 0
    endloop
  endfacet
  facet normal 0 0 -1
    outer loop
      vertex -73.9467 1.22018 0
      vertex -83.95 14 0
      vertex -73.7873 2.43107 0
    endloop
  endfacet
  facet normal 0 0 -1
    outer loop
      vertex -73.7873 2.43107 0
      vertex -83.95 14 0
      vertex -73.523 3.62347 0
    endloop
  endfacet
  facet normal 0 0 -1
    outer loop
      vertex -73.523 3.62347 0
      vertex -83.95 14 0
      vertex -73.1557 4.78828 0
    endloop
  endfacet
  facet normal 0 0 -1
    outer loop
      vertex -73.1557 4.78828 0
      vertex -83.95 14 0
      vertex -72.6883 5.91666 0
    endloop
  endfacet
  facet normal 0 0 -1
    outer loop
      vertex -72.6883 5.91666 0
      vertex -83.95 14 0
      vertex -72.1244 7 0
    endloop
  endfacet
  facet normal 0 0 -1
    outer loop
      vertex -83.95 14 0
      vertex -71.4681 8.03007 0
      vertex -72.1244 7 0
    endloop
  endfacet
  facet normal 0 0 -1
    outer loop
      vertex -83.95 14 0
      vertex -70.7246 8.99903 0
      vertex -71.4681 8.03007 0
    endloop
  endfacet
  facet normal 0 0 -1
    outer loop
      vertex -83.95 14 0
      vertex -69.8995 9.89949 0
      vertex -70.7246 8.99903 0
    endloop
  endfacet
  facet normal 0 0 -1
    outer loop
      vertex -83.9827 14.3317 0
      vertex -69.8995 9.89949 0
      vertex -83.95 14 0
    endloop
  endfacet
  facet normal 0 0 -1
    outer loop
      vertex -69.8995 9.89949 0
      vertex -83.9827 14.3317 0
      vertex -68.999 10.7246 0
    endloop
  endfacet
  facet normal 0 0 -1
    outer loop
      vertex -84.0794 14.6506 0
      vertex -68.999 10.7246 0
      vertex -83.9827 14.3317 0
    endloop
  endfacet
  facet normal 0 0 -1
    outer loop
      vertex -68.999 10.7246 0
      vertex -84.0794 14.6506 0
      vertex -68.0301 11.4681 0
    endloop
  endfacet
  facet normal 0 0 -1
    outer loop
      vertex -84.2365 14.9445 0
      vertex -68.0301 11.4681 0
      vertex -84.0794 14.6506 0
    endloop
  endfacet
  facet normal 0 0 -1
    outer loop
      vertex -68.0301 11.4681 0
      vertex -84.2365 14.9445 0
      vertex -67 12.1244 0
    endloop
  endfacet
  facet normal 0 0 -1
    outer loop
      vertex -84.4479 15.2021 0
      vertex -67 12.1244 0
      vertex -84.2365 14.9445 0
    endloop
  endfacet
  facet normal 0 0 -1
    outer loop
      vertex -67 12.1244 0
      vertex -84.4479 15.2021 0
      vertex -65.9167 12.6883 0
    endloop
  endfacet
  facet normal 0 0 -1
    outer loop
      vertex -84.7055 15.4135 0
      vertex -65.9167 12.6883 0
      vertex -84.4479 15.2021 0
    endloop
  endfacet
  facet normal 0 0 -1
    outer loop
      vertex -65.9167 12.6883 0
      vertex -84.7055 15.4135 0
      vertex -64.7883 13.1557 0
    endloop
  endfacet
  facet normal 0 0 -1
    outer loop
      vertex -90.65 22 0
      vertex -64.7883 13.1557 0
      vertex -84.7055 15.4135 0
    endloop
  endfacet
  facet normal 0 0 -1
    outer loop
      vertex -64.7883 13.1557 0
      vertex -90.65 22 0
      vertex -63.6235 13.523 0
    endloop
  endfacet
  facet normal 0 0 -1
    outer loop
      vertex -63.6235 13.523 0
      vertex -90.65 22 0
      vertex -62.4311 13.7873 0
    endloop
  endfacet
  facet normal 0 0 -1
    outer loop
      vertex -62.4311 13.7873 0
      vertex -90.65 22 0
      vertex -61.2202 13.9467 0
    endloop
  endfacet
  facet normal 0 0 -1
    outer loop
      vertex -90.65 22 0
      vertex -84.7055 15.4135 0
      vertex -84.9994 15.5706 0
    endloop
  endfacet
  facet normal 0 0 -1
    outer loop
      vertex -90.65 22 0
      vertex -84.9994 15.5706 0
      vertex -85.3183 15.6673 0
    endloop
  endfacet
  facet normal 0 0 -1
    outer loop
      vertex -90.65 22 0
      vertex -85.3183 15.6673 0
      vertex -85.65 15.7 0
    endloop
  endfacet
  facet normal 0 0 -1
    outer loop
      vertex -57.5689 13.7873 0
      vertex -90.65 22 0
      vertex 90.65 22 0
    endloop
  endfacet
  facet normal 0 0 -1
    outer loop
      vertex -85.9817 15.6673 0
      vertex -90.65 22 0
      vertex -85.65 15.7 0
    endloop
  endfacet
  facet normal 0 0 -1
    outer loop
      vertex -86.3006 15.5706 0
      vertex -90.65 22 0
      vertex -85.9817 15.6673 0
    endloop
  endfacet
  facet normal 0 0 -1
    outer loop
      vertex -86.5945 15.4135 0
      vertex -90.65 22 0
      vertex -86.3006 15.5706 0
    endloop
  endfacet
  facet normal 0 0 -1
    outer loop
      vertex -86.8521 15.2021 0
      vertex -90.65 22 0
      vertex -86.5945 15.4135 0
    endloop
  endfacet
  facet normal 0 0 -1
    outer loop
      vertex -93.65 19 0
      vertex -86.8521 15.2021 0
      vertex -87.0635 14.9445 0
    endloop
  endfacet
  facet normal 0 0 -1
    outer loop
      vertex -93.65 19 0
      vertex -87.0635 14.9445 0
      vertex -87.2206 14.6506 0
    endloop
  endfacet
  facet normal 0 0 -1
    outer loop
      vertex -93.65 19 0
      vertex -87.2206 14.6506 0
      vertex -87.3173 14.3317 0
    endloop
  endfacet
  facet normal 0 0 -1
    outer loop
      vertex -93.65 19 0
      vertex -87.3173 14.3317 0
      vertex -87.35 14 0
    endloop
  endfacet
  facet normal 0 0 -1
    outer loop
      vertex -87.2206 13.3494 0
      vertex -93.65 19 0
      vertex -87.3173 13.6683 0
    endloop
  endfacet
  facet normal 0 0 -1
    outer loop
      vertex -93.65 -19 0
      vertex -90.65 -22 0
      vertex -91.0416 -21.9743 0
    endloop
  endfacet
  facet normal 0 0 -1
    outer loop
      vertex -87.3173 13.6683 0
      vertex -93.65 19 0
      vertex -87.35 14 0
    endloop
  endfacet
  facet normal 0 0 -1
    outer loop
      vertex -93.65 -19 0
      vertex -91.0416 -21.9743 0
      vertex -91.4265 -21.8978 0
    endloop
  endfacet
  facet normal 0 0 -1
    outer loop
      vertex -86.8521 15.2021 0
      vertex -93.65 19 0
      vertex -90.65 22 0
    endloop
  endfacet
  facet normal 0 0 -1
    outer loop
      vertex -93.65 -19 0
      vertex -91.4265 -21.8978 0
      vertex -91.798 -21.7716 0
    endloop
  endfacet
  facet normal 0 0 -1
    outer loop
      vertex -90.65 22 0
      vertex -93.65 19 0
      vertex -91.0416 21.9743 0
    endloop
  endfacet
  facet normal 0 0 -1
    outer loop
      vertex -93.65 -19 0
      vertex -91.798 -21.7716 0
      vertex -92.15 -21.5981 0
    endloop
  endfacet
  facet normal 0 0 -1
    outer loop
      vertex -91.0416 21.9743 0
      vertex -93.65 19 0
      vertex -91.4265 21.8978 0
    endloop
  endfacet
  facet normal 0 0 -1
    outer loop
      vertex -93.65 -19 0
      vertex -92.15 -21.5981 0
      vertex -92.4763 -21.3801 0
    endloop
  endfacet
  facet normal 0 0 -1
    outer loop
      vertex -91.4265 21.8978 0
      vertex -93.65 19 0
      vertex -91.798 21.7716 0
    endloop
  endfacet
  facet normal 0 0 -1
    outer loop
      vertex -93.65 -19 0
      vertex -92.4763 -21.3801 0
      vertex -92.7713 -21.1213 0
    endloop
  endfacet
  facet normal 0 0 -1
    outer loop
      vertex -91.798 21.7716 0
      vertex -93.65 19 0
      vertex -92.15 21.5981 0
    endloop
  endfacet
  facet normal 0 0 -1
    outer loop
      vertex -93.65 -19 0
      vertex -92.7713 -21.1213 0
      vertex -93.0301 -20.8263 0
    endloop
  endfacet
  facet normal 0 0 -1
    outer loop
      vertex -92.15 21.5981 0
      vertex -93.65 19 0
      vertex -92.4763 21.3801 0
    endloop
  endfacet
  facet normal 0 0 -1
    outer loop
      vertex -93.65 -19 0
      vertex -93.0301 -20.8263 0
      vertex -93.2481 -20.5 0
    endloop
  endfacet
  facet normal 0 0 -1
    outer loop
      vertex -92.4763 21.3801 0
      vertex -93.65 19 0
      vertex -92.7713 21.1213 0
    endloop
  endfacet
  facet normal 0 0 -1
    outer loop
      vertex -93.65 -19 0
      vertex -93.2481 -20.5 0
      vertex -93.4216 -20.148 0
    endloop
  endfacet
  facet normal 0 0 -1
    outer loop
      vertex -92.7713 21.1213 0
      vertex -93.65 19 0
      vertex -93.0301 20.8263 0
    endloop
  endfacet
  facet normal 0 0 -1
    outer loop
      vertex -93.65 -19 0
      vertex -93.4216 -20.148 0
      vertex -93.5478 -19.7764 0
    endloop
  endfacet
  facet normal 0 0 -1
    outer loop
      vertex -93.0301 20.8263 0
      vertex -93.65 19 0
      vertex -93.2481 20.5 0
    endloop
  endfacet
  facet normal 0 0 -1
    outer loop
      vertex -93.65 -19 0
      vertex -93.5478 -19.7764 0
      vertex -93.6243 -19.3916 0
    endloop
  endfacet
  facet normal 0 0 -1
    outer loop
      vertex -93.2481 20.5 0
      vertex -93.65 19 0
      vertex -93.4216 20.148 0
    endloop
  endfacet
  facet normal 0 0 -1
    outer loop
      vertex -93.4216 20.148 0
      vertex -93.65 19 0
      vertex -93.5478 19.7764 0
    endloop
  endfacet
  facet normal 0 0 -1
    outer loop
      vertex -93.5478 19.7764 0
      vertex -93.65 19 0
      vertex -93.6243 19.3916 0
    endloop
  endfacet
  facet normal -0.881912 -0.471413 1.10947e-18
    outer loop
      vertex -84.0794 -13.3494 0
      vertex -84.2365 -13.0555 2.575
      vertex -84.2365 -13.0555 0
    endloop
  endfacet
  facet normal -0.881912 -0.471413 1.10947e-18
    outer loop
      vertex -84.2365 -13.0555 2.575
      vertex -84.0794 -13.3494 0
      vertex -84.0794 -13.3494 2.575
    endloop
  endfacet
  facet normal -0.956971 -0.290182 -1.65243e-18
    outer loop
      vertex -83.9827 -13.6683 0
      vertex -84.0794 -13.3494 2.575
      vertex -84.0794 -13.3494 0
    endloop
  endfacet
  facet normal -0.956971 -0.290182 -1.65243e-18
    outer loop
      vertex -84.0794 -13.3494 2.575
      vertex -83.9827 -13.6683 0
      vertex -83.9827 -13.6683 2.575
    endloop
  endfacet
  facet normal -0.773021 -0.634381 -2.36908e-20
    outer loop
      vertex -84.2365 -13.0555 0
      vertex -84.4479 -12.7979 2.575
      vertex -84.4479 -12.7979 0
    endloop
  endfacet
  facet normal -0.773021 -0.634381 -2.36908e-20
    outer loop
      vertex -84.4479 -12.7979 2.575
      vertex -84.2365 -13.0555 0
      vertex -84.2365 -13.0555 2.575
    endloop
  endfacet
  facet normal -0.290182 -0.956971 0
    outer loop
      vertex -85.3183 -12.3327 0
      vertex -84.9994 -12.4294 2.575
      vertex -85.3183 -12.3327 2.575
    endloop
  endfacet
  facet normal -0.290182 -0.956971 -0
    outer loop
      vertex -84.9994 -12.4294 2.575
      vertex -85.3183 -12.3327 0
      vertex -84.9994 -12.4294 0
    endloop
  endfacet
  facet normal 0.881912 -0.471413 -1.10947e-18
    outer loop
      vertex -87.2206 -13.3494 2.575
      vertex -87.0635 -13.0555 0
      vertex -87.0635 -13.0555 2.575
    endloop
  endfacet
  facet normal 0.881912 -0.471413 -1.10947e-18
    outer loop
      vertex -87.0635 -13.0555 0
      vertex -87.2206 -13.3494 2.575
      vertex -87.2206 -13.3494 0
    endloop
  endfacet
  facet normal 0.773021 -0.634381 3.54177e-18
    outer loop
      vertex -87.0635 -13.0555 2.575
      vertex -86.8521 -12.7979 0
      vertex -86.8521 -12.7979 2.575
    endloop
  endfacet
  facet normal 0.773021 -0.634381 3.54177e-18
    outer loop
      vertex -86.8521 -12.7979 0
      vertex -87.0635 -13.0555 2.575
      vertex -87.0635 -13.0555 0
    endloop
  endfacet
  facet normal 0.956971 -0.290182 -1.52213e-18
    outer loop
      vertex -87.3173 -13.6683 2.575
      vertex -87.2206 -13.3494 0
      vertex -87.2206 -13.3494 2.575
    endloop
  endfacet
  facet normal 0.956971 -0.290182 -1.52213e-18
    outer loop
      vertex -87.2206 -13.3494 0
      vertex -87.3173 -13.6683 2.575
      vertex -87.3173 -13.6683 0
    endloop
  endfacet
  facet normal 0.471413 -0.881912 0
    outer loop
      vertex -86.5945 -12.5865 0
      vertex -86.3006 -12.4294 2.575
      vertex -86.5945 -12.5865 2.575
    endloop
  endfacet
  facet normal 0.471413 -0.881912 0
    outer loop
      vertex -86.3006 -12.4294 2.575
      vertex -86.5945 -12.5865 0
      vertex -86.3006 -12.4294 0
    endloop
  endfacet
  facet normal 0.0981075 -0.995176 0
    outer loop
      vertex -85.9817 -12.3327 0
      vertex -85.65 -12.3 2.575
      vertex -85.9817 -12.3327 2.575
    endloop
  endfacet
  facet normal 0.0981075 -0.995176 0
    outer loop
      vertex -85.65 -12.3 2.575
      vertex -85.9817 -12.3327 0
      vertex -85.65 -12.3 0
    endloop
  endfacet
  facet normal -0.995176 0.0981075 7.23405e-19
    outer loop
      vertex -83.9827 -14.3317 0
      vertex -83.95 -14 2.575
      vertex -83.95 -14 0
    endloop
  endfacet
  facet normal -0.995176 0.0981075 7.23405e-19
    outer loop
      vertex -83.95 -14 2.575
      vertex -83.9827 -14.3317 0
      vertex -83.9827 -14.3317 2.575
    endloop
  endfacet
  facet normal -0.0981075 0.995176 0
    outer loop
      vertex -85.3183 -15.6673 0
      vertex -85.65 -15.7 2.575
      vertex -85.3183 -15.6673 2.575
    endloop
  endfacet
  facet normal -0.0981075 0.995176 0
    outer loop
      vertex -85.65 -15.7 2.575
      vertex -85.3183 -15.6673 0
      vertex -85.65 -15.7 0
    endloop
  endfacet
  facet normal -0.471413 0.881912 0
    outer loop
      vertex -84.7055 -15.4135 0
      vertex -84.9994 -15.5706 2.575
      vertex -84.7055 -15.4135 2.575
    endloop
  endfacet
  facet normal -0.471413 0.881912 0
    outer loop
      vertex -84.9994 -15.5706 2.575
      vertex -84.7055 -15.4135 0
      vertex -84.9994 -15.5706 0
    endloop
  endfacet
  facet normal -0.881912 0.471413 -1.10947e-18
    outer loop
      vertex -84.2365 -14.9445 0
      vertex -84.0794 -14.6506 2.575
      vertex -84.0794 -14.6506 0
    endloop
  endfacet
  facet normal -0.881912 0.471413 -1.10947e-18
    outer loop
      vertex -84.0794 -14.6506 2.575
      vertex -84.2365 -14.9445 0
      vertex -84.2365 -14.9445 2.575
    endloop
  endfacet
  facet normal 0.634381 0.773021 -0
    outer loop
      vertex -86.5945 -15.4135 0
      vertex -86.8521 -15.2021 2.575
      vertex -86.5945 -15.4135 2.575
    endloop
  endfacet
  facet normal 0.634381 0.773021 0
    outer loop
      vertex -86.8521 -15.2021 2.575
      vertex -86.5945 -15.4135 0
      vertex -86.8521 -15.2021 0
    endloop
  endfacet
  facet normal 0.290182 0.956971 -0
    outer loop
      vertex -85.9817 -15.6673 0
      vertex -86.3006 -15.5706 2.575
      vertex -85.9817 -15.6673 2.575
    endloop
  endfacet
  facet normal 0.290182 0.956971 0
    outer loop
      vertex -86.3006 -15.5706 2.575
      vertex -85.9817 -15.6673 0
      vertex -86.3006 -15.5706 0
    endloop
  endfacet
  facet normal 0.881912 0.471413 1.10947e-18
    outer loop
      vertex -87.0635 -14.9445 2.575
      vertex -87.2206 -14.6506 0
      vertex -87.2206 -14.6506 2.575
    endloop
  endfacet
  facet normal 0.881912 0.471413 1.10947e-18
    outer loop
      vertex -87.2206 -14.6506 0
      vertex -87.0635 -14.9445 2.575
      vertex -87.0635 -14.9445 0
    endloop
  endfacet
  facet normal 0.995176 0.0981075 -7.23405e-19
    outer loop
      vertex -87.3173 -14.3317 2.575
      vertex -87.35 -14 0
      vertex -87.35 -14 2.575
    endloop
  endfacet
  facet normal 0.995176 0.0981075 -7.23405e-19
    outer loop
      vertex -87.35 -14 0
      vertex -87.3173 -14.3317 2.575
      vertex -87.3173 -14.3317 0
    endloop
  endfacet
  facet normal -0.290182 0.956971 0
    outer loop
      vertex -84.9994 -15.5706 0
      vertex -85.3183 -15.6673 2.575
      vertex -84.9994 -15.5706 2.575
    endloop
  endfacet
  facet normal -0.290182 0.956971 0
    outer loop
      vertex -85.3183 -15.6673 2.575
      vertex -84.9994 -15.5706 0
      vertex -85.3183 -15.6673 0
    endloop
  endfacet
  facet normal -0.634381 0.773021 0
    outer loop
      vertex -84.4479 -15.2021 0
      vertex -84.7055 -15.4135 2.575
      vertex -84.4479 -15.2021 2.575
    endloop
  endfacet
  facet normal -0.634381 0.773021 0
    outer loop
      vertex -84.7055 -15.4135 2.575
      vertex -84.4479 -15.2021 0
      vertex -84.7055 -15.4135 0
    endloop
  endfacet
  facet normal -0.956971 0.290182 1.65243e-18
    outer loop
      vertex -84.0794 -14.6506 0
      vertex -83.9827 -14.3317 2.575
      vertex -83.9827 -14.3317 0
    endloop
  endfacet
  facet normal -0.956971 0.290182 1.65243e-18
    outer loop
      vertex -83.9827 -14.3317 2.575
      vertex -84.0794 -14.6506 0
      vertex -84.0794 -14.6506 2.575
    endloop
  endfacet
  facet normal 0.471413 0.881912 -0
    outer loop
      vertex -86.3006 -15.5706 0
      vertex -86.5945 -15.4135 2.575
      vertex -86.3006 -15.5706 2.575
    endloop
  endfacet
  facet normal 0.471413 0.881912 0
    outer loop
      vertex -86.5945 -15.4135 2.575
      vertex -86.3006 -15.5706 0
      vertex -86.5945 -15.4135 0
    endloop
  endfacet
  facet normal 0.0981075 0.995176 -0
    outer loop
      vertex -85.65 -15.7 0
      vertex -85.9817 -15.6673 2.575
      vertex -85.65 -15.7 2.575
    endloop
  endfacet
  facet normal 0.0981075 0.995176 0
    outer loop
      vertex -85.9817 -15.6673 2.575
      vertex -85.65 -15.7 0
      vertex -85.9817 -15.6673 0
    endloop
  endfacet
  facet normal 0.773021 0.634381 -3.54177e-18
    outer loop
      vertex -86.8521 -15.2021 2.575
      vertex -87.0635 -14.9445 0
      vertex -87.0635 -14.9445 2.575
    endloop
  endfacet
  facet normal 0.773021 0.634381 -3.54177e-18
    outer loop
      vertex -87.0635 -14.9445 0
      vertex -86.8521 -15.2021 2.575
      vertex -86.8521 -15.2021 0
    endloop
  endfacet
  facet normal 0.956971 0.290182 1.52213e-18
    outer loop
      vertex -87.2206 -14.6506 2.575
      vertex -87.3173 -14.3317 0
      vertex -87.3173 -14.3317 2.575
    endloop
  endfacet
  facet normal 0.956971 0.290182 1.52213e-18
    outer loop
      vertex -87.3173 -14.3317 0
      vertex -87.2206 -14.6506 2.575
      vertex -87.2206 -14.6506 0
    endloop
  endfacet
  facet normal -0.773021 0.634381 2.36908e-20
    outer loop
      vertex -84.4479 -15.2021 0
      vertex -84.2365 -14.9445 2.575
      vertex -84.2365 -14.9445 0
    endloop
  endfacet
  facet normal -0.773021 0.634381 2.36908e-20
    outer loop
      vertex -84.2365 -14.9445 2.575
      vertex -84.4479 -15.2021 0
      vertex -84.4479 -15.2021 2.575
    endloop
  endfacet
  facet normal -0.996916 -0.0784787 -3.68885e-19
    outer loop
      vertex -82.15 -14 2.575
      vertex -82.1931 -13.4525 5
      vertex -82.1931 -13.4525 2.575
    endloop
  endfacet
  facet normal -0.996916 -0.0784787 -3.68885e-19
    outer loop
      vertex -82.1931 -13.4525 5
      vertex -82.15 -14 2.575
      vertex -82.15 -14 5
    endloop
  endfacet
  facet normal 0.996916 -0.0784787 -1.09012e-18
    outer loop
      vertex -89.15 -14 5
      vertex -89.1069 -13.4525 2.575
      vertex -89.1069 -13.4525 5
    endloop
  endfacet
  facet normal 0.996916 -0.0784787 -1.09012e-18
    outer loop
      vertex -89.1069 -13.4525 2.575
      vertex -89.15 -14 5
      vertex -89.15 -14 2.575
    endloop
  endfacet
  facet normal 0.0784787 -0.996916 0
    outer loop
      vertex -86.1975 -10.5431 2.575
      vertex -85.65 -10.5 5
      vertex -86.1975 -10.5431 5
    endloop
  endfacet
  facet normal 0.0784787 -0.996916 0
    outer loop
      vertex -85.65 -10.5 5
      vertex -86.1975 -10.5431 2.575
      vertex -85.65 -10.5 2.575
    endloop
  endfacet
  facet normal 0.76045 0.649396 -2.42154e-18
    outer loop
      vertex -88.1249 -16.4749 5
      vertex -88.4816 -16.0572 2.575
      vertex -88.4816 -16.0572 5
    endloop
  endfacet
  facet normal 0.76045 0.649396 -2.42154e-18
    outer loop
      vertex -88.4816 -16.0572 2.575
      vertex -88.1249 -16.4749 5
      vertex -88.1249 -16.4749 2.575
    endloop
  endfacet
  facet normal -0.649396 -0.76045 0
    outer loop
      vertex -83.5928 -11.1684 2.575
      vertex -83.1751 -11.5251 5
      vertex -83.5928 -11.1684 5
    endloop
  endfacet
  facet normal -0.649396 -0.76045 -0
    outer loop
      vertex -83.1751 -11.5251 5
      vertex -83.5928 -11.1684 2.575
      vertex -83.1751 -11.5251 2.575
    endloop
  endfacet
  facet normal 0.649396 -0.76045 0
    outer loop
      vertex -88.1249 -11.5251 2.575
      vertex -87.7072 -11.1684 5
      vertex -88.1249 -11.5251 5
    endloop
  endfacet
  facet normal 0.649396 -0.76045 0
    outer loop
      vertex -87.7072 -11.1684 5
      vertex -88.1249 -11.5251 2.575
      vertex -87.7072 -11.1684 2.575
    endloop
  endfacet
  facet normal 0.382727 -0.923861 0
    outer loop
      vertex -87.239 -10.8815 2.575
      vertex -86.7316 -10.6713 5
      vertex -87.239 -10.8815 5
    endloop
  endfacet
  facet normal 0.382727 -0.923861 0
    outer loop
      vertex -86.7316 -10.6713 5
      vertex -87.239 -10.8815 2.575
      vertex -86.7316 -10.6713 2.575
    endloop
  endfacet
  facet normal -0.649396 0.76045 0
    outer loop
      vertex -83.1751 -16.4749 2.575
      vertex -83.5928 -16.8316 5
      vertex -83.1751 -16.4749 5
    endloop
  endfacet
  facet normal -0.649396 0.76045 0
    outer loop
      vertex -83.5928 -16.8316 5
      vertex -83.1751 -16.4749 2.575
      vertex -83.5928 -16.8316 2.575
    endloop
  endfacet
  facet normal -0.76045 0.649396 2.42154e-18
    outer loop
      vertex -83.1751 -16.4749 2.575
      vertex -82.8184 -16.0572 5
      vertex -82.8184 -16.0572 2.575
    endloop
  endfacet
  facet normal -0.76045 0.649396 2.42154e-18
    outer loop
      vertex -82.8184 -16.0572 5
      vertex -83.1751 -16.4749 2.575
      vertex -83.1751 -16.4749 5
    endloop
  endfacet
  facet normal 0 0 1
    outer loop
      vertex -83.95 -14 2.575
      vertex -82.15 -14 2.575
      vertex -82.1931 -13.4525 2.575
    endloop
  endfacet
  facet normal 0 0 1
    outer loop
      vertex -83.9827 -13.6683 2.575
      vertex -82.1931 -13.4525 2.575
      vertex -82.3213 -12.9184 2.575
    endloop
  endfacet
  facet normal 0 0 1
    outer loop
      vertex -82.15 -14 2.575
      vertex -83.95 -14 2.575
      vertex -82.1931 -14.5475 2.575
    endloop
  endfacet
  facet normal 0 0 1
    outer loop
      vertex -84.0794 -13.3494 2.575
      vertex -82.3213 -12.9184 2.575
      vertex -82.5315 -12.411 2.575
    endloop
  endfacet
  facet normal -0 0 1
    outer loop
      vertex -83.9827 -14.3317 2.575
      vertex -82.1931 -14.5475 2.575
      vertex -83.95 -14 2.575
    endloop
  endfacet
  facet normal 0 0 1
    outer loop
      vertex -84.2365 -13.0555 2.575
      vertex -82.5315 -12.411 2.575
      vertex -82.8184 -11.9428 2.575
    endloop
  endfacet
  facet normal 0 0 1
    outer loop
      vertex -82.1931 -14.5475 2.575
      vertex -83.9827 -14.3317 2.575
      vertex -82.3213 -15.0816 2.575
    endloop
  endfacet
  facet normal 0 0 1
    outer loop
      vertex -84.4479 -12.7979 2.575
      vertex -82.8184 -11.9428 2.575
      vertex -83.1751 -11.5251 2.575
    endloop
  endfacet
  facet normal -0 0 1
    outer loop
      vertex -84.0794 -14.6506 2.575
      vertex -82.3213 -15.0816 2.575
      vertex -83.9827 -14.3317 2.575
    endloop
  endfacet
  facet normal 0 0 1
    outer loop
      vertex -84.4479 -12.7979 2.575
      vertex -83.1751 -11.5251 2.575
      vertex -83.5928 -11.1684 2.575
    endloop
  endfacet
  facet normal 0 0 1
    outer loop
      vertex -82.3213 -15.0816 2.575
      vertex -84.0794 -14.6506 2.575
      vertex -82.5315 -15.589 2.575
    endloop
  endfacet
  facet normal -0 0 1
    outer loop
      vertex -84.2365 -14.9445 2.575
      vertex -82.5315 -15.589 2.575
      vertex -84.0794 -14.6506 2.575
    endloop
  endfacet
  facet normal 0 0 1
    outer loop
      vertex -82.1931 -13.4525 2.575
      vertex -83.9827 -13.6683 2.575
      vertex -83.95 -14 2.575
    endloop
  endfacet
  facet normal 0 0 1
    outer loop
      vertex -84.7055 -12.5865 2.575
      vertex -83.5928 -11.1684 2.575
      vertex -84.061 -10.8815 2.575
    endloop
  endfacet
  facet normal 0 0 1
    outer loop
      vertex -82.3213 -12.9184 2.575
      vertex -84.0794 -13.3494 2.575
      vertex -83.9827 -13.6683 2.575
    endloop
  endfacet
  facet normal 0 0 1
    outer loop
      vertex -82.5315 -12.411 2.575
      vertex -84.2365 -13.0555 2.575
      vertex -84.0794 -13.3494 2.575
    endloop
  endfacet
  facet normal 0 0 1
    outer loop
      vertex -82.8184 -11.9428 2.575
      vertex -84.4479 -12.7979 2.575
      vertex -84.2365 -13.0555 2.575
    endloop
  endfacet
  facet normal 0 0 1
    outer loop
      vertex -84.9994 -12.4294 2.575
      vertex -84.061 -10.8815 2.575
      vertex -84.5684 -10.6713 2.575
    endloop
  endfacet
  facet normal 0 0 1
    outer loop
      vertex -83.5928 -11.1684 2.575
      vertex -84.7055 -12.5865 2.575
      vertex -84.4479 -12.7979 2.575
    endloop
  endfacet
  facet normal 0 0 1
    outer loop
      vertex -84.061 -10.8815 2.575
      vertex -84.9994 -12.4294 2.575
      vertex -84.7055 -12.5865 2.575
    endloop
  endfacet
  facet normal 0 0 1
    outer loop
      vertex -85.3183 -12.3327 2.575
      vertex -84.5684 -10.6713 2.575
      vertex -85.1025 -10.5431 2.575
    endloop
  endfacet
  facet normal 0 0 1
    outer loop
      vertex -84.5684 -10.6713 2.575
      vertex -85.3183 -12.3327 2.575
      vertex -84.9994 -12.4294 2.575
    endloop
  endfacet
  facet normal 0 0 1
    outer loop
      vertex -85.65 -12.3 2.575
      vertex -85.1025 -10.5431 2.575
      vertex -85.65 -10.5 2.575
    endloop
  endfacet
  facet normal 0 0 1
    outer loop
      vertex -85.1025 -10.5431 2.575
      vertex -85.65 -12.3 2.575
      vertex -85.3183 -12.3327 2.575
    endloop
  endfacet
  facet normal -0 0 1
    outer loop
      vertex -86.1975 -10.5431 2.575
      vertex -85.65 -12.3 2.575
      vertex -85.65 -10.5 2.575
    endloop
  endfacet
  facet normal 0 0 1
    outer loop
      vertex -85.65 -12.3 2.575
      vertex -86.1975 -10.5431 2.575
      vertex -85.9817 -12.3327 2.575
    endloop
  endfacet
  facet normal -0 0 1
    outer loop
      vertex -86.7316 -10.6713 2.575
      vertex -85.9817 -12.3327 2.575
      vertex -86.1975 -10.5431 2.575
    endloop
  endfacet
  facet normal 0 0 1
    outer loop
      vertex -85.9817 -12.3327 2.575
      vertex -86.7316 -10.6713 2.575
      vertex -86.3006 -12.4294 2.575
    endloop
  endfacet
  facet normal -0 0 1
    outer loop
      vertex -87.239 -10.8815 2.575
      vertex -86.3006 -12.4294 2.575
      vertex -86.7316 -10.6713 2.575
    endloop
  endfacet
  facet normal 0 0 1
    outer loop
      vertex -86.3006 -12.4294 2.575
      vertex -87.239 -10.8815 2.575
      vertex -86.5945 -12.5865 2.575
    endloop
  endfacet
  facet normal -0 0 1
    outer loop
      vertex -87.7072 -11.1684 2.575
      vertex -86.5945 -12.5865 2.575
      vertex -87.239 -10.8815 2.575
    endloop
  endfacet
  facet normal 0 0 1
    outer loop
      vertex -86.5945 -12.5865 2.575
      vertex -87.7072 -11.1684 2.575
      vertex -86.8521 -12.7979 2.575
    endloop
  endfacet
  facet normal -0 0 1
    outer loop
      vertex -88.1249 -11.5251 2.575
      vertex -86.8521 -12.7979 2.575
      vertex -87.7072 -11.1684 2.575
    endloop
  endfacet
  facet normal -0 0 1
    outer loop
      vertex -88.4816 -11.9428 2.575
      vertex -86.8521 -12.7979 2.575
      vertex -88.1249 -11.5251 2.575
    endloop
  endfacet
  facet normal 0 0 1
    outer loop
      vertex -86.8521 -12.7979 2.575
      vertex -88.4816 -11.9428 2.575
      vertex -87.0635 -13.0555 2.575
    endloop
  endfacet
  facet normal -0 0 1
    outer loop
      vertex -88.7685 -12.411 2.575
      vertex -87.0635 -13.0555 2.575
      vertex -88.4816 -11.9428 2.575
    endloop
  endfacet
  facet normal 0 0 1
    outer loop
      vertex -82.5315 -15.589 2.575
      vertex -84.2365 -14.9445 2.575
      vertex -82.8184 -16.0572 2.575
    endloop
  endfacet
  facet normal -0 0 1
    outer loop
      vertex -84.4479 -15.2021 2.575
      vertex -82.8184 -16.0572 2.575
      vertex -84.2365 -14.9445 2.575
    endloop
  endfacet
  facet normal 0 0 1
    outer loop
      vertex -82.8184 -16.0572 2.575
      vertex -84.4479 -15.2021 2.575
      vertex -83.1751 -16.4749 2.575
    endloop
  endfacet
  facet normal 0 0 1
    outer loop
      vertex -83.1751 -16.4749 2.575
      vertex -84.4479 -15.2021 2.575
      vertex -83.5928 -16.8316 2.575
    endloop
  endfacet
  facet normal -0 0 1
    outer loop
      vertex -84.7055 -15.4135 2.575
      vertex -83.5928 -16.8316 2.575
      vertex -84.4479 -15.2021 2.575
    endloop
  endfacet
  facet normal 0 0 1
    outer loop
      vertex -83.5928 -16.8316 2.575
      vertex -84.7055 -15.4135 2.575
      vertex -84.061 -17.1185 2.575
    endloop
  endfacet
  facet normal -0 0 1
    outer loop
      vertex -84.9994 -15.5706 2.575
      vertex -84.061 -17.1185 2.575
      vertex -84.7055 -15.4135 2.575
    endloop
  endfacet
  facet normal 0 0 1
    outer loop
      vertex -84.061 -17.1185 2.575
      vertex -84.9994 -15.5706 2.575
      vertex -84.5684 -17.3287 2.575
    endloop
  endfacet
  facet normal -0 0 1
    outer loop
      vertex -85.3183 -15.6673 2.575
      vertex -84.5684 -17.3287 2.575
      vertex -84.9994 -15.5706 2.575
    endloop
  endfacet
  facet normal 0 0 1
    outer loop
      vertex -84.5684 -17.3287 2.575
      vertex -85.3183 -15.6673 2.575
      vertex -85.1025 -17.4569 2.575
    endloop
  endfacet
  facet normal -0 0 1
    outer loop
      vertex -85.65 -15.7 2.575
      vertex -85.1025 -17.4569 2.575
      vertex -85.3183 -15.6673 2.575
    endloop
  endfacet
  facet normal 0 0 1
    outer loop
      vertex -85.65 -15.7 2.575
      vertex -85.65 -17.5 2.575
      vertex -85.1025 -17.4569 2.575
    endloop
  endfacet
  facet normal 0 0 1
    outer loop
      vertex -86.1975 -17.4569 2.575
      vertex -85.65 -15.7 2.575
      vertex -85.9817 -15.6673 2.575
    endloop
  endfacet
  facet normal 0 0 1
    outer loop
      vertex -85.65 -15.7 2.575
      vertex -86.1975 -17.4569 2.575
      vertex -85.65 -17.5 2.575
    endloop
  endfacet
  facet normal 0 0 1
    outer loop
      vertex -86.7316 -17.3287 2.575
      vertex -85.9817 -15.6673 2.575
      vertex -86.3006 -15.5706 2.575
    endloop
  endfacet
  facet normal 0 0 1
    outer loop
      vertex -87.239 -17.1185 2.575
      vertex -86.3006 -15.5706 2.575
      vertex -86.5945 -15.4135 2.575
    endloop
  endfacet
  facet normal 0 0 1
    outer loop
      vertex -85.9817 -15.6673 2.575
      vertex -86.7316 -17.3287 2.575
      vertex -86.1975 -17.4569 2.575
    endloop
  endfacet
  facet normal 0 0 1
    outer loop
      vertex -87.7072 -16.8316 2.575
      vertex -86.5945 -15.4135 2.575
      vertex -86.8521 -15.2021 2.575
    endloop
  endfacet
  facet normal 0 0 1
    outer loop
      vertex -88.4816 -16.0572 2.575
      vertex -86.8521 -15.2021 2.575
      vertex -87.0635 -14.9445 2.575
    endloop
  endfacet
  facet normal 0 0 1
    outer loop
      vertex -88.7685 -15.589 2.575
      vertex -87.0635 -14.9445 2.575
      vertex -87.2206 -14.6506 2.575
    endloop
  endfacet
  facet normal 0 0 1
    outer loop
      vertex -86.3006 -15.5706 2.575
      vertex -87.239 -17.1185 2.575
      vertex -86.7316 -17.3287 2.575
    endloop
  endfacet
  facet normal 0 0 1
    outer loop
      vertex -88.9787 -15.0816 2.575
      vertex -87.2206 -14.6506 2.575
      vertex -87.3173 -14.3317 2.575
    endloop
  endfacet
  facet normal 0 0 1
    outer loop
      vertex -89.1069 -14.5475 2.575
      vertex -87.3173 -14.3317 2.575
      vertex -87.35 -14 2.575
    endloop
  endfacet
  facet normal 0 0 1
    outer loop
      vertex -87.0635 -13.0555 2.575
      vertex -88.7685 -12.411 2.575
      vertex -87.2206 -13.3494 2.575
    endloop
  endfacet
  facet normal 0 0 1
    outer loop
      vertex -86.5945 -15.4135 2.575
      vertex -87.7072 -16.8316 2.575
      vertex -87.239 -17.1185 2.575
    endloop
  endfacet
  facet normal -0 0 1
    outer loop
      vertex -88.9787 -12.9184 2.575
      vertex -87.2206 -13.3494 2.575
      vertex -88.7685 -12.411 2.575
    endloop
  endfacet
  facet normal 0 0 1
    outer loop
      vertex -86.8521 -15.2021 2.575
      vertex -88.1249 -16.4749 2.575
      vertex -87.7072 -16.8316 2.575
    endloop
  endfacet
  facet normal 0 0 1
    outer loop
      vertex -87.2206 -13.3494 2.575
      vertex -88.9787 -12.9184 2.575
      vertex -87.3173 -13.6683 2.575
    endloop
  endfacet
  facet normal 0 0 1
    outer loop
      vertex -86.8521 -15.2021 2.575
      vertex -88.4816 -16.0572 2.575
      vertex -88.1249 -16.4749 2.575
    endloop
  endfacet
  facet normal -0 0 1
    outer loop
      vertex -89.1069 -13.4525 2.575
      vertex -87.3173 -13.6683 2.575
      vertex -88.9787 -12.9184 2.575
    endloop
  endfacet
  facet normal 0 0 1
    outer loop
      vertex -87.0635 -14.9445 2.575
      vertex -88.7685 -15.589 2.575
      vertex -88.4816 -16.0572 2.575
    endloop
  endfacet
  facet normal 0 0 1
    outer loop
      vertex -87.3173 -13.6683 2.575
      vertex -89.1069 -13.4525 2.575
      vertex -87.35 -14 2.575
    endloop
  endfacet
  facet normal 0 0 1
    outer loop
      vertex -87.2206 -14.6506 2.575
      vertex -88.9787 -15.0816 2.575
      vertex -88.7685 -15.589 2.575
    endloop
  endfacet
  facet normal 0 0 1
    outer loop
      vertex -89.15 -14 2.575
      vertex -87.35 -14 2.575
      vertex -89.1069 -13.4525 2.575
    endloop
  endfacet
  facet normal 0 0 1
    outer loop
      vertex -87.3173 -14.3317 2.575
      vertex -89.1069 -14.5475 2.575
      vertex -88.9787 -15.0816 2.575
    endloop
  endfacet
  facet normal 0 0 1
    outer loop
      vertex -87.35 -14 2.575
      vertex -89.15 -14 2.575
      vertex -89.1069 -14.5475 2.575
    endloop
  endfacet
  facet normal -0.923861 -0.382727 1.94865e-18
    outer loop
      vertex -82.3213 -12.9184 2.575
      vertex -82.5315 -12.411 5
      vertex -82.5315 -12.411 2.575
    endloop
  endfacet
  facet normal -0.923861 -0.382727 1.94865e-18
    outer loop
      vertex -82.5315 -12.411 5
      vertex -82.3213 -12.9184 2.575
      vertex -82.3213 -12.9184 5
    endloop
  endfacet
  facet normal -0.972381 -0.2334 4.98052e-18
    outer loop
      vertex -82.1931 -13.4525 2.575
      vertex -82.3213 -12.9184 5
      vertex -82.3213 -12.9184 2.575
    endloop
  endfacet
  facet normal -0.972381 -0.2334 4.98052e-18
    outer loop
      vertex -82.3213 -12.9184 5
      vertex -82.1931 -13.4525 2.575
      vertex -82.1931 -13.4525 5
    endloop
  endfacet
  facet normal -0.2334 -0.972381 0
    outer loop
      vertex -85.1025 -10.5431 2.575
      vertex -84.5684 -10.6713 5
      vertex -85.1025 -10.5431 5
    endloop
  endfacet
  facet normal -0.2334 -0.972381 -0
    outer loop
      vertex -84.5684 -10.6713 5
      vertex -85.1025 -10.5431 2.575
      vertex -84.5684 -10.6713 2.575
    endloop
  endfacet
  facet normal -0.0784787 -0.996916 0
    outer loop
      vertex -85.65 -10.5 2.575
      vertex -85.1025 -10.5431 5
      vertex -85.65 -10.5 5
    endloop
  endfacet
  facet normal -0.0784787 -0.996916 -0
    outer loop
      vertex -85.1025 -10.5431 5
      vertex -85.65 -10.5 2.575
      vertex -85.1025 -10.5431 2.575
    endloop
  endfacet
  facet normal -0.522481 -0.852651 0
    outer loop
      vertex -84.061 -10.8815 2.575
      vertex -83.5928 -11.1684 5
      vertex -84.061 -10.8815 5
    endloop
  endfacet
  facet normal -0.522481 -0.852651 -0
    outer loop
      vertex -83.5928 -11.1684 5
      vertex -84.061 -10.8815 2.575
      vertex -83.5928 -11.1684 2.575
    endloop
  endfacet
  facet normal 0.923861 -0.382727 -1.94865e-18
    outer loop
      vertex -88.9787 -12.9184 5
      vertex -88.7685 -12.411 2.575
      vertex -88.7685 -12.411 5
    endloop
  endfacet
  facet normal 0.923861 -0.382727 -1.94865e-18
    outer loop
      vertex -88.7685 -12.411 2.575
      vertex -88.9787 -12.9184 5
      vertex -88.9787 -12.9184 2.575
    endloop
  endfacet
  facet normal 0.76045 -0.649396 2.42154e-18
    outer loop
      vertex -88.4816 -11.9428 5
      vertex -88.1249 -11.5251 2.575
      vertex -88.1249 -11.5251 5
    endloop
  endfacet
  facet normal 0.76045 -0.649396 2.42154e-18
    outer loop
      vertex -88.1249 -11.5251 2.575
      vertex -88.4816 -11.9428 5
      vertex -88.4816 -11.9428 2.575
    endloop
  endfacet
  facet normal 0.972381 -0.2334 -4.98052e-18
    outer loop
      vertex -89.1069 -13.4525 5
      vertex -88.9787 -12.9184 2.575
      vertex -88.9787 -12.9184 5
    endloop
  endfacet
  facet normal 0.972381 -0.2334 -4.98052e-18
    outer loop
      vertex -88.9787 -12.9184 2.575
      vertex -89.1069 -13.4525 5
      vertex -89.1069 -13.4525 2.575
    endloop
  endfacet
  facet normal 0.522481 -0.852651 0
    outer loop
      vertex -87.7072 -11.1684 2.575
      vertex -87.239 -10.8815 5
      vertex -87.7072 -11.1684 5
    endloop
  endfacet
  facet normal 0.522481 -0.852651 0
    outer loop
      vertex -87.239 -10.8815 5
      vertex -87.7072 -11.1684 2.575
      vertex -87.239 -10.8815 2.575
    endloop
  endfacet
  facet normal 0.2334 -0.972381 0
    outer loop
      vertex -86.7316 -10.6713 2.575
      vertex -86.1975 -10.5431 5
      vertex -86.7316 -10.6713 5
    endloop
  endfacet
  facet normal 0.2334 -0.972381 0
    outer loop
      vertex -86.1975 -10.5431 5
      vertex -86.7316 -10.6713 2.575
      vertex -86.1975 -10.5431 2.575
    endloop
  endfacet
  facet normal -0.0784787 0.996916 0
    outer loop
      vertex -85.1025 -17.4569 2.575
      vertex -85.65 -17.5 5
      vertex -85.1025 -17.4569 5
    endloop
  endfacet
  facet normal -0.0784787 0.996916 0
    outer loop
      vertex -85.65 -17.5 5
      vertex -85.1025 -17.4569 2.575
      vertex -85.65 -17.5 2.575
    endloop
  endfacet
  facet normal -0.522481 0.852651 0
    outer loop
      vertex -83.5928 -16.8316 2.575
      vertex -84.061 -17.1185 5
      vertex -83.5928 -16.8316 5
    endloop
  endfacet
  facet normal -0.522481 0.852651 0
    outer loop
      vertex -84.061 -17.1185 5
      vertex -83.5928 -16.8316 2.575
      vertex -84.061 -17.1185 2.575
    endloop
  endfacet
  facet normal 0.649396 0.76045 -0
    outer loop
      vertex -87.7072 -16.8316 2.575
      vertex -88.1249 -16.4749 5
      vertex -87.7072 -16.8316 5
    endloop
  endfacet
  facet normal 0.649396 0.76045 0
    outer loop
      vertex -88.1249 -16.4749 5
      vertex -87.7072 -16.8316 2.575
      vertex -88.1249 -16.4749 2.575
    endloop
  endfacet
  facet normal 0.996916 0.0784787 1.09012e-18
    outer loop
      vertex -89.1069 -14.5475 5
      vertex -89.15 -14 2.575
      vertex -89.15 -14 5
    endloop
  endfacet
  facet normal 0.996916 0.0784787 1.09012e-18
    outer loop
      vertex -89.15 -14 2.575
      vertex -89.1069 -14.5475 5
      vertex -89.1069 -14.5475 2.575
    endloop
  endfacet
  facet normal -0.76045 -0.649396 -2.42154e-18
    outer loop
      vertex -82.8184 -11.9428 2.575
      vertex -83.1751 -11.5251 5
      vertex -83.1751 -11.5251 2.575
    endloop
  endfacet
  facet normal -0.76045 -0.649396 -2.42154e-18
    outer loop
      vertex -83.1751 -11.5251 5
      vertex -82.8184 -11.9428 2.575
      vertex -82.8184 -11.9428 5
    endloop
  endfacet
  facet normal -0.852651 -0.522481 8.61031e-18
    outer loop
      vertex -82.5315 -12.411 2.575
      vertex -82.8184 -11.9428 5
      vertex -82.8184 -11.9428 2.575
    endloop
  endfacet
  facet normal -0.852651 -0.522481 8.61031e-18
    outer loop
      vertex -82.8184 -11.9428 5
      vertex -82.5315 -12.411 2.575
      vertex -82.5315 -12.411 5
    endloop
  endfacet
  facet normal -0.382727 -0.923861 0
    outer loop
      vertex -84.5684 -10.6713 2.575
      vertex -84.061 -10.8815 5
      vertex -84.5684 -10.6713 5
    endloop
  endfacet
  facet normal -0.382727 -0.923861 -0
    outer loop
      vertex -84.061 -10.8815 5
      vertex -84.5684 -10.6713 2.575
      vertex -84.061 -10.8815 2.575
    endloop
  endfacet
  facet normal 0.852651 -0.522481 -8.61031e-18
    outer loop
      vertex -88.7685 -12.411 5
      vertex -88.4816 -11.9428 2.575
      vertex -88.4816 -11.9428 5
    endloop
  endfacet
  facet normal 0.852651 -0.522481 -8.61031e-18
    outer loop
      vertex -88.4816 -11.9428 2.575
      vertex -88.7685 -12.411 5
      vertex -88.7685 -12.411 2.575
    endloop
  endfacet
  facet normal -0.996916 0.0784787 3.68885e-19
    outer loop
      vertex -82.1931 -14.5475 2.575
      vertex -82.15 -14 5
      vertex -82.15 -14 2.575
    endloop
  endfacet
  facet normal -0.996916 0.0784787 3.68885e-19
    outer loop
      vertex -82.15 -14 5
      vertex -82.1931 -14.5475 2.575
      vertex -82.1931 -14.5475 5
    endloop
  endfacet
  facet normal -0.2334 0.972381 0
    outer loop
      vertex -84.5684 -17.3287 2.575
      vertex -85.1025 -17.4569 5
      vertex -84.5684 -17.3287 5
    endloop
  endfacet
  facet normal -0.2334 0.972381 0
    outer loop
      vertex -85.1025 -17.4569 5
      vertex -84.5684 -17.3287 2.575
      vertex -85.1025 -17.4569 2.575
    endloop
  endfacet
  facet normal -0.972381 0.2334 -4.98052e-18
    outer loop
      vertex -82.3213 -15.0816 2.575
      vertex -82.1931 -14.5475 5
      vertex -82.1931 -14.5475 2.575
    endloop
  endfacet
  facet normal -0.972381 0.2334 -4.98052e-18
    outer loop
      vertex -82.1931 -14.5475 5
      vertex -82.3213 -15.0816 2.575
      vertex -82.3213 -15.0816 5
    endloop
  endfacet
  facet normal 0.522481 0.852651 -0
    outer loop
      vertex -87.239 -17.1185 2.575
      vertex -87.7072 -16.8316 5
      vertex -87.239 -17.1185 5
    endloop
  endfacet
  facet normal 0.522481 0.852651 0
    outer loop
      vertex -87.7072 -16.8316 5
      vertex -87.239 -17.1185 2.575
      vertex -87.7072 -16.8316 2.575
    endloop
  endfacet
  facet normal 0.382727 0.923861 -0
    outer loop
      vertex -86.7316 -17.3287 2.575
      vertex -87.239 -17.1185 5
      vertex -86.7316 -17.3287 5
    endloop
  endfacet
  facet normal 0.382727 0.923861 0
    outer loop
      vertex -87.239 -17.1185 5
      vertex -86.7316 -17.3287 2.575
      vertex -87.239 -17.1185 2.575
    endloop
  endfacet
  facet normal 0.0784787 0.996916 -0
    outer loop
      vertex -85.65 -17.5 2.575
      vertex -86.1975 -17.4569 5
      vertex -85.65 -17.5 5
    endloop
  endfacet
  facet normal 0.0784787 0.996916 0
    outer loop
      vertex -86.1975 -17.4569 5
      vertex -85.65 -17.5 2.575
      vertex -86.1975 -17.4569 2.575
    endloop
  endfacet
  facet normal 0.923861 0.382727 1.94865e-18
    outer loop
      vertex -88.7685 -15.589 5
      vertex -88.9787 -15.0816 2.575
      vertex -88.9787 -15.0816 5
    endloop
  endfacet
  facet normal 0.923861 0.382727 1.94865e-18
    outer loop
      vertex -88.9787 -15.0816 2.575
      vertex -88.7685 -15.589 5
      vertex -88.7685 -15.589 2.575
    endloop
  endfacet
  facet normal 0.972381 0.2334 4.98052e-18
    outer loop
      vertex -88.9787 -15.0816 5
      vertex -89.1069 -14.5475 2.575
      vertex -89.1069 -14.5475 5
    endloop
  endfacet
  facet normal 0.972381 0.2334 4.98052e-18
    outer loop
      vertex -89.1069 -14.5475 2.575
      vertex -88.9787 -15.0816 5
      vertex -88.9787 -15.0816 2.575
    endloop
  endfacet
  facet normal -0.382727 0.923861 0
    outer loop
      vertex -84.061 -17.1185 2.575
      vertex -84.5684 -17.3287 5
      vertex -84.061 -17.1185 5
    endloop
  endfacet
  facet normal -0.382727 0.923861 0
    outer loop
      vertex -84.5684 -17.3287 5
      vertex -84.061 -17.1185 2.575
      vertex -84.5684 -17.3287 2.575
    endloop
  endfacet
  facet normal -0.852651 0.522481 4.70208e-18
    outer loop
      vertex -82.8184 -16.0572 2.575
      vertex -82.5315 -15.589 5
      vertex -82.5315 -15.589 2.575
    endloop
  endfacet
  facet normal -0.852651 0.522481 4.70208e-18
    outer loop
      vertex -82.5315 -15.589 5
      vertex -82.8184 -16.0572 2.575
      vertex -82.8184 -16.0572 5
    endloop
  endfacet
  facet normal 0.2334 0.972381 -0
    outer loop
      vertex -86.1975 -17.4569 2.575
      vertex -86.7316 -17.3287 5
      vertex -86.1975 -17.4569 5
    endloop
  endfacet
  facet normal 0.2334 0.972381 0
    outer loop
      vertex -86.7316 -17.3287 5
      vertex -86.1975 -17.4569 2.575
      vertex -86.7316 -17.3287 2.575
    endloop
  endfacet
  facet normal 0.852651 0.522481 -4.70208e-18
    outer loop
      vertex -88.4816 -16.0572 5
      vertex -88.7685 -15.589 2.575
      vertex -88.7685 -15.589 5
    endloop
  endfacet
  facet normal 0.852651 0.522481 -4.70208e-18
    outer loop
      vertex -88.7685 -15.589 2.575
      vertex -88.4816 -16.0572 5
      vertex -88.4816 -16.0572 2.575
    endloop
  endfacet
  facet normal -0.923861 0.382727 -1.94865e-18
    outer loop
      vertex -82.5315 -15.589 2.575
      vertex -82.3213 -15.0816 5
      vertex -82.3213 -15.0816 2.575
    endloop
  endfacet
  facet normal -0.923861 0.382727 -1.94865e-18
    outer loop
      vertex -82.3213 -15.0816 5
      vertex -82.5315 -15.589 2.575
      vertex -82.5315 -15.589 5
    endloop
  endfacet
  facet normal -0.995176 -0.0981075 -7.23405e-19
    outer loop
      vertex -83.95 14 0
      vertex -83.9827 14.3317 2.575
      vertex -83.9827 14.3317 0
    endloop
  endfacet
  facet normal -0.995176 -0.0981075 -7.23405e-19
    outer loop
      vertex -83.9827 14.3317 2.575
      vertex -83.95 14 0
      vertex -83.95 14 2.575
    endloop
  endfacet
  facet normal 0.995176 -0.0981075 7.23405e-19
    outer loop
      vertex -87.35 14 2.575
      vertex -87.3173 14.3317 0
      vertex -87.3173 14.3317 2.575
    endloop
  endfacet
  facet normal 0.995176 -0.0981075 7.23405e-19
    outer loop
      vertex -87.3173 14.3317 0
      vertex -87.35 14 2.575
      vertex -87.35 14 0
    endloop
  endfacet
  facet normal -0.0981075 -0.995176 0
    outer loop
      vertex -85.65 15.7 0
      vertex -85.3183 15.6673 2.575
      vertex -85.65 15.7 2.575
    endloop
  endfacet
  facet normal -0.0981075 -0.995176 -0
    outer loop
      vertex -85.3183 15.6673 2.575
      vertex -85.65 15.7 0
      vertex -85.3183 15.6673 0
    endloop
  endfacet
  facet normal -0.634381 -0.773021 0
    outer loop
      vertex -84.7055 15.4135 0
      vertex -84.4479 15.2021 2.575
      vertex -84.7055 15.4135 2.575
    endloop
  endfacet
  facet normal -0.634381 -0.773021 -0
    outer loop
      vertex -84.4479 15.2021 2.575
      vertex -84.7055 15.4135 0
      vertex -84.4479 15.2021 0
    endloop
  endfacet
  facet normal -0.471413 -0.881912 0
    outer loop
      vertex -84.9994 15.5706 0
      vertex -84.7055 15.4135 2.575
      vertex -84.9994 15.5706 2.575
    endloop
  endfacet
  facet normal -0.471413 -0.881912 -0
    outer loop
      vertex -84.7055 15.4135 2.575
      vertex -84.9994 15.5706 0
      vertex -84.7055 15.4135 0
    endloop
  endfacet
  facet normal 0.634381 -0.773021 0
    outer loop
      vertex -86.8521 15.2021 0
      vertex -86.5945 15.4135 2.575
      vertex -86.8521 15.2021 2.575
    endloop
  endfacet
  facet normal 0.634381 -0.773021 0
    outer loop
      vertex -86.5945 15.4135 2.575
      vertex -86.8521 15.2021 0
      vertex -86.5945 15.4135 0
    endloop
  endfacet
  facet normal 0.290182 -0.956971 0
    outer loop
      vertex -86.3006 15.5706 0
      vertex -85.9817 15.6673 2.575
      vertex -86.3006 15.5706 2.575
    endloop
  endfacet
  facet normal 0.290182 -0.956971 0
    outer loop
      vertex -85.9817 15.6673 2.575
      vertex -86.3006 15.5706 0
      vertex -85.9817 15.6673 0
    endloop
  endfacet
  facet normal -0.773021 0.634381 2.36908e-20
    outer loop
      vertex -84.4479 12.7979 0
      vertex -84.2365 13.0555 2.575
      vertex -84.2365 13.0555 0
    endloop
  endfacet
  facet normal -0.773021 0.634381 2.36908e-20
    outer loop
      vertex -84.2365 13.0555 2.575
      vertex -84.4479 12.7979 0
      vertex -84.4479 12.7979 2.575
    endloop
  endfacet
  facet normal -0.881912 -0.471413 1.10947e-18
    outer loop
      vertex -84.0794 14.6506 0
      vertex -84.2365 14.9445 2.575
      vertex -84.2365 14.9445 0
    endloop
  endfacet
  facet normal -0.881912 -0.471413 1.10947e-18
    outer loop
      vertex -84.2365 14.9445 2.575
      vertex -84.0794 14.6506 0
      vertex -84.0794 14.6506 2.575
    endloop
  endfacet
  facet normal -0.956971 -0.290182 -1.65243e-18
    outer loop
      vertex -83.9827 14.3317 0
      vertex -84.0794 14.6506 2.575
      vertex -84.0794 14.6506 0
    endloop
  endfacet
  facet normal -0.956971 -0.290182 -1.65243e-18
    outer loop
      vertex -84.0794 14.6506 2.575
      vertex -83.9827 14.3317 0
      vertex -83.9827 14.3317 2.575
    endloop
  endfacet
  facet normal -0.773021 -0.634381 -2.36908e-20
    outer loop
      vertex -84.2365 14.9445 0
      vertex -84.4479 15.2021 2.575
      vertex -84.4479 15.2021 0
    endloop
  endfacet
  facet normal -0.773021 -0.634381 -2.36908e-20
    outer loop
      vertex -84.4479 15.2021 2.575
      vertex -84.2365 14.9445 0
      vertex -84.2365 14.9445 2.575
    endloop
  endfacet
  facet normal -0.290182 -0.956971 0
    outer loop
      vertex -85.3183 15.6673 0
      vertex -84.9994 15.5706 2.575
      vertex -85.3183 15.6673 2.575
    endloop
  endfacet
  facet normal -0.290182 -0.956971 -0
    outer loop
      vertex -84.9994 15.5706 2.575
      vertex -85.3183 15.6673 0
      vertex -84.9994 15.5706 0
    endloop
  endfacet
  facet normal 0.881912 -0.471413 -1.10947e-18
    outer loop
      vertex -87.2206 14.6506 2.575
      vertex -87.0635 14.9445 0
      vertex -87.0635 14.9445 2.575
    endloop
  endfacet
  facet normal 0.881912 -0.471413 -1.10947e-18
    outer loop
      vertex -87.0635 14.9445 0
      vertex -87.2206 14.6506 2.575
      vertex -87.2206 14.6506 0
    endloop
  endfacet
  facet normal 0.773021 -0.634381 3.54177e-18
    outer loop
      vertex -87.0635 14.9445 2.575
      vertex -86.8521 15.2021 0
      vertex -86.8521 15.2021 2.575
    endloop
  endfacet
  facet normal 0.773021 -0.634381 3.54177e-18
    outer loop
      vertex -86.8521 15.2021 0
      vertex -87.0635 14.9445 2.575
      vertex -87.0635 14.9445 0
    endloop
  endfacet
  facet normal 0.956971 -0.290182 -1.52213e-18
    outer loop
      vertex -87.3173 14.3317 2.575
      vertex -87.2206 14.6506 0
      vertex -87.2206 14.6506 2.575
    endloop
  endfacet
  facet normal 0.956971 -0.290182 -1.52213e-18
    outer loop
      vertex -87.2206 14.6506 0
      vertex -87.3173 14.3317 2.575
      vertex -87.3173 14.3317 0
    endloop
  endfacet
  facet normal 0.471413 -0.881912 0
    outer loop
      vertex -86.5945 15.4135 0
      vertex -86.3006 15.5706 2.575
      vertex -86.5945 15.4135 2.575
    endloop
  endfacet
  facet normal 0.471413 -0.881912 0
    outer loop
      vertex -86.3006 15.5706 2.575
      vertex -86.5945 15.4135 0
      vertex -86.3006 15.5706 0
    endloop
  endfacet
  facet normal 0.0981075 -0.995176 0
    outer loop
      vertex -85.9817 15.6673 0
      vertex -85.65 15.7 2.575
      vertex -85.9817 15.6673 2.575
    endloop
  endfacet
  facet normal 0.0981075 -0.995176 0
    outer loop
      vertex -85.65 15.7 2.575
      vertex -85.9817 15.6673 0
      vertex -85.65 15.7 0
    endloop
  endfacet
  facet normal -0.0981075 0.995176 0
    outer loop
      vertex -85.3183 12.3327 0
      vertex -85.65 12.3 2.575
      vertex -85.3183 12.3327 2.575
    endloop
  endfacet
  facet normal -0.0981075 0.995176 0
    outer loop
      vertex -85.65 12.3 2.575
      vertex -85.3183 12.3327 0
      vertex -85.65 12.3 0
    endloop
  endfacet
  facet normal -0.471413 0.881912 0
    outer loop
      vertex -84.7055 12.5865 0
      vertex -84.9994 12.4294 2.575
      vertex -84.7055 12.5865 2.575
    endloop
  endfacet
  facet normal -0.471413 0.881912 0
    outer loop
      vertex -84.9994 12.4294 2.575
      vertex -84.7055 12.5865 0
      vertex -84.9994 12.4294 0
    endloop
  endfacet
  facet normal -0.881912 0.471413 -1.10947e-18
    outer loop
      vertex -84.2365 13.0555 0
      vertex -84.0794 13.3494 2.575
      vertex -84.0794 13.3494 0
    endloop
  endfacet
  facet normal -0.881912 0.471413 -1.10947e-18
    outer loop
      vertex -84.0794 13.3494 2.575
      vertex -84.2365 13.0555 0
      vertex -84.2365 13.0555 2.575
    endloop
  endfacet
  facet normal -0.995176 0.0981075 7.23405e-19
    outer loop
      vertex -83.9827 13.6683 0
      vertex -83.95 14 2.575
      vertex -83.95 14 0
    endloop
  endfacet
  facet normal -0.995176 0.0981075 7.23405e-19
    outer loop
      vertex -83.95 14 2.575
      vertex -83.9827 13.6683 0
      vertex -83.9827 13.6683 2.575
    endloop
  endfacet
  facet normal 0.634381 0.773021 -0
    outer loop
      vertex -86.5945 12.5865 0
      vertex -86.8521 12.7979 2.575
      vertex -86.5945 12.5865 2.575
    endloop
  endfacet
  facet normal 0.634381 0.773021 0
    outer loop
      vertex -86.8521 12.7979 2.575
      vertex -86.5945 12.5865 0
      vertex -86.8521 12.7979 0
    endloop
  endfacet
  facet normal 0.290182 0.956971 -0
    outer loop
      vertex -85.9817 12.3327 0
      vertex -86.3006 12.4294 2.575
      vertex -85.9817 12.3327 2.575
    endloop
  endfacet
  facet normal 0.290182 0.956971 0
    outer loop
      vertex -86.3006 12.4294 2.575
      vertex -85.9817 12.3327 0
      vertex -86.3006 12.4294 0
    endloop
  endfacet
  facet normal 0.881912 0.471413 1.10947e-18
    outer loop
      vertex -87.0635 13.0555 2.575
      vertex -87.2206 13.3494 0
      vertex -87.2206 13.3494 2.575
    endloop
  endfacet
  facet normal 0.881912 0.471413 1.10947e-18
    outer loop
      vertex -87.2206 13.3494 0
      vertex -87.0635 13.0555 2.575
      vertex -87.0635 13.0555 0
    endloop
  endfacet
  facet normal 0.995176 0.0981075 -7.23405e-19
    outer loop
      vertex -87.3173 13.6683 2.575
      vertex -87.35 14 0
      vertex -87.35 14 2.575
    endloop
  endfacet
  facet normal 0.995176 0.0981075 -7.23405e-19
    outer loop
      vertex -87.35 14 0
      vertex -87.3173 13.6683 2.575
      vertex -87.3173 13.6683 0
    endloop
  endfacet
  facet normal -0.290182 0.956971 0
    outer loop
      vertex -84.9994 12.4294 0
      vertex -85.3183 12.3327 2.575
      vertex -84.9994 12.4294 2.575
    endloop
  endfacet
  facet normal -0.290182 0.956971 0
    outer loop
      vertex -85.3183 12.3327 2.575
      vertex -84.9994 12.4294 0
      vertex -85.3183 12.3327 0
    endloop
  endfacet
  facet normal -0.634381 0.773021 0
    outer loop
      vertex -84.4479 12.7979 0
      vertex -84.7055 12.5865 2.575
      vertex -84.4479 12.7979 2.575
    endloop
  endfacet
  facet normal -0.634381 0.773021 0
    outer loop
      vertex -84.7055 12.5865 2.575
      vertex -84.4479 12.7979 0
      vertex -84.7055 12.5865 0
    endloop
  endfacet
  facet normal -0.956971 0.290182 1.65243e-18
    outer loop
      vertex -84.0794 13.3494 0
      vertex -83.9827 13.6683 2.575
      vertex -83.9827 13.6683 0
    endloop
  endfacet
  facet normal -0.956971 0.290182 1.65243e-18
    outer loop
      vertex -83.9827 13.6683 2.575
      vertex -84.0794 13.3494 0
      vertex -84.0794 13.3494 2.575
    endloop
  endfacet
  facet normal 0.471413 0.881912 -0
    outer loop
      vertex -86.3006 12.4294 0
      vertex -86.5945 12.5865 2.575
      vertex -86.3006 12.4294 2.575
    endloop
  endfacet
  facet normal 0.471413 0.881912 0
    outer loop
      vertex -86.5945 12.5865 2.575
      vertex -86.3006 12.4294 0
      vertex -86.5945 12.5865 0
    endloop
  endfacet
  facet normal 0.0981075 0.995176 -0
    outer loop
      vertex -85.65 12.3 0
      vertex -85.9817 12.3327 2.575
      vertex -85.65 12.3 2.575
    endloop
  endfacet
  facet normal 0.0981075 0.995176 0
    outer loop
      vertex -85.9817 12.3327 2.575
      vertex -85.65 12.3 0
      vertex -85.9817 12.3327 0
    endloop
  endfacet
  facet normal 0.773021 0.634381 -3.54177e-18
    outer loop
      vertex -86.8521 12.7979 2.575
      vertex -87.0635 13.0555 0
      vertex -87.0635 13.0555 2.575
    endloop
  endfacet
  facet normal 0.773021 0.634381 -3.54177e-18
    outer loop
      vertex -87.0635 13.0555 0
      vertex -86.8521 12.7979 2.575
      vertex -86.8521 12.7979 0
    endloop
  endfacet
  facet normal 0.956971 0.290182 1.52213e-18
    outer loop
      vertex -87.2206 13.3494 2.575
      vertex -87.3173 13.6683 0
      vertex -87.3173 13.6683 2.575
    endloop
  endfacet
  facet normal 0.956971 0.290182 1.52213e-18
    outer loop
      vertex -87.3173 13.6683 0
      vertex -87.2206 13.3494 2.575
      vertex -87.2206 13.3494 0
    endloop
  endfacet
  facet normal -0.996916 -0.0784787 -3.68885e-19
    outer loop
      vertex -82.15 14 2.575
      vertex -82.1931 14.5475 5
      vertex -82.1931 14.5475 2.575
    endloop
  endfacet
  facet normal -0.996916 -0.0784787 -3.68885e-19
    outer loop
      vertex -82.1931 14.5475 5
      vertex -82.15 14 2.575
      vertex -82.15 14 5
    endloop
  endfacet
  facet normal 0.0784787 -0.996916 0
    outer loop
      vertex -86.1975 17.4569 2.575
      vertex -85.65 17.5 5
      vertex -86.1975 17.4569 5
    endloop
  endfacet
  facet normal 0.0784787 -0.996916 0
    outer loop
      vertex -85.65 17.5 5
      vertex -86.1975 17.4569 2.575
      vertex -85.65 17.5 2.575
    endloop
  endfacet
  facet normal -0.649396 -0.76045 0
    outer loop
      vertex -83.5928 16.8316 2.575
      vertex -83.1751 16.4749 5
      vertex -83.5928 16.8316 5
    endloop
  endfacet
  facet normal -0.649396 -0.76045 -0
    outer loop
      vertex -83.1751 16.4749 5
      vertex -83.5928 16.8316 2.575
      vertex -83.1751 16.4749 2.575
    endloop
  endfacet
  facet normal 0.76045 -0.649396 2.42154e-18
    outer loop
      vertex -88.4816 16.0572 5
      vertex -88.1249 16.4749 2.575
      vertex -88.1249 16.4749 5
    endloop
  endfacet
  facet normal 0.76045 -0.649396 2.42154e-18
    outer loop
      vertex -88.1249 16.4749 2.575
      vertex -88.4816 16.0572 5
      vertex -88.4816 16.0572 2.575
    endloop
  endfacet
  facet normal 0.522481 -0.852651 0
    outer loop
      vertex -87.7072 16.8316 2.575
      vertex -87.239 17.1185 5
      vertex -87.7072 16.8316 5
    endloop
  endfacet
  facet normal 0.522481 -0.852651 0
    outer loop
      vertex -87.239 17.1185 5
      vertex -87.7072 16.8316 2.575
      vertex -87.239 17.1185 2.575
    endloop
  endfacet
  facet normal -0.923861 -0.382727 1.94865e-18
    outer loop
      vertex -82.3213 15.0816 2.575
      vertex -82.5315 15.589 5
      vertex -82.5315 15.589 2.575
    endloop
  endfacet
  facet normal -0.923861 -0.382727 1.94865e-18
    outer loop
      vertex -82.5315 15.589 5
      vertex -82.3213 15.0816 2.575
      vertex -82.3213 15.0816 5
    endloop
  endfacet
  facet normal -0.972381 -0.2334 4.98052e-18
    outer loop
      vertex -82.1931 14.5475 2.575
      vertex -82.3213 15.0816 5
      vertex -82.3213 15.0816 2.575
    endloop
  endfacet
  facet normal -0.972381 -0.2334 4.98052e-18
    outer loop
      vertex -82.3213 15.0816 5
      vertex -82.1931 14.5475 2.575
      vertex -82.1931 14.5475 5
    endloop
  endfacet
  facet normal -0.2334 -0.972381 0
    outer loop
      vertex -85.1025 17.4569 2.575
      vertex -84.5684 17.3287 5
      vertex -85.1025 17.4569 5
    endloop
  endfacet
  facet normal -0.2334 -0.972381 -0
    outer loop
      vertex -84.5684 17.3287 5
      vertex -85.1025 17.4569 2.575
      vertex -84.5684 17.3287 2.575
    endloop
  endfacet
  facet normal -0.0784787 -0.996916 0
    outer loop
      vertex -85.65 17.5 2.575
      vertex -85.1025 17.4569 5
      vertex -85.65 17.5 5
    endloop
  endfacet
  facet normal -0.0784787 -0.996916 -0
    outer loop
      vertex -85.1025 17.4569 5
      vertex -85.65 17.5 2.575
      vertex -85.1025 17.4569 2.575
    endloop
  endfacet
  facet normal -0.522481 -0.852651 0
    outer loop
      vertex -84.061 17.1185 2.575
      vertex -83.5928 16.8316 5
      vertex -84.061 17.1185 5
    endloop
  endfacet
  facet normal -0.522481 -0.852651 -0
    outer loop
      vertex -83.5928 16.8316 5
      vertex -84.061 17.1185 2.575
      vertex -83.5928 16.8316 2.575
    endloop
  endfacet
  facet normal 0.923861 -0.382727 -1.94865e-18
    outer loop
      vertex -88.9787 15.0816 5
      vertex -88.7685 15.589 2.575
      vertex -88.7685 15.589 5
    endloop
  endfacet
  facet normal 0.923861 -0.382727 -1.94865e-18
    outer loop
      vertex -88.7685 15.589 2.575
      vertex -88.9787 15.0816 5
      vertex -88.9787 15.0816 2.575
    endloop
  endfacet
  facet normal 0 0 1
    outer loop
      vertex -83.95 14 2.575
      vertex -82.15 14 2.575
      vertex -82.1931 14.5475 2.575
    endloop
  endfacet
  facet normal 0 0 1
    outer loop
      vertex -83.9827 14.3317 2.575
      vertex -82.1931 14.5475 2.575
      vertex -82.3213 15.0816 2.575
    endloop
  endfacet
  facet normal 0 0 1
    outer loop
      vertex -82.15 14 2.575
      vertex -83.95 14 2.575
      vertex -82.1931 13.4525 2.575
    endloop
  endfacet
  facet normal 0 0 1
    outer loop
      vertex -84.0794 14.6506 2.575
      vertex -82.3213 15.0816 2.575
      vertex -82.5315 15.589 2.575
    endloop
  endfacet
  facet normal -0 0 1
    outer loop
      vertex -83.9827 13.6683 2.575
      vertex -82.1931 13.4525 2.575
      vertex -83.95 14 2.575
    endloop
  endfacet
  facet normal 0 0 1
    outer loop
      vertex -84.2365 14.9445 2.575
      vertex -82.5315 15.589 2.575
      vertex -82.8184 16.0572 2.575
    endloop
  endfacet
  facet normal 0 0 1
    outer loop
      vertex -82.1931 13.4525 2.575
      vertex -83.9827 13.6683 2.575
      vertex -82.3213 12.9184 2.575
    endloop
  endfacet
  facet normal 0 0 1
    outer loop
      vertex -84.4479 15.2021 2.575
      vertex -82.8184 16.0572 2.575
      vertex -83.1751 16.4749 2.575
    endloop
  endfacet
  facet normal -0 0 1
    outer loop
      vertex -84.0794 13.3494 2.575
      vertex -82.3213 12.9184 2.575
      vertex -83.9827 13.6683 2.575
    endloop
  endfacet
  facet normal 0 0 1
    outer loop
      vertex -84.4479 15.2021 2.575
      vertex -83.1751 16.4749 2.575
      vertex -83.5928 16.8316 2.575
    endloop
  endfacet
  facet normal 0 0 1
    outer loop
      vertex -82.3213 12.9184 2.575
      vertex -84.0794 13.3494 2.575
      vertex -82.5315 12.411 2.575
    endloop
  endfacet
  facet normal -0 0 1
    outer loop
      vertex -84.2365 13.0555 2.575
      vertex -82.5315 12.411 2.575
      vertex -84.0794 13.3494 2.575
    endloop
  endfacet
  facet normal 0 0 1
    outer loop
      vertex -82.1931 14.5475 2.575
      vertex -83.9827 14.3317 2.575
      vertex -83.95 14 2.575
    endloop
  endfacet
  facet normal 0 0 1
    outer loop
      vertex -84.7055 15.4135 2.575
      vertex -83.5928 16.8316 2.575
      vertex -84.061 17.1185 2.575
    endloop
  endfacet
  facet normal 0 0 1
    outer loop
      vertex -82.3213 15.0816 2.575
      vertex -84.0794 14.6506 2.575
      vertex -83.9827 14.3317 2.575
    endloop
  endfacet
  facet normal 0 0 1
    outer loop
      vertex -82.5315 15.589 2.575
      vertex -84.2365 14.9445 2.575
      vertex -84.0794 14.6506 2.575
    endloop
  endfacet
  facet normal 0 0 1
    outer loop
      vertex -82.8184 16.0572 2.575
      vertex -84.4479 15.2021 2.575
      vertex -84.2365 14.9445 2.575
    endloop
  endfacet
  facet normal 0 0 1
    outer loop
      vertex -84.9994 15.5706 2.575
      vertex -84.061 17.1185 2.575
      vertex -84.5684 17.3287 2.575
    endloop
  endfacet
  facet normal 0 0 1
    outer loop
      vertex -83.5928 16.8316 2.575
      vertex -84.7055 15.4135 2.575
      vertex -84.4479 15.2021 2.575
    endloop
  endfacet
  facet normal 0 0 1
    outer loop
      vertex -84.061 17.1185 2.575
      vertex -84.9994 15.5706 2.575
      vertex -84.7055 15.4135 2.575
    endloop
  endfacet
  facet normal 0 0 1
    outer loop
      vertex -85.3183 15.6673 2.575
      vertex -84.5684 17.3287 2.575
      vertex -85.1025 17.4569 2.575
    endloop
  endfacet
  facet normal 0 0 1
    outer loop
      vertex -84.5684 17.3287 2.575
      vertex -85.3183 15.6673 2.575
      vertex -84.9994 15.5706 2.575
    endloop
  endfacet
  facet normal 0 0 1
    outer loop
      vertex -85.65 15.7 2.575
      vertex -85.1025 17.4569 2.575
      vertex -85.65 17.5 2.575
    endloop
  endfacet
  facet normal 0 0 1
    outer loop
      vertex -85.1025 17.4569 2.575
      vertex -85.65 15.7 2.575
      vertex -85.3183 15.6673 2.575
    endloop
  endfacet
  facet normal -0 0 1
    outer loop
      vertex -86.1975 17.4569 2.575
      vertex -85.65 15.7 2.575
      vertex -85.65 17.5 2.575
    endloop
  endfacet
  facet normal 0 0 1
    outer loop
      vertex -85.65 15.7 2.575
      vertex -86.1975 17.4569 2.575
      vertex -85.9817 15.6673 2.575
    endloop
  endfacet
  facet normal -0 0 1
    outer loop
      vertex -86.7316 17.3287 2.575
      vertex -85.9817 15.6673 2.575
      vertex -86.1975 17.4569 2.575
    endloop
  endfacet
  facet normal 0 0 1
    outer loop
      vertex -85.9817 15.6673 2.575
      vertex -86.7316 17.3287 2.575
      vertex -86.3006 15.5706 2.575
    endloop
  endfacet
  facet normal -0 0 1
    outer loop
      vertex -87.239 17.1185 2.575
      vertex -86.3006 15.5706 2.575
      vertex -86.7316 17.3287 2.575
    endloop
  endfacet
  facet normal 0 0 1
    outer loop
      vertex -86.3006 15.5706 2.575
      vertex -87.239 17.1185 2.575
      vertex -86.5945 15.4135 2.575
    endloop
  endfacet
  facet normal -0 0 1
    outer loop
      vertex -87.7072 16.8316 2.575
      vertex -86.5945 15.4135 2.575
      vertex -87.239 17.1185 2.575
    endloop
  endfacet
  facet normal 0 0 1
    outer loop
      vertex -86.5945 15.4135 2.575
      vertex -87.7072 16.8316 2.575
      vertex -86.8521 15.2021 2.575
    endloop
  endfacet
  facet normal -0 0 1
    outer loop
      vertex -88.1249 16.4749 2.575
      vertex -86.8521 15.2021 2.575
      vertex -87.7072 16.8316 2.575
    endloop
  endfacet
  facet normal -0 0 1
    outer loop
      vertex -88.4816 16.0572 2.575
      vertex -86.8521 15.2021 2.575
      vertex -88.1249 16.4749 2.575
    endloop
  endfacet
  facet normal 0 0 1
    outer loop
      vertex -86.8521 15.2021 2.575
      vertex -88.4816 16.0572 2.575
      vertex -87.0635 14.9445 2.575
    endloop
  endfacet
  facet normal -0 0 1
    outer loop
      vertex -88.7685 15.589 2.575
      vertex -87.0635 14.9445 2.575
      vertex -88.4816 16.0572 2.575
    endloop
  endfacet
  facet normal 0 0 1
    outer loop
      vertex -82.5315 12.411 2.575
      vertex -84.2365 13.0555 2.575
      vertex -82.8184 11.9428 2.575
    endloop
  endfacet
  facet normal -0 0 1
    outer loop
      vertex -84.4479 12.7979 2.575
      vertex -82.8184 11.9428 2.575
      vertex -84.2365 13.0555 2.575
    endloop
  endfacet
  facet normal 0 0 1
    outer loop
      vertex -82.8184 11.9428 2.575
      vertex -84.4479 12.7979 2.575
      vertex -83.1751 11.5251 2.575
    endloop
  endfacet
  facet normal 0 0 1
    outer loop
      vertex -83.1751 11.5251 2.575
      vertex -84.4479 12.7979 2.575
      vertex -83.5928 11.1684 2.575
    endloop
  endfacet
  facet normal -0 0 1
    outer loop
      vertex -84.7055 12.5865 2.575
      vertex -83.5928 11.1684 2.575
      vertex -84.4479 12.7979 2.575
    endloop
  endfacet
  facet normal 0 0 1
    outer loop
      vertex -83.5928 11.1684 2.575
      vertex -84.7055 12.5865 2.575
      vertex -84.061 10.8815 2.575
    endloop
  endfacet
  facet normal -0 0 1
    outer loop
      vertex -84.9994 12.4294 2.575
      vertex -84.061 10.8815 2.575
      vertex -84.7055 12.5865 2.575
    endloop
  endfacet
  facet normal 0 0 1
    outer loop
      vertex -84.061 10.8815 2.575
      vertex -84.9994 12.4294 2.575
      vertex -84.5684 10.6713 2.575
    endloop
  endfacet
  facet normal -0 0 1
    outer loop
      vertex -85.3183 12.3327 2.575
      vertex -84.5684 10.6713 2.575
      vertex -84.9994 12.4294 2.575
    endloop
  endfacet
  facet normal 0 0 1
    outer loop
      vertex -84.5684 10.6713 2.575
      vertex -85.3183 12.3327 2.575
      vertex -85.1025 10.5431 2.575
    endloop
  endfacet
  facet normal -0 0 1
    outer loop
      vertex -85.65 12.3 2.575
      vertex -85.1025 10.5431 2.575
      vertex -85.3183 12.3327 2.575
    endloop
  endfacet
  facet normal 0 0 1
    outer loop
      vertex -85.65 12.3 2.575
      vertex -85.65 10.5 2.575
      vertex -85.1025 10.5431 2.575
    endloop
  endfacet
  facet normal 0 0 1
    outer loop
      vertex -86.1975 10.5431 2.575
      vertex -85.65 12.3 2.575
      vertex -85.9817 12.3327 2.575
    endloop
  endfacet
  facet normal 0 0 1
    outer loop
      vertex -85.65 12.3 2.575
      vertex -86.1975 10.5431 2.575
      vertex -85.65 10.5 2.575
    endloop
  endfacet
  facet normal 0 0 1
    outer loop
      vertex -86.7316 10.6713 2.575
      vertex -85.9817 12.3327 2.575
      vertex -86.3006 12.4294 2.575
    endloop
  endfacet
  facet normal 0 0 1
    outer loop
      vertex -87.239 10.8815 2.575
      vertex -86.3006 12.4294 2.575
      vertex -86.5945 12.5865 2.575
    endloop
  endfacet
  facet normal 0 0 1
    outer loop
      vertex -85.9817 12.3327 2.575
      vertex -86.7316 10.6713 2.575
      vertex -86.1975 10.5431 2.575
    endloop
  endfacet
  facet normal 0 0 1
    outer loop
      vertex -87.7072 11.1684 2.575
      vertex -86.5945 12.5865 2.575
      vertex -86.8521 12.7979 2.575
    endloop
  endfacet
  facet normal 0 0 1
    outer loop
      vertex -88.4816 11.9428 2.575
      vertex -86.8521 12.7979 2.575
      vertex -87.0635 13.0555 2.575
    endloop
  endfacet
  facet normal 0 0 1
    outer loop
      vertex -88.7685 12.411 2.575
      vertex -87.0635 13.0555 2.575
      vertex -87.2206 13.3494 2.575
    endloop
  endfacet
  facet normal 0 0 1
    outer loop
      vertex -86.3006 12.4294 2.575
      vertex -87.239 10.8815 2.575
      vertex -86.7316 10.6713 2.575
    endloop
  endfacet
  facet normal 0 0 1
    outer loop
      vertex -88.9787 12.9184 2.575
      vertex -87.2206 13.3494 2.575
      vertex -87.3173 13.6683 2.575
    endloop
  endfacet
  facet normal 0 0 1
    outer loop
      vertex -89.1069 13.4525 2.575
      vertex -87.3173 13.6683 2.575
      vertex -87.35 14 2.575
    endloop
  endfacet
  facet normal 0 0 1
    outer loop
      vertex -87.0635 14.9445 2.575
      vertex -88.7685 15.589 2.575
      vertex -87.2206 14.6506 2.575
    endloop
  endfacet
  facet normal 0 0 1
    outer loop
      vertex -86.5945 12.5865 2.575
      vertex -87.7072 11.1684 2.575
      vertex -87.239 10.8815 2.575
    endloop
  endfacet
  facet normal -0 0 1
    outer loop
      vertex -88.9787 15.0816 2.575
      vertex -87.2206 14.6506 2.575
      vertex -88.7685 15.589 2.575
    endloop
  endfacet
  facet normal 0 0 1
    outer loop
      vertex -86.8521 12.7979 2.575
      vertex -88.1249 11.5251 2.575
      vertex -87.7072 11.1684 2.575
    endloop
  endfacet
  facet normal 0 0 1
    outer loop
      vertex -87.2206 14.6506 2.575
      vertex -88.9787 15.0816 2.575
      vertex -87.3173 14.3317 2.575
    endloop
  endfacet
  facet normal 0 0 1
    outer loop
      vertex -86.8521 12.7979 2.575
      vertex -88.4816 11.9428 2.575
      vertex -88.1249 11.5251 2.575
    endloop
  endfacet
  facet normal -0 0 1
    outer loop
      vertex -89.1069 14.5475 2.575
      vertex -87.3173 14.3317 2.575
      vertex -88.9787 15.0816 2.575
    endloop
  endfacet
  facet normal 0 0 1
    outer loop
      vertex -87.0635 13.0555 2.575
      vertex -88.7685 12.411 2.575
      vertex -88.4816 11.9428 2.575
    endloop
  endfacet
  facet normal 0 0 1
    outer loop
      vertex -87.3173 14.3317 2.575
      vertex -89.1069 14.5475 2.575
      vertex -87.35 14 2.575
    endloop
  endfacet
  facet normal 0 0 1
    outer loop
      vertex -87.2206 13.3494 2.575
      vertex -88.9787 12.9184 2.575
      vertex -88.7685 12.411 2.575
    endloop
  endfacet
  facet normal 0 0 1
    outer loop
      vertex -89.15 14 2.575
      vertex -87.35 14 2.575
      vertex -89.1069 14.5475 2.575
    endloop
  endfacet
  facet normal 0 0 1
    outer loop
      vertex -87.3173 13.6683 2.575
      vertex -89.1069 13.4525 2.575
      vertex -88.9787 12.9184 2.575
    endloop
  endfacet
  facet normal 0 0 1
    outer loop
      vertex -87.35 14 2.575
      vertex -89.15 14 2.575
      vertex -89.1069 13.4525 2.575
    endloop
  endfacet
  facet normal 0.852651 -0.522481 4.70208e-18
    outer loop
      vertex -88.7685 15.589 5
      vertex -88.4816 16.0572 2.575
      vertex -88.4816 16.0572 5
    endloop
  endfacet
  facet normal 0.852651 -0.522481 4.70208e-18
    outer loop
      vertex -88.4816 16.0572 2.575
      vertex -88.7685 15.589 5
      vertex -88.7685 15.589 2.575
    endloop
  endfacet
  facet normal 0.649396 -0.76045 0
    outer loop
      vertex -88.1249 16.4749 2.575
      vertex -87.7072 16.8316 5
      vertex -88.1249 16.4749 5
    endloop
  endfacet
  facet normal 0.649396 -0.76045 0
    outer loop
      vertex -87.7072 16.8316 5
      vertex -88.1249 16.4749 2.575
      vertex -87.7072 16.8316 2.575
    endloop
  endfacet
  facet normal 0.382727 -0.923861 0
    outer loop
      vertex -87.239 17.1185 2.575
      vertex -86.7316 17.3287 5
      vertex -87.239 17.1185 5
    endloop
  endfacet
  facet normal 0.382727 -0.923861 0
    outer loop
      vertex -86.7316 17.3287 5
      vertex -87.239 17.1185 2.575
      vertex -86.7316 17.3287 2.575
    endloop
  endfacet
  facet normal -0.649396 0.76045 0
    outer loop
      vertex -83.1751 11.5251 2.575
      vertex -83.5928 11.1684 5
      vertex -83.1751 11.5251 5
    endloop
  endfacet
  facet normal -0.649396 0.76045 0
    outer loop
      vertex -83.5928 11.1684 5
      vertex -83.1751 11.5251 2.575
      vertex -83.5928 11.1684 2.575
    endloop
  endfacet
  facet normal -0.852651 0.522481 -8.61031e-18
    outer loop
      vertex -82.8184 11.9428 2.575
      vertex -82.5315 12.411 5
      vertex -82.5315 12.411 2.575
    endloop
  endfacet
  facet normal -0.852651 0.522481 -8.61031e-18
    outer loop
      vertex -82.5315 12.411 5
      vertex -82.8184 11.9428 2.575
      vertex -82.8184 11.9428 5
    endloop
  endfacet
  facet normal -0.972381 0.2334 -4.98052e-18
    outer loop
      vertex -82.3213 12.9184 2.575
      vertex -82.1931 13.4525 5
      vertex -82.1931 13.4525 2.575
    endloop
  endfacet
  facet normal -0.972381 0.2334 -4.98052e-18
    outer loop
      vertex -82.1931 13.4525 5
      vertex -82.3213 12.9184 2.575
      vertex -82.3213 12.9184 5
    endloop
  endfacet
  facet normal 0.2334 0.972381 -0
    outer loop
      vertex -86.1975 10.5431 2.575
      vertex -86.7316 10.6713 5
      vertex -86.1975 10.5431 5
    endloop
  endfacet
  facet normal 0.2334 0.972381 0
    outer loop
      vertex -86.7316 10.6713 5
      vertex -86.1975 10.5431 2.575
      vertex -86.7316 10.6713 2.575
    endloop
  endfacet
  facet normal 0.522481 0.852651 -0
    outer loop
      vertex -87.239 10.8815 2.575
      vertex -87.7072 11.1684 5
      vertex -87.239 10.8815 5
    endloop
  endfacet
  facet normal 0.522481 0.852651 0
    outer loop
      vertex -87.7072 11.1684 5
      vertex -87.239 10.8815 2.575
      vertex -87.7072 11.1684 2.575
    endloop
  endfacet
  facet normal 0.0784787 0.996916 -0
    outer loop
      vertex -85.65 10.5 2.575
      vertex -86.1975 10.5431 5
      vertex -85.65 10.5 5
    endloop
  endfacet
  facet normal 0.0784787 0.996916 0
    outer loop
      vertex -86.1975 10.5431 5
      vertex -85.65 10.5 2.575
      vertex -86.1975 10.5431 2.575
    endloop
  endfacet
  facet normal 0.972381 0.2334 4.98052e-18
    outer loop
      vertex -88.9787 12.9184 5
      vertex -89.1069 13.4525 2.575
      vertex -89.1069 13.4525 5
    endloop
  endfacet
  facet normal 0.972381 0.2334 4.98052e-18
    outer loop
      vertex -89.1069 13.4525 2.575
      vertex -88.9787 12.9184 5
      vertex -88.9787 12.9184 2.575
    endloop
  endfacet
  facet normal -0.76045 -0.649396 -2.42154e-18
    outer loop
      vertex -82.8184 16.0572 2.575
      vertex -83.1751 16.4749 5
      vertex -83.1751 16.4749 2.575
    endloop
  endfacet
  facet normal -0.76045 -0.649396 -2.42154e-18
    outer loop
      vertex -83.1751 16.4749 5
      vertex -82.8184 16.0572 2.575
      vertex -82.8184 16.0572 5
    endloop
  endfacet
  facet normal -0.852651 -0.522481 -4.70208e-18
    outer loop
      vertex -82.5315 15.589 2.575
      vertex -82.8184 16.0572 5
      vertex -82.8184 16.0572 2.575
    endloop
  endfacet
  facet normal -0.852651 -0.522481 -4.70208e-18
    outer loop
      vertex -82.8184 16.0572 5
      vertex -82.5315 15.589 2.575
      vertex -82.5315 15.589 5
    endloop
  endfacet
  facet normal -0.382727 -0.923861 0
    outer loop
      vertex -84.5684 17.3287 2.575
      vertex -84.061 17.1185 5
      vertex -84.5684 17.3287 5
    endloop
  endfacet
  facet normal -0.382727 -0.923861 -0
    outer loop
      vertex -84.061 17.1185 5
      vertex -84.5684 17.3287 2.575
      vertex -84.061 17.1185 2.575
    endloop
  endfacet
  facet normal 0.972381 -0.2334 -4.98052e-18
    outer loop
      vertex -89.1069 14.5475 5
      vertex -88.9787 15.0816 2.575
      vertex -88.9787 15.0816 5
    endloop
  endfacet
  facet normal 0.972381 -0.2334 -4.98052e-18
    outer loop
      vertex -88.9787 15.0816 2.575
      vertex -89.1069 14.5475 5
      vertex -89.1069 14.5475 2.575
    endloop
  endfacet
  facet normal 0.996916 -0.0784787 -1.09012e-18
    outer loop
      vertex -89.15 14 5
      vertex -89.1069 14.5475 2.575
      vertex -89.1069 14.5475 5
    endloop
  endfacet
  facet normal 0.996916 -0.0784787 -1.09012e-18
    outer loop
      vertex -89.1069 14.5475 2.575
      vertex -89.15 14 5
      vertex -89.15 14 2.575
    endloop
  endfacet
  facet normal 0.996916 0.0784787 1.09012e-18
    outer loop
      vertex -89.1069 13.4525 5
      vertex -89.15 14 2.575
      vertex -89.15 14 5
    endloop
  endfacet
  facet normal 0.996916 0.0784787 1.09012e-18
    outer loop
      vertex -89.15 14 2.575
      vertex -89.1069 13.4525 5
      vertex -89.1069 13.4525 2.575
    endloop
  endfacet
  facet normal 0.2334 -0.972381 0
    outer loop
      vertex -86.7316 17.3287 2.575
      vertex -86.1975 17.4569 5
      vertex -86.7316 17.3287 5
    endloop
  endfacet
  facet normal 0.2334 -0.972381 0
    outer loop
      vertex -86.1975 17.4569 5
      vertex -86.7316 17.3287 2.575
      vertex -86.1975 17.4569 2.575
    endloop
  endfacet
  facet normal -0.996916 0.0784787 3.68885e-19
    outer loop
      vertex -82.1931 13.4525 2.575
      vertex -82.15 14 5
      vertex -82.15 14 2.575
    endloop
  endfacet
  facet normal -0.996916 0.0784787 3.68885e-19
    outer loop
      vertex -82.15 14 5
      vertex -82.1931 13.4525 2.575
      vertex -82.1931 13.4525 5
    endloop
  endfacet
  facet normal -0.2334 0.972381 0
    outer loop
      vertex -84.5684 10.6713 2.575
      vertex -85.1025 10.5431 5
      vertex -84.5684 10.6713 5
    endloop
  endfacet
  facet normal -0.2334 0.972381 0
    outer loop
      vertex -85.1025 10.5431 5
      vertex -84.5684 10.6713 2.575
      vertex -85.1025 10.5431 2.575
    endloop
  endfacet
  facet normal -0.522481 0.852651 0
    outer loop
      vertex -83.5928 11.1684 2.575
      vertex -84.061 10.8815 5
      vertex -83.5928 11.1684 5
    endloop
  endfacet
  facet normal -0.522481 0.852651 0
    outer loop
      vertex -84.061 10.8815 5
      vertex -83.5928 11.1684 2.575
      vertex -84.061 10.8815 2.575
    endloop
  endfacet
  facet normal -0.76045 0.649396 2.42154e-18
    outer loop
      vertex -83.1751 11.5251 2.575
      vertex -82.8184 11.9428 5
      vertex -82.8184 11.9428 2.575
    endloop
  endfacet
  facet normal -0.76045 0.649396 2.42154e-18
    outer loop
      vertex -82.8184 11.9428 5
      vertex -83.1751 11.5251 2.575
      vertex -83.1751 11.5251 5
    endloop
  endfacet
  facet normal -0.923861 0.382727 -1.94865e-18
    outer loop
      vertex -82.5315 12.411 2.575
      vertex -82.3213 12.9184 5
      vertex -82.3213 12.9184 2.575
    endloop
  endfacet
  facet normal -0.923861 0.382727 -1.94865e-18
    outer loop
      vertex -82.3213 12.9184 5
      vertex -82.5315 12.411 2.575
      vertex -82.5315 12.411 5
    endloop
  endfacet
  facet normal 0.382727 0.923861 -0
    outer loop
      vertex -86.7316 10.6713 2.575
      vertex -87.239 10.8815 5
      vertex -86.7316 10.6713 5
    endloop
  endfacet
  facet normal 0.382727 0.923861 0
    outer loop
      vertex -87.239 10.8815 5
      vertex -86.7316 10.6713 2.575
      vertex -87.239 10.8815 2.575
    endloop
  endfacet
  facet normal -0.0784787 0.996916 0
    outer loop
      vertex -85.1025 10.5431 2.575
      vertex -85.65 10.5 5
      vertex -85.1025 10.5431 5
    endloop
  endfacet
  facet normal -0.0784787 0.996916 0
    outer loop
      vertex -85.65 10.5 5
      vertex -85.1025 10.5431 2.575
      vertex -85.65 10.5 2.575
    endloop
  endfacet
  facet normal 0.852651 0.522481 8.61031e-18
    outer loop
      vertex -88.4816 11.9428 5
      vertex -88.7685 12.411 2.575
      vertex -88.7685 12.411 5
    endloop
  endfacet
  facet normal 0.852651 0.522481 8.61031e-18
    outer loop
      vertex -88.7685 12.411 2.575
      vertex -88.4816 11.9428 5
      vertex -88.4816 11.9428 2.575
    endloop
  endfacet
  facet normal 0.649396 0.76045 -0
    outer loop
      vertex -87.7072 11.1684 2.575
      vertex -88.1249 11.5251 5
      vertex -87.7072 11.1684 5
    endloop
  endfacet
  facet normal 0.649396 0.76045 0
    outer loop
      vertex -88.1249 11.5251 5
      vertex -87.7072 11.1684 2.575
      vertex -88.1249 11.5251 2.575
    endloop
  endfacet
  facet normal 0.923861 0.382727 1.94865e-18
    outer loop
      vertex -88.7685 12.411 5
      vertex -88.9787 12.9184 2.575
      vertex -88.9787 12.9184 5
    endloop
  endfacet
  facet normal 0.923861 0.382727 1.94865e-18
    outer loop
      vertex -88.9787 12.9184 2.575
      vertex -88.7685 12.411 5
      vertex -88.7685 12.411 2.575
    endloop
  endfacet
  facet normal -0.382727 0.923861 0
    outer loop
      vertex -84.061 10.8815 2.575
      vertex -84.5684 10.6713 5
      vertex -84.061 10.8815 5
    endloop
  endfacet
  facet normal -0.382727 0.923861 0
    outer loop
      vertex -84.5684 10.6713 5
      vertex -84.061 10.8815 2.575
      vertex -84.5684 10.6713 2.575
    endloop
  endfacet
  facet normal 0.76045 0.649396 -2.42154e-18
    outer loop
      vertex -88.1249 11.5251 5
      vertex -88.4816 11.9428 2.575
      vertex -88.4816 11.9428 5
    endloop
  endfacet
  facet normal 0.76045 0.649396 -2.42154e-18
    outer loop
      vertex -88.4816 11.9428 2.575
      vertex -88.1249 11.5251 5
      vertex -88.1249 11.5251 2.575
    endloop
  endfacet
  facet normal -0.995176 -0.0981075 -7.23405e-19
    outer loop
      vertex 87.35 -14 0
      vertex 87.3173 -13.6683 2.575
      vertex 87.3173 -13.6683 0
    endloop
  endfacet
  facet normal -0.995176 -0.0981075 -7.23405e-19
    outer loop
      vertex 87.3173 -13.6683 2.575
      vertex 87.35 -14 0
      vertex 87.35 -14 2.575
    endloop
  endfacet
  facet normal 0.0981075 -0.995176 0
    outer loop
      vertex 85.3183 -12.3327 0
      vertex 85.65 -12.3 2.575
      vertex 85.3183 -12.3327 2.575
    endloop
  endfacet
  facet normal 0.0981075 -0.995176 0
    outer loop
      vertex 85.65 -12.3 2.575
      vertex 85.3183 -12.3327 0
      vertex 85.65 -12.3 0
    endloop
  endfacet
  facet normal -0.0981075 0.995176 0
    outer loop
      vertex 85.9817 -15.6673 0
      vertex 85.65 -15.7 2.575
      vertex 85.9817 -15.6673 2.575
    endloop
  endfacet
  facet normal -0.0981075 0.995176 0
    outer loop
      vertex 85.65 -15.7 2.575
      vertex 85.9817 -15.6673 0
      vertex 85.65 -15.7 0
    endloop
  endfacet
  facet normal -0.634381 -0.773021 0
    outer loop
      vertex 86.5945 -12.5865 0
      vertex 86.8521 -12.7979 2.575
      vertex 86.5945 -12.5865 2.575
    endloop
  endfacet
  facet normal -0.634381 -0.773021 -0
    outer loop
      vertex 86.8521 -12.7979 2.575
      vertex 86.5945 -12.5865 0
      vertex 86.8521 -12.7979 0
    endloop
  endfacet
  facet normal 0.773021 -0.634381 2.36908e-20
    outer loop
      vertex 84.2365 -13.0555 2.575
      vertex 84.4479 -12.7979 0
      vertex 84.4479 -12.7979 2.575
    endloop
  endfacet
  facet normal 0.773021 -0.634381 2.36908e-20
    outer loop
      vertex 84.4479 -12.7979 0
      vertex 84.2365 -13.0555 2.575
      vertex 84.2365 -13.0555 0
    endloop
  endfacet
  facet normal 0.471413 -0.881912 0
    outer loop
      vertex 84.7055 -12.5865 0
      vertex 84.9994 -12.4294 2.575
      vertex 84.7055 -12.5865 2.575
    endloop
  endfacet
  facet normal 0.471413 -0.881912 0
    outer loop
      vertex 84.9994 -12.4294 2.575
      vertex 84.7055 -12.5865 0
      vertex 84.9994 -12.4294 0
    endloop
  endfacet
  facet normal -0.881912 -0.471413 1.10947e-18
    outer loop
      vertex 87.2206 -13.3494 0
      vertex 87.0635 -13.0555 2.575
      vertex 87.0635 -13.0555 0
    endloop
  endfacet
  facet normal -0.881912 -0.471413 1.10947e-18
    outer loop
      vertex 87.0635 -13.0555 2.575
      vertex 87.2206 -13.3494 0
      vertex 87.2206 -13.3494 2.575
    endloop
  endfacet
  facet normal -0.956971 -0.290182 1.52213e-18
    outer loop
      vertex 87.3173 -13.6683 0
      vertex 87.2206 -13.3494 2.575
      vertex 87.2206 -13.3494 0
    endloop
  endfacet
  facet normal -0.956971 -0.290182 1.52213e-18
    outer loop
      vertex 87.2206 -13.3494 2.575
      vertex 87.3173 -13.6683 0
      vertex 87.3173 -13.6683 2.575
    endloop
  endfacet
  facet normal -0.773021 -0.634381 -3.54177e-18
    outer loop
      vertex 87.0635 -13.0555 0
      vertex 86.8521 -12.7979 2.575
      vertex 86.8521 -12.7979 0
    endloop
  endfacet
  facet normal -0.773021 -0.634381 -3.54177e-18
    outer loop
      vertex 86.8521 -12.7979 2.575
      vertex 87.0635 -13.0555 0
      vertex 87.0635 -13.0555 2.575
    endloop
  endfacet
  facet normal -0.290182 -0.956971 0
    outer loop
      vertex 85.9817 -12.3327 0
      vertex 86.3006 -12.4294 2.575
      vertex 85.9817 -12.3327 2.575
    endloop
  endfacet
  facet normal -0.290182 -0.956971 -0
    outer loop
      vertex 86.3006 -12.4294 2.575
      vertex 85.9817 -12.3327 0
      vertex 86.3006 -12.4294 0
    endloop
  endfacet
  facet normal -0.0981075 -0.995176 0
    outer loop
      vertex 85.65 -12.3 0
      vertex 85.9817 -12.3327 2.575
      vertex 85.65 -12.3 2.575
    endloop
  endfacet
  facet normal -0.0981075 -0.995176 -0
    outer loop
      vertex 85.9817 -12.3327 2.575
      vertex 85.65 -12.3 0
      vertex 85.9817 -12.3327 0
    endloop
  endfacet
  facet normal -0.471413 -0.881912 0
    outer loop
      vertex 86.3006 -12.4294 0
      vertex 86.5945 -12.5865 2.575
      vertex 86.3006 -12.4294 2.575
    endloop
  endfacet
  facet normal -0.471413 -0.881912 -0
    outer loop
      vertex 86.5945 -12.5865 2.575
      vertex 86.3006 -12.4294 0
      vertex 86.5945 -12.5865 0
    endloop
  endfacet
  facet normal 0.956971 -0.290182 1.65243e-18
    outer loop
      vertex 83.9827 -13.6683 2.575
      vertex 84.0794 -13.3494 0
      vertex 84.0794 -13.3494 2.575
    endloop
  endfacet
  facet normal 0.956971 -0.290182 1.65243e-18
    outer loop
      vertex 84.0794 -13.3494 0
      vertex 83.9827 -13.6683 2.575
      vertex 83.9827 -13.6683 0
    endloop
  endfacet
  facet normal 0.881912 -0.471413 -1.10947e-18
    outer loop
      vertex 84.0794 -13.3494 2.575
      vertex 84.2365 -13.0555 0
      vertex 84.2365 -13.0555 2.575
    endloop
  endfacet
  facet normal 0.881912 -0.471413 -1.10947e-18
    outer loop
      vertex 84.2365 -13.0555 0
      vertex 84.0794 -13.3494 2.575
      vertex 84.0794 -13.3494 0
    endloop
  endfacet
  facet normal 0.995176 -0.0981075 7.23405e-19
    outer loop
      vertex 83.95 -14 2.575
      vertex 83.9827 -13.6683 0
      vertex 83.9827 -13.6683 2.575
    endloop
  endfacet
  facet normal 0.995176 -0.0981075 7.23405e-19
    outer loop
      vertex 83.9827 -13.6683 0
      vertex 83.95 -14 2.575
      vertex 83.95 -14 0
    endloop
  endfacet
  facet normal 0.634381 -0.773021 0
    outer loop
      vertex 84.4479 -12.7979 0
      vertex 84.7055 -12.5865 2.575
      vertex 84.4479 -12.7979 2.575
    endloop
  endfacet
  facet normal 0.634381 -0.773021 0
    outer loop
      vertex 84.7055 -12.5865 2.575
      vertex 84.4479 -12.7979 0
      vertex 84.7055 -12.5865 0
    endloop
  endfacet
  facet normal 0.290182 -0.956971 0
    outer loop
      vertex 84.9994 -12.4294 0
      vertex 85.3183 -12.3327 2.575
      vertex 84.9994 -12.4294 2.575
    endloop
  endfacet
  facet normal 0.290182 -0.956971 0
    outer loop
      vertex 85.3183 -12.3327 2.575
      vertex 84.9994 -12.4294 0
      vertex 85.3183 -12.3327 0
    endloop
  endfacet
  facet normal -0.995176 0.0981075 7.23405e-19
    outer loop
      vertex 87.3173 -14.3317 0
      vertex 87.35 -14 2.575
      vertex 87.35 -14 0
    endloop
  endfacet
  facet normal -0.995176 0.0981075 7.23405e-19
    outer loop
      vertex 87.35 -14 2.575
      vertex 87.3173 -14.3317 0
      vertex 87.3173 -14.3317 2.575
    endloop
  endfacet
  facet normal 0.995176 0.0981075 -7.23405e-19
    outer loop
      vertex 83.9827 -14.3317 2.575
      vertex 83.95 -14 0
      vertex 83.95 -14 2.575
    endloop
  endfacet
  facet normal 0.995176 0.0981075 -7.23405e-19
    outer loop
      vertex 83.95 -14 0
      vertex 83.9827 -14.3317 2.575
      vertex 83.9827 -14.3317 0
    endloop
  endfacet
  facet normal -0.881912 0.471413 -1.10947e-18
    outer loop
      vertex 87.0635 -14.9445 0
      vertex 87.2206 -14.6506 2.575
      vertex 87.2206 -14.6506 0
    endloop
  endfacet
  facet normal -0.881912 0.471413 -1.10947e-18
    outer loop
      vertex 87.2206 -14.6506 2.575
      vertex 87.0635 -14.9445 0
      vertex 87.0635 -14.9445 2.575
    endloop
  endfacet
  facet normal 0.471413 0.881912 -0
    outer loop
      vertex 84.9994 -15.5706 0
      vertex 84.7055 -15.4135 2.575
      vertex 84.9994 -15.5706 2.575
    endloop
  endfacet
  facet normal 0.471413 0.881912 0
    outer loop
      vertex 84.7055 -15.4135 2.575
      vertex 84.9994 -15.5706 0
      vertex 84.7055 -15.4135 0
    endloop
  endfacet
  facet normal 0.773021 0.634381 -2.36908e-20
    outer loop
      vertex 84.4479 -15.2021 2.575
      vertex 84.2365 -14.9445 0
      vertex 84.2365 -14.9445 2.575
    endloop
  endfacet
  facet normal 0.773021 0.634381 -2.36908e-20
    outer loop
      vertex 84.2365 -14.9445 0
      vertex 84.4479 -15.2021 2.575
      vertex 84.4479 -15.2021 0
    endloop
  endfacet
  facet normal -0.290182 0.956971 0
    outer loop
      vertex 86.3006 -15.5706 0
      vertex 85.9817 -15.6673 2.575
      vertex 86.3006 -15.5706 2.575
    endloop
  endfacet
  facet normal -0.290182 0.956971 0
    outer loop
      vertex 85.9817 -15.6673 2.575
      vertex 86.3006 -15.5706 0
      vertex 85.9817 -15.6673 0
    endloop
  endfacet
  facet normal -0.634381 0.773021 0
    outer loop
      vertex 86.8521 -15.2021 0
      vertex 86.5945 -15.4135 2.575
      vertex 86.8521 -15.2021 2.575
    endloop
  endfacet
  facet normal -0.634381 0.773021 0
    outer loop
      vertex 86.5945 -15.4135 2.575
      vertex 86.8521 -15.2021 0
      vertex 86.5945 -15.4135 0
    endloop
  endfacet
  facet normal -0.956971 0.290182 -1.52213e-18
    outer loop
      vertex 87.2206 -14.6506 0
      vertex 87.3173 -14.3317 2.575
      vertex 87.3173 -14.3317 0
    endloop
  endfacet
  facet normal -0.956971 0.290182 -1.52213e-18
    outer loop
      vertex 87.3173 -14.3317 2.575
      vertex 87.2206 -14.6506 0
      vertex 87.2206 -14.6506 2.575
    endloop
  endfacet
  facet normal 0.0981075 0.995176 -0
    outer loop
      vertex 85.65 -15.7 0
      vertex 85.3183 -15.6673 2.575
      vertex 85.65 -15.7 2.575
    endloop
  endfacet
  facet normal 0.0981075 0.995176 0
    outer loop
      vertex 85.3183 -15.6673 2.575
      vertex 85.65 -15.7 0
      vertex 85.3183 -15.6673 0
    endloop
  endfacet
  facet normal 0.290182 0.956971 -0
    outer loop
      vertex 85.3183 -15.6673 0
      vertex 84.9994 -15.5706 2.575
      vertex 85.3183 -15.6673 2.575
    endloop
  endfacet
  facet normal 0.290182 0.956971 0
    outer loop
      vertex 84.9994 -15.5706 2.575
      vertex 85.3183 -15.6673 0
      vertex 84.9994 -15.5706 0
    endloop
  endfacet
  facet normal 0.634381 0.773021 -0
    outer loop
      vertex 84.7055 -15.4135 0
      vertex 84.4479 -15.2021 2.575
      vertex 84.7055 -15.4135 2.575
    endloop
  endfacet
  facet normal 0.634381 0.773021 0
    outer loop
      vertex 84.4479 -15.2021 2.575
      vertex 84.7055 -15.4135 0
      vertex 84.4479 -15.2021 0
    endloop
  endfacet
  facet normal 0.881912 0.471413 1.10947e-18
    outer loop
      vertex 84.2365 -14.9445 2.575
      vertex 84.0794 -14.6506 0
      vertex 84.0794 -14.6506 2.575
    endloop
  endfacet
  facet normal 0.881912 0.471413 1.10947e-18
    outer loop
      vertex 84.0794 -14.6506 0
      vertex 84.2365 -14.9445 2.575
      vertex 84.2365 -14.9445 0
    endloop
  endfacet
  facet normal 0.956971 0.290182 -1.65243e-18
    outer loop
      vertex 84.0794 -14.6506 2.575
      vertex 83.9827 -14.3317 0
      vertex 83.9827 -14.3317 2.575
    endloop
  endfacet
  facet normal 0.956971 0.290182 -1.65243e-18
    outer loop
      vertex 83.9827 -14.3317 0
      vertex 84.0794 -14.6506 2.575
      vertex 84.0794 -14.6506 0
    endloop
  endfacet
  facet normal -0.471413 0.881912 0
    outer loop
      vertex 86.5945 -15.4135 0
      vertex 86.3006 -15.5706 2.575
      vertex 86.5945 -15.4135 2.575
    endloop
  endfacet
  facet normal -0.471413 0.881912 0
    outer loop
      vertex 86.3006 -15.5706 2.575
      vertex 86.5945 -15.4135 0
      vertex 86.3006 -15.5706 0
    endloop
  endfacet
  facet normal -0.773021 0.634381 3.54177e-18
    outer loop
      vertex 86.8521 -15.2021 0
      vertex 87.0635 -14.9445 2.575
      vertex 87.0635 -14.9445 0
    endloop
  endfacet
  facet normal -0.773021 0.634381 3.54177e-18
    outer loop
      vertex 87.0635 -14.9445 2.575
      vertex 86.8521 -15.2021 0
      vertex 86.8521 -15.2021 2.575
    endloop
  endfacet
  facet normal -0.522481 -0.852651 0
    outer loop
      vertex 87.239 -10.8815 2.575
      vertex 87.7072 -11.1684 5
      vertex 87.239 -10.8815 5
    endloop
  endfacet
  facet normal -0.522481 -0.852651 -0
    outer loop
      vertex 87.7072 -11.1684 5
      vertex 87.239 -10.8815 2.575
      vertex 87.7072 -11.1684 2.575
    endloop
  endfacet
  facet normal 0.382727 -0.923861 0
    outer loop
      vertex 84.061 -10.8815 2.575
      vertex 84.5684 -10.6713 5
      vertex 84.061 -10.8815 5
    endloop
  endfacet
  facet normal 0.382727 -0.923861 0
    outer loop
      vertex 84.5684 -10.6713 5
      vertex 84.061 -10.8815 2.575
      vertex 84.5684 -10.6713 2.575
    endloop
  endfacet
  facet normal 0.923861 -0.382727 -1.94865e-18
    outer loop
      vertex 82.3213 -12.9184 5
      vertex 82.5315 -12.411 2.575
      vertex 82.5315 -12.411 5
    endloop
  endfacet
  facet normal 0.923861 -0.382727 -1.94865e-18
    outer loop
      vertex 82.5315 -12.411 2.575
      vertex 82.3213 -12.9184 5
      vertex 82.3213 -12.9184 2.575
    endloop
  endfacet
  facet normal -0.923861 -0.382727 1.94865e-18
    outer loop
      vertex 88.9787 -12.9184 2.575
      vertex 88.7685 -12.411 5
      vertex 88.7685 -12.411 2.575
    endloop
  endfacet
  facet normal -0.923861 -0.382727 1.94865e-18
    outer loop
      vertex 88.7685 -12.411 5
      vertex 88.9787 -12.9184 2.575
      vertex 88.9787 -12.9184 5
    endloop
  endfacet
  facet normal -0.852651 -0.522481 8.61031e-18
    outer loop
      vertex 88.7685 -12.411 2.575
      vertex 88.4816 -11.9428 5
      vertex 88.4816 -11.9428 2.575
    endloop
  endfacet
  facet normal -0.852651 -0.522481 8.61031e-18
    outer loop
      vertex 88.4816 -11.9428 5
      vertex 88.7685 -12.411 2.575
      vertex 88.7685 -12.411 5
    endloop
  endfacet
  facet normal -0.649396 -0.76045 0
    outer loop
      vertex 87.7072 -11.1684 2.575
      vertex 88.1249 -11.5251 5
      vertex 87.7072 -11.1684 5
    endloop
  endfacet
  facet normal -0.649396 -0.76045 -0
    outer loop
      vertex 88.1249 -11.5251 5
      vertex 87.7072 -11.1684 2.575
      vertex 88.1249 -11.5251 2.575
    endloop
  endfacet
  facet normal -0.2334 -0.972381 0
    outer loop
      vertex 86.1975 -10.5431 2.575
      vertex 86.7316 -10.6713 5
      vertex 86.1975 -10.5431 5
    endloop
  endfacet
  facet normal -0.2334 -0.972381 -0
    outer loop
      vertex 86.7316 -10.6713 5
      vertex 86.1975 -10.5431 2.575
      vertex 86.7316 -10.6713 2.575
    endloop
  endfacet
  facet normal 0.0784787 -0.996916 0
    outer loop
      vertex 85.1025 -10.5431 2.575
      vertex 85.65 -10.5 5
      vertex 85.1025 -10.5431 5
    endloop
  endfacet
  facet normal 0.0784787 -0.996916 0
    outer loop
      vertex 85.65 -10.5 5
      vertex 85.1025 -10.5431 2.575
      vertex 85.65 -10.5 2.575
    endloop
  endfacet
  facet normal 0.996916 -0.0784787 3.68885e-19
    outer loop
      vertex 82.15 -14 5
      vertex 82.1931 -13.4525 2.575
      vertex 82.1931 -13.4525 5
    endloop
  endfacet
  facet normal 0.996916 -0.0784787 3.68885e-19
    outer loop
      vertex 82.1931 -13.4525 2.575
      vertex 82.15 -14 5
      vertex 82.15 -14 2.575
    endloop
  endfacet
  facet normal 0.76045 -0.649396 2.42154e-18
    outer loop
      vertex 82.8184 -11.9428 5
      vertex 83.1751 -11.5251 2.575
      vertex 83.1751 -11.5251 5
    endloop
  endfacet
  facet normal 0.76045 -0.649396 2.42154e-18
    outer loop
      vertex 83.1751 -11.5251 2.575
      vertex 82.8184 -11.9428 5
      vertex 82.8184 -11.9428 2.575
    endloop
  endfacet
  facet normal 0.522481 -0.852651 0
    outer loop
      vertex 83.5928 -11.1684 2.575
      vertex 84.061 -10.8815 5
      vertex 83.5928 -11.1684 5
    endloop
  endfacet
  facet normal 0.522481 -0.852651 0
    outer loop
      vertex 84.061 -10.8815 5
      vertex 83.5928 -11.1684 2.575
      vertex 84.061 -10.8815 2.575
    endloop
  endfacet
  facet normal 0.2334 -0.972381 0
    outer loop
      vertex 84.5684 -10.6713 2.575
      vertex 85.1025 -10.5431 5
      vertex 84.5684 -10.6713 5
    endloop
  endfacet
  facet normal 0.2334 -0.972381 0
    outer loop
      vertex 85.1025 -10.5431 5
      vertex 84.5684 -10.6713 2.575
      vertex 85.1025 -10.5431 2.575
    endloop
  endfacet
  facet normal 0.649396 -0.76045 0
    outer loop
      vertex 83.1751 -11.5251 2.575
      vertex 83.5928 -11.1684 5
      vertex 83.1751 -11.5251 5
    endloop
  endfacet
  facet normal 0.649396 -0.76045 0
    outer loop
      vertex 83.5928 -11.1684 5
      vertex 83.1751 -11.5251 2.575
      vertex 83.5928 -11.1684 2.575
    endloop
  endfacet
  facet normal -0.996916 -0.0784787 1.09012e-18
    outer loop
      vertex 89.15 -14 2.575
      vertex 89.1069 -13.4525 5
      vertex 89.1069 -13.4525 2.575
    endloop
  endfacet
  facet normal -0.996916 -0.0784787 1.09012e-18
    outer loop
      vertex 89.1069 -13.4525 5
      vertex 89.15 -14 2.575
      vertex 89.15 -14 5
    endloop
  endfacet
  facet normal -0.0784787 0.996916 0
    outer loop
      vertex 86.1975 -17.4569 2.575
      vertex 85.65 -17.5 5
      vertex 86.1975 -17.4569 5
    endloop
  endfacet
  facet normal -0.0784787 0.996916 0
    outer loop
      vertex 85.65 -17.5 5
      vertex 86.1975 -17.4569 2.575
      vertex 85.65 -17.5 2.575
    endloop
  endfacet
  facet normal -0.382727 0.923861 0
    outer loop
      vertex 87.239 -17.1185 2.575
      vertex 86.7316 -17.3287 5
      vertex 87.239 -17.1185 5
    endloop
  endfacet
  facet normal -0.382727 0.923861 0
    outer loop
      vertex 86.7316 -17.3287 5
      vertex 87.239 -17.1185 2.575
      vertex 86.7316 -17.3287 2.575
    endloop
  endfacet
  facet normal -0.522481 0.852651 0
    outer loop
      vertex 87.7072 -16.8316 2.575
      vertex 87.239 -17.1185 5
      vertex 87.7072 -16.8316 5
    endloop
  endfacet
  facet normal -0.522481 0.852651 0
    outer loop
      vertex 87.239 -17.1185 5
      vertex 87.7072 -16.8316 2.575
      vertex 87.239 -17.1185 2.575
    endloop
  endfacet
  facet normal -0.76045 0.649396 2.42154e-18
    outer loop
      vertex 88.1249 -16.4749 2.575
      vertex 88.4816 -16.0572 5
      vertex 88.4816 -16.0572 2.575
    endloop
  endfacet
  facet normal -0.76045 0.649396 2.42154e-18
    outer loop
      vertex 88.4816 -16.0572 5
      vertex 88.1249 -16.4749 2.575
      vertex 88.1249 -16.4749 5
    endloop
  endfacet
  facet normal 0.0784787 0.996916 -0
    outer loop
      vertex 85.65 -17.5 2.575
      vertex 85.1025 -17.4569 5
      vertex 85.65 -17.5 5
    endloop
  endfacet
  facet normal 0.0784787 0.996916 0
    outer loop
      vertex 85.1025 -17.4569 5
      vertex 85.65 -17.5 2.575
      vertex 85.1025 -17.4569 2.575
    endloop
  endfacet
  facet normal 0.649396 0.76045 -0
    outer loop
      vertex 83.5928 -16.8316 2.575
      vertex 83.1751 -16.4749 5
      vertex 83.5928 -16.8316 5
    endloop
  endfacet
  facet normal 0.649396 0.76045 0
    outer loop
      vertex 83.1751 -16.4749 5
      vertex 83.5928 -16.8316 2.575
      vertex 83.1751 -16.4749 2.575
    endloop
  endfacet
  facet normal 0.996916 0.0784787 -3.68885e-19
    outer loop
      vertex 82.1931 -14.5475 5
      vertex 82.15 -14 2.575
      vertex 82.15 -14 5
    endloop
  endfacet
  facet normal 0.996916 0.0784787 -3.68885e-19
    outer loop
      vertex 82.15 -14 2.575
      vertex 82.1931 -14.5475 5
      vertex 82.1931 -14.5475 2.575
    endloop
  endfacet
  facet normal 0 0 1
    outer loop
      vertex 87.35 -14 2.575
      vertex 89.15 -14 2.575
      vertex 89.1069 -13.4525 2.575
    endloop
  endfacet
  facet normal 0 0 1
    outer loop
      vertex 87.3173 -13.6683 2.575
      vertex 89.1069 -13.4525 2.575
      vertex 88.9787 -12.9184 2.575
    endloop
  endfacet
  facet normal 0 0 1
    outer loop
      vertex 89.15 -14 2.575
      vertex 87.35 -14 2.575
      vertex 89.1069 -14.5475 2.575
    endloop
  endfacet
  facet normal 0 0 1
    outer loop
      vertex 87.2206 -13.3494 2.575
      vertex 88.9787 -12.9184 2.575
      vertex 88.7685 -12.411 2.575
    endloop
  endfacet
  facet normal -0 0 1
    outer loop
      vertex 87.3173 -14.3317 2.575
      vertex 89.1069 -14.5475 2.575
      vertex 87.35 -14 2.575
    endloop
  endfacet
  facet normal 0 0 1
    outer loop
      vertex 87.0635 -13.0555 2.575
      vertex 88.7685 -12.411 2.575
      vertex 88.4816 -11.9428 2.575
    endloop
  endfacet
  facet normal 0 0 1
    outer loop
      vertex 89.1069 -14.5475 2.575
      vertex 87.3173 -14.3317 2.575
      vertex 88.9787 -15.0816 2.575
    endloop
  endfacet
  facet normal 0 0 1
    outer loop
      vertex 86.8521 -12.7979 2.575
      vertex 88.4816 -11.9428 2.575
      vertex 88.1249 -11.5251 2.575
    endloop
  endfacet
  facet normal -0 0 1
    outer loop
      vertex 87.2206 -14.6506 2.575
      vertex 88.9787 -15.0816 2.575
      vertex 87.3173 -14.3317 2.575
    endloop
  endfacet
  facet normal 0 0 1
    outer loop
      vertex 86.8521 -12.7979 2.575
      vertex 88.1249 -11.5251 2.575
      vertex 87.7072 -11.1684 2.575
    endloop
  endfacet
  facet normal 0 0 1
    outer loop
      vertex 88.9787 -15.0816 2.575
      vertex 87.2206 -14.6506 2.575
      vertex 88.7685 -15.589 2.575
    endloop
  endfacet
  facet normal -0 0 1
    outer loop
      vertex 87.0635 -14.9445 2.575
      vertex 88.7685 -15.589 2.575
      vertex 87.2206 -14.6506 2.575
    endloop
  endfacet
  facet normal 0 0 1
    outer loop
      vertex 89.1069 -13.4525 2.575
      vertex 87.3173 -13.6683 2.575
      vertex 87.35 -14 2.575
    endloop
  endfacet
  facet normal 0 0 1
    outer loop
      vertex 86.5945 -12.5865 2.575
      vertex 87.7072 -11.1684 2.575
      vertex 87.239 -10.8815 2.575
    endloop
  endfacet
  facet normal 0 0 1
    outer loop
      vertex 88.9787 -12.9184 2.575
      vertex 87.2206 -13.3494 2.575
      vertex 87.3173 -13.6683 2.575
    endloop
  endfacet
  facet normal 0 0 1
    outer loop
      vertex 88.7685 -12.411 2.575
      vertex 87.0635 -13.0555 2.575
      vertex 87.2206 -13.3494 2.575
    endloop
  endfacet
  facet normal 0 0 1
    outer loop
      vertex 88.4816 -11.9428 2.575
      vertex 86.8521 -12.7979 2.575
      vertex 87.0635 -13.0555 2.575
    endloop
  endfacet
  facet normal 0 0 1
    outer loop
      vertex 86.3006 -12.4294 2.575
      vertex 87.239 -10.8815 2.575
      vertex 86.7316 -10.6713 2.575
    endloop
  endfacet
  facet normal 0 0 1
    outer loop
      vertex 87.7072 -11.1684 2.575
      vertex 86.5945 -12.5865 2.575
      vertex 86.8521 -12.7979 2.575
    endloop
  endfacet
  facet normal 0 0 1
    outer loop
      vertex 87.239 -10.8815 2.575
      vertex 86.3006 -12.4294 2.575
      vertex 86.5945 -12.5865 2.575
    endloop
  endfacet
  facet normal 0 0 1
    outer loop
      vertex 85.9817 -12.3327 2.575
      vertex 86.7316 -10.6713 2.575
      vertex 86.1975 -10.5431 2.575
    endloop
  endfacet
  facet normal 0 0 1
    outer loop
      vertex 86.7316 -10.6713 2.575
      vertex 85.9817 -12.3327 2.575
      vertex 86.3006 -12.4294 2.575
    endloop
  endfacet
  facet normal 0 0 1
    outer loop
      vertex 85.65 -12.3 2.575
      vertex 86.1975 -10.5431 2.575
      vertex 85.65 -10.5 2.575
    endloop
  endfacet
  facet normal 0 0 1
    outer loop
      vertex 86.1975 -10.5431 2.575
      vertex 85.65 -12.3 2.575
      vertex 85.9817 -12.3327 2.575
    endloop
  endfacet
  facet normal -0 0 1
    outer loop
      vertex 85.1025 -10.5431 2.575
      vertex 85.65 -12.3 2.575
      vertex 85.65 -10.5 2.575
    endloop
  endfacet
  facet normal 0 0 1
    outer loop
      vertex 85.65 -12.3 2.575
      vertex 85.1025 -10.5431 2.575
      vertex 85.3183 -12.3327 2.575
    endloop
  endfacet
  facet normal -0 0 1
    outer loop
      vertex 84.5684 -10.6713 2.575
      vertex 85.3183 -12.3327 2.575
      vertex 85.1025 -10.5431 2.575
    endloop
  endfacet
  facet normal 0 0 1
    outer loop
      vertex 85.3183 -12.3327 2.575
      vertex 84.5684 -10.6713 2.575
      vertex 84.9994 -12.4294 2.575
    endloop
  endfacet
  facet normal -0 0 1
    outer loop
      vertex 84.061 -10.8815 2.575
      vertex 84.9994 -12.4294 2.575
      vertex 84.5684 -10.6713 2.575
    endloop
  endfacet
  facet normal 0 0 1
    outer loop
      vertex 84.9994 -12.4294 2.575
      vertex 84.061 -10.8815 2.575
      vertex 84.7055 -12.5865 2.575
    endloop
  endfacet
  facet normal -0 0 1
    outer loop
      vertex 83.5928 -11.1684 2.575
      vertex 84.7055 -12.5865 2.575
      vertex 84.061 -10.8815 2.575
    endloop
  endfacet
  facet normal 0 0 1
    outer loop
      vertex 84.7055 -12.5865 2.575
      vertex 83.5928 -11.1684 2.575
      vertex 84.4479 -12.7979 2.575
    endloop
  endfacet
  facet normal -0 0 1
    outer loop
      vertex 83.1751 -11.5251 2.575
      vertex 84.4479 -12.7979 2.575
      vertex 83.5928 -11.1684 2.575
    endloop
  endfacet
  facet normal -0 0 1
    outer loop
      vertex 82.8184 -11.9428 2.575
      vertex 84.4479 -12.7979 2.575
      vertex 83.1751 -11.5251 2.575
    endloop
  endfacet
  facet normal 0 0 1
    outer loop
      vertex 84.4479 -12.7979 2.575
      vertex 82.8184 -11.9428 2.575
      vertex 84.2365 -13.0555 2.575
    endloop
  endfacet
  facet normal -0 0 1
    outer loop
      vertex 82.5315 -12.411 2.575
      vertex 84.2365 -13.0555 2.575
      vertex 82.8184 -11.9428 2.575
    endloop
  endfacet
  facet normal 0 0 1
    outer loop
      vertex 88.7685 -15.589 2.575
      vertex 87.0635 -14.9445 2.575
      vertex 88.4816 -16.0572 2.575
    endloop
  endfacet
  facet normal -0 0 1
    outer loop
      vertex 86.8521 -15.2021 2.575
      vertex 88.4816 -16.0572 2.575
      vertex 87.0635 -14.9445 2.575
    endloop
  endfacet
  facet normal 0 0 1
    outer loop
      vertex 88.4816 -16.0572 2.575
      vertex 86.8521 -15.2021 2.575
      vertex 88.1249 -16.4749 2.575
    endloop
  endfacet
  facet normal 0 0 1
    outer loop
      vertex 88.1249 -16.4749 2.575
      vertex 86.8521 -15.2021 2.575
      vertex 87.7072 -16.8316 2.575
    endloop
  endfacet
  facet normal -0 0 1
    outer loop
      vertex 86.5945 -15.4135 2.575
      vertex 87.7072 -16.8316 2.575
      vertex 86.8521 -15.2021 2.575
    endloop
  endfacet
  facet normal 0 0 1
    outer loop
      vertex 87.7072 -16.8316 2.575
      vertex 86.5945 -15.4135 2.575
      vertex 87.239 -17.1185 2.575
    endloop
  endfacet
  facet normal -0 0 1
    outer loop
      vertex 86.3006 -15.5706 2.575
      vertex 87.239 -17.1185 2.575
      vertex 86.5945 -15.4135 2.575
    endloop
  endfacet
  facet normal 0 0 1
    outer loop
      vertex 87.239 -17.1185 2.575
      vertex 86.3006 -15.5706 2.575
      vertex 86.7316 -17.3287 2.575
    endloop
  endfacet
  facet normal -0 0 1
    outer loop
      vertex 85.9817 -15.6673 2.575
      vertex 86.7316 -17.3287 2.575
      vertex 86.3006 -15.5706 2.575
    endloop
  endfacet
  facet normal 0 0 1
    outer loop
      vertex 86.7316 -17.3287 2.575
      vertex 85.9817 -15.6673 2.575
      vertex 86.1975 -17.4569 2.575
    endloop
  endfacet
  facet normal -0 0 1
    outer loop
      vertex 85.65 -15.7 2.575
      vertex 86.1975 -17.4569 2.575
      vertex 85.9817 -15.6673 2.575
    endloop
  endfacet
  facet normal 0 0 1
    outer loop
      vertex 85.65 -15.7 2.575
      vertex 85.65 -17.5 2.575
      vertex 86.1975 -17.4569 2.575
    endloop
  endfacet
  facet normal 0 0 1
    outer loop
      vertex 85.1025 -17.4569 2.575
      vertex 85.65 -15.7 2.575
      vertex 85.3183 -15.6673 2.575
    endloop
  endfacet
  facet normal 0 0 1
    outer loop
      vertex 85.65 -15.7 2.575
      vertex 85.1025 -17.4569 2.575
      vertex 85.65 -17.5 2.575
    endloop
  endfacet
  facet normal 0 0 1
    outer loop
      vertex 84.5684 -17.3287 2.575
      vertex 85.3183 -15.6673 2.575
      vertex 84.9994 -15.5706 2.575
    endloop
  endfacet
  facet normal 0 0 1
    outer loop
      vertex 84.061 -17.1185 2.575
      vertex 84.9994 -15.5706 2.575
      vertex 84.7055 -15.4135 2.575
    endloop
  endfacet
  facet normal 0 0 1
    outer loop
      vertex 85.3183 -15.6673 2.575
      vertex 84.5684 -17.3287 2.575
      vertex 85.1025 -17.4569 2.575
    endloop
  endfacet
  facet normal 0 0 1
    outer loop
      vertex 83.5928 -16.8316 2.575
      vertex 84.7055 -15.4135 2.575
      vertex 84.4479 -15.2021 2.575
    endloop
  endfacet
  facet normal 0 0 1
    outer loop
      vertex 82.8184 -16.0572 2.575
      vertex 84.4479 -15.2021 2.575
      vertex 84.2365 -14.9445 2.575
    endloop
  endfacet
  facet normal 0 0 1
    outer loop
      vertex 82.5315 -15.589 2.575
      vertex 84.2365 -14.9445 2.575
      vertex 84.0794 -14.6506 2.575
    endloop
  endfacet
  facet normal 0 0 1
    outer loop
      vertex 84.9994 -15.5706 2.575
      vertex 84.061 -17.1185 2.575
      vertex 84.5684 -17.3287 2.575
    endloop
  endfacet
  facet normal 0 0 1
    outer loop
      vertex 82.3213 -15.0816 2.575
      vertex 84.0794 -14.6506 2.575
      vertex 83.9827 -14.3317 2.575
    endloop
  endfacet
  facet normal 0 0 1
    outer loop
      vertex 82.1931 -14.5475 2.575
      vertex 83.9827 -14.3317 2.575
      vertex 83.95 -14 2.575
    endloop
  endfacet
  facet normal 0 0 1
    outer loop
      vertex 84.2365 -13.0555 2.575
      vertex 82.5315 -12.411 2.575
      vertex 84.0794 -13.3494 2.575
    endloop
  endfacet
  facet normal 0 0 1
    outer loop
      vertex 84.7055 -15.4135 2.575
      vertex 83.5928 -16.8316 2.575
      vertex 84.061 -17.1185 2.575
    endloop
  endfacet
  facet normal -0 0 1
    outer loop
      vertex 82.3213 -12.9184 2.575
      vertex 84.0794 -13.3494 2.575
      vertex 82.5315 -12.411 2.575
    endloop
  endfacet
  facet normal 0 0 1
    outer loop
      vertex 84.4479 -15.2021 2.575
      vertex 83.1751 -16.4749 2.575
      vertex 83.5928 -16.8316 2.575
    endloop
  endfacet
  facet normal 0 0 1
    outer loop
      vertex 84.0794 -13.3494 2.575
      vertex 82.3213 -12.9184 2.575
      vertex 83.9827 -13.6683 2.575
    endloop
  endfacet
  facet normal 0 0 1
    outer loop
      vertex 84.4479 -15.2021 2.575
      vertex 82.8184 -16.0572 2.575
      vertex 83.1751 -16.4749 2.575
    endloop
  endfacet
  facet normal -0 0 1
    outer loop
      vertex 82.1931 -13.4525 2.575
      vertex 83.9827 -13.6683 2.575
      vertex 82.3213 -12.9184 2.575
    endloop
  endfacet
  facet normal 0 0 1
    outer loop
      vertex 84.2365 -14.9445 2.575
      vertex 82.5315 -15.589 2.575
      vertex 82.8184 -16.0572 2.575
    endloop
  endfacet
  facet normal 0 0 1
    outer loop
      vertex 83.9827 -13.6683 2.575
      vertex 82.1931 -13.4525 2.575
      vertex 83.95 -14 2.575
    endloop
  endfacet
  facet normal 0 0 1
    outer loop
      vertex 84.0794 -14.6506 2.575
      vertex 82.3213 -15.0816 2.575
      vertex 82.5315 -15.589 2.575
    endloop
  endfacet
  facet normal 0 0 1
    outer loop
      vertex 82.15 -14 2.575
      vertex 83.95 -14 2.575
      vertex 82.1931 -13.4525 2.575
    endloop
  endfacet
  facet normal 0 0 1
    outer loop
      vertex 83.9827 -14.3317 2.575
      vertex 82.1931 -14.5475 2.575
      vertex 82.3213 -15.0816 2.575
    endloop
  endfacet
  facet normal 0 0 1
    outer loop
      vertex 83.95 -14 2.575
      vertex 82.15 -14 2.575
      vertex 82.1931 -14.5475 2.575
    endloop
  endfacet
  facet normal 0.76045 0.649396 -2.42154e-18
    outer loop
      vertex 83.1751 -16.4749 5
      vertex 82.8184 -16.0572 2.575
      vertex 82.8184 -16.0572 5
    endloop
  endfacet
  facet normal 0.76045 0.649396 -2.42154e-18
    outer loop
      vertex 82.8184 -16.0572 2.575
      vertex 83.1751 -16.4749 5
      vertex 83.1751 -16.4749 2.575
    endloop
  endfacet
  facet normal -0.972381 -0.2334 4.98052e-18
    outer loop
      vertex 89.1069 -13.4525 2.575
      vertex 88.9787 -12.9184 5
      vertex 88.9787 -12.9184 2.575
    endloop
  endfacet
  facet normal -0.972381 -0.2334 4.98052e-18
    outer loop
      vertex 88.9787 -12.9184 5
      vertex 89.1069 -13.4525 2.575
      vertex 89.1069 -13.4525 5
    endloop
  endfacet
  facet normal -0.76045 -0.649396 -2.42154e-18
    outer loop
      vertex 88.4816 -11.9428 2.575
      vertex 88.1249 -11.5251 5
      vertex 88.1249 -11.5251 2.575
    endloop
  endfacet
  facet normal -0.76045 -0.649396 -2.42154e-18
    outer loop
      vertex 88.1249 -11.5251 5
      vertex 88.4816 -11.9428 2.575
      vertex 88.4816 -11.9428 5
    endloop
  endfacet
  facet normal -0.382727 -0.923861 0
    outer loop
      vertex 86.7316 -10.6713 2.575
      vertex 87.239 -10.8815 5
      vertex 86.7316 -10.6713 5
    endloop
  endfacet
  facet normal -0.382727 -0.923861 -0
    outer loop
      vertex 87.239 -10.8815 5
      vertex 86.7316 -10.6713 2.575
      vertex 87.239 -10.8815 2.575
    endloop
  endfacet
  facet normal -0.0784787 -0.996916 0
    outer loop
      vertex 85.65 -10.5 2.575
      vertex 86.1975 -10.5431 5
      vertex 85.65 -10.5 5
    endloop
  endfacet
  facet normal -0.0784787 -0.996916 -0
    outer loop
      vertex 86.1975 -10.5431 5
      vertex 85.65 -10.5 2.575
      vertex 86.1975 -10.5431 2.575
    endloop
  endfacet
  facet normal 0.972381 -0.2334 -4.98052e-18
    outer loop
      vertex 82.1931 -13.4525 5
      vertex 82.3213 -12.9184 2.575
      vertex 82.3213 -12.9184 5
    endloop
  endfacet
  facet normal 0.972381 -0.2334 -4.98052e-18
    outer loop
      vertex 82.3213 -12.9184 2.575
      vertex 82.1931 -13.4525 5
      vertex 82.1931 -13.4525 2.575
    endloop
  endfacet
  facet normal 0.852651 -0.522481 -8.61031e-18
    outer loop
      vertex 82.5315 -12.411 5
      vertex 82.8184 -11.9428 2.575
      vertex 82.8184 -11.9428 5
    endloop
  endfacet
  facet normal 0.852651 -0.522481 -8.61031e-18
    outer loop
      vertex 82.8184 -11.9428 2.575
      vertex 82.5315 -12.411 5
      vertex 82.5315 -12.411 2.575
    endloop
  endfacet
  facet normal -0.972381 0.2334 -4.98052e-18
    outer loop
      vertex 88.9787 -15.0816 2.575
      vertex 89.1069 -14.5475 5
      vertex 89.1069 -14.5475 2.575
    endloop
  endfacet
  facet normal -0.972381 0.2334 -4.98052e-18
    outer loop
      vertex 89.1069 -14.5475 5
      vertex 88.9787 -15.0816 2.575
      vertex 88.9787 -15.0816 5
    endloop
  endfacet
  facet normal -0.2334 0.972381 0
    outer loop
      vertex 86.7316 -17.3287 2.575
      vertex 86.1975 -17.4569 5
      vertex 86.7316 -17.3287 5
    endloop
  endfacet
  facet normal -0.2334 0.972381 0
    outer loop
      vertex 86.1975 -17.4569 5
      vertex 86.7316 -17.3287 2.575
      vertex 86.1975 -17.4569 2.575
    endloop
  endfacet
  facet normal -0.649396 0.76045 0
    outer loop
      vertex 88.1249 -16.4749 2.575
      vertex 87.7072 -16.8316 5
      vertex 88.1249 -16.4749 5
    endloop
  endfacet
  facet normal -0.649396 0.76045 0
    outer loop
      vertex 87.7072 -16.8316 5
      vertex 88.1249 -16.4749 2.575
      vertex 87.7072 -16.8316 2.575
    endloop
  endfacet
  facet normal -0.852651 0.522481 4.70208e-18
    outer loop
      vertex 88.4816 -16.0572 2.575
      vertex 88.7685 -15.589 5
      vertex 88.7685 -15.589 2.575
    endloop
  endfacet
  facet normal -0.852651 0.522481 4.70208e-18
    outer loop
      vertex 88.7685 -15.589 5
      vertex 88.4816 -16.0572 2.575
      vertex 88.4816 -16.0572 5
    endloop
  endfacet
  facet normal 0.382727 0.923861 -0
    outer loop
      vertex 84.5684 -17.3287 2.575
      vertex 84.061 -17.1185 5
      vertex 84.5684 -17.3287 5
    endloop
  endfacet
  facet normal 0.382727 0.923861 0
    outer loop
      vertex 84.061 -17.1185 5
      vertex 84.5684 -17.3287 2.575
      vertex 84.061 -17.1185 2.575
    endloop
  endfacet
  facet normal 0.522481 0.852651 -0
    outer loop
      vertex 84.061 -17.1185 2.575
      vertex 83.5928 -16.8316 5
      vertex 84.061 -17.1185 5
    endloop
  endfacet
  facet normal 0.522481 0.852651 0
    outer loop
      vertex 83.5928 -16.8316 5
      vertex 84.061 -17.1185 2.575
      vertex 83.5928 -16.8316 2.575
    endloop
  endfacet
  facet normal 0.972381 0.2334 4.98052e-18
    outer loop
      vertex 82.3213 -15.0816 5
      vertex 82.1931 -14.5475 2.575
      vertex 82.1931 -14.5475 5
    endloop
  endfacet
  facet normal 0.972381 0.2334 4.98052e-18
    outer loop
      vertex 82.1931 -14.5475 2.575
      vertex 82.3213 -15.0816 5
      vertex 82.3213 -15.0816 2.575
    endloop
  endfacet
  facet normal 0.923861 0.382727 1.94865e-18
    outer loop
      vertex 82.5315 -15.589 5
      vertex 82.3213 -15.0816 2.575
      vertex 82.3213 -15.0816 5
    endloop
  endfacet
  facet normal 0.923861 0.382727 1.94865e-18
    outer loop
      vertex 82.3213 -15.0816 2.575
      vertex 82.5315 -15.589 5
      vertex 82.5315 -15.589 2.575
    endloop
  endfacet
  facet normal -0.996916 0.0784787 -1.09012e-18
    outer loop
      vertex 89.1069 -14.5475 2.575
      vertex 89.15 -14 5
      vertex 89.15 -14 2.575
    endloop
  endfacet
  facet normal -0.996916 0.0784787 -1.09012e-18
    outer loop
      vertex 89.15 -14 5
      vertex 89.1069 -14.5475 2.575
      vertex 89.1069 -14.5475 5
    endloop
  endfacet
  facet normal -0.923861 0.382727 -1.94865e-18
    outer loop
      vertex 88.7685 -15.589 2.575
      vertex 88.9787 -15.0816 5
      vertex 88.9787 -15.0816 2.575
    endloop
  endfacet
  facet normal -0.923861 0.382727 -1.94865e-18
    outer loop
      vertex 88.9787 -15.0816 5
      vertex 88.7685 -15.589 2.575
      vertex 88.7685 -15.589 5
    endloop
  endfacet
  facet normal 0.2334 0.972381 -0
    outer loop
      vertex 85.1025 -17.4569 2.575
      vertex 84.5684 -17.3287 5
      vertex 85.1025 -17.4569 5
    endloop
  endfacet
  facet normal 0.2334 0.972381 0
    outer loop
      vertex 84.5684 -17.3287 5
      vertex 85.1025 -17.4569 2.575
      vertex 84.5684 -17.3287 2.575
    endloop
  endfacet
  facet normal 0.852651 0.522481 -4.70208e-18
    outer loop
      vertex 82.8184 -16.0572 5
      vertex 82.5315 -15.589 2.575
      vertex 82.5315 -15.589 5
    endloop
  endfacet
  facet normal 0.852651 0.522481 -4.70208e-18
    outer loop
      vertex 82.5315 -15.589 2.575
      vertex 82.8184 -16.0572 5
      vertex 82.8184 -16.0572 2.575
    endloop
  endfacet
  facet normal -0.881912 -0.471413 1.10947e-18
    outer loop
      vertex 87.2206 14.6506 0
      vertex 87.0635 14.9445 2.575
      vertex 87.0635 14.9445 0
    endloop
  endfacet
  facet normal -0.881912 -0.471413 1.10947e-18
    outer loop
      vertex 87.0635 14.9445 2.575
      vertex 87.2206 14.6506 0
      vertex 87.2206 14.6506 2.575
    endloop
  endfacet
  facet normal -0.773021 -0.634381 -3.54177e-18
    outer loop
      vertex 87.0635 14.9445 0
      vertex 86.8521 15.2021 2.575
      vertex 86.8521 15.2021 0
    endloop
  endfacet
  facet normal -0.773021 -0.634381 -3.54177e-18
    outer loop
      vertex 86.8521 15.2021 2.575
      vertex 87.0635 14.9445 0
      vertex 87.0635 14.9445 2.575
    endloop
  endfacet
  facet normal -0.290182 -0.956971 0
    outer loop
      vertex 85.9817 15.6673 0
      vertex 86.3006 15.5706 2.575
      vertex 85.9817 15.6673 2.575
    endloop
  endfacet
  facet normal -0.290182 -0.956971 -0
    outer loop
      vertex 86.3006 15.5706 2.575
      vertex 85.9817 15.6673 0
      vertex 86.3006 15.5706 0
    endloop
  endfacet
  facet normal 0.471413 -0.881912 0
    outer loop
      vertex 84.7055 15.4135 0
      vertex 84.9994 15.5706 2.575
      vertex 84.7055 15.4135 2.575
    endloop
  endfacet
  facet normal 0.471413 -0.881912 0
    outer loop
      vertex 84.9994 15.5706 2.575
      vertex 84.7055 15.4135 0
      vertex 84.9994 15.5706 0
    endloop
  endfacet
  facet normal 0.956971 -0.290182 1.65243e-18
    outer loop
      vertex 83.9827 14.3317 2.575
      vertex 84.0794 14.6506 0
      vertex 84.0794 14.6506 2.575
    endloop
  endfacet
  facet normal 0.956971 -0.290182 1.65243e-18
    outer loop
      vertex 84.0794 14.6506 0
      vertex 83.9827 14.3317 2.575
      vertex 83.9827 14.3317 0
    endloop
  endfacet
  facet normal -0.995176 0.0981075 7.23405e-19
    outer loop
      vertex 87.3173 13.6683 0
      vertex 87.35 14 2.575
      vertex 87.35 14 0
    endloop
  endfacet
  facet normal -0.995176 0.0981075 7.23405e-19
    outer loop
      vertex 87.35 14 2.575
      vertex 87.3173 13.6683 0
      vertex 87.3173 13.6683 2.575
    endloop
  endfacet
  facet normal -0.290182 0.956971 0
    outer loop
      vertex 86.3006 12.4294 0
      vertex 85.9817 12.3327 2.575
      vertex 86.3006 12.4294 2.575
    endloop
  endfacet
  facet normal -0.290182 0.956971 0
    outer loop
      vertex 85.9817 12.3327 2.575
      vertex 86.3006 12.4294 0
      vertex 85.9817 12.3327 0
    endloop
  endfacet
  facet normal -0.956971 -0.290182 1.52213e-18
    outer loop
      vertex 87.3173 14.3317 0
      vertex 87.2206 14.6506 2.575
      vertex 87.2206 14.6506 0
    endloop
  endfacet
  facet normal -0.956971 -0.290182 1.52213e-18
    outer loop
      vertex 87.2206 14.6506 2.575
      vertex 87.3173 14.3317 0
      vertex 87.3173 14.3317 2.575
    endloop
  endfacet
  facet normal -0.634381 -0.773021 0
    outer loop
      vertex 86.5945 15.4135 0
      vertex 86.8521 15.2021 2.575
      vertex 86.5945 15.4135 2.575
    endloop
  endfacet
  facet normal -0.634381 -0.773021 -0
    outer loop
      vertex 86.8521 15.2021 2.575
      vertex 86.5945 15.4135 0
      vertex 86.8521 15.2021 0
    endloop
  endfacet
  facet normal 0.0981075 -0.995176 0
    outer loop
      vertex 85.3183 15.6673 0
      vertex 85.65 15.7 2.575
      vertex 85.3183 15.6673 2.575
    endloop
  endfacet
  facet normal 0.0981075 -0.995176 0
    outer loop
      vertex 85.65 15.7 2.575
      vertex 85.3183 15.6673 0
      vertex 85.65 15.7 0
    endloop
  endfacet
  facet normal -0.471413 -0.881912 0
    outer loop
      vertex 86.3006 15.5706 0
      vertex 86.5945 15.4135 2.575
      vertex 86.3006 15.5706 2.575
    endloop
  endfacet
  facet normal -0.471413 -0.881912 -0
    outer loop
      vertex 86.5945 15.4135 2.575
      vertex 86.3006 15.5706 0
      vertex 86.5945 15.4135 0
    endloop
  endfacet
  facet normal 0.995176 0.0981075 -7.23405e-19
    outer loop
      vertex 83.9827 13.6683 2.575
      vertex 83.95 14 0
      vertex 83.95 14 2.575
    endloop
  endfacet
  facet normal 0.995176 0.0981075 -7.23405e-19
    outer loop
      vertex 83.95 14 0
      vertex 83.9827 13.6683 2.575
      vertex 83.9827 13.6683 0
    endloop
  endfacet
  facet normal 0.881912 -0.471413 -1.10947e-18
    outer loop
      vertex 84.0794 14.6506 2.575
      vertex 84.2365 14.9445 0
      vertex 84.2365 14.9445 2.575
    endloop
  endfacet
  facet normal 0.881912 -0.471413 -1.10947e-18
    outer loop
      vertex 84.2365 14.9445 0
      vertex 84.0794 14.6506 2.575
      vertex 84.0794 14.6506 0
    endloop
  endfacet
  facet normal 0.634381 -0.773021 0
    outer loop
      vertex 84.4479 15.2021 0
      vertex 84.7055 15.4135 2.575
      vertex 84.4479 15.2021 2.575
    endloop
  endfacet
  facet normal 0.634381 -0.773021 0
    outer loop
      vertex 84.7055 15.4135 2.575
      vertex 84.4479 15.2021 0
      vertex 84.7055 15.4135 0
    endloop
  endfacet
  facet normal 0.290182 -0.956971 0
    outer loop
      vertex 84.9994 15.5706 0
      vertex 85.3183 15.6673 2.575
      vertex 84.9994 15.5706 2.575
    endloop
  endfacet
  facet normal 0.290182 -0.956971 0
    outer loop
      vertex 85.3183 15.6673 2.575
      vertex 84.9994 15.5706 0
      vertex 85.3183 15.6673 0
    endloop
  endfacet
  facet normal 0.773021 -0.634381 2.36908e-20
    outer loop
      vertex 84.2365 14.9445 2.575
      vertex 84.4479 15.2021 0
      vertex 84.4479 15.2021 2.575
    endloop
  endfacet
  facet normal 0.773021 -0.634381 2.36908e-20
    outer loop
      vertex 84.4479 15.2021 0
      vertex 84.2365 14.9445 2.575
      vertex 84.2365 14.9445 0
    endloop
  endfacet
  facet normal -0.995176 -0.0981075 -7.23405e-19
    outer loop
      vertex 87.35 14 0
      vertex 87.3173 14.3317 2.575
      vertex 87.3173 14.3317 0
    endloop
  endfacet
  facet normal -0.995176 -0.0981075 -7.23405e-19
    outer loop
      vertex 87.3173 14.3317 2.575
      vertex 87.35 14 0
      vertex 87.35 14 2.575
    endloop
  endfacet
  facet normal 0.471413 0.881912 -0
    outer loop
      vertex 84.9994 12.4294 0
      vertex 84.7055 12.5865 2.575
      vertex 84.9994 12.4294 2.575
    endloop
  endfacet
  facet normal 0.471413 0.881912 0
    outer loop
      vertex 84.7055 12.5865 2.575
      vertex 84.9994 12.4294 0
      vertex 84.7055 12.5865 0
    endloop
  endfacet
  facet normal 0.773021 0.634381 -2.36908e-20
    outer loop
      vertex 84.4479 12.7979 2.575
      vertex 84.2365 13.0555 0
      vertex 84.2365 13.0555 2.575
    endloop
  endfacet
  facet normal 0.773021 0.634381 -2.36908e-20
    outer loop
      vertex 84.2365 13.0555 0
      vertex 84.4479 12.7979 2.575
      vertex 84.4479 12.7979 0
    endloop
  endfacet
  facet normal -0.634381 0.773021 0
    outer loop
      vertex 86.8521 12.7979 0
      vertex 86.5945 12.5865 2.575
      vertex 86.8521 12.7979 2.575
    endloop
  endfacet
  facet normal -0.634381 0.773021 0
    outer loop
      vertex 86.5945 12.5865 2.575
      vertex 86.8521 12.7979 0
      vertex 86.5945 12.5865 0
    endloop
  endfacet
  facet normal -0.0981075 -0.995176 0
    outer loop
      vertex 85.65 15.7 0
      vertex 85.9817 15.6673 2.575
      vertex 85.65 15.7 2.575
    endloop
  endfacet
  facet normal -0.0981075 -0.995176 -0
    outer loop
      vertex 85.9817 15.6673 2.575
      vertex 85.65 15.7 0
      vertex 85.9817 15.6673 0
    endloop
  endfacet
  facet normal 0.995176 -0.0981075 7.23405e-19
    outer loop
      vertex 83.95 14 2.575
      vertex 83.9827 14.3317 0
      vertex 83.9827 14.3317 2.575
    endloop
  endfacet
  facet normal 0.995176 -0.0981075 7.23405e-19
    outer loop
      vertex 83.9827 14.3317 0
      vertex 83.95 14 2.575
      vertex 83.95 14 0
    endloop
  endfacet
  facet normal -0.881912 0.471413 -1.10947e-18
    outer loop
      vertex 87.0635 13.0555 0
      vertex 87.2206 13.3494 2.575
      vertex 87.2206 13.3494 0
    endloop
  endfacet
  facet normal -0.881912 0.471413 -1.10947e-18
    outer loop
      vertex 87.2206 13.3494 2.575
      vertex 87.0635 13.0555 0
      vertex 87.0635 13.0555 2.575
    endloop
  endfacet
  facet normal -0.0981075 0.995176 0
    outer loop
      vertex 85.9817 12.3327 0
      vertex 85.65 12.3 2.575
      vertex 85.9817 12.3327 2.575
    endloop
  endfacet
  facet normal -0.0981075 0.995176 0
    outer loop
      vertex 85.65 12.3 2.575
      vertex 85.9817 12.3327 0
      vertex 85.65 12.3 0
    endloop
  endfacet
  facet normal 0.956971 0.290182 -1.65243e-18
    outer loop
      vertex 84.0794 13.3494 2.575
      vertex 83.9827 13.6683 0
      vertex 83.9827 13.6683 2.575
    endloop
  endfacet
  facet normal 0.956971 0.290182 -1.65243e-18
    outer loop
      vertex 83.9827 13.6683 0
      vertex 84.0794 13.3494 2.575
      vertex 84.0794 13.3494 0
    endloop
  endfacet
  facet normal 0.634381 0.773021 -0
    outer loop
      vertex 84.7055 12.5865 0
      vertex 84.4479 12.7979 2.575
      vertex 84.7055 12.5865 2.575
    endloop
  endfacet
  facet normal 0.634381 0.773021 0
    outer loop
      vertex 84.4479 12.7979 2.575
      vertex 84.7055 12.5865 0
      vertex 84.4479 12.7979 0
    endloop
  endfacet
  facet normal -0.471413 0.881912 0
    outer loop
      vertex 86.5945 12.5865 0
      vertex 86.3006 12.4294 2.575
      vertex 86.5945 12.5865 2.575
    endloop
  endfacet
  facet normal -0.471413 0.881912 0
    outer loop
      vertex 86.3006 12.4294 2.575
      vertex 86.5945 12.5865 0
      vertex 86.3006 12.4294 0
    endloop
  endfacet
  facet normal -0.956971 0.290182 -1.52213e-18
    outer loop
      vertex 87.2206 13.3494 0
      vertex 87.3173 13.6683 2.575
      vertex 87.3173 13.6683 0
    endloop
  endfacet
  facet normal -0.956971 0.290182 -1.52213e-18
    outer loop
      vertex 87.3173 13.6683 2.575
      vertex 87.2206 13.3494 0
      vertex 87.2206 13.3494 2.575
    endloop
  endfacet
  facet normal 0.290182 0.956971 -0
    outer loop
      vertex 85.3183 12.3327 0
      vertex 84.9994 12.4294 2.575
      vertex 85.3183 12.3327 2.575
    endloop
  endfacet
  facet normal 0.290182 0.956971 0
    outer loop
      vertex 84.9994 12.4294 2.575
      vertex 85.3183 12.3327 0
      vertex 84.9994 12.4294 0
    endloop
  endfacet
  facet normal 0.0981075 0.995176 -0
    outer loop
      vertex 85.65 12.3 0
      vertex 85.3183 12.3327 2.575
      vertex 85.65 12.3 2.575
    endloop
  endfacet
  facet normal 0.0981075 0.995176 0
    outer loop
      vertex 85.3183 12.3327 2.575
      vertex 85.65 12.3 0
      vertex 85.3183 12.3327 0
    endloop
  endfacet
  facet normal 0.881912 0.471413 1.10947e-18
    outer loop
      vertex 84.2365 13.0555 2.575
      vertex 84.0794 13.3494 0
      vertex 84.0794 13.3494 2.575
    endloop
  endfacet
  facet normal 0.881912 0.471413 1.10947e-18
    outer loop
      vertex 84.0794 13.3494 0
      vertex 84.2365 13.0555 2.575
      vertex 84.2365 13.0555 0
    endloop
  endfacet
  facet normal -0.773021 0.634381 3.54177e-18
    outer loop
      vertex 86.8521 12.7979 0
      vertex 87.0635 13.0555 2.575
      vertex 87.0635 13.0555 0
    endloop
  endfacet
  facet normal -0.773021 0.634381 3.54177e-18
    outer loop
      vertex 87.0635 13.0555 2.575
      vertex 86.8521 12.7979 0
      vertex 86.8521 12.7979 2.575
    endloop
  endfacet
  facet normal 0 0 1
    outer loop
      vertex 87.35 14 2.575
      vertex 89.15 14 2.575
      vertex 89.1069 14.5475 2.575
    endloop
  endfacet
  facet normal 0 0 1
    outer loop
      vertex 87.3173 14.3317 2.575
      vertex 89.1069 14.5475 2.575
      vertex 88.9787 15.0816 2.575
    endloop
  endfacet
  facet normal 0 0 1
    outer loop
      vertex 89.15 14 2.575
      vertex 87.35 14 2.575
      vertex 89.1069 13.4525 2.575
    endloop
  endfacet
  facet normal 0 0 1
    outer loop
      vertex 87.2206 14.6506 2.575
      vertex 88.9787 15.0816 2.575
      vertex 88.7685 15.589 2.575
    endloop
  endfacet
  facet normal -0 0 1
    outer loop
      vertex 87.3173 13.6683 2.575
      vertex 89.1069 13.4525 2.575
      vertex 87.35 14 2.575
    endloop
  endfacet
  facet normal 0 0 1
    outer loop
      vertex 87.0635 14.9445 2.575
      vertex 88.7685 15.589 2.575
      vertex 88.4816 16.0572 2.575
    endloop
  endfacet
  facet normal 0 0 1
    outer loop
      vertex 89.1069 13.4525 2.575
      vertex 87.3173 13.6683 2.575
      vertex 88.9787 12.9184 2.575
    endloop
  endfacet
  facet normal 0 0 1
    outer loop
      vertex 86.8521 15.2021 2.575
      vertex 88.4816 16.0572 2.575
      vertex 88.1249 16.4749 2.575
    endloop
  endfacet
  facet normal -0 0 1
    outer loop
      vertex 87.2206 13.3494 2.575
      vertex 88.9787 12.9184 2.575
      vertex 87.3173 13.6683 2.575
    endloop
  endfacet
  facet normal 0 0 1
    outer loop
      vertex 86.8521 15.2021 2.575
      vertex 88.1249 16.4749 2.575
      vertex 87.7072 16.8316 2.575
    endloop
  endfacet
  facet normal 0 0 1
    outer loop
      vertex 88.9787 12.9184 2.575
      vertex 87.2206 13.3494 2.575
      vertex 88.7685 12.411 2.575
    endloop
  endfacet
  facet normal -0 0 1
    outer loop
      vertex 87.0635 13.0555 2.575
      vertex 88.7685 12.411 2.575
      vertex 87.2206 13.3494 2.575
    endloop
  endfacet
  facet normal 0 0 1
    outer loop
      vertex 89.1069 14.5475 2.575
      vertex 87.3173 14.3317 2.575
      vertex 87.35 14 2.575
    endloop
  endfacet
  facet normal 0 0 1
    outer loop
      vertex 86.5945 15.4135 2.575
      vertex 87.7072 16.8316 2.575
      vertex 87.239 17.1185 2.575
    endloop
  endfacet
  facet normal 0 0 1
    outer loop
      vertex 88.9787 15.0816 2.575
      vertex 87.2206 14.6506 2.575
      vertex 87.3173 14.3317 2.575
    endloop
  endfacet
  facet normal 0 0 1
    outer loop
      vertex 88.7685 15.589 2.575
      vertex 87.0635 14.9445 2.575
      vertex 87.2206 14.6506 2.575
    endloop
  endfacet
  facet normal 0 0 1
    outer loop
      vertex 88.4816 16.0572 2.575
      vertex 86.8521 15.2021 2.575
      vertex 87.0635 14.9445 2.575
    endloop
  endfacet
  facet normal 0 0 1
    outer loop
      vertex 86.3006 15.5706 2.575
      vertex 87.239 17.1185 2.575
      vertex 86.7316 17.3287 2.575
    endloop
  endfacet
  facet normal 0 0 1
    outer loop
      vertex 87.7072 16.8316 2.575
      vertex 86.5945 15.4135 2.575
      vertex 86.8521 15.2021 2.575
    endloop
  endfacet
  facet normal 0 0 1
    outer loop
      vertex 87.239 17.1185 2.575
      vertex 86.3006 15.5706 2.575
      vertex 86.5945 15.4135 2.575
    endloop
  endfacet
  facet normal 0 0 1
    outer loop
      vertex 85.9817 15.6673 2.575
      vertex 86.7316 17.3287 2.575
      vertex 86.1975 17.4569 2.575
    endloop
  endfacet
  facet normal 0 0 1
    outer loop
      vertex 86.7316 17.3287 2.575
      vertex 85.9817 15.6673 2.575
      vertex 86.3006 15.5706 2.575
    endloop
  endfacet
  facet normal 0 0 1
    outer loop
      vertex 85.65 15.7 2.575
      vertex 86.1975 17.4569 2.575
      vertex 85.65 17.5 2.575
    endloop
  endfacet
  facet normal 0 0 1
    outer loop
      vertex 86.1975 17.4569 2.575
      vertex 85.65 15.7 2.575
      vertex 85.9817 15.6673 2.575
    endloop
  endfacet
  facet normal -0 0 1
    outer loop
      vertex 85.1025 17.4569 2.575
      vertex 85.65 15.7 2.575
      vertex 85.65 17.5 2.575
    endloop
  endfacet
  facet normal 0 0 1
    outer loop
      vertex 85.65 15.7 2.575
      vertex 85.1025 17.4569 2.575
      vertex 85.3183 15.6673 2.575
    endloop
  endfacet
  facet normal -0 0 1
    outer loop
      vertex 84.5684 17.3287 2.575
      vertex 85.3183 15.6673 2.575
      vertex 85.1025 17.4569 2.575
    endloop
  endfacet
  facet normal 0 0 1
    outer loop
      vertex 85.3183 15.6673 2.575
      vertex 84.5684 17.3287 2.575
      vertex 84.9994 15.5706 2.575
    endloop
  endfacet
  facet normal -0 0 1
    outer loop
      vertex 84.061 17.1185 2.575
      vertex 84.9994 15.5706 2.575
      vertex 84.5684 17.3287 2.575
    endloop
  endfacet
  facet normal 0 0 1
    outer loop
      vertex 84.9994 15.5706 2.575
      vertex 84.061 17.1185 2.575
      vertex 84.7055 15.4135 2.575
    endloop
  endfacet
  facet normal -0 0 1
    outer loop
      vertex 83.5928 16.8316 2.575
      vertex 84.7055 15.4135 2.575
      vertex 84.061 17.1185 2.575
    endloop
  endfacet
  facet normal 0 0 1
    outer loop
      vertex 84.7055 15.4135 2.575
      vertex 83.5928 16.8316 2.575
      vertex 84.4479 15.2021 2.575
    endloop
  endfacet
  facet normal -0 0 1
    outer loop
      vertex 83.1751 16.4749 2.575
      vertex 84.4479 15.2021 2.575
      vertex 83.5928 16.8316 2.575
    endloop
  endfacet
  facet normal -0 0 1
    outer loop
      vertex 82.8184 16.0572 2.575
      vertex 84.4479 15.2021 2.575
      vertex 83.1751 16.4749 2.575
    endloop
  endfacet
  facet normal 0 0 1
    outer loop
      vertex 84.4479 15.2021 2.575
      vertex 82.8184 16.0572 2.575
      vertex 84.2365 14.9445 2.575
    endloop
  endfacet
  facet normal -0 0 1
    outer loop
      vertex 82.5315 15.589 2.575
      vertex 84.2365 14.9445 2.575
      vertex 82.8184 16.0572 2.575
    endloop
  endfacet
  facet normal 0 0 1
    outer loop
      vertex 88.7685 12.411 2.575
      vertex 87.0635 13.0555 2.575
      vertex 88.4816 11.9428 2.575
    endloop
  endfacet
  facet normal -0 0 1
    outer loop
      vertex 86.8521 12.7979 2.575
      vertex 88.4816 11.9428 2.575
      vertex 87.0635 13.0555 2.575
    endloop
  endfacet
  facet normal 0 0 1
    outer loop
      vertex 88.4816 11.9428 2.575
      vertex 86.8521 12.7979 2.575
      vertex 88.1249 11.5251 2.575
    endloop
  endfacet
  facet normal 0 0 1
    outer loop
      vertex 88.1249 11.5251 2.575
      vertex 86.8521 12.7979 2.575
      vertex 87.7072 11.1684 2.575
    endloop
  endfacet
  facet normal -0 0 1
    outer loop
      vertex 86.5945 12.5865 2.575
      vertex 87.7072 11.1684 2.575
      vertex 86.8521 12.7979 2.575
    endloop
  endfacet
  facet normal 0 0 1
    outer loop
      vertex 87.7072 11.1684 2.575
      vertex 86.5945 12.5865 2.575
      vertex 87.239 10.8815 2.575
    endloop
  endfacet
  facet normal -0 0 1
    outer loop
      vertex 86.3006 12.4294 2.575
      vertex 87.239 10.8815 2.575
      vertex 86.5945 12.5865 2.575
    endloop
  endfacet
  facet normal 0 0 1
    outer loop
      vertex 87.239 10.8815 2.575
      vertex 86.3006 12.4294 2.575
      vertex 86.7316 10.6713 2.575
    endloop
  endfacet
  facet normal -0 0 1
    outer loop
      vertex 85.9817 12.3327 2.575
      vertex 86.7316 10.6713 2.575
      vertex 86.3006 12.4294 2.575
    endloop
  endfacet
  facet normal 0 0 1
    outer loop
      vertex 86.7316 10.6713 2.575
      vertex 85.9817 12.3327 2.575
      vertex 86.1975 10.5431 2.575
    endloop
  endfacet
  facet normal -0 0 1
    outer loop
      vertex 85.65 12.3 2.575
      vertex 86.1975 10.5431 2.575
      vertex 85.9817 12.3327 2.575
    endloop
  endfacet
  facet normal 0 0 1
    outer loop
      vertex 85.65 12.3 2.575
      vertex 85.65 10.5 2.575
      vertex 86.1975 10.5431 2.575
    endloop
  endfacet
  facet normal 0 0 1
    outer loop
      vertex 85.1025 10.5431 2.575
      vertex 85.65 12.3 2.575
      vertex 85.3183 12.3327 2.575
    endloop
  endfacet
  facet normal 0 0 1
    outer loop
      vertex 85.65 12.3 2.575
      vertex 85.1025 10.5431 2.575
      vertex 85.65 10.5 2.575
    endloop
  endfacet
  facet normal 0 0 1
    outer loop
      vertex 84.5684 10.6713 2.575
      vertex 85.3183 12.3327 2.575
      vertex 84.9994 12.4294 2.575
    endloop
  endfacet
  facet normal 0 0 1
    outer loop
      vertex 84.061 10.8815 2.575
      vertex 84.9994 12.4294 2.575
      vertex 84.7055 12.5865 2.575
    endloop
  endfacet
  facet normal 0 0 1
    outer loop
      vertex 85.3183 12.3327 2.575
      vertex 84.5684 10.6713 2.575
      vertex 85.1025 10.5431 2.575
    endloop
  endfacet
  facet normal 0 0 1
    outer loop
      vertex 83.5928 11.1684 2.575
      vertex 84.7055 12.5865 2.575
      vertex 84.4479 12.7979 2.575
    endloop
  endfacet
  facet normal 0 0 1
    outer loop
      vertex 82.8184 11.9428 2.575
      vertex 84.4479 12.7979 2.575
      vertex 84.2365 13.0555 2.575
    endloop
  endfacet
  facet normal 0 0 1
    outer loop
      vertex 82.5315 12.411 2.575
      vertex 84.2365 13.0555 2.575
      vertex 84.0794 13.3494 2.575
    endloop
  endfacet
  facet normal 0 0 1
    outer loop
      vertex 84.9994 12.4294 2.575
      vertex 84.061 10.8815 2.575
      vertex 84.5684 10.6713 2.575
    endloop
  endfacet
  facet normal 0 0 1
    outer loop
      vertex 82.3213 12.9184 2.575
      vertex 84.0794 13.3494 2.575
      vertex 83.9827 13.6683 2.575
    endloop
  endfacet
  facet normal 0 0 1
    outer loop
      vertex 82.1931 13.4525 2.575
      vertex 83.9827 13.6683 2.575
      vertex 83.95 14 2.575
    endloop
  endfacet
  facet normal 0 0 1
    outer loop
      vertex 84.2365 14.9445 2.575
      vertex 82.5315 15.589 2.575
      vertex 84.0794 14.6506 2.575
    endloop
  endfacet
  facet normal 0 0 1
    outer loop
      vertex 84.7055 12.5865 2.575
      vertex 83.5928 11.1684 2.575
      vertex 84.061 10.8815 2.575
    endloop
  endfacet
  facet normal -0 0 1
    outer loop
      vertex 82.3213 15.0816 2.575
      vertex 84.0794 14.6506 2.575
      vertex 82.5315 15.589 2.575
    endloop
  endfacet
  facet normal 0 0 1
    outer loop
      vertex 84.4479 12.7979 2.575
      vertex 83.1751 11.5251 2.575
      vertex 83.5928 11.1684 2.575
    endloop
  endfacet
  facet normal 0 0 1
    outer loop
      vertex 84.0794 14.6506 2.575
      vertex 82.3213 15.0816 2.575
      vertex 83.9827 14.3317 2.575
    endloop
  endfacet
  facet normal 0 0 1
    outer loop
      vertex 84.4479 12.7979 2.575
      vertex 82.8184 11.9428 2.575
      vertex 83.1751 11.5251 2.575
    endloop
  endfacet
  facet normal -0 0 1
    outer loop
      vertex 82.1931 14.5475 2.575
      vertex 83.9827 14.3317 2.575
      vertex 82.3213 15.0816 2.575
    endloop
  endfacet
  facet normal 0 0 1
    outer loop
      vertex 84.2365 13.0555 2.575
      vertex 82.5315 12.411 2.575
      vertex 82.8184 11.9428 2.575
    endloop
  endfacet
  facet normal 0 0 1
    outer loop
      vertex 83.9827 14.3317 2.575
      vertex 82.1931 14.5475 2.575
      vertex 83.95 14 2.575
    endloop
  endfacet
  facet normal 0 0 1
    outer loop
      vertex 84.0794 13.3494 2.575
      vertex 82.3213 12.9184 2.575
      vertex 82.5315 12.411 2.575
    endloop
  endfacet
  facet normal 0 0 1
    outer loop
      vertex 82.15 14 2.575
      vertex 83.95 14 2.575
      vertex 82.1931 14.5475 2.575
    endloop
  endfacet
  facet normal 0 0 1
    outer loop
      vertex 83.9827 13.6683 2.575
      vertex 82.1931 13.4525 2.575
      vertex 82.3213 12.9184 2.575
    endloop
  endfacet
  facet normal 0 0 1
    outer loop
      vertex 83.95 14 2.575
      vertex 82.15 14 2.575
      vertex 82.1931 13.4525 2.575
    endloop
  endfacet
  facet normal -0.522481 -0.852651 0
    outer loop
      vertex 87.239 17.1185 2.575
      vertex 87.7072 16.8316 5
      vertex 87.239 17.1185 5
    endloop
  endfacet
  facet normal -0.522481 -0.852651 -0
    outer loop
      vertex 87.7072 16.8316 5
      vertex 87.239 17.1185 2.575
      vertex 87.7072 16.8316 2.575
    endloop
  endfacet
  facet normal 0.0784787 0.996916 -0
    outer loop
      vertex 85.65 10.5 2.575
      vertex 85.1025 10.5431 5
      vertex 85.65 10.5 5
    endloop
  endfacet
  facet normal 0.0784787 0.996916 0
    outer loop
      vertex 85.1025 10.5431 5
      vertex 85.65 10.5 2.575
      vertex 85.1025 10.5431 2.575
    endloop
  endfacet
  facet normal 0.522481 -0.852651 0
    outer loop
      vertex 83.5928 16.8316 2.575
      vertex 84.061 17.1185 5
      vertex 83.5928 16.8316 5
    endloop
  endfacet
  facet normal 0.522481 -0.852651 0
    outer loop
      vertex 84.061 17.1185 5
      vertex 83.5928 16.8316 2.575
      vertex 84.061 17.1185 2.575
    endloop
  endfacet
  facet normal 0.923861 -0.382727 -1.94865e-18
    outer loop
      vertex 82.3213 15.0816 5
      vertex 82.5315 15.589 2.575
      vertex 82.5315 15.589 5
    endloop
  endfacet
  facet normal 0.923861 -0.382727 -1.94865e-18
    outer loop
      vertex 82.5315 15.589 2.575
      vertex 82.3213 15.0816 5
      vertex 82.3213 15.0816 2.575
    endloop
  endfacet
  facet normal -0.923861 -0.382727 1.94865e-18
    outer loop
      vertex 88.9787 15.0816 2.575
      vertex 88.7685 15.589 5
      vertex 88.7685 15.589 2.575
    endloop
  endfacet
  facet normal -0.923861 -0.382727 1.94865e-18
    outer loop
      vertex 88.7685 15.589 5
      vertex 88.9787 15.0816 2.575
      vertex 88.9787 15.0816 5
    endloop
  endfacet
  facet normal -0.852651 -0.522481 -4.70208e-18
    outer loop
      vertex 88.7685 15.589 2.575
      vertex 88.4816 16.0572 5
      vertex 88.4816 16.0572 2.575
    endloop
  endfacet
  facet normal -0.852651 -0.522481 -4.70208e-18
    outer loop
      vertex 88.4816 16.0572 5
      vertex 88.7685 15.589 2.575
      vertex 88.7685 15.589 5
    endloop
  endfacet
  facet normal -0.649396 -0.76045 0
    outer loop
      vertex 87.7072 16.8316 2.575
      vertex 88.1249 16.4749 5
      vertex 87.7072 16.8316 5
    endloop
  endfacet
  facet normal -0.649396 -0.76045 -0
    outer loop
      vertex 88.1249 16.4749 5
      vertex 87.7072 16.8316 2.575
      vertex 88.1249 16.4749 2.575
    endloop
  endfacet
  facet normal -0.2334 -0.972381 0
    outer loop
      vertex 86.1975 17.4569 2.575
      vertex 86.7316 17.3287 5
      vertex 86.1975 17.4569 5
    endloop
  endfacet
  facet normal -0.2334 -0.972381 -0
    outer loop
      vertex 86.7316 17.3287 5
      vertex 86.1975 17.4569 2.575
      vertex 86.7316 17.3287 2.575
    endloop
  endfacet
  facet normal 0.0784787 -0.996916 0
    outer loop
      vertex 85.1025 17.4569 2.575
      vertex 85.65 17.5 5
      vertex 85.1025 17.4569 5
    endloop
  endfacet
  facet normal 0.0784787 -0.996916 0
    outer loop
      vertex 85.65 17.5 5
      vertex 85.1025 17.4569 2.575
      vertex 85.65 17.5 2.575
    endloop
  endfacet
  facet normal 0.996916 0.0784787 -3.68885e-19
    outer loop
      vertex 82.1931 13.4525 5
      vertex 82.15 14 2.575
      vertex 82.15 14 5
    endloop
  endfacet
  facet normal 0.996916 0.0784787 -3.68885e-19
    outer loop
      vertex 82.15 14 2.575
      vertex 82.1931 13.4525 5
      vertex 82.1931 13.4525 2.575
    endloop
  endfacet
  facet normal 0.852651 -0.522481 4.70208e-18
    outer loop
      vertex 82.5315 15.589 5
      vertex 82.8184 16.0572 2.575
      vertex 82.8184 16.0572 5
    endloop
  endfacet
  facet normal 0.852651 -0.522481 4.70208e-18
    outer loop
      vertex 82.8184 16.0572 2.575
      vertex 82.5315 15.589 5
      vertex 82.5315 15.589 2.575
    endloop
  endfacet
  facet normal 0.649396 -0.76045 0
    outer loop
      vertex 83.1751 16.4749 2.575
      vertex 83.5928 16.8316 5
      vertex 83.1751 16.4749 5
    endloop
  endfacet
  facet normal 0.649396 -0.76045 0
    outer loop
      vertex 83.5928 16.8316 5
      vertex 83.1751 16.4749 2.575
      vertex 83.5928 16.8316 2.575
    endloop
  endfacet
  facet normal 0.382727 -0.923861 0
    outer loop
      vertex 84.061 17.1185 2.575
      vertex 84.5684 17.3287 5
      vertex 84.061 17.1185 5
    endloop
  endfacet
  facet normal 0.382727 -0.923861 0
    outer loop
      vertex 84.5684 17.3287 5
      vertex 84.061 17.1185 2.575
      vertex 84.5684 17.3287 2.575
    endloop
  endfacet
  facet normal 0.76045 -0.649396 2.42154e-18
    outer loop
      vertex 82.8184 16.0572 5
      vertex 83.1751 16.4749 2.575
      vertex 83.1751 16.4749 5
    endloop
  endfacet
  facet normal 0.76045 -0.649396 2.42154e-18
    outer loop
      vertex 83.1751 16.4749 2.575
      vertex 82.8184 16.0572 5
      vertex 82.8184 16.0572 2.575
    endloop
  endfacet
  facet normal -0.996916 -0.0784787 1.09012e-18
    outer loop
      vertex 89.15 14 2.575
      vertex 89.1069 14.5475 5
      vertex 89.1069 14.5475 2.575
    endloop
  endfacet
  facet normal -0.996916 -0.0784787 1.09012e-18
    outer loop
      vertex 89.1069 14.5475 5
      vertex 89.15 14 2.575
      vertex 89.15 14 5
    endloop
  endfacet
  facet normal -0.522481 0.852651 0
    outer loop
      vertex 87.7072 11.1684 2.575
      vertex 87.239 10.8815 5
      vertex 87.7072 11.1684 5
    endloop
  endfacet
  facet normal -0.522481 0.852651 0
    outer loop
      vertex 87.239 10.8815 5
      vertex 87.7072 11.1684 2.575
      vertex 87.239 10.8815 2.575
    endloop
  endfacet
  facet normal -0.649396 0.76045 0
    outer loop
      vertex 88.1249 11.5251 2.575
      vertex 87.7072 11.1684 5
      vertex 88.1249 11.5251 5
    endloop
  endfacet
  facet normal -0.649396 0.76045 0
    outer loop
      vertex 87.7072 11.1684 5
      vertex 88.1249 11.5251 2.575
      vertex 87.7072 11.1684 2.575
    endloop
  endfacet
  facet normal -0.852651 0.522481 -8.61031e-18
    outer loop
      vertex 88.4816 11.9428 2.575
      vertex 88.7685 12.411 5
      vertex 88.7685 12.411 2.575
    endloop
  endfacet
  facet normal -0.852651 0.522481 -8.61031e-18
    outer loop
      vertex 88.7685 12.411 5
      vertex 88.4816 11.9428 2.575
      vertex 88.4816 11.9428 5
    endloop
  endfacet
  facet normal -0.0784787 0.996916 0
    outer loop
      vertex 86.1975 10.5431 2.575
      vertex 85.65 10.5 5
      vertex 86.1975 10.5431 5
    endloop
  endfacet
  facet normal -0.0784787 0.996916 0
    outer loop
      vertex 85.65 10.5 5
      vertex 86.1975 10.5431 2.575
      vertex 85.65 10.5 2.575
    endloop
  endfacet
  facet normal 0.522481 0.852651 -0
    outer loop
      vertex 84.061 10.8815 2.575
      vertex 83.5928 11.1684 5
      vertex 84.061 10.8815 5
    endloop
  endfacet
  facet normal 0.522481 0.852651 0
    outer loop
      vertex 83.5928 11.1684 5
      vertex 84.061 10.8815 2.575
      vertex 83.5928 11.1684 2.575
    endloop
  endfacet
  facet normal 0.972381 0.2334 4.98052e-18
    outer loop
      vertex 82.3213 12.9184 5
      vertex 82.1931 13.4525 2.575
      vertex 82.1931 13.4525 5
    endloop
  endfacet
  facet normal 0.972381 0.2334 4.98052e-18
    outer loop
      vertex 82.1931 13.4525 2.575
      vertex 82.3213 12.9184 5
      vertex 82.3213 12.9184 2.575
    endloop
  endfacet
  facet normal 0.649396 0.76045 -0
    outer loop
      vertex 83.5928 11.1684 2.575
      vertex 83.1751 11.5251 5
      vertex 83.5928 11.1684 5
    endloop
  endfacet
  facet normal 0.649396 0.76045 0
    outer loop
      vertex 83.1751 11.5251 5
      vertex 83.5928 11.1684 2.575
      vertex 83.1751 11.5251 2.575
    endloop
  endfacet
  facet normal -0.972381 -0.2334 4.98052e-18
    outer loop
      vertex 89.1069 14.5475 2.575
      vertex 88.9787 15.0816 5
      vertex 88.9787 15.0816 2.575
    endloop
  endfacet
  facet normal -0.972381 -0.2334 4.98052e-18
    outer loop
      vertex 88.9787 15.0816 5
      vertex 89.1069 14.5475 2.575
      vertex 89.1069 14.5475 5
    endloop
  endfacet
  facet normal -0.76045 -0.649396 -2.42154e-18
    outer loop
      vertex 88.4816 16.0572 2.575
      vertex 88.1249 16.4749 5
      vertex 88.1249 16.4749 2.575
    endloop
  endfacet
  facet normal -0.76045 -0.649396 -2.42154e-18
    outer loop
      vertex 88.1249 16.4749 5
      vertex 88.4816 16.0572 2.575
      vertex 88.4816 16.0572 5
    endloop
  endfacet
  facet normal -0.382727 -0.923861 0
    outer loop
      vertex 86.7316 17.3287 2.575
      vertex 87.239 17.1185 5
      vertex 86.7316 17.3287 5
    endloop
  endfacet
  facet normal -0.382727 -0.923861 -0
    outer loop
      vertex 87.239 17.1185 5
      vertex 86.7316 17.3287 2.575
      vertex 87.239 17.1185 2.575
    endloop
  endfacet
  facet normal -0.0784787 -0.996916 0
    outer loop
      vertex 85.65 17.5 2.575
      vertex 86.1975 17.4569 5
      vertex 85.65 17.5 5
    endloop
  endfacet
  facet normal -0.0784787 -0.996916 -0
    outer loop
      vertex 86.1975 17.4569 5
      vertex 85.65 17.5 2.575
      vertex 86.1975 17.4569 2.575
    endloop
  endfacet
  facet normal 0.972381 -0.2334 -4.98052e-18
    outer loop
      vertex 82.1931 14.5475 5
      vertex 82.3213 15.0816 2.575
      vertex 82.3213 15.0816 5
    endloop
  endfacet
  facet normal 0.972381 -0.2334 -4.98052e-18
    outer loop
      vertex 82.3213 15.0816 2.575
      vertex 82.1931 14.5475 5
      vertex 82.1931 14.5475 2.575
    endloop
  endfacet
  facet normal 0.996916 -0.0784787 3.68885e-19
    outer loop
      vertex 82.15 14 5
      vertex 82.1931 14.5475 2.575
      vertex 82.1931 14.5475 5
    endloop
  endfacet
  facet normal 0.996916 -0.0784787 3.68885e-19
    outer loop
      vertex 82.1931 14.5475 2.575
      vertex 82.15 14 5
      vertex 82.15 14 2.575
    endloop
  endfacet
  facet normal 0.2334 -0.972381 0
    outer loop
      vertex 84.5684 17.3287 2.575
      vertex 85.1025 17.4569 5
      vertex 84.5684 17.3287 5
    endloop
  endfacet
  facet normal 0.2334 -0.972381 0
    outer loop
      vertex 85.1025 17.4569 5
      vertex 84.5684 17.3287 2.575
      vertex 85.1025 17.4569 2.575
    endloop
  endfacet
  facet normal -0.972381 0.2334 -4.98052e-18
    outer loop
      vertex 88.9787 12.9184 2.575
      vertex 89.1069 13.4525 5
      vertex 89.1069 13.4525 2.575
    endloop
  endfacet
  facet normal -0.972381 0.2334 -4.98052e-18
    outer loop
      vertex 89.1069 13.4525 5
      vertex 88.9787 12.9184 2.575
      vertex 88.9787 12.9184 5
    endloop
  endfacet
  facet normal -0.2334 0.972381 0
    outer loop
      vertex 86.7316 10.6713 2.575
      vertex 86.1975 10.5431 5
      vertex 86.7316 10.6713 5
    endloop
  endfacet
  facet normal -0.2334 0.972381 0
    outer loop
      vertex 86.1975 10.5431 5
      vertex 86.7316 10.6713 2.575
      vertex 86.1975 10.5431 2.575
    endloop
  endfacet
  facet normal -0.382727 0.923861 0
    outer loop
      vertex 87.239 10.8815 2.575
      vertex 86.7316 10.6713 5
      vertex 87.239 10.8815 5
    endloop
  endfacet
  facet normal -0.382727 0.923861 0
    outer loop
      vertex 86.7316 10.6713 5
      vertex 87.239 10.8815 2.575
      vertex 86.7316 10.6713 2.575
    endloop
  endfacet
  facet normal -0.76045 0.649396 2.42154e-18
    outer loop
      vertex 88.1249 11.5251 2.575
      vertex 88.4816 11.9428 5
      vertex 88.4816 11.9428 2.575
    endloop
  endfacet
  facet normal -0.76045 0.649396 2.42154e-18
    outer loop
      vertex 88.4816 11.9428 5
      vertex 88.1249 11.5251 2.575
      vertex 88.1249 11.5251 5
    endloop
  endfacet
  facet normal -0.923861 0.382727 -1.94865e-18
    outer loop
      vertex 88.7685 12.411 2.575
      vertex 88.9787 12.9184 5
      vertex 88.9787 12.9184 2.575
    endloop
  endfacet
  facet normal -0.923861 0.382727 -1.94865e-18
    outer loop
      vertex 88.9787 12.9184 5
      vertex 88.7685 12.411 2.575
      vertex 88.7685 12.411 5
    endloop
  endfacet
  facet normal 0.382727 0.923861 -0
    outer loop
      vertex 84.5684 10.6713 2.575
      vertex 84.061 10.8815 5
      vertex 84.5684 10.6713 5
    endloop
  endfacet
  facet normal 0.382727 0.923861 0
    outer loop
      vertex 84.061 10.8815 5
      vertex 84.5684 10.6713 2.575
      vertex 84.061 10.8815 2.575
    endloop
  endfacet
  facet normal 0.923861 0.382727 1.94865e-18
    outer loop
      vertex 82.5315 12.411 5
      vertex 82.3213 12.9184 2.575
      vertex 82.3213 12.9184 5
    endloop
  endfacet
  facet normal 0.923861 0.382727 1.94865e-18
    outer loop
      vertex 82.3213 12.9184 2.575
      vertex 82.5315 12.411 5
      vertex 82.5315 12.411 2.575
    endloop
  endfacet
  facet normal 0.852651 0.522481 8.61031e-18
    outer loop
      vertex 82.8184 11.9428 5
      vertex 82.5315 12.411 2.575
      vertex 82.5315 12.411 5
    endloop
  endfacet
  facet normal 0.852651 0.522481 8.61031e-18
    outer loop
      vertex 82.5315 12.411 2.575
      vertex 82.8184 11.9428 5
      vertex 82.8184 11.9428 2.575
    endloop
  endfacet
  facet normal -0.996916 0.0784787 -1.09012e-18
    outer loop
      vertex 89.1069 13.4525 2.575
      vertex 89.15 14 5
      vertex 89.15 14 2.575
    endloop
  endfacet
  facet normal -0.996916 0.0784787 -1.09012e-18
    outer loop
      vertex 89.15 14 5
      vertex 89.1069 13.4525 2.575
      vertex 89.1069 13.4525 5
    endloop
  endfacet
  facet normal 0.2334 0.972381 -0
    outer loop
      vertex 85.1025 10.5431 2.575
      vertex 84.5684 10.6713 5
      vertex 85.1025 10.5431 5
    endloop
  endfacet
  facet normal 0.2334 0.972381 0
    outer loop
      vertex 84.5684 10.6713 5
      vertex 85.1025 10.5431 2.575
      vertex 84.5684 10.6713 2.575
    endloop
  endfacet
  facet normal 0.76045 0.649396 -2.42154e-18
    outer loop
      vertex 83.1751 11.5251 5
      vertex 82.8184 11.9428 2.575
      vertex 82.8184 11.9428 5
    endloop
  endfacet
  facet normal 0.76045 0.649396 -2.42154e-18
    outer loop
      vertex 82.8184 11.9428 2.575
      vertex 83.1751 11.5251 5
      vertex 83.1751 11.5251 2.575
    endloop
  endfacet
  facet normal -0 0 1
    outer loop
      vertex -27.1452 4.99093 4.45
      vertex -26.3449 3.83744 4.45
      vertex -26.3449 4.99093 4.45
    endloop
  endfacet
  facet normal 0 0 1
    outer loop
      vertex -26.3449 3.83744 4.45
      vertex -27.1452 4.99093 4.45
      vertex -26.3506 3.53054 4.45
    endloop
  endfacet
  facet normal 0 0 1
    outer loop
      vertex -26.3506 3.53054 4.45
      vertex -27.1452 4.99093 4.45
      vertex -26.3677 3.2308 4.45
    endloop
  endfacet
  facet normal 0 0 1
    outer loop
      vertex -24.3512 2.71812 4.45
      vertex -25.2861 3.09906 4.45
      vertex -25.1487 2.49026 4.45
    endloop
  endfacet
  facet normal 0 0 1
    outer loop
      vertex -25.3651 3.90292 4.45
      vertex -25.2861 3.09906 4.45
      vertex -24.9322 3.82745 4.45
    endloop
  endfacet
  facet normal 0 0 1
    outer loop
      vertex -25.6984 3.30198 4.45
      vertex -25.3651 3.90292 4.45
      vertex -25.6806 3.86305 4.45
    endloop
  endfacet
  facet normal 0 0 1
    outer loop
      vertex -25.3651 3.90292 4.45
      vertex -25.6984 3.30198 4.45
      vertex -25.2861 3.09906 4.45
    endloop
  endfacet
  facet normal -0 0 1
    outer loop
      vertex -25.949 3.7434 4.45
      vertex -25.6984 3.30198 4.45
      vertex -25.6806 3.86305 4.45
    endloop
  endfacet
  facet normal 0 0 1
    outer loop
      vertex -25.949 3.7434 4.45
      vertex -25.9608 3.23968 4.45
      vertex -25.6984 3.30198 4.45
    endloop
  endfacet
  facet normal -0 0 1
    outer loop
      vertex -26.1733 3.53552 4.45
      vertex -25.9608 3.23968 4.45
      vertex -25.949 3.7434 4.45
    endloop
  endfacet
  facet normal 0 0 1
    outer loop
      vertex -26.3563 3.2308 4.45
      vertex -25.9608 3.23968 4.45
      vertex -26.1733 3.53552 4.45
    endloop
  endfacet
  facet normal 0 0 1
    outer loop
      vertex -25.9608 3.23968 4.45
      vertex -26.3563 3.2308 4.45
      vertex -26.1669 3.05276 4.45
    endloop
  endfacet
  facet normal -0 0 1
    outer loop
      vertex -26.3677 3.2308 4.45
      vertex -26.1669 3.05276 4.45
      vertex -26.3563 3.2308 4.45
    endloop
  endfacet
  facet normal 0 0 1
    outer loop
      vertex -26.1669 3.05276 4.45
      vertex -26.3677 3.2308 4.45
      vertex -26.3004 2.76832 4.45
    endloop
  endfacet
  facet normal 0 0 1
    outer loop
      vertex -26.3004 2.76832 4.45
      vertex -26.3677 3.2308 4.45
      vertex -26.3449 2.41337 4.45
    endloop
  endfacet
  facet normal 0 0 1
    outer loop
      vertex -27.1452 0.764324 4.45
      vertex -26.3449 2.41337 4.45
      vertex -26.3677 3.2308 4.45
    endloop
  endfacet
  facet normal 0 0 1
    outer loop
      vertex -27.1452 0.764324 4.45
      vertex -26.3677 3.2308 4.45
      vertex -27.1452 4.99093 4.45
    endloop
  endfacet
  facet normal 0 0 1
    outer loop
      vertex -26.3449 2.41337 4.45
      vertex -27.1452 0.764324 4.45
      vertex -26.3449 0.764324 4.45
    endloop
  endfacet
  facet normal -0 0 1
    outer loop
      vertex -25.2861 3.09906 4.45
      vertex -24.3512 2.71812 4.45
      vertex -24.4167 3.22935 4.45
    endloop
  endfacet
  facet normal 0 0 1
    outer loop
      vertex -25.2861 3.09906 4.45
      vertex -24.4167 3.22935 4.45
      vertex -24.6133 3.60102 4.45
    endloop
  endfacet
  facet normal 0 0 1
    outer loop
      vertex -25.2861 3.09906 4.45
      vertex -24.6133 3.60102 4.45
      vertex -24.9322 3.82745 4.45
    endloop
  endfacet
  facet normal 0 0 1
    outer loop
      vertex -24.3512 2.71812 4.45
      vertex -25.1487 2.49026 4.45
      vertex -24.3512 0.764324 4.45
    endloop
  endfacet
  facet normal 0 0 1
    outer loop
      vertex -24.3512 0.764324 4.45
      vertex -25.1487 2.49026 4.45
      vertex -25.1487 0.764324 4.45
    endloop
  endfacet
  facet normal 0 0 1
    outer loop
      vertex -35.1547 3.49279 4.45
      vertex -34.3088 3.50703 4.45
      vertex -34.406 4.04499 4.45
    endloop
  endfacet
  facet normal 0 0 1
    outer loop
      vertex -34.3088 3.50703 4.45
      vertex -35.1547 3.49279 4.45
      vertex -34.353 3.14035 4.45
    endloop
  endfacet
  facet normal 0 0 1
    outer loop
      vertex -35.3413 3.96702 4.45
      vertex -34.406 4.04499 4.45
      vertex -34.6976 4.44552 4.45
    endloop
  endfacet
  facet normal -0 0 1
    outer loop
      vertex -35.2017 3.20622 4.45
      vertex -34.353 3.14035 4.45
      vertex -35.1547 3.49279 4.45
    endloop
  endfacet
  facet normal 0 0 1
    outer loop
      vertex -34.353 3.14035 4.45
      vertex -35.2017 3.20622 4.45
      vertex -34.4854 2.81495 4.45
    endloop
  endfacet
  facet normal 0 0 1
    outer loop
      vertex -34.4854 2.81495 4.45
      vertex -35.2017 3.20622 4.45
      vertex -34.7001 2.54475 4.45
    endloop
  endfacet
  facet normal 0 0 1
    outer loop
      vertex -35.3413 3.96702 4.45
      vertex -34.6976 4.44552 4.45
      vertex -35.1693 4.69436 4.45
    endloop
  endfacet
  facet normal 0 0 1
    outer loop
      vertex -34.406 4.04499 4.45
      vertex -35.3413 3.96702 4.45
      vertex -35.1547 3.49279 4.45
    endloop
  endfacet
  facet normal 0 0 1
    outer loop
      vertex -35.9009 4.1251 4.45
      vertex -35.1693 4.69436 4.45
      vertex -35.8069 4.77732 4.45
    endloop
  endfacet
  facet normal 0 0 1
    outer loop
      vertex -35.1693 4.69436 4.45
      vertex -35.9009 4.1251 4.45
      vertex -35.3413 3.96702 4.45
    endloop
  endfacet
  facet normal 0 0 1
    outer loop
      vertex -35.8069 4.77732 4.45
      vertex -36.7696 4.1251 4.45
      vertex -35.9009 4.1251 4.45
    endloop
  endfacet
  facet normal 0 0 1
    outer loop
      vertex -37.6098 4.77732 4.45
      vertex -36.7696 2.82348 4.45
      vertex -36.7696 4.1251 4.45
    endloop
  endfacet
  facet normal 0 0 1
    outer loop
      vertex -37.6098 0.764324 4.45
      vertex -36.7696 2.82348 4.45
      vertex -37.6098 4.77732 4.45
    endloop
  endfacet
  facet normal -0 0 1
    outer loop
      vertex -37.6098 4.77732 4.45
      vertex -36.7696 4.1251 4.45
      vertex -35.8069 4.77732 4.45
    endloop
  endfacet
  facet normal 0 0 1
    outer loop
      vertex -36.7696 2.82348 4.45
      vertex -37.6098 0.764324 4.45
      vertex -36.7696 2.17698 4.45
    endloop
  endfacet
  facet normal 0 0 1
    outer loop
      vertex -36.7696 2.17698 4.45
      vertex -37.6098 0.764324 4.45
      vertex -36.7696 0.764324 4.45
    endloop
  endfacet
  facet normal -0 0 1
    outer loop
      vertex -35.3427 2.9958 4.45
      vertex -34.7001 2.54475 4.45
      vertex -35.2017 3.20622 4.45
    endloop
  endfacet
  facet normal 0 0 1
    outer loop
      vertex -34.7001 2.54475 4.45
      vertex -35.3427 2.9958 4.45
      vertex -34.991 2.34361 4.45
    endloop
  endfacet
  facet normal -0 0 1
    outer loop
      vertex -35.5706 2.86656 4.45
      vertex -34.991 2.34361 4.45
      vertex -35.3427 2.9958 4.45
    endloop
  endfacet
  facet normal 0 0 1
    outer loop
      vertex -34.991 2.34361 4.45
      vertex -35.5706 2.86656 4.45
      vertex -35.3509 2.21864 4.45
    endloop
  endfacet
  facet normal 0 0 1
    outer loop
      vertex -35.5706 2.86656 4.45
      vertex -35.7728 2.17698 4.45
      vertex -35.3509 2.21864 4.45
    endloop
  endfacet
  facet normal -0 0 1
    outer loop
      vertex -35.8782 2.82348 4.45
      vertex -35.7728 2.17698 4.45
      vertex -35.5706 2.86656 4.45
    endloop
  endfacet
  facet normal 0 0 1
    outer loop
      vertex -36.7696 2.17698 4.45
      vertex -35.8782 2.82348 4.45
      vertex -36.7696 2.82348 4.45
    endloop
  endfacet
  facet normal 0 0 1
    outer loop
      vertex -35.8782 2.82348 4.45
      vertex -36.7696 2.17698 4.45
      vertex -35.7728 2.17698 4.45
    endloop
  endfacet
  facet normal 0 0 1
    outer loop
      vertex -28.5554 3.1642 4.45
      vertex -27.9327 3.43086 4.45
      vertex -28.2044 3.69217 4.45
    endloop
  endfacet
  facet normal 0 -0 1
    outer loop
      vertex -28.4963 3.00009 4.45
      vertex -27.9327 3.43086 4.45
      vertex -28.5554 3.1642 4.45
    endloop
  endfacet
  facet normal 0 0 1
    outer loop
      vertex -27.9327 3.43086 4.45
      vertex -28.4963 3.00009 4.45
      vertex -27.7871 3.07414 4.45
    endloop
  endfacet
  facet normal 0 0 1
    outer loop
      vertex -28.6644 3.28061 4.45
      vertex -28.2044 3.69217 4.45
      vertex -28.5928 3.85238 4.45
    endloop
  endfacet
  facet normal 0 0 1
    outer loop
      vertex -28.2044 3.69217 4.45
      vertex -28.6644 3.28061 4.45
      vertex -28.5554 3.1642 4.45
    endloop
  endfacet
  facet normal 0 0 1
    outer loop
      vertex -28.5928 3.85238 4.45
      vertex -28.8374 3.35003 4.45
      vertex -28.6644 3.28061 4.45
    endloop
  endfacet
  facet normal 0 0 1
    outer loop
      vertex -29.0887 3.90577 4.45
      vertex -28.8374 3.35003 4.45
      vertex -28.5928 3.85238 4.45
    endloop
  endfacet
  facet normal 0 0 1
    outer loop
      vertex -29.0887 3.90577 4.45
      vertex -29.0887 3.37318 4.45
      vertex -28.8374 3.35003 4.45
    endloop
  endfacet
  facet normal 0 0 1
    outer loop
      vertex -29.0887 3.90577 4.45
      vertex -29.3379 3.35502 4.45
      vertex -29.0887 3.37318 4.45
    endloop
  endfacet
  facet normal -0 0 1
    outer loop
      vertex -29.6416 3.84419 4.45
      vertex -29.3379 3.35502 4.45
      vertex -29.0887 3.90577 4.45
    endloop
  endfacet
  facet normal 0 0 1
    outer loop
      vertex -29.3379 3.35502 4.45
      vertex -29.6416 3.84419 4.45
      vertex -29.5159 3.30056 4.45
    endloop
  endfacet
  facet normal -0 0 1
    outer loop
      vertex -30.0528 3.6594 4.45
      vertex -29.5159 3.30056 4.45
      vertex -29.6416 3.84419 4.45
    endloop
  endfacet
  facet normal 0 0 1
    outer loop
      vertex -29.5159 3.30056 4.45
      vertex -30.0528 3.6594 4.45
      vertex -29.6227 3.20337 4.45
    endloop
  endfacet
  facet normal -0 0 1
    outer loop
      vertex -30.3081 3.3643 4.45
      vertex -29.6227 3.20337 4.45
      vertex -30.0528 3.6594 4.45
    endloop
  endfacet
  facet normal 0 0 1
    outer loop
      vertex -29.6227 3.20337 4.45
      vertex -30.3081 3.3643 4.45
      vertex -29.6583 3.05705 4.45
    endloop
  endfacet
  facet normal 0 -0 1
    outer loop
      vertex -30.3622 2.7249 4.45
      vertex -29.6583 3.05705 4.45
      vertex -30.3932 2.97161 4.45
    endloop
  endfacet
  facet normal 0 0 1
    outer loop
      vertex -29.6583 3.05705 4.45
      vertex -30.1172 2.35357 4.45
      vertex -29.909 2.22113 4.45
    endloop
  endfacet
  facet normal 0 0 1
    outer loop
      vertex -29.6583 3.05705 4.45
      vertex -30.3081 3.3643 4.45
      vertex -30.3932 2.97161 4.45
    endloop
  endfacet
  facet normal 0 -0 1
    outer loop
      vertex -30.2693 2.52017 4.45
      vertex -29.6583 3.05705 4.45
      vertex -30.3622 2.7249 4.45
    endloop
  endfacet
  facet normal 0 0 1
    outer loop
      vertex -29.6583 3.05705 4.45
      vertex -30.2693 2.52017 4.45
      vertex -30.1172 2.35357 4.45
    endloop
  endfacet
  facet normal 0 0 1
    outer loop
      vertex -27.7412 1.90535 4.45
      vertex -28.4817 1.72308 4.45
      vertex -28.4507 1.5903 4.45
    endloop
  endfacet
  facet normal 0 0 1
    outer loop
      vertex -28.7416 1.90535 4.45
      vertex -28.2848 2.47711 4.45
      vertex -28.5376 2.56289 4.45
    endloop
  endfacet
  facet normal 0 0 1
    outer loop
      vertex -28.0876 2.37637 4.45
      vertex -28.5746 1.82524 4.45
      vertex -28.4817 1.72308 4.45
    endloop
  endfacet
  facet normal 0 0 1
    outer loop
      vertex -28.2848 2.47711 4.45
      vertex -28.7416 1.90535 4.45
      vertex -28.5746 1.82524 4.45
    endloop
  endfacet
  facet normal 0 0 1
    outer loop
      vertex -28.8384 2.64015 4.45
      vertex -28.7416 1.90535 4.45
      vertex -28.5376 2.56289 4.45
    endloop
  endfacet
  facet normal 0 0 1
    outer loop
      vertex -28.8384 2.64015 4.45
      vertex -28.9947 1.97195 4.45
      vertex -28.7416 1.90535 4.45
    endloop
  endfacet
  facet normal 0 0 1
    outer loop
      vertex -29.1798 2.7153 4.45
      vertex -28.9947 1.97195 4.45
      vertex -28.8384 2.64015 4.45
    endloop
  endfacet
  facet normal 0 0 1
    outer loop
      vertex -29.5622 2.10116 4.45
      vertex -29.1798 2.7153 4.45
      vertex -29.4016 2.77331 4.45
    endloop
  endfacet
  facet normal 0 0 1
    outer loop
      vertex -29.909 2.22113 4.45
      vertex -29.4016 2.77331 4.45
      vertex -29.5487 2.84486 4.45
    endloop
  endfacet
  facet normal 0 0 1
    outer loop
      vertex -29.1798 2.7153 4.45
      vertex -29.5622 2.10116 4.45
      vertex -28.9947 1.97195 4.45
    endloop
  endfacet
  facet normal 0 0 1
    outer loop
      vertex -29.909 2.22113 4.45
      vertex -29.5487 2.84486 4.45
      vertex -29.6309 2.93707 4.45
    endloop
  endfacet
  facet normal 0 0 1
    outer loop
      vertex -29.909 2.22113 4.45
      vertex -29.6309 2.93707 4.45
      vertex -29.6583 3.05705 4.45
    endloop
  endfacet
  facet normal 0 0 1
    outer loop
      vertex -29.4016 2.77331 4.45
      vertex -29.909 2.22113 4.45
      vertex -29.5622 2.10116 4.45
    endloop
  endfacet
  facet normal 0 0 1
    outer loop
      vertex -28.4507 1.5903 4.45
      vertex -27.7159 1.66433 4.45
      vertex -27.7412 1.90535 4.45
    endloop
  endfacet
  facet normal 0 0 1
    outer loop
      vertex -28.4817 1.72308 4.45
      vertex -27.7412 1.90535 4.45
      vertex -27.817 2.09866 4.45
    endloop
  endfacet
  facet normal 0 0 1
    outer loop
      vertex -28.4817 1.72308 4.45
      vertex -27.817 2.09866 4.45
      vertex -27.9352 2.25282 4.45
    endloop
  endfacet
  facet normal 0 0 1
    outer loop
      vertex -27.7159 1.66433 4.45
      vertex -28.4507 1.5903 4.45
      vertex -27.8074 1.26524 4.45
    endloop
  endfacet
  facet normal 0 0 1
    outer loop
      vertex -28.4817 1.72308 4.45
      vertex -27.9352 2.25282 4.45
      vertex -28.0876 2.37637 4.45
    endloop
  endfacet
  facet normal 0 0 1
    outer loop
      vertex -28.5746 1.82524 4.45
      vertex -28.0876 2.37637 4.45
      vertex -28.2848 2.47711 4.45
    endloop
  endfacet
  facet normal -0 0 1
    outer loop
      vertex -28.4892 1.43222 4.45
      vertex -27.8074 1.26524 4.45
      vertex -28.4507 1.5903 4.45
    endloop
  endfacet
  facet normal 0 0 1
    outer loop
      vertex -27.8074 1.26524 4.45
      vertex -28.4892 1.43222 4.45
      vertex -28.0819 0.962261 4.45
    endloop
  endfacet
  facet normal -0 0 1
    outer loop
      vertex -28.6045 1.32254 4.45
      vertex -28.0819 0.962261 4.45
      vertex -28.4892 1.43222 4.45
    endloop
  endfacet
  facet normal 0 0 1
    outer loop
      vertex -28.0819 0.962261 4.45
      vertex -28.6045 1.32254 4.45
      vertex -28.518 0.771099 4.45
    endloop
  endfacet
  facet normal -0 0 1
    outer loop
      vertex -28.8039 1.25846 4.45
      vertex -28.518 0.771099 4.45
      vertex -28.6045 1.32254 4.45
    endloop
  endfacet
  facet normal 0 0 1
    outer loop
      vertex -29.0944 0.707363 4.45
      vertex -28.8039 1.25846 4.45
      vertex -29.0944 1.23712 4.45
    endloop
  endfacet
  facet normal 0 0 1
    outer loop
      vertex -28.8039 1.25846 4.45
      vertex -29.0944 0.707363 4.45
      vertex -28.518 0.771099 4.45
    endloop
  endfacet
  facet normal 0 0 1
    outer loop
      vertex -29.4045 1.2599 4.45
      vertex -29.0944 0.707363 4.45
      vertex -29.0944 1.23712 4.45
    endloop
  endfacet
  facet normal 0 0 1
    outer loop
      vertex -29.6551 0.757565 4.45
      vertex -29.4045 1.2599 4.45
      vertex -29.6057 1.32826 4.45
    endloop
  endfacet
  facet normal 0 0 1
    outer loop
      vertex -29.4045 1.2599 4.45
      vertex -29.6551 0.757565 4.45
      vertex -29.0944 0.707363 4.45
    endloop
  endfacet
  facet normal 0 0 1
    outer loop
      vertex -30.067 0.908123 4.45
      vertex -29.6057 1.32826 4.45
      vertex -29.7306 1.45143 4.45
    endloop
  endfacet
  facet normal 0 0 1
    outer loop
      vertex -30.3479 1.16482 4.45
      vertex -29.7306 1.45143 4.45
      vertex -29.8121 1.63867 4.45
    endloop
  endfacet
  facet normal 0 0 1
    outer loop
      vertex -29.6057 1.32826 4.45
      vertex -30.067 0.908123 4.45
      vertex -29.6551 0.757565 4.45
    endloop
  endfacet
  facet normal 0 0 1
    outer loop
      vertex -29.7306 1.45143 4.45
      vertex -30.3479 1.16482 4.45
      vertex -30.067 0.908123 4.45
    endloop
  endfacet
  facet normal 0 -0 1
    outer loop
      vertex -30.3479 1.16482 4.45
      vertex -29.8121 1.63867 4.45
      vertex -30.5156 1.53329 4.45
    endloop
  endfacet
  facet normal -0 0 1
    outer loop
      vertex -33.8387 3.84597 4.45
      vertex -33.0383 2.11718 4.45
      vertex -33.0383 3.84597 4.45
    endloop
  endfacet
  facet normal 0 -0 1
    outer loop
      vertex -33.7732 1.37844 4.45
      vertex -33.0383 2.11718 4.45
      vertex -33.8387 1.88932 4.45
    endloop
  endfacet
  facet normal 0 -0 1
    outer loop
      vertex -33.5767 1.00784 4.45
      vertex -33.0383 2.11718 4.45
      vertex -33.7732 1.37844 4.45
    endloop
  endfacet
  facet normal 0 0 1
    outer loop
      vertex -33.0383 2.11718 4.45
      vertex -33.8387 3.84597 4.45
      vertex -33.8387 1.88932 4.45
    endloop
  endfacet
  facet normal 0 0 1
    outer loop
      vertex -33.0383 2.11718 4.45
      vertex -33.5767 1.00784 4.45
      vertex -33.2577 0.782482 4.45
    endloop
  endfacet
  facet normal -0 0 1
    outer loop
      vertex -31.845 2.19409 4.45
      vertex -31.0447 1.45358 4.45
      vertex -31.0447 3.84597 4.45
    endloop
  endfacet
  facet normal 0 0 1
    outer loop
      vertex -31.0447 1.45358 4.45
      vertex -31.8108 1.12248 4.45
      vertex -31.7852 0.764324 4.45
    endloop
  endfacet
  facet normal 0 0 1
    outer loop
      vertex -31.0447 1.45358 4.45
      vertex -31.8194 1.37667 4.45
      vertex -31.8108 1.12248 4.45
    endloop
  endfacet
  facet normal -0 0 1
    outer loop
      vertex -31.8895 1.83914 4.45
      vertex -31.0447 1.45358 4.45
      vertex -31.845 2.19409 4.45
    endloop
  endfacet
  facet normal 0 0 1
    outer loop
      vertex -31.845 2.19409 4.45
      vertex -31.0447 3.84597 4.45
      vertex -31.845 3.84597 4.45
    endloop
  endfacet
  facet normal 0 0 1
    outer loop
      vertex -31.0447 1.45358 4.45
      vertex -31.8895 1.83914 4.45
      vertex -31.8194 1.37667 4.45
    endloop
  endfacet
  facet normal -0 0 1
    outer loop
      vertex -32.023 1.55467 4.45
      vertex -31.8194 1.37667 4.45
      vertex -31.8895 1.83914 4.45
    endloop
  endfacet
  facet normal 0 0 1
    outer loop
      vertex -31.8194 1.37667 4.45
      vertex -32.023 1.55467 4.45
      vertex -31.8336 1.37667 4.45
    endloop
  endfacet
  facet normal 0 0 1
    outer loop
      vertex -32.2292 1.36775 4.45
      vertex -31.8336 1.37667 4.45
      vertex -32.023 1.55467 4.45
    endloop
  endfacet
  facet normal 0 0 1
    outer loop
      vertex -31.8336 1.37667 4.45
      vertex -32.2292 1.36775 4.45
      vertex -32.0148 1.07406 4.45
    endloop
  endfacet
  facet normal 0 0 1
    outer loop
      vertex -32.2292 1.36775 4.45
      vertex -32.2395 0.866848 4.45
      vertex -32.0148 1.07406 4.45
    endloop
  endfacet
  facet normal -0 0 1
    outer loop
      vertex -32.4915 1.30545 4.45
      vertex -32.2395 0.866848 4.45
      vertex -32.2292 1.36775 4.45
    endloop
  endfacet
  facet normal 0 0 1
    outer loop
      vertex -32.4915 1.30545 4.45
      vertex -32.509 0.747234 4.45
      vertex -32.2395 0.866848 4.45
    endloop
  endfacet
  facet normal 0 0 1
    outer loop
      vertex -32.4915 1.30545 4.45
      vertex -32.8248 0.707363 4.45
      vertex -32.509 0.747234 4.45
    endloop
  endfacet
  facet normal 0 0 1
    outer loop
      vertex -32.9016 1.50837 4.45
      vertex -32.8248 0.707363 4.45
      vertex -32.4915 1.30545 4.45
    endloop
  endfacet
  facet normal 0 0 1
    outer loop
      vertex -33.2577 0.782482 4.45
      vertex -32.9016 1.50837 4.45
      vertex -33.0383 2.11718 4.45
    endloop
  endfacet
  facet normal 0 0 1
    outer loop
      vertex -32.9016 1.50837 4.45
      vertex -33.2577 0.782482 4.45
      vertex -32.8248 0.707363 4.45
    endloop
  endfacet
  facet normal 0 0 1
    outer loop
      vertex -31.039 1.08474 4.45
      vertex -31.7852 0.764324 4.45
      vertex -31.0219 0.764324 4.45
    endloop
  endfacet
  facet normal 0 0 1
    outer loop
      vertex -31.7852 0.764324 4.45
      vertex -31.039 1.08474 4.45
      vertex -31.0447 1.45358 4.45
    endloop
  endfacet
  facet normal -0.992233 0.124396 -3.48714e-18
    outer loop
      vertex -26.3449 2.41337 4.45
      vertex -26.3004 2.76832 5
      vertex -26.3004 2.76832 4.45
    endloop
  endfacet
  facet normal -0.992233 0.124396 -3.48714e-18
    outer loop
      vertex -26.3004 2.76832 5
      vertex -26.3449 2.41337 4.45
      vertex -26.3449 2.41337 5
    endloop
  endfacet
  facet normal -0.905252 0.424874 1.78017e-17
    outer loop
      vertex -26.3004 2.76832 4.45
      vertex -26.1669 3.05276 5
      vertex -26.1669 3.05276 4.45
    endloop
  endfacet
  facet normal -0.905252 0.424874 1.78017e-17
    outer loop
      vertex -26.1669 3.05276 5
      vertex -26.3004 2.76832 4.45
      vertex -26.3004 2.76832 5
    endloop
  endfacet
  facet normal -0.671799 0.740733 0
    outer loop
      vertex -25.9608 3.23968 4.45
      vertex -26.1669 3.05276 5
      vertex -25.9608 3.23968 5
    endloop
  endfacet
  facet normal -0.671799 0.740733 0
    outer loop
      vertex -26.1669 3.05276 5
      vertex -25.9608 3.23968 4.45
      vertex -26.1669 3.05276 4.45
    endloop
  endfacet
  facet normal -0.231002 0.972953 0
    outer loop
      vertex -25.6984 3.30198 4.45
      vertex -25.9608 3.23968 5
      vertex -25.6984 3.30198 5
    endloop
  endfacet
  facet normal -0.231002 0.972953 0
    outer loop
      vertex -25.9608 3.23968 5
      vertex -25.6984 3.30198 4.45
      vertex -25.9608 3.23968 4.45
    endloop
  endfacet
  facet normal 0.441582 0.897221 -0
    outer loop
      vertex -25.2861 3.09906 4.45
      vertex -25.6984 3.30198 5
      vertex -25.2861 3.09906 5
    endloop
  endfacet
  facet normal 0.441582 0.897221 0
    outer loop
      vertex -25.6984 3.30198 5
      vertex -25.2861 3.09906 4.45
      vertex -25.6984 3.30198 4.45
    endloop
  endfacet
  facet normal 0.975465 0.220153 -1.6148e-17
    outer loop
      vertex -25.1487 2.49026 5
      vertex -25.2861 3.09906 4.45
      vertex -25.2861 3.09906 5
    endloop
  endfacet
  facet normal 0.975465 0.220153 -1.6148e-17
    outer loop
      vertex -25.2861 3.09906 4.45
      vertex -25.1487 2.49026 5
      vertex -25.1487 2.49026 4.45
    endloop
  endfacet
  facet normal 1 -0 0
    outer loop
      vertex -25.1487 0.764324 5
      vertex -25.1487 2.49026 4.45
      vertex -25.1487 2.49026 5
    endloop
  endfacet
  facet normal 1 0 0
    outer loop
      vertex -25.1487 2.49026 4.45
      vertex -25.1487 0.764324 5
      vertex -25.1487 0.764324 4.45
    endloop
  endfacet
  facet normal 0 1 -0
    outer loop
      vertex -24.3512 0.764324 4.45
      vertex -25.1487 0.764324 5
      vertex -24.3512 0.764324 5
    endloop
  endfacet
  facet normal 0 1 0
    outer loop
      vertex -25.1487 0.764324 5
      vertex -24.3512 0.764324 4.45
      vertex -25.1487 0.764324 4.45
    endloop
  endfacet
  facet normal -1 0 0
    outer loop
      vertex -24.3512 0.764324 4.45
      vertex -24.3512 2.71812 5
      vertex -24.3512 2.71812 4.45
    endloop
  endfacet
  facet normal -1 -0 0
    outer loop
      vertex -24.3512 2.71812 5
      vertex -24.3512 0.764324 4.45
      vertex -24.3512 0.764324 5
    endloop
  endfacet
  facet normal -0.991892 -0.127084 -2.54581e-18
    outer loop
      vertex -24.3512 2.71812 4.45
      vertex -24.4167 3.22935 5
      vertex -24.4167 3.22935 4.45
    endloop
  endfacet
  facet normal -0.991892 -0.127084 -2.54581e-18
    outer loop
      vertex -24.4167 3.22935 5
      vertex -24.3512 2.71812 4.45
      vertex -24.3512 2.71812 5
    endloop
  endfacet
  facet normal -0.883952 -0.467578 -2.35296e-17
    outer loop
      vertex -24.4167 3.22935 4.45
      vertex -24.6133 3.60102 5
      vertex -24.6133 3.60102 4.45
    endloop
  endfacet
  facet normal -0.883952 -0.467578 -2.35296e-17
    outer loop
      vertex -24.6133 3.60102 5
      vertex -24.4167 3.22935 4.45
      vertex -24.4167 3.22935 5
    endloop
  endfacet
  facet normal -0.578941 -0.81537 0
    outer loop
      vertex -24.9322 3.82745 4.45
      vertex -24.6133 3.60102 5
      vertex -24.9322 3.82745 5
    endloop
  endfacet
  facet normal -0.578941 -0.81537 -0
    outer loop
      vertex -24.6133 3.60102 5
      vertex -24.9322 3.82745 4.45
      vertex -24.6133 3.60102 4.45
    endloop
  endfacet
  facet normal -0.171745 -0.985141 0
    outer loop
      vertex -25.3651 3.90292 4.45
      vertex -24.9322 3.82745 5
      vertex -25.3651 3.90292 5
    endloop
  endfacet
  facet normal -0.171745 -0.985141 -0
    outer loop
      vertex -24.9322 3.82745 5
      vertex -25.3651 3.90292 4.45
      vertex -24.9322 3.82745 4.45
    endloop
  endfacet
  facet normal 0.125374 -0.99211 0
    outer loop
      vertex -25.6806 3.86305 4.45
      vertex -25.3651 3.90292 5
      vertex -25.6806 3.86305 5
    endloop
  endfacet
  facet normal 0.125374 -0.99211 0
    outer loop
      vertex -25.3651 3.90292 5
      vertex -25.6806 3.86305 4.45
      vertex -25.3651 3.90292 4.45
    endloop
  endfacet
  facet normal 0.407164 -0.913355 0
    outer loop
      vertex -25.949 3.7434 4.45
      vertex -25.6806 3.86305 5
      vertex -25.949 3.7434 5
    endloop
  endfacet
  facet normal 0.407164 -0.913355 0
    outer loop
      vertex -25.6806 3.86305 5
      vertex -25.949 3.7434 4.45
      vertex -25.6806 3.86305 4.45
    endloop
  endfacet
  facet normal 0.679751 -0.733443 0
    outer loop
      vertex -26.1733 3.53552 4.45
      vertex -25.949 3.7434 5
      vertex -26.1733 3.53552 5
    endloop
  endfacet
  facet normal 0.679751 -0.733443 0
    outer loop
      vertex -25.949 3.7434 5
      vertex -26.1733 3.53552 4.45
      vertex -25.949 3.7434 4.45
    endloop
  endfacet
  facet normal 0.857284 -0.514843 5.70187e-18
    outer loop
      vertex -26.3563 3.2308 5
      vertex -26.1733 3.53552 4.45
      vertex -26.1733 3.53552 5
    endloop
  endfacet
  facet normal 0.857284 -0.514843 5.70187e-18
    outer loop
      vertex -26.1733 3.53552 4.45
      vertex -26.3563 3.2308 5
      vertex -26.3563 3.2308 4.45
    endloop
  endfacet
  facet normal 0 -1 0
    outer loop
      vertex -26.3677 3.2308 4.45
      vertex -26.3563 3.2308 5
      vertex -26.3677 3.2308 5
    endloop
  endfacet
  facet normal 0 -1 -0
    outer loop
      vertex -26.3563 3.2308 5
      vertex -26.3677 3.2308 4.45
      vertex -26.3563 3.2308 4.45
    endloop
  endfacet
  facet normal -0.998377 0.0569568 1.42861e-18
    outer loop
      vertex -26.3677 3.2308 4.45
      vertex -26.3506 3.53054 5
      vertex -26.3506 3.53054 4.45
    endloop
  endfacet
  facet normal -0.998377 0.0569568 1.42861e-18
    outer loop
      vertex -26.3506 3.53054 5
      vertex -26.3677 3.2308 4.45
      vertex -26.3677 3.2308 5
    endloop
  endfacet
  facet normal -0.999828 0.0185696 -4.98589e-19
    outer loop
      vertex -26.3506 3.53054 4.45
      vertex -26.3449 3.83744 5
      vertex -26.3449 3.83744 4.45
    endloop
  endfacet
  facet normal -0.999828 0.0185696 -4.98589e-19
    outer loop
      vertex -26.3449 3.83744 5
      vertex -26.3506 3.53054 4.45
      vertex -26.3506 3.53054 5
    endloop
  endfacet
  facet normal -1 0 0
    outer loop
      vertex -26.3449 3.83744 4.45
      vertex -26.3449 4.99093 5
      vertex -26.3449 4.99093 4.45
    endloop
  endfacet
  facet normal -1 -0 0
    outer loop
      vertex -26.3449 4.99093 5
      vertex -26.3449 3.83744 4.45
      vertex -26.3449 3.83744 5
    endloop
  endfacet
  facet normal 0 -1 0
    outer loop
      vertex -27.1452 4.99093 4.45
      vertex -26.3449 4.99093 5
      vertex -27.1452 4.99093 5
    endloop
  endfacet
  facet normal 0 -1 -0
    outer loop
      vertex -26.3449 4.99093 5
      vertex -27.1452 4.99093 4.45
      vertex -26.3449 4.99093 4.45
    endloop
  endfacet
  facet normal 1 -0 0
    outer loop
      vertex -27.1452 0.764324 5
      vertex -27.1452 4.99093 4.45
      vertex -27.1452 4.99093 5
    endloop
  endfacet
  facet normal 1 0 0
    outer loop
      vertex -27.1452 4.99093 4.45
      vertex -27.1452 0.764324 5
      vertex -27.1452 0.764324 4.45
    endloop
  endfacet
  facet normal 0 1 -0
    outer loop
      vertex -26.3449 0.764324 4.45
      vertex -27.1452 0.764324 5
      vertex -26.3449 0.764324 5
    endloop
  endfacet
  facet normal 0 1 0
    outer loop
      vertex -27.1452 0.764324 5
      vertex -26.3449 0.764324 4.45
      vertex -27.1452 0.764324 4.45
    endloop
  endfacet
  facet normal -1 0 0
    outer loop
      vertex -26.3449 0.764324 4.45
      vertex -26.3449 2.41337 5
      vertex -26.3449 2.41337 4.45
    endloop
  endfacet
  facet normal -1 -0 0
    outer loop
      vertex -26.3449 2.41337 5
      vertex -26.3449 0.764324 4.45
      vertex -26.3449 0.764324 5
    endloop
  endfacet
  facet normal 0 1 -0
    outer loop
      vertex -35.7728 2.17698 4.45
      vertex -36.7696 2.17698 5
      vertex -35.7728 2.17698 5
    endloop
  endfacet
  facet normal 0 1 0
    outer loop
      vertex -36.7696 2.17698 5
      vertex -35.7728 2.17698 4.45
      vertex -36.7696 2.17698 4.45
    endloop
  endfacet
  facet normal -0.0982659 0.99516 0
    outer loop
      vertex -35.3509 2.21864 4.45
      vertex -35.7728 2.17698 5
      vertex -35.3509 2.21864 5
    endloop
  endfacet
  facet normal -0.0982659 0.99516 0
    outer loop
      vertex -35.7728 2.17698 5
      vertex -35.3509 2.21864 4.45
      vertex -35.7728 2.17698 4.45
    endloop
  endfacet
  facet normal -0.328023 0.94467 0
    outer loop
      vertex -34.991 2.34361 4.45
      vertex -35.3509 2.21864 5
      vertex -34.991 2.34361 5
    endloop
  endfacet
  facet normal -0.328023 0.94467 0
    outer loop
      vertex -35.3509 2.21864 5
      vertex -34.991 2.34361 4.45
      vertex -35.3509 2.21864 4.45
    endloop
  endfacet
  facet normal -0.568728 0.822526 0
    outer loop
      vertex -34.7001 2.54475 4.45
      vertex -34.991 2.34361 5
      vertex -34.7001 2.54475 5
    endloop
  endfacet
  facet normal -0.568728 0.822526 0
    outer loop
      vertex -34.991 2.34361 5
      vertex -34.7001 2.54475 4.45
      vertex -34.991 2.34361 4.45
    endloop
  endfacet
  facet normal -0.782928 0.622112 5.28355e-18
    outer loop
      vertex -34.7001 2.54475 4.45
      vertex -34.4854 2.81495 5
      vertex -34.4854 2.81495 4.45
    endloop
  endfacet
  facet normal -0.782928 0.622112 5.28355e-18
    outer loop
      vertex -34.4854 2.81495 5
      vertex -34.7001 2.54475 4.45
      vertex -34.7001 2.54475 5
    endloop
  endfacet
  facet normal -0.926262 0.376881 1.07492e-17
    outer loop
      vertex -34.4854 2.81495 4.45
      vertex -34.353 3.14035 5
      vertex -34.353 3.14035 4.45
    endloop
  endfacet
  facet normal -0.926262 0.376881 1.07492e-17
    outer loop
      vertex -34.353 3.14035 5
      vertex -34.4854 2.81495 4.45
      vertex -34.4854 2.81495 5
    endloop
  endfacet
  facet normal -0.992813 0.119675 -3.21077e-18
    outer loop
      vertex -34.353 3.14035 4.45
      vertex -34.3088 3.50703 5
      vertex -34.3088 3.50703 4.45
    endloop
  endfacet
  facet normal -0.992813 0.119675 -3.21077e-18
    outer loop
      vertex -34.3088 3.50703 5
      vertex -34.353 3.14035 4.45
      vertex -34.353 3.14035 5
    endloop
  endfacet
  facet normal -0.984066 -0.177804 1.30716e-18
    outer loop
      vertex -34.3088 3.50703 4.45
      vertex -34.406 4.04499 5
      vertex -34.406 4.04499 4.45
    endloop
  endfacet
  facet normal -0.984066 -0.177804 1.30716e-18
    outer loop
      vertex -34.406 4.04499 5
      vertex -34.3088 3.50703 4.45
      vertex -34.3088 3.50703 5
    endloop
  endfacet
  facet normal -0.808443 -0.588575 2.15855e-17
    outer loop
      vertex -34.406 4.04499 4.45
      vertex -34.6976 4.44552 5
      vertex -34.6976 4.44552 4.45
    endloop
  endfacet
  facet normal -0.808443 -0.588575 2.15855e-17
    outer loop
      vertex -34.6976 4.44552 5
      vertex -34.406 4.04499 4.45
      vertex -34.406 4.04499 5
    endloop
  endfacet
  facet normal -0.466593 -0.884472 0
    outer loop
      vertex -35.1693 4.69436 4.45
      vertex -34.6976 4.44552 5
      vertex -35.1693 4.69436 5
    endloop
  endfacet
  facet normal -0.466593 -0.884472 -0
    outer loop
      vertex -34.6976 4.44552 5
      vertex -35.1693 4.69436 4.45
      vertex -34.6976 4.44552 4.45
    endloop
  endfacet
  facet normal -0.129025 -0.991641 0
    outer loop
      vertex -35.8069 4.77732 4.45
      vertex -35.1693 4.69436 5
      vertex -35.8069 4.77732 5
    endloop
  endfacet
  facet normal -0.129025 -0.991641 -0
    outer loop
      vertex -35.1693 4.69436 5
      vertex -35.8069 4.77732 4.45
      vertex -35.1693 4.69436 4.45
    endloop
  endfacet
  facet normal 0 -1 0
    outer loop
      vertex -37.6098 4.77732 4.45
      vertex -35.8069 4.77732 5
      vertex -37.6098 4.77732 5
    endloop
  endfacet
  facet normal 0 -1 -0
    outer loop
      vertex -35.8069 4.77732 5
      vertex -37.6098 4.77732 4.45
      vertex -35.8069 4.77732 4.45
    endloop
  endfacet
  facet normal 1 -0 0
    outer loop
      vertex -37.6098 0.764324 5
      vertex -37.6098 4.77732 4.45
      vertex -37.6098 4.77732 5
    endloop
  endfacet
  facet normal 1 0 0
    outer loop
      vertex -37.6098 4.77732 4.45
      vertex -37.6098 0.764324 5
      vertex -37.6098 0.764324 4.45
    endloop
  endfacet
  facet normal 0 1 -0
    outer loop
      vertex -36.7696 0.764324 4.45
      vertex -37.6098 0.764324 5
      vertex -36.7696 0.764324 5
    endloop
  endfacet
  facet normal 0 1 0
    outer loop
      vertex -37.6098 0.764324 5
      vertex -36.7696 0.764324 4.45
      vertex -37.6098 0.764324 4.45
    endloop
  endfacet
  facet normal -1 0 0
    outer loop
      vertex -36.7696 0.764324 4.45
      vertex -36.7696 2.17698 5
      vertex -36.7696 2.17698 4.45
    endloop
  endfacet
  facet normal -1 -0 0
    outer loop
      vertex -36.7696 2.17698 5
      vertex -36.7696 0.764324 4.45
      vertex -36.7696 0.764324 5
    endloop
  endfacet
  facet normal -1 0 0
    outer loop
      vertex -36.7696 2.82348 4.45
      vertex -36.7696 4.1251 5
      vertex -36.7696 4.1251 4.45
    endloop
  endfacet
  facet normal -1 -0 0
    outer loop
      vertex -36.7696 4.1251 5
      vertex -36.7696 2.82348 4.45
      vertex -36.7696 2.82348 5
    endloop
  endfacet
  facet normal 0 1 -0
    outer loop
      vertex -35.9009 4.1251 4.45
      vertex -36.7696 4.1251 5
      vertex -35.9009 4.1251 5
    endloop
  endfacet
  facet normal 0 1 0
    outer loop
      vertex -36.7696 4.1251 5
      vertex -35.9009 4.1251 4.45
      vertex -36.7696 4.1251 4.45
    endloop
  endfacet
  facet normal 0.271849 0.96234 -0
    outer loop
      vertex -35.3413 3.96702 4.45
      vertex -35.9009 4.1251 5
      vertex -35.3413 3.96702 5
    endloop
  endfacet
  facet normal 0.271849 0.96234 0
    outer loop
      vertex -35.9009 4.1251 5
      vertex -35.3413 3.96702 4.45
      vertex -35.9009 4.1251 4.45
    endloop
  endfacet
  facet normal 0.930554 0.366154 1.68747e-17
    outer loop
      vertex -35.1547 3.49279 5
      vertex -35.3413 3.96702 4.45
      vertex -35.3413 3.96702 5
    endloop
  endfacet
  facet normal 0.930554 0.366154 1.68747e-17
    outer loop
      vertex -35.3413 3.96702 4.45
      vertex -35.1547 3.49279 5
      vertex -35.1547 3.49279 4.45
    endloop
  endfacet
  facet normal 0.986816 -0.161846 -5.27675e-18
    outer loop
      vertex -35.2017 3.20622 5
      vertex -35.1547 3.49279 4.45
      vertex -35.1547 3.49279 5
    endloop
  endfacet
  facet normal 0.986816 -0.161846 -5.27675e-18
    outer loop
      vertex -35.1547 3.49279 4.45
      vertex -35.2017 3.20622 5
      vertex -35.2017 3.20622 4.45
    endloop
  endfacet
  facet normal 0.830736 -0.556667 -8.13523e-18
    outer loop
      vertex -35.3427 2.9958 5
      vertex -35.2017 3.20622 4.45
      vertex -35.2017 3.20622 5
    endloop
  endfacet
  facet normal 0.830736 -0.556667 -8.13523e-18
    outer loop
      vertex -35.2017 3.20622 4.45
      vertex -35.3427 2.9958 5
      vertex -35.3427 2.9958 4.45
    endloop
  endfacet
  facet normal 0.493292 -0.869864 0
    outer loop
      vertex -35.5706 2.86656 4.45
      vertex -35.3427 2.9958 5
      vertex -35.5706 2.86656 5
    endloop
  endfacet
  facet normal 0.493292 -0.869864 0
    outer loop
      vertex -35.3427 2.9958 5
      vertex -35.5706 2.86656 4.45
      vertex -35.3427 2.9958 4.45
    endloop
  endfacet
  facet normal 0.138698 -0.990335 0
    outer loop
      vertex -35.8782 2.82348 4.45
      vertex -35.5706 2.86656 5
      vertex -35.8782 2.82348 5
    endloop
  endfacet
  facet normal 0.138698 -0.990335 0
    outer loop
      vertex -35.5706 2.86656 5
      vertex -35.8782 2.82348 4.45
      vertex -35.5706 2.86656 4.45
    endloop
  endfacet
  facet normal 0 -1 0
    outer loop
      vertex -36.7696 2.82348 4.45
      vertex -35.8782 2.82348 5
      vertex -36.7696 2.82348 5
    endloop
  endfacet
  facet normal 0 -1 -0
    outer loop
      vertex -35.8782 2.82348 5
      vertex -36.7696 2.82348 4.45
      vertex -35.8782 2.82348 4.45
    endloop
  endfacet
  facet normal -0.401468 0.915873 0
    outer loop
      vertex -28.0819 0.962261 4.45
      vertex -28.518 0.771099 5
      vertex -28.0819 0.962261 5
    endloop
  endfacet
  facet normal -0.401468 0.915873 0
    outer loop
      vertex -28.518 0.771099 5
      vertex -28.0819 0.962261 4.45
      vertex -28.518 0.771099 4.45
    endloop
  endfacet
  facet normal -0.741078 0.671419 1.63335e-17
    outer loop
      vertex -28.0819 0.962261 4.45
      vertex -27.8074 1.26524 5
      vertex -27.8074 1.26524 4.45
    endloop
  endfacet
  facet normal -0.741078 0.671419 1.63335e-17
    outer loop
      vertex -27.8074 1.26524 5
      vertex -28.0819 0.962261 4.45
      vertex -28.0819 0.962261 5
    endloop
  endfacet
  facet normal -0.97471 0.223473 -2.21167e-18
    outer loop
      vertex -27.8074 1.26524 4.45
      vertex -27.7159 1.66433 5
      vertex -27.7159 1.66433 4.45
    endloop
  endfacet
  facet normal -0.97471 0.223473 -2.21167e-18
    outer loop
      vertex -27.7159 1.66433 5
      vertex -27.8074 1.26524 4.45
      vertex -27.8074 1.26524 5
    endloop
  endfacet
  facet normal -0.994536 -0.104397 2.01766e-18
    outer loop
      vertex -27.7159 1.66433 4.45
      vertex -27.7412 1.90535 5
      vertex -27.7412 1.90535 4.45
    endloop
  endfacet
  facet normal -0.994536 -0.104397 2.01766e-18
    outer loop
      vertex -27.7412 1.90535 5
      vertex -27.7159 1.66433 4.45
      vertex -27.7159 1.66433 5
    endloop
  endfacet
  facet normal -0.930986 -0.365055 6.52693e-18
    outer loop
      vertex -27.7412 1.90535 4.45
      vertex -27.817 2.09866 5
      vertex -27.817 2.09866 4.45
    endloop
  endfacet
  facet normal -0.930986 -0.365055 6.52693e-18
    outer loop
      vertex -27.817 2.09866 5
      vertex -27.7412 1.90535 4.45
      vertex -27.7412 1.90535 5
    endloop
  endfacet
  facet normal -0.79358 -0.608466 1.74413e-19
    outer loop
      vertex -27.817 2.09866 4.45
      vertex -27.9352 2.25282 5
      vertex -27.9352 2.25282 4.45
    endloop
  endfacet
  facet normal -0.79358 -0.608466 1.74413e-19
    outer loop
      vertex -27.9352 2.25282 5
      vertex -27.817 2.09866 4.45
      vertex -27.817 2.09866 5
    endloop
  endfacet
  facet normal -0.629748 -0.7768 0
    outer loop
      vertex -28.0876 2.37637 4.45
      vertex -27.9352 2.25282 5
      vertex -28.0876 2.37637 5
    endloop
  endfacet
  facet normal -0.629748 -0.7768 -0
    outer loop
      vertex -27.9352 2.25282 5
      vertex -28.0876 2.37637 4.45
      vertex -27.9352 2.25282 4.45
    endloop
  endfacet
  facet normal -0.454928 -0.890528 0
    outer loop
      vertex -28.2848 2.47711 4.45
      vertex -28.0876 2.37637 5
      vertex -28.2848 2.47711 5
    endloop
  endfacet
  facet normal -0.454928 -0.890528 -0
    outer loop
      vertex -28.0876 2.37637 5
      vertex -28.2848 2.47711 4.45
      vertex -28.0876 2.37637 4.45
    endloop
  endfacet
  facet normal -0.321325 -0.946969 0
    outer loop
      vertex -28.5376 2.56289 4.45
      vertex -28.2848 2.47711 5
      vertex -28.5376 2.56289 5
    endloop
  endfacet
  facet normal -0.321325 -0.946969 -0
    outer loop
      vertex -28.2848 2.47711 5
      vertex -28.5376 2.56289 4.45
      vertex -28.2848 2.47711 4.45
    endloop
  endfacet
  facet normal -0.248774 -0.968562 0
    outer loop
      vertex -28.8384 2.64015 4.45
      vertex -28.5376 2.56289 5
      vertex -28.8384 2.64015 5
    endloop
  endfacet
  facet normal -0.248774 -0.968562 -0
    outer loop
      vertex -28.5376 2.56289 5
      vertex -28.8384 2.64015 4.45
      vertex -28.5376 2.56289 4.45
    endloop
  endfacet
  facet normal -0.214976 -0.976619 0
    outer loop
      vertex -29.1798 2.7153 4.45
      vertex -28.8384 2.64015 5
      vertex -29.1798 2.7153 5
    endloop
  endfacet
  facet normal -0.214976 -0.976619 -0
    outer loop
      vertex -28.8384 2.64015 5
      vertex -29.1798 2.7153 4.45
      vertex -28.8384 2.64015 4.45
    endloop
  endfacet
  facet normal -0.253031 -0.967458 0
    outer loop
      vertex -29.4016 2.77331 4.45
      vertex -29.1798 2.7153 5
      vertex -29.4016 2.77331 5
    endloop
  endfacet
  facet normal -0.253031 -0.967458 -0
    outer loop
      vertex -29.1798 2.7153 5
      vertex -29.4016 2.77331 4.45
      vertex -29.1798 2.7153 4.45
    endloop
  endfacet
  facet normal -0.437406 -0.899264 0
    outer loop
      vertex -29.5487 2.84486 4.45
      vertex -29.4016 2.77331 5
      vertex -29.5487 2.84486 5
    endloop
  endfacet
  facet normal -0.437406 -0.899264 -0
    outer loop
      vertex -29.4016 2.77331 5
      vertex -29.5487 2.84486 4.45
      vertex -29.4016 2.77331 4.45
    endloop
  endfacet
  facet normal -0.746462 -0.665428 -3.20406e-18
    outer loop
      vertex -29.5487 2.84486 4.45
      vertex -29.6309 2.93707 5
      vertex -29.6309 2.93707 4.45
    endloop
  endfacet
  facet normal -0.746462 -0.665428 -3.20406e-18
    outer loop
      vertex -29.6309 2.93707 5
      vertex -29.5487 2.84486 4.45
      vertex -29.5487 2.84486 5
    endloop
  endfacet
  facet normal -0.974901 -0.222639 1.45473e-18
    outer loop
      vertex -29.6309 2.93707 4.45
      vertex -29.6583 3.05705 5
      vertex -29.6583 3.05705 4.45
    endloop
  endfacet
  facet normal -0.974901 -0.222639 1.45473e-18
    outer loop
      vertex -29.6583 3.05705 5
      vertex -29.6309 2.93707 4.45
      vertex -29.6309 2.93707 5
    endloop
  endfacet
  facet normal -0.971654 0.236406 2.17834e-18
    outer loop
      vertex -29.6583 3.05705 4.45
      vertex -29.6227 3.20337 5
      vertex -29.6227 3.20337 4.45
    endloop
  endfacet
  facet normal -0.971654 0.236406 2.17834e-18
    outer loop
      vertex -29.6227 3.20337 5
      vertex -29.6583 3.05705 4.45
      vertex -29.6583 3.05705 5
    endloop
  endfacet
  facet normal -0.673048 0.739598 0
    outer loop
      vertex -29.5159 3.30056 4.45
      vertex -29.6227 3.20337 5
      vertex -29.5159 3.30056 5
    endloop
  endfacet
  facet normal -0.673048 0.739598 0
    outer loop
      vertex -29.6227 3.20337 5
      vertex -29.5159 3.30056 4.45
      vertex -29.6227 3.20337 4.45
    endloop
  endfacet
  facet normal -0.292568 0.956245 0
    outer loop
      vertex -29.3379 3.35502 4.45
      vertex -29.5159 3.30056 5
      vertex -29.3379 3.35502 5
    endloop
  endfacet
  facet normal -0.292568 0.956245 0
    outer loop
      vertex -29.5159 3.30056 5
      vertex -29.3379 3.35502 4.45
      vertex -29.5159 3.30056 4.45
    endloop
  endfacet
  facet normal -0.0726805 0.997355 0
    outer loop
      vertex -29.0887 3.37318 4.45
      vertex -29.3379 3.35502 5
      vertex -29.0887 3.37318 5
    endloop
  endfacet
  facet normal -0.0726805 0.997355 0
    outer loop
      vertex -29.3379 3.35502 5
      vertex -29.0887 3.37318 4.45
      vertex -29.3379 3.35502 4.45
    endloop
  endfacet
  facet normal 0.0917326 0.995784 -0
    outer loop
      vertex -28.8374 3.35003 4.45
      vertex -29.0887 3.37318 5
      vertex -28.8374 3.35003 5
    endloop
  endfacet
  facet normal 0.0917326 0.995784 0
    outer loop
      vertex -29.0887 3.37318 5
      vertex -28.8374 3.35003 4.45
      vertex -29.0887 3.37318 4.45
    endloop
  endfacet
  facet normal 0.372408 0.928069 -0
    outer loop
      vertex -28.6644 3.28061 4.45
      vertex -28.8374 3.35003 5
      vertex -28.6644 3.28061 5
    endloop
  endfacet
  facet normal 0.372408 0.928069 0
    outer loop
      vertex -28.8374 3.35003 5
      vertex -28.6644 3.28061 4.45
      vertex -28.8374 3.35003 4.45
    endloop
  endfacet
  facet normal 0.729957 0.683493 -5.02167e-18
    outer loop
      vertex -28.5554 3.1642 5
      vertex -28.6644 3.28061 4.45
      vertex -28.6644 3.28061 5
    endloop
  endfacet
  facet normal 0.729957 0.683493 -5.02167e-18
    outer loop
      vertex -28.6644 3.28061 4.45
      vertex -28.5554 3.1642 5
      vertex -28.5554 3.1642 4.45
    endloop
  endfacet
  facet normal 0.94085 0.338823 -6.26876e-19
    outer loop
      vertex -28.4963 3.00009 5
      vertex -28.5554 3.1642 4.45
      vertex -28.5554 3.1642 5
    endloop
  endfacet
  facet normal 0.94085 0.338823 -6.26876e-19
    outer loop
      vertex -28.5554 3.1642 4.45
      vertex -28.4963 3.00009 5
      vertex -28.4963 3.00009 4.45
    endloop
  endfacet
  facet normal -0.103849 0.994593 0
    outer loop
      vertex -27.7871 3.07414 4.45
      vertex -28.4963 3.00009 5
      vertex -27.7871 3.07414 5
    endloop
  endfacet
  facet normal -0.103849 0.994593 0
    outer loop
      vertex -28.4963 3.00009 5
      vertex -27.7871 3.07414 4.45
      vertex -28.4963 3.00009 4.45
    endloop
  endfacet
  facet normal -0.925848 -0.377897 -2.2384e-19
    outer loop
      vertex -27.7871 3.07414 4.45
      vertex -27.9327 3.43086 5
      vertex -27.9327 3.43086 4.45
    endloop
  endfacet
  facet normal -0.925848 -0.377897 -2.2384e-19
    outer loop
      vertex -27.9327 3.43086 5
      vertex -27.7871 3.07414 4.45
      vertex -27.7871 3.07414 5
    endloop
  endfacet
  facet normal -0.693191 -0.720754 0
    outer loop
      vertex -28.2044 3.69217 4.45
      vertex -27.9327 3.43086 5
      vertex -28.2044 3.69217 5
    endloop
  endfacet
  facet normal -0.693191 -0.720754 -0
    outer loop
      vertex -27.9327 3.43086 5
      vertex -28.2044 3.69217 4.45
      vertex -27.9327 3.43086 4.45
    endloop
  endfacet
  facet normal -0.381321 -0.924443 0
    outer loop
      vertex -28.5928 3.85238 4.45
      vertex -28.2044 3.69217 5
      vertex -28.5928 3.85238 5
    endloop
  endfacet
  facet normal -0.381321 -0.924443 -0
    outer loop
      vertex -28.2044 3.69217 5
      vertex -28.5928 3.85238 4.45
      vertex -28.2044 3.69217 4.45
    endloop
  endfacet
  facet normal -0.107044 -0.994254 0
    outer loop
      vertex -29.0887 3.90577 4.45
      vertex -28.5928 3.85238 5
      vertex -29.0887 3.90577 5
    endloop
  endfacet
  facet normal -0.107044 -0.994254 -0
    outer loop
      vertex -28.5928 3.85238 5
      vertex -29.0887 3.90577 4.45
      vertex -28.5928 3.85238 4.45
    endloop
  endfacet
  facet normal 0.110692 -0.993855 0
    outer loop
      vertex -29.6416 3.84419 4.45
      vertex -29.0887 3.90577 5
      vertex -29.6416 3.84419 5
    endloop
  endfacet
  facet normal 0.110692 -0.993855 0
    outer loop
      vertex -29.0887 3.90577 5
      vertex -29.6416 3.84419 4.45
      vertex -29.0887 3.90577 4.45
    endloop
  endfacet
  facet normal 0.409903 -0.912129 0
    outer loop
      vertex -30.0528 3.6594 4.45
      vertex -29.6416 3.84419 5
      vertex -30.0528 3.6594 5
    endloop
  endfacet
  facet normal 0.409903 -0.912129 0
    outer loop
      vertex -29.6416 3.84419 5
      vertex -30.0528 3.6594 4.45
      vertex -29.6416 3.84419 4.45
    endloop
  endfacet
  facet normal 0.756264 -0.654267 -2.99323e-17
    outer loop
      vertex -30.3081 3.3643 5
      vertex -30.0528 3.6594 4.45
      vertex -30.0528 3.6594 5
    endloop
  endfacet
  facet normal 0.756264 -0.654267 -2.99323e-17
    outer loop
      vertex -30.0528 3.6594 4.45
      vertex -30.3081 3.3643 5
      vertex -30.3081 3.3643 4.45
    endloop
  endfacet
  facet normal 0.977314 -0.211794 -7.80369e-18
    outer loop
      vertex -30.3932 2.97161 5
      vertex -30.3081 3.3643 4.45
      vertex -30.3081 3.3643 5
    endloop
  endfacet
  facet normal 0.977314 -0.211794 -7.80369e-18
    outer loop
      vertex -30.3081 3.3643 4.45
      vertex -30.3932 2.97161 5
      vertex -30.3932 2.97161 4.45
    endloop
  endfacet
  facet normal 0.992198 0.124673 -2.53631e-18
    outer loop
      vertex -30.3622 2.7249 5
      vertex -30.3932 2.97161 4.45
      vertex -30.3932 2.97161 5
    endloop
  endfacet
  facet normal 0.992198 0.124673 -2.53631e-18
    outer loop
      vertex -30.3932 2.97161 4.45
      vertex -30.3622 2.7249 5
      vertex -30.3622 2.7249 4.45
    endloop
  endfacet
  facet normal 0.910633 0.413216 2.87706e-18
    outer loop
      vertex -30.2693 2.52017 5
      vertex -30.3622 2.7249 4.45
      vertex -30.3622 2.7249 5
    endloop
  endfacet
  facet normal 0.910633 0.413216 2.87706e-18
    outer loop
      vertex -30.3622 2.7249 4.45
      vertex -30.2693 2.52017 5
      vertex -30.2693 2.52017 4.45
    endloop
  endfacet
  facet normal 0.738514 0.674238 3.53632e-18
    outer loop
      vertex -30.1172 2.35357 5
      vertex -30.2693 2.52017 4.45
      vertex -30.2693 2.52017 5
    endloop
  endfacet
  facet normal 0.738514 0.674238 3.53632e-18
    outer loop
      vertex -30.2693 2.52017 4.45
      vertex -30.1172 2.35357 5
      vertex -30.1172 2.35357 4.45
    endloop
  endfacet
  facet normal 0.536729 0.843755 -0
    outer loop
      vertex -29.909 2.22113 4.45
      vertex -30.1172 2.35357 5
      vertex -29.909 2.22113 5
    endloop
  endfacet
  facet normal 0.536729 0.843755 0
    outer loop
      vertex -30.1172 2.35357 5
      vertex -29.909 2.22113 4.45
      vertex -30.1172 2.35357 4.45
    endloop
  endfacet
  facet normal 0.326925 0.94505 -0
    outer loop
      vertex -29.5622 2.10116 4.45
      vertex -29.909 2.22113 5
      vertex -29.5622 2.10116 5
    endloop
  endfacet
  facet normal 0.326925 0.94505 0
    outer loop
      vertex -29.909 2.22113 5
      vertex -29.5622 2.10116 4.45
      vertex -29.909 2.22113 4.45
    endloop
  endfacet
  facet normal 0.222001 0.975046 -0
    outer loop
      vertex -28.9947 1.97195 4.45
      vertex -29.5622 2.10116 5
      vertex -28.9947 1.97195 5
    endloop
  endfacet
  facet normal 0.222001 0.975046 0
    outer loop
      vertex -29.5622 2.10116 5
      vertex -28.9947 1.97195 4.45
      vertex -29.5622 2.10116 4.45
    endloop
  endfacet
  facet normal 0.254474 0.967079 -0
    outer loop
      vertex -28.7416 1.90535 4.45
      vertex -28.9947 1.97195 5
      vertex -28.7416 1.90535 5
    endloop
  endfacet
  facet normal 0.254474 0.967079 0
    outer loop
      vertex -28.9947 1.97195 5
      vertex -28.7416 1.90535 4.45
      vertex -28.9947 1.97195 4.45
    endloop
  endfacet
  facet normal 0.432512 0.901628 -0
    outer loop
      vertex -28.5746 1.82524 4.45
      vertex -28.7416 1.90535 5
      vertex -28.5746 1.82524 5
    endloop
  endfacet
  facet normal 0.432512 0.901628 0
    outer loop
      vertex -28.7416 1.90535 5
      vertex -28.5746 1.82524 4.45
      vertex -28.7416 1.90535 4.45
    endloop
  endfacet
  facet normal 0.739842 0.672781 -1.02609e-18
    outer loop
      vertex -28.4817 1.72308 5
      vertex -28.5746 1.82524 4.45
      vertex -28.5746 1.82524 5
    endloop
  endfacet
  facet normal 0.739842 0.672781 -1.02609e-18
    outer loop
      vertex -28.5746 1.82524 4.45
      vertex -28.4817 1.72308 5
      vertex -28.4817 1.72308 4.45
    endloop
  endfacet
  facet normal 0.973812 0.227355 5.64742e-20
    outer loop
      vertex -28.4507 1.5903 5
      vertex -28.4817 1.72308 4.45
      vertex -28.4817 1.72308 5
    endloop
  endfacet
  facet normal 0.973812 0.227355 5.64742e-20
    outer loop
      vertex -28.4817 1.72308 4.45
      vertex -28.4507 1.5903 5
      vertex -28.4507 1.5903 4.45
    endloop
  endfacet
  facet normal 0.9716 -0.236631 -3.96609e-18
    outer loop
      vertex -28.4892 1.43222 5
      vertex -28.4507 1.5903 4.45
      vertex -28.4507 1.5903 5
    endloop
  endfacet
  facet normal 0.9716 -0.236631 -3.96609e-18
    outer loop
      vertex -28.4507 1.5903 4.45
      vertex -28.4892 1.43222 5
      vertex -28.4892 1.43222 4.45
    endloop
  endfacet
  facet normal 0.689228 -0.724544 0
    outer loop
      vertex -28.6045 1.32254 4.45
      vertex -28.4892 1.43222 5
      vertex -28.6045 1.32254 5
    endloop
  endfacet
  facet normal 0.689228 -0.724544 0
    outer loop
      vertex -28.4892 1.43222 5
      vertex -28.6045 1.32254 4.45
      vertex -28.4892 1.43222 4.45
    endloop
  endfacet
  facet normal 0.305954 -0.952046 0
    outer loop
      vertex -28.8039 1.25846 4.45
      vertex -28.6045 1.32254 5
      vertex -28.8039 1.25846 5
    endloop
  endfacet
  facet normal 0.305954 -0.952046 0
    outer loop
      vertex -28.6045 1.32254 5
      vertex -28.8039 1.25846 4.45
      vertex -28.6045 1.32254 4.45
    endloop
  endfacet
  facet normal 0.0732621 -0.997313 0
    outer loop
      vertex -29.0944 1.23712 4.45
      vertex -28.8039 1.25846 5
      vertex -29.0944 1.23712 5
    endloop
  endfacet
  facet normal 0.0732621 -0.997313 0
    outer loop
      vertex -28.8039 1.25846 5
      vertex -29.0944 1.23712 4.45
      vertex -28.8039 1.25846 4.45
    endloop
  endfacet
  facet normal -0.0732628 -0.997313 0
    outer loop
      vertex -29.4045 1.2599 4.45
      vertex -29.0944 1.23712 5
      vertex -29.4045 1.2599 5
    endloop
  endfacet
  facet normal -0.0732628 -0.997313 -0
    outer loop
      vertex -29.0944 1.23712 5
      vertex -29.4045 1.2599 4.45
      vertex -29.0944 1.23712 4.45
    endloop
  endfacet
  facet normal -0.3217 -0.946842 0
    outer loop
      vertex -29.6057 1.32826 4.45
      vertex -29.4045 1.2599 5
      vertex -29.6057 1.32826 5
    endloop
  endfacet
  facet normal -0.3217 -0.946842 -0
    outer loop
      vertex -29.4045 1.2599 5
      vertex -29.6057 1.32826 4.45
      vertex -29.4045 1.2599 4.45
    endloop
  endfacet
  facet normal -0.702158 -0.712021 0
    outer loop
      vertex -29.7306 1.45143 4.45
      vertex -29.6057 1.32826 5
      vertex -29.7306 1.45143 5
    endloop
  endfacet
  facet normal -0.702158 -0.712021 -0
    outer loop
      vertex -29.6057 1.32826 5
      vertex -29.7306 1.45143 4.45
      vertex -29.6057 1.32826 4.45
    endloop
  endfacet
  facet normal -0.916906 -0.399102 -6.13887e-18
    outer loop
      vertex -29.7306 1.45143 4.45
      vertex -29.8121 1.63867 5
      vertex -29.8121 1.63867 4.45
    endloop
  endfacet
  facet normal -0.916906 -0.399102 -6.13887e-18
    outer loop
      vertex -29.8121 1.63867 5
      vertex -29.7306 1.45143 4.45
      vertex -29.7306 1.45143 5
    endloop
  endfacet
  facet normal 0.148141 -0.988966 0
    outer loop
      vertex -30.5156 1.53329 4.45
      vertex -29.8121 1.63867 5
      vertex -30.5156 1.53329 5
    endloop
  endfacet
  facet normal 0.148141 -0.988966 0
    outer loop
      vertex -29.8121 1.63867 5
      vertex -30.5156 1.53329 4.45
      vertex -29.8121 1.63867 4.45
    endloop
  endfacet
  facet normal 0.910168 0.41424 -1.45927e-17
    outer loop
      vertex -30.3479 1.16482 5
      vertex -30.5156 1.53329 4.45
      vertex -30.5156 1.53329 5
    endloop
  endfacet
  facet normal 0.910168 0.41424 -1.45927e-17
    outer loop
      vertex -30.5156 1.53329 4.45
      vertex -30.3479 1.16482 5
      vertex -30.3479 1.16482 4.45
    endloop
  endfacet
  facet normal 0.674589 0.738194 -0
    outer loop
      vertex -30.067 0.908123 4.45
      vertex -30.3479 1.16482 5
      vertex -30.067 0.908123 5
    endloop
  endfacet
  facet normal 0.674589 0.738194 0
    outer loop
      vertex -30.3479 1.16482 5
      vertex -30.067 0.908123 4.45
      vertex -30.3479 1.16482 4.45
    endloop
  endfacet
  facet normal 0.343306 0.939224 -0
    outer loop
      vertex -29.6551 0.757565 4.45
      vertex -30.067 0.908123 5
      vertex -29.6551 0.757565 5
    endloop
  endfacet
  facet normal 0.343306 0.939224 0
    outer loop
      vertex -30.067 0.908123 5
      vertex -29.6551 0.757565 4.45
      vertex -30.067 0.908123 4.45
    endloop
  endfacet
  facet normal 0.0891778 0.996016 -0
    outer loop
      vertex -29.0944 0.707363 4.45
      vertex -29.6551 0.757565 5
      vertex -29.0944 0.707363 5
    endloop
  endfacet
  facet normal 0.0891778 0.996016 0
    outer loop
      vertex -29.6551 0.757565 5
      vertex -29.0944 0.707363 4.45
      vertex -29.6551 0.757565 4.45
    endloop
  endfacet
  facet normal -0.109906 0.993942 0
    outer loop
      vertex -28.518 0.771099 4.45
      vertex -29.0944 0.707363 5
      vertex -28.518 0.771099 5
    endloop
  endfacet
  facet normal -0.109906 0.993942 0
    outer loop
      vertex -29.0944 0.707363 5
      vertex -28.518 0.771099 4.45
      vertex -29.0944 0.707363 4.45
    endloop
  endfacet
  facet normal -0.405675 0.914018 0
    outer loop
      vertex -32.2395 0.866848 4.45
      vertex -32.509 0.747234 5
      vertex -32.2395 0.866848 5
    endloop
  endfacet
  facet normal -0.405675 0.914018 0
    outer loop
      vertex -32.509 0.747234 5
      vertex -32.2395 0.866848 4.45
      vertex -32.509 0.747234 4.45
    endloop
  endfacet
  facet normal -0.677921 0.735135 0
    outer loop
      vertex -32.0148 1.07406 4.45
      vertex -32.2395 0.866848 5
      vertex -32.0148 1.07406 5
    endloop
  endfacet
  facet normal -0.677921 0.735135 0
    outer loop
      vertex -32.2395 0.866848 5
      vertex -32.0148 1.07406 4.45
      vertex -32.2395 0.866848 4.45
    endloop
  endfacet
  facet normal -0.85795 0.513733 1.29418e-17
    outer loop
      vertex -32.0148 1.07406 4.45
      vertex -31.8336 1.37667 5
      vertex -31.8336 1.37667 4.45
    endloop
  endfacet
  facet normal -0.85795 0.513733 1.29418e-17
    outer loop
      vertex -31.8336 1.37667 5
      vertex -32.0148 1.07406 4.45
      vertex -32.0148 1.07406 5
    endloop
  endfacet
  facet normal 0 1 -0
    outer loop
      vertex -31.8194 1.37667 4.45
      vertex -31.8336 1.37667 5
      vertex -31.8194 1.37667 5
    endloop
  endfacet
  facet normal 0 1 0
    outer loop
      vertex -31.8336 1.37667 5
      vertex -31.8194 1.37667 4.45
      vertex -31.8336 1.37667 4.45
    endloop
  endfacet
  facet normal 0.999428 0.0338136 8.91633e-19
    outer loop
      vertex -31.8108 1.12248 5
      vertex -31.8194 1.37667 4.45
      vertex -31.8194 1.37667 5
    endloop
  endfacet
  facet normal 0.999428 0.0338136 8.91633e-19
    outer loop
      vertex -31.8194 1.37667 4.45
      vertex -31.8108 1.12248 5
      vertex -31.8108 1.12248 4.45
    endloop
  endfacet
  facet normal 0.997455 0.0712953 -2.3461e-18
    outer loop
      vertex -31.7852 0.764324 5
      vertex -31.8108 1.12248 4.45
      vertex -31.8108 1.12248 5
    endloop
  endfacet
  facet normal 0.997455 0.0712953 -2.3461e-18
    outer loop
      vertex -31.8108 1.12248 4.45
      vertex -31.7852 0.764324 5
      vertex -31.7852 0.764324 4.45
    endloop
  endfacet
  facet normal 0 1 -0
    outer loop
      vertex -31.0219 0.764324 4.45
      vertex -31.7852 0.764324 5
      vertex -31.0219 0.764324 5
    endloop
  endfacet
  facet normal 0 1 0
    outer loop
      vertex -31.7852 0.764324 5
      vertex -31.0219 0.764324 4.45
      vertex -31.7852 0.764324 4.45
    endloop
  endfacet
  facet normal -0.998579 -0.0532923 2.12623e-18
    outer loop
      vertex -31.0219 0.764324 4.45
      vertex -31.039 1.08474 5
      vertex -31.039 1.08474 4.45
    endloop
  endfacet
  facet normal -0.998579 -0.0532923 2.12623e-18
    outer loop
      vertex -31.039 1.08474 5
      vertex -31.0219 0.764324 4.45
      vertex -31.0219 0.764324 5
    endloop
  endfacet
  facet normal -0.999881 -0.015452 -3.73655e-19
    outer loop
      vertex -31.039 1.08474 4.45
      vertex -31.0447 1.45358 5
      vertex -31.0447 1.45358 4.45
    endloop
  endfacet
  facet normal -0.999881 -0.015452 -3.73655e-19
    outer loop
      vertex -31.0447 1.45358 5
      vertex -31.039 1.08474 4.45
      vertex -31.039 1.08474 5
    endloop
  endfacet
  facet normal -1 0 0
    outer loop
      vertex -31.0447 1.45358 4.45
      vertex -31.0447 3.84597 5
      vertex -31.0447 3.84597 4.45
    endloop
  endfacet
  facet normal -1 -0 0
    outer loop
      vertex -31.0447 3.84597 5
      vertex -31.0447 1.45358 4.45
      vertex -31.0447 1.45358 5
    endloop
  endfacet
  facet normal 0 -1 0
    outer loop
      vertex -31.845 3.84597 4.45
      vertex -31.0447 3.84597 5
      vertex -31.845 3.84597 5
    endloop
  endfacet
  facet normal 0 -1 -0
    outer loop
      vertex -31.0447 3.84597 5
      vertex -31.845 3.84597 4.45
      vertex -31.0447 3.84597 4.45
    endloop
  endfacet
  facet normal 1 -0 0
    outer loop
      vertex -31.845 2.19409 5
      vertex -31.845 3.84597 4.45
      vertex -31.845 3.84597 5
    endloop
  endfacet
  facet normal 1 0 0
    outer loop
      vertex -31.845 3.84597 4.45
      vertex -31.845 2.19409 5
      vertex -31.845 2.19409 4.45
    endloop
  endfacet
  facet normal 0.992233 -0.124396 5.87217e-18
    outer loop
      vertex -31.8895 1.83914 5
      vertex -31.845 2.19409 4.45
      vertex -31.845 2.19409 5
    endloop
  endfacet
  facet normal 0.992233 -0.124396 5.87217e-18
    outer loop
      vertex -31.845 2.19409 4.45
      vertex -31.8895 1.83914 5
      vertex -31.8895 1.83914 4.45
    endloop
  endfacet
  facet normal 0.90527 -0.424837 5.01856e-18
    outer loop
      vertex -32.023 1.55467 5
      vertex -31.8895 1.83914 4.45
      vertex -31.8895 1.83914 5
    endloop
  endfacet
  facet normal 0.90527 -0.424837 5.01856e-18
    outer loop
      vertex -31.8895 1.83914 4.45
      vertex -32.023 1.55467 5
      vertex -32.023 1.55467 4.45
    endloop
  endfacet
  facet normal 0.671621 -0.740895 0
    outer loop
      vertex -32.2292 1.36775 4.45
      vertex -32.023 1.55467 5
      vertex -32.2292 1.36775 5
    endloop
  endfacet
  facet normal 0.671621 -0.740895 0
    outer loop
      vertex -32.023 1.55467 5
      vertex -32.2292 1.36775 4.45
      vertex -32.023 1.55467 4.45
    endloop
  endfacet
  facet normal 0.231086 -0.972933 0
    outer loop
      vertex -32.4915 1.30545 4.45
      vertex -32.2292 1.36775 5
      vertex -32.4915 1.30545 5
    endloop
  endfacet
  facet normal 0.231086 -0.972933 0
    outer loop
      vertex -32.2292 1.36775 5
      vertex -32.4915 1.30545 4.45
      vertex -32.2292 1.36775 4.45
    endloop
  endfacet
  facet normal -0.443486 -0.896282 0
    outer loop
      vertex -32.9016 1.50837 4.45
      vertex -32.4915 1.30545 5
      vertex -32.9016 1.50837 5
    endloop
  endfacet
  facet normal -0.443486 -0.896282 -0
    outer loop
      vertex -32.4915 1.30545 5
      vertex -32.9016 1.50837 4.45
      vertex -32.4915 1.30545 4.45
    endloop
  endfacet
  facet normal -0.975707 -0.219082 1.00899e-17
    outer loop
      vertex -32.9016 1.50837 4.45
      vertex -33.0383 2.11718 5
      vertex -33.0383 2.11718 4.45
    endloop
  endfacet
  facet normal -0.975707 -0.219082 1.00899e-17
    outer loop
      vertex -33.0383 2.11718 5
      vertex -32.9016 1.50837 4.45
      vertex -32.9016 1.50837 5
    endloop
  endfacet
  facet normal -1 0 0
    outer loop
      vertex -33.0383 2.11718 4.45
      vertex -33.0383 3.84597 5
      vertex -33.0383 3.84597 4.45
    endloop
  endfacet
  facet normal -1 -0 0
    outer loop
      vertex -33.0383 3.84597 5
      vertex -33.0383 2.11718 4.45
      vertex -33.0383 2.11718 5
    endloop
  endfacet
  facet normal 0 -1 0
    outer loop
      vertex -33.8387 3.84597 4.45
      vertex -33.0383 3.84597 5
      vertex -33.8387 3.84597 5
    endloop
  endfacet
  facet normal 0 -1 -0
    outer loop
      vertex -33.0383 3.84597 5
      vertex -33.8387 3.84597 4.45
      vertex -33.0383 3.84597 4.45
    endloop
  endfacet
  facet normal 1 -0 0
    outer loop
      vertex -33.8387 1.88932 5
      vertex -33.8387 3.84597 4.45
      vertex -33.8387 3.84597 5
    endloop
  endfacet
  facet normal 1 0 0
    outer loop
      vertex -33.8387 3.84597 4.45
      vertex -33.8387 1.88932 5
      vertex -33.8387 1.88932 4.45
    endloop
  endfacet
  facet normal 0.991881 0.127169 2.79869e-18
    outer loop
      vertex -33.7732 1.37844 5
      vertex -33.8387 1.88932 4.45
      vertex -33.8387 1.88932 5
    endloop
  endfacet
  facet normal 0.991881 0.127169 2.79869e-18
    outer loop
      vertex -33.8387 1.88932 4.45
      vertex -33.7732 1.37844 5
      vertex -33.7732 1.37844 4.45
    endloop
  endfacet
  facet normal 0.883492 0.468446 -1.70354e-18
    outer loop
      vertex -33.5767 1.00784 5
      vertex -33.7732 1.37844 4.45
      vertex -33.7732 1.37844 5
    endloop
  endfacet
  facet normal 0.883492 0.468446 -1.70354e-18
    outer loop
      vertex -33.7732 1.37844 4.45
      vertex -33.5767 1.00784 5
      vertex -33.5767 1.00784 4.45
    endloop
  endfacet
  facet normal 0.576993 0.816749 -0
    outer loop
      vertex -33.2577 0.782482 4.45
      vertex -33.5767 1.00784 5
      vertex -33.2577 0.782482 5
    endloop
  endfacet
  facet normal 0.576993 0.816749 0
    outer loop
      vertex -33.5767 1.00784 5
      vertex -33.2577 0.782482 4.45
      vertex -33.5767 1.00784 4.45
    endloop
  endfacet
  facet normal 0.17097 0.985276 -0
    outer loop
      vertex -32.8248 0.707363 4.45
      vertex -33.2577 0.782482 5
      vertex -32.8248 0.707363 5
    endloop
  endfacet
  facet normal 0.17097 0.985276 0
    outer loop
      vertex -33.2577 0.782482 5
      vertex -32.8248 0.707363 4.45
      vertex -33.2577 0.782482 4.45
    endloop
  endfacet
  facet normal -0.12526 0.992124 0
    outer loop
      vertex -32.509 0.747234 4.45
      vertex -32.8248 0.707363 5
      vertex -32.509 0.747234 5
    endloop
  endfacet
  facet normal -0.12526 0.992124 0
    outer loop
      vertex -32.8248 0.707363 5
      vertex -32.509 0.747234 4.45
      vertex -32.8248 0.707363 4.45
    endloop
  endfacet
  facet normal -0 0 1
    outer loop
      vertex -23.2483 -0.609066 4.45
      vertex -22.4479 -4.83567 4.45
      vertex -22.4479 -0.609066 4.45
    endloop
  endfacet
  facet normal 0 0 1
    outer loop
      vertex -22.4479 -4.83567 4.45
      vertex -23.2483 -0.609066 4.45
      vertex -23.2483 -4.83567 4.45
    endloop
  endfacet
  facet normal -0 0 1
    outer loop
      vertex -21.6655 -0.609066 4.45
      vertex -20.8652 -3.02998 4.45
      vertex -20.8652 -0.609066 4.45
    endloop
  endfacet
  facet normal 0 0 1
    outer loop
      vertex -21.6655 -4.83567 4.45
      vertex -20.8652 -3.02998 4.45
      vertex -21.6655 -0.609066 4.45
    endloop
  endfacet
  facet normal 0 0 1
    outer loop
      vertex -20.8652 -3.02998 4.45
      vertex -21.6655 -4.83567 4.45
      vertex -20.8652 -3.67933 4.45
    endloop
  endfacet
  facet normal 0 0 1
    outer loop
      vertex -20.8652 -3.67933 4.45
      vertex -21.6655 -4.83567 4.45
      vertex -20.8652 -4.83567 4.45
    endloop
  endfacet
  facet normal -0 0 1
    outer loop
      vertex -19.7658 -1.75402 4.45
      vertex -19.988 -2.95593 4.45
      vertex -18.9057 -1.75402 4.45
    endloop
  endfacet
  facet normal 0 0 1
    outer loop
      vertex -20.8652 -3.02998 4.45
      vertex -19.988 -2.95593 4.45
      vertex -19.7658 -1.75402 4.45
    endloop
  endfacet
  facet normal 0 0 1
    outer loop
      vertex -19.988 -2.95593 4.45
      vertex -20.8652 -3.02998 4.45
      vertex -20.5206 -3.44011 4.45
    endloop
  endfacet
  facet normal 0 0 1
    outer loop
      vertex -20.5206 -3.44011 4.45
      vertex -20.8652 -3.02998 4.45
      vertex -20.8652 -3.67933 4.45
    endloop
  endfacet
  facet normal 0 0 1
    outer loop
      vertex -19.988 -2.95593 4.45
      vertex -19.6975 -4.83567 4.45
      vertex -18.8231 -4.83567 4.45
    endloop
  endfacet
  facet normal 0 0 1
    outer loop
      vertex -19.6975 -4.83567 4.45
      vertex -19.988 -2.95593 4.45
      vertex -20.5206 -3.44011 4.45
    endloop
  endfacet
  facet normal 0 0 1
    outer loop
      vertex -26.3803 -0.822674 4.45
      vertex -27.679 -1.47204 4.45
      vertex -26.3803 -1.47204 4.45
    endloop
  endfacet
  facet normal 0 0 1
    outer loop
      vertex -27.679 -1.47204 4.45
      vertex -28.5192 -1.47204 4.45
      vertex -27.679 -4.83567 4.45
    endloop
  endfacet
  facet normal 0 0 1
    outer loop
      vertex -26.3803 -0.822674 4.45
      vertex -28.5192 -1.47204 4.45
      vertex -27.679 -1.47204 4.45
    endloop
  endfacet
  facet normal -0 0 1
    outer loop
      vertex -29.8151 -0.822674 4.45
      vertex -28.5192 -1.47204 4.45
      vertex -26.3803 -0.822674 4.45
    endloop
  endfacet
  facet normal 0 0 1
    outer loop
      vertex -28.5192 -1.47204 4.45
      vertex -29.8151 -0.822674 4.45
      vertex -29.8151 -1.47204 4.45
    endloop
  endfacet
  facet normal 0 0 1
    outer loop
      vertex -27.679 -4.83567 4.45
      vertex -28.5192 -1.47204 4.45
      vertex -28.5192 -4.83567 4.45
    endloop
  endfacet
  facet normal 0 0 1
    outer loop
      vertex -34.4996 -0.822674 4.45
      vertex -35.7984 -1.47204 4.45
      vertex -34.4996 -1.47204 4.45
    endloop
  endfacet
  facet normal 0 0 1
    outer loop
      vertex -35.7984 -1.47204 4.45
      vertex -36.6386 -1.47204 4.45
      vertex -35.7984 -4.83567 4.45
    endloop
  endfacet
  facet normal 0 0 1
    outer loop
      vertex -34.4996 -0.822674 4.45
      vertex -36.6386 -1.47204 4.45
      vertex -35.7984 -1.47204 4.45
    endloop
  endfacet
  facet normal -0 0 1
    outer loop
      vertex -37.9345 -0.822674 4.45
      vertex -36.6386 -1.47204 4.45
      vertex -34.4996 -0.822674 4.45
    endloop
  endfacet
  facet normal 0 0 1
    outer loop
      vertex -36.6386 -1.47204 4.45
      vertex -37.9345 -0.822674 4.45
      vertex -37.9345 -1.47204 4.45
    endloop
  endfacet
  facet normal 0 0 1
    outer loop
      vertex -35.7984 -4.83567 4.45
      vertex -36.6386 -1.47204 4.45
      vertex -36.6386 -4.83567 4.45
    endloop
  endfacet
  facet normal -0 0 1
    outer loop
      vertex -32.4901 -2.81779 4.45
      vertex -31.6079 -3.292 4.45
      vertex -31.7073 -2.61024 4.45
    endloop
  endfacet
  facet normal 0 0 1
    outer loop
      vertex -32.4901 -2.81779 4.45
      vertex -31.7073 -2.61024 4.45
      vertex -32.0052 -2.10864 4.45
    endloop
  endfacet
  facet normal 0 0 1
    outer loop
      vertex -31.6079 -3.292 4.45
      vertex -32.4453 -3.292 4.45
      vertex -31.7119 -3.96023 4.45
    endloop
  endfacet
  facet normal 0 0 1
    outer loop
      vertex -32.6297 -4.08235 4.45
      vertex -31.7119 -3.96023 4.45
      vertex -32.4453 -3.292 4.45
    endloop
  endfacet
  facet normal 0 0 1
    outer loop
      vertex -31.6079 -3.292 4.45
      vertex -32.4901 -2.81779 4.45
      vertex -32.4453 -3.292 4.45
    endloop
  endfacet
  facet normal 0 0 1
    outer loop
      vertex -32.6247 -2.49453 4.45
      vertex -32.0052 -2.10864 4.45
      vertex -32.4919 -1.79997 4.45
    endloop
  endfacet
  facet normal 0 0 1
    outer loop
      vertex -32.0052 -2.10864 4.45
      vertex -32.6247 -2.49453 4.45
      vertex -32.4901 -2.81779 4.45
    endloop
  endfacet
  facet normal 0 0 1
    outer loop
      vertex -32.4919 -1.79997 4.45
      vertex -32.8447 -2.30868 4.45
      vertex -32.6247 -2.49453 4.45
    endloop
  endfacet
  facet normal 0 0 1
    outer loop
      vertex -33.1573 -1.69708 4.45
      vertex -32.8447 -2.30868 4.45
      vertex -32.4919 -1.79997 4.45
    endloop
  endfacet
  facet normal 0 0 1
    outer loop
      vertex -32.8447 -2.30868 4.45
      vertex -33.1573 -1.69708 4.45
      vertex -33.1459 -2.24673 4.45
    endloop
  endfacet
  facet normal -0 0 1
    outer loop
      vertex -33.8131 -1.80352 4.45
      vertex -33.1459 -2.24673 4.45
      vertex -33.1573 -1.69708 4.45
    endloop
  endfacet
  facet normal 0 0 1
    outer loop
      vertex -33.1459 -2.24673 4.45
      vertex -33.8131 -1.80352 4.45
      vertex -33.6927 -2.50805 4.45
    endloop
  endfacet
  facet normal -0 0 1
    outer loop
      vertex -34.3051 -2.12288 4.45
      vertex -33.6927 -2.50805 4.45
      vertex -33.8131 -1.80352 4.45
    endloop
  endfacet
  facet normal 0 0 1
    outer loop
      vertex -34.6127 -2.62806 4.45
      vertex -33.6927 -2.50805 4.45
      vertex -34.3051 -2.12288 4.45
    endloop
  endfacet
  facet normal 0 0 1
    outer loop
      vertex -31.7119 -3.96023 4.45
      vertex -32.6297 -4.08235 4.45
      vertex -32.0238 -4.46684 4.45
    endloop
  endfacet
  facet normal 0 0 1
    outer loop
      vertex -32.0238 -4.46684 4.45
      vertex -32.6297 -4.08235 4.45
      vertex -32.5193 -4.78617 4.45
    endloop
  endfacet
  facet normal -0 0 1
    outer loop
      vertex -33.1829 -4.34579 4.45
      vertex -32.5193 -4.78617 4.45
      vertex -32.6297 -4.08235 4.45
    endloop
  endfacet
  facet normal 0 0 1
    outer loop
      vertex -32.5193 -4.78617 4.45
      vertex -33.1829 -4.34579 4.45
      vertex -33.1744 -4.89264 4.45
    endloop
  endfacet
  facet normal 0 0 1
    outer loop
      vertex -33.4795 -4.2785 4.45
      vertex -33.1744 -4.89264 4.45
      vertex -33.1829 -4.34579 4.45
    endloop
  endfacet
  facet normal 0 0 1
    outer loop
      vertex -33.8174 -4.78582 4.45
      vertex -33.4795 -4.2785 4.45
      vertex -33.697 -4.07666 4.45
    endloop
  endfacet
  facet normal 0 0 1
    outer loop
      vertex -33.4795 -4.2785 4.45
      vertex -33.8174 -4.78582 4.45
      vertex -33.1744 -4.89264 4.45
    endloop
  endfacet
  facet normal 0 0 1
    outer loop
      vertex -34.3051 -4.4654 4.45
      vertex -33.697 -4.07666 4.45
      vertex -33.8305 -3.74592 4.45
    endloop
  endfacet
  facet normal -0 0 1
    outer loop
      vertex -34.7152 -3.292 4.45
      vertex -33.8305 -3.74592 4.45
      vertex -33.875 -3.292 4.45
    endloop
  endfacet
  facet normal 0 0 1
    outer loop
      vertex -33.6927 -2.50805 4.45
      vertex -34.6127 -2.62806 4.45
      vertex -33.875 -3.292 4.45
    endloop
  endfacet
  facet normal 0 0 1
    outer loop
      vertex -33.8305 -3.74592 4.45
      vertex -34.7152 -3.292 4.45
      vertex -34.6127 -3.95845 4.45
    endloop
  endfacet
  facet normal 0 0 1
    outer loop
      vertex -33.875 -3.292 4.45
      vertex -34.6127 -2.62806 4.45
      vertex -34.7152 -3.292 4.45
    endloop
  endfacet
  facet normal 0 0 1
    outer loop
      vertex -33.8305 -3.74592 4.45
      vertex -34.6127 -3.95845 4.45
      vertex -34.3051 -4.4654 4.45
    endloop
  endfacet
  facet normal 0 0 1
    outer loop
      vertex -33.697 -4.07666 4.45
      vertex -34.3051 -4.4654 4.45
      vertex -33.8174 -4.78582 4.45
    endloop
  endfacet
  facet normal 0 0 1
    outer loop
      vertex -24.7731 -2.96731 4.45
      vertex -25.1832 -3.41449 4.45
      vertex -24.7731 -3.40876 4.45
    endloop
  endfacet
  facet normal -0 0 1
    outer loop
      vertex -25.4366 -2.97869 4.45
      vertex -25.1832 -3.41449 4.45
      vertex -24.7731 -2.96731 4.45
    endloop
  endfacet
  facet normal 0 0 1
    outer loop
      vertex -25.1832 -3.41449 4.45
      vertex -25.4366 -2.97869 4.45
      vertex -25.4217 -3.43548 4.45
    endloop
  endfacet
  facet normal 0 0 1
    outer loop
      vertex -25.4366 -2.97869 4.45
      vertex -25.5791 -3.47572 4.45
      vertex -25.4217 -3.43548 4.45
    endloop
  endfacet
  facet normal -0 0 1
    outer loop
      vertex -25.9589 -3.04564 4.45
      vertex -25.5791 -3.47572 4.45
      vertex -25.4366 -2.97869 4.45
    endloop
  endfacet
  facet normal 0 0 1
    outer loop
      vertex -25.5791 -3.47572 4.45
      vertex -25.9589 -3.04564 4.45
      vertex -25.6819 -3.53872 4.45
    endloop
  endfacet
  facet normal 0 0 1
    outer loop
      vertex -25.7571 -3.62809 4.45
      vertex -26.341 -3.23506 4.45
      vertex -25.803 -3.74771 4.45
    endloop
  endfacet
  facet normal -0 0 1
    outer loop
      vertex -26.341 -3.23506 4.45
      vertex -25.7571 -3.62809 4.45
      vertex -25.9589 -3.04564 4.45
    endloop
  endfacet
  facet normal 0 0 1
    outer loop
      vertex -25.6819 -3.53872 4.45
      vertex -25.9589 -3.04564 4.45
      vertex -25.7571 -3.62809 4.45
    endloop
  endfacet
  facet normal -0 0 1
    outer loop
      vertex -24.7731 -3.40876 4.45
      vertex -23.9727 -3.92428 4.45
      vertex -23.9727 -2.80212 4.45
    endloop
  endfacet
  facet normal -0 0 1
    outer loop
      vertex -24.7994 -2.54757 4.45
      vertex -23.9727 -2.80212 4.45
      vertex -24.0518 -2.33291 4.45
    endloop
  endfacet
  facet normal 0 0 1
    outer loop
      vertex -23.9727 -3.92428 4.45
      vertex -24.7731 -3.56543 4.45
      vertex -24.7951 -3.76228 4.45
    endloop
  endfacet
  facet normal 0 0 1
    outer loop
      vertex -24.7994 -2.54757 4.45
      vertex -24.0518 -2.33291 4.45
      vertex -24.2889 -1.98474 4.45
    endloop
  endfacet
  facet normal 0 0 1
    outer loop
      vertex -23.9727 -3.92428 4.45
      vertex -24.7731 -3.40876 4.45
      vertex -24.7731 -3.56543 4.45
    endloop
  endfacet
  facet normal 0 -0 1
    outer loop
      vertex -24.616 -4.53875 4.45
      vertex -23.9727 -3.92428 4.45
      vertex -24.6734 -4.28598 4.45
    endloop
  endfacet
  facet normal 0 -0 1
    outer loop
      vertex -24.3177 -4.83285 4.45
      vertex -23.9727 -3.92428 4.45
      vertex -24.616 -4.53875 4.45
    endloop
  endfacet
  facet normal 0 0 1
    outer loop
      vertex -24.8784 -2.3621 4.45
      vertex -24.2889 -1.98474 4.45
      vertex -24.672 -1.76899 4.45
    endloop
  endfacet
  facet normal 0 0 1
    outer loop
      vertex -23.9727 -2.80212 4.45
      vertex -24.7731 -2.96731 4.45
      vertex -24.7731 -3.40876 4.45
    endloop
  endfacet
  facet normal 0 0 1
    outer loop
      vertex -23.9727 -3.92428 4.45
      vertex -24.0553 -4.86987 4.45
      vertex -23.9752 -4.86843 4.45
    endloop
  endfacet
  facet normal 0 0 1
    outer loop
      vertex -23.9727 -2.80212 4.45
      vertex -24.7731 -2.81065 4.45
      vertex -24.7731 -2.96731 4.45
    endloop
  endfacet
  facet normal 0 0 1
    outer loop
      vertex -23.9727 -2.80212 4.45
      vertex -24.7994 -2.54757 4.45
      vertex -24.7731 -2.81065 4.45
    endloop
  endfacet
  facet normal 0 0 1
    outer loop
      vertex -24.2889 -1.98474 4.45
      vertex -24.8784 -2.3621 4.45
      vertex -24.7994 -2.54757 4.45
    endloop
  endfacet
  facet normal 0 0 1
    outer loop
      vertex -24.672 -1.76899 4.45
      vertex -25.0173 -2.25207 4.45
      vertex -24.8784 -2.3621 4.45
    endloop
  endfacet
  facet normal 0 0 1
    outer loop
      vertex -25.1889 -1.69708 4.45
      vertex -25.0173 -2.25207 4.45
      vertex -24.672 -1.76899 4.45
    endloop
  endfacet
  facet normal 0 0 1
    outer loop
      vertex -25.1889 -1.69708 4.45
      vertex -25.223 -2.2154 4.45
      vertex -25.0173 -2.25207 4.45
    endloop
  endfacet
  facet normal 0 0 1
    outer loop
      vertex -25.1889 -1.69708 4.45
      vertex -25.4157 -2.24069 4.45
      vertex -25.223 -2.2154 4.45
    endloop
  endfacet
  facet normal -0 0 1
    outer loop
      vertex -25.7062 -1.75511 4.45
      vertex -25.4157 -2.24069 4.45
      vertex -25.1889 -1.69708 4.45
    endloop
  endfacet
  facet normal 0 0 1
    outer loop
      vertex -25.4157 -2.24069 4.45
      vertex -25.7062 -1.75511 4.45
      vertex -25.5492 -2.31654 4.45
    endloop
  endfacet
  facet normal -0 0 1
    outer loop
      vertex -26.1017 -1.92921 4.45
      vertex -25.5492 -2.31654 4.45
      vertex -25.7062 -1.75511 4.45
    endloop
  endfacet
  facet normal 0 0 1
    outer loop
      vertex -25.5492 -2.31654 4.45
      vertex -26.1017 -1.92921 4.45
      vertex -25.6335 -2.45074 4.45
    endloop
  endfacet
  facet normal -0 0 1
    outer loop
      vertex -26.3719 -2.21577 4.45
      vertex -25.6335 -2.45074 4.45
      vertex -26.1017 -1.92921 4.45
    endloop
  endfacet
  facet normal 0 0 1
    outer loop
      vertex -25.6335 -2.45074 4.45
      vertex -26.3719 -2.21577 4.45
      vertex -25.6787 -2.6512 4.45
    endloop
  endfacet
  facet normal 0 0 1
    outer loop
      vertex -25.6787 -2.6512 4.45
      vertex -26.3719 -2.21577 4.45
      vertex -26.5132 -2.61129 4.45
    endloop
  endfacet
  facet normal -0 0 1
    outer loop
      vertex -23.6295 -4.3757 4.45
      vertex -23.5427 -4.79582 4.45
      vertex -23.5427 -4.36288 4.45
    endloop
  endfacet
  facet normal 0 0 1
    outer loop
      vertex -23.5427 -4.79582 4.45
      vertex -23.6295 -4.3757 4.45
      vertex -23.6103 -4.81218 4.45
    endloop
  endfacet
  facet normal -0 0 1
    outer loop
      vertex -23.7192 -4.37999 4.45
      vertex -23.6103 -4.81218 4.45
      vertex -23.6295 -4.3757 4.45
    endloop
  endfacet
  facet normal 0 0 1
    outer loop
      vertex -23.6103 -4.81218 4.45
      vertex -23.7192 -4.37999 4.45
      vertex -23.6708 -4.82716 4.45
    endloop
  endfacet
  facet normal 0 0 1
    outer loop
      vertex -23.7192 -4.37999 4.45
      vertex -23.7278 -4.83996 4.45
      vertex -23.6708 -4.82716 4.45
    endloop
  endfacet
  facet normal 0 0 1
    outer loop
      vertex -23.7192 -4.37999 4.45
      vertex -23.7847 -4.84991 4.45
      vertex -23.7278 -4.83996 4.45
    endloop
  endfacet
  facet normal 0 0 1
    outer loop
      vertex -23.8364 -4.35542 4.45
      vertex -23.7847 -4.84991 4.45
      vertex -23.7192 -4.37999 4.45
    endloop
  endfacet
  facet normal 0 0 1
    outer loop
      vertex -23.8364 -4.35542 4.45
      vertex -23.8435 -4.85775 4.45
      vertex -23.7847 -4.84991 4.45
    endloop
  endfacet
  facet normal 0 0 1
    outer loop
      vertex -23.8364 -4.35542 4.45
      vertex -23.9058 -4.86416 4.45
      vertex -23.8435 -4.85775 4.45
    endloop
  endfacet
  facet normal 0 0 1
    outer loop
      vertex -23.9752 -4.86843 4.45
      vertex -23.8364 -4.35542 4.45
      vertex -23.9144 -4.28173 4.45
    endloop
  endfacet
  facet normal 0 0 1
    outer loop
      vertex -23.9752 -4.86843 4.45
      vertex -23.9144 -4.28173 4.45
      vertex -23.9581 -4.14323 4.45
    endloop
  endfacet
  facet normal 0 0 1
    outer loop
      vertex -23.8364 -4.35542 4.45
      vertex -23.9752 -4.86843 4.45
      vertex -23.9058 -4.86416 4.45
    endloop
  endfacet
  facet normal 0 0 1
    outer loop
      vertex -23.9752 -4.86843 4.45
      vertex -23.9581 -4.14323 4.45
      vertex -23.9727 -3.92428 4.45
    endloop
  endfacet
  facet normal 0 0 1
    outer loop
      vertex -24.3177 -4.83285 4.45
      vertex -24.616 -4.53875 4.45
      vertex -24.5011 -4.72178 4.45
    endloop
  endfacet
  facet normal 0 0 1
    outer loop
      vertex -23.9727 -3.92428 4.45
      vertex -24.3177 -4.83285 4.45
      vertex -24.0553 -4.86987 4.45
    endloop
  endfacet
  facet normal 0 0 1
    outer loop
      vertex -23.9727 -3.92428 4.45
      vertex -24.7951 -3.76228 4.45
      vertex -24.6734 -4.28598 4.45
    endloop
  endfacet
  facet normal -0 0 1
    outer loop
      vertex -24.8613 -3.94847 4.45
      vertex -24.6734 -4.28598 4.45
      vertex -24.7951 -3.76228 4.45
    endloop
  endfacet
  facet normal 0 0 1
    outer loop
      vertex -24.6734 -4.28598 4.45
      vertex -24.8613 -3.94847 4.45
      vertex -24.6904 -4.28598 4.45
    endloop
  endfacet
  facet normal -0 0 1
    outer loop
      vertex -24.9664 -4.10975 4.45
      vertex -24.6904 -4.28598 4.45
      vertex -24.8613 -3.94847 4.45
    endloop
  endfacet
  facet normal -0 0 1
    outer loop
      vertex -25.1049 -4.23188 4.45
      vertex -24.6904 -4.28598 4.45
      vertex -24.9664 -4.10975 4.45
    endloop
  endfacet
  facet normal 0 0 1
    outer loop
      vertex -25.1049 -4.23188 4.45
      vertex -25.112 -4.74096 4.45
      vertex -24.6904 -4.28598 4.45
    endloop
  endfacet
  facet normal -0 0 1
    outer loop
      vertex -25.2683 -4.30877 4.45
      vertex -25.112 -4.74096 4.45
      vertex -25.1049 -4.23188 4.45
    endloop
  endfacet
  facet normal -0 0 1
    outer loop
      vertex -25.4481 -4.33441 4.45
      vertex -25.112 -4.74096 4.45
      vertex -25.2683 -4.30877 4.45
    endloop
  endfacet
  facet normal 0 0 1
    outer loop
      vertex -25.7044 -4.89264 4.45
      vertex -25.4481 -4.33441 4.45
      vertex -25.5994 -4.3077 4.45
    endloop
  endfacet
  facet normal 0 0 1
    outer loop
      vertex -25.4481 -4.33441 4.45
      vertex -25.7044 -4.89264 4.45
      vertex -25.112 -4.74096 4.45
    endloop
  endfacet
  facet normal 0 0 1
    outer loop
      vertex -25.7172 -4.2276 4.45
      vertex -25.7044 -4.89264 4.45
      vertex -25.5994 -4.3077 4.45
    endloop
  endfacet
  facet normal 0 0 1
    outer loop
      vertex -26.4022 -4.64912 4.45
      vertex -25.7172 -4.2276 4.45
      vertex -25.793 -4.09266 4.45
    endloop
  endfacet
  facet normal -0 0 1
    outer loop
      vertex -26.6528 -3.96414 4.45
      vertex -25.793 -4.09266 4.45
      vertex -25.8183 -3.90147 4.45
    endloop
  endfacet
  facet normal -0 0 1
    outer loop
      vertex -26.5748 -3.54263 4.45
      vertex -25.803 -3.74771 4.45
      vertex -26.341 -3.23506 4.45
    endloop
  endfacet
  facet normal 0 0 1
    outer loop
      vertex -25.793 -4.09266 4.45
      vertex -26.6528 -3.96414 4.45
      vertex -26.5901 -4.35611 4.45
    endloop
  endfacet
  facet normal 0 0 1
    outer loop
      vertex -25.803 -3.74771 4.45
      vertex -26.5748 -3.54263 4.45
      vertex -25.8183 -3.90147 4.45
    endloop
  endfacet
  facet normal 0 0 1
    outer loop
      vertex -25.7172 -4.2276 4.45
      vertex -26.1024 -4.83175 4.45
      vertex -25.7044 -4.89264 4.45
    endloop
  endfacet
  facet normal 0 0 1
    outer loop
      vertex -25.8183 -3.90147 4.45
      vertex -26.5748 -3.54263 4.45
      vertex -26.6528 -3.96414 4.45
    endloop
  endfacet
  facet normal 0 0 1
    outer loop
      vertex -25.793 -4.09266 4.45
      vertex -26.5901 -4.35611 4.45
      vertex -26.4022 -4.64912 4.45
    endloop
  endfacet
  facet normal 0 0 1
    outer loop
      vertex -25.7172 -4.2276 4.45
      vertex -26.4022 -4.64912 4.45
      vertex -26.1024 -4.83175 4.45
    endloop
  endfacet
  facet normal 0 -1 0
    outer loop
      vertex -23.2483 -0.609066 4.45
      vertex -22.4479 -0.609066 5
      vertex -23.2483 -0.609066 5
    endloop
  endfacet
  facet normal 0 -1 -0
    outer loop
      vertex -22.4479 -0.609066 5
      vertex -23.2483 -0.609066 4.45
      vertex -22.4479 -0.609066 4.45
    endloop
  endfacet
  facet normal 1 -0 0
    outer loop
      vertex -23.2483 -4.83567 5
      vertex -23.2483 -0.609066 4.45
      vertex -23.2483 -0.609066 5
    endloop
  endfacet
  facet normal 1 0 0
    outer loop
      vertex -23.2483 -0.609066 4.45
      vertex -23.2483 -4.83567 5
      vertex -23.2483 -4.83567 4.45
    endloop
  endfacet
  facet normal 0 1 -0
    outer loop
      vertex -22.4479 -4.83567 4.45
      vertex -23.2483 -4.83567 5
      vertex -22.4479 -4.83567 5
    endloop
  endfacet
  facet normal 0 1 0
    outer loop
      vertex -23.2483 -4.83567 5
      vertex -22.4479 -4.83567 4.45
      vertex -23.2483 -4.83567 4.45
    endloop
  endfacet
  facet normal -1 0 0
    outer loop
      vertex -22.4479 -4.83567 4.45
      vertex -22.4479 -0.609066 5
      vertex -22.4479 -0.609066 4.45
    endloop
  endfacet
  facet normal -1 -0 0
    outer loop
      vertex -22.4479 -0.609066 5
      vertex -22.4479 -4.83567 4.45
      vertex -22.4479 -4.83567 5
    endloop
  endfacet
  facet normal -0.570258 0.821466 0
    outer loop
      vertex -20.5206 -3.44011 4.45
      vertex -20.8652 -3.67933 5
      vertex -20.5206 -3.44011 5
    endloop
  endfacet
  facet normal -0.570258 0.821466 0
    outer loop
      vertex -20.8652 -3.67933 5
      vertex -20.5206 -3.44011 4.45
      vertex -20.8652 -3.67933 4.45
    endloop
  endfacet
  facet normal 0.861345 0.50802 -2.26302e-17
    outer loop
      vertex -19.6975 -4.83567 5
      vertex -20.5206 -3.44011 4.45
      vertex -20.5206 -3.44011 5
    endloop
  endfacet
  facet normal 0.861345 0.50802 -2.26302e-17
    outer loop
      vertex -20.5206 -3.44011 4.45
      vertex -19.6975 -4.83567 5
      vertex -19.6975 -4.83567 4.45
    endloop
  endfacet
  facet normal 0 1 -0
    outer loop
      vertex -18.8231 -4.83567 4.45
      vertex -19.6975 -4.83567 5
      vertex -18.8231 -4.83567 5
    endloop
  endfacet
  facet normal 0 1 0
    outer loop
      vertex -19.6975 -4.83567 5
      vertex -18.8231 -4.83567 4.45
      vertex -19.6975 -4.83567 4.45
    endloop
  endfacet
  facet normal -0.850012 -0.526764 -1.12674e-16
    outer loop
      vertex -18.8231 -4.83567 4.45
      vertex -19.988 -2.95593 5
      vertex -19.988 -2.95593 4.45
    endloop
  endfacet
  facet normal -0.850012 -0.526764 -1.12674e-16
    outer loop
      vertex -19.988 -2.95593 5
      vertex -18.8231 -4.83567 4.45
      vertex -18.8231 -4.83567 5
    endloop
  endfacet
  facet normal -0.743116 0.669163 8.40971e-17
    outer loop
      vertex -19.988 -2.95593 4.45
      vertex -18.9057 -1.75402 5
      vertex -18.9057 -1.75402 4.45
    endloop
  endfacet
  facet normal -0.743116 0.669163 8.40971e-17
    outer loop
      vertex -18.9057 -1.75402 5
      vertex -19.988 -2.95593 4.45
      vertex -19.988 -2.95593 5
    endloop
  endfacet
  facet normal 0 -1 0
    outer loop
      vertex -19.7658 -1.75402 4.45
      vertex -18.9057 -1.75402 5
      vertex -19.7658 -1.75402 5
    endloop
  endfacet
  facet normal 0 -1 -0
    outer loop
      vertex -18.9057 -1.75402 5
      vertex -19.7658 -1.75402 4.45
      vertex -18.9057 -1.75402 4.45
    endloop
  endfacet
  facet normal 0.757576 -0.652747 -7.33845e-17
    outer loop
      vertex -20.8652 -3.02998 5
      vertex -19.7658 -1.75402 4.45
      vertex -19.7658 -1.75402 5
    endloop
  endfacet
  facet normal 0.757576 -0.652747 -7.33845e-17
    outer loop
      vertex -19.7658 -1.75402 4.45
      vertex -20.8652 -3.02998 5
      vertex -20.8652 -3.02998 4.45
    endloop
  endfacet
  facet normal -1 0 0
    outer loop
      vertex -20.8652 -3.02998 4.45
      vertex -20.8652 -0.609066 5
      vertex -20.8652 -0.609066 4.45
    endloop
  endfacet
  facet normal -1 -0 0
    outer loop
      vertex -20.8652 -0.609066 5
      vertex -20.8652 -3.02998 4.45
      vertex -20.8652 -3.02998 5
    endloop
  endfacet
  facet normal 0 -1 0
    outer loop
      vertex -21.6655 -0.609066 4.45
      vertex -20.8652 -0.609066 5
      vertex -21.6655 -0.609066 5
    endloop
  endfacet
  facet normal 0 -1 -0
    outer loop
      vertex -20.8652 -0.609066 5
      vertex -21.6655 -0.609066 4.45
      vertex -20.8652 -0.609066 4.45
    endloop
  endfacet
  facet normal 1 -0 0
    outer loop
      vertex -21.6655 -4.83567 5
      vertex -21.6655 -0.609066 4.45
      vertex -21.6655 -0.609066 5
    endloop
  endfacet
  facet normal 1 0 0
    outer loop
      vertex -21.6655 -0.609066 4.45
      vertex -21.6655 -4.83567 5
      vertex -21.6655 -4.83567 4.45
    endloop
  endfacet
  facet normal 0 1 -0
    outer loop
      vertex -20.8652 -4.83567 4.45
      vertex -21.6655 -4.83567 5
      vertex -20.8652 -4.83567 5
    endloop
  endfacet
  facet normal 0 1 0
    outer loop
      vertex -21.6655 -4.83567 5
      vertex -20.8652 -4.83567 4.45
      vertex -21.6655 -4.83567 4.45
    endloop
  endfacet
  facet normal -1 0 0
    outer loop
      vertex -20.8652 -4.83567 4.45
      vertex -20.8652 -3.67933 5
      vertex -20.8652 -3.67933 4.45
    endloop
  endfacet
  facet normal -1 -0 0
    outer loop
      vertex -20.8652 -3.67933 5
      vertex -20.8652 -4.83567 4.45
      vertex -20.8652 -4.83567 5
    endloop
  endfacet
  facet normal 0 1 -0
    outer loop
      vertex -34.4996 -1.47204 4.45
      vertex -35.7984 -1.47204 5
      vertex -34.4996 -1.47204 5
    endloop
  endfacet
  facet normal 0 1 0
    outer loop
      vertex -35.7984 -1.47204 5
      vertex -34.4996 -1.47204 4.45
      vertex -35.7984 -1.47204 4.45
    endloop
  endfacet
  facet normal -1 0 0
    outer loop
      vertex -34.4996 -1.47204 4.45
      vertex -34.4996 -0.822674 5
      vertex -34.4996 -0.822674 4.45
    endloop
  endfacet
  facet normal -1 -0 0
    outer loop
      vertex -34.4996 -0.822674 5
      vertex -34.4996 -1.47204 4.45
      vertex -34.4996 -1.47204 5
    endloop
  endfacet
  facet normal 0 -1 0
    outer loop
      vertex -37.9345 -0.822674 4.45
      vertex -34.4996 -0.822674 5
      vertex -37.9345 -0.822674 5
    endloop
  endfacet
  facet normal 0 -1 -0
    outer loop
      vertex -34.4996 -0.822674 5
      vertex -37.9345 -0.822674 4.45
      vertex -34.4996 -0.822674 4.45
    endloop
  endfacet
  facet normal 1 -0 0
    outer loop
      vertex -37.9345 -1.47204 5
      vertex -37.9345 -0.822674 4.45
      vertex -37.9345 -0.822674 5
    endloop
  endfacet
  facet normal 1 0 0
    outer loop
      vertex -37.9345 -0.822674 4.45
      vertex -37.9345 -1.47204 5
      vertex -37.9345 -1.47204 4.45
    endloop
  endfacet
  facet normal 0 1 -0
    outer loop
      vertex -36.6386 -1.47204 4.45
      vertex -37.9345 -1.47204 5
      vertex -36.6386 -1.47204 5
    endloop
  endfacet
  facet normal 0 1 0
    outer loop
      vertex -37.9345 -1.47204 5
      vertex -36.6386 -1.47204 4.45
      vertex -37.9345 -1.47204 4.45
    endloop
  endfacet
  facet normal 1 -0 0
    outer loop
      vertex -36.6386 -4.83567 5
      vertex -36.6386 -1.47204 4.45
      vertex -36.6386 -1.47204 5
    endloop
  endfacet
  facet normal 1 0 0
    outer loop
      vertex -36.6386 -1.47204 4.45
      vertex -36.6386 -4.83567 5
      vertex -36.6386 -4.83567 4.45
    endloop
  endfacet
  facet normal 0 1 -0
    outer loop
      vertex -35.7984 -4.83567 4.45
      vertex -36.6386 -4.83567 5
      vertex -35.7984 -4.83567 5
    endloop
  endfacet
  facet normal 0 1 0
    outer loop
      vertex -36.6386 -4.83567 5
      vertex -35.7984 -4.83567 4.45
      vertex -36.6386 -4.83567 4.45
    endloop
  endfacet
  facet normal -1 0 0
    outer loop
      vertex -35.7984 -4.83567 4.45
      vertex -35.7984 -1.47204 5
      vertex -35.7984 -1.47204 4.45
    endloop
  endfacet
  facet normal -1 -0 0
    outer loop
      vertex -35.7984 -1.47204 5
      vertex -35.7984 -4.83567 4.45
      vertex -35.7984 -4.83567 5
    endloop
  endfacet
  facet normal 0 1 -0
    outer loop
      vertex -26.3803 -1.47204 4.45
      vertex -27.679 -1.47204 5
      vertex -26.3803 -1.47204 5
    endloop
  endfacet
  facet normal 0 1 0
    outer loop
      vertex -27.679 -1.47204 5
      vertex -26.3803 -1.47204 4.45
      vertex -27.679 -1.47204 4.45
    endloop
  endfacet
  facet normal -1 0 0
    outer loop
      vertex -26.3803 -1.47204 4.45
      vertex -26.3803 -0.822674 5
      vertex -26.3803 -0.822674 4.45
    endloop
  endfacet
  facet normal -1 -0 0
    outer loop
      vertex -26.3803 -0.822674 5
      vertex -26.3803 -1.47204 4.45
      vertex -26.3803 -1.47204 5
    endloop
  endfacet
  facet normal 0 -1 0
    outer loop
      vertex -29.8151 -0.822674 4.45
      vertex -26.3803 -0.822674 5
      vertex -29.8151 -0.822674 5
    endloop
  endfacet
  facet normal 0 -1 -0
    outer loop
      vertex -26.3803 -0.822674 5
      vertex -29.8151 -0.822674 4.45
      vertex -26.3803 -0.822674 4.45
    endloop
  endfacet
  facet normal 1 -0 0
    outer loop
      vertex -29.8151 -1.47204 5
      vertex -29.8151 -0.822674 4.45
      vertex -29.8151 -0.822674 5
    endloop
  endfacet
  facet normal 1 0 0
    outer loop
      vertex -29.8151 -0.822674 4.45
      vertex -29.8151 -1.47204 5
      vertex -29.8151 -1.47204 4.45
    endloop
  endfacet
  facet normal 0 1 -0
    outer loop
      vertex -28.5192 -1.47204 4.45
      vertex -29.8151 -1.47204 5
      vertex -28.5192 -1.47204 5
    endloop
  endfacet
  facet normal 0 1 0
    outer loop
      vertex -29.8151 -1.47204 5
      vertex -28.5192 -1.47204 4.45
      vertex -29.8151 -1.47204 4.45
    endloop
  endfacet
  facet normal 1 -0 0
    outer loop
      vertex -28.5192 -4.83567 5
      vertex -28.5192 -1.47204 4.45
      vertex -28.5192 -1.47204 5
    endloop
  endfacet
  facet normal 1 0 0
    outer loop
      vertex -28.5192 -1.47204 4.45
      vertex -28.5192 -4.83567 5
      vertex -28.5192 -4.83567 4.45
    endloop
  endfacet
  facet normal 0 1 -0
    outer loop
      vertex -27.679 -4.83567 4.45
      vertex -28.5192 -4.83567 5
      vertex -27.679 -4.83567 5
    endloop
  endfacet
  facet normal 0 1 0
    outer loop
      vertex -28.5192 -4.83567 5
      vertex -27.679 -4.83567 4.45
      vertex -28.5192 -4.83567 4.45
    endloop
  endfacet
  facet normal -1 0 0
    outer loop
      vertex -27.679 -4.83567 4.45
      vertex -27.679 -1.47204 5
      vertex -27.679 -1.47204 4.45
    endloop
  endfacet
  facet normal -1 -0 0
    outer loop
      vertex -27.679 -1.47204 5
      vertex -27.679 -4.83567 4.45
      vertex -27.679 -4.83567 5
    endloop
  endfacet
  facet normal -0.541711 0.840565 0
    outer loop
      vertex -32.0238 -4.46684 4.45
      vertex -32.5193 -4.78617 5
      vertex -32.0238 -4.46684 5
    endloop
  endfacet
  facet normal -0.541711 0.840565 0
    outer loop
      vertex -32.5193 -4.78617 5
      vertex -32.0238 -4.46684 4.45
      vertex -32.5193 -4.78617 4.45
    endloop
  endfacet
  facet normal -0.851553 0.524268 -9.94047e-18
    outer loop
      vertex -32.0238 -4.46684 4.45
      vertex -31.7119 -3.96023 5
      vertex -31.7119 -3.96023 4.45
    endloop
  endfacet
  facet normal -0.851553 0.524268 -9.94047e-18
    outer loop
      vertex -31.7119 -3.96023 5
      vertex -32.0238 -4.46684 4.45
      vertex -32.0238 -4.46684 5
    endloop
  endfacet
  facet normal -0.988105 0.153784 3.24283e-18
    outer loop
      vertex -31.7119 -3.96023 4.45
      vertex -31.6079 -3.292 5
      vertex -31.6079 -3.292 4.45
    endloop
  endfacet
  facet normal -0.988105 0.153784 3.24283e-18
    outer loop
      vertex -31.6079 -3.292 5
      vertex -31.7119 -3.96023 4.45
      vertex -31.7119 -3.96023 5
    endloop
  endfacet
  facet normal -0.989538 -0.144274 5.13228e-18
    outer loop
      vertex -31.6079 -3.292 4.45
      vertex -31.7073 -2.61024 5
      vertex -31.7073 -2.61024 4.45
    endloop
  endfacet
  facet normal -0.989538 -0.144274 5.13228e-18
    outer loop
      vertex -31.7073 -2.61024 5
      vertex -31.6079 -3.292 4.45
      vertex -31.6079 -3.292 5
    endloop
  endfacet
  facet normal -0.859798 -0.510634 -1.81621e-18
    outer loop
      vertex -31.7073 -2.61024 4.45
      vertex -32.0052 -2.10864 5
      vertex -32.0052 -2.10864 4.45
    endloop
  endfacet
  facet normal -0.859798 -0.510634 -1.81621e-18
    outer loop
      vertex -32.0052 -2.10864 5
      vertex -31.7073 -2.61024 4.45
      vertex -31.7073 -2.61024 5
    endloop
  endfacet
  facet normal -0.53558 -0.844484 0
    outer loop
      vertex -32.4919 -1.79997 4.45
      vertex -32.0052 -2.10864 5
      vertex -32.4919 -1.79997 5
    endloop
  endfacet
  facet normal -0.53558 -0.844484 -0
    outer loop
      vertex -32.0052 -2.10864 5
      vertex -32.4919 -1.79997 4.45
      vertex -32.0052 -2.10864 4.45
    endloop
  endfacet
  facet normal -0.152813 -0.988255 0
    outer loop
      vertex -33.1573 -1.69708 4.45
      vertex -32.4919 -1.79997 5
      vertex -33.1573 -1.69708 5
    endloop
  endfacet
  facet normal -0.152813 -0.988255 -0
    outer loop
      vertex -32.4919 -1.79997 5
      vertex -33.1573 -1.69708 4.45
      vertex -32.4919 -1.79997 4.45
    endloop
  endfacet
  facet normal 0.160209 -0.987083 0
    outer loop
      vertex -33.8131 -1.80352 4.45
      vertex -33.1573 -1.69708 5
      vertex -33.8131 -1.80352 5
    endloop
  endfacet
  facet normal 0.160209 -0.987083 0
    outer loop
      vertex -33.1573 -1.69708 5
      vertex -33.8131 -1.80352 4.45
      vertex -33.1573 -1.69708 4.45
    endloop
  endfacet
  facet normal 0.544461 -0.838786 0
    outer loop
      vertex -34.3051 -2.12288 4.45
      vertex -33.8131 -1.80352 5
      vertex -34.3051 -2.12288 5
    endloop
  endfacet
  facet normal 0.544461 -0.838786 0
    outer loop
      vertex -33.8131 -1.80352 5
      vertex -34.3051 -2.12288 4.45
      vertex -33.8131 -1.80352 4.45
    endloop
  endfacet
  facet normal 0.854124 -0.520069 -3.75368e-17
    outer loop
      vertex -34.6127 -2.62806 5
      vertex -34.3051 -2.12288 4.45
      vertex -34.3051 -2.12288 5
    endloop
  endfacet
  facet normal 0.854124 -0.520069 -3.75368e-17
    outer loop
      vertex -34.3051 -2.12288 4.45
      vertex -34.6127 -2.62806 5
      vertex -34.6127 -2.62806 4.45
    endloop
  endfacet
  facet normal 0.988292 -0.152574 -1.44514e-17
    outer loop
      vertex -34.7152 -3.292 5
      vertex -34.6127 -2.62806 4.45
      vertex -34.6127 -2.62806 5
    endloop
  endfacet
  facet normal 0.988292 -0.152574 -1.44514e-17
    outer loop
      vertex -34.6127 -2.62806 4.45
      vertex -34.7152 -3.292 5
      vertex -34.7152 -3.292 4.45
    endloop
  endfacet
  facet normal 0.988379 0.152013 -7.63765e-18
    outer loop
      vertex -34.6127 -3.95845 5
      vertex -34.7152 -3.292 4.45
      vertex -34.7152 -3.292 5
    endloop
  endfacet
  facet normal 0.988379 0.152013 -7.63765e-18
    outer loop
      vertex -34.7152 -3.292 4.45
      vertex -34.6127 -3.95845 5
      vertex -34.6127 -3.95845 4.45
    endloop
  endfacet
  facet normal 0.85493 0.518743 -3.14156e-17
    outer loop
      vertex -34.3051 -4.4654 5
      vertex -34.6127 -3.95845 4.45
      vertex -34.6127 -3.95845 5
    endloop
  endfacet
  facet normal 0.85493 0.518743 -3.14156e-17
    outer loop
      vertex -34.6127 -3.95845 4.45
      vertex -34.3051 -4.4654 5
      vertex -34.3051 -4.4654 4.45
    endloop
  endfacet
  facet normal 0.549096 0.835759 -0
    outer loop
      vertex -33.8174 -4.78582 4.45
      vertex -34.3051 -4.4654 5
      vertex -33.8174 -4.78582 5
    endloop
  endfacet
  facet normal 0.549096 0.835759 0
    outer loop
      vertex -34.3051 -4.4654 5
      vertex -33.8174 -4.78582 4.45
      vertex -34.3051 -4.4654 4.45
    endloop
  endfacet
  facet normal 0.163881 0.98648 -0
    outer loop
      vertex -33.1744 -4.89264 4.45
      vertex -33.8174 -4.78582 5
      vertex -33.1744 -4.89264 5
    endloop
  endfacet
  facet normal 0.163881 0.98648 0
    outer loop
      vertex -33.8174 -4.78582 5
      vertex -33.1744 -4.89264 4.45
      vertex -33.8174 -4.78582 4.45
    endloop
  endfacet
  facet normal -0.16042 0.987049 0
    outer loop
      vertex -32.5193 -4.78617 4.45
      vertex -33.1744 -4.89264 5
      vertex -32.5193 -4.78617 5
    endloop
  endfacet
  facet normal -0.16042 0.987049 0
    outer loop
      vertex -33.1744 -4.89264 5
      vertex -32.5193 -4.78617 4.45
      vertex -33.1744 -4.89264 4.45
    endloop
  endfacet
  facet normal -0.680226 -0.733002 0
    outer loop
      vertex -33.697 -4.07666 4.45
      vertex -33.4795 -4.2785 5
      vertex -33.697 -4.07666 5
    endloop
  endfacet
  facet normal -0.680226 -0.733002 -0
    outer loop
      vertex -33.4795 -4.2785 5
      vertex -33.697 -4.07666 4.45
      vertex -33.4795 -4.2785 4.45
    endloop
  endfacet
  facet normal -0.927308 -0.374299 -3.50615e-18
    outer loop
      vertex -33.697 -4.07666 4.45
      vertex -33.8305 -3.74592 5
      vertex -33.8305 -3.74592 4.45
    endloop
  endfacet
  facet normal -0.927308 -0.374299 -3.50615e-18
    outer loop
      vertex -33.8305 -3.74592 5
      vertex -33.697 -4.07666 4.45
      vertex -33.697 -4.07666 5
    endloop
  endfacet
  facet normal -0.995229 -0.0975672 4.47739e-18
    outer loop
      vertex -33.8305 -3.74592 4.45
      vertex -33.875 -3.292 5
      vertex -33.875 -3.292 4.45
    endloop
  endfacet
  facet normal -0.995229 -0.0975672 4.47739e-18
    outer loop
      vertex -33.875 -3.292 5
      vertex -33.8305 -3.74592 4.45
      vertex -33.8305 -3.74592 5
    endloop
  endfacet
  facet normal -0.974012 0.226497 2.77984e-17
    outer loop
      vertex -33.875 -3.292 4.45
      vertex -33.6927 -2.50805 5
      vertex -33.6927 -2.50805 4.45
    endloop
  endfacet
  facet normal -0.974012 0.226497 2.77984e-17
    outer loop
      vertex -33.6927 -2.50805 5
      vertex -33.875 -3.292 4.45
      vertex -33.875 -3.292 5
    endloop
  endfacet
  facet normal -0.431196 0.902258 0
    outer loop
      vertex -33.1459 -2.24673 4.45
      vertex -33.6927 -2.50805 5
      vertex -33.1459 -2.24673 5
    endloop
  endfacet
  facet normal -0.431196 0.902258 0
    outer loop
      vertex -33.6927 -2.50805 5
      vertex -33.1459 -2.24673 4.45
      vertex -33.6927 -2.50805 4.45
    endloop
  endfacet
  facet normal 0.20146 0.979497 -0
    outer loop
      vertex -32.8447 -2.30868 4.45
      vertex -33.1459 -2.24673 5
      vertex -32.8447 -2.30868 5
    endloop
  endfacet
  facet normal 0.20146 0.979497 0
    outer loop
      vertex -33.1459 -2.24673 5
      vertex -32.8447 -2.30868 4.45
      vertex -33.1459 -2.24673 4.45
    endloop
  endfacet
  facet normal 0.645327 0.763906 -0
    outer loop
      vertex -32.6247 -2.49453 4.45
      vertex -32.8447 -2.30868 5
      vertex -32.6247 -2.49453 5
    endloop
  endfacet
  facet normal 0.645327 0.763906 0
    outer loop
      vertex -32.8447 -2.30868 5
      vertex -32.6247 -2.49453 4.45
      vertex -32.8447 -2.30868 4.45
    endloop
  endfacet
  facet normal 0.92317 0.384392 -7.07218e-18
    outer loop
      vertex -32.4901 -2.81779 5
      vertex -32.6247 -2.49453 4.45
      vertex -32.6247 -2.49453 5
    endloop
  endfacet
  facet normal 0.92317 0.384392 -7.07218e-18
    outer loop
      vertex -32.6247 -2.49453 4.45
      vertex -32.4901 -2.81779 5
      vertex -32.4901 -2.81779 4.45
    endloop
  endfacet
  facet normal 0.995567 0.0940541 -6.12375e-18
    outer loop
      vertex -32.4453 -3.292 5
      vertex -32.4901 -2.81779 4.45
      vertex -32.4901 -2.81779 5
    endloop
  endfacet
  facet normal 0.995567 0.0940541 -6.12375e-18
    outer loop
      vertex -32.4901 -2.81779 4.45
      vertex -32.4453 -3.292 5
      vertex -32.4453 -3.292 4.45
    endloop
  endfacet
  facet normal 0.973845 -0.227212 6.9225e-18
    outer loop
      vertex -32.6297 -4.08235 5
      vertex -32.4453 -3.292 4.45
      vertex -32.4453 -3.292 5
    endloop
  endfacet
  facet normal 0.973845 -0.227212 6.9225e-18
    outer loop
      vertex -32.4453 -3.292 4.45
      vertex -32.6297 -4.08235 5
      vertex -32.6297 -4.08235 4.45
    endloop
  endfacet
  facet normal 0.429949 -0.902853 0
    outer loop
      vertex -33.1829 -4.34579 4.45
      vertex -32.6297 -4.08235 5
      vertex -33.1829 -4.34579 5
    endloop
  endfacet
  facet normal 0.429949 -0.902853 0
    outer loop
      vertex -32.6297 -4.08235 5
      vertex -33.1829 -4.34579 4.45
      vertex -32.6297 -4.08235 4.45
    endloop
  endfacet
  facet normal -0.221249 -0.975217 0
    outer loop
      vertex -33.4795 -4.2785 4.45
      vertex -33.1829 -4.34579 5
      vertex -33.4795 -4.2785 5
    endloop
  endfacet
  facet normal -0.221249 -0.975217 -0
    outer loop
      vertex -33.1829 -4.34579 5
      vertex -33.4795 -4.2785 4.45
      vertex -33.1829 -4.34579 4.45
    endloop
  endfacet
  facet normal -0.733502 0.679688 -5.40263e-18
    outer loop
      vertex -25.112 -4.74096 4.45
      vertex -24.6904 -4.28598 5
      vertex -24.6904 -4.28598 4.45
    endloop
  endfacet
  facet normal -0.733502 0.679688 -5.40263e-18
    outer loop
      vertex -24.6904 -4.28598 5
      vertex -25.112 -4.74096 4.45
      vertex -25.112 -4.74096 5
    endloop
  endfacet
  facet normal 0 1 -0
    outer loop
      vertex -24.6734 -4.28598 4.45
      vertex -24.6904 -4.28598 5
      vertex -24.6734 -4.28598 5
    endloop
  endfacet
  facet normal 0 1 0
    outer loop
      vertex -24.6904 -4.28598 5
      vertex -24.6734 -4.28598 4.45
      vertex -24.6904 -4.28598 4.45
    endloop
  endfacet
  facet normal 0.975173 0.221446 -3.94513e-18
    outer loop
      vertex -24.616 -4.53875 5
      vertex -24.6734 -4.28598 4.45
      vertex -24.6734 -4.28598 5
    endloop
  endfacet
  facet normal 0.975173 0.221446 -3.94513e-18
    outer loop
      vertex -24.6734 -4.28598 4.45
      vertex -24.616 -4.53875 5
      vertex -24.616 -4.53875 4.45
    endloop
  endfacet
  facet normal 0.846944 0.531682 7.61099e-18
    outer loop
      vertex -24.5011 -4.72178 5
      vertex -24.616 -4.53875 4.45
      vertex -24.616 -4.53875 5
    endloop
  endfacet
  facet normal 0.846944 0.531682 7.61099e-18
    outer loop
      vertex -24.616 -4.53875 4.45
      vertex -24.5011 -4.72178 5
      vertex -24.5011 -4.72178 4.45
    endloop
  endfacet
  facet normal 0.518024 0.855366 -0
    outer loop
      vertex -24.3177 -4.83285 4.45
      vertex -24.5011 -4.72178 5
      vertex -24.3177 -4.83285 5
    endloop
  endfacet
  facet normal 0.518024 0.855366 0
    outer loop
      vertex -24.5011 -4.72178 5
      vertex -24.3177 -4.83285 4.45
      vertex -24.5011 -4.72178 4.45
    endloop
  endfacet
  facet normal 0.139699 0.990194 -0
    outer loop
      vertex -24.0553 -4.86987 4.45
      vertex -24.3177 -4.83285 5
      vertex -24.0553 -4.86987 5
    endloop
  endfacet
  facet normal 0.139699 0.990194 0
    outer loop
      vertex -24.3177 -4.83285 5
      vertex -24.0553 -4.86987 4.45
      vertex -24.3177 -4.83285 4.45
    endloop
  endfacet
  facet normal -0.0179746 0.999838 0
    outer loop
      vertex -23.9752 -4.86843 4.45
      vertex -24.0553 -4.86987 5
      vertex -23.9752 -4.86843 5
    endloop
  endfacet
  facet normal -0.0179746 0.999838 0
    outer loop
      vertex -24.0553 -4.86987 5
      vertex -23.9752 -4.86843 4.45
      vertex -24.0553 -4.86987 4.45
    endloop
  endfacet
  facet normal -0.0614112 0.998113 0
    outer loop
      vertex -23.9058 -4.86416 4.45
      vertex -23.9752 -4.86843 5
      vertex -23.9058 -4.86416 5
    endloop
  endfacet
  facet normal -0.0614112 0.998113 0
    outer loop
      vertex -23.9752 -4.86843 5
      vertex -23.9058 -4.86416 4.45
      vertex -23.9752 -4.86843 4.45
    endloop
  endfacet
  facet normal -0.102349 0.994749 0
    outer loop
      vertex -23.8435 -4.85775 4.45
      vertex -23.9058 -4.86416 5
      vertex -23.8435 -4.85775 5
    endloop
  endfacet
  facet normal -0.102349 0.994749 0
    outer loop
      vertex -23.9058 -4.86416 5
      vertex -23.8435 -4.85775 4.45
      vertex -23.9058 -4.86416 4.45
    endloop
  endfacet
  facet normal -0.132164 0.991228 0
    outer loop
      vertex -23.7847 -4.84991 4.45
      vertex -23.8435 -4.85775 5
      vertex -23.7847 -4.84991 5
    endloop
  endfacet
  facet normal -0.132164 0.991228 0
    outer loop
      vertex -23.8435 -4.85775 5
      vertex -23.7847 -4.84991 4.45
      vertex -23.8435 -4.85775 4.45
    endloop
  endfacet
  facet normal -0.172254 0.985053 0
    outer loop
      vertex -23.7278 -4.83996 4.45
      vertex -23.7847 -4.84991 5
      vertex -23.7278 -4.83996 5
    endloop
  endfacet
  facet normal -0.172254 0.985053 0
    outer loop
      vertex -23.7847 -4.84991 5
      vertex -23.7278 -4.83996 4.45
      vertex -23.7847 -4.84991 4.45
    endloop
  endfacet
  facet normal -0.219105 0.975701 0
    outer loop
      vertex -23.6708 -4.82716 4.45
      vertex -23.7278 -4.83996 5
      vertex -23.6708 -4.82716 5
    endloop
  endfacet
  facet normal -0.219105 0.975701 0
    outer loop
      vertex -23.7278 -4.83996 5
      vertex -23.6708 -4.82716 4.45
      vertex -23.7278 -4.83996 4.45
    endloop
  endfacet
  facet normal -0.240345 0.970687 0
    outer loop
      vertex -23.6103 -4.81218 4.45
      vertex -23.6708 -4.82716 5
      vertex -23.6103 -4.81218 5
    endloop
  endfacet
  facet normal -0.240345 0.970687 0
    outer loop
      vertex -23.6708 -4.82716 5
      vertex -23.6103 -4.81218 4.45
      vertex -23.6708 -4.82716 4.45
    endloop
  endfacet
  facet normal -0.235221 0.971942 0
    outer loop
      vertex -23.5427 -4.79582 4.45
      vertex -23.6103 -4.81218 5
      vertex -23.5427 -4.79582 5
    endloop
  endfacet
  facet normal -0.235221 0.971942 0
    outer loop
      vertex -23.6103 -4.81218 5
      vertex -23.5427 -4.79582 4.45
      vertex -23.6103 -4.81218 4.45
    endloop
  endfacet
  facet normal -1 0 0
    outer loop
      vertex -23.5427 -4.79582 4.45
      vertex -23.5427 -4.36288 5
      vertex -23.5427 -4.36288 4.45
    endloop
  endfacet
  facet normal -1 -0 0
    outer loop
      vertex -23.5427 -4.36288 5
      vertex -23.5427 -4.79582 4.45
      vertex -23.5427 -4.79582 5
    endloop
  endfacet
  facet normal 0.146111 -0.989268 0
    outer loop
      vertex -23.6295 -4.3757 4.45
      vertex -23.5427 -4.36288 5
      vertex -23.6295 -4.3757 5
    endloop
  endfacet
  facet normal 0.146111 -0.989268 0
    outer loop
      vertex -23.5427 -4.36288 5
      vertex -23.6295 -4.3757 4.45
      vertex -23.5427 -4.36288 4.45
    endloop
  endfacet
  facet normal 0.0477715 -0.998858 0
    outer loop
      vertex -23.7192 -4.37999 4.45
      vertex -23.6295 -4.3757 5
      vertex -23.7192 -4.37999 5
    endloop
  endfacet
  facet normal 0.0477715 -0.998858 0
    outer loop
      vertex -23.6295 -4.3757 5
      vertex -23.7192 -4.37999 4.45
      vertex -23.6295 -4.3757 4.45
    endloop
  endfacet
  facet normal -0.205181 -0.978724 0
    outer loop
      vertex -23.8364 -4.35542 4.45
      vertex -23.7192 -4.37999 5
      vertex -23.8364 -4.35542 5
    endloop
  endfacet
  facet normal -0.205181 -0.978724 -0
    outer loop
      vertex -23.7192 -4.37999 5
      vertex -23.8364 -4.35542 4.45
      vertex -23.7192 -4.37999 4.45
    endloop
  endfacet
  facet normal -0.686738 -0.726905 0
    outer loop
      vertex -23.9144 -4.28173 4.45
      vertex -23.8364 -4.35542 5
      vertex -23.9144 -4.28173 5
    endloop
  endfacet
  facet normal -0.686738 -0.726905 -0
    outer loop
      vertex -23.8364 -4.35542 5
      vertex -23.9144 -4.28173 4.45
      vertex -23.8364 -4.35542 4.45
    endloop
  endfacet
  facet normal -0.953655 -0.300901 -2.14206e-18
    outer loop
      vertex -23.9144 -4.28173 4.45
      vertex -23.9581 -4.14323 5
      vertex -23.9581 -4.14323 4.45
    endloop
  endfacet
  facet normal -0.953655 -0.300901 -2.14206e-18
    outer loop
      vertex -23.9581 -4.14323 5
      vertex -23.9144 -4.28173 4.45
      vertex -23.9144 -4.28173 5
    endloop
  endfacet
  facet normal -0.997784 -0.0665341 1.07204e-18
    outer loop
      vertex -23.9581 -4.14323 4.45
      vertex -23.9727 -3.92428 5
      vertex -23.9727 -3.92428 4.45
    endloop
  endfacet
  facet normal -0.997784 -0.0665341 1.07204e-18
    outer loop
      vertex -23.9727 -3.92428 5
      vertex -23.9581 -4.14323 4.45
      vertex -23.9581 -4.14323 5
    endloop
  endfacet
  facet normal -1 0 0
    outer loop
      vertex -23.9727 -3.92428 4.45
      vertex -23.9727 -2.80212 5
      vertex -23.9727 -2.80212 4.45
    endloop
  endfacet
  facet normal -1 -0 0
    outer loop
      vertex -23.9727 -2.80212 5
      vertex -23.9727 -3.92428 4.45
      vertex -23.9727 -3.92428 5
    endloop
  endfacet
  facet normal -0.986086 -0.166236 9.0624e-19
    outer loop
      vertex -23.9727 -2.80212 4.45
      vertex -24.0518 -2.33291 5
      vertex -24.0518 -2.33291 4.45
    endloop
  endfacet
  facet normal -0.986086 -0.166236 9.0624e-19
    outer loop
      vertex -24.0518 -2.33291 5
      vertex -23.9727 -2.80212 4.45
      vertex -23.9727 -2.80212 5
    endloop
  endfacet
  facet normal -0.826546 -0.562869 -8.13108e-18
    outer loop
      vertex -24.0518 -2.33291 4.45
      vertex -24.2889 -1.98474 5
      vertex -24.2889 -1.98474 4.45
    endloop
  endfacet
  facet normal -0.826546 -0.562869 -8.13108e-18
    outer loop
      vertex -24.2889 -1.98474 5
      vertex -24.0518 -2.33291 4.45
      vertex -24.0518 -2.33291 5
    endloop
  endfacet
  facet normal -0.490704 -0.871326 0
    outer loop
      vertex -24.672 -1.76899 4.45
      vertex -24.2889 -1.98474 5
      vertex -24.672 -1.76899 5
    endloop
  endfacet
  facet normal -0.490704 -0.871326 -0
    outer loop
      vertex -24.2889 -1.98474 5
      vertex -24.672 -1.76899 4.45
      vertex -24.2889 -1.98474 4.45
    endloop
  endfacet
  facet normal -0.137791 -0.990461 0
    outer loop
      vertex -25.1889 -1.69708 4.45
      vertex -24.672 -1.76899 5
      vertex -25.1889 -1.69708 5
    endloop
  endfacet
  facet normal -0.137791 -0.990461 -0
    outer loop
      vertex -24.672 -1.76899 5
      vertex -25.1889 -1.69708 4.45
      vertex -24.672 -1.76899 4.45
    endloop
  endfacet
  facet normal 0.111479 -0.993767 0
    outer loop
      vertex -25.7062 -1.75511 4.45
      vertex -25.1889 -1.69708 5
      vertex -25.7062 -1.75511 5
    endloop
  endfacet
  facet normal 0.111479 -0.993767 0
    outer loop
      vertex -25.1889 -1.69708 5
      vertex -25.7062 -1.75511 4.45
      vertex -25.1889 -1.69708 4.45
    endloop
  endfacet
  facet normal 0.402894 -0.915247 0
    outer loop
      vertex -26.1017 -1.92921 4.45
      vertex -25.7062 -1.75511 5
      vertex -26.1017 -1.92921 5
    endloop
  endfacet
  facet normal 0.402894 -0.915247 0
    outer loop
      vertex -25.7062 -1.75511 5
      vertex -26.1017 -1.92921 4.45
      vertex -25.7062 -1.75511 4.45
    endloop
  endfacet
  facet normal 0.727571 -0.686033 1.42956e-17
    outer loop
      vertex -26.3719 -2.21577 5
      vertex -26.1017 -1.92921 4.45
      vertex -26.1017 -1.92921 5
    endloop
  endfacet
  facet normal 0.727571 -0.686033 1.42956e-17
    outer loop
      vertex -26.1017 -1.92921 4.45
      vertex -26.3719 -2.21577 5
      vertex -26.3719 -2.21577 4.45
    endloop
  endfacet
  facet normal 0.94171 -0.336427 3.16811e-18
    outer loop
      vertex -26.5132 -2.61129 5
      vertex -26.3719 -2.21577 4.45
      vertex -26.3719 -2.21577 5
    endloop
  endfacet
  facet normal 0.94171 -0.336427 3.16811e-18
    outer loop
      vertex -26.3719 -2.21577 4.45
      vertex -26.5132 -2.61129 5
      vertex -26.5132 -2.61129 4.45
    endloop
  endfacet
  facet normal 0.0477704 0.998858 -0
    outer loop
      vertex -25.6787 -2.6512 4.45
      vertex -26.5132 -2.61129 5
      vertex -25.6787 -2.6512 5
    endloop
  endfacet
  facet normal 0.0477704 0.998858 0
    outer loop
      vertex -26.5132 -2.61129 5
      vertex -25.6787 -2.6512 4.45
      vertex -26.5132 -2.61129 4.45
    endloop
  endfacet
  facet normal -0.975509 0.219959 -5.33607e-18
    outer loop
      vertex -25.6787 -2.6512 4.45
      vertex -25.6335 -2.45074 5
      vertex -25.6335 -2.45074 4.45
    endloop
  endfacet
  facet normal -0.975509 0.219959 -5.33607e-18
    outer loop
      vertex -25.6335 -2.45074 5
      vertex -25.6787 -2.6512 4.45
      vertex -25.6787 -2.6512 5
    endloop
  endfacet
  facet normal -0.846791 0.531926 4.02311e-18
    outer loop
      vertex -25.6335 -2.45074 4.45
      vertex -25.5492 -2.31654 5
      vertex -25.5492 -2.31654 4.45
    endloop
  endfacet
  facet normal -0.846791 0.531926 4.02311e-18
    outer loop
      vertex -25.5492 -2.31654 5
      vertex -25.6335 -2.45074 4.45
      vertex -25.6335 -2.45074 5
    endloop
  endfacet
  facet normal -0.493998 0.869463 0
    outer loop
      vertex -25.4157 -2.24069 4.45
      vertex -25.5492 -2.31654 5
      vertex -25.4157 -2.24069 5
    endloop
  endfacet
  facet normal -0.493998 0.869463 0
    outer loop
      vertex -25.5492 -2.31654 5
      vertex -25.4157 -2.24069 4.45
      vertex -25.5492 -2.31654 4.45
    endloop
  endfacet
  facet normal -0.130124 0.991498 0
    outer loop
      vertex -25.223 -2.2154 4.45
      vertex -25.4157 -2.24069 5
      vertex -25.223 -2.2154 5
    endloop
  endfacet
  facet normal -0.130124 0.991498 0
    outer loop
      vertex -25.4157 -2.24069 5
      vertex -25.223 -2.2154 4.45
      vertex -25.4157 -2.24069 4.45
    endloop
  endfacet
  facet normal 0.175502 0.984479 -0
    outer loop
      vertex -25.0173 -2.25207 4.45
      vertex -25.223 -2.2154 5
      vertex -25.0173 -2.25207 5
    endloop
  endfacet
  facet normal 0.175502 0.984479 0
    outer loop
      vertex -25.223 -2.2154 5
      vertex -25.0173 -2.25207 4.45
      vertex -25.223 -2.2154 4.45
    endloop
  endfacet
  facet normal 0.620937 0.78386 -0
    outer loop
      vertex -24.8784 -2.3621 4.45
      vertex -25.0173 -2.25207 5
      vertex -24.8784 -2.3621 5
    endloop
  endfacet
  facet normal 0.620937 0.78386 0
    outer loop
      vertex -25.0173 -2.25207 5
      vertex -24.8784 -2.3621 4.45
      vertex -25.0173 -2.25207 4.45
    endloop
  endfacet
  facet normal 0.920018 0.391877 5.07257e-18
    outer loop
      vertex -24.7994 -2.54757 5
      vertex -24.8784 -2.3621 4.45
      vertex -24.8784 -2.3621 5
    endloop
  endfacet
  facet normal 0.920018 0.391877 5.07257e-18
    outer loop
      vertex -24.8784 -2.3621 4.45
      vertex -24.7994 -2.54757 5
      vertex -24.7994 -2.54757 4.45
    endloop
  endfacet
  facet normal 0.99504 0.0994738 -2.07076e-18
    outer loop
      vertex -24.7731 -2.81065 5
      vertex -24.7994 -2.54757 4.45
      vertex -24.7994 -2.54757 5
    endloop
  endfacet
  facet normal 0.99504 0.0994738 -2.07076e-18
    outer loop
      vertex -24.7994 -2.54757 4.45
      vertex -24.7731 -2.81065 5
      vertex -24.7731 -2.81065 4.45
    endloop
  endfacet
  facet normal 1 -0 0
    outer loop
      vertex -24.7731 -2.96731 5
      vertex -24.7731 -2.81065 4.45
      vertex -24.7731 -2.81065 5
    endloop
  endfacet
  facet normal 1 0 0
    outer loop
      vertex -24.7731 -2.81065 4.45
      vertex -24.7731 -2.96731 5
      vertex -24.7731 -2.96731 4.45
    endloop
  endfacet
  facet normal 0.0171489 -0.999853 0
    outer loop
      vertex -25.4366 -2.97869 4.45
      vertex -24.7731 -2.96731 5
      vertex -25.4366 -2.97869 5
    endloop
  endfacet
  facet normal 0.0171489 -0.999853 0
    outer loop
      vertex -24.7731 -2.96731 5
      vertex -25.4366 -2.97869 4.45
      vertex -24.7731 -2.96731 4.45
    endloop
  endfacet
  facet normal 0.127143 -0.991884 0
    outer loop
      vertex -25.9589 -3.04564 4.45
      vertex -25.4366 -2.97869 5
      vertex -25.9589 -3.04564 5
    endloop
  endfacet
  facet normal 0.127143 -0.991884 0
    outer loop
      vertex -25.4366 -2.97869 5
      vertex -25.9589 -3.04564 4.45
      vertex -25.4366 -2.97869 4.45
    endloop
  endfacet
  facet normal 0.444153 -0.895951 0
    outer loop
      vertex -26.341 -3.23506 4.45
      vertex -25.9589 -3.04564 5
      vertex -26.341 -3.23506 5
    endloop
  endfacet
  facet normal 0.444153 -0.895951 0
    outer loop
      vertex -25.9589 -3.04564 5
      vertex -26.341 -3.23506 4.45
      vertex -25.9589 -3.04564 4.45
    endloop
  endfacet
  facet normal 0.796104 -0.60516 -3.14753e-17
    outer loop
      vertex -26.5748 -3.54263 5
      vertex -26.341 -3.23506 4.45
      vertex -26.341 -3.23506 5
    endloop
  endfacet
  facet normal 0.796104 -0.60516 -3.14753e-17
    outer loop
      vertex -26.341 -3.23506 4.45
      vertex -26.5748 -3.54263 5
      vertex -26.5748 -3.54263 4.45
    endloop
  endfacet
  facet normal 0.983306 -0.18196 2.58673e-19
    outer loop
      vertex -26.6528 -3.96414 5
      vertex -26.5748 -3.54263 4.45
      vertex -26.5748 -3.54263 5
    endloop
  endfacet
  facet normal 0.983306 -0.18196 2.58673e-19
    outer loop
      vertex -26.5748 -3.54263 4.45
      vertex -26.6528 -3.96414 5
      vertex -26.6528 -3.96414 4.45
    endloop
  endfacet
  facet normal 0.987447 0.157953 -5.74196e-18
    outer loop
      vertex -26.5901 -4.35611 5
      vertex -26.6528 -3.96414 4.45
      vertex -26.6528 -3.96414 5
    endloop
  endfacet
  facet normal 0.987447 0.157953 -5.74196e-18
    outer loop
      vertex -26.6528 -3.96414 4.45
      vertex -26.5901 -4.35611 5
      vertex -26.5901 -4.35611 4.45
    endloop
  endfacet
  facet normal 0.841784 0.539815 8.44178e-18
    outer loop
      vertex -26.4022 -4.64912 5
      vertex -26.5901 -4.35611 4.45
      vertex -26.5901 -4.35611 5
    endloop
  endfacet
  facet normal 0.841784 0.539815 8.44178e-18
    outer loop
      vertex -26.5901 -4.35611 4.45
      vertex -26.4022 -4.64912 5
      vertex -26.4022 -4.64912 4.45
    endloop
  endfacet
  facet normal 0.520244 0.854018 -0
    outer loop
      vertex -26.1024 -4.83175 4.45
      vertex -26.4022 -4.64912 5
      vertex -26.1024 -4.83175 5
    endloop
  endfacet
  facet normal 0.520244 0.854018 0
    outer loop
      vertex -26.4022 -4.64912 5
      vertex -26.1024 -4.83175 4.45
      vertex -26.4022 -4.64912 4.45
    endloop
  endfacet
  facet normal 0.15123 0.988499 -0
    outer loop
      vertex -25.7044 -4.89264 4.45
      vertex -26.1024 -4.83175 5
      vertex -25.7044 -4.89264 5
    endloop
  endfacet
  facet normal 0.15123 0.988499 0
    outer loop
      vertex -26.1024 -4.83175 5
      vertex -25.7044 -4.89264 4.45
      vertex -26.1024 -4.83175 4.45
    endloop
  endfacet
  facet normal -0.248042 0.968749 0
    outer loop
      vertex -25.112 -4.74096 4.45
      vertex -25.7044 -4.89264 5
      vertex -25.112 -4.74096 5
    endloop
  endfacet
  facet normal -0.248042 0.968749 0
    outer loop
      vertex -25.7044 -4.89264 5
      vertex -25.112 -4.74096 4.45
      vertex -25.7044 -4.89264 4.45
    endloop
  endfacet
  facet normal -0.562291 -0.82694 0
    outer loop
      vertex -25.7172 -4.2276 4.45
      vertex -25.5994 -4.3077 5
      vertex -25.7172 -4.2276 5
    endloop
  endfacet
  facet normal -0.562291 -0.82694 -0
    outer loop
      vertex -25.5994 -4.3077 5
      vertex -25.7172 -4.2276 4.45
      vertex -25.5994 -4.3077 4.45
    endloop
  endfacet
  facet normal -0.871862 -0.489752 2.98515e-18
    outer loop
      vertex -25.7172 -4.2276 4.45
      vertex -25.793 -4.09266 5
      vertex -25.793 -4.09266 4.45
    endloop
  endfacet
  facet normal -0.871862 -0.489752 2.98515e-18
    outer loop
      vertex -25.793 -4.09266 5
      vertex -25.7172 -4.2276 4.45
      vertex -25.7172 -4.2276 5
    endloop
  endfacet
  facet normal -0.991358 -0.131185 1.14991e-18
    outer loop
      vertex -25.793 -4.09266 4.45
      vertex -25.8183 -3.90147 5
      vertex -25.8183 -3.90147 4.45
    endloop
  endfacet
  facet normal -0.991358 -0.131185 1.14991e-18
    outer loop
      vertex -25.8183 -3.90147 5
      vertex -25.793 -4.09266 4.45
      vertex -25.793 -4.09266 5
    endloop
  endfacet
  facet normal -0.995086 0.0990167 7.99834e-19
    outer loop
      vertex -25.8183 -3.90147 4.45
      vertex -25.803 -3.74771 5
      vertex -25.803 -3.74771 4.45
    endloop
  endfacet
  facet normal -0.995086 0.0990167 7.99834e-19
    outer loop
      vertex -25.803 -3.74771 5
      vertex -25.8183 -3.90147 4.45
      vertex -25.8183 -3.90147 5
    endloop
  endfacet
  facet normal -0.933627 0.358247 -4.08683e-18
    outer loop
      vertex -25.803 -3.74771 4.45
      vertex -25.7571 -3.62809 5
      vertex -25.7571 -3.62809 4.45
    endloop
  endfacet
  facet normal -0.933627 0.358247 -4.08683e-18
    outer loop
      vertex -25.7571 -3.62809 5
      vertex -25.803 -3.74771 4.45
      vertex -25.803 -3.74771 5
    endloop
  endfacet
  facet normal -0.76516 0.64384 6.2038e-18
    outer loop
      vertex -25.7571 -3.62809 4.45
      vertex -25.6819 -3.53872 5
      vertex -25.6819 -3.53872 4.45
    endloop
  endfacet
  facet normal -0.76516 0.64384 6.2038e-18
    outer loop
      vertex -25.6819 -3.53872 5
      vertex -25.7571 -3.62809 4.45
      vertex -25.7571 -3.62809 5
    endloop
  endfacet
  facet normal -0.522523 0.852625 0
    outer loop
      vertex -25.5791 -3.47572 4.45
      vertex -25.6819 -3.53872 5
      vertex -25.5791 -3.47572 5
    endloop
  endfacet
  facet normal -0.522523 0.852625 0
    outer loop
      vertex -25.6819 -3.53872 5
      vertex -25.5791 -3.47572 4.45
      vertex -25.6819 -3.53872 4.45
    endloop
  endfacet
  facet normal -0.247688 0.96884 0
    outer loop
      vertex -25.4217 -3.43548 4.45
      vertex -25.5791 -3.47572 5
      vertex -25.4217 -3.43548 5
    endloop
  endfacet
  facet normal -0.247688 0.96884 0
    outer loop
      vertex -25.5791 -3.47572 5
      vertex -25.4217 -3.43548 4.45
      vertex -25.5791 -3.47572 4.45
    endloop
  endfacet
  facet normal -0.0876695 0.99615 0
    outer loop
      vertex -25.1832 -3.41449 4.45
      vertex -25.4217 -3.43548 5
      vertex -25.1832 -3.41449 5
    endloop
  endfacet
  facet normal -0.0876695 0.99615 0
    outer loop
      vertex -25.4217 -3.43548 5
      vertex -25.1832 -3.41449 4.45
      vertex -25.4217 -3.43548 4.45
    endloop
  endfacet
  facet normal -0.0139708 0.999902 0
    outer loop
      vertex -24.7731 -3.40876 4.45
      vertex -25.1832 -3.41449 5
      vertex -24.7731 -3.40876 5
    endloop
  endfacet
  facet normal -0.0139708 0.999902 0
    outer loop
      vertex -25.1832 -3.41449 5
      vertex -24.7731 -3.40876 4.45
      vertex -25.1832 -3.41449 4.45
    endloop
  endfacet
  facet normal 1 -0 0
    outer loop
      vertex -24.7731 -3.56543 5
      vertex -24.7731 -3.40876 4.45
      vertex -24.7731 -3.40876 5
    endloop
  endfacet
  facet normal 1 0 0
    outer loop
      vertex -24.7731 -3.40876 4.45
      vertex -24.7731 -3.56543 5
      vertex -24.7731 -3.56543 4.45
    endloop
  endfacet
  facet normal 0.993813 -0.111069 -3.19168e-18
    outer loop
      vertex -24.7951 -3.76228 5
      vertex -24.7731 -3.56543 4.45
      vertex -24.7731 -3.56543 5
    endloop
  endfacet
  facet normal 0.993813 -0.111069 -3.19168e-18
    outer loop
      vertex -24.7731 -3.56543 4.45
      vertex -24.7951 -3.76228 5
      vertex -24.7951 -3.76228 4.45
    endloop
  endfacet
  facet normal 0.942216 -0.335006 -2.30687e-18
    outer loop
      vertex -24.8613 -3.94847 5
      vertex -24.7951 -3.76228 4.45
      vertex -24.7951 -3.76228 5
    endloop
  endfacet
  facet normal 0.942216 -0.335006 -2.30687e-18
    outer loop
      vertex -24.7951 -3.76228 4.45
      vertex -24.8613 -3.94847 5
      vertex -24.8613 -3.94847 4.45
    endloop
  endfacet
  facet normal 0.837807 -0.545967 4.1281e-18
    outer loop
      vertex -24.9664 -4.10975 5
      vertex -24.8613 -3.94847 4.45
      vertex -24.8613 -3.94847 5
    endloop
  endfacet
  facet normal 0.837807 -0.545967 4.1281e-18
    outer loop
      vertex -24.8613 -3.94847 4.45
      vertex -24.9664 -4.10975 5
      vertex -24.9664 -4.10975 4.45
    endloop
  endfacet
  facet normal 0.661391 -0.750042 0
    outer loop
      vertex -25.1049 -4.23188 4.45
      vertex -24.9664 -4.10975 5
      vertex -25.1049 -4.23188 5
    endloop
  endfacet
  facet normal 0.661391 -0.750042 0
    outer loop
      vertex -24.9664 -4.10975 5
      vertex -25.1049 -4.23188 4.45
      vertex -24.9664 -4.10975 4.45
    endloop
  endfacet
  facet normal 0.425778 -0.904827 0
    outer loop
      vertex -25.2683 -4.30877 4.45
      vertex -25.1049 -4.23188 5
      vertex -25.2683 -4.30877 5
    endloop
  endfacet
  facet normal 0.425778 -0.904827 0
    outer loop
      vertex -25.1049 -4.23188 5
      vertex -25.2683 -4.30877 4.45
      vertex -25.1049 -4.23188 4.45
    endloop
  endfacet
  facet normal 0.141175 -0.989985 0
    outer loop
      vertex -25.4481 -4.33441 4.45
      vertex -25.2683 -4.30877 5
      vertex -25.4481 -4.33441 5
    endloop
  endfacet
  facet normal 0.141175 -0.989985 0
    outer loop
      vertex -25.2683 -4.30877 5
      vertex -25.4481 -4.33441 4.45
      vertex -25.2683 -4.30877 4.45
    endloop
  endfacet
  facet normal -0.173848 -0.984772 0
    outer loop
      vertex -25.5994 -4.3077 4.45
      vertex -25.4481 -4.33441 5
      vertex -25.5994 -4.3077 5
    endloop
  endfacet
  facet normal -0.173848 -0.984772 -0
    outer loop
      vertex -25.4481 -4.33441 5
      vertex -25.5994 -4.3077 4.45
      vertex -25.4481 -4.33441 4.45
    endloop
  endfacet
  facet normal -0 0 1
    outer loop
      vertex 55.5746 4.99093 4.45
      vertex 56.3749 0.764324 4.45
      vertex 56.3749 4.99093 4.45
    endloop
  endfacet
  facet normal 0 0 1
    outer loop
      vertex 56.3749 0.764324 4.45
      vertex 55.5746 4.99093 4.45
      vertex 55.5746 0.764324 4.45
    endloop
  endfacet
  facet normal -0 0 1
    outer loop
      vertex 42.0936 2.4447 4.45
      vertex 42.8398 0.764324 4.45
      vertex 42.8398 4.77732 4.45
    endloop
  endfacet
  facet normal 0 0 1
    outer loop
      vertex 42.8398 0.764324 4.45
      vertex 42.1064 2.07232 4.45
      vertex 42.1448 1.66148 4.45
    endloop
  endfacet
  facet normal 0 0 1
    outer loop
      vertex 42.0936 2.4447 4.45
      vertex 42.8398 4.77732 4.45
      vertex 42.0936 4.77732 4.45
    endloop
  endfacet
  facet normal 0 0 1
    outer loop
      vertex 42.8398 0.764324 4.45
      vertex 42.0936 2.4447 4.45
      vertex 42.1064 2.07232 4.45
    endloop
  endfacet
  facet normal 0 0 1
    outer loop
      vertex 42.1448 1.66148 4.45
      vertex 41.8543 0.764324 4.45
      vertex 42.8398 0.764324 4.45
    endloop
  endfacet
  facet normal -0 0 1
    outer loop
      vertex 40.1056 3.85453 4.45
      vertex 42.1448 1.66148 4.45
      vertex 40.3704 4.77732 4.45
    endloop
  endfacet
  facet normal 0 0 1
    outer loop
      vertex 42.1448 1.66148 4.45
      vertex 40.1056 3.85453 4.45
      vertex 41.8543 0.764324 4.45
    endloop
  endfacet
  facet normal 0 -0 1
    outer loop
      vertex 40.1056 3.85453 4.45
      vertex 40.3704 4.77732 4.45
      vertex 39.4106 4.77732 4.45
    endloop
  endfacet
  facet normal 0 0 1
    outer loop
      vertex 39.4106 4.77732 4.45
      vertex 40.1568 3.13108 4.45
      vertex 40.144 3.44867 4.45
    endloop
  endfacet
  facet normal 0 0 1
    outer loop
      vertex 39.4106 4.77732 4.45
      vertex 40.144 3.44867 4.45
      vertex 40.1056 3.85453 4.45
    endloop
  endfacet
  facet normal 0 0 1
    outer loop
      vertex 40.1568 3.13108 4.45
      vertex 39.4106 4.77732 4.45
      vertex 39.4106 0.764324 4.45
    endloop
  endfacet
  facet normal 0 0 1
    outer loop
      vertex 40.1568 3.13108 4.45
      vertex 39.4106 0.764324 4.45
      vertex 40.1568 0.764324 4.45
    endloop
  endfacet
  facet normal 0 0 1
    outer loop
      vertex 50.9635 3.3173 4.45
      vertex 50.1877 3.35504 4.45
      vertex 50.1895 3.12255 4.45
    endloop
  endfacet
  facet normal 0 0 1
    outer loop
      vertex 50.94 3.74238 4.45
      vertex 50.1824 3.5455 4.45
      vertex 50.1877 3.35504 4.45
    endloop
  endfacet
  facet normal 0 0 1
    outer loop
      vertex 50.94 3.74238 4.45
      vertex 50.1749 3.70535 4.45
      vertex 50.1824 3.5455 4.45
    endloop
  endfacet
  facet normal 0 -0 1
    outer loop
      vertex 50.1749 3.70535 4.45
      vertex 50.93 3.84597 4.45
      vertex 50.1667 3.84597 4.45
    endloop
  endfacet
  facet normal 0 0 1
    outer loop
      vertex 51.7816 3.22578 4.45
      vertex 51.9639 3.86306 4.45
      vertex 51.855 3.89509 4.45
    endloop
  endfacet
  facet normal 0 0 1
    outer loop
      vertex 51.9639 3.86306 4.45
      vertex 51.7816 3.22578 4.45
      vertex 51.9639 3.19375 4.45
    endloop
  endfacet
  facet normal 0 0 1
    outer loop
      vertex 51.7161 3.90577 4.45
      vertex 51.7816 3.22578 4.45
      vertex 51.855 3.89509 4.45
    endloop
  endfacet
  facet normal 0 0 1
    outer loop
      vertex 51.7161 3.90577 4.45
      vertex 51.6221 3.23646 4.45
      vertex 51.7816 3.22578 4.45
    endloop
  endfacet
  facet normal -0 0 1
    outer loop
      vertex 51.5438 3.88975 4.45
      vertex 51.6221 3.23646 4.45
      vertex 51.7161 3.90577 4.45
    endloop
  endfacet
  facet normal -0 0 1
    outer loop
      vertex 51.4028 3.84169 4.45
      vertex 51.6221 3.23646 4.45
      vertex 51.5438 3.88975 4.45
    endloop
  endfacet
  facet normal -0 0 1
    outer loop
      vertex 51.2861 3.76052 4.45
      vertex 51.6221 3.23646 4.45
      vertex 51.4028 3.84169 4.45
    endloop
  endfacet
  facet normal -0 0 1
    outer loop
      vertex 51.1864 3.64517 4.45
      vertex 51.6221 3.23646 4.45
      vertex 51.2861 3.76052 4.45
    endloop
  endfacet
  facet normal 0 0 1
    outer loop
      vertex 51.6221 3.23646 4.45
      vertex 51.1864 3.64517 4.45
      vertex 51.3562 3.17595 4.45
    endloop
  endfacet
  facet normal -0 0 1
    outer loop
      vertex 51.0888 3.46467 4.45
      vertex 51.3562 3.17595 4.45
      vertex 51.1864 3.64517 4.45
    endloop
  endfacet
  facet normal -0 0 1
    outer loop
      vertex 50.9784 3.18805 4.45
      vertex 51.3562 3.17595 4.45
      vertex 51.0888 3.46467 4.45
    endloop
  endfacet
  facet normal 0 0 1
    outer loop
      vertex 51.3562 3.17595 4.45
      vertex 50.9784 3.18805 4.45
      vertex 51.1565 2.99438 4.45
    endloop
  endfacet
  facet normal -0 0 1
    outer loop
      vertex 50.9671 3.18805 4.45
      vertex 51.1565 2.99438 4.45
      vertex 50.9784 3.18805 4.45
    endloop
  endfacet
  facet normal 0 0 1
    outer loop
      vertex 51.1565 2.99438 4.45
      vertex 50.9671 3.18805 4.45
      vertex 51.0315 2.69392 4.45
    endloop
  endfacet
  facet normal -0 0 1
    outer loop
      vertex 50.1895 3.12255 4.45
      vertex 51.0315 2.69392 4.45
      vertex 50.9671 3.18805 4.45
    endloop
  endfacet
  facet normal 0 0 1
    outer loop
      vertex 51.0315 2.69392 4.45
      vertex 50.1895 3.12255 4.45
      vertex 50.9899 2.27665 4.45
    endloop
  endfacet
  facet normal 0 0 1
    outer loop
      vertex 50.1895 3.12255 4.45
      vertex 50.9671 3.18805 4.45
      vertex 50.9635 3.3173 4.45
    endloop
  endfacet
  facet normal -0 0 1
    outer loop
      vertex 50.1877 3.35504 4.45
      vertex 50.9635 3.3173 4.45
      vertex 50.9528 3.53411 4.45
    endloop
  endfacet
  facet normal 0 0 1
    outer loop
      vertex 50.1877 3.35504 4.45
      vertex 50.9528 3.53411 4.45
      vertex 50.94 3.74238 4.45
    endloop
  endfacet
  facet normal 0 0 1
    outer loop
      vertex 50.1749 3.70535 4.45
      vertex 50.94 3.74238 4.45
      vertex 50.93 3.84597 4.45
    endloop
  endfacet
  facet normal 0 0 1
    outer loop
      vertex 50.1895 0.764324 4.45
      vertex 50.9899 2.27665 4.45
      vertex 50.1895 3.12255 4.45
    endloop
  endfacet
  facet normal 0 0 1
    outer loop
      vertex 50.9899 2.27665 4.45
      vertex 50.1895 0.764324 4.45
      vertex 50.9899 0.764324 4.45
    endloop
  endfacet
  facet normal 0 0 1
    outer loop
      vertex 45.2248 3.21228 4.45
      vertex 45.8287 3.46289 4.45
      vertex 45.4 3.79292 4.45
    endloop
  endfacet
  facet normal 0 0 1
    outer loop
      vertex 45.8287 3.46289 4.45
      vertex 45.348 2.97908 4.45
      vertex 45.4043 2.65265 4.45
    endloop
  endfacet
  facet normal 0 0 1
    outer loop
      vertex 45.8287 3.46289 4.45
      vertex 45.2248 3.21228 4.45
      vertex 45.348 2.97908 4.45
    endloop
  endfacet
  facet normal 0 0 1
    outer loop
      vertex 45.4 3.79292 4.45
      vertex 45.0412 3.3522 4.45
      vertex 45.2248 3.21228 4.45
    endloop
  endfacet
  facet normal 0 0 1
    outer loop
      vertex 44.8147 3.90292 4.45
      vertex 45.0412 3.3522 4.45
      vertex 45.4 3.79292 4.45
    endloop
  endfacet
  facet normal 0 0 1
    outer loop
      vertex 44.8147 3.90292 4.45
      vertex 44.8033 3.39885 4.45
      vertex 45.0412 3.3522 4.45
    endloop
  endfacet
  facet normal 0 0 1
    outer loop
      vertex 44.8147 3.90292 4.45
      vertex 44.5538 3.3497 4.45
      vertex 44.8033 3.39885 4.45
    endloop
  endfacet
  facet normal -0 0 1
    outer loop
      vertex 44.1988 3.8004 4.45
      vertex 44.5538 3.3497 4.45
      vertex 44.8147 3.90292 4.45
    endloop
  endfacet
  facet normal -0 0 1
    outer loop
      vertex 43.4569 2.99438 4.45
      vertex 44.2526 2.96661 4.45
      vertex 43.741 3.49279 4.45
    endloop
  endfacet
  facet normal 0 0 1
    outer loop
      vertex 44.369 3.20228 4.45
      vertex 43.741 3.49279 4.45
      vertex 44.2526 2.96661 4.45
    endloop
  endfacet
  facet normal -0 0 1
    outer loop
      vertex 43.741 3.49279 4.45
      vertex 44.369 3.20228 4.45
      vertex 44.1988 3.8004 4.45
    endloop
  endfacet
  facet normal 0 0 1
    outer loop
      vertex 44.5538 3.3497 4.45
      vertex 44.1988 3.8004 4.45
      vertex 44.369 3.20228 4.45
    endloop
  endfacet
  facet normal -0 0 1
    outer loop
      vertex 45.4043 2.65265 4.45
      vertex 46.179 2.17413 4.45
      vertex 46.0914 2.92068 4.45
    endloop
  endfacet
  facet normal 0 0 1
    outer loop
      vertex 45.4043 2.65265 4.45
      vertex 46.0914 2.92068 4.45
      vertex 45.8287 3.46289 4.45
    endloop
  endfacet
  facet normal 0 0 1
    outer loop
      vertex 46.179 2.17413 4.45
      vertex 45.4043 2.65265 4.45
      vertex 46.179 2.15136 4.45
    endloop
  endfacet
  facet normal 0 0 1
    outer loop
      vertex 44.2024 2.15136 4.45
      vertex 45.4043 2.65265 4.45
      vertex 44.2081 2.65265 4.45
    endloop
  endfacet
  facet normal 0 0 1
    outer loop
      vertex 45.4043 2.65265 4.45
      vertex 44.2024 2.15136 4.45
      vertex 46.179 2.15136 4.45
    endloop
  endfacet
  facet normal 0 0 1
    outer loop
      vertex 45.3786 1.6102 4.45
      vertex 45.6371 0.916698 4.45
      vertex 46.1334 1.54472 4.45
    endloop
  endfacet
  facet normal -0 0 1
    outer loop
      vertex 45.1893 1.33467 4.45
      vertex 45.6371 0.916698 4.45
      vertex 45.3786 1.6102 4.45
    endloop
  endfacet
  facet normal 0 0 1
    outer loop
      vertex 44.8033 0.707363 4.45
      vertex 45.1893 1.33467 4.45
      vertex 44.8432 1.24282 4.45
    endloop
  endfacet
  facet normal 0 0 1
    outer loop
      vertex 45.1893 1.33467 4.45
      vertex 44.8033 0.707363 4.45
      vertex 45.6371 0.916698 4.45
    endloop
  endfacet
  facet normal 0 0 1
    outer loop
      vertex 44.5709 1.30014 4.45
      vertex 44.8033 0.707363 4.45
      vertex 44.8432 1.24282 4.45
    endloop
  endfacet
  facet normal 0 0 1
    outer loop
      vertex 44.1889 0.810253 4.45
      vertex 44.5709 1.30014 4.45
      vertex 44.369 1.47206 4.45
    endloop
  endfacet
  facet normal 0 0 1
    outer loop
      vertex 44.5709 1.30014 4.45
      vertex 44.1889 0.810253 4.45
      vertex 44.8033 0.707363 4.45
    endloop
  endfacet
  facet normal 0 0 1
    outer loop
      vertex 43.7353 1.11892 4.45
      vertex 44.369 1.47206 4.45
      vertex 44.244 1.75653 4.45
    endloop
  endfacet
  facet normal 0 0 1
    outer loop
      vertex 43.4555 1.62483 4.45
      vertex 44.244 1.75653 4.45
      vertex 44.2024 2.15136 4.45
    endloop
  endfacet
  facet normal 0 0 1
    outer loop
      vertex 44.2526 2.96661 4.45
      vertex 43.4569 2.99438 4.45
      vertex 44.2081 2.65265 4.45
    endloop
  endfacet
  facet normal 0 0 1
    outer loop
      vertex 43.3622 2.31941 4.45
      vertex 44.2081 2.65265 4.45
      vertex 43.4569 2.99438 4.45
    endloop
  endfacet
  facet normal 0 -0 1
    outer loop
      vertex 43.4555 1.62483 4.45
      vertex 44.2024 2.15136 4.45
      vertex 43.3622 2.31941 4.45
    endloop
  endfacet
  facet normal 0 0 1
    outer loop
      vertex 44.2081 2.65265 4.45
      vertex 43.3622 2.31941 4.45
      vertex 44.2024 2.15136 4.45
    endloop
  endfacet
  facet normal 0 0 1
    outer loop
      vertex 44.244 1.75653 4.45
      vertex 43.4555 1.62483 4.45
      vertex 43.7353 1.11892 4.45
    endloop
  endfacet
  facet normal 0 0 1
    outer loop
      vertex 44.369 1.47206 4.45
      vertex 43.7353 1.11892 4.45
      vertex 44.1889 0.810253 4.45
    endloop
  endfacet
  facet normal 0 0 1
    outer loop
      vertex 54.0498 2.63269 4.45
      vertex 53.6396 2.18551 4.45
      vertex 54.0498 2.19123 4.45
    endloop
  endfacet
  facet normal -0 0 1
    outer loop
      vertex 53.3862 2.6213 4.45
      vertex 53.6396 2.18551 4.45
      vertex 54.0498 2.63269 4.45
    endloop
  endfacet
  facet normal 0 0 1
    outer loop
      vertex 53.6396 2.18551 4.45
      vertex 53.3862 2.6213 4.45
      vertex 53.4011 2.16452 4.45
    endloop
  endfacet
  facet normal 0 0 1
    outer loop
      vertex 53.3862 2.6213 4.45
      vertex 53.2438 2.12428 4.45
      vertex 53.4011 2.16452 4.45
    endloop
  endfacet
  facet normal -0 0 1
    outer loop
      vertex 52.8639 2.55436 4.45
      vertex 53.2438 2.12428 4.45
      vertex 53.3862 2.6213 4.45
    endloop
  endfacet
  facet normal 0 0 1
    outer loop
      vertex 53.2438 2.12428 4.45
      vertex 52.8639 2.55436 4.45
      vertex 53.1409 2.06128 4.45
    endloop
  endfacet
  facet normal 0 0 1
    outer loop
      vertex 53.0658 1.9719 4.45
      vertex 52.4819 2.36494 4.45
      vertex 53.0198 1.85229 4.45
    endloop
  endfacet
  facet normal -0 0 1
    outer loop
      vertex 52.4819 2.36494 4.45
      vertex 53.0658 1.9719 4.45
      vertex 52.8639 2.55436 4.45
    endloop
  endfacet
  facet normal 0 0 1
    outer loop
      vertex 53.1409 2.06128 4.45
      vertex 52.8639 2.55436 4.45
      vertex 53.0658 1.9719 4.45
    endloop
  endfacet
  facet normal -0 0 1
    outer loop
      vertex 54.0498 2.19123 4.45
      vertex 54.8501 1.67572 4.45
      vertex 54.8501 2.79788 4.45
    endloop
  endfacet
  facet normal -0 0 1
    outer loop
      vertex 54.0234 3.05243 4.45
      vertex 54.8501 2.79788 4.45
      vertex 54.7711 3.26709 4.45
    endloop
  endfacet
  facet normal 0 0 1
    outer loop
      vertex 54.8501 1.67572 4.45
      vertex 54.0498 2.03457 4.45
      vertex 54.0277 1.83772 4.45
    endloop
  endfacet
  facet normal 0 0 1
    outer loop
      vertex 54.0234 3.05243 4.45
      vertex 54.7711 3.26709 4.45
      vertex 54.534 3.61526 4.45
    endloop
  endfacet
  facet normal 0 0 1
    outer loop
      vertex 54.8501 1.67572 4.45
      vertex 54.0498 2.19123 4.45
      vertex 54.0498 2.03457 4.45
    endloop
  endfacet
  facet normal 0 -0 1
    outer loop
      vertex 54.2068 1.06124 4.45
      vertex 54.8501 1.67572 4.45
      vertex 54.1494 1.31402 4.45
    endloop
  endfacet
  facet normal 0 -0 1
    outer loop
      vertex 54.5051 0.767147 4.45
      vertex 54.8501 1.67572 4.45
      vertex 54.2068 1.06124 4.45
    endloop
  endfacet
  facet normal 0 0 1
    outer loop
      vertex 53.9444 3.2379 4.45
      vertex 54.534 3.61526 4.45
      vertex 54.1509 3.83101 4.45
    endloop
  endfacet
  facet normal 0 0 1
    outer loop
      vertex 54.8501 2.79788 4.45
      vertex 54.0498 2.63269 4.45
      vertex 54.0498 2.19123 4.45
    endloop
  endfacet
  facet normal 0 0 1
    outer loop
      vertex 54.8501 1.67572 4.45
      vertex 54.7675 0.730129 4.45
      vertex 54.8476 0.731564 4.45
    endloop
  endfacet
  facet normal 0 0 1
    outer loop
      vertex 54.8501 2.79788 4.45
      vertex 54.0498 2.78935 4.45
      vertex 54.0498 2.63269 4.45
    endloop
  endfacet
  facet normal 0 0 1
    outer loop
      vertex 54.8501 2.79788 4.45
      vertex 54.0234 3.05243 4.45
      vertex 54.0498 2.78935 4.45
    endloop
  endfacet
  facet normal 0 0 1
    outer loop
      vertex 54.534 3.61526 4.45
      vertex 53.9444 3.2379 4.45
      vertex 54.0234 3.05243 4.45
    endloop
  endfacet
  facet normal 0 0 1
    outer loop
      vertex 54.1509 3.83101 4.45
      vertex 53.8056 3.34793 4.45
      vertex 53.9444 3.2379 4.45
    endloop
  endfacet
  facet normal 0 0 1
    outer loop
      vertex 53.6339 3.90292 4.45
      vertex 53.8056 3.34793 4.45
      vertex 54.1509 3.83101 4.45
    endloop
  endfacet
  facet normal 0 0 1
    outer loop
      vertex 53.6339 3.90292 4.45
      vertex 53.5998 3.38459 4.45
      vertex 53.8056 3.34793 4.45
    endloop
  endfacet
  facet normal 0 0 1
    outer loop
      vertex 53.6339 3.90292 4.45
      vertex 53.4072 3.35931 4.45
      vertex 53.5998 3.38459 4.45
    endloop
  endfacet
  facet normal -0 0 1
    outer loop
      vertex 53.1166 3.84489 4.45
      vertex 53.4072 3.35931 4.45
      vertex 53.6339 3.90292 4.45
    endloop
  endfacet
  facet normal 0 0 1
    outer loop
      vertex 53.4072 3.35931 4.45
      vertex 53.1166 3.84489 4.45
      vertex 53.2737 3.28346 4.45
    endloop
  endfacet
  facet normal -0 0 1
    outer loop
      vertex 52.7211 3.67079 4.45
      vertex 53.2737 3.28346 4.45
      vertex 53.1166 3.84489 4.45
    endloop
  endfacet
  facet normal 0 0 1
    outer loop
      vertex 53.2737 3.28346 4.45
      vertex 52.7211 3.67079 4.45
      vertex 53.1893 3.14926 4.45
    endloop
  endfacet
  facet normal -0 0 1
    outer loop
      vertex 52.4509 3.38423 4.45
      vertex 53.1893 3.14926 4.45
      vertex 52.7211 3.67079 4.45
    endloop
  endfacet
  facet normal 0 0 1
    outer loop
      vertex 53.1893 3.14926 4.45
      vertex 52.4509 3.38423 4.45
      vertex 53.1441 2.9488 4.45
    endloop
  endfacet
  facet normal 0 0 1
    outer loop
      vertex 53.1441 2.9488 4.45
      vertex 52.4509 3.38423 4.45
      vertex 52.3096 2.9887 4.45
    endloop
  endfacet
  facet normal -0 0 1
    outer loop
      vertex 55.1933 1.2243 4.45
      vertex 55.2802 0.80418 4.45
      vertex 55.2802 1.23712 4.45
    endloop
  endfacet
  facet normal 0 0 1
    outer loop
      vertex 55.2802 0.80418 4.45
      vertex 55.1933 1.2243 4.45
      vertex 55.2125 0.787823 4.45
    endloop
  endfacet
  facet normal -0 0 1
    outer loop
      vertex 55.1036 1.22001 4.45
      vertex 55.2125 0.787823 4.45
      vertex 55.1933 1.2243 4.45
    endloop
  endfacet
  facet normal 0 0 1
    outer loop
      vertex 55.2125 0.787823 4.45
      vertex 55.1036 1.22001 4.45
      vertex 55.152 0.772839 4.45
    endloop
  endfacet
  facet normal 0 0 1
    outer loop
      vertex 55.1036 1.22001 4.45
      vertex 55.095 0.760036 4.45
      vertex 55.152 0.772839 4.45
    endloop
  endfacet
  facet normal 0 0 1
    outer loop
      vertex 55.1036 1.22001 4.45
      vertex 55.0381 0.750088 4.45
      vertex 55.095 0.760036 4.45
    endloop
  endfacet
  facet normal 0 0 1
    outer loop
      vertex 54.9865 1.24458 4.45
      vertex 55.0381 0.750088 4.45
      vertex 55.1036 1.22001 4.45
    endloop
  endfacet
  facet normal 0 0 1
    outer loop
      vertex 54.9865 1.24458 4.45
      vertex 54.9793 0.742245 4.45
      vertex 55.0381 0.750088 4.45
    endloop
  endfacet
  facet normal 0 0 1
    outer loop
      vertex 54.9865 1.24458 4.45
      vertex 54.917 0.735836 4.45
      vertex 54.9793 0.742245 4.45
    endloop
  endfacet
  facet normal 0 0 1
    outer loop
      vertex 54.8476 0.731564 4.45
      vertex 54.9865 1.24458 4.45
      vertex 54.9085 1.31826 4.45
    endloop
  endfacet
  facet normal 0 0 1
    outer loop
      vertex 54.8476 0.731564 4.45
      vertex 54.9085 1.31826 4.45
      vertex 54.8647 1.45677 4.45
    endloop
  endfacet
  facet normal 0 0 1
    outer loop
      vertex 54.9865 1.24458 4.45
      vertex 54.8476 0.731564 4.45
      vertex 54.917 0.735836 4.45
    endloop
  endfacet
  facet normal 0 0 1
    outer loop
      vertex 54.8476 0.731564 4.45
      vertex 54.8647 1.45677 4.45
      vertex 54.8501 1.67572 4.45
    endloop
  endfacet
  facet normal 0 0 1
    outer loop
      vertex 54.5051 0.767147 4.45
      vertex 54.2068 1.06124 4.45
      vertex 54.3218 0.878216 4.45
    endloop
  endfacet
  facet normal 0 0 1
    outer loop
      vertex 54.8501 1.67572 4.45
      vertex 54.5051 0.767147 4.45
      vertex 54.7675 0.730129 4.45
    endloop
  endfacet
  facet normal 0 0 1
    outer loop
      vertex 54.8501 1.67572 4.45
      vertex 54.0277 1.83772 4.45
      vertex 54.1494 1.31402 4.45
    endloop
  endfacet
  facet normal -0 0 1
    outer loop
      vertex 53.9615 1.65153 4.45
      vertex 54.1494 1.31402 4.45
      vertex 54.0277 1.83772 4.45
    endloop
  endfacet
  facet normal 0 0 1
    outer loop
      vertex 54.1494 1.31402 4.45
      vertex 53.9615 1.65153 4.45
      vertex 54.1324 1.31402 4.45
    endloop
  endfacet
  facet normal -0 0 1
    outer loop
      vertex 53.8565 1.49025 4.45
      vertex 54.1324 1.31402 4.45
      vertex 53.9615 1.65153 4.45
    endloop
  endfacet
  facet normal -0 0 1
    outer loop
      vertex 53.718 1.36811 4.45
      vertex 54.1324 1.31402 4.45
      vertex 53.8565 1.49025 4.45
    endloop
  endfacet
  facet normal 0 0 1
    outer loop
      vertex 53.718 1.36811 4.45
      vertex 53.7109 0.859035 4.45
      vertex 54.1324 1.31402 4.45
    endloop
  endfacet
  facet normal -0 0 1
    outer loop
      vertex 53.5546 1.29123 4.45
      vertex 53.7109 0.859035 4.45
      vertex 53.718 1.36811 4.45
    endloop
  endfacet
  facet normal -0 0 1
    outer loop
      vertex 53.3748 1.26559 4.45
      vertex 53.7109 0.859035 4.45
      vertex 53.5546 1.29123 4.45
    endloop
  endfacet
  facet normal 0 0 1
    outer loop
      vertex 53.1184 0.707363 4.45
      vertex 53.3748 1.26559 4.45
      vertex 53.2235 1.29229 4.45
    endloop
  endfacet
  facet normal 0 0 1
    outer loop
      vertex 53.3748 1.26559 4.45
      vertex 53.1184 0.707363 4.45
      vertex 53.7109 0.859035 4.45
    endloop
  endfacet
  facet normal 0 0 1
    outer loop
      vertex 53.1056 1.3724 4.45
      vertex 53.1184 0.707363 4.45
      vertex 53.2235 1.29229 4.45
    endloop
  endfacet
  facet normal 0 0 1
    outer loop
      vertex 52.4206 0.950878 4.45
      vertex 53.1056 1.3724 4.45
      vertex 53.0298 1.50734 4.45
    endloop
  endfacet
  facet normal -0 0 1
    outer loop
      vertex 52.17 1.63586 4.45
      vertex 53.0298 1.50734 4.45
      vertex 53.0045 1.69853 4.45
    endloop
  endfacet
  facet normal -0 0 1
    outer loop
      vertex 52.248 2.05737 4.45
      vertex 53.0198 1.85229 4.45
      vertex 52.4819 2.36494 4.45
    endloop
  endfacet
  facet normal 0 0 1
    outer loop
      vertex 53.0298 1.50734 4.45
      vertex 52.17 1.63586 4.45
      vertex 52.2327 1.24389 4.45
    endloop
  endfacet
  facet normal 0 0 1
    outer loop
      vertex 53.0198 1.85229 4.45
      vertex 52.248 2.05737 4.45
      vertex 53.0045 1.69853 4.45
    endloop
  endfacet
  facet normal 0 0 1
    outer loop
      vertex 53.1056 1.3724 4.45
      vertex 52.7204 0.768246 4.45
      vertex 53.1184 0.707363 4.45
    endloop
  endfacet
  facet normal 0 0 1
    outer loop
      vertex 53.0045 1.69853 4.45
      vertex 52.248 2.05737 4.45
      vertex 52.17 1.63586 4.45
    endloop
  endfacet
  facet normal 0 0 1
    outer loop
      vertex 53.0298 1.50734 4.45
      vertex 52.2327 1.24389 4.45
      vertex 52.4206 0.950878 4.45
    endloop
  endfacet
  facet normal 0 0 1
    outer loop
      vertex 53.1056 1.3724 4.45
      vertex 52.4206 0.950878 4.45
      vertex 52.7204 0.768246 4.45
    endloop
  endfacet
  facet normal -0 0 1
    outer loop
      vertex 46.6642 3.84597 4.45
      vertex 47.4646 2.11718 4.45
      vertex 47.4646 3.84597 4.45
    endloop
  endfacet
  facet normal 0 -0 1
    outer loop
      vertex 46.7297 1.37844 4.45
      vertex 47.4646 2.11718 4.45
      vertex 46.6642 1.88932 4.45
    endloop
  endfacet
  facet normal 0 -0 1
    outer loop
      vertex 46.9263 1.00784 4.45
      vertex 47.4646 2.11718 4.45
      vertex 46.7297 1.37844 4.45
    endloop
  endfacet
  facet normal 0 0 1
    outer loop
      vertex 47.4646 2.11718 4.45
      vertex 46.6642 3.84597 4.45
      vertex 46.6642 1.88932 4.45
    endloop
  endfacet
  facet normal 0 0 1
    outer loop
      vertex 47.4646 2.11718 4.45
      vertex 46.9263 1.00784 4.45
      vertex 47.2452 0.782482 4.45
    endloop
  endfacet
  facet normal -0 0 1
    outer loop
      vertex 48.6579 2.19409 4.45
      vertex 49.4582 1.45358 4.45
      vertex 49.4582 3.84597 4.45
    endloop
  endfacet
  facet normal 0 0 1
    outer loop
      vertex 49.4582 1.45358 4.45
      vertex 48.6921 1.12248 4.45
      vertex 48.7177 0.764324 4.45
    endloop
  endfacet
  facet normal 0 0 1
    outer loop
      vertex 49.4582 1.45358 4.45
      vertex 48.6835 1.37667 4.45
      vertex 48.6921 1.12248 4.45
    endloop
  endfacet
  facet normal -0 0 1
    outer loop
      vertex 48.6134 1.83914 4.45
      vertex 49.4582 1.45358 4.45
      vertex 48.6579 2.19409 4.45
    endloop
  endfacet
  facet normal 0 0 1
    outer loop
      vertex 48.6579 2.19409 4.45
      vertex 49.4582 3.84597 4.45
      vertex 48.6579 3.84597 4.45
    endloop
  endfacet
  facet normal 0 0 1
    outer loop
      vertex 49.4582 1.45358 4.45
      vertex 48.6134 1.83914 4.45
      vertex 48.6835 1.37667 4.45
    endloop
  endfacet
  facet normal -0 0 1
    outer loop
      vertex 48.4799 1.55467 4.45
      vertex 48.6835 1.37667 4.45
      vertex 48.6134 1.83914 4.45
    endloop
  endfacet
  facet normal 0 0 1
    outer loop
      vertex 48.6835 1.37667 4.45
      vertex 48.4799 1.55467 4.45
      vertex 48.6693 1.37667 4.45
    endloop
  endfacet
  facet normal 0 0 1
    outer loop
      vertex 48.2738 1.36775 4.45
      vertex 48.6693 1.37667 4.45
      vertex 48.4799 1.55467 4.45
    endloop
  endfacet
  facet normal 0 0 1
    outer loop
      vertex 48.6693 1.37667 4.45
      vertex 48.2738 1.36775 4.45
      vertex 48.4881 1.07406 4.45
    endloop
  endfacet
  facet normal 0 0 1
    outer loop
      vertex 48.2738 1.36775 4.45
      vertex 48.2634 0.866848 4.45
      vertex 48.4881 1.07406 4.45
    endloop
  endfacet
  facet normal -0 0 1
    outer loop
      vertex 48.0114 1.30545 4.45
      vertex 48.2634 0.866848 4.45
      vertex 48.2738 1.36775 4.45
    endloop
  endfacet
  facet normal 0 0 1
    outer loop
      vertex 48.0114 1.30545 4.45
      vertex 47.9939 0.747234 4.45
      vertex 48.2634 0.866848 4.45
    endloop
  endfacet
  facet normal 0 0 1
    outer loop
      vertex 48.0114 1.30545 4.45
      vertex 47.6781 0.707363 4.45
      vertex 47.9939 0.747234 4.45
    endloop
  endfacet
  facet normal 0 0 1
    outer loop
      vertex 47.6013 1.50837 4.45
      vertex 47.6781 0.707363 4.45
      vertex 48.0114 1.30545 4.45
    endloop
  endfacet
  facet normal 0 0 1
    outer loop
      vertex 47.2452 0.782482 4.45
      vertex 47.6013 1.50837 4.45
      vertex 47.4646 2.11718 4.45
    endloop
  endfacet
  facet normal 0 0 1
    outer loop
      vertex 47.6013 1.50837 4.45
      vertex 47.2452 0.782482 4.45
      vertex 47.6781 0.707363 4.45
    endloop
  endfacet
  facet normal 0 0 1
    outer loop
      vertex 49.4639 1.08474 4.45
      vertex 48.7177 0.764324 4.45
      vertex 49.481 0.764324 4.45
    endloop
  endfacet
  facet normal 0 0 1
    outer loop
      vertex 48.7177 0.764324 4.45
      vertex 49.4639 1.08474 4.45
      vertex 49.4582 1.45358 4.45
    endloop
  endfacet
  facet normal 0 -1 0
    outer loop
      vertex 55.5746 4.99093 4.45
      vertex 56.3749 4.99093 5
      vertex 55.5746 4.99093 5
    endloop
  endfacet
  facet normal 0 -1 -0
    outer loop
      vertex 56.3749 4.99093 5
      vertex 55.5746 4.99093 4.45
      vertex 56.3749 4.99093 4.45
    endloop
  endfacet
  facet normal 1 -0 0
    outer loop
      vertex 55.5746 0.764324 5
      vertex 55.5746 4.99093 4.45
      vertex 55.5746 4.99093 5
    endloop
  endfacet
  facet normal 1 0 0
    outer loop
      vertex 55.5746 4.99093 4.45
      vertex 55.5746 0.764324 5
      vertex 55.5746 0.764324 4.45
    endloop
  endfacet
  facet normal 0 1 -0
    outer loop
      vertex 56.3749 0.764324 4.45
      vertex 55.5746 0.764324 5
      vertex 56.3749 0.764324 5
    endloop
  endfacet
  facet normal 0 1 0
    outer loop
      vertex 55.5746 0.764324 5
      vertex 56.3749 0.764324 4.45
      vertex 55.5746 0.764324 4.45
    endloop
  endfacet
  facet normal -1 0 0
    outer loop
      vertex 56.3749 0.764324 4.45
      vertex 56.3749 4.99093 5
      vertex 56.3749 4.99093 4.45
    endloop
  endfacet
  facet normal -1 -0 0
    outer loop
      vertex 56.3749 4.99093 5
      vertex 56.3749 0.764324 4.45
      vertex 56.3749 0.764324 5
    endloop
  endfacet
  facet normal -0.999189 -0.0402708 -2.00352e-18
    outer loop
      vertex 40.1568 3.13108 4.45
      vertex 40.144 3.44867 5
      vertex 40.144 3.44867 4.45
    endloop
  endfacet
  facet normal -0.999189 -0.0402708 -2.00352e-18
    outer loop
      vertex 40.144 3.44867 5
      vertex 40.1568 3.13108 4.45
      vertex 40.1568 3.13108 5
    endloop
  endfacet
  facet normal -0.995554 -0.0941932 2.36861e-18
    outer loop
      vertex 40.144 3.44867 4.45
      vertex 40.1056 3.85453 5
      vertex 40.1056 3.85453 4.45
    endloop
  endfacet
  facet normal -0.995554 -0.0941932 2.36861e-18
    outer loop
      vertex 40.1056 3.85453 5
      vertex 40.144 3.44867 4.45
      vertex 40.144 3.44867 5
    endloop
  endfacet
  facet normal 0.870314 0.492497 3.67087e-16
    outer loop
      vertex 41.8543 0.764324 5
      vertex 40.1056 3.85453 4.45
      vertex 40.1056 3.85453 5
    endloop
  endfacet
  facet normal 0.870314 0.492497 3.67087e-16
    outer loop
      vertex 40.1056 3.85453 4.45
      vertex 41.8543 0.764324 5
      vertex 41.8543 0.764324 4.45
    endloop
  endfacet
  facet normal 0 1 -0
    outer loop
      vertex 42.8398 0.764324 4.45
      vertex 41.8543 0.764324 5
      vertex 42.8398 0.764324 5
    endloop
  endfacet
  facet normal 0 1 0
    outer loop
      vertex 41.8543 0.764324 5
      vertex 42.8398 0.764324 4.45
      vertex 41.8543 0.764324 4.45
    endloop
  endfacet
  facet normal -1 0 0
    outer loop
      vertex 42.8398 0.764324 4.45
      vertex 42.8398 4.77732 5
      vertex 42.8398 4.77732 4.45
    endloop
  endfacet
  facet normal -1 -0 0
    outer loop
      vertex 42.8398 4.77732 5
      vertex 42.8398 0.764324 4.45
      vertex 42.8398 0.764324 5
    endloop
  endfacet
  facet normal 0 -1 0
    outer loop
      vertex 42.0936 4.77732 4.45
      vertex 42.8398 4.77732 5
      vertex 42.0936 4.77732 5
    endloop
  endfacet
  facet normal 0 -1 -0
    outer loop
      vertex 42.8398 4.77732 5
      vertex 42.0936 4.77732 4.45
      vertex 42.8398 4.77732 4.45
    endloop
  endfacet
  facet normal 1 -0 0
    outer loop
      vertex 42.0936 2.4447 5
      vertex 42.0936 4.77732 4.45
      vertex 42.0936 4.77732 5
    endloop
  endfacet
  facet normal 1 0 0
    outer loop
      vertex 42.0936 4.77732 4.45
      vertex 42.0936 2.4447 5
      vertex 42.0936 2.4447 4.45
    endloop
  endfacet
  facet normal 0.99941 0.0343532 1.39705e-18
    outer loop
      vertex 42.1064 2.07232 5
      vertex 42.0936 2.4447 4.45
      vertex 42.0936 2.4447 5
    endloop
  endfacet
  facet normal 0.99941 0.0343532 1.39705e-18
    outer loop
      vertex 42.0936 2.4447 4.45
      vertex 42.1064 2.07232 5
      vertex 42.1064 2.07232 4.45
    endloop
  endfacet
  facet normal 0.99566 0.0930614 1.41827e-18
    outer loop
      vertex 42.1448 1.66148 5
      vertex 42.1064 2.07232 4.45
      vertex 42.1064 2.07232 5
    endloop
  endfacet
  facet normal 0.99566 0.0930614 1.41827e-18
    outer loop
      vertex 42.1064 2.07232 4.45
      vertex 42.1448 1.66148 5
      vertex 42.1448 1.66148 4.45
    endloop
  endfacet
  facet normal -0.868973 -0.49486 -9.78585e-17
    outer loop
      vertex 42.1448 1.66148 4.45
      vertex 40.3704 4.77732 5
      vertex 40.3704 4.77732 4.45
    endloop
  endfacet
  facet normal -0.868973 -0.49486 -9.78585e-17
    outer loop
      vertex 40.3704 4.77732 5
      vertex 42.1448 1.66148 4.45
      vertex 42.1448 1.66148 5
    endloop
  endfacet
  facet normal 0 -1 0
    outer loop
      vertex 39.4106 4.77732 4.45
      vertex 40.3704 4.77732 5
      vertex 39.4106 4.77732 5
    endloop
  endfacet
  facet normal 0 -1 -0
    outer loop
      vertex 40.3704 4.77732 5
      vertex 39.4106 4.77732 4.45
      vertex 40.3704 4.77732 4.45
    endloop
  endfacet
  facet normal 1 -0 0
    outer loop
      vertex 39.4106 0.764324 5
      vertex 39.4106 4.77732 4.45
      vertex 39.4106 4.77732 5
    endloop
  endfacet
  facet normal 1 0 0
    outer loop
      vertex 39.4106 4.77732 4.45
      vertex 39.4106 0.764324 5
      vertex 39.4106 0.764324 4.45
    endloop
  endfacet
  facet normal 0 1 -0
    outer loop
      vertex 40.1568 0.764324 4.45
      vertex 39.4106 0.764324 5
      vertex 40.1568 0.764324 5
    endloop
  endfacet
  facet normal 0 1 0
    outer loop
      vertex 39.4106 0.764324 5
      vertex 40.1568 0.764324 4.45
      vertex 39.4106 0.764324 4.45
    endloop
  endfacet
  facet normal -1 0 0
    outer loop
      vertex 40.1568 0.764324 4.45
      vertex 40.1568 3.13108 5
      vertex 40.1568 3.13108 4.45
    endloop
  endfacet
  facet normal -1 -0 0
    outer loop
      vertex 40.1568 3.13108 5
      vertex 40.1568 0.764324 4.45
      vertex 40.1568 0.764324 5
    endloop
  endfacet
  facet normal -0.995067 0.0992039 -3.45224e-18
    outer loop
      vertex 50.9899 2.27665 4.45
      vertex 51.0315 2.69392 5
      vertex 51.0315 2.69392 4.45
    endloop
  endfacet
  facet normal -0.995067 0.0992039 -3.45224e-18
    outer loop
      vertex 51.0315 2.69392 5
      vertex 50.9899 2.27665 4.45
      vertex 50.9899 2.27665 5
    endloop
  endfacet
  facet normal -0.923286 0.384113 0
    outer loop
      vertex 51.0315 2.69392 4.45
      vertex 51.1565 2.99438 5
      vertex 51.1565 2.99438 4.45
    endloop
  endfacet
  facet normal -0.923286 0.384113 0
    outer loop
      vertex 51.1565 2.99438 5
      vertex 51.0315 2.69392 4.45
      vertex 51.0315 2.69392 5
    endloop
  endfacet
  facet normal -0.672723 0.739895 0
    outer loop
      vertex 51.3562 3.17595 4.45
      vertex 51.1565 2.99438 5
      vertex 51.3562 3.17595 5
    endloop
  endfacet
  facet normal -0.672723 0.739895 0
    outer loop
      vertex 51.1565 2.99438 5
      vertex 51.3562 3.17595 4.45
      vertex 51.1565 2.99438 4.45
    endloop
  endfacet
  facet normal -0.221894 0.975071 0
    outer loop
      vertex 51.6221 3.23646 4.45
      vertex 51.3562 3.17595 5
      vertex 51.6221 3.23646 5
    endloop
  endfacet
  facet normal -0.221894 0.975071 0
    outer loop
      vertex 51.3562 3.17595 5
      vertex 51.6221 3.23646 4.45
      vertex 51.3562 3.17595 4.45
    endloop
  endfacet
  facet normal 0.0668096 0.997766 -0
    outer loop
      vertex 51.7816 3.22578 4.45
      vertex 51.6221 3.23646 5
      vertex 51.7816 3.22578 5
    endloop
  endfacet
  facet normal 0.0668096 0.997766 0
    outer loop
      vertex 51.6221 3.23646 5
      vertex 51.7816 3.22578 4.45
      vertex 51.6221 3.23646 4.45
    endloop
  endfacet
  facet normal 0.173049 0.984913 -0
    outer loop
      vertex 51.9639 3.19375 4.45
      vertex 51.7816 3.22578 5
      vertex 51.9639 3.19375 5
    endloop
  endfacet
  facet normal 0.173049 0.984913 0
    outer loop
      vertex 51.7816 3.22578 5
      vertex 51.9639 3.19375 4.45
      vertex 51.7816 3.22578 4.45
    endloop
  endfacet
  facet normal -1 0 0
    outer loop
      vertex 51.9639 3.19375 4.45
      vertex 51.9639 3.86306 5
      vertex 51.9639 3.86306 4.45
    endloop
  endfacet
  facet normal -1 -0 0
    outer loop
      vertex 51.9639 3.86306 5
      vertex 51.9639 3.19375 4.45
      vertex 51.9639 3.19375 5
    endloop
  endfacet
  facet normal -0.282171 -0.959364 0
    outer loop
      vertex 51.855 3.89509 4.45
      vertex 51.9639 3.86306 5
      vertex 51.855 3.89509 5
    endloop
  endfacet
  facet normal -0.282171 -0.959364 -0
    outer loop
      vertex 51.9639 3.86306 5
      vertex 51.855 3.89509 4.45
      vertex 51.9639 3.86306 4.45
    endloop
  endfacet
  facet normal -0.0766636 -0.997057 0
    outer loop
      vertex 51.7161 3.90577 4.45
      vertex 51.855 3.89509 5
      vertex 51.7161 3.90577 5
    endloop
  endfacet
  facet normal -0.0766636 -0.997057 -0
    outer loop
      vertex 51.855 3.89509 5
      vertex 51.7161 3.90577 4.45
      vertex 51.855 3.89509 4.45
    endloop
  endfacet
  facet normal 0.0925781 -0.995705 0
    outer loop
      vertex 51.5438 3.88975 4.45
      vertex 51.7161 3.90577 5
      vertex 51.5438 3.88975 5
    endloop
  endfacet
  facet normal 0.0925781 -0.995705 0
    outer loop
      vertex 51.7161 3.90577 5
      vertex 51.5438 3.88975 4.45
      vertex 51.7161 3.90577 4.45
    endloop
  endfacet
  facet normal 0.322625 -0.946527 0
    outer loop
      vertex 51.4028 3.84169 4.45
      vertex 51.5438 3.88975 5
      vertex 51.4028 3.84169 5
    endloop
  endfacet
  facet normal 0.322625 -0.946527 0
    outer loop
      vertex 51.5438 3.88975 5
      vertex 51.4028 3.84169 4.45
      vertex 51.5438 3.88975 4.45
    endloop
  endfacet
  facet normal 0.571005 -0.820947 0
    outer loop
      vertex 51.2861 3.76052 4.45
      vertex 51.4028 3.84169 5
      vertex 51.2861 3.76052 5
    endloop
  endfacet
  facet normal 0.571005 -0.820947 0
    outer loop
      vertex 51.4028 3.84169 5
      vertex 51.2861 3.76052 4.45
      vertex 51.4028 3.84169 4.45
    endloop
  endfacet
  facet normal 0.756565 -0.653919 -2.68688e-18
    outer loop
      vertex 51.1864 3.64517 5
      vertex 51.2861 3.76052 4.45
      vertex 51.2861 3.76052 5
    endloop
  endfacet
  facet normal 0.756565 -0.653919 -2.68688e-18
    outer loop
      vertex 51.2861 3.76052 4.45
      vertex 51.1864 3.64517 5
      vertex 51.1864 3.64517 4.45
    endloop
  endfacet
  facet normal 0.87964 -0.475639 -1.29691e-17
    outer loop
      vertex 51.0888 3.46467 5
      vertex 51.1864 3.64517 4.45
      vertex 51.1864 3.64517 5
    endloop
  endfacet
  facet normal 0.87964 -0.475639 -1.29691e-17
    outer loop
      vertex 51.1864 3.64517 4.45
      vertex 51.0888 3.46467 5
      vertex 51.0888 3.46467 4.45
    endloop
  endfacet
  facet normal 0.928764 -0.370673 4.86057e-19
    outer loop
      vertex 50.9784 3.18805 5
      vertex 51.0888 3.46467 4.45
      vertex 51.0888 3.46467 5
    endloop
  endfacet
  facet normal 0.928764 -0.370673 4.86057e-19
    outer loop
      vertex 51.0888 3.46467 4.45
      vertex 50.9784 3.18805 5
      vertex 50.9784 3.18805 4.45
    endloop
  endfacet
  facet normal 0 -1 0
    outer loop
      vertex 50.9671 3.18805 4.45
      vertex 50.9784 3.18805 5
      vertex 50.9671 3.18805 5
    endloop
  endfacet
  facet normal 0 -1 -0
    outer loop
      vertex 50.9784 3.18805 5
      vertex 50.9671 3.18805 4.45
      vertex 50.9784 3.18805 4.45
    endloop
  endfacet
  facet normal -0.999612 -0.0278422 3.49506e-19
    outer loop
      vertex 50.9671 3.18805 4.45
      vertex 50.9635 3.3173 5
      vertex 50.9635 3.3173 4.45
    endloop
  endfacet
  facet normal -0.999612 -0.0278422 3.49506e-19
    outer loop
      vertex 50.9635 3.3173 5
      vertex 50.9671 3.18805 4.45
      vertex 50.9671 3.18805 5
    endloop
  endfacet
  facet normal -0.998784 -0.049292 -1.37281e-18
    outer loop
      vertex 50.9635 3.3173 4.45
      vertex 50.9528 3.53411 5
      vertex 50.9528 3.53411 4.45
    endloop
  endfacet
  facet normal -0.998784 -0.049292 -1.37281e-18
    outer loop
      vertex 50.9528 3.53411 5
      vertex 50.9635 3.3173 4.45
      vertex 50.9635 3.3173 5
    endloop
  endfacet
  facet normal -0.998117 -0.0613429 -1.04436e-18
    outer loop
      vertex 50.9528 3.53411 4.45
      vertex 50.94 3.74238 5
      vertex 50.94 3.74238 4.45
    endloop
  endfacet
  facet normal -0.998117 -0.0613429 -1.04436e-18
    outer loop
      vertex 50.94 3.74238 5
      vertex 50.9528 3.53411 4.45
      vertex 50.9528 3.53411 5
    endloop
  endfacet
  facet normal -0.995373 -0.0960877 -1.60929e-19
    outer loop
      vertex 50.94 3.74238 4.45
      vertex 50.93 3.84597 5
      vertex 50.93 3.84597 4.45
    endloop
  endfacet
  facet normal -0.995373 -0.0960877 -1.60929e-19
    outer loop
      vertex 50.93 3.84597 5
      vertex 50.94 3.74238 4.45
      vertex 50.94 3.74238 5
    endloop
  endfacet
  facet normal 0 -1 0
    outer loop
      vertex 50.1667 3.84597 4.45
      vertex 50.93 3.84597 5
      vertex 50.1667 3.84597 5
    endloop
  endfacet
  facet normal 0 -1 -0
    outer loop
      vertex 50.93 3.84597 5
      vertex 50.1667 3.84597 4.45
      vertex 50.93 3.84597 4.45
    endloop
  endfacet
  facet normal 0.998304 0.0582143 -5.86301e-19
    outer loop
      vertex 50.1749 3.70535 5
      vertex 50.1667 3.84597 4.45
      vertex 50.1667 3.84597 5
    endloop
  endfacet
  facet normal 0.998304 0.0582143 -5.86301e-19
    outer loop
      vertex 50.1667 3.84597 4.45
      vertex 50.1749 3.70535 5
      vertex 50.1749 3.70535 4.45
    endloop
  endfacet
  facet normal 0.998901 0.0468674 -3.98186e-19
    outer loop
      vertex 50.1824 3.5455 5
      vertex 50.1749 3.70535 4.45
      vertex 50.1749 3.70535 5
    endloop
  endfacet
  facet normal 0.998901 0.0468674 -3.98186e-19
    outer loop
      vertex 50.1749 3.70535 4.45
      vertex 50.1824 3.5455 5
      vertex 50.1824 3.5455 4.45
    endloop
  endfacet
  facet normal 0.999613 0.0278166 -6.97148e-20
    outer loop
      vertex 50.1877 3.35504 5
      vertex 50.1824 3.5455 4.45
      vertex 50.1824 3.5455 5
    endloop
  endfacet
  facet normal 0.999613 0.0278166 -6.97148e-20
    outer loop
      vertex 50.1824 3.5455 4.45
      vertex 50.1877 3.35504 5
      vertex 50.1877 3.35504 4.45
    endloop
  endfacet
  facet normal 0.99997 0.00774204 -1.03086e-19
    outer loop
      vertex 50.1895 3.12255 5
      vertex 50.1877 3.35504 4.45
      vertex 50.1877 3.35504 5
    endloop
  endfacet
  facet normal 0.99997 0.00774204 -1.03086e-19
    outer loop
      vertex 50.1877 3.35504 4.45
      vertex 50.1895 3.12255 5
      vertex 50.1895 3.12255 4.45
    endloop
  endfacet
  facet normal 1 -0 0
    outer loop
      vertex 50.1895 0.764324 5
      vertex 50.1895 3.12255 4.45
      vertex 50.1895 3.12255 5
    endloop
  endfacet
  facet normal 1 0 0
    outer loop
      vertex 50.1895 3.12255 4.45
      vertex 50.1895 0.764324 5
      vertex 50.1895 0.764324 4.45
    endloop
  endfacet
  facet normal 0 1 -0
    outer loop
      vertex 50.9899 0.764324 4.45
      vertex 50.1895 0.764324 5
      vertex 50.9899 0.764324 5
    endloop
  endfacet
  facet normal 0 1 0
    outer loop
      vertex 50.1895 0.764324 5
      vertex 50.9899 0.764324 4.45
      vertex 50.1895 0.764324 4.45
    endloop
  endfacet
  facet normal -1 0 0
    outer loop
      vertex 50.9899 0.764324 4.45
      vertex 50.9899 2.27665 5
      vertex 50.9899 2.27665 4.45
    endloop
  endfacet
  facet normal -1 -0 0
    outer loop
      vertex 50.9899 2.27665 5
      vertex 50.9899 0.764324 4.45
      vertex 50.9899 0.764324 5
    endloop
  endfacet
  facet normal -0.784583 0.620024 -4.39592e-17
    outer loop
      vertex 45.6371 0.916698 4.45
      vertex 46.1334 1.54472 5
      vertex 46.1334 1.54472 4.45
    endloop
  endfacet
  facet normal -0.784583 0.620024 -4.39592e-17
    outer loop
      vertex 46.1334 1.54472 5
      vertex 45.6371 0.916698 4.45
      vertex 45.6371 0.916698 5
    endloop
  endfacet
  facet normal -0.0864269 -0.996258 0
    outer loop
      vertex 45.3786 1.6102 4.45
      vertex 46.1334 1.54472 5
      vertex 45.3786 1.6102 5
    endloop
  endfacet
  facet normal -0.0864269 -0.996258 -0
    outer loop
      vertex 46.1334 1.54472 5
      vertex 45.3786 1.6102 4.45
      vertex 46.1334 1.54472 4.45
    endloop
  endfacet
  facet normal 0.824219 -0.566271 -1.73589e-17
    outer loop
      vertex 45.1893 1.33467 5
      vertex 45.3786 1.6102 4.45
      vertex 45.3786 1.6102 5
    endloop
  endfacet
  facet normal 0.824219 -0.566271 -1.73589e-17
    outer loop
      vertex 45.3786 1.6102 4.45
      vertex 45.1893 1.33467 5
      vertex 45.1893 1.33467 4.45
    endloop
  endfacet
  facet normal 0.256507 -0.966542 0
    outer loop
      vertex 44.8432 1.24282 4.45
      vertex 45.1893 1.33467 5
      vertex 44.8432 1.24282 5
    endloop
  endfacet
  facet normal 0.256507 -0.966542 0
    outer loop
      vertex 45.1893 1.33467 5
      vertex 44.8432 1.24282 4.45
      vertex 45.1893 1.33467 4.45
    endloop
  endfacet
  facet normal -0.205989 -0.978554 0
    outer loop
      vertex 44.5709 1.30014 4.45
      vertex 44.8432 1.24282 5
      vertex 44.5709 1.30014 5
    endloop
  endfacet
  facet normal -0.205989 -0.978554 -0
    outer loop
      vertex 44.8432 1.24282 5
      vertex 44.5709 1.30014 4.45
      vertex 44.8432 1.24282 4.45
    endloop
  endfacet
  facet normal -0.648316 -0.761371 0
    outer loop
      vertex 44.369 1.47206 4.45
      vertex 44.5709 1.30014 5
      vertex 44.369 1.47206 5
    endloop
  endfacet
  facet normal -0.648316 -0.761371 -0
    outer loop
      vertex 44.5709 1.30014 5
      vertex 44.369 1.47206 4.45
      vertex 44.5709 1.30014 4.45
    endloop
  endfacet
  facet normal -0.915513 -0.402289 0
    outer loop
      vertex 44.369 1.47206 4.45
      vertex 44.244 1.75653 5
      vertex 44.244 1.75653 4.45
    endloop
  endfacet
  facet normal -0.915513 -0.402289 0
    outer loop
      vertex 44.244 1.75653 5
      vertex 44.369 1.47206 4.45
      vertex 44.369 1.47206 5
    endloop
  endfacet
  facet normal -0.994495 -0.104782 -2.18781e-18
    outer loop
      vertex 44.244 1.75653 4.45
      vertex 44.2024 2.15136 5
      vertex 44.2024 2.15136 4.45
    endloop
  endfacet
  facet normal -0.994495 -0.104782 -2.18781e-18
    outer loop
      vertex 44.2024 2.15136 5
      vertex 44.244 1.75653 4.45
      vertex 44.244 1.75653 5
    endloop
  endfacet
  facet normal 0 1 -0
    outer loop
      vertex 46.179 2.15136 4.45
      vertex 44.2024 2.15136 5
      vertex 46.179 2.15136 5
    endloop
  endfacet
  facet normal 0 1 0
    outer loop
      vertex 44.2024 2.15136 5
      vertex 46.179 2.15136 4.45
      vertex 44.2024 2.15136 4.45
    endloop
  endfacet
  facet normal -1 0 0
    outer loop
      vertex 46.179 2.15136 4.45
      vertex 46.179 2.17413 5
      vertex 46.179 2.17413 4.45
    endloop
  endfacet
  facet normal -1 -0 0
    outer loop
      vertex 46.179 2.17413 5
      vertex 46.179 2.15136 4.45
      vertex 46.179 2.15136 5
    endloop
  endfacet
  facet normal -0.993186 -0.11654 8.1626e-18
    outer loop
      vertex 46.179 2.17413 4.45
      vertex 46.0914 2.92068 5
      vertex 46.0914 2.92068 4.45
    endloop
  endfacet
  facet normal -0.993186 -0.11654 8.1626e-18
    outer loop
      vertex 46.0914 2.92068 5
      vertex 46.179 2.17413 4.45
      vertex 46.179 2.17413 5
    endloop
  endfacet
  facet normal -0.899938 -0.436019 -4.13479e-17
    outer loop
      vertex 46.0914 2.92068 4.45
      vertex 45.8287 3.46289 5
      vertex 45.8287 3.46289 4.45
    endloop
  endfacet
  facet normal -0.899938 -0.436019 -4.13479e-17
    outer loop
      vertex 45.8287 3.46289 5
      vertex 46.0914 2.92068 4.45
      vertex 46.0914 2.92068 5
    endloop
  endfacet
  facet normal -0.610014 -0.792391 0
    outer loop
      vertex 45.4 3.79292 4.45
      vertex 45.8287 3.46289 5
      vertex 45.4 3.79292 5
    endloop
  endfacet
  facet normal -0.610014 -0.792391 -0
    outer loop
      vertex 45.8287 3.46289 5
      vertex 45.4 3.79292 4.45
      vertex 45.8287 3.46289 4.45
    endloop
  endfacet
  facet normal -0.184704 -0.982794 0
    outer loop
      vertex 44.8147 3.90292 4.45
      vertex 45.4 3.79292 5
      vertex 44.8147 3.90292 5
    endloop
  endfacet
  facet normal -0.184704 -0.982794 -0
    outer loop
      vertex 45.4 3.79292 5
      vertex 44.8147 3.90292 4.45
      vertex 45.4 3.79292 4.45
    endloop
  endfacet
  facet normal 0.164196 -0.986428 0
    outer loop
      vertex 44.1988 3.8004 4.45
      vertex 44.8147 3.90292 5
      vertex 44.1988 3.8004 5
    endloop
  endfacet
  facet normal 0.164196 -0.986428 0
    outer loop
      vertex 44.8147 3.90292 5
      vertex 44.1988 3.8004 4.45
      vertex 44.8147 3.90292 4.45
    endloop
  endfacet
  facet normal 0.557722 -0.830028 0
    outer loop
      vertex 43.741 3.49279 4.45
      vertex 44.1988 3.8004 5
      vertex 43.741 3.49279 5
    endloop
  endfacet
  facet normal 0.557722 -0.830028 0
    outer loop
      vertex 44.1988 3.8004 5
      vertex 43.741 3.49279 4.45
      vertex 44.1988 3.8004 4.45
    endloop
  endfacet
  facet normal 0.868773 -0.495211 -3.65516e-17
    outer loop
      vertex 43.4569 2.99438 5
      vertex 43.741 3.49279 4.45
      vertex 43.741 3.49279 5
    endloop
  endfacet
  facet normal 0.868773 -0.495211 -3.65516e-17
    outer loop
      vertex 43.741 3.49279 4.45
      vertex 43.4569 2.99438 5
      vertex 43.4569 2.99438 4.45
    endloop
  endfacet
  facet normal 0.990301 -0.138942 -4.89868e-18
    outer loop
      vertex 43.3622 2.31941 5
      vertex 43.4569 2.99438 4.45
      vertex 43.4569 2.99438 5
    endloop
  endfacet
  facet normal 0.990301 -0.138942 -4.89868e-18
    outer loop
      vertex 43.4569 2.99438 4.45
      vertex 43.3622 2.31941 5
      vertex 43.3622 2.31941 4.45
    endloop
  endfacet
  facet normal 0.991099 0.13313 1.04778e-17
    outer loop
      vertex 43.4555 1.62483 5
      vertex 43.3622 2.31941 4.45
      vertex 43.3622 2.31941 5
    endloop
  endfacet
  facet normal 0.991099 0.13313 1.04778e-17
    outer loop
      vertex 43.3622 2.31941 4.45
      vertex 43.4555 1.62483 5
      vertex 43.4555 1.62483 4.45
    endloop
  endfacet
  facet normal 0.875082 0.483975 2.83862e-17
    outer loop
      vertex 43.7353 1.11892 5
      vertex 43.4555 1.62483 4.45
      vertex 43.4555 1.62483 5
    endloop
  endfacet
  facet normal 0.875082 0.483975 2.83862e-17
    outer loop
      vertex 43.4555 1.62483 4.45
      vertex 43.7353 1.11892 5
      vertex 43.7353 1.11892 4.45
    endloop
  endfacet
  facet normal 0.562583 0.826741 -0
    outer loop
      vertex 44.1889 0.810253 4.45
      vertex 43.7353 1.11892 5
      vertex 44.1889 0.810253 5
    endloop
  endfacet
  facet normal 0.562583 0.826741 0
    outer loop
      vertex 43.7353 1.11892 5
      vertex 44.1889 0.810253 4.45
      vertex 43.7353 1.11892 4.45
    endloop
  endfacet
  facet normal 0.165164 0.986266 -0
    outer loop
      vertex 44.8033 0.707363 4.45
      vertex 44.1889 0.810253 5
      vertex 44.8033 0.707363 5
    endloop
  endfacet
  facet normal 0.165164 0.986266 0
    outer loop
      vertex 44.1889 0.810253 5
      vertex 44.8033 0.707363 4.45
      vertex 44.1889 0.810253 4.45
    endloop
  endfacet
  facet normal -0.243504 0.9699 0
    outer loop
      vertex 45.6371 0.916698 4.45
      vertex 44.8033 0.707363 5
      vertex 45.6371 0.916698 5
    endloop
  endfacet
  facet normal -0.243504 0.9699 0
    outer loop
      vertex 44.8033 0.707363 5
      vertex 45.6371 0.916698 4.45
      vertex 44.8033 0.707363 4.45
    endloop
  endfacet
  facet normal -0.990104 0.140335 2.18553e-19
    outer loop
      vertex 44.2081 2.65265 4.45
      vertex 44.2526 2.96661 5
      vertex 44.2526 2.96661 4.45
    endloop
  endfacet
  facet normal -0.990104 0.140335 2.18553e-19
    outer loop
      vertex 44.2526 2.96661 5
      vertex 44.2081 2.65265 4.45
      vertex 44.2081 2.65265 5
    endloop
  endfacet
  facet normal -0.8966 0.442841 -8.33166e-18
    outer loop
      vertex 44.2526 2.96661 4.45
      vertex 44.369 3.20228 5
      vertex 44.369 3.20228 4.45
    endloop
  endfacet
  facet normal -0.8966 0.442841 -8.33166e-18
    outer loop
      vertex 44.369 3.20228 5
      vertex 44.2526 2.96661 4.45
      vertex 44.2526 2.96661 5
    endloop
  endfacet
  facet normal -0.623611 0.781735 0
    outer loop
      vertex 44.5538 3.3497 4.45
      vertex 44.369 3.20228 5
      vertex 44.5538 3.3497 5
    endloop
  endfacet
  facet normal -0.623611 0.781735 0
    outer loop
      vertex 44.369 3.20228 5
      vertex 44.5538 3.3497 4.45
      vertex 44.369 3.20228 4.45
    endloop
  endfacet
  facet normal -0.193279 0.981144 0
    outer loop
      vertex 44.8033 3.39885 4.45
      vertex 44.5538 3.3497 5
      vertex 44.8033 3.39885 5
    endloop
  endfacet
  facet normal -0.193279 0.981144 0
    outer loop
      vertex 44.5538 3.3497 5
      vertex 44.8033 3.39885 4.45
      vertex 44.5538 3.3497 4.45
    endloop
  endfacet
  facet normal 0.192426 0.981311 -0
    outer loop
      vertex 45.0412 3.3522 4.45
      vertex 44.8033 3.39885 5
      vertex 45.0412 3.3522 5
    endloop
  endfacet
  facet normal 0.192426 0.981311 0
    outer loop
      vertex 44.8033 3.39885 5
      vertex 45.0412 3.3522 4.45
      vertex 44.8033 3.39885 4.45
    endloop
  endfacet
  facet normal 0.606137 0.79536 -0
    outer loop
      vertex 45.2248 3.21228 4.45
      vertex 45.0412 3.3522 5
      vertex 45.2248 3.21228 5
    endloop
  endfacet
  facet normal 0.606137 0.79536 0
    outer loop
      vertex 45.0412 3.3522 5
      vertex 45.2248 3.21228 4.45
      vertex 45.0412 3.3522 4.45
    endloop
  endfacet
  facet normal 0.884193 0.467121 1.14449e-18
    outer loop
      vertex 45.348 2.97908 5
      vertex 45.2248 3.21228 4.45
      vertex 45.2248 3.21228 5
    endloop
  endfacet
  facet normal 0.884193 0.467121 1.14449e-18
    outer loop
      vertex 45.2248 3.21228 4.45
      vertex 45.348 2.97908 5
      vertex 45.348 2.97908 4.45
    endloop
  endfacet
  facet normal 0.985451 0.169963 -3.25447e-18
    outer loop
      vertex 45.4043 2.65265 5
      vertex 45.348 2.97908 4.45
      vertex 45.348 2.97908 5
    endloop
  endfacet
  facet normal 0.985451 0.169963 -3.25447e-18
    outer loop
      vertex 45.348 2.97908 4.45
      vertex 45.4043 2.65265 5
      vertex 45.4043 2.65265 4.45
    endloop
  endfacet
  facet normal 0 -1 0
    outer loop
      vertex 44.2081 2.65265 4.45
      vertex 45.4043 2.65265 5
      vertex 44.2081 2.65265 5
    endloop
  endfacet
  facet normal 0 -1 -0
    outer loop
      vertex 45.4043 2.65265 5
      vertex 44.2081 2.65265 4.45
      vertex 45.4043 2.65265 4.45
    endloop
  endfacet
  facet normal -0.733586 0.679597 1.70836e-17
    outer loop
      vertex 53.7109 0.859035 4.45
      vertex 54.1324 1.31402 5
      vertex 54.1324 1.31402 4.45
    endloop
  endfacet
  facet normal -0.733586 0.679597 1.70836e-17
    outer loop
      vertex 54.1324 1.31402 5
      vertex 53.7109 0.859035 4.45
      vertex 53.7109 0.859035 5
    endloop
  endfacet
  facet normal 0 1 -0
    outer loop
      vertex 54.1494 1.31402 4.45
      vertex 54.1324 1.31402 5
      vertex 54.1494 1.31402 5
    endloop
  endfacet
  facet normal 0 1 0
    outer loop
      vertex 54.1324 1.31402 5
      vertex 54.1494 1.31402 4.45
      vertex 54.1324 1.31402 4.45
    endloop
  endfacet
  facet normal 0.975175 0.221438 1.9012e-19
    outer loop
      vertex 54.2068 1.06124 5
      vertex 54.1494 1.31402 4.45
      vertex 54.1494 1.31402 5
    endloop
  endfacet
  facet normal 0.975175 0.221438 1.9012e-19
    outer loop
      vertex 54.1494 1.31402 4.45
      vertex 54.2068 1.06124 5
      vertex 54.2068 1.06124 4.45
    endloop
  endfacet
  facet normal 0.846728 0.532027 4.47438e-18
    outer loop
      vertex 54.3218 0.878216 5
      vertex 54.2068 1.06124 4.45
      vertex 54.2068 1.06124 5
    endloop
  endfacet
  facet normal 0.846728 0.532027 4.47438e-18
    outer loop
      vertex 54.2068 1.06124 4.45
      vertex 54.3218 0.878216 5
      vertex 54.3218 0.878216 4.45
    endloop
  endfacet
  facet normal 0.518227 0.855243 -0
    outer loop
      vertex 54.5051 0.767147 4.45
      vertex 54.3218 0.878216 5
      vertex 54.5051 0.767147 5
    endloop
  endfacet
  facet normal 0.518227 0.855243 0
    outer loop
      vertex 54.3218 0.878216 5
      vertex 54.5051 0.767147 4.45
      vertex 54.3218 0.878216 4.45
    endloop
  endfacet
  facet normal 0.139691 0.990195 -0
    outer loop
      vertex 54.7675 0.730129 4.45
      vertex 54.5051 0.767147 5
      vertex 54.7675 0.730129 5
    endloop
  endfacet
  facet normal 0.139691 0.990195 0
    outer loop
      vertex 54.5051 0.767147 5
      vertex 54.7675 0.730129 4.45
      vertex 54.5051 0.767147 4.45
    endloop
  endfacet
  facet normal -0.0179122 0.99984 0
    outer loop
      vertex 54.8476 0.731564 4.45
      vertex 54.7675 0.730129 5
      vertex 54.8476 0.731564 5
    endloop
  endfacet
  facet normal -0.0179122 0.99984 0
    outer loop
      vertex 54.7675 0.730129 5
      vertex 54.8476 0.731564 4.45
      vertex 54.7675 0.730129 4.45
    endloop
  endfacet
  facet normal -0.0614399 0.998111 0
    outer loop
      vertex 54.917 0.735836 4.45
      vertex 54.8476 0.731564 5
      vertex 54.917 0.735836 5
    endloop
  endfacet
  facet normal -0.0614399 0.998111 0
    outer loop
      vertex 54.8476 0.731564 5
      vertex 54.917 0.735836 4.45
      vertex 54.8476 0.731564 4.45
    endloop
  endfacet
  facet normal -0.102333 0.99475 0
    outer loop
      vertex 54.9793 0.742245 4.45
      vertex 54.917 0.735836 5
      vertex 54.9793 0.742245 5
    endloop
  endfacet
  facet normal -0.102333 0.99475 0
    outer loop
      vertex 54.917 0.735836 5
      vertex 54.9793 0.742245 4.45
      vertex 54.917 0.735836 4.45
    endloop
  endfacet
  facet normal -0.132213 0.991221 0
    outer loop
      vertex 55.0381 0.750088 4.45
      vertex 54.9793 0.742245 5
      vertex 55.0381 0.750088 5
    endloop
  endfacet
  facet normal -0.132213 0.991221 0
    outer loop
      vertex 54.9793 0.742245 5
      vertex 55.0381 0.750088 4.45
      vertex 54.9793 0.742245 4.45
    endloop
  endfacet
  facet normal -0.172221 0.985058 0
    outer loop
      vertex 55.095 0.760036 4.45
      vertex 55.0381 0.750088 5
      vertex 55.095 0.760036 5
    endloop
  endfacet
  facet normal -0.172221 0.985058 0
    outer loop
      vertex 55.0381 0.750088 5
      vertex 55.095 0.760036 4.45
      vertex 55.0381 0.750088 4.45
    endloop
  endfacet
  facet normal -0.219154 0.97569 0
    outer loop
      vertex 55.152 0.772839 4.45
      vertex 55.095 0.760036 5
      vertex 55.152 0.772839 5
    endloop
  endfacet
  facet normal -0.219154 0.97569 0
    outer loop
      vertex 55.095 0.760036 5
      vertex 55.152 0.772839 4.45
      vertex 55.095 0.760036 4.45
    endloop
  endfacet
  facet normal -0.240406 0.970672 0
    outer loop
      vertex 55.2125 0.787823 4.45
      vertex 55.152 0.772839 5
      vertex 55.2125 0.787823 5
    endloop
  endfacet
  facet normal -0.240406 0.970672 0
    outer loop
      vertex 55.152 0.772839 5
      vertex 55.2125 0.787823 4.45
      vertex 55.152 0.772839 4.45
    endloop
  endfacet
  facet normal -0.234852 0.972031 0
    outer loop
      vertex 55.2802 0.80418 4.45
      vertex 55.2125 0.787823 5
      vertex 55.2802 0.80418 5
    endloop
  endfacet
  facet normal -0.234852 0.972031 0
    outer loop
      vertex 55.2125 0.787823 5
      vertex 55.2802 0.80418 4.45
      vertex 55.2125 0.787823 4.45
    endloop
  endfacet
  facet normal -1 0 0
    outer loop
      vertex 55.2802 0.80418 4.45
      vertex 55.2802 1.23712 5
      vertex 55.2802 1.23712 4.45
    endloop
  endfacet
  facet normal -1 -0 0
    outer loop
      vertex 55.2802 1.23712 5
      vertex 55.2802 0.80418 4.45
      vertex 55.2802 0.80418 5
    endloop
  endfacet
  facet normal 0.145946 -0.989293 0
    outer loop
      vertex 55.1933 1.2243 4.45
      vertex 55.2802 1.23712 5
      vertex 55.1933 1.2243 5
    endloop
  endfacet
  facet normal 0.145946 -0.989293 0
    outer loop
      vertex 55.2802 1.23712 5
      vertex 55.1933 1.2243 4.45
      vertex 55.2802 1.23712 4.45
    endloop
  endfacet
  facet normal 0.0477715 -0.998858 0
    outer loop
      vertex 55.1036 1.22001 4.45
      vertex 55.1933 1.2243 5
      vertex 55.1036 1.22001 5
    endloop
  endfacet
  facet normal 0.0477715 -0.998858 0
    outer loop
      vertex 55.1933 1.2243 5
      vertex 55.1036 1.22001 4.45
      vertex 55.1933 1.2243 4.45
    endloop
  endfacet
  facet normal -0.205349 -0.978689 0
    outer loop
      vertex 54.9865 1.24458 4.45
      vertex 55.1036 1.22001 5
      vertex 54.9865 1.24458 5
    endloop
  endfacet
  facet normal -0.205349 -0.978689 -0
    outer loop
      vertex 55.1036 1.22001 5
      vertex 54.9865 1.24458 4.45
      vertex 55.1036 1.22001 4.45
    endloop
  endfacet
  facet normal -0.686689 -0.726951 0
    outer loop
      vertex 54.9085 1.31826 4.45
      vertex 54.9865 1.24458 5
      vertex 54.9085 1.31826 5
    endloop
  endfacet
  facet normal -0.686689 -0.726951 -0
    outer loop
      vertex 54.9865 1.24458 5
      vertex 54.9085 1.31826 4.45
      vertex 54.9865 1.24458 4.45
    endloop
  endfacet
  facet normal -0.953464 -0.301507 4.00731e-18
    outer loop
      vertex 54.9085 1.31826 4.45
      vertex 54.8647 1.45677 5
      vertex 54.8647 1.45677 4.45
    endloop
  endfacet
  facet normal -0.953464 -0.301507 4.00731e-18
    outer loop
      vertex 54.8647 1.45677 5
      vertex 54.9085 1.31826 4.45
      vertex 54.9085 1.31826 5
    endloop
  endfacet
  facet normal -0.997784 -0.0665341 1.48085e-18
    outer loop
      vertex 54.8647 1.45677 4.45
      vertex 54.8501 1.67572 5
      vertex 54.8501 1.67572 4.45
    endloop
  endfacet
  facet normal -0.997784 -0.0665341 1.48085e-18
    outer loop
      vertex 54.8501 1.67572 5
      vertex 54.8647 1.45677 4.45
      vertex 54.8647 1.45677 5
    endloop
  endfacet
  facet normal -1 0 0
    outer loop
      vertex 54.8501 1.67572 4.45
      vertex 54.8501 2.79788 5
      vertex 54.8501 2.79788 4.45
    endloop
  endfacet
  facet normal -1 -0 0
    outer loop
      vertex 54.8501 2.79788 5
      vertex 54.8501 1.67572 4.45
      vertex 54.8501 1.67572 5
    endloop
  endfacet
  facet normal -0.98612 -0.166031 -1.16262e-17
    outer loop
      vertex 54.8501 2.79788 4.45
      vertex 54.7711 3.26709 5
      vertex 54.7711 3.26709 4.45
    endloop
  endfacet
  facet normal -0.98612 -0.166031 -1.16262e-17
    outer loop
      vertex 54.7711 3.26709 5
      vertex 54.8501 2.79788 4.45
      vertex 54.8501 2.79788 5
    endloop
  endfacet
  facet normal -0.826546 -0.562869 -1.60282e-17
    outer loop
      vertex 54.7711 3.26709 4.45
      vertex 54.534 3.61526 5
      vertex 54.534 3.61526 4.45
    endloop
  endfacet
  facet normal -0.826546 -0.562869 -1.60282e-17
    outer loop
      vertex 54.534 3.61526 5
      vertex 54.7711 3.26709 4.45
      vertex 54.7711 3.26709 5
    endloop
  endfacet
  facet normal -0.490704 -0.871326 0
    outer loop
      vertex 54.1509 3.83101 4.45
      vertex 54.534 3.61526 5
      vertex 54.1509 3.83101 5
    endloop
  endfacet
  facet normal -0.490704 -0.871326 -0
    outer loop
      vertex 54.534 3.61526 5
      vertex 54.1509 3.83101 4.45
      vertex 54.534 3.61526 4.45
    endloop
  endfacet
  facet normal -0.137765 -0.990465 0
    outer loop
      vertex 53.6339 3.90292 4.45
      vertex 54.1509 3.83101 5
      vertex 53.6339 3.90292 5
    endloop
  endfacet
  facet normal -0.137765 -0.990465 -0
    outer loop
      vertex 54.1509 3.83101 5
      vertex 53.6339 3.90292 4.45
      vertex 54.1509 3.83101 4.45
    endloop
  endfacet
  facet normal 0.111479 -0.993767 0
    outer loop
      vertex 53.1166 3.84489 4.45
      vertex 53.6339 3.90292 5
      vertex 53.1166 3.84489 5
    endloop
  endfacet
  facet normal 0.111479 -0.993767 0
    outer loop
      vertex 53.6339 3.90292 5
      vertex 53.1166 3.84489 4.45
      vertex 53.6339 3.90292 4.45
    endloop
  endfacet
  facet normal 0.402894 -0.915247 0
    outer loop
      vertex 52.7211 3.67079 4.45
      vertex 53.1166 3.84489 5
      vertex 52.7211 3.67079 5
    endloop
  endfacet
  facet normal 0.402894 -0.915247 0
    outer loop
      vertex 53.1166 3.84489 5
      vertex 52.7211 3.67079 4.45
      vertex 53.1166 3.84489 4.45
    endloop
  endfacet
  facet normal 0.727571 -0.686033 -2.94359e-17
    outer loop
      vertex 52.4509 3.38423 5
      vertex 52.7211 3.67079 4.45
      vertex 52.7211 3.67079 5
    endloop
  endfacet
  facet normal 0.727571 -0.686033 -2.94359e-17
    outer loop
      vertex 52.7211 3.67079 4.45
      vertex 52.4509 3.38423 5
      vertex 52.4509 3.38423 4.45
    endloop
  endfacet
  facet normal 0.941712 -0.336419 -1.17775e-17
    outer loop
      vertex 52.3096 2.9887 5
      vertex 52.4509 3.38423 4.45
      vertex 52.4509 3.38423 5
    endloop
  endfacet
  facet normal 0.941712 -0.336419 -1.17775e-17
    outer loop
      vertex 52.4509 3.38423 4.45
      vertex 52.3096 2.9887 5
      vertex 52.3096 2.9887 4.45
    endloop
  endfacet
  facet normal 0.0477585 0.998859 -0
    outer loop
      vertex 53.1441 2.9488 4.45
      vertex 52.3096 2.9887 5
      vertex 53.1441 2.9488 5
    endloop
  endfacet
  facet normal 0.0477585 0.998859 0
    outer loop
      vertex 52.3096 2.9887 5
      vertex 53.1441 2.9488 4.45
      vertex 52.3096 2.9887 4.45
    endloop
  endfacet
  facet normal -0.975509 0.219959 -7.07478e-18
    outer loop
      vertex 53.1441 2.9488 4.45
      vertex 53.1893 3.14926 5
      vertex 53.1893 3.14926 4.45
    endloop
  endfacet
  facet normal -0.975509 0.219959 -7.07478e-18
    outer loop
      vertex 53.1893 3.14926 5
      vertex 53.1441 2.9488 4.45
      vertex 53.1441 2.9488 5
    endloop
  endfacet
  facet normal -0.846507 0.532378 -8.76238e-18
    outer loop
      vertex 53.1893 3.14926 4.45
      vertex 53.2737 3.28346 5
      vertex 53.2737 3.28346 4.45
    endloop
  endfacet
  facet normal -0.846507 0.532378 -8.76238e-18
    outer loop
      vertex 53.2737 3.28346 5
      vertex 53.1893 3.14926 4.45
      vertex 53.1893 3.14926 5
    endloop
  endfacet
  facet normal -0.493998 0.869463 0
    outer loop
      vertex 53.4072 3.35931 4.45
      vertex 53.2737 3.28346 5
      vertex 53.4072 3.35931 5
    endloop
  endfacet
  facet normal -0.493998 0.869463 0
    outer loop
      vertex 53.2737 3.28346 5
      vertex 53.4072 3.35931 4.45
      vertex 53.2737 3.28346 4.45
    endloop
  endfacet
  facet normal -0.13014 0.991496 0
    outer loop
      vertex 53.5998 3.38459 4.45
      vertex 53.4072 3.35931 5
      vertex 53.5998 3.38459 5
    endloop
  endfacet
  facet normal -0.13014 0.991496 0
    outer loop
      vertex 53.4072 3.35931 5
      vertex 53.5998 3.38459 4.45
      vertex 53.4072 3.35931 4.45
    endloop
  endfacet
  facet normal 0.175373 0.984502 -0
    outer loop
      vertex 53.8056 3.34793 4.45
      vertex 53.5998 3.38459 5
      vertex 53.8056 3.34793 5
    endloop
  endfacet
  facet normal 0.175373 0.984502 0
    outer loop
      vertex 53.5998 3.38459 5
      vertex 53.8056 3.34793 4.45
      vertex 53.5998 3.38459 4.45
    endloop
  endfacet
  facet normal 0.621212 0.783643 -0
    outer loop
      vertex 53.9444 3.2379 4.45
      vertex 53.8056 3.34793 5
      vertex 53.9444 3.2379 5
    endloop
  endfacet
  facet normal 0.621212 0.783643 0
    outer loop
      vertex 53.8056 3.34793 5
      vertex 53.9444 3.2379 4.45
      vertex 53.8056 3.34793 4.45
    endloop
  endfacet
  facet normal 0.920018 0.391877 1.56608e-18
    outer loop
      vertex 54.0234 3.05243 5
      vertex 53.9444 3.2379 4.45
      vertex 53.9444 3.2379 5
    endloop
  endfacet
  facet normal 0.920018 0.391877 1.56608e-18
    outer loop
      vertex 53.9444 3.2379 4.45
      vertex 54.0234 3.05243 5
      vertex 54.0234 3.05243 4.45
    endloop
  endfacet
  facet normal 0.995003 0.0998482 1.8872e-18
    outer loop
      vertex 54.0498 2.78935 5
      vertex 54.0234 3.05243 4.45
      vertex 54.0234 3.05243 5
    endloop
  endfacet
  facet normal 0.995003 0.0998482 1.8872e-18
    outer loop
      vertex 54.0234 3.05243 4.45
      vertex 54.0498 2.78935 5
      vertex 54.0498 2.78935 4.45
    endloop
  endfacet
  facet normal 1 -0 0
    outer loop
      vertex 54.0498 2.63269 5
      vertex 54.0498 2.78935 4.45
      vertex 54.0498 2.78935 5
    endloop
  endfacet
  facet normal 1 0 0
    outer loop
      vertex 54.0498 2.78935 4.45
      vertex 54.0498 2.63269 5
      vertex 54.0498 2.63269 4.45
    endloop
  endfacet
  facet normal 0.0171614 -0.999853 0
    outer loop
      vertex 53.3862 2.6213 4.45
      vertex 54.0498 2.63269 5
      vertex 53.3862 2.6213 5
    endloop
  endfacet
  facet normal 0.0171614 -0.999853 0
    outer loop
      vertex 54.0498 2.63269 5
      vertex 53.3862 2.6213 4.45
      vertex 54.0498 2.63269 4.45
    endloop
  endfacet
  facet normal 0.127124 -0.991887 0
    outer loop
      vertex 52.8639 2.55436 4.45
      vertex 53.3862 2.6213 5
      vertex 52.8639 2.55436 5
    endloop
  endfacet
  facet normal 0.127124 -0.991887 0
    outer loop
      vertex 53.3862 2.6213 5
      vertex 52.8639 2.55436 4.45
      vertex 53.3862 2.6213 4.45
    endloop
  endfacet
  facet normal 0.444247 -0.895905 0
    outer loop
      vertex 52.4819 2.36494 4.45
      vertex 52.8639 2.55436 5
      vertex 52.4819 2.36494 5
    endloop
  endfacet
  facet normal 0.444247 -0.895905 0
    outer loop
      vertex 52.8639 2.55436 5
      vertex 52.4819 2.36494 4.45
      vertex 52.8639 2.55436 4.45
    endloop
  endfacet
  facet normal 0.795979 -0.605324 9.27851e-18
    outer loop
      vertex 52.248 2.05737 5
      vertex 52.4819 2.36494 4.45
      vertex 52.4819 2.36494 5
    endloop
  endfacet
  facet normal 0.795979 -0.605324 9.27851e-18
    outer loop
      vertex 52.4819 2.36494 4.45
      vertex 52.248 2.05737 5
      vertex 52.248 2.05737 4.45
    endloop
  endfacet
  facet normal 0.983306 -0.18196 -5.24531e-18
    outer loop
      vertex 52.17 1.63586 5
      vertex 52.248 2.05737 4.45
      vertex 52.248 2.05737 5
    endloop
  endfacet
  facet normal 0.983306 -0.18196 -5.24531e-18
    outer loop
      vertex 52.248 2.05737 4.45
      vertex 52.17 1.63586 5
      vertex 52.17 1.63586 4.45
    endloop
  endfacet
  facet normal 0.987447 0.157953 -5.74196e-18
    outer loop
      vertex 52.2327 1.24389 5
      vertex 52.17 1.63586 4.45
      vertex 52.17 1.63586 5
    endloop
  endfacet
  facet normal 0.987447 0.157953 -5.74196e-18
    outer loop
      vertex 52.17 1.63586 4.45
      vertex 52.2327 1.24389 5
      vertex 52.2327 1.24389 4.45
    endloop
  endfacet
  facet normal 0.841785 0.539812 -1.07601e-17
    outer loop
      vertex 52.4206 0.950878 5
      vertex 52.2327 1.24389 4.45
      vertex 52.2327 1.24389 5
    endloop
  endfacet
  facet normal 0.841785 0.539812 -1.07601e-17
    outer loop
      vertex 52.2327 1.24389 4.45
      vertex 52.4206 0.950878 5
      vertex 52.4206 0.950878 4.45
    endloop
  endfacet
  facet normal 0.520248 0.854015 -0
    outer loop
      vertex 52.7204 0.768246 4.45
      vertex 52.4206 0.950878 5
      vertex 52.7204 0.768246 5
    endloop
  endfacet
  facet normal 0.520248 0.854015 0
    outer loop
      vertex 52.4206 0.950878 5
      vertex 52.7204 0.768246 4.45
      vertex 52.4206 0.950878 4.45
    endloop
  endfacet
  facet normal 0.151213 0.988501 -0
    outer loop
      vertex 53.1184 0.707363 4.45
      vertex 52.7204 0.768246 5
      vertex 53.1184 0.707363 5
    endloop
  endfacet
  facet normal 0.151213 0.988501 0
    outer loop
      vertex 52.7204 0.768246 5
      vertex 53.1184 0.707363 4.45
      vertex 52.7204 0.768246 4.45
    endloop
  endfacet
  facet normal -0.24799 0.968763 0
    outer loop
      vertex 53.7109 0.859035 4.45
      vertex 53.1184 0.707363 5
      vertex 53.7109 0.859035 5
    endloop
  endfacet
  facet normal -0.24799 0.968763 0
    outer loop
      vertex 53.1184 0.707363 5
      vertex 53.7109 0.859035 4.45
      vertex 53.1184 0.707363 4.45
    endloop
  endfacet
  facet normal -0.562013 -0.827129 0
    outer loop
      vertex 53.1056 1.3724 4.45
      vertex 53.2235 1.29229 5
      vertex 53.1056 1.3724 5
    endloop
  endfacet
  facet normal -0.562013 -0.827129 -0
    outer loop
      vertex 53.2235 1.29229 5
      vertex 53.1056 1.3724 4.45
      vertex 53.2235 1.29229 4.45
    endloop
  endfacet
  facet normal -0.871862 -0.489752 -9.1445e-18
    outer loop
      vertex 53.1056 1.3724 4.45
      vertex 53.0298 1.50734 5
      vertex 53.0298 1.50734 4.45
    endloop
  endfacet
  facet normal -0.871862 -0.489752 -9.1445e-18
    outer loop
      vertex 53.0298 1.50734 5
      vertex 53.1056 1.3724 4.45
      vertex 53.1056 1.3724 5
    endloop
  endfacet
  facet normal -0.991358 -0.131185 1.14991e-18
    outer loop
      vertex 53.0298 1.50734 4.45
      vertex 53.0045 1.69853 5
      vertex 53.0045 1.69853 4.45
    endloop
  endfacet
  facet normal -0.991358 -0.131185 1.14991e-18
    outer loop
      vertex 53.0045 1.69853 5
      vertex 53.0298 1.50734 4.45
      vertex 53.0298 1.50734 5
    endloop
  endfacet
  facet normal -0.995086 0.0990167 -2.08056e-18
    outer loop
      vertex 53.0045 1.69853 4.45
      vertex 53.0198 1.85229 5
      vertex 53.0198 1.85229 4.45
    endloop
  endfacet
  facet normal -0.995086 0.0990167 -2.08056e-18
    outer loop
      vertex 53.0198 1.85229 5
      vertex 53.0045 1.69853 4.45
      vertex 53.0045 1.69853 5
    endloop
  endfacet
  facet normal -0.933356 0.358953 2.72198e-18
    outer loop
      vertex 53.0198 1.85229 4.45
      vertex 53.0658 1.9719 5
      vertex 53.0658 1.9719 4.45
    endloop
  endfacet
  facet normal -0.933356 0.358953 2.72198e-18
    outer loop
      vertex 53.0658 1.9719 5
      vertex 53.0198 1.85229 4.45
      vertex 53.0198 1.85229 5
    endloop
  endfacet
  facet normal -0.765617 0.643297 3.19245e-18
    outer loop
      vertex 53.0658 1.9719 4.45
      vertex 53.1409 2.06128 5
      vertex 53.1409 2.06128 4.45
    endloop
  endfacet
  facet normal -0.765617 0.643297 3.19245e-18
    outer loop
      vertex 53.1409 2.06128 5
      vertex 53.0658 1.9719 4.45
      vertex 53.0658 1.9719 5
    endloop
  endfacet
  facet normal -0.522154 0.852851 0
    outer loop
      vertex 53.2438 2.12428 4.45
      vertex 53.1409 2.06128 5
      vertex 53.2438 2.12428 5
    endloop
  endfacet
  facet normal -0.522154 0.852851 0
    outer loop
      vertex 53.1409 2.06128 5
      vertex 53.2438 2.12428 4.45
      vertex 53.1409 2.06128 4.45
    endloop
  endfacet
  facet normal -0.247836 0.968802 0
    outer loop
      vertex 53.4011 2.16452 4.45
      vertex 53.2438 2.12428 5
      vertex 53.4011 2.16452 5
    endloop
  endfacet
  facet normal -0.247836 0.968802 0
    outer loop
      vertex 53.2438 2.12428 5
      vertex 53.4011 2.16452 4.45
      vertex 53.2438 2.12428 4.45
    endloop
  endfacet
  facet normal -0.0876695 0.99615 0
    outer loop
      vertex 53.6396 2.18551 4.45
      vertex 53.4011 2.16452 5
      vertex 53.6396 2.18551 5
    endloop
  endfacet
  facet normal -0.0876695 0.99615 0
    outer loop
      vertex 53.4011 2.16452 5
      vertex 53.6396 2.18551 4.45
      vertex 53.4011 2.16452 4.45
    endloop
  endfacet
  facet normal -0.0139431 0.999903 0
    outer loop
      vertex 54.0498 2.19123 4.45
      vertex 53.6396 2.18551 5
      vertex 54.0498 2.19123 5
    endloop
  endfacet
  facet normal -0.0139431 0.999903 0
    outer loop
      vertex 53.6396 2.18551 5
      vertex 54.0498 2.19123 4.45
      vertex 53.6396 2.18551 4.45
    endloop
  endfacet
  facet normal 1 -0 0
    outer loop
      vertex 54.0498 2.03457 5
      vertex 54.0498 2.19123 4.45
      vertex 54.0498 2.19123 5
    endloop
  endfacet
  facet normal 1 0 0
    outer loop
      vertex 54.0498 2.19123 4.45
      vertex 54.0498 2.03457 5
      vertex 54.0498 2.03457 4.45
    endloop
  endfacet
  facet normal 0.993757 -0.111567 2.45291e-18
    outer loop
      vertex 54.0277 1.83772 5
      vertex 54.0498 2.03457 4.45
      vertex 54.0498 2.03457 5
    endloop
  endfacet
  facet normal 0.993757 -0.111567 2.45291e-18
    outer loop
      vertex 54.0498 2.03457 4.45
      vertex 54.0277 1.83772 5
      vertex 54.0277 1.83772 4.45
    endloop
  endfacet
  facet normal 0.942216 -0.335006 1.03653e-18
    outer loop
      vertex 53.9615 1.65153 5
      vertex 54.0277 1.83772 4.45
      vertex 54.0277 1.83772 5
    endloop
  endfacet
  facet normal 0.942216 -0.335006 1.03653e-18
    outer loop
      vertex 54.0277 1.83772 4.45
      vertex 53.9615 1.65153 5
      vertex 53.9615 1.65153 4.45
    endloop
  endfacet
  facet normal 0.838044 -0.545602 -1.07713e-17
    outer loop
      vertex 53.8565 1.49025 5
      vertex 53.9615 1.65153 4.45
      vertex 53.9615 1.65153 5
    endloop
  endfacet
  facet normal 0.838044 -0.545602 -1.07713e-17
    outer loop
      vertex 53.9615 1.65153 4.45
      vertex 53.8565 1.49025 5
      vertex 53.8565 1.49025 4.45
    endloop
  endfacet
  facet normal 0.661421 -0.750015 0
    outer loop
      vertex 53.718 1.36811 4.45
      vertex 53.8565 1.49025 5
      vertex 53.718 1.36811 5
    endloop
  endfacet
  facet normal 0.661421 -0.750015 0
    outer loop
      vertex 53.8565 1.49025 5
      vertex 53.718 1.36811 4.45
      vertex 53.8565 1.49025 4.45
    endloop
  endfacet
  facet normal 0.425733 -0.904849 0
    outer loop
      vertex 53.5546 1.29123 4.45
      vertex 53.718 1.36811 5
      vertex 53.5546 1.29123 5
    endloop
  endfacet
  facet normal 0.425733 -0.904849 0
    outer loop
      vertex 53.718 1.36811 5
      vertex 53.5546 1.29123 4.45
      vertex 53.718 1.36811 4.45
    endloop
  endfacet
  facet normal 0.141175 -0.989985 0
    outer loop
      vertex 53.3748 1.26559 4.45
      vertex 53.5546 1.29123 5
      vertex 53.3748 1.26559 5
    endloop
  endfacet
  facet normal 0.141175 -0.989985 0
    outer loop
      vertex 53.5546 1.29123 5
      vertex 53.3748 1.26559 4.45
      vertex 53.5546 1.29123 4.45
    endloop
  endfacet
  facet normal -0.173785 -0.984784 0
    outer loop
      vertex 53.2235 1.29229 4.45
      vertex 53.3748 1.26559 5
      vertex 53.2235 1.29229 5
    endloop
  endfacet
  facet normal -0.173785 -0.984784 -0
    outer loop
      vertex 53.3748 1.26559 5
      vertex 53.2235 1.29229 4.45
      vertex 53.3748 1.26559 4.45
    endloop
  endfacet
  facet normal -0.405675 0.914018 0
    outer loop
      vertex 48.2634 0.866848 4.45
      vertex 47.9939 0.747234 5
      vertex 48.2634 0.866848 5
    endloop
  endfacet
  facet normal -0.405675 0.914018 0
    outer loop
      vertex 47.9939 0.747234 5
      vertex 48.2634 0.866848 4.45
      vertex 47.9939 0.747234 4.45
    endloop
  endfacet
  facet normal -0.677921 0.735135 0
    outer loop
      vertex 48.4881 1.07406 4.45
      vertex 48.2634 0.866848 5
      vertex 48.4881 1.07406 5
    endloop
  endfacet
  facet normal -0.677921 0.735135 0
    outer loop
      vertex 48.2634 0.866848 5
      vertex 48.4881 1.07406 4.45
      vertex 48.2634 0.866848 4.45
    endloop
  endfacet
  facet normal -0.85795 0.513733 1.06713e-17
    outer loop
      vertex 48.4881 1.07406 4.45
      vertex 48.6693 1.37667 5
      vertex 48.6693 1.37667 4.45
    endloop
  endfacet
  facet normal -0.85795 0.513733 1.06713e-17
    outer loop
      vertex 48.6693 1.37667 5
      vertex 48.4881 1.07406 4.45
      vertex 48.4881 1.07406 5
    endloop
  endfacet
  facet normal 0 1 -0
    outer loop
      vertex 48.6835 1.37667 4.45
      vertex 48.6693 1.37667 5
      vertex 48.6835 1.37667 5
    endloop
  endfacet
  facet normal 0 1 0
    outer loop
      vertex 48.6693 1.37667 5
      vertex 48.6835 1.37667 4.45
      vertex 48.6693 1.37667 4.45
    endloop
  endfacet
  facet normal 0.999428 0.0338136 8.91633e-19
    outer loop
      vertex 48.6921 1.12248 5
      vertex 48.6835 1.37667 4.45
      vertex 48.6835 1.37667 5
    endloop
  endfacet
  facet normal 0.999428 0.0338136 8.91633e-19
    outer loop
      vertex 48.6835 1.37667 4.45
      vertex 48.6921 1.12248 5
      vertex 48.6921 1.12248 4.45
    endloop
  endfacet
  facet normal 0.997455 0.0712953 2.01155e-18
    outer loop
      vertex 48.7177 0.764324 5
      vertex 48.6921 1.12248 4.45
      vertex 48.6921 1.12248 5
    endloop
  endfacet
  facet normal 0.997455 0.0712953 2.01155e-18
    outer loop
      vertex 48.6921 1.12248 4.45
      vertex 48.7177 0.764324 5
      vertex 48.7177 0.764324 4.45
    endloop
  endfacet
  facet normal 0 1 -0
    outer loop
      vertex 49.481 0.764324 4.45
      vertex 48.7177 0.764324 5
      vertex 49.481 0.764324 5
    endloop
  endfacet
  facet normal 0 1 0
    outer loop
      vertex 48.7177 0.764324 5
      vertex 49.481 0.764324 4.45
      vertex 48.7177 0.764324 4.45
    endloop
  endfacet
  facet normal -0.998579 -0.0532923 4.31965e-20
    outer loop
      vertex 49.481 0.764324 4.45
      vertex 49.4639 1.08474 5
      vertex 49.4639 1.08474 4.45
    endloop
  endfacet
  facet normal -0.998579 -0.0532923 4.31965e-20
    outer loop
      vertex 49.4639 1.08474 5
      vertex 49.481 0.764324 4.45
      vertex 49.481 0.764324 5
    endloop
  endfacet
  facet normal -0.999881 -0.015452 -2.13964e-19
    outer loop
      vertex 49.4639 1.08474 4.45
      vertex 49.4582 1.45358 5
      vertex 49.4582 1.45358 4.45
    endloop
  endfacet
  facet normal -0.999881 -0.015452 -2.13964e-19
    outer loop
      vertex 49.4582 1.45358 5
      vertex 49.4639 1.08474 4.45
      vertex 49.4639 1.08474 5
    endloop
  endfacet
  facet normal -1 0 0
    outer loop
      vertex 49.4582 1.45358 4.45
      vertex 49.4582 3.84597 5
      vertex 49.4582 3.84597 4.45
    endloop
  endfacet
  facet normal -1 -0 0
    outer loop
      vertex 49.4582 3.84597 5
      vertex 49.4582 1.45358 4.45
      vertex 49.4582 1.45358 5
    endloop
  endfacet
  facet normal 0 -1 0
    outer loop
      vertex 48.6579 3.84597 4.45
      vertex 49.4582 3.84597 5
      vertex 48.6579 3.84597 5
    endloop
  endfacet
  facet normal 0 -1 -0
    outer loop
      vertex 49.4582 3.84597 5
      vertex 48.6579 3.84597 4.45
      vertex 49.4582 3.84597 4.45
    endloop
  endfacet
  facet normal 1 -0 0
    outer loop
      vertex 48.6579 2.19409 5
      vertex 48.6579 3.84597 4.45
      vertex 48.6579 3.84597 5
    endloop
  endfacet
  facet normal 1 0 0
    outer loop
      vertex 48.6579 3.84597 4.45
      vertex 48.6579 2.19409 5
      vertex 48.6579 2.19409 4.45
    endloop
  endfacet
  facet normal 0.992233 -0.124396 -3.48714e-18
    outer loop
      vertex 48.6134 1.83914 5
      vertex 48.6579 2.19409 4.45
      vertex 48.6579 2.19409 5
    endloop
  endfacet
  facet normal 0.992233 -0.124396 -3.48714e-18
    outer loop
      vertex 48.6579 2.19409 4.45
      vertex 48.6134 1.83914 5
      vertex 48.6134 1.83914 4.45
    endloop
  endfacet
  facet normal 0.90527 -0.424837 -9.09614e-18
    outer loop
      vertex 48.4799 1.55467 5
      vertex 48.6134 1.83914 4.45
      vertex 48.6134 1.83914 5
    endloop
  endfacet
  facet normal 0.90527 -0.424837 -9.09614e-18
    outer loop
      vertex 48.6134 1.83914 4.45
      vertex 48.4799 1.55467 5
      vertex 48.4799 1.55467 4.45
    endloop
  endfacet
  facet normal 0.671799 -0.740733 0
    outer loop
      vertex 48.2738 1.36775 4.45
      vertex 48.4799 1.55467 5
      vertex 48.2738 1.36775 5
    endloop
  endfacet
  facet normal 0.671799 -0.740733 0
    outer loop
      vertex 48.4799 1.55467 5
      vertex 48.2738 1.36775 4.45
      vertex 48.4799 1.55467 4.45
    endloop
  endfacet
  facet normal 0.231002 -0.972953 0
    outer loop
      vertex 48.0114 1.30545 4.45
      vertex 48.2738 1.36775 5
      vertex 48.0114 1.30545 5
    endloop
  endfacet
  facet normal 0.231002 -0.972953 0
    outer loop
      vertex 48.2738 1.36775 5
      vertex 48.0114 1.30545 4.45
      vertex 48.2738 1.36775 4.45
    endloop
  endfacet
  facet normal -0.443486 -0.896282 0
    outer loop
      vertex 47.6013 1.50837 4.45
      vertex 48.0114 1.30545 5
      vertex 47.6013 1.50837 5
    endloop
  endfacet
  facet normal -0.443486 -0.896282 -0
    outer loop
      vertex 48.0114 1.30545 5
      vertex 47.6013 1.50837 4.45
      vertex 48.0114 1.30545 4.45
    endloop
  endfacet
  facet normal -0.975707 -0.219082 -1.59937e-18
    outer loop
      vertex 47.6013 1.50837 4.45
      vertex 47.4646 2.11718 5
      vertex 47.4646 2.11718 4.45
    endloop
  endfacet
  facet normal -0.975707 -0.219082 -1.59937e-18
    outer loop
      vertex 47.4646 2.11718 5
      vertex 47.6013 1.50837 4.45
      vertex 47.6013 1.50837 5
    endloop
  endfacet
  facet normal -1 0 0
    outer loop
      vertex 47.4646 2.11718 4.45
      vertex 47.4646 3.84597 5
      vertex 47.4646 3.84597 4.45
    endloop
  endfacet
  facet normal -1 -0 0
    outer loop
      vertex 47.4646 3.84597 5
      vertex 47.4646 2.11718 4.45
      vertex 47.4646 2.11718 5
    endloop
  endfacet
  facet normal 0 -1 0
    outer loop
      vertex 46.6642 3.84597 4.45
      vertex 47.4646 3.84597 5
      vertex 46.6642 3.84597 5
    endloop
  endfacet
  facet normal 0 -1 -0
    outer loop
      vertex 47.4646 3.84597 5
      vertex 46.6642 3.84597 4.45
      vertex 47.4646 3.84597 4.45
    endloop
  endfacet
  facet normal 1 -0 0
    outer loop
      vertex 46.6642 1.88932 5
      vertex 46.6642 3.84597 4.45
      vertex 46.6642 3.84597 5
    endloop
  endfacet
  facet normal 1 0 0
    outer loop
      vertex 46.6642 3.84597 4.45
      vertex 46.6642 1.88932 5
      vertex 46.6642 1.88932 4.45
    endloop
  endfacet
  facet normal 0.991881 0.127169 2.79869e-18
    outer loop
      vertex 46.7297 1.37844 5
      vertex 46.6642 1.88932 4.45
      vertex 46.6642 1.88932 5
    endloop
  endfacet
  facet normal 0.991881 0.127169 2.79869e-18
    outer loop
      vertex 46.6642 1.88932 4.45
      vertex 46.7297 1.37844 5
      vertex 46.7297 1.37844 4.45
    endloop
  endfacet
  facet normal 0.883393 0.468632 2.91332e-17
    outer loop
      vertex 46.9263 1.00784 5
      vertex 46.7297 1.37844 4.45
      vertex 46.7297 1.37844 5
    endloop
  endfacet
  facet normal 0.883393 0.468632 2.91332e-17
    outer loop
      vertex 46.7297 1.37844 4.45
      vertex 46.9263 1.00784 5
      vertex 46.9263 1.00784 4.45
    endloop
  endfacet
  facet normal 0.577114 0.816664 -0
    outer loop
      vertex 47.2452 0.782482 4.45
      vertex 46.9263 1.00784 5
      vertex 47.2452 0.782482 5
    endloop
  endfacet
  facet normal 0.577114 0.816664 0
    outer loop
      vertex 46.9263 1.00784 5
      vertex 47.2452 0.782482 4.45
      vertex 46.9263 1.00784 4.45
    endloop
  endfacet
  facet normal 0.17097 0.985276 -0
    outer loop
      vertex 47.6781 0.707363 4.45
      vertex 47.2452 0.782482 5
      vertex 47.6781 0.707363 5
    endloop
  endfacet
  facet normal 0.17097 0.985276 0
    outer loop
      vertex 47.2452 0.782482 5
      vertex 47.6781 0.707363 4.45
      vertex 47.2452 0.782482 4.45
    endloop
  endfacet
  facet normal -0.12526 0.992124 0
    outer loop
      vertex 47.9939 0.747234 4.45
      vertex 47.6781 0.707363 5
      vertex 47.9939 0.747234 5
    endloop
  endfacet
  facet normal -0.12526 0.992124 0
    outer loop
      vertex 47.6781 0.707363 5
      vertex 47.9939 0.747234 4.45
      vertex 47.6781 0.707363 4.45
    endloop
  endfacet
  facet normal -0 0 1
    outer loop
      vertex 53.9891 -0.609066 4.45
      vertex 54.7895 -3.02998 4.45
      vertex 54.7895 -0.609066 4.45
    endloop
  endfacet
  facet normal 0 0 1
    outer loop
      vertex 53.9891 -4.83567 4.45
      vertex 54.7895 -3.02998 4.45
      vertex 53.9891 -0.609066 4.45
    endloop
  endfacet
  facet normal 0 0 1
    outer loop
      vertex 54.7895 -3.02998 4.45
      vertex 53.9891 -4.83567 4.45
      vertex 54.7895 -3.67933 4.45
    endloop
  endfacet
  facet normal 0 0 1
    outer loop
      vertex 54.7895 -3.67933 4.45
      vertex 53.9891 -4.83567 4.45
      vertex 54.7895 -4.83567 4.45
    endloop
  endfacet
  facet normal -0 0 1
    outer loop
      vertex 55.8888 -1.75402 4.45
      vertex 55.6667 -2.95593 4.45
      vertex 56.749 -1.75402 4.45
    endloop
  endfacet
  facet normal 0 0 1
    outer loop
      vertex 54.7895 -3.02998 4.45
      vertex 55.6667 -2.95593 4.45
      vertex 55.8888 -1.75402 4.45
    endloop
  endfacet
  facet normal 0 0 1
    outer loop
      vertex 55.6667 -2.95593 4.45
      vertex 54.7895 -3.02998 4.45
      vertex 55.1341 -3.44011 4.45
    endloop
  endfacet
  facet normal 0 0 1
    outer loop
      vertex 55.1341 -3.44011 4.45
      vertex 54.7895 -3.02998 4.45
      vertex 54.7895 -3.67933 4.45
    endloop
  endfacet
  facet normal 0 0 1
    outer loop
      vertex 55.6667 -2.95593 4.45
      vertex 55.9572 -4.83567 4.45
      vertex 56.8315 -4.83567 4.45
    endloop
  endfacet
  facet normal 0 0 1
    outer loop
      vertex 55.9572 -4.83567 4.45
      vertex 55.6667 -2.95593 4.45
      vertex 55.1341 -3.44011 4.45
    endloop
  endfacet
  facet normal -0 0 1
    outer loop
      vertex 46.0853 -1.4806 4.45
      vertex 46.9226 -3.56543 4.45
      vertex 46.9226 -0.822674 4.45
    endloop
  endfacet
  facet normal 0 0 1
    outer loop
      vertex 46.0853 -3.58534 4.45
      vertex 46.9226 -3.56543 4.45
      vertex 46.0853 -1.4806 4.45
    endloop
  endfacet
  facet normal 0 0 1
    outer loop
      vertex 46.9226 -3.56543 4.45
      vertex 46.0529 -3.86235 4.45
      vertex 46.8336 -4.12292 4.45
    endloop
  endfacet
  facet normal 0 0 1
    outer loop
      vertex 46.0529 -3.86235 4.45
      vertex 46.9226 -3.56543 4.45
      vertex 46.0853 -3.58534 4.45
    endloop
  endfacet
  facet normal -0 0 1
    outer loop
      vertex 45.285 -0.822674 4.45
      vertex 46.0853 -1.4806 4.45
      vertex 46.9226 -0.822674 4.45
    endloop
  endfacet
  facet normal 0 0 1
    outer loop
      vertex 46.0853 -1.4806 4.45
      vertex 45.285 -0.822674 4.45
      vertex 45.285 -1.4806 4.45
    endloop
  endfacet
  facet normal 0 0 1
    outer loop
      vertex 46.8336 -4.12292 4.45
      vertex 46.0529 -3.86235 4.45
      vertex 46.5666 -4.54231 4.45
    endloop
  endfacet
  facet normal -0 0 1
    outer loop
      vertex 45.9557 -4.06671 4.45
      vertex 46.5666 -4.54231 4.45
      vertex 46.0529 -3.86235 4.45
    endloop
  endfacet
  facet normal 0 0 1
    outer loop
      vertex 46.5666 -4.54231 4.45
      vertex 45.9557 -4.06671 4.45
      vertex 46.1394 -4.80505 4.45
    endloop
  endfacet
  facet normal -0 0 1
    outer loop
      vertex 45.7958 -4.19273 4.45
      vertex 46.1394 -4.80505 4.45
      vertex 45.9557 -4.06671 4.45
    endloop
  endfacet
  facet normal 0 0 1
    outer loop
      vertex 45.5698 -4.89264 4.45
      vertex 45.7958 -4.19273 4.45
      vertex 45.5754 -4.23474 4.45
    endloop
  endfacet
  facet normal 0 0 1
    outer loop
      vertex 45.7958 -4.19273 4.45
      vertex 45.5698 -4.89264 4.45
      vertex 46.1394 -4.80505 4.45
    endloop
  endfacet
  facet normal 0 0 1
    outer loop
      vertex 45.3569 -4.19737 4.45
      vertex 45.5698 -4.89264 4.45
      vertex 45.5754 -4.23474 4.45
    endloop
  endfacet
  facet normal 0 0 1
    outer loop
      vertex 45.0183 -4.82499 4.45
      vertex 45.3569 -4.19737 4.45
      vertex 45.191 -4.08522 4.45
    endloop
  endfacet
  facet normal 0 0 1
    outer loop
      vertex 44.6114 -4.62207 4.45
      vertex 45.191 -4.08522 4.45
      vertex 45.0735 -3.89544 4.45
    endloop
  endfacet
  facet normal 0 0 1
    outer loop
      vertex 45.3569 -4.19737 4.45
      vertex 45.0183 -4.82499 4.45
      vertex 45.5698 -4.89264 4.45
    endloop
  endfacet
  facet normal -0 0 1
    outer loop
      vertex 44.1656 -3.74771 4.45
      vertex 45.0735 -3.89544 4.45
      vertex 45.0001 -3.62524 4.45
    endloop
  endfacet
  facet normal 0 0 1
    outer loop
      vertex 45.191 -4.08522 4.45
      vertex 44.6114 -4.62207 4.45
      vertex 45.0183 -4.82499 4.45
    endloop
  endfacet
  facet normal 0 0 1
    outer loop
      vertex 45.0735 -3.89544 4.45
      vertex 44.3326 -4.2682 4.45
      vertex 44.6114 -4.62207 4.45
    endloop
  endfacet
  facet normal 0 0 1
    outer loop
      vertex 45.0735 -3.89544 4.45
      vertex 44.1656 -3.74771 4.45
      vertex 44.3326 -4.2682 4.45
    endloop
  endfacet
  facet normal 0 0 1
    outer loop
      vertex 49.2961 -2.96731 4.45
      vertex 48.886 -3.41449 4.45
      vertex 49.2961 -3.40876 4.45
    endloop
  endfacet
  facet normal -0 0 1
    outer loop
      vertex 48.6326 -2.97869 4.45
      vertex 48.886 -3.41449 4.45
      vertex 49.2961 -2.96731 4.45
    endloop
  endfacet
  facet normal 0 0 1
    outer loop
      vertex 48.886 -3.41449 4.45
      vertex 48.6326 -2.97869 4.45
      vertex 48.6475 -3.43548 4.45
    endloop
  endfacet
  facet normal 0 0 1
    outer loop
      vertex 48.6326 -2.97869 4.45
      vertex 48.4901 -3.47572 4.45
      vertex 48.6475 -3.43548 4.45
    endloop
  endfacet
  facet normal -0 0 1
    outer loop
      vertex 48.1103 -3.04564 4.45
      vertex 48.4901 -3.47572 4.45
      vertex 48.6326 -2.97869 4.45
    endloop
  endfacet
  facet normal 0 0 1
    outer loop
      vertex 48.4901 -3.47572 4.45
      vertex 48.1103 -3.04564 4.45
      vertex 48.3873 -3.53872 4.45
    endloop
  endfacet
  facet normal 0 0 1
    outer loop
      vertex 48.3121 -3.62809 4.45
      vertex 47.7282 -3.23506 4.45
      vertex 48.2662 -3.74771 4.45
    endloop
  endfacet
  facet normal -0 0 1
    outer loop
      vertex 47.7282 -3.23506 4.45
      vertex 48.3121 -3.62809 4.45
      vertex 48.1103 -3.04564 4.45
    endloop
  endfacet
  facet normal 0 0 1
    outer loop
      vertex 48.3873 -3.53872 4.45
      vertex 48.1103 -3.04564 4.45
      vertex 48.3121 -3.62809 4.45
    endloop
  endfacet
  facet normal -0 0 1
    outer loop
      vertex 49.2961 -3.40876 4.45
      vertex 50.0965 -3.92428 4.45
      vertex 50.0965 -2.80212 4.45
    endloop
  endfacet
  facet normal -0 0 1
    outer loop
      vertex 49.2698 -2.54757 4.45
      vertex 50.0965 -2.80212 4.45
      vertex 50.0174 -2.33291 4.45
    endloop
  endfacet
  facet normal 0 0 1
    outer loop
      vertex 50.0965 -3.92428 4.45
      vertex 49.2961 -3.56543 4.45
      vertex 49.2741 -3.76228 4.45
    endloop
  endfacet
  facet normal 0 0 1
    outer loop
      vertex 49.2698 -2.54757 4.45
      vertex 50.0174 -2.33291 4.45
      vertex 49.7803 -1.98474 4.45
    endloop
  endfacet
  facet normal 0 0 1
    outer loop
      vertex 50.0965 -3.92428 4.45
      vertex 49.2961 -3.40876 4.45
      vertex 49.2961 -3.56543 4.45
    endloop
  endfacet
  facet normal 0 -0 1
    outer loop
      vertex 49.4532 -4.53875 4.45
      vertex 50.0965 -3.92428 4.45
      vertex 49.3958 -4.28598 4.45
    endloop
  endfacet
  facet normal 0 -0 1
    outer loop
      vertex 49.7515 -4.83285 4.45
      vertex 50.0965 -3.92428 4.45
      vertex 49.4532 -4.53875 4.45
    endloop
  endfacet
  facet normal 0 0 1
    outer loop
      vertex 49.1908 -2.3621 4.45
      vertex 49.7803 -1.98474 4.45
      vertex 49.3972 -1.76899 4.45
    endloop
  endfacet
  facet normal 0 0 1
    outer loop
      vertex 50.0965 -2.80212 4.45
      vertex 49.2961 -2.96731 4.45
      vertex 49.2961 -3.40876 4.45
    endloop
  endfacet
  facet normal 0 0 1
    outer loop
      vertex 50.0965 -3.92428 4.45
      vertex 50.0139 -4.86987 4.45
      vertex 50.094 -4.86843 4.45
    endloop
  endfacet
  facet normal 0 0 1
    outer loop
      vertex 50.0965 -2.80212 4.45
      vertex 49.2961 -2.81065 4.45
      vertex 49.2961 -2.96731 4.45
    endloop
  endfacet
  facet normal 0 0 1
    outer loop
      vertex 50.0965 -2.80212 4.45
      vertex 49.2698 -2.54757 4.45
      vertex 49.2961 -2.81065 4.45
    endloop
  endfacet
  facet normal 0 0 1
    outer loop
      vertex 49.7803 -1.98474 4.45
      vertex 49.1908 -2.3621 4.45
      vertex 49.2698 -2.54757 4.45
    endloop
  endfacet
  facet normal 0 0 1
    outer loop
      vertex 49.3972 -1.76899 4.45
      vertex 49.0519 -2.25207 4.45
      vertex 49.1908 -2.3621 4.45
    endloop
  endfacet
  facet normal 0 0 1
    outer loop
      vertex 48.8803 -1.69708 4.45
      vertex 49.0519 -2.25207 4.45
      vertex 49.3972 -1.76899 4.45
    endloop
  endfacet
  facet normal 0 0 1
    outer loop
      vertex 48.8803 -1.69708 4.45
      vertex 48.8462 -2.2154 4.45
      vertex 49.0519 -2.25207 4.45
    endloop
  endfacet
  facet normal 0 0 1
    outer loop
      vertex 48.8803 -1.69708 4.45
      vertex 48.6535 -2.24069 4.45
      vertex 48.8462 -2.2154 4.45
    endloop
  endfacet
  facet normal -0 0 1
    outer loop
      vertex 48.363 -1.75511 4.45
      vertex 48.6535 -2.24069 4.45
      vertex 48.8803 -1.69708 4.45
    endloop
  endfacet
  facet normal 0 0 1
    outer loop
      vertex 48.6535 -2.24069 4.45
      vertex 48.363 -1.75511 4.45
      vertex 48.52 -2.31654 4.45
    endloop
  endfacet
  facet normal -0 0 1
    outer loop
      vertex 47.9675 -1.92921 4.45
      vertex 48.52 -2.31654 4.45
      vertex 48.363 -1.75511 4.45
    endloop
  endfacet
  facet normal 0 0 1
    outer loop
      vertex 48.52 -2.31654 4.45
      vertex 47.9675 -1.92921 4.45
      vertex 48.4357 -2.45074 4.45
    endloop
  endfacet
  facet normal -0 0 1
    outer loop
      vertex 47.6973 -2.21577 4.45
      vertex 48.4357 -2.45074 4.45
      vertex 47.9675 -1.92921 4.45
    endloop
  endfacet
  facet normal 0 0 1
    outer loop
      vertex 48.4357 -2.45074 4.45
      vertex 47.6973 -2.21577 4.45
      vertex 48.3905 -2.6512 4.45
    endloop
  endfacet
  facet normal 0 0 1
    outer loop
      vertex 48.3905 -2.6512 4.45
      vertex 47.6973 -2.21577 4.45
      vertex 47.556 -2.61129 4.45
    endloop
  endfacet
  facet normal -0 0 1
    outer loop
      vertex 50.4397 -4.3757 4.45
      vertex 50.5265 -4.79582 4.45
      vertex 50.5265 -4.36288 4.45
    endloop
  endfacet
  facet normal 0 0 1
    outer loop
      vertex 50.5265 -4.79582 4.45
      vertex 50.4397 -4.3757 4.45
      vertex 50.4589 -4.81218 4.45
    endloop
  endfacet
  facet normal -0 0 1
    outer loop
      vertex 50.35 -4.37999 4.45
      vertex 50.4589 -4.81218 4.45
      vertex 50.4397 -4.3757 4.45
    endloop
  endfacet
  facet normal 0 0 1
    outer loop
      vertex 50.4589 -4.81218 4.45
      vertex 50.35 -4.37999 4.45
      vertex 50.3984 -4.82716 4.45
    endloop
  endfacet
  facet normal 0 0 1
    outer loop
      vertex 50.35 -4.37999 4.45
      vertex 50.3414 -4.83996 4.45
      vertex 50.3984 -4.82716 4.45
    endloop
  endfacet
  facet normal 0 0 1
    outer loop
      vertex 50.35 -4.37999 4.45
      vertex 50.2845 -4.84991 4.45
      vertex 50.3414 -4.83996 4.45
    endloop
  endfacet
  facet normal 0 0 1
    outer loop
      vertex 50.2328 -4.35542 4.45
      vertex 50.2845 -4.84991 4.45
      vertex 50.35 -4.37999 4.45
    endloop
  endfacet
  facet normal 0 0 1
    outer loop
      vertex 50.2328 -4.35542 4.45
      vertex 50.2257 -4.85775 4.45
      vertex 50.2845 -4.84991 4.45
    endloop
  endfacet
  facet normal 0 0 1
    outer loop
      vertex 50.2328 -4.35542 4.45
      vertex 50.1634 -4.86416 4.45
      vertex 50.2257 -4.85775 4.45
    endloop
  endfacet
  facet normal 0 0 1
    outer loop
      vertex 50.094 -4.86843 4.45
      vertex 50.2328 -4.35542 4.45
      vertex 50.1548 -4.28173 4.45
    endloop
  endfacet
  facet normal 0 0 1
    outer loop
      vertex 50.094 -4.86843 4.45
      vertex 50.1548 -4.28173 4.45
      vertex 50.1111 -4.14323 4.45
    endloop
  endfacet
  facet normal 0 0 1
    outer loop
      vertex 50.2328 -4.35542 4.45
      vertex 50.094 -4.86843 4.45
      vertex 50.1634 -4.86416 4.45
    endloop
  endfacet
  facet normal 0 0 1
    outer loop
      vertex 50.094 -4.86843 4.45
      vertex 50.1111 -4.14323 4.45
      vertex 50.0965 -3.92428 4.45
    endloop
  endfacet
  facet normal 0 0 1
    outer loop
      vertex 49.7515 -4.83285 4.45
      vertex 49.4532 -4.53875 4.45
      vertex 49.5681 -4.72178 4.45
    endloop
  endfacet
  facet normal 0 0 1
    outer loop
      vertex 50.0965 -3.92428 4.45
      vertex 49.7515 -4.83285 4.45
      vertex 50.0139 -4.86987 4.45
    endloop
  endfacet
  facet normal 0 0 1
    outer loop
      vertex 50.0965 -3.92428 4.45
      vertex 49.2741 -3.76228 4.45
      vertex 49.3958 -4.28598 4.45
    endloop
  endfacet
  facet normal -0 0 1
    outer loop
      vertex 49.2079 -3.94847 4.45
      vertex 49.3958 -4.28598 4.45
      vertex 49.2741 -3.76228 4.45
    endloop
  endfacet
  facet normal 0 0 1
    outer loop
      vertex 49.3958 -4.28598 4.45
      vertex 49.2079 -3.94847 4.45
      vertex 49.3788 -4.28598 4.45
    endloop
  endfacet
  facet normal -0 0 1
    outer loop
      vertex 49.1028 -4.10975 4.45
      vertex 49.3788 -4.28598 4.45
      vertex 49.2079 -3.94847 4.45
    endloop
  endfacet
  facet normal -0 0 1
    outer loop
      vertex 48.9644 -4.23188 4.45
      vertex 49.3788 -4.28598 4.45
      vertex 49.1028 -4.10975 4.45
    endloop
  endfacet
  facet normal 0 0 1
    outer loop
      vertex 48.9644 -4.23188 4.45
      vertex 48.9572 -4.74096 4.45
      vertex 49.3788 -4.28598 4.45
    endloop
  endfacet
  facet normal -0 0 1
    outer loop
      vertex 48.8009 -4.30877 4.45
      vertex 48.9572 -4.74096 4.45
      vertex 48.9644 -4.23188 4.45
    endloop
  endfacet
  facet normal -0 0 1
    outer loop
      vertex 48.6211 -4.33441 4.45
      vertex 48.9572 -4.74096 4.45
      vertex 48.8009 -4.30877 4.45
    endloop
  endfacet
  facet normal 0 0 1
    outer loop
      vertex 48.3648 -4.89264 4.45
      vertex 48.6211 -4.33441 4.45
      vertex 48.4698 -4.3077 4.45
    endloop
  endfacet
  facet normal 0 0 1
    outer loop
      vertex 48.6211 -4.33441 4.45
      vertex 48.3648 -4.89264 4.45
      vertex 48.9572 -4.74096 4.45
    endloop
  endfacet
  facet normal 0 0 1
    outer loop
      vertex 48.352 -4.2276 4.45
      vertex 48.3648 -4.89264 4.45
      vertex 48.4698 -4.3077 4.45
    endloop
  endfacet
  facet normal 0 0 1
    outer loop
      vertex 47.667 -4.64912 4.45
      vertex 48.352 -4.2276 4.45
      vertex 48.2762 -4.09266 4.45
    endloop
  endfacet
  facet normal -0 0 1
    outer loop
      vertex 47.4164 -3.96414 4.45
      vertex 48.2762 -4.09266 4.45
      vertex 48.2509 -3.90147 4.45
    endloop
  endfacet
  facet normal -0 0 1
    outer loop
      vertex 47.4944 -3.54263 4.45
      vertex 48.2662 -3.74771 4.45
      vertex 47.7282 -3.23506 4.45
    endloop
  endfacet
  facet normal 0 0 1
    outer loop
      vertex 48.2762 -4.09266 4.45
      vertex 47.4164 -3.96414 4.45
      vertex 47.479 -4.35611 4.45
    endloop
  endfacet
  facet normal 0 0 1
    outer loop
      vertex 48.2662 -3.74771 4.45
      vertex 47.4944 -3.54263 4.45
      vertex 48.2509 -3.90147 4.45
    endloop
  endfacet
  facet normal 0 0 1
    outer loop
      vertex 48.352 -4.2276 4.45
      vertex 47.9668 -4.83175 4.45
      vertex 48.3648 -4.89264 4.45
    endloop
  endfacet
  facet normal 0 0 1
    outer loop
      vertex 48.2509 -3.90147 4.45
      vertex 47.4944 -3.54263 4.45
      vertex 47.4164 -3.96414 4.45
    endloop
  endfacet
  facet normal 0 0 1
    outer loop
      vertex 48.2762 -4.09266 4.45
      vertex 47.479 -4.35611 4.45
      vertex 47.667 -4.64912 4.45
    endloop
  endfacet
  facet normal 0 0 1
    outer loop
      vertex 48.352 -4.2276 4.45
      vertex 47.667 -4.64912 4.45
      vertex 47.9668 -4.83175 4.45
    endloop
  endfacet
  facet normal 0 0 1
    outer loop
      vertex 52.5982 -2.55256 4.45
      vertex 53.3066 -2.29589 4.45
      vertex 53.0168 -1.9705 4.45
    endloop
  endfacet
  facet normal 0 -0 1
    outer loop
      vertex 52.658 -2.76509 4.45
      vertex 53.3066 -2.29589 4.45
      vertex 52.5982 -2.55256 4.45
    endloop
  endfacet
  facet normal 0 0 1
    outer loop
      vertex 52.4871 -2.38772 4.45
      vertex 53.0168 -1.9705 4.45
      vertex 52.6138 -1.76544 4.45
    endloop
  endfacet
  facet normal 0 0 1
    outer loop
      vertex 53.3066 -2.29589 4.45
      vertex 52.658 -2.76509 4.45
      vertex 53.464 -2.72523 4.45
    endloop
  endfacet
  facet normal 0 0 1
    outer loop
      vertex 53.0168 -1.9705 4.45
      vertex 52.4871 -2.38772 4.45
      vertex 52.5982 -2.55256 4.45
    endloop
  endfacet
  facet normal 0 0 1
    outer loop
      vertex 52.6138 -1.76544 4.45
      vertex 52.3219 -2.28198 4.45
      vertex 52.4871 -2.38772 4.45
    endloop
  endfacet
  facet normal 0 0 1
    outer loop
      vertex 52.1169 -1.69708 4.45
      vertex 52.3219 -2.28198 4.45
      vertex 52.6138 -1.76544 4.45
    endloop
  endfacet
  facet normal 0 0 1
    outer loop
      vertex 52.1169 -1.69708 4.45
      vertex 52.0998 -2.24673 4.45
      vertex 52.3219 -2.28198 4.45
    endloop
  endfacet
  facet normal -0 0 1
    outer loop
      vertex 51.491 -1.80352 4.45
      vertex 52.0998 -2.24673 4.45
      vertex 52.1169 -1.69708 4.45
    endloop
  endfacet
  facet normal 0 0 1
    outer loop
      vertex 52.0998 -2.24673 4.45
      vertex 51.491 -1.80352 4.45
      vertex 51.6362 -2.5052 4.45
    endloop
  endfacet
  facet normal -0 0 1
    outer loop
      vertex 51.026 -2.12288 4.45
      vertex 51.6362 -2.5052 4.45
      vertex 51.491 -1.80352 4.45
    endloop
  endfacet
  facet normal 0 0 1
    outer loop
      vertex 50.7376 -2.63304 4.45
      vertex 51.6362 -2.5052 4.45
      vertex 51.026 -2.12288 4.45
    endloop
  endfacet
  facet normal 0 0 1
    outer loop
      vertex 52.6836 -3.77333 4.45
      vertex 53.4088 -4.10942 4.45
      vertex 53.4868 -3.81033 4.45
    endloop
  endfacet
  facet normal -0 0 1
    outer loop
      vertex 52.6174 -4.0229 4.45
      vertex 53.4088 -4.10942 4.45
      vertex 52.6836 -3.77333 4.45
    endloop
  endfacet
  facet normal 0 0 1
    outer loop
      vertex 53.2604 -4.37431 4.45
      vertex 52.6174 -4.0229 4.45
      vertex 53.0478 -4.59394 4.45
    endloop
  endfacet
  facet normal 0 0 1
    outer loop
      vertex 53.4088 -4.10942 4.45
      vertex 52.6174 -4.0229 4.45
      vertex 53.2604 -4.37431 4.45
    endloop
  endfacet
  facet normal -0 0 1
    outer loop
      vertex 52.4928 -4.20198 4.45
      vertex 53.0478 -4.59394 4.45
      vertex 52.6174 -4.0229 4.45
    endloop
  endfacet
  facet normal 0 0 1
    outer loop
      vertex 53.0478 -4.59394 4.45
      vertex 52.4928 -4.20198 4.45
      vertex 52.7776 -4.75735 4.45
    endloop
  endfacet
  facet normal -0 0 1
    outer loop
      vertex 52.3205 -4.30984 4.45
      vertex 52.7776 -4.75735 4.45
      vertex 52.4928 -4.20198 4.45
    endloop
  endfacet
  facet normal 0 0 1
    outer loop
      vertex 52.7776 -4.75735 4.45
      vertex 52.3205 -4.30984 4.45
      vertex 52.46 -4.85881 4.45
    endloop
  endfacet
  facet normal -0 0 1
    outer loop
      vertex 52.1111 -4.34579 4.45
      vertex 52.46 -4.85881 4.45
      vertex 52.3205 -4.30984 4.45
    endloop
  endfacet
  facet normal 0 0 1
    outer loop
      vertex 52.1111 -4.34579 4.45
      vertex 52.1055 -4.89264 4.45
      vertex 52.46 -4.85881 4.45
    endloop
  endfacet
  facet normal 0 0 1
    outer loop
      vertex 51.4846 -4.78833 4.45
      vertex 52.1111 -4.34579 4.45
      vertex 51.6391 -4.07949 4.45
    endloop
  endfacet
  facet normal 0 0 1
    outer loop
      vertex 52.1111 -4.34579 4.45
      vertex 51.4846 -4.78833 4.45
      vertex 52.1055 -4.89264 4.45
    endloop
  endfacet
  facet normal -0 0 1
    outer loop
      vertex 50.7369 -3.9759 4.45
      vertex 51.6391 -4.07949 4.45
      vertex 51.4817 -3.28059 4.45
    endloop
  endfacet
  facet normal 0 0 1
    outer loop
      vertex 51.6362 -2.5052 4.45
      vertex 50.7376 -2.63304 4.45
      vertex 51.4817 -3.28059 4.45
    endloop
  endfacet
  facet normal 0 -0 1
    outer loop
      vertex 50.7369 -3.9759 4.45
      vertex 51.4817 -3.28059 4.45
      vertex 50.6415 -3.31192 4.45
    endloop
  endfacet
  facet normal 0 0 1
    outer loop
      vertex 51.4817 -3.28059 4.45
      vertex 50.7376 -2.63304 4.45
      vertex 50.6415 -3.31192 4.45
    endloop
  endfacet
  facet normal 0 0 1
    outer loop
      vertex 51.6391 -4.07949 4.45
      vertex 50.7369 -3.9759 4.45
      vertex 51.0232 -4.4754 4.45
    endloop
  endfacet
  facet normal 0 0 1
    outer loop
      vertex 51.6391 -4.07949 4.45
      vertex 51.0232 -4.4754 4.45
      vertex 51.4846 -4.78833 4.45
    endloop
  endfacet
  facet normal -0.570258 0.821466 0
    outer loop
      vertex 55.1341 -3.44011 4.45
      vertex 54.7895 -3.67933 5
      vertex 55.1341 -3.44011 5
    endloop
  endfacet
  facet normal -0.570258 0.821466 0
    outer loop
      vertex 54.7895 -3.67933 5
      vertex 55.1341 -3.44011 4.45
      vertex 54.7895 -3.67933 4.45
    endloop
  endfacet
  facet normal 0.861345 0.50802 5.9374e-17
    outer loop
      vertex 55.9572 -4.83567 5
      vertex 55.1341 -3.44011 4.45
      vertex 55.1341 -3.44011 5
    endloop
  endfacet
  facet normal 0.861345 0.50802 5.9374e-17
    outer loop
      vertex 55.1341 -3.44011 4.45
      vertex 55.9572 -4.83567 5
      vertex 55.9572 -4.83567 4.45
    endloop
  endfacet
  facet normal 0 1 -0
    outer loop
      vertex 56.8315 -4.83567 4.45
      vertex 55.9572 -4.83567 5
      vertex 56.8315 -4.83567 5
    endloop
  endfacet
  facet normal 0 1 0
    outer loop
      vertex 55.9572 -4.83567 5
      vertex 56.8315 -4.83567 4.45
      vertex 55.9572 -4.83567 4.45
    endloop
  endfacet
  facet normal -0.850032 -0.526731 2.49599e-18
    outer loop
      vertex 56.8315 -4.83567 4.45
      vertex 55.6667 -2.95593 5
      vertex 55.6667 -2.95593 4.45
    endloop
  endfacet
  facet normal -0.850032 -0.526731 2.49599e-18
    outer loop
      vertex 55.6667 -2.95593 5
      vertex 56.8315 -4.83567 4.45
      vertex 56.8315 -4.83567 5
    endloop
  endfacet
  facet normal -0.743116 0.669163 2.64479e-17
    outer loop
      vertex 55.6667 -2.95593 4.45
      vertex 56.749 -1.75402 5
      vertex 56.749 -1.75402 4.45
    endloop
  endfacet
  facet normal -0.743116 0.669163 2.64479e-17
    outer loop
      vertex 56.749 -1.75402 5
      vertex 55.6667 -2.95593 4.45
      vertex 55.6667 -2.95593 5
    endloop
  endfacet
  facet normal 0 -1 0
    outer loop
      vertex 55.8888 -1.75402 4.45
      vertex 56.749 -1.75402 5
      vertex 55.8888 -1.75402 5
    endloop
  endfacet
  facet normal 0 -1 -0
    outer loop
      vertex 56.749 -1.75402 5
      vertex 55.8888 -1.75402 4.45
      vertex 56.749 -1.75402 4.45
    endloop
  endfacet
  facet normal 0.757605 -0.652713 -2.27068e-17
    outer loop
      vertex 54.7895 -3.02998 5
      vertex 55.8888 -1.75402 4.45
      vertex 55.8888 -1.75402 5
    endloop
  endfacet
  facet normal 0.757605 -0.652713 -2.27068e-17
    outer loop
      vertex 55.8888 -1.75402 4.45
      vertex 54.7895 -3.02998 5
      vertex 54.7895 -3.02998 4.45
    endloop
  endfacet
  facet normal -1 0 0
    outer loop
      vertex 54.7895 -3.02998 4.45
      vertex 54.7895 -0.609066 5
      vertex 54.7895 -0.609066 4.45
    endloop
  endfacet
  facet normal -1 -0 0
    outer loop
      vertex 54.7895 -0.609066 5
      vertex 54.7895 -3.02998 4.45
      vertex 54.7895 -3.02998 5
    endloop
  endfacet
  facet normal 0 -1 0
    outer loop
      vertex 53.9891 -0.609066 4.45
      vertex 54.7895 -0.609066 5
      vertex 53.9891 -0.609066 5
    endloop
  endfacet
  facet normal 0 -1 -0
    outer loop
      vertex 54.7895 -0.609066 5
      vertex 53.9891 -0.609066 4.45
      vertex 54.7895 -0.609066 4.45
    endloop
  endfacet
  facet normal 1 -0 0
    outer loop
      vertex 53.9891 -4.83567 5
      vertex 53.9891 -0.609066 4.45
      vertex 53.9891 -0.609066 5
    endloop
  endfacet
  facet normal 1 0 0
    outer loop
      vertex 53.9891 -0.609066 4.45
      vertex 53.9891 -4.83567 5
      vertex 53.9891 -4.83567 4.45
    endloop
  endfacet
  facet normal 0 1 -0
    outer loop
      vertex 54.7895 -4.83567 4.45
      vertex 53.9891 -4.83567 5
      vertex 54.7895 -4.83567 5
    endloop
  endfacet
  facet normal 0 1 0
    outer loop
      vertex 53.9891 -4.83567 5
      vertex 54.7895 -4.83567 4.45
      vertex 53.9891 -4.83567 4.45
    endloop
  endfacet
  facet normal -1 0 0
    outer loop
      vertex 54.7895 -4.83567 4.45
      vertex 54.7895 -3.67933 5
      vertex 54.7895 -3.67933 4.45
    endloop
  endfacet
  facet normal -1 -0 0
    outer loop
      vertex 54.7895 -3.67933 5
      vertex 54.7895 -4.83567 4.45
      vertex 54.7895 -4.83567 5
    endloop
  endfacet
  facet normal -0.523877 0.851794 0
    outer loop
      vertex 46.5666 -4.54231 4.45
      vertex 46.1394 -4.80505 5
      vertex 46.5666 -4.54231 5
    endloop
  endfacet
  facet normal -0.523877 0.851794 0
    outer loop
      vertex 46.1394 -4.80505 5
      vertex 46.5666 -4.54231 4.45
      vertex 46.1394 -4.80505 4.45
    endloop
  endfacet
  facet normal -0.843556 0.537041 -1.93294e-17
    outer loop
      vertex 46.5666 -4.54231 4.45
      vertex 46.8336 -4.12292 5
      vertex 46.8336 -4.12292 4.45
    endloop
  endfacet
  facet normal -0.843556 0.537041 -1.93294e-17
    outer loop
      vertex 46.8336 -4.12292 5
      vertex 46.5666 -4.54231 4.45
      vertex 46.5666 -4.54231 5
    endloop
  endfacet
  facet normal -0.987495 0.157648 -6.93989e-18
    outer loop
      vertex 46.8336 -4.12292 4.45
      vertex 46.9226 -3.56543 5
      vertex 46.9226 -3.56543 4.45
    endloop
  endfacet
  facet normal -0.987495 0.157648 -6.93989e-18
    outer loop
      vertex 46.9226 -3.56543 5
      vertex 46.8336 -4.12292 4.45
      vertex 46.8336 -4.12292 5
    endloop
  endfacet
  facet normal -1 0 0
    outer loop
      vertex 46.9226 -3.56543 4.45
      vertex 46.9226 -0.822674 5
      vertex 46.9226 -0.822674 4.45
    endloop
  endfacet
  facet normal -1 -0 0
    outer loop
      vertex 46.9226 -0.822674 5
      vertex 46.9226 -3.56543 4.45
      vertex 46.9226 -3.56543 5
    endloop
  endfacet
  facet normal 0 -1 0
    outer loop
      vertex 45.285 -0.822674 4.45
      vertex 46.9226 -0.822674 5
      vertex 45.285 -0.822674 5
    endloop
  endfacet
  facet normal 0 -1 -0
    outer loop
      vertex 46.9226 -0.822674 5
      vertex 45.285 -0.822674 4.45
      vertex 46.9226 -0.822674 4.45
    endloop
  endfacet
  facet normal 1 -0 0
    outer loop
      vertex 45.285 -1.4806 5
      vertex 45.285 -0.822674 4.45
      vertex 45.285 -0.822674 5
    endloop
  endfacet
  facet normal 1 0 0
    outer loop
      vertex 45.285 -0.822674 4.45
      vertex 45.285 -1.4806 5
      vertex 45.285 -1.4806 4.45
    endloop
  endfacet
  facet normal 0 1 -0
    outer loop
      vertex 46.0853 -1.4806 4.45
      vertex 45.285 -1.4806 5
      vertex 46.0853 -1.4806 5
    endloop
  endfacet
  facet normal 0 1 0
    outer loop
      vertex 45.285 -1.4806 5
      vertex 46.0853 -1.4806 4.45
      vertex 45.285 -1.4806 4.45
    endloop
  endfacet
  facet normal 1 -0 0
    outer loop
      vertex 46.0853 -3.58534 5
      vertex 46.0853 -1.4806 4.45
      vertex 46.0853 -1.4806 5
    endloop
  endfacet
  facet normal 1 0 0
    outer loop
      vertex 46.0853 -1.4806 4.45
      vertex 46.0853 -3.58534 5
      vertex 46.0853 -3.58534 4.45
    endloop
  endfacet
  facet normal 0.993229 -0.116171 5.2845e-18
    outer loop
      vertex 46.0529 -3.86235 5
      vertex 46.0853 -3.58534 4.45
      vertex 46.0853 -3.58534 5
    endloop
  endfacet
  facet normal 0.993229 -0.116171 5.2845e-18
    outer loop
      vertex 46.0853 -3.58534 4.45
      vertex 46.0529 -3.86235 5
      vertex 46.0529 -3.86235 4.45
    endloop
  endfacet
  facet normal 0.903056 -0.429522 -3.89272e-18
    outer loop
      vertex 45.9557 -4.06671 5
      vertex 46.0529 -3.86235 4.45
      vertex 46.0529 -3.86235 5
    endloop
  endfacet
  facet normal 0.903056 -0.429522 -3.89272e-18
    outer loop
      vertex 46.0529 -3.86235 4.45
      vertex 45.9557 -4.06671 5
      vertex 45.9557 -4.06671 4.45
    endloop
  endfacet
  facet normal 0.618988 -0.7854 0
    outer loop
      vertex 45.7958 -4.19273 4.45
      vertex 45.9557 -4.06671 5
      vertex 45.7958 -4.19273 5
    endloop
  endfacet
  facet normal 0.618988 -0.7854 0
    outer loop
      vertex 45.9557 -4.06671 5
      vertex 45.7958 -4.19273 4.45
      vertex 45.9557 -4.06671 4.45
    endloop
  endfacet
  facet normal 0.187237 -0.982315 0
    outer loop
      vertex 45.5754 -4.23474 4.45
      vertex 45.7958 -4.19273 5
      vertex 45.5754 -4.23474 5
    endloop
  endfacet
  facet normal 0.187237 -0.982315 0
    outer loop
      vertex 45.7958 -4.19273 5
      vertex 45.5754 -4.23474 4.45
      vertex 45.7958 -4.19273 4.45
    endloop
  endfacet
  facet normal -0.168582 -0.985688 0
    outer loop
      vertex 45.3569 -4.19737 4.45
      vertex 45.5754 -4.23474 5
      vertex 45.3569 -4.19737 5
    endloop
  endfacet
  facet normal -0.168582 -0.985688 -0
    outer loop
      vertex 45.5754 -4.23474 5
      vertex 45.3569 -4.19737 4.45
      vertex 45.5754 -4.23474 4.45
    endloop
  endfacet
  facet normal -0.560047 -0.828461 0
    outer loop
      vertex 45.191 -4.08522 4.45
      vertex 45.3569 -4.19737 5
      vertex 45.191 -4.08522 5
    endloop
  endfacet
  facet normal -0.560047 -0.828461 -0
    outer loop
      vertex 45.3569 -4.19737 5
      vertex 45.191 -4.08522 4.45
      vertex 45.3569 -4.19737 4.45
    endloop
  endfacet
  facet normal -0.850231 -0.52641 -3.02203e-18
    outer loop
      vertex 45.191 -4.08522 4.45
      vertex 45.0735 -3.89544 5
      vertex 45.0735 -3.89544 4.45
    endloop
  endfacet
  facet normal -0.850231 -0.52641 -3.02203e-18
    outer loop
      vertex 45.0735 -3.89544 5
      vertex 45.191 -4.08522 4.45
      vertex 45.191 -4.08522 5
    endloop
  endfacet
  facet normal -0.965027 -0.26215 -5.23635e-18
    outer loop
      vertex 45.0735 -3.89544 4.45
      vertex 45.0001 -3.62524 5
      vertex 45.0001 -3.62524 4.45
    endloop
  endfacet
  facet normal -0.965027 -0.26215 -5.23635e-18
    outer loop
      vertex 45.0001 -3.62524 5
      vertex 45.0735 -3.89544 4.45
      vertex 45.0735 -3.89544 5
    endloop
  endfacet
  facet normal 0.145203 -0.989402 0
    outer loop
      vertex 44.1656 -3.74771 4.45
      vertex 45.0001 -3.62524 5
      vertex 44.1656 -3.74771 5
    endloop
  endfacet
  facet normal 0.145203 -0.989402 0
    outer loop
      vertex 45.0001 -3.62524 5
      vertex 44.1656 -3.74771 4.45
      vertex 45.0001 -3.62524 4.45
    endloop
  endfacet
  facet normal 0.952189 0.305511 -1.22839e-17
    outer loop
      vertex 44.3326 -4.2682 5
      vertex 44.1656 -3.74771 4.45
      vertex 44.1656 -3.74771 5
    endloop
  endfacet
  facet normal 0.952189 0.305511 -1.22839e-17
    outer loop
      vertex 44.1656 -3.74771 4.45
      vertex 44.3326 -4.2682 5
      vertex 44.3326 -4.2682 4.45
    endloop
  endfacet
  facet normal 0.785499 0.618863 -2.58167e-17
    outer loop
      vertex 44.6114 -4.62207 5
      vertex 44.3326 -4.2682 4.45
      vertex 44.3326 -4.2682 5
    endloop
  endfacet
  facet normal 0.785499 0.618863 -2.58167e-17
    outer loop
      vertex 44.3326 -4.2682 4.45
      vertex 44.6114 -4.62207 5
      vertex 44.6114 -4.62207 4.45
    endloop
  endfacet
  facet normal 0.446281 0.894893 -0
    outer loop
      vertex 45.0183 -4.82499 4.45
      vertex 44.6114 -4.62207 5
      vertex 45.0183 -4.82499 5
    endloop
  endfacet
  facet normal 0.446281 0.894893 0
    outer loop
      vertex 44.6114 -4.62207 5
      vertex 45.0183 -4.82499 4.45
      vertex 44.6114 -4.62207 4.45
    endloop
  endfacet
  facet normal 0.121753 0.99256 -0
    outer loop
      vertex 45.5698 -4.89264 4.45
      vertex 45.0183 -4.82499 5
      vertex 45.5698 -4.89264 5
    endloop
  endfacet
  facet normal 0.121753 0.99256 0
    outer loop
      vertex 45.0183 -4.82499 5
      vertex 45.5698 -4.89264 4.45
      vertex 45.0183 -4.82499 4.45
    endloop
  endfacet
  facet normal -0.151988 0.988382 0
    outer loop
      vertex 46.1394 -4.80505 4.45
      vertex 45.5698 -4.89264 5
      vertex 46.1394 -4.80505 5
    endloop
  endfacet
  facet normal -0.151988 0.988382 0
    outer loop
      vertex 45.5698 -4.89264 5
      vertex 46.1394 -4.80505 4.45
      vertex 45.5698 -4.89264 4.45
    endloop
  endfacet
  facet normal -0.733502 0.679688 -5.40263e-18
    outer loop
      vertex 48.9572 -4.74096 4.45
      vertex 49.3788 -4.28598 5
      vertex 49.3788 -4.28598 4.45
    endloop
  endfacet
  facet normal -0.733502 0.679688 -5.40263e-18
    outer loop
      vertex 49.3788 -4.28598 5
      vertex 48.9572 -4.74096 4.45
      vertex 48.9572 -4.74096 5
    endloop
  endfacet
  facet normal 0 1 -0
    outer loop
      vertex 49.3958 -4.28598 4.45
      vertex 49.3788 -4.28598 5
      vertex 49.3958 -4.28598 5
    endloop
  endfacet
  facet normal 0 1 0
    outer loop
      vertex 49.3788 -4.28598 5
      vertex 49.3958 -4.28598 4.45
      vertex 49.3788 -4.28598 4.45
    endloop
  endfacet
  facet normal 0.975173 0.221446 -3.94513e-18
    outer loop
      vertex 49.4532 -4.53875 5
      vertex 49.3958 -4.28598 4.45
      vertex 49.3958 -4.28598 5
    endloop
  endfacet
  facet normal 0.975173 0.221446 -3.94513e-18
    outer loop
      vertex 49.3958 -4.28598 4.45
      vertex 49.4532 -4.53875 5
      vertex 49.4532 -4.53875 4.45
    endloop
  endfacet
  facet normal 0.846944 0.531682 7.61099e-18
    outer loop
      vertex 49.5681 -4.72178 5
      vertex 49.4532 -4.53875 4.45
      vertex 49.4532 -4.53875 5
    endloop
  endfacet
  facet normal 0.846944 0.531682 7.61099e-18
    outer loop
      vertex 49.4532 -4.53875 4.45
      vertex 49.5681 -4.72178 5
      vertex 49.5681 -4.72178 4.45
    endloop
  endfacet
  facet normal 0.518024 0.855366 -0
    outer loop
      vertex 49.7515 -4.83285 4.45
      vertex 49.5681 -4.72178 5
      vertex 49.7515 -4.83285 5
    endloop
  endfacet
  facet normal 0.518024 0.855366 0
    outer loop
      vertex 49.5681 -4.72178 5
      vertex 49.7515 -4.83285 4.45
      vertex 49.5681 -4.72178 4.45
    endloop
  endfacet
  facet normal 0.139699 0.990194 -0
    outer loop
      vertex 50.0139 -4.86987 4.45
      vertex 49.7515 -4.83285 5
      vertex 50.0139 -4.86987 5
    endloop
  endfacet
  facet normal 0.139699 0.990194 0
    outer loop
      vertex 49.7515 -4.83285 5
      vertex 50.0139 -4.86987 4.45
      vertex 49.7515 -4.83285 4.45
    endloop
  endfacet
  facet normal -0.0179746 0.999838 0
    outer loop
      vertex 50.094 -4.86843 4.45
      vertex 50.0139 -4.86987 5
      vertex 50.094 -4.86843 5
    endloop
  endfacet
  facet normal -0.0179746 0.999838 0
    outer loop
      vertex 50.0139 -4.86987 5
      vertex 50.094 -4.86843 4.45
      vertex 50.0139 -4.86987 4.45
    endloop
  endfacet
  facet normal -0.0614112 0.998113 0
    outer loop
      vertex 50.1634 -4.86416 4.45
      vertex 50.094 -4.86843 5
      vertex 50.1634 -4.86416 5
    endloop
  endfacet
  facet normal -0.0614112 0.998113 0
    outer loop
      vertex 50.094 -4.86843 5
      vertex 50.1634 -4.86416 4.45
      vertex 50.094 -4.86843 4.45
    endloop
  endfacet
  facet normal -0.102349 0.994749 0
    outer loop
      vertex 50.2257 -4.85775 4.45
      vertex 50.1634 -4.86416 5
      vertex 50.2257 -4.85775 5
    endloop
  endfacet
  facet normal -0.102349 0.994749 0
    outer loop
      vertex 50.1634 -4.86416 5
      vertex 50.2257 -4.85775 4.45
      vertex 50.1634 -4.86416 4.45
    endloop
  endfacet
  facet normal -0.132164 0.991228 0
    outer loop
      vertex 50.2845 -4.84991 4.45
      vertex 50.2257 -4.85775 5
      vertex 50.2845 -4.84991 5
    endloop
  endfacet
  facet normal -0.132164 0.991228 0
    outer loop
      vertex 50.2257 -4.85775 5
      vertex 50.2845 -4.84991 4.45
      vertex 50.2257 -4.85775 4.45
    endloop
  endfacet
  facet normal -0.172254 0.985053 0
    outer loop
      vertex 50.3414 -4.83996 4.45
      vertex 50.2845 -4.84991 5
      vertex 50.3414 -4.83996 5
    endloop
  endfacet
  facet normal -0.172254 0.985053 0
    outer loop
      vertex 50.2845 -4.84991 5
      vertex 50.3414 -4.83996 4.45
      vertex 50.2845 -4.84991 4.45
    endloop
  endfacet
  facet normal -0.219105 0.975701 0
    outer loop
      vertex 50.3984 -4.82716 4.45
      vertex 50.3414 -4.83996 5
      vertex 50.3984 -4.82716 5
    endloop
  endfacet
  facet normal -0.219105 0.975701 0
    outer loop
      vertex 50.3414 -4.83996 5
      vertex 50.3984 -4.82716 4.45
      vertex 50.3414 -4.83996 4.45
    endloop
  endfacet
  facet normal -0.240345 0.970687 0
    outer loop
      vertex 50.4589 -4.81218 4.45
      vertex 50.3984 -4.82716 5
      vertex 50.4589 -4.81218 5
    endloop
  endfacet
  facet normal -0.240345 0.970687 0
    outer loop
      vertex 50.3984 -4.82716 5
      vertex 50.4589 -4.81218 4.45
      vertex 50.3984 -4.82716 4.45
    endloop
  endfacet
  facet normal -0.235221 0.971942 0
    outer loop
      vertex 50.5265 -4.79582 4.45
      vertex 50.4589 -4.81218 5
      vertex 50.5265 -4.79582 5
    endloop
  endfacet
  facet normal -0.235221 0.971942 0
    outer loop
      vertex 50.4589 -4.81218 5
      vertex 50.5265 -4.79582 4.45
      vertex 50.4589 -4.81218 4.45
    endloop
  endfacet
  facet normal -1 0 0
    outer loop
      vertex 50.5265 -4.79582 4.45
      vertex 50.5265 -4.36288 5
      vertex 50.5265 -4.36288 4.45
    endloop
  endfacet
  facet normal -1 -0 0
    outer loop
      vertex 50.5265 -4.36288 5
      vertex 50.5265 -4.79582 4.45
      vertex 50.5265 -4.79582 5
    endloop
  endfacet
  facet normal 0.146111 -0.989268 0
    outer loop
      vertex 50.4397 -4.3757 4.45
      vertex 50.5265 -4.36288 5
      vertex 50.4397 -4.3757 5
    endloop
  endfacet
  facet normal 0.146111 -0.989268 0
    outer loop
      vertex 50.5265 -4.36288 5
      vertex 50.4397 -4.3757 4.45
      vertex 50.5265 -4.36288 4.45
    endloop
  endfacet
  facet normal 0.0477715 -0.998858 0
    outer loop
      vertex 50.35 -4.37999 4.45
      vertex 50.4397 -4.3757 5
      vertex 50.35 -4.37999 5
    endloop
  endfacet
  facet normal 0.0477715 -0.998858 0
    outer loop
      vertex 50.4397 -4.3757 5
      vertex 50.35 -4.37999 4.45
      vertex 50.4397 -4.3757 4.45
    endloop
  endfacet
  facet normal -0.205181 -0.978724 0
    outer loop
      vertex 50.2328 -4.35542 4.45
      vertex 50.35 -4.37999 5
      vertex 50.2328 -4.35542 5
    endloop
  endfacet
  facet normal -0.205181 -0.978724 -0
    outer loop
      vertex 50.35 -4.37999 5
      vertex 50.2328 -4.35542 4.45
      vertex 50.35 -4.37999 4.45
    endloop
  endfacet
  facet normal -0.686738 -0.726905 0
    outer loop
      vertex 50.1548 -4.28173 4.45
      vertex 50.2328 -4.35542 5
      vertex 50.1548 -4.28173 5
    endloop
  endfacet
  facet normal -0.686738 -0.726905 -0
    outer loop
      vertex 50.2328 -4.35542 5
      vertex 50.1548 -4.28173 4.45
      vertex 50.2328 -4.35542 4.45
    endloop
  endfacet
  facet normal -0.953655 -0.300901 -2.14206e-18
    outer loop
      vertex 50.1548 -4.28173 4.45
      vertex 50.1111 -4.14323 5
      vertex 50.1111 -4.14323 4.45
    endloop
  endfacet
  facet normal -0.953655 -0.300901 -2.14206e-18
    outer loop
      vertex 50.1111 -4.14323 5
      vertex 50.1548 -4.28173 4.45
      vertex 50.1548 -4.28173 5
    endloop
  endfacet
  facet normal -0.997784 -0.0665341 -2.26339e-19
    outer loop
      vertex 50.1111 -4.14323 4.45
      vertex 50.0965 -3.92428 5
      vertex 50.0965 -3.92428 4.45
    endloop
  endfacet
  facet normal -0.997784 -0.0665341 -2.26339e-19
    outer loop
      vertex 50.0965 -3.92428 5
      vertex 50.1111 -4.14323 4.45
      vertex 50.1111 -4.14323 5
    endloop
  endfacet
  facet normal -1 0 0
    outer loop
      vertex 50.0965 -3.92428 4.45
      vertex 50.0965 -2.80212 5
      vertex 50.0965 -2.80212 4.45
    endloop
  endfacet
  facet normal -1 -0 0
    outer loop
      vertex 50.0965 -2.80212 5
      vertex 50.0965 -3.92428 4.45
      vertex 50.0965 -3.92428 5
    endloop
  endfacet
  facet normal -0.986086 -0.166236 -5.34682e-18
    outer loop
      vertex 50.0965 -2.80212 4.45
      vertex 50.0174 -2.33291 5
      vertex 50.0174 -2.33291 4.45
    endloop
  endfacet
  facet normal -0.986086 -0.166236 -5.34682e-18
    outer loop
      vertex 50.0174 -2.33291 5
      vertex 50.0965 -2.80212 4.45
      vertex 50.0965 -2.80212 5
    endloop
  endfacet
  facet normal -0.826546 -0.562869 -2.63236e-19
    outer loop
      vertex 50.0174 -2.33291 4.45
      vertex 49.7803 -1.98474 5
      vertex 49.7803 -1.98474 4.45
    endloop
  endfacet
  facet normal -0.826546 -0.562869 -2.63236e-19
    outer loop
      vertex 49.7803 -1.98474 5
      vertex 50.0174 -2.33291 4.45
      vertex 50.0174 -2.33291 5
    endloop
  endfacet
  facet normal -0.490704 -0.871326 0
    outer loop
      vertex 49.3972 -1.76899 4.45
      vertex 49.7803 -1.98474 5
      vertex 49.3972 -1.76899 5
    endloop
  endfacet
  facet normal -0.490704 -0.871326 -0
    outer loop
      vertex 49.7803 -1.98474 5
      vertex 49.3972 -1.76899 4.45
      vertex 49.7803 -1.98474 4.45
    endloop
  endfacet
  facet normal -0.137791 -0.990461 0
    outer loop
      vertex 48.8803 -1.69708 4.45
      vertex 49.3972 -1.76899 5
      vertex 48.8803 -1.69708 5
    endloop
  endfacet
  facet normal -0.137791 -0.990461 -0
    outer loop
      vertex 49.3972 -1.76899 5
      vertex 48.8803 -1.69708 4.45
      vertex 49.3972 -1.76899 4.45
    endloop
  endfacet
  facet normal 0.111479 -0.993767 0
    outer loop
      vertex 48.363 -1.75511 4.45
      vertex 48.8803 -1.69708 5
      vertex 48.363 -1.75511 5
    endloop
  endfacet
  facet normal 0.111479 -0.993767 0
    outer loop
      vertex 48.8803 -1.69708 5
      vertex 48.363 -1.75511 4.45
      vertex 48.8803 -1.69708 4.45
    endloop
  endfacet
  facet normal 0.402894 -0.915247 0
    outer loop
      vertex 47.9675 -1.92921 4.45
      vertex 48.363 -1.75511 5
      vertex 47.9675 -1.92921 5
    endloop
  endfacet
  facet normal 0.402894 -0.915247 0
    outer loop
      vertex 48.363 -1.75511 5
      vertex 47.9675 -1.92921 4.45
      vertex 48.363 -1.75511 4.45
    endloop
  endfacet
  facet normal 0.727571 -0.686033 -8.72753e-18
    outer loop
      vertex 47.6973 -2.21577 5
      vertex 47.9675 -1.92921 4.45
      vertex 47.9675 -1.92921 5
    endloop
  endfacet
  facet normal 0.727571 -0.686033 -8.72753e-18
    outer loop
      vertex 47.9675 -1.92921 4.45
      vertex 47.6973 -2.21577 5
      vertex 47.6973 -2.21577 4.45
    endloop
  endfacet
  facet normal 0.94171 -0.336427 3.16811e-18
    outer loop
      vertex 47.556 -2.61129 5
      vertex 47.6973 -2.21577 4.45
      vertex 47.6973 -2.21577 5
    endloop
  endfacet
  facet normal 0.94171 -0.336427 3.16811e-18
    outer loop
      vertex 47.6973 -2.21577 4.45
      vertex 47.556 -2.61129 5
      vertex 47.556 -2.61129 4.45
    endloop
  endfacet
  facet normal 0.0477704 0.998858 -0
    outer loop
      vertex 48.3905 -2.6512 4.45
      vertex 47.556 -2.61129 5
      vertex 48.3905 -2.6512 5
    endloop
  endfacet
  facet normal 0.0477704 0.998858 0
    outer loop
      vertex 47.556 -2.61129 5
      vertex 48.3905 -2.6512 4.45
      vertex 47.556 -2.61129 4.45
    endloop
  endfacet
  facet normal -0.975509 0.219959 2.9828e-18
    outer loop
      vertex 48.3905 -2.6512 4.45
      vertex 48.4357 -2.45074 5
      vertex 48.4357 -2.45074 4.45
    endloop
  endfacet
  facet normal -0.975509 0.219959 2.9828e-18
    outer loop
      vertex 48.4357 -2.45074 5
      vertex 48.3905 -2.6512 4.45
      vertex 48.3905 -2.6512 5
    endloop
  endfacet
  facet normal -0.846791 0.531926 7.17163e-18
    outer loop
      vertex 48.4357 -2.45074 4.45
      vertex 48.52 -2.31654 5
      vertex 48.52 -2.31654 4.45
    endloop
  endfacet
  facet normal -0.846791 0.531926 7.17163e-18
    outer loop
      vertex 48.52 -2.31654 5
      vertex 48.4357 -2.45074 4.45
      vertex 48.4357 -2.45074 5
    endloop
  endfacet
  facet normal -0.493998 0.869463 0
    outer loop
      vertex 48.6535 -2.24069 4.45
      vertex 48.52 -2.31654 5
      vertex 48.6535 -2.24069 5
    endloop
  endfacet
  facet normal -0.493998 0.869463 0
    outer loop
      vertex 48.52 -2.31654 5
      vertex 48.6535 -2.24069 4.45
      vertex 48.52 -2.31654 4.45
    endloop
  endfacet
  facet normal -0.130124 0.991498 0
    outer loop
      vertex 48.8462 -2.2154 4.45
      vertex 48.6535 -2.24069 5
      vertex 48.8462 -2.2154 5
    endloop
  endfacet
  facet normal -0.130124 0.991498 0
    outer loop
      vertex 48.6535 -2.24069 5
      vertex 48.8462 -2.2154 4.45
      vertex 48.6535 -2.24069 4.45
    endloop
  endfacet
  facet normal 0.175502 0.984479 -0
    outer loop
      vertex 49.0519 -2.25207 4.45
      vertex 48.8462 -2.2154 5
      vertex 49.0519 -2.25207 5
    endloop
  endfacet
  facet normal 0.175502 0.984479 0
    outer loop
      vertex 48.8462 -2.2154 5
      vertex 49.0519 -2.25207 4.45
      vertex 48.8462 -2.2154 4.45
    endloop
  endfacet
  facet normal 0.620937 0.78386 -0
    outer loop
      vertex 49.1908 -2.3621 4.45
      vertex 49.0519 -2.25207 5
      vertex 49.1908 -2.3621 5
    endloop
  endfacet
  facet normal 0.620937 0.78386 0
    outer loop
      vertex 49.0519 -2.25207 5
      vertex 49.1908 -2.3621 4.45
      vertex 49.0519 -2.25207 4.45
    endloop
  endfacet
  facet normal 0.920018 0.391877 -5.64553e-18
    outer loop
      vertex 49.2698 -2.54757 5
      vertex 49.1908 -2.3621 4.45
      vertex 49.1908 -2.3621 5
    endloop
  endfacet
  facet normal 0.920018 0.391877 -5.64553e-18
    outer loop
      vertex 49.1908 -2.3621 4.45
      vertex 49.2698 -2.54757 5
      vertex 49.2698 -2.54757 4.45
    endloop
  endfacet
  facet normal 0.99504 0.0994738 -1.1679e-18
    outer loop
      vertex 49.2961 -2.81065 5
      vertex 49.2698 -2.54757 4.45
      vertex 49.2698 -2.54757 5
    endloop
  endfacet
  facet normal 0.99504 0.0994738 -1.1679e-18
    outer loop
      vertex 49.2698 -2.54757 4.45
      vertex 49.2961 -2.81065 5
      vertex 49.2961 -2.81065 4.45
    endloop
  endfacet
  facet normal 1 -0 0
    outer loop
      vertex 49.2961 -2.96731 5
      vertex 49.2961 -2.81065 4.45
      vertex 49.2961 -2.81065 5
    endloop
  endfacet
  facet normal 1 0 0
    outer loop
      vertex 49.2961 -2.81065 4.45
      vertex 49.2961 -2.96731 5
      vertex 49.2961 -2.96731 4.45
    endloop
  endfacet
  facet normal 0.0171489 -0.999853 0
    outer loop
      vertex 48.6326 -2.97869 4.45
      vertex 49.2961 -2.96731 5
      vertex 48.6326 -2.97869 5
    endloop
  endfacet
  facet normal 0.0171489 -0.999853 0
    outer loop
      vertex 49.2961 -2.96731 5
      vertex 48.6326 -2.97869 4.45
      vertex 49.2961 -2.96731 4.45
    endloop
  endfacet
  facet normal 0.127143 -0.991884 0
    outer loop
      vertex 48.1103 -3.04564 4.45
      vertex 48.6326 -2.97869 5
      vertex 48.1103 -3.04564 5
    endloop
  endfacet
  facet normal 0.127143 -0.991884 0
    outer loop
      vertex 48.6326 -2.97869 5
      vertex 48.1103 -3.04564 4.45
      vertex 48.6326 -2.97869 4.45
    endloop
  endfacet
  facet normal 0.444153 -0.895951 0
    outer loop
      vertex 47.7282 -3.23506 4.45
      vertex 48.1103 -3.04564 5
      vertex 47.7282 -3.23506 5
    endloop
  endfacet
  facet normal 0.444153 -0.895951 0
    outer loop
      vertex 48.1103 -3.04564 5
      vertex 47.7282 -3.23506 4.45
      vertex 48.1103 -3.04564 4.45
    endloop
  endfacet
  facet normal 0.796104 -0.60516 -1.43505e-17
    outer loop
      vertex 47.4944 -3.54263 5
      vertex 47.7282 -3.23506 4.45
      vertex 47.7282 -3.23506 5
    endloop
  endfacet
  facet normal 0.796104 -0.60516 -1.43505e-17
    outer loop
      vertex 47.7282 -3.23506 4.45
      vertex 47.4944 -3.54263 5
      vertex 47.4944 -3.54263 4.45
    endloop
  endfacet
  facet normal 0.983306 -0.18196 -5.24531e-18
    outer loop
      vertex 47.4164 -3.96414 5
      vertex 47.4944 -3.54263 4.45
      vertex 47.4944 -3.54263 5
    endloop
  endfacet
  facet normal 0.983306 -0.18196 -5.24531e-18
    outer loop
      vertex 47.4944 -3.54263 4.45
      vertex 47.4164 -3.96414 5
      vertex 47.4164 -3.96414 4.45
    endloop
  endfacet
  facet normal 0.987486 0.157708 -9.23406e-19
    outer loop
      vertex 47.479 -4.35611 5
      vertex 47.4164 -3.96414 4.45
      vertex 47.4164 -3.96414 5
    endloop
  endfacet
  facet normal 0.987486 0.157708 -9.23406e-19
    outer loop
      vertex 47.4164 -3.96414 4.45
      vertex 47.479 -4.35611 5
      vertex 47.479 -4.35611 4.45
    endloop
  endfacet
  facet normal 0.841653 0.540018 2.24725e-18
    outer loop
      vertex 47.667 -4.64912 5
      vertex 47.479 -4.35611 4.45
      vertex 47.479 -4.35611 5
    endloop
  endfacet
  facet normal 0.841653 0.540018 2.24725e-18
    outer loop
      vertex 47.479 -4.35611 4.45
      vertex 47.667 -4.64912 5
      vertex 47.667 -4.64912 4.45
    endloop
  endfacet
  facet normal 0.520244 0.854018 -0
    outer loop
      vertex 47.9668 -4.83175 4.45
      vertex 47.667 -4.64912 5
      vertex 47.9668 -4.83175 5
    endloop
  endfacet
  facet normal 0.520244 0.854018 0
    outer loop
      vertex 47.667 -4.64912 5
      vertex 47.9668 -4.83175 4.45
      vertex 47.667 -4.64912 4.45
    endloop
  endfacet
  facet normal 0.15123 0.988499 -0
    outer loop
      vertex 48.3648 -4.89264 4.45
      vertex 47.9668 -4.83175 5
      vertex 48.3648 -4.89264 5
    endloop
  endfacet
  facet normal 0.15123 0.988499 0
    outer loop
      vertex 47.9668 -4.83175 5
      vertex 48.3648 -4.89264 4.45
      vertex 47.9668 -4.83175 4.45
    endloop
  endfacet
  facet normal -0.248042 0.968749 0
    outer loop
      vertex 48.9572 -4.74096 4.45
      vertex 48.3648 -4.89264 5
      vertex 48.9572 -4.74096 5
    endloop
  endfacet
  facet normal -0.248042 0.968749 0
    outer loop
      vertex 48.3648 -4.89264 5
      vertex 48.9572 -4.74096 4.45
      vertex 48.3648 -4.89264 4.45
    endloop
  endfacet
  facet normal -0.562291 -0.82694 0
    outer loop
      vertex 48.352 -4.2276 4.45
      vertex 48.4698 -4.3077 5
      vertex 48.352 -4.2276 5
    endloop
  endfacet
  facet normal -0.562291 -0.82694 -0
    outer loop
      vertex 48.4698 -4.3077 5
      vertex 48.352 -4.2276 4.45
      vertex 48.4698 -4.3077 4.45
    endloop
  endfacet
  facet normal -0.871862 -0.489752 8.80619e-18
    outer loop
      vertex 48.352 -4.2276 4.45
      vertex 48.2762 -4.09266 5
      vertex 48.2762 -4.09266 4.45
    endloop
  endfacet
  facet normal -0.871862 -0.489752 8.80619e-18
    outer loop
      vertex 48.2762 -4.09266 5
      vertex 48.352 -4.2276 4.45
      vertex 48.352 -4.2276 5
    endloop
  endfacet
  facet normal -0.991358 -0.131185 1.14991e-18
    outer loop
      vertex 48.2762 -4.09266 4.45
      vertex 48.2509 -3.90147 5
      vertex 48.2509 -3.90147 4.45
    endloop
  endfacet
  facet normal -0.991358 -0.131185 1.14991e-18
    outer loop
      vertex 48.2509 -3.90147 5
      vertex 48.2762 -4.09266 4.45
      vertex 48.2762 -4.09266 5
    endloop
  endfacet
  facet normal -0.995086 0.0990167 -1.23339e-18
    outer loop
      vertex 48.2509 -3.90147 4.45
      vertex 48.2662 -3.74771 5
      vertex 48.2662 -3.74771 4.45
    endloop
  endfacet
  facet normal -0.995086 0.0990167 -1.23339e-18
    outer loop
      vertex 48.2662 -3.74771 5
      vertex 48.2509 -3.90147 4.45
      vertex 48.2509 -3.90147 5
    endloop
  endfacet
  facet normal -0.933627 0.358247 -3.63607e-18
    outer loop
      vertex 48.2662 -3.74771 4.45
      vertex 48.3121 -3.62809 5
      vertex 48.3121 -3.62809 4.45
    endloop
  endfacet
  facet normal -0.933627 0.358247 -3.63607e-18
    outer loop
      vertex 48.3121 -3.62809 5
      vertex 48.2662 -3.74771 4.45
      vertex 48.2662 -3.74771 5
    endloop
  endfacet
  facet normal -0.76516 0.64384 6.2038e-18
    outer loop
      vertex 48.3121 -3.62809 4.45
      vertex 48.3873 -3.53872 5
      vertex 48.3873 -3.53872 4.45
    endloop
  endfacet
  facet normal -0.76516 0.64384 6.2038e-18
    outer loop
      vertex 48.3873 -3.53872 5
      vertex 48.3121 -3.62809 4.45
      vertex 48.3121 -3.62809 5
    endloop
  endfacet
  facet normal -0.522523 0.852625 0
    outer loop
      vertex 48.4901 -3.47572 4.45
      vertex 48.3873 -3.53872 5
      vertex 48.4901 -3.47572 5
    endloop
  endfacet
  facet normal -0.522523 0.852625 0
    outer loop
      vertex 48.3873 -3.53872 5
      vertex 48.4901 -3.47572 4.45
      vertex 48.3873 -3.53872 4.45
    endloop
  endfacet
  facet normal -0.247688 0.96884 0
    outer loop
      vertex 48.6475 -3.43548 4.45
      vertex 48.4901 -3.47572 5
      vertex 48.6475 -3.43548 5
    endloop
  endfacet
  facet normal -0.247688 0.96884 0
    outer loop
      vertex 48.4901 -3.47572 5
      vertex 48.6475 -3.43548 4.45
      vertex 48.4901 -3.47572 4.45
    endloop
  endfacet
  facet normal -0.0876695 0.99615 0
    outer loop
      vertex 48.886 -3.41449 4.45
      vertex 48.6475 -3.43548 5
      vertex 48.886 -3.41449 5
    endloop
  endfacet
  facet normal -0.0876695 0.99615 0
    outer loop
      vertex 48.6475 -3.43548 5
      vertex 48.886 -3.41449 4.45
      vertex 48.6475 -3.43548 4.45
    endloop
  endfacet
  facet normal -0.0139708 0.999902 0
    outer loop
      vertex 49.2961 -3.40876 4.45
      vertex 48.886 -3.41449 5
      vertex 49.2961 -3.40876 5
    endloop
  endfacet
  facet normal -0.0139708 0.999902 0
    outer loop
      vertex 48.886 -3.41449 5
      vertex 49.2961 -3.40876 4.45
      vertex 48.886 -3.41449 4.45
    endloop
  endfacet
  facet normal 1 -0 0
    outer loop
      vertex 49.2961 -3.56543 5
      vertex 49.2961 -3.40876 4.45
      vertex 49.2961 -3.40876 5
    endloop
  endfacet
  facet normal 1 0 0
    outer loop
      vertex 49.2961 -3.40876 4.45
      vertex 49.2961 -3.56543 5
      vertex 49.2961 -3.56543 4.45
    endloop
  endfacet
  facet normal 0.993813 -0.111069 2.39862e-18
    outer loop
      vertex 49.2741 -3.76228 5
      vertex 49.2961 -3.56543 4.45
      vertex 49.2961 -3.56543 5
    endloop
  endfacet
  facet normal 0.993813 -0.111069 2.39862e-18
    outer loop
      vertex 49.2961 -3.56543 4.45
      vertex 49.2741 -3.76228 5
      vertex 49.2741 -3.76228 4.45
    endloop
  endfacet
  facet normal 0.942216 -0.335006 2.7511e-18
    outer loop
      vertex 49.2079 -3.94847 5
      vertex 49.2741 -3.76228 4.45
      vertex 49.2741 -3.76228 5
    endloop
  endfacet
  facet normal 0.942216 -0.335006 2.7511e-18
    outer loop
      vertex 49.2741 -3.76228 4.45
      vertex 49.2079 -3.94847 5
      vertex 49.2079 -3.94847 4.45
    endloop
  endfacet
  facet normal 0.837807 -0.545967 4.1281e-18
    outer loop
      vertex 49.1028 -4.10975 5
      vertex 49.2079 -3.94847 4.45
      vertex 49.2079 -3.94847 5
    endloop
  endfacet
  facet normal 0.837807 -0.545967 4.1281e-18
    outer loop
      vertex 49.2079 -3.94847 4.45
      vertex 49.1028 -4.10975 5
      vertex 49.1028 -4.10975 4.45
    endloop
  endfacet
  facet normal 0.661659 -0.749805 0
    outer loop
      vertex 48.9644 -4.23188 4.45
      vertex 49.1028 -4.10975 5
      vertex 48.9644 -4.23188 5
    endloop
  endfacet
  facet normal 0.661659 -0.749805 0
    outer loop
      vertex 49.1028 -4.10975 5
      vertex 48.9644 -4.23188 4.45
      vertex 49.1028 -4.10975 4.45
    endloop
  endfacet
  facet normal 0.425565 -0.904928 0
    outer loop
      vertex 48.8009 -4.30877 4.45
      vertex 48.9644 -4.23188 5
      vertex 48.8009 -4.30877 5
    endloop
  endfacet
  facet normal 0.425565 -0.904928 0
    outer loop
      vertex 48.9644 -4.23188 5
      vertex 48.8009 -4.30877 4.45
      vertex 48.9644 -4.23188 4.45
    endloop
  endfacet
  facet normal 0.141175 -0.989985 0
    outer loop
      vertex 48.6211 -4.33441 4.45
      vertex 48.8009 -4.30877 5
      vertex 48.6211 -4.33441 5
    endloop
  endfacet
  facet normal 0.141175 -0.989985 0
    outer loop
      vertex 48.8009 -4.30877 5
      vertex 48.6211 -4.33441 4.45
      vertex 48.8009 -4.30877 4.45
    endloop
  endfacet
  facet normal -0.173848 -0.984772 0
    outer loop
      vertex 48.4698 -4.3077 4.45
      vertex 48.6211 -4.33441 5
      vertex 48.4698 -4.3077 5
    endloop
  endfacet
  facet normal -0.173848 -0.984772 -0
    outer loop
      vertex 48.6211 -4.33441 5
      vertex 48.4698 -4.3077 4.45
      vertex 48.6211 -4.33441 4.45
    endloop
  endfacet
  facet normal -0.304308 0.952574 0
    outer loop
      vertex 52.7776 -4.75735 4.45
      vertex 52.46 -4.85881 5
      vertex 52.7776 -4.75735 5
    endloop
  endfacet
  facet normal -0.304308 0.952574 0
    outer loop
      vertex 52.46 -4.85881 5
      vertex 52.7776 -4.75735 4.45
      vertex 52.46 -4.85881 4.45
    endloop
  endfacet
  facet normal -0.517496 0.855685 0
    outer loop
      vertex 53.0478 -4.59394 4.45
      vertex 52.7776 -4.75735 5
      vertex 53.0478 -4.59394 5
    endloop
  endfacet
  facet normal -0.517496 0.855685 0
    outer loop
      vertex 52.7776 -4.75735 5
      vertex 53.0478 -4.59394 4.45
      vertex 52.7776 -4.75735 4.45
    endloop
  endfacet
  facet normal -0.718512 0.695514 -8.60534e-18
    outer loop
      vertex 53.0478 -4.59394 4.45
      vertex 53.2604 -4.37431 5
      vertex 53.2604 -4.37431 4.45
    endloop
  endfacet
  facet normal -0.718512 0.695514 -8.60534e-18
    outer loop
      vertex 53.2604 -4.37431 5
      vertex 53.0478 -4.59394 4.45
      vertex 53.0478 -4.59394 5
    endloop
  endfacet
  facet normal -0.87242 0.488758 -3.93604e-18
    outer loop
      vertex 53.2604 -4.37431 4.45
      vertex 53.4088 -4.10942 5
      vertex 53.4088 -4.10942 4.45
    endloop
  endfacet
  facet normal -0.87242 0.488758 -3.93604e-18
    outer loop
      vertex 53.4088 -4.10942 5
      vertex 53.2604 -4.37431 4.45
      vertex 53.2604 -4.37431 5
    endloop
  endfacet
  facet normal -0.967636 0.252351 2.47132e-18
    outer loop
      vertex 53.4088 -4.10942 4.45
      vertex 53.4868 -3.81033 5
      vertex 53.4868 -3.81033 4.45
    endloop
  endfacet
  facet normal -0.967636 0.252351 2.47132e-18
    outer loop
      vertex 53.4868 -3.81033 5
      vertex 53.4088 -4.10942 4.45
      vertex 53.4088 -4.10942 5
    endloop
  endfacet
  facet normal -0.0460169 -0.998941 0
    outer loop
      vertex 52.6836 -3.77333 4.45
      vertex 53.4868 -3.81033 5
      vertex 52.6836 -3.77333 5
    endloop
  endfacet
  facet normal -0.0460169 -0.998941 -0
    outer loop
      vertex 53.4868 -3.81033 5
      vertex 52.6836 -3.77333 4.45
      vertex 53.4868 -3.81033 4.45
    endloop
  endfacet
  facet normal 0.966574 -0.25639 -2.25461e-18
    outer loop
      vertex 52.6174 -4.0229 5
      vertex 52.6836 -3.77333 4.45
      vertex 52.6836 -3.77333 5
    endloop
  endfacet
  facet normal 0.966574 -0.25639 -2.25461e-18
    outer loop
      vertex 52.6836 -3.77333 4.45
      vertex 52.6174 -4.0229 5
      vertex 52.6174 -4.0229 4.45
    endloop
  endfacet
  facet normal 0.820857 -0.571134 8.28755e-18
    outer loop
      vertex 52.4928 -4.20198 5
      vertex 52.6174 -4.0229 4.45
      vertex 52.6174 -4.0229 5
    endloop
  endfacet
  facet normal 0.820857 -0.571134 8.28755e-18
    outer loop
      vertex 52.6174 -4.0229 4.45
      vertex 52.4928 -4.20198 5
      vertex 52.4928 -4.20198 4.45
    endloop
  endfacet
  facet normal 0.530609 -0.847617 0
    outer loop
      vertex 52.3205 -4.30984 4.45
      vertex 52.4928 -4.20198 5
      vertex 52.3205 -4.30984 5
    endloop
  endfacet
  facet normal 0.530609 -0.847617 0
    outer loop
      vertex 52.4928 -4.20198 5
      vertex 52.3205 -4.30984 4.45
      vertex 52.4928 -4.20198 4.45
    endloop
  endfacet
  facet normal 0.169205 -0.985581 0
    outer loop
      vertex 52.1111 -4.34579 4.45
      vertex 52.3205 -4.30984 5
      vertex 52.1111 -4.34579 5
    endloop
  endfacet
  facet normal 0.169205 -0.985581 0
    outer loop
      vertex 52.3205 -4.30984 5
      vertex 52.1111 -4.34579 4.45
      vertex 52.3205 -4.30984 4.45
    endloop
  endfacet
  facet normal -0.491382 -0.870944 0
    outer loop
      vertex 51.6391 -4.07949 4.45
      vertex 52.1111 -4.34579 5
      vertex 51.6391 -4.07949 5
    endloop
  endfacet
  facet normal -0.491382 -0.870944 -0
    outer loop
      vertex 52.1111 -4.34579 5
      vertex 51.6391 -4.07949 4.45
      vertex 52.1111 -4.34579 4.45
    endloop
  endfacet
  facet normal -0.981139 -0.193305 5.84054e-18
    outer loop
      vertex 51.6391 -4.07949 4.45
      vertex 51.4817 -3.28059 5
      vertex 51.4817 -3.28059 4.45
    endloop
  endfacet
  facet normal -0.981139 -0.193305 5.84054e-18
    outer loop
      vertex 51.4817 -3.28059 5
      vertex 51.6391 -4.07949 4.45
      vertex 51.6391 -4.07949 5
    endloop
  endfacet
  facet normal -0.980721 0.195413 -1.42897e-17
    outer loop
      vertex 51.4817 -3.28059 4.45
      vertex 51.6362 -2.5052 5
      vertex 51.6362 -2.5052 4.45
    endloop
  endfacet
  facet normal -0.980721 0.195413 -1.42897e-17
    outer loop
      vertex 51.6362 -2.5052 5
      vertex 51.4817 -3.28059 4.45
      vertex 51.4817 -3.28059 5
    endloop
  endfacet
  facet normal -0.486959 0.873425 0
    outer loop
      vertex 52.0998 -2.24673 4.45
      vertex 51.6362 -2.5052 5
      vertex 52.0998 -2.24673 5
    endloop
  endfacet
  facet normal -0.486959 0.873425 0
    outer loop
      vertex 51.6362 -2.5052 5
      vertex 52.0998 -2.24673 4.45
      vertex 51.6362 -2.5052 4.45
    endloop
  endfacet
  facet normal 0.15675 0.987638 -0
    outer loop
      vertex 52.3219 -2.28198 4.45
      vertex 52.0998 -2.24673 5
      vertex 52.3219 -2.28198 5
    endloop
  endfacet
  facet normal 0.15675 0.987638 0
    outer loop
      vertex 52.0998 -2.24673 5
      vertex 52.3219 -2.28198 4.45
      vertex 52.0998 -2.24673 4.45
    endloop
  endfacet
  facet normal 0.539097 0.842244 -0
    outer loop
      vertex 52.4871 -2.38772 4.45
      vertex 52.3219 -2.28198 5
      vertex 52.4871 -2.38772 5
    endloop
  endfacet
  facet normal 0.539097 0.842244 0
    outer loop
      vertex 52.3219 -2.28198 5
      vertex 52.4871 -2.38772 4.45
      vertex 52.3219 -2.28198 4.45
    endloop
  endfacet
  facet normal 0.829238 0.558896 7.20505e-18
    outer loop
      vertex 52.5982 -2.55256 5
      vertex 52.4871 -2.38772 4.45
      vertex 52.4871 -2.38772 5
    endloop
  endfacet
  facet normal 0.829238 0.558896 7.20505e-18
    outer loop
      vertex 52.4871 -2.38772 4.45
      vertex 52.5982 -2.55256 5
      vertex 52.5982 -2.55256 4.45
    endloop
  endfacet
  facet normal 0.96262 0.270854 5.62221e-18
    outer loop
      vertex 52.658 -2.76509 5
      vertex 52.5982 -2.55256 4.45
      vertex 52.5982 -2.55256 5
    endloop
  endfacet
  facet normal 0.96262 0.270854 5.62221e-18
    outer loop
      vertex 52.5982 -2.55256 4.45
      vertex 52.658 -2.76509 5
      vertex 52.658 -2.76509 4.45
    endloop
  endfacet
  facet normal -0.0493937 0.998779 0
    outer loop
      vertex 53.464 -2.72523 4.45
      vertex 52.658 -2.76509 5
      vertex 53.464 -2.72523 5
    endloop
  endfacet
  facet normal -0.0493937 0.998779 0
    outer loop
      vertex 52.658 -2.76509 5
      vertex 53.464 -2.72523 4.45
      vertex 52.658 -2.76509 4.45
    endloop
  endfacet
  facet normal -0.938894 -0.344207 -1.70548e-17
    outer loop
      vertex 53.464 -2.72523 4.45
      vertex 53.3066 -2.29589 5
      vertex 53.3066 -2.29589 4.45
    endloop
  endfacet
  facet normal -0.938894 -0.344207 -1.70548e-17
    outer loop
      vertex 53.3066 -2.29589 5
      vertex 53.464 -2.72523 4.45
      vertex 53.464 -2.72523 5
    endloop
  endfacet
  facet normal -0.746766 -0.665087 -1.72762e-17
    outer loop
      vertex 53.3066 -2.29589 4.45
      vertex 53.0168 -1.9705 5
      vertex 53.0168 -1.9705 4.45
    endloop
  endfacet
  facet normal -0.746766 -0.665087 -1.72762e-17
    outer loop
      vertex 53.0168 -1.9705 5
      vertex 53.3066 -2.29589 4.45
      vertex 53.3066 -2.29589 5
    endloop
  endfacet
  facet normal -0.453501 -0.891256 0
    outer loop
      vertex 52.6138 -1.76544 4.45
      vertex 53.0168 -1.9705 5
      vertex 52.6138 -1.76544 5
    endloop
  endfacet
  facet normal -0.453501 -0.891256 -0
    outer loop
      vertex 53.0168 -1.9705 5
      vertex 52.6138 -1.76544 4.45
      vertex 53.0168 -1.9705 4.45
    endloop
  endfacet
  facet normal -0.136289 -0.990669 0
    outer loop
      vertex 52.1169 -1.69708 4.45
      vertex 52.6138 -1.76544 5
      vertex 52.1169 -1.69708 5
    endloop
  endfacet
  facet normal -0.136289 -0.990669 -0
    outer loop
      vertex 52.6138 -1.76544 5
      vertex 52.1169 -1.69708 4.45
      vertex 52.6138 -1.76544 4.45
    endloop
  endfacet
  facet normal 0.167652 -0.985846 0
    outer loop
      vertex 51.491 -1.80352 4.45
      vertex 52.1169 -1.69708 5
      vertex 51.491 -1.80352 5
    endloop
  endfacet
  facet normal 0.167652 -0.985846 0
    outer loop
      vertex 52.1169 -1.69708 5
      vertex 51.491 -1.80352 4.45
      vertex 52.1169 -1.69708 4.45
    endloop
  endfacet
  facet normal 0.566135 -0.824313 0
    outer loop
      vertex 51.026 -2.12288 4.45
      vertex 51.491 -1.80352 5
      vertex 51.026 -2.12288 5
    endloop
  endfacet
  facet normal 0.566135 -0.824313 0
    outer loop
      vertex 51.491 -1.80352 5
      vertex 51.026 -2.12288 4.45
      vertex 51.491 -1.80352 4.45
    endloop
  endfacet
  facet normal 0.870527 -0.49212 2.94748e-17
    outer loop
      vertex 50.7376 -2.63304 5
      vertex 51.026 -2.12288 4.45
      vertex 51.026 -2.12288 5
    endloop
  endfacet
  facet normal 0.870527 -0.49212 2.94748e-17
    outer loop
      vertex 51.026 -2.12288 4.45
      vertex 50.7376 -2.63304 5
      vertex 50.7376 -2.63304 4.45
    endloop
  endfacet
  facet normal 0.990129 -0.140159 5.57042e-18
    outer loop
      vertex 50.6415 -3.31192 5
      vertex 50.7376 -2.63304 4.45
      vertex 50.7376 -2.63304 5
    endloop
  endfacet
  facet normal 0.990129 -0.140159 5.57042e-18
    outer loop
      vertex 50.7376 -2.63304 4.45
      vertex 50.6415 -3.31192 5
      vertex 50.6415 -3.31192 4.45
    endloop
  endfacet
  facet normal 0.989835 0.142219 -1.50057e-17
    outer loop
      vertex 50.7369 -3.9759 5
      vertex 50.6415 -3.31192 4.45
      vertex 50.6415 -3.31192 5
    endloop
  endfacet
  facet normal 0.989835 0.142219 -1.50057e-17
    outer loop
      vertex 50.6415 -3.31192 4.45
      vertex 50.7369 -3.9759 5
      vertex 50.7369 -3.9759 4.45
    endloop
  endfacet
  facet normal 0.86759 0.49728 -6.2487e-18
    outer loop
      vertex 51.0232 -4.4754 5
      vertex 50.7369 -3.9759 4.45
      vertex 50.7369 -3.9759 5
    endloop
  endfacet
  facet normal 0.86759 0.49728 -6.2487e-18
    outer loop
      vertex 50.7369 -3.9759 4.45
      vertex 51.0232 -4.4754 5
      vertex 51.0232 -4.4754 4.45
    endloop
  endfacet
  facet normal 0.561301 0.827611 -0
    outer loop
      vertex 51.4846 -4.78833 4.45
      vertex 51.0232 -4.4754 5
      vertex 51.4846 -4.78833 5
    endloop
  endfacet
  facet normal 0.561301 0.827611 0
    outer loop
      vertex 51.0232 -4.4754 5
      vertex 51.4846 -4.78833 4.45
      vertex 51.0232 -4.4754 4.45
    endloop
  endfacet
  facet normal 0.165676 0.98618 -0
    outer loop
      vertex 52.1055 -4.89264 4.45
      vertex 51.4846 -4.78833 5
      vertex 52.1055 -4.89264 5
    endloop
  endfacet
  facet normal 0.165676 0.98618 0
    outer loop
      vertex 51.4846 -4.78833 5
      vertex 52.1055 -4.89264 4.45
      vertex 51.4846 -4.78833 4.45
    endloop
  endfacet
  facet normal -0.0949986 0.995477 0
    outer loop
      vertex 52.46 -4.85881 4.45
      vertex 52.1055 -4.89264 5
      vertex 52.46 -4.85881 5
    endloop
  endfacet
  facet normal -0.0949986 0.995477 0
    outer loop
      vertex 52.1055 -4.89264 5
      vertex 52.46 -4.85881 4.45
      vertex 52.1055 -4.89264 4.45
    endloop
  endfacet
  facet normal -0.980806 -0.194989 -6.56329e-20
    outer loop
      vertex -93.5478 -19.7764 0
      vertex -93.6243 -19.3916 5
      vertex -93.6243 -19.3916 0
    endloop
  endfacet
  facet normal -0.980806 -0.194989 -6.56329e-20
    outer loop
      vertex -93.6243 -19.3916 5
      vertex -93.5478 -19.7764 0
      vertex -93.5478 -19.7764 5
    endloop
  endfacet
  facet normal -0.946885 -0.321574 7.07938e-20
    outer loop
      vertex -93.4216 -20.148 0
      vertex -93.5478 -19.7764 5
      vertex -93.5478 -19.7764 0
    endloop
  endfacet
  facet normal -0.946885 -0.321574 7.07938e-20
    outer loop
      vertex -93.5478 -19.7764 5
      vertex -93.4216 -20.148 0
      vertex -93.4216 -20.148 5
    endloop
  endfacet
  facet normal -0.997853 -0.0654873 1.11371e-19
    outer loop
      vertex -93.6243 -19.3916 0
      vertex -93.65 -19 5
      vertex -93.65 -19 0
    endloop
  endfacet
  facet normal -0.997853 -0.0654873 1.11371e-19
    outer loop
      vertex -93.65 -19 5
      vertex -93.6243 -19.3916 0
      vertex -93.6243 -19.3916 5
    endloop
  endfacet
  facet normal 0 -1 0
    outer loop
      vertex -90.65 -22 0
      vertex 90.65 -22 5
      vertex -90.65 -22 5
    endloop
  endfacet
  facet normal 0 -1 -0
    outer loop
      vertex 90.65 -22 5
      vertex -90.65 -22 0
      vertex 90.65 -22 0
    endloop
  endfacet
  facet normal -0 0 1
    outer loop
      vertex -83.5928 11.1684 5
      vertex -73.1557 4.78828 5
      vertex -83.1751 11.5251 5
    endloop
  endfacet
  facet normal 0 0 1
    outer loop
      vertex -74 0 5
      vertex -82.1931 -13.4525 5
      vertex -82.15 -14 5
    endloop
  endfacet
  facet normal 0 0 1
    outer loop
      vertex -73.1557 4.78828 5
      vertex -83.5928 11.1684 5
      vertex -73.523 3.62347 5
    endloop
  endfacet
  facet normal 0 0 1
    outer loop
      vertex -74 0 5
      vertex -82.3213 -12.9184 5
      vertex -82.1931 -13.4525 5
    endloop
  endfacet
  facet normal -0 0 1
    outer loop
      vertex -84.061 10.8815 5
      vertex -73.523 3.62347 5
      vertex -83.5928 11.1684 5
    endloop
  endfacet
  facet normal 0 0 1
    outer loop
      vertex -74 0 5
      vertex -82.5315 -12.411 5
      vertex -82.3213 -12.9184 5
    endloop
  endfacet
  facet normal 0 0 1
    outer loop
      vertex -73.523 3.62347 5
      vertex -84.061 10.8815 5
      vertex -73.7873 2.43107 5
    endloop
  endfacet
  facet normal 0 0 1
    outer loop
      vertex -74 0 5
      vertex -82.8184 -11.9428 5
      vertex -82.5315 -12.411 5
    endloop
  endfacet
  facet normal -0 0 1
    outer loop
      vertex -84.5684 10.6713 5
      vertex -73.7873 2.43107 5
      vertex -84.061 10.8815 5
    endloop
  endfacet
  facet normal 0 0 1
    outer loop
      vertex -74 0 5
      vertex -83.1751 -11.5251 5
      vertex -82.8184 -11.9428 5
    endloop
  endfacet
  facet normal 0 0 1
    outer loop
      vertex -73.7873 2.43107 5
      vertex -84.5684 10.6713 5
      vertex -73.9467 1.22018 5
    endloop
  endfacet
  facet normal 0 0 1
    outer loop
      vertex -74 0 5
      vertex -83.5928 -11.1684 5
      vertex -83.1751 -11.5251 5
    endloop
  endfacet
  facet normal -0 0 1
    outer loop
      vertex -85.1025 10.5431 5
      vertex -73.9467 1.22018 5
      vertex -84.5684 10.6713 5
    endloop
  endfacet
  facet normal 0 0 1
    outer loop
      vertex -74 0 5
      vertex -84.061 -10.8815 5
      vertex -83.5928 -11.1684 5
    endloop
  endfacet
  facet normal 0 0 1
    outer loop
      vertex -73.9467 1.22018 5
      vertex -85.1025 10.5431 5
      vertex -74 0 5
    endloop
  endfacet
  facet normal 0 0 1
    outer loop
      vertex -74 0 5
      vertex -84.5684 -10.6713 5
      vertex -84.061 -10.8815 5
    endloop
  endfacet
  facet normal 0 0 1
    outer loop
      vertex -85.1025 -10.5431 5
      vertex -74 0 5
      vertex -85.1025 10.5431 5
    endloop
  endfacet
  facet normal 0 0 1
    outer loop
      vertex -74 0 5
      vertex -85.1025 -10.5431 5
      vertex -84.5684 -10.6713 5
    endloop
  endfacet
  facet normal -0 0 1
    outer loop
      vertex -85.65 10.5 5
      vertex -85.1025 -10.5431 5
      vertex -85.1025 10.5431 5
    endloop
  endfacet
  facet normal 0 0 1
    outer loop
      vertex -85.65 10.5 5
      vertex -85.65 -10.5 5
      vertex -85.1025 -10.5431 5
    endloop
  endfacet
  facet normal 0 0 1
    outer loop
      vertex -86.1975 10.5431 5
      vertex -85.65 -10.5 5
      vertex -85.65 10.5 5
    endloop
  endfacet
  facet normal 0 0 1
    outer loop
      vertex -86.1975 10.5431 5
      vertex -86.1975 -10.5431 5
      vertex -85.65 -10.5 5
    endloop
  endfacet
  facet normal 0 0 1
    outer loop
      vertex -86.7316 10.6713 5
      vertex -86.1975 -10.5431 5
      vertex -86.1975 10.5431 5
    endloop
  endfacet
  facet normal 0 0 1
    outer loop
      vertex -86.7316 10.6713 5
      vertex -86.7316 -10.6713 5
      vertex -86.1975 -10.5431 5
    endloop
  endfacet
  facet normal 0 0 1
    outer loop
      vertex -87.239 10.8815 5
      vertex -86.7316 -10.6713 5
      vertex -86.7316 10.6713 5
    endloop
  endfacet
  facet normal 0 0 1
    outer loop
      vertex -87.239 10.8815 5
      vertex -87.239 -10.8815 5
      vertex -86.7316 -10.6713 5
    endloop
  endfacet
  facet normal 0 0 1
    outer loop
      vertex -87.7072 11.1684 5
      vertex -87.239 -10.8815 5
      vertex -87.239 10.8815 5
    endloop
  endfacet
  facet normal 0 0 1
    outer loop
      vertex -87.7072 11.1684 5
      vertex -87.7072 -11.1684 5
      vertex -87.239 -10.8815 5
    endloop
  endfacet
  facet normal 0 0 1
    outer loop
      vertex -88.1249 11.5251 5
      vertex -87.7072 -11.1684 5
      vertex -87.7072 11.1684 5
    endloop
  endfacet
  facet normal 0 0 1
    outer loop
      vertex -88.1249 11.5251 5
      vertex -88.1249 -11.5251 5
      vertex -87.7072 -11.1684 5
    endloop
  endfacet
  facet normal 0 0 1
    outer loop
      vertex -88.4816 11.9428 5
      vertex -88.1249 -11.5251 5
      vertex -88.1249 11.5251 5
    endloop
  endfacet
  facet normal 0 0 1
    outer loop
      vertex -88.4816 11.9428 5
      vertex -88.4816 -11.9428 5
      vertex -88.1249 -11.5251 5
    endloop
  endfacet
  facet normal 0 0 1
    outer loop
      vertex -88.7685 12.411 5
      vertex -88.4816 -11.9428 5
      vertex -88.4816 11.9428 5
    endloop
  endfacet
  facet normal 0 0 1
    outer loop
      vertex -88.7685 12.411 5
      vertex -88.7685 -12.411 5
      vertex -88.4816 -11.9428 5
    endloop
  endfacet
  facet normal 0 0 1
    outer loop
      vertex -93.65 19 5
      vertex -88.7685 12.411 5
      vertex -88.9787 12.9184 5
    endloop
  endfacet
  facet normal 0 0 1
    outer loop
      vertex -88.7685 12.411 5
      vertex -93.65 19 5
      vertex -88.7685 -12.411 5
    endloop
  endfacet
  facet normal 0 0 1
    outer loop
      vertex -93.65 19 5
      vertex -88.9787 12.9184 5
      vertex -89.1069 13.4525 5
    endloop
  endfacet
  facet normal 0 0 1
    outer loop
      vertex -93.65 -19 5
      vertex -88.7685 -12.411 5
      vertex -93.65 19 5
    endloop
  endfacet
  facet normal 0 0 1
    outer loop
      vertex -93.65 19 5
      vertex -89.1069 13.4525 5
      vertex -89.15 14 5
    endloop
  endfacet
  facet normal 0 0 1
    outer loop
      vertex -88.7685 -12.411 5
      vertex -93.65 -19 5
      vertex -88.9787 -12.9184 5
    endloop
  endfacet
  facet normal 0 0 1
    outer loop
      vertex -36.6386 -1.47204 5
      vertex -37.9345 -1.47204 5
      vertex -36.6386 -4.83567 5
    endloop
  endfacet
  facet normal 0 0 1
    outer loop
      vertex -33.8387 1.88932 5
      vertex -34.991 2.34361 5
      vertex -33.7732 1.37844 5
    endloop
  endfacet
  facet normal -0 0 1
    outer loop
      vertex -35.3509 2.21864 5
      vertex -33.7732 1.37844 5
      vertex -34.991 2.34361 5
    endloop
  endfacet
  facet normal 0 0 1
    outer loop
      vertex -33.7732 1.37844 5
      vertex -35.3509 2.21864 5
      vertex -34.4996 -0.822674 5
    endloop
  endfacet
  facet normal 0 0 1
    outer loop
      vertex -36.7696 0.764324 5
      vertex -35.3509 2.21864 5
      vertex -35.7728 2.17698 5
    endloop
  endfacet
  facet normal 0 0 1
    outer loop
      vertex -36.7696 0.764324 5
      vertex -35.7728 2.17698 5
      vertex -36.7696 2.17698 5
    endloop
  endfacet
  facet normal 0 0 1
    outer loop
      vertex -35.3509 2.21864 5
      vertex -36.7696 0.764324 5
      vertex -34.4996 -0.822674 5
    endloop
  endfacet
  facet normal 0 0 1
    outer loop
      vertex -37.9345 -0.822674 5
      vertex -36.7696 0.764324 5
      vertex -37.6098 0.764324 5
    endloop
  endfacet
  facet normal 0 0 1
    outer loop
      vertex -36.7696 0.764324 5
      vertex -37.9345 -0.822674 5
      vertex -34.4996 -0.822674 5
    endloop
  endfacet
  facet normal 0 0 1
    outer loop
      vertex -29.8151 -1.47204 5
      vertex -31.7073 -2.61024 5
      vertex -31.6079 -3.292 5
    endloop
  endfacet
  facet normal 0 0 1
    outer loop
      vertex -32.0052 -2.10864 5
      vertex -31.0219 0.764324 5
      vertex -31.7852 0.764324 5
    endloop
  endfacet
  facet normal -0 0 1
    outer loop
      vertex -32.0148 1.07406 5
      vertex -31.7852 0.764324 5
      vertex -31.8108 1.12248 5
    endloop
  endfacet
  facet normal -0 0 1
    outer loop
      vertex -31.8336 1.37667 5
      vertex -31.8108 1.12248 5
      vertex -31.8194 1.37667 5
    endloop
  endfacet
  facet normal 0 0 1
    outer loop
      vertex -31.8108 1.12248 5
      vertex -31.8336 1.37667 5
      vertex -32.0148 1.07406 5
    endloop
  endfacet
  facet normal 0 0 1
    outer loop
      vertex -29.8151 -0.822674 5
      vertex -32.0052 -2.10864 5
      vertex -31.7073 -2.61024 5
    endloop
  endfacet
  facet normal 0 0 1
    outer loop
      vertex -31.7852 0.764324 5
      vertex -32.0148 1.07406 5
      vertex -32.2395 0.866848 5
    endloop
  endfacet
  facet normal 0 0 1
    outer loop
      vertex -32.509 0.747234 5
      vertex -31.7852 0.764324 5
      vertex -32.2395 0.866848 5
    endloop
  endfacet
  facet normal 0 0 1
    outer loop
      vertex -31.7852 0.764324 5
      vertex -32.4919 -1.79997 5
      vertex -32.0052 -2.10864 5
    endloop
  endfacet
  facet normal 0 0 1
    outer loop
      vertex -31.7852 0.764324 5
      vertex -32.509 0.747234 5
      vertex -32.4919 -1.79997 5
    endloop
  endfacet
  facet normal -0 0 1
    outer loop
      vertex -32.8248 0.707363 5
      vertex -32.4919 -1.79997 5
      vertex -32.509 0.747234 5
    endloop
  endfacet
  facet normal 0 0 1
    outer loop
      vertex -32.8248 0.707363 5
      vertex -33.1573 -1.69708 5
      vertex -32.4919 -1.79997 5
    endloop
  endfacet
  facet normal 0 0 1
    outer loop
      vertex -33.2577 0.782482 5
      vertex -33.1573 -1.69708 5
      vertex -32.8248 0.707363 5
    endloop
  endfacet
  facet normal 0 0 1
    outer loop
      vertex -34.4996 -0.822674 5
      vertex -33.2577 0.782482 5
      vertex -33.5767 1.00784 5
    endloop
  endfacet
  facet normal 0 0 1
    outer loop
      vertex -34.4996 -0.822674 5
      vertex -33.5767 1.00784 5
      vertex -33.7732 1.37844 5
    endloop
  endfacet
  facet normal 0 0 1
    outer loop
      vertex -33.2577 0.782482 5
      vertex -34.4996 -0.822674 5
      vertex -33.1573 -1.69708 5
    endloop
  endfacet
  facet normal -0 0 1
    outer loop
      vertex -34.7001 2.54475 5
      vertex -33.8387 1.88932 5
      vertex -34.4854 2.81495 5
    endloop
  endfacet
  facet normal 0 0 1
    outer loop
      vertex -33.1573 -1.69708 5
      vertex -34.4996 -0.822674 5
      vertex -33.8131 -1.80352 5
    endloop
  endfacet
  facet normal 0 0 1
    outer loop
      vertex -28.5746 1.82524 5
      vertex -28.4507 1.5903 5
      vertex -28.4817 1.72308 5
    endloop
  endfacet
  facet normal 0 0 1
    outer loop
      vertex -28.6045 1.32254 5
      vertex -28.4507 1.5903 5
      vertex -28.5746 1.82524 5
    endloop
  endfacet
  facet normal 0 0 1
    outer loop
      vertex -28.4507 1.5903 5
      vertex -28.6045 1.32254 5
      vertex -28.4892 1.43222 5
    endloop
  endfacet
  facet normal 0 0 1
    outer loop
      vertex -28.7416 1.90535 5
      vertex -28.6045 1.32254 5
      vertex -28.5746 1.82524 5
    endloop
  endfacet
  facet normal 0 0 1
    outer loop
      vertex -28.7416 1.90535 5
      vertex -28.8039 1.25846 5
      vertex -28.6045 1.32254 5
    endloop
  endfacet
  facet normal 0 0 1
    outer loop
      vertex -28.9947 1.97195 5
      vertex -28.8039 1.25846 5
      vertex -28.7416 1.90535 5
    endloop
  endfacet
  facet normal 0 0 1
    outer loop
      vertex -28.9947 1.97195 5
      vertex -29.0944 1.23712 5
      vertex -28.8039 1.25846 5
    endloop
  endfacet
  facet normal 0 0 1
    outer loop
      vertex -28.9947 1.97195 5
      vertex -29.4045 1.2599 5
      vertex -29.0944 1.23712 5
    endloop
  endfacet
  facet normal 0 0 1
    outer loop
      vertex -29.5622 2.10116 5
      vertex -29.4045 1.2599 5
      vertex -28.9947 1.97195 5
    endloop
  endfacet
  facet normal -0 0 1
    outer loop
      vertex -29.7306 1.45143 5
      vertex -29.4045 1.2599 5
      vertex -29.5622 2.10116 5
    endloop
  endfacet
  facet normal 0 0 1
    outer loop
      vertex -29.4045 1.2599 5
      vertex -29.7306 1.45143 5
      vertex -29.6057 1.32826 5
    endloop
  endfacet
  facet normal 0 0 1
    outer loop
      vertex -29.5622 2.10116 5
      vertex -29.8121 1.63867 5
      vertex -29.7306 1.45143 5
    endloop
  endfacet
  facet normal 0 0 1
    outer loop
      vertex -29.909 2.22113 5
      vertex -29.8121 1.63867 5
      vertex -29.5622 2.10116 5
    endloop
  endfacet
  facet normal 0 0 1
    outer loop
      vertex -30.5156 1.53329 5
      vertex -29.909 2.22113 5
      vertex -30.1172 2.35357 5
    endloop
  endfacet
  facet normal 0 0 1
    outer loop
      vertex -30.5156 1.53329 5
      vertex -30.1172 2.35357 5
      vertex -30.2693 2.52017 5
    endloop
  endfacet
  facet normal 0 0 1
    outer loop
      vertex -29.909 2.22113 5
      vertex -30.5156 1.53329 5
      vertex -29.8121 1.63867 5
    endloop
  endfacet
  facet normal 0 0 1
    outer loop
      vertex -31.0447 1.45358 5
      vertex -30.2693 2.52017 5
      vertex -30.3622 2.7249 5
    endloop
  endfacet
  facet normal 0 0 1
    outer loop
      vertex -31.0447 3.84597 5
      vertex -30.3622 2.7249 5
      vertex -30.3932 2.97161 5
    endloop
  endfacet
  facet normal 0 0 1
    outer loop
      vertex -30.5156 1.53329 5
      vertex -31.0447 1.45358 5
      vertex -31.039 1.08474 5
    endloop
  endfacet
  facet normal 0 0 1
    outer loop
      vertex -32.023 1.55467 5
      vertex -33.0383 2.11718 5
      vertex -32.9016 1.50837 5
    endloop
  endfacet
  facet normal -0 0 1
    outer loop
      vertex -34.4854 2.81495 5
      vertex -33.8387 1.88932 5
      vertex -34.353 3.14035 5
    endloop
  endfacet
  facet normal -0 0 1
    outer loop
      vertex -34.991 2.34361 5
      vertex -33.8387 1.88932 5
      vertex -34.7001 2.54475 5
    endloop
  endfacet
  facet normal -0 0 1
    outer loop
      vertex -34.4996 -1.47204 5
      vertex -33.8131 -1.80352 5
      vertex -34.4996 -0.822674 5
    endloop
  endfacet
  facet normal 0 0 1
    outer loop
      vertex -33.8131 -1.80352 5
      vertex -34.4996 -1.47204 5
      vertex -34.3051 -2.12288 5
    endloop
  endfacet
  facet normal 0 0 1
    outer loop
      vertex -34.4996 -1.47204 5
      vertex -34.6127 -2.62806 5
      vertex -34.3051 -2.12288 5
    endloop
  endfacet
  facet normal -0 0 1
    outer loop
      vertex -35.7984 -1.47204 5
      vertex -34.6127 -2.62806 5
      vertex -34.4996 -1.47204 5
    endloop
  endfacet
  facet normal 0 0 1
    outer loop
      vertex -34.6127 -2.62806 5
      vertex -35.7984 -1.47204 5
      vertex -34.7152 -3.292 5
    endloop
  endfacet
  facet normal 0 0 1
    outer loop
      vertex -28.5192 -1.47204 5
      vertex -29.8151 -1.47204 5
      vertex -28.5192 -4.83567 5
    endloop
  endfacet
  facet normal 0 0 1
    outer loop
      vertex -27.7871 3.07414 5
      vertex -27.817 2.09866 5
      vertex -27.7412 1.90535 5
    endloop
  endfacet
  facet normal 0 0 1
    outer loop
      vertex -27.7871 3.07414 5
      vertex -27.9352 2.25282 5
      vertex -27.817 2.09866 5
    endloop
  endfacet
  facet normal 0 0 1
    outer loop
      vertex -27.7871 3.07414 5
      vertex -28.0876 2.37637 5
      vertex -27.9352 2.25282 5
    endloop
  endfacet
  facet normal 0 0 1
    outer loop
      vertex -27.7871 3.07414 5
      vertex -28.2848 2.47711 5
      vertex -28.0876 2.37637 5
    endloop
  endfacet
  facet normal -0 0 1
    outer loop
      vertex -28.4963 3.00009 5
      vertex -28.2848 2.47711 5
      vertex -27.7871 3.07414 5
    endloop
  endfacet
  facet normal 0 0 1
    outer loop
      vertex -28.4963 3.00009 5
      vertex -28.5376 2.56289 5
      vertex -28.2848 2.47711 5
    endloop
  endfacet
  facet normal 0 0 1
    outer loop
      vertex -28.8384 2.64015 5
      vertex -28.4963 3.00009 5
      vertex -28.5554 3.1642 5
    endloop
  endfacet
  facet normal 0 0 1
    outer loop
      vertex -28.8384 2.64015 5
      vertex -28.5554 3.1642 5
      vertex -28.6644 3.28061 5
    endloop
  endfacet
  facet normal 0 0 1
    outer loop
      vertex -28.8384 2.64015 5
      vertex -28.6644 3.28061 5
      vertex -28.8374 3.35003 5
    endloop
  endfacet
  facet normal 0 0 1
    outer loop
      vertex -28.4963 3.00009 5
      vertex -28.8384 2.64015 5
      vertex -28.5376 2.56289 5
    endloop
  endfacet
  facet normal 0 0 1
    outer loop
      vertex -29.1798 2.7153 5
      vertex -28.8374 3.35003 5
      vertex -29.0887 3.37318 5
    endloop
  endfacet
  facet normal 0 0 1
    outer loop
      vertex -28.8374 3.35003 5
      vertex -29.1798 2.7153 5
      vertex -28.8384 2.64015 5
    endloop
  endfacet
  facet normal -0 0 1
    outer loop
      vertex -29.3379 3.35502 5
      vertex -29.1798 2.7153 5
      vertex -29.0887 3.37318 5
    endloop
  endfacet
  facet normal 0 0 1
    outer loop
      vertex -29.3379 3.35502 5
      vertex -29.4016 2.77331 5
      vertex -29.1798 2.7153 5
    endloop
  endfacet
  facet normal -0 0 1
    outer loop
      vertex -29.5159 3.30056 5
      vertex -29.4016 2.77331 5
      vertex -29.3379 3.35502 5
    endloop
  endfacet
  facet normal 0 0 1
    outer loop
      vertex -29.5159 3.30056 5
      vertex -29.5487 2.84486 5
      vertex -29.4016 2.77331 5
    endloop
  endfacet
  facet normal 0 0 1
    outer loop
      vertex -29.6583 3.05705 5
      vertex -29.5159 3.30056 5
      vertex -29.6227 3.20337 5
    endloop
  endfacet
  facet normal 0 0 1
    outer loop
      vertex -29.5159 3.30056 5
      vertex -29.6583 3.05705 5
      vertex -29.5487 2.84486 5
    endloop
  endfacet
  facet normal 0 0 1
    outer loop
      vertex -29.5487 2.84486 5
      vertex -29.6583 3.05705 5
      vertex -29.6309 2.93707 5
    endloop
  endfacet
  facet normal -0 0 1
    outer loop
      vertex -26.3449 2.41337 5
      vertex -25.1487 0.764324 5
      vertex -25.1487 2.49026 5
    endloop
  endfacet
  facet normal -0 0 1
    outer loop
      vertex -26.1669 3.05276 5
      vertex -25.1487 2.49026 5
      vertex -25.2861 3.09906 5
    endloop
  endfacet
  facet normal 0 0 1
    outer loop
      vertex -26.1669 3.05276 5
      vertex -25.2861 3.09906 5
      vertex -25.6984 3.30198 5
    endloop
  endfacet
  facet normal 0 0 1
    outer loop
      vertex -26.3803 -0.822674 5
      vertex -25.1487 0.764324 5
      vertex -26.3449 0.764324 5
    endloop
  endfacet
  facet normal 0 0 1
    outer loop
      vertex -26.1669 3.05276 5
      vertex -25.6984 3.30198 5
      vertex -25.9608 3.23968 5
    endloop
  endfacet
  facet normal 0 0 1
    outer loop
      vertex -25.1487 0.764324 5
      vertex -26.3803 -0.822674 5
      vertex -25.1889 -1.69708 5
    endloop
  endfacet
  facet normal 0 0 1
    outer loop
      vertex -25.1487 2.49026 5
      vertex -26.1669 3.05276 5
      vertex -26.3004 2.76832 5
    endloop
  endfacet
  facet normal 0 0 1
    outer loop
      vertex -25.1487 2.49026 5
      vertex -26.3004 2.76832 5
      vertex -26.3449 2.41337 5
    endloop
  endfacet
  facet normal 0 0 1
    outer loop
      vertex -25.1487 0.764324 5
      vertex -26.3449 2.41337 5
      vertex -26.3449 0.764324 5
    endloop
  endfacet
  facet normal 0 0 1
    outer loop
      vertex -25.1889 -1.69708 5
      vertex -26.3803 -0.822674 5
      vertex -25.7062 -1.75511 5
    endloop
  endfacet
  facet normal -0 0 1
    outer loop
      vertex -26.3803 -1.47204 5
      vertex -25.7062 -1.75511 5
      vertex -26.3803 -0.822674 5
    endloop
  endfacet
  facet normal 0 0 1
    outer loop
      vertex -25.7062 -1.75511 5
      vertex -26.3803 -1.47204 5
      vertex -26.1017 -1.92921 5
    endloop
  endfacet
  facet normal -0 0 1
    outer loop
      vertex -27.1452 0.764324 5
      vertex -26.3803 -0.822674 5
      vertex -26.3449 0.764324 5
    endloop
  endfacet
  facet normal -0 0 1
    outer loop
      vertex -27.8074 1.26524 5
      vertex -27.1452 0.764324 5
      vertex -27.7159 1.66433 5
    endloop
  endfacet
  facet normal -0 0 1
    outer loop
      vertex -28.0819 0.962261 5
      vertex -27.1452 0.764324 5
      vertex -27.8074 1.26524 5
    endloop
  endfacet
  facet normal -0 0 1
    outer loop
      vertex -28.518 0.771099 5
      vertex -27.1452 0.764324 5
      vertex -28.0819 0.962261 5
    endloop
  endfacet
  facet normal 0 0 1
    outer loop
      vertex -27.1452 0.764324 5
      vertex -28.518 0.771099 5
      vertex -26.3803 -0.822674 5
    endloop
  endfacet
  facet normal 0 0 1
    outer loop
      vertex -29.8151 -0.822674 5
      vertex -28.518 0.771099 5
      vertex -29.0944 0.707363 5
    endloop
  endfacet
  facet normal 0 0 1
    outer loop
      vertex -29.8151 -0.822674 5
      vertex -29.0944 0.707363 5
      vertex -29.6551 0.757565 5
    endloop
  endfacet
  facet normal 0 0 1
    outer loop
      vertex -28.518 0.771099 5
      vertex -29.8151 -0.822674 5
      vertex -26.3803 -0.822674 5
    endloop
  endfacet
  facet normal -0 0 1
    outer loop
      vertex -31.0219 0.764324 5
      vertex -29.8151 -0.822674 5
      vertex -30.067 0.908123 5
    endloop
  endfacet
  facet normal 0 0 1
    outer loop
      vertex -30.067 0.908123 5
      vertex -29.8151 -0.822674 5
      vertex -29.6551 0.757565 5
    endloop
  endfacet
  facet normal 0 0 1
    outer loop
      vertex 41.8543 0.764324 5
      vertex 40.144 3.44867 5
      vertex 40.1568 3.13108 5
    endloop
  endfacet
  facet normal -0 -0 1
    outer loop
      vertex 40.144 3.44867 5
      vertex 41.8543 0.764324 5
      vertex 40.1056 3.85453 5
    endloop
  endfacet
  facet normal 0 0 1
    outer loop
      vertex 42.1064 2.07232 5
      vertex 40.3704 4.77732 5
      vertex 42.1448 1.66148 5
    endloop
  endfacet
  facet normal 0 0 1
    outer loop
      vertex 40.3704 4.77732 5
      vertex 42.1064 2.07232 5
      vertex 42.0936 2.4447 5
    endloop
  endfacet
  facet normal 0 0 1
    outer loop
      vertex -18.8231 -4.83567 5
      vertex -18.9057 -1.75402 5
      vertex -19.988 -2.95593 5
    endloop
  endfacet
  facet normal 0 0 1
    outer loop
      vertex -19.7658 -1.75402 5
      vertex -20.8652 -0.609066 5
      vertex -20.8652 -3.02998 5
    endloop
  endfacet
  facet normal 0 0 1
    outer loop
      vertex -23.5427 -4.36288 5
      vertex -23.9727 -3.92428 5
      vertex -23.9581 -4.14323 5
    endloop
  endfacet
  facet normal 0 0 1
    outer loop
      vertex -24.672 -1.76899 5
      vertex -23.2483 -0.609066 5
      vertex -24.3512 0.764324 5
    endloop
  endfacet
  facet normal 0 0 1
    outer loop
      vertex -23.2483 -0.609066 5
      vertex -24.672 -1.76899 5
      vertex -24.2889 -1.98474 5
    endloop
  endfacet
  facet normal -0 0 1
    outer loop
      vertex -25.1487 0.764324 5
      vertex -24.672 -1.76899 5
      vertex -24.3512 0.764324 5
    endloop
  endfacet
  facet normal 0 0 1
    outer loop
      vertex -24.672 -1.76899 5
      vertex -25.1487 0.764324 5
      vertex -25.1889 -1.69708 5
    endloop
  endfacet
  facet normal 0 0 1
    outer loop
      vertex -25.949 3.7434 5
      vertex -26.3449 3.83744 5
      vertex -26.1733 3.53552 5
    endloop
  endfacet
  facet normal 0 0 1
    outer loop
      vertex -26.3506 3.53054 5
      vertex -26.1733 3.53552 5
      vertex -26.3449 3.83744 5
    endloop
  endfacet
  facet normal -0 0 1
    outer loop
      vertex -26.3506 3.53054 5
      vertex -26.3563 3.2308 5
      vertex -26.1733 3.53552 5
    endloop
  endfacet
  facet normal 0 -0 1
    outer loop
      vertex -26.3563 3.2308 5
      vertex -26.3506 3.53054 5
      vertex -26.3677 3.2308 5
    endloop
  endfacet
  facet normal 0 0 1
    outer loop
      vertex -26.1017 -1.92921 5
      vertex -26.3803 -1.47204 5
      vertex -26.3719 -2.21577 5
    endloop
  endfacet
  facet normal -0 0 1
    outer loop
      vertex -27.679 -1.47204 5
      vertex -26.3719 -2.21577 5
      vertex -26.3803 -1.47204 5
    endloop
  endfacet
  facet normal 0 0 1
    outer loop
      vertex -27.679 -1.47204 5
      vertex -26.5748 -3.54263 5
      vertex -26.5132 -2.61129 5
    endloop
  endfacet
  facet normal 0 0 1
    outer loop
      vertex -27.679 -4.83567 5
      vertex -26.5748 -3.54263 5
      vertex -27.679 -1.47204 5
    endloop
  endfacet
  facet normal 0 0 1
    outer loop
      vertex -26.3719 -2.21577 5
      vertex -27.679 -1.47204 5
      vertex -26.5132 -2.61129 5
    endloop
  endfacet
  facet normal 0 0 1
    outer loop
      vertex -25.4366 -2.97869 5
      vertex -24.7731 -2.81065 5
      vertex -24.7994 -2.54757 5
    endloop
  endfacet
  facet normal 0 0 1
    outer loop
      vertex -25.223 -2.2154 5
      vertex -24.7994 -2.54757 5
      vertex -24.8784 -2.3621 5
    endloop
  endfacet
  facet normal 0 0 1
    outer loop
      vertex -25.223 -2.2154 5
      vertex -24.8784 -2.3621 5
      vertex -25.0173 -2.25207 5
    endloop
  endfacet
  facet normal 0 0 1
    outer loop
      vertex -24.7994 -2.54757 5
      vertex -25.223 -2.2154 5
      vertex -25.4366 -2.97869 5
    endloop
  endfacet
  facet normal 0 0 1
    outer loop
      vertex -25.4366 -2.97869 5
      vertex -25.223 -2.2154 5
      vertex -25.4157 -2.24069 5
    endloop
  endfacet
  facet normal 0 0 1
    outer loop
      vertex -24.7731 -2.81065 5
      vertex -25.4366 -2.97869 5
      vertex -24.7731 -2.96731 5
    endloop
  endfacet
  facet normal 0 0 1
    outer loop
      vertex -25.6335 -2.45074 5
      vertex -25.4157 -2.24069 5
      vertex -25.5492 -2.31654 5
    endloop
  endfacet
  facet normal 0 0 1
    outer loop
      vertex -25.4157 -2.24069 5
      vertex -25.6335 -2.45074 5
      vertex -25.4366 -2.97869 5
    endloop
  endfacet
  facet normal -0 0 1
    outer loop
      vertex -25.6787 -2.6512 5
      vertex -25.4366 -2.97869 5
      vertex -25.6335 -2.45074 5
    endloop
  endfacet
  facet normal 0 0 1
    outer loop
      vertex -25.6787 -2.6512 5
      vertex -25.9589 -3.04564 5
      vertex -25.4366 -2.97869 5
    endloop
  endfacet
  facet normal 0 0 1
    outer loop
      vertex -26.5132 -2.61129 5
      vertex -25.9589 -3.04564 5
      vertex -25.6787 -2.6512 5
    endloop
  endfacet
  facet normal 0 0 1
    outer loop
      vertex -25.9589 -3.04564 5
      vertex -26.5132 -2.61129 5
      vertex -26.341 -3.23506 5
    endloop
  endfacet
  facet normal 0 0 1
    outer loop
      vertex -26.341 -3.23506 5
      vertex -26.5132 -2.61129 5
      vertex -26.5748 -3.54263 5
    endloop
  endfacet
  facet normal 0 0 1
    outer loop
      vertex 46.179 2.15136 5
      vertex 45.3786 1.6102 5
      vertex 46.1334 1.54472 5
    endloop
  endfacet
  facet normal 0 0 1
    outer loop
      vertex 45.3786 1.6102 5
      vertex 44.8432 1.24282 5
      vertex 45.1893 1.33467 5
    endloop
  endfacet
  facet normal -0 0 1
    outer loop
      vertex 44.369 1.47206 5
      vertex 44.8432 1.24282 5
      vertex 45.3786 1.6102 5
    endloop
  endfacet
  facet normal -0 0 1
    outer loop
      vertex 44.2024 2.15136 5
      vertex 45.3786 1.6102 5
      vertex 46.179 2.15136 5
    endloop
  endfacet
  facet normal -0 -0 1
    outer loop
      vertex 44.244 1.75653 5
      vertex 45.3786 1.6102 5
      vertex 44.2024 2.15136 5
    endloop
  endfacet
  facet normal 0 0 1
    outer loop
      vertex 44.8432 1.24282 5
      vertex 44.369 1.47206 5
      vertex 44.5709 1.30014 5
    endloop
  endfacet
  facet normal 0 -0 1
    outer loop
      vertex 44.369 1.47206 5
      vertex 45.3786 1.6102 5
      vertex 44.244 1.75653 5
    endloop
  endfacet
  facet normal 0 0 1
    outer loop
      vertex 45.6371 0.916698 5
      vertex 46.9263 1.00784 5
      vertex 46.7297 1.37844 5
    endloop
  endfacet
  facet normal -0 0 1
    outer loop
      vertex 46.1334 1.54472 5
      vertex 46.7297 1.37844 5
      vertex 46.6642 1.88932 5
    endloop
  endfacet
  facet normal -0 0 1
    outer loop
      vertex 46.179 2.15136 5
      vertex 46.6642 1.88932 5
      vertex 46.179 2.17413 5
    endloop
  endfacet
  facet normal 0 0 1
    outer loop
      vertex 46.1334 1.54472 5
      vertex 46.6642 1.88932 5
      vertex 46.179 2.15136 5
    endloop
  endfacet
  facet normal 0 0 1
    outer loop
      vertex 45.6371 0.916698 5
      vertex 46.7297 1.37844 5
      vertex 46.1334 1.54472 5
    endloop
  endfacet
  facet normal 0 0 1
    outer loop
      vertex 46.9263 1.00784 5
      vertex 45.6371 0.916698 5
      vertex 46.9226 -0.822674 5
    endloop
  endfacet
  facet normal 0 0 1
    outer loop
      vertex 45.6371 0.916698 5
      vertex 45.285 -0.822674 5
      vertex 46.9226 -0.822674 5
    endloop
  endfacet
  facet normal 0 0 1
    outer loop
      vertex 42.8398 0.764324 5
      vertex 45.285 -1.4806 5
      vertex 45.285 -0.822674 5
    endloop
  endfacet
  facet normal 0 0 1
    outer loop
      vertex 45.285 -1.4806 5
      vertex 45.0001 -3.62524 5
      vertex 45.191 -4.08522 5
    endloop
  endfacet
  facet normal 0 0 1
    outer loop
      vertex 45.191 -4.08522 5
      vertex 45.0001 -3.62524 5
      vertex 45.0735 -3.89544 5
    endloop
  endfacet
  facet normal -0 0 1
    outer loop
      vertex 44.8033 0.707363 5
      vertex 45.285 -0.822674 5
      vertex 45.6371 0.916698 5
    endloop
  endfacet
  facet normal 0 0 1
    outer loop
      vertex 44.1889 0.810253 5
      vertex 45.285 -0.822674 5
      vertex 44.8033 0.707363 5
    endloop
  endfacet
  facet normal -0 0 1
    outer loop
      vertex 42.8398 0.764324 5
      vertex 45.285 -0.822674 5
      vertex 44.1889 0.810253 5
    endloop
  endfacet
  facet normal 0 0 1
    outer loop
      vertex 45.285 -1.4806 5
      vertex 44.1656 -3.74771 5
      vertex 45.0001 -3.62524 5
    endloop
  endfacet
  facet normal 0 0 1
    outer loop
      vertex 42.8398 0.764324 5
      vertex 44.1889 0.810253 5
      vertex 43.7353 1.11892 5
    endloop
  endfacet
  facet normal -0 0 1
    outer loop
      vertex 45.285 -1.4806 5
      vertex 46.0853 -3.58534 5
      vertex 46.0853 -1.4806 5
    endloop
  endfacet
  facet normal 0 0 1
    outer loop
      vertex 45.191 -4.08522 5
      vertex 46.0853 -3.58534 5
      vertex 45.285 -1.4806 5
    endloop
  endfacet
  facet normal 0 0 1
    outer loop
      vertex 46.0853 -3.58534 5
      vertex 45.191 -4.08522 5
      vertex 46.0529 -3.86235 5
    endloop
  endfacet
  facet normal 0 0 1
    outer loop
      vertex 46.0529 -3.86235 5
      vertex 45.5754 -4.23474 5
      vertex 45.9557 -4.06671 5
    endloop
  endfacet
  facet normal 0 0 1
    outer loop
      vertex 45.9557 -4.06671 5
      vertex 45.5754 -4.23474 5
      vertex 45.7958 -4.19273 5
    endloop
  endfacet
  facet normal 0 -0 1
    outer loop
      vertex 45.5754 -4.23474 5
      vertex 46.0529 -3.86235 5
      vertex 45.191 -4.08522 5
    endloop
  endfacet
  facet normal 0 0 1
    outer loop
      vertex 45.5754 -4.23474 5
      vertex 45.191 -4.08522 5
      vertex 45.3569 -4.19737 5
    endloop
  endfacet
  facet normal 0 -0 1
    outer loop
      vertex 50.4397 -4.3757 5
      vertex 50.7369 -3.9759 5
      vertex 50.1111 -4.14323 5
    endloop
  endfacet
  facet normal 0 0 1
    outer loop
      vertex 50.1895 0.764324 5
      vertex 49.3972 -1.76899 5
      vertex 49.7803 -1.98474 5
    endloop
  endfacet
  facet normal 0 0 1
    outer loop
      vertex 49.481 0.764324 5
      vertex 48.8803 -1.69708 5
      vertex 49.3972 -1.76899 5
    endloop
  endfacet
  facet normal -0 0 1
    outer loop
      vertex 48.7177 0.764324 5
      vertex 48.8803 -1.69708 5
      vertex 49.481 0.764324 5
    endloop
  endfacet
  facet normal -0 0 1
    outer loop
      vertex 48.4881 1.07406 5
      vertex 48.7177 0.764324 5
      vertex 48.6921 1.12248 5
    endloop
  endfacet
  facet normal -0 0 1
    outer loop
      vertex 48.6693 1.37667 5
      vertex 48.6921 1.12248 5
      vertex 48.6835 1.37667 5
    endloop
  endfacet
  facet normal 0 0 1
    outer loop
      vertex 48.4881 1.07406 5
      vertex 48.6921 1.12248 5
      vertex 48.6693 1.37667 5
    endloop
  endfacet
  facet normal 0 0 1
    outer loop
      vertex 48.7177 0.764324 5
      vertex 48.4881 1.07406 5
      vertex 48.2634 0.866848 5
    endloop
  endfacet
  facet normal 0 0 1
    outer loop
      vertex 47.9939 0.747234 5
      vertex 48.7177 0.764324 5
      vertex 48.2634 0.866848 5
    endloop
  endfacet
  facet normal 0 -0 1
    outer loop
      vertex 48.363 -1.75511 5
      vertex 48.7177 0.764324 5
      vertex 47.9939 0.747234 5
    endloop
  endfacet
  facet normal 0 0 1
    outer loop
      vertex 48.7177 0.764324 5
      vertex 48.363 -1.75511 5
      vertex 48.8803 -1.69708 5
    endloop
  endfacet
  facet normal -0 0 1
    outer loop
      vertex 46.9226 -0.822674 5
      vertex 48.363 -1.75511 5
      vertex 47.9939 0.747234 5
    endloop
  endfacet
  facet normal 0 0 1
    outer loop
      vertex 48.363 -1.75511 5
      vertex 46.9226 -0.822674 5
      vertex 47.9675 -1.92921 5
    endloop
  endfacet
  facet normal 0 0 1
    outer loop
      vertex 46.9226 -0.822674 5
      vertex 47.9939 0.747234 5
      vertex 47.6781 0.707363 5
    endloop
  endfacet
  facet normal 0 0 1
    outer loop
      vertex 47.9675 -1.92921 5
      vertex 46.9226 -0.822674 5
      vertex 47.6973 -2.21577 5
    endloop
  endfacet
  facet normal 0 0 1
    outer loop
      vertex 47.6973 -2.21577 5
      vertex 46.9226 -0.822674 5
      vertex 47.556 -2.61129 5
    endloop
  endfacet
  facet normal 0 0 1
    outer loop
      vertex 46.9226 -3.56543 5
      vertex 47.556 -2.61129 5
      vertex 46.9226 -0.822674 5
    endloop
  endfacet
  facet normal 0 0 1
    outer loop
      vertex 46.9226 -0.822674 5
      vertex 47.6781 0.707363 5
      vertex 47.2452 0.782482 5
    endloop
  endfacet
  facet normal 0 0 1
    outer loop
      vertex 50.1895 0.764324 5
      vertex 49.4582 1.45358 5
      vertex 49.4639 1.08474 5
    endloop
  endfacet
  facet normal 0 0 1
    outer loop
      vertex 48.6326 -2.97869 5
      vertex 49.2961 -2.81065 5
      vertex 49.2698 -2.54757 5
    endloop
  endfacet
  facet normal 0 0 1
    outer loop
      vertex 48.8462 -2.2154 5
      vertex 49.2698 -2.54757 5
      vertex 49.1908 -2.3621 5
    endloop
  endfacet
  facet normal 0 0 1
    outer loop
      vertex 48.8462 -2.2154 5
      vertex 49.1908 -2.3621 5
      vertex 49.0519 -2.25207 5
    endloop
  endfacet
  facet normal 0 0 1
    outer loop
      vertex 49.2698 -2.54757 5
      vertex 48.8462 -2.2154 5
      vertex 48.6326 -2.97869 5
    endloop
  endfacet
  facet normal 0 0 1
    outer loop
      vertex 48.6326 -2.97869 5
      vertex 48.8462 -2.2154 5
      vertex 48.6535 -2.24069 5
    endloop
  endfacet
  facet normal 0 0 1
    outer loop
      vertex 49.2961 -2.81065 5
      vertex 48.6326 -2.97869 5
      vertex 49.2961 -2.96731 5
    endloop
  endfacet
  facet normal 0 0 1
    outer loop
      vertex 48.4357 -2.45074 5
      vertex 48.6535 -2.24069 5
      vertex 48.52 -2.31654 5
    endloop
  endfacet
  facet normal 0 0 1
    outer loop
      vertex 48.6535 -2.24069 5
      vertex 48.4357 -2.45074 5
      vertex 48.6326 -2.97869 5
    endloop
  endfacet
  facet normal -0 0 1
    outer loop
      vertex 48.3905 -2.6512 5
      vertex 48.6326 -2.97869 5
      vertex 48.4357 -2.45074 5
    endloop
  endfacet
  facet normal 0 0 1
    outer loop
      vertex 48.3905 -2.6512 5
      vertex 48.1103 -3.04564 5
      vertex 48.6326 -2.97869 5
    endloop
  endfacet
  facet normal 0 0 1
    outer loop
      vertex 47.556 -2.61129 5
      vertex 48.1103 -3.04564 5
      vertex 48.3905 -2.6512 5
    endloop
  endfacet
  facet normal 0 0 1
    outer loop
      vertex 48.1103 -3.04564 5
      vertex 47.556 -2.61129 5
      vertex 47.7282 -3.23506 5
    endloop
  endfacet
  facet normal 0 0 1
    outer loop
      vertex 47.7282 -3.23506 5
      vertex 47.556 -2.61129 5
      vertex 47.4944 -3.54263 5
    endloop
  endfacet
  facet normal 0 0 1
    outer loop
      vertex 48.4799 1.55467 5
      vertex 47.4646 2.11718 5
      vertex 47.6013 1.50837 5
    endloop
  endfacet
  facet normal 0 0 1
    outer loop
      vertex 49.4582 3.84597 5
      vertex 50.1895 3.12255 5
      vertex 50.1877 3.35504 5
    endloop
  endfacet
  facet normal 0 0 1
    outer loop
      vertex 53.9891 -4.83567 5
      vertex 53.464 -2.72523 5
      vertex 53.4868 -3.81033 5
    endloop
  endfacet
  facet normal 0 0 1
    outer loop
      vertex 53.9891 -0.609066 5
      vertex 53.3066 -2.29589 5
      vertex 53.464 -2.72523 5
    endloop
  endfacet
  facet normal 0 0 1
    outer loop
      vertex 52.6138 -1.76544 5
      vertex 53.9891 -0.609066 5
      vertex 53.1184 0.707363 5
    endloop
  endfacet
  facet normal 0 0 1
    outer loop
      vertex 53.9891 -0.609066 5
      vertex 53.0168 -1.9705 5
      vertex 53.3066 -2.29589 5
    endloop
  endfacet
  facet normal 0 0 1
    outer loop
      vertex 52.6138 -1.76544 5
      vertex 53.1184 0.707363 5
      vertex 52.7204 0.768246 5
    endloop
  endfacet
  facet normal 0 0 1
    outer loop
      vertex 53.9891 -0.609066 5
      vertex 52.6138 -1.76544 5
      vertex 53.0168 -1.9705 5
    endloop
  endfacet
  facet normal 0 0 1
    outer loop
      vertex 52.1169 -1.69708 5
      vertex 52.7204 0.768246 5
      vertex 52.4206 0.950878 5
    endloop
  endfacet
  facet normal 0 0 1
    outer loop
      vertex 50.9899 0.764324 5
      vertex 52.4206 0.950878 5
      vertex 52.2327 1.24389 5
    endloop
  endfacet
  facet normal 0 0 1
    outer loop
      vertex 50.9899 0.764324 5
      vertex 52.2327 1.24389 5
      vertex 52.17 1.63586 5
    endloop
  endfacet
  facet normal 0 0 1
    outer loop
      vertex 52.7204 0.768246 5
      vertex 52.1169 -1.69708 5
      vertex 52.6138 -1.76544 5
    endloop
  endfacet
  facet normal 0 0 1
    outer loop
      vertex 53.464 -2.72523 5
      vertex 52.6836 -3.77333 5
      vertex 53.4868 -3.81033 5
    endloop
  endfacet
  facet normal -0 0 1
    outer loop
      vertex 52.658 -2.76509 5
      vertex 52.6836 -3.77333 5
      vertex 53.464 -2.72523 5
    endloop
  endfacet
  facet normal -0 0 1
    outer loop
      vertex 51.4817 -3.28059 5
      vertex 52.6836 -3.77333 5
      vertex 52.658 -2.76509 5
    endloop
  endfacet
  facet normal 0 0 1
    outer loop
      vertex 51.6362 -2.5052 5
      vertex 52.658 -2.76509 5
      vertex 52.5982 -2.55256 5
    endloop
  endfacet
  facet normal 0 -0 1
    outer loop
      vertex 51.6391 -4.07949 5
      vertex 52.6836 -3.77333 5
      vertex 51.4817 -3.28059 5
    endloop
  endfacet
  facet normal 0 0 1
    outer loop
      vertex 52.3219 -2.28198 5
      vertex 52.5982 -2.55256 5
      vertex 52.4871 -2.38772 5
    endloop
  endfacet
  facet normal 0 0 1
    outer loop
      vertex 52.5982 -2.55256 5
      vertex 52.3219 -2.28198 5
      vertex 52.0998 -2.24673 5
    endloop
  endfacet
  facet normal 0 0 1
    outer loop
      vertex 52.6836 -3.77333 5
      vertex 51.6391 -4.07949 5
      vertex 52.6174 -4.0229 5
    endloop
  endfacet
  facet normal 0 -0 1
    outer loop
      vertex 52.1111 -4.34579 5
      vertex 52.6174 -4.0229 5
      vertex 51.6391 -4.07949 5
    endloop
  endfacet
  facet normal 0 0 1
    outer loop
      vertex 52.5982 -2.55256 5
      vertex 52.0998 -2.24673 5
      vertex 51.6362 -2.5052 5
    endloop
  endfacet
  facet normal 0 0 1
    outer loop
      vertex 52.6174 -4.0229 5
      vertex 52.1111 -4.34579 5
      vertex 52.4928 -4.20198 5
    endloop
  endfacet
  facet normal 0 0 1
    outer loop
      vertex 52.658 -2.76509 5
      vertex 51.6362 -2.5052 5
      vertex 51.4817 -3.28059 5
    endloop
  endfacet
  facet normal 0 0 1
    outer loop
      vertex 52.4928 -4.20198 5
      vertex 52.1111 -4.34579 5
      vertex 52.3205 -4.30984 5
    endloop
  endfacet
  facet normal 0 0 1
    outer loop
      vertex 53.3862 2.6213 5
      vertex 54.0498 2.78935 5
      vertex 54.0234 3.05243 5
    endloop
  endfacet
  facet normal 0 0 1
    outer loop
      vertex 53.5998 3.38459 5
      vertex 54.0234 3.05243 5
      vertex 53.9444 3.2379 5
    endloop
  endfacet
  facet normal 0 0 1
    outer loop
      vertex 53.5998 3.38459 5
      vertex 53.9444 3.2379 5
      vertex 53.8056 3.34793 5
    endloop
  endfacet
  facet normal 0 0 1
    outer loop
      vertex 54.0234 3.05243 5
      vertex 53.5998 3.38459 5
      vertex 53.3862 2.6213 5
    endloop
  endfacet
  facet normal 0 0 1
    outer loop
      vertex 53.3862 2.6213 5
      vertex 53.5998 3.38459 5
      vertex 53.4072 3.35931 5
    endloop
  endfacet
  facet normal 0 0 1
    outer loop
      vertex 54.0498 2.78935 5
      vertex 53.3862 2.6213 5
      vertex 54.0498 2.63269 5
    endloop
  endfacet
  facet normal 0 0 1
    outer loop
      vertex 53.1893 3.14926 5
      vertex 53.4072 3.35931 5
      vertex 53.2737 3.28346 5
    endloop
  endfacet
  facet normal 0 0 1
    outer loop
      vertex 53.4072 3.35931 5
      vertex 53.1893 3.14926 5
      vertex 53.3862 2.6213 5
    endloop
  endfacet
  facet normal -0 0 1
    outer loop
      vertex 53.1441 2.9488 5
      vertex 53.3862 2.6213 5
      vertex 53.1893 3.14926 5
    endloop
  endfacet
  facet normal 0 0 1
    outer loop
      vertex 53.1441 2.9488 5
      vertex 52.8639 2.55436 5
      vertex 53.3862 2.6213 5
    endloop
  endfacet
  facet normal 0 0 1
    outer loop
      vertex 52.3096 2.9887 5
      vertex 52.8639 2.55436 5
      vertex 53.1441 2.9488 5
    endloop
  endfacet
  facet normal 0 0 1
    outer loop
      vertex 52.8639 2.55436 5
      vertex 52.3096 2.9887 5
      vertex 52.4819 2.36494 5
    endloop
  endfacet
  facet normal 0 0 1
    outer loop
      vertex 52.4819 2.36494 5
      vertex 52.3096 2.9887 5
      vertex 52.248 2.05737 5
    endloop
  endfacet
  facet normal 0 0 1
    outer loop
      vertex 52.248 2.05737 5
      vertex 50.9899 2.27665 5
      vertex 52.17 1.63586 5
    endloop
  endfacet
  facet normal 0 0 1
    outer loop
      vertex 51.0315 2.69392 5
      vertex 51.9639 3.19375 5
      vertex 51.7816 3.22578 5
    endloop
  endfacet
  facet normal 0 0 1
    outer loop
      vertex 51.0315 2.69392 5
      vertex 51.7816 3.22578 5
      vertex 51.6221 3.23646 5
    endloop
  endfacet
  facet normal 0 0 1
    outer loop
      vertex 52.4206 0.950878 5
      vertex 50.9899 0.764324 5
      vertex 52.1169 -1.69708 5
    endloop
  endfacet
  facet normal 0 0 1
    outer loop
      vertex 51.1565 2.99438 5
      vertex 51.6221 3.23646 5
      vertex 51.3562 3.17595 5
    endloop
  endfacet
  facet normal 0 0 1
    outer loop
      vertex 51.6221 3.23646 5
      vertex 51.1565 2.99438 5
      vertex 51.0315 2.69392 5
    endloop
  endfacet
  facet normal 0 0 1
    outer loop
      vertex 51.9639 3.19375 5
      vertex 51.0315 2.69392 5
      vertex 50.9899 2.27665 5
    endloop
  endfacet
  facet normal 0 0 1
    outer loop
      vertex 52.1169 -1.69708 5
      vertex 50.9899 0.764324 5
      vertex 51.491 -1.80352 5
    endloop
  endfacet
  facet normal 0 0 1
    outer loop
      vertex 52.17 1.63586 5
      vertex 50.9899 2.27665 5
      vertex 50.9899 0.764324 5
    endloop
  endfacet
  facet normal -0 0 1
    outer loop
      vertex 50.1895 0.764324 5
      vertex 51.491 -1.80352 5
      vertex 50.9899 0.764324 5
    endloop
  endfacet
  facet normal 0 0 1
    outer loop
      vertex 49.7803 -1.98474 5
      vertex 51.491 -1.80352 5
      vertex 50.1895 0.764324 5
    endloop
  endfacet
  facet normal 0 -0 1
    outer loop
      vertex 50.0174 -2.33291 5
      vertex 51.026 -2.12288 5
      vertex 49.7803 -1.98474 5
    endloop
  endfacet
  facet normal 0 -0 1
    outer loop
      vertex 50.0965 -2.80212 5
      vertex 50.7376 -2.63304 5
      vertex 50.0174 -2.33291 5
    endloop
  endfacet
  facet normal 0 0 1
    outer loop
      vertex 50.0965 -3.92428 5
      vertex 50.6415 -3.31192 5
      vertex 50.0965 -2.80212 5
    endloop
  endfacet
  facet normal 0 -0 1
    outer loop
      vertex 50.1111 -4.14323 5
      vertex 50.7369 -3.9759 5
      vertex 50.0965 -3.92428 5
    endloop
  endfacet
  facet normal 0 0 1
    outer loop
      vertex 50.7369 -3.9759 5
      vertex 50.4397 -4.3757 5
      vertex 50.5265 -4.36288 5
    endloop
  endfacet
  facet normal 0 0 1
    outer loop
      vertex 51.491 -1.80352 5
      vertex 49.7803 -1.98474 5
      vertex 51.026 -2.12288 5
    endloop
  endfacet
  facet normal 0 0 1
    outer loop
      vertex 49.4582 3.84597 5
      vertex 50.1877 3.35504 5
      vertex 50.1824 3.5455 5
    endloop
  endfacet
  facet normal 0 0 1
    outer loop
      vertex 49.4582 3.84597 5
      vertex 50.1824 3.5455 5
      vertex 50.1749 3.70535 5
    endloop
  endfacet
  facet normal -0 0 1
    outer loop
      vertex 49.4582 3.84597 5
      vertex 50.1749 3.70535 5
      vertex 50.1667 3.84597 5
    endloop
  endfacet
  facet normal 0 0 1
    outer loop
      vertex 50.4397 -4.3757 5
      vertex 50.1111 -4.14323 5
      vertex 50.35 -4.37999 5
    endloop
  endfacet
  facet normal -0 0 1
    outer loop
      vertex 49.4582 1.45358 5
      vertex 50.1895 0.764324 5
      vertex 50.1895 3.12255 5
    endloop
  endfacet
  facet normal -0 0 1
    outer loop
      vertex 54.7675 0.730129 5
      vertex 54.7895 -0.609066 5
      vertex 54.8476 0.731564 5
    endloop
  endfacet
  facet normal 0 0 1
    outer loop
      vertex 54.5051 0.767147 5
      vertex 54.7895 -0.609066 5
      vertex 54.7675 0.730129 5
    endloop
  endfacet
  facet normal -0 0 1
    outer loop
      vertex 53.7109 0.859035 5
      vertex 54.5051 0.767147 5
      vertex 54.3218 0.878216 5
    endloop
  endfacet
  facet normal 0 0 1
    outer loop
      vertex 53.7109 0.859035 5
      vertex 54.3218 0.878216 5
      vertex 54.2068 1.06124 5
    endloop
  endfacet
  facet normal -0 0 1
    outer loop
      vertex 54.1324 1.31402 5
      vertex 54.2068 1.06124 5
      vertex 54.1494 1.31402 5
    endloop
  endfacet
  facet normal 0 0 1
    outer loop
      vertex 54.5051 0.767147 5
      vertex 53.9891 -0.609066 5
      vertex 54.7895 -0.609066 5
    endloop
  endfacet
  facet normal 0 0 1
    outer loop
      vertex 53.7109 0.859035 5
      vertex 54.2068 1.06124 5
      vertex 54.1324 1.31402 5
    endloop
  endfacet
  facet normal -0 0 1
    outer loop
      vertex 53.1184 0.707363 5
      vertex 53.9891 -0.609066 5
      vertex 53.7109 0.859035 5
    endloop
  endfacet
  facet normal 0 0 1
    outer loop
      vertex 54.5051 0.767147 5
      vertex 53.7109 0.859035 5
      vertex 53.9891 -0.609066 5
    endloop
  endfacet
  facet normal 0 0 1
    outer loop
      vertex 56.8315 -4.83567 5
      vertex 56.749 -1.75402 5
      vertex 55.6667 -2.95593 5
    endloop
  endfacet
  facet normal 0 0 1
    outer loop
      vertex 59.75 0 5
      vertex 56.3749 0.764324 5
      vertex 56.749 -1.75402 5
    endloop
  endfacet
  facet normal 0 0 1
    outer loop
      vertex 56.3749 0.764324 5
      vertex 55.8888 -1.75402 5
      vertex 56.749 -1.75402 5
    endloop
  endfacet
  facet normal 0 0 1
    outer loop
      vertex 54.7895 -0.609066 5
      vertex 56.3749 0.764324 5
      vertex 55.5746 0.764324 5
    endloop
  endfacet
  facet normal -0 0 1
    outer loop
      vertex 55.2802 0.80418 5
      vertex 55.5746 0.764324 5
      vertex 55.2802 1.23712 5
    endloop
  endfacet
  facet normal -0 0 1
    outer loop
      vertex 55.2125 0.787823 5
      vertex 55.5746 0.764324 5
      vertex 55.2802 0.80418 5
    endloop
  endfacet
  facet normal -0 0 1
    outer loop
      vertex 55.152 0.772839 5
      vertex 55.5746 0.764324 5
      vertex 55.2125 0.787823 5
    endloop
  endfacet
  facet normal 0 0 1
    outer loop
      vertex 55.5746 0.764324 5
      vertex 55.152 0.772839 5
      vertex 54.7895 -0.609066 5
    endloop
  endfacet
  facet normal 0 0 1
    outer loop
      vertex 54.7895 -0.609066 5
      vertex 55.152 0.772839 5
      vertex 55.095 0.760036 5
    endloop
  endfacet
  facet normal 0 0 1
    outer loop
      vertex 54.7895 -0.609066 5
      vertex 55.095 0.760036 5
      vertex 55.0381 0.750088 5
    endloop
  endfacet
  facet normal 0 0 1
    outer loop
      vertex 54.7895 -0.609066 5
      vertex 55.0381 0.750088 5
      vertex 54.9793 0.742245 5
    endloop
  endfacet
  facet normal 0 0 1
    outer loop
      vertex 54.7895 -0.609066 5
      vertex 54.9793 0.742245 5
      vertex 54.917 0.735836 5
    endloop
  endfacet
  facet normal 0 0 1
    outer loop
      vertex 54.7895 -0.609066 5
      vertex 54.917 0.735836 5
      vertex 54.8476 0.731564 5
    endloop
  endfacet
  facet normal 0 0 1
    outer loop
      vertex 56.3749 0.764324 5
      vertex 54.7895 -0.609066 5
      vertex 55.8888 -1.75402 5
    endloop
  endfacet
  facet normal 0 0 1
    outer loop
      vertex 55.8888 -1.75402 5
      vertex 54.7895 -0.609066 5
      vertex 54.7895 -3.02998 5
    endloop
  endfacet
  facet normal 0 0 1
    outer loop
      vertex 55.2802 1.23712 5
      vertex 54.8501 1.67572 5
      vertex 54.8647 1.45677 5
    endloop
  endfacet
  facet normal 0 0 1
    outer loop
      vertex 88.7685 12.411 5
      vertex 93.65 19 5
      vertex 88.9787 12.9184 5
    endloop
  endfacet
  facet normal 0 0 1
    outer loop
      vertex 93.65 -19 5
      vertex 89.1069 -13.4525 5
      vertex 89.15 -14 5
    endloop
  endfacet
  facet normal 0 0 1
    outer loop
      vertex 93.65 19 5
      vertex 88.7685 12.411 5
      vertex 93.65 -19 5
    endloop
  endfacet
  facet normal 0 0 1
    outer loop
      vertex 93.65 -19 5
      vertex 88.9787 -12.9184 5
      vertex 89.1069 -13.4525 5
    endloop
  endfacet
  facet normal -0 0 1
    outer loop
      vertex 88.7685 -12.411 5
      vertex 93.65 -19 5
      vertex 88.7685 12.411 5
    endloop
  endfacet
  facet normal 0 0 1
    outer loop
      vertex 93.65 -19 5
      vertex 88.7685 -12.411 5
      vertex 88.9787 -12.9184 5
    endloop
  endfacet
  facet normal -0 0 1
    outer loop
      vertex 88.4816 11.9428 5
      vertex 88.7685 -12.411 5
      vertex 88.7685 12.411 5
    endloop
  endfacet
  facet normal 0 0 1
    outer loop
      vertex 88.4816 11.9428 5
      vertex 88.4816 -11.9428 5
      vertex 88.7685 -12.411 5
    endloop
  endfacet
  facet normal -0 0 1
    outer loop
      vertex 88.1249 11.5251 5
      vertex 88.4816 -11.9428 5
      vertex 88.4816 11.9428 5
    endloop
  endfacet
  facet normal 0 0 1
    outer loop
      vertex 88.1249 11.5251 5
      vertex 88.1249 -11.5251 5
      vertex 88.4816 -11.9428 5
    endloop
  endfacet
  facet normal -0 0 1
    outer loop
      vertex 87.7072 11.1684 5
      vertex 88.1249 -11.5251 5
      vertex 88.1249 11.5251 5
    endloop
  endfacet
  facet normal -0 0 1
    outer loop
      vertex 82.75 0 5
      vertex 88.1249 -11.5251 5
      vertex 87.7072 11.1684 5
    endloop
  endfacet
  facet normal 0 0 1
    outer loop
      vertex 82.7062 1.00229 5
      vertex 87.7072 11.1684 5
      vertex 87.239 10.8815 5
    endloop
  endfacet
  facet normal 0 0 1
    outer loop
      vertex 88.1249 -11.5251 5
      vertex 82.75 0 5
      vertex 87.7072 -11.1684 5
    endloop
  endfacet
  facet normal 0 0 1
    outer loop
      vertex 82.5753 1.99695 5
      vertex 87.239 10.8815 5
      vertex 86.7316 10.6713 5
    endloop
  endfacet
  facet normal -0 0 1
    outer loop
      vertex 82.7062 -1.00229 5
      vertex 87.7072 -11.1684 5
      vertex 82.75 0 5
    endloop
  endfacet
  facet normal 0 0 1
    outer loop
      vertex 82.3581 2.97642 5
      vertex 86.7316 10.6713 5
      vertex 86.1975 10.5431 5
    endloop
  endfacet
  facet normal 0 0 1
    outer loop
      vertex 87.7072 -11.1684 5
      vertex 82.7062 -1.00229 5
      vertex 87.239 -10.8815 5
    endloop
  endfacet
  facet normal 0 0 1
    outer loop
      vertex 82.0565 3.93323 5
      vertex 86.1975 10.5431 5
      vertex 85.65 10.5 5
    endloop
  endfacet
  facet normal -0 0 1
    outer loop
      vertex 82.5753 -1.99695 5
      vertex 87.239 -10.8815 5
      vertex 82.7062 -1.00229 5
    endloop
  endfacet
  facet normal 0 0 1
    outer loop
      vertex 81.6725 4.86011 5
      vertex 85.65 10.5 5
      vertex 85.1025 10.5431 5
    endloop
  endfacet
  facet normal 0 0 1
    outer loop
      vertex 87.239 -10.8815 5
      vertex 82.5753 -1.99695 5
      vertex 86.7316 -10.6713 5
    endloop
  endfacet
  facet normal 0 0 1
    outer loop
      vertex 81.2093 5.75 5
      vertex 85.1025 10.5431 5
      vertex 84.5684 10.6713 5
    endloop
  endfacet
  facet normal -0 0 1
    outer loop
      vertex 82.3581 -2.97642 5
      vertex 86.7316 -10.6713 5
      vertex 82.5753 -1.99695 5
    endloop
  endfacet
  facet normal 0 0 1
    outer loop
      vertex 80.6702 6.59613 5
      vertex 84.5684 10.6713 5
      vertex 84.061 10.8815 5
    endloop
  endfacet
  facet normal 0 0 1
    outer loop
      vertex 86.7316 -10.6713 5
      vertex 82.3581 -2.97642 5
      vertex 86.1975 -10.5431 5
    endloop
  endfacet
  facet normal 0 0 1
    outer loop
      vertex 80.0595 7.39206 5
      vertex 84.061 10.8815 5
      vertex 83.5928 11.1684 5
    endloop
  endfacet
  facet normal -0 0 1
    outer loop
      vertex 82.0565 -3.93323 5
      vertex 86.1975 -10.5431 5
      vertex 82.3581 -2.97642 5
    endloop
  endfacet
  facet normal 0 0 1
    outer loop
      vertex 80.0595 7.39206 5
      vertex 83.5928 11.1684 5
      vertex 83.1751 11.5251 5
    endloop
  endfacet
  facet normal 0 0 1
    outer loop
      vertex 86.1975 -10.5431 5
      vertex 82.0565 -3.93323 5
      vertex 85.65 -10.5 5
    endloop
  endfacet
  facet normal 0 0 1
    outer loop
      vertex 79.3817 8.13173 5
      vertex 83.1751 11.5251 5
      vertex 82.8184 11.9428 5
    endloop
  endfacet
  facet normal -0 0 1
    outer loop
      vertex 81.6725 -4.86011 5
      vertex 85.65 -10.5 5
      vertex 82.0565 -3.93323 5
    endloop
  endfacet
  facet normal 0 0 1
    outer loop
      vertex 85.65 -10.5 5
      vertex 81.6725 -4.86011 5
      vertex 85.1025 -10.5431 5
    endloop
  endfacet
  facet normal 0 0 1
    outer loop
      vertex 87.7072 11.1684 5
      vertex 82.7062 1.00229 5
      vertex 82.75 0 5
    endloop
  endfacet
  facet normal 0 0 1
    outer loop
      vertex 87.239 10.8815 5
      vertex 82.5753 1.99695 5
      vertex 82.7062 1.00229 5
    endloop
  endfacet
  facet normal 0 0 1
    outer loop
      vertex 78.6421 8.80951 5
      vertex 82.8184 11.9428 5
      vertex 82.5315 12.411 5
    endloop
  endfacet
  facet normal 0 0 1
    outer loop
      vertex 86.7316 10.6713 5
      vertex 82.3581 2.97642 5
      vertex 82.5753 1.99695 5
    endloop
  endfacet
  facet normal 0 0 1
    outer loop
      vertex 77.8461 9.42025 5
      vertex 82.5315 12.411 5
      vertex 82.3213 12.9184 5
    endloop
  endfacet
  facet normal 0 0 1
    outer loop
      vertex 77 9.95929 5
      vertex 82.3213 12.9184 5
      vertex 82.1931 13.4525 5
    endloop
  endfacet
  facet normal 0 0 1
    outer loop
      vertex 77 9.95929 5
      vertex 82.1931 13.4525 5
      vertex 82.15 14 5
    endloop
  endfacet
  facet normal 0 0 1
    outer loop
      vertex 86.1975 10.5431 5
      vertex 82.0565 3.93323 5
      vertex 82.3581 2.97642 5
    endloop
  endfacet
  facet normal 0 0 1
    outer loop
      vertex 90.65 22 5
      vertex 93.65 19 5
      vertex 93.6243 19.3916 5
    endloop
  endfacet
  facet normal 0 0 1
    outer loop
      vertex 89.1069 13.4525 5
      vertex 93.65 19 5
      vertex 89.15 14 5
    endloop
  endfacet
  facet normal 0 0 1
    outer loop
      vertex 90.65 22 5
      vertex 93.6243 19.3916 5
      vertex 93.5478 19.7764 5
    endloop
  endfacet
  facet normal 0 0 1
    outer loop
      vertex 88.9787 12.9184 5
      vertex 93.65 19 5
      vertex 89.1069 13.4525 5
    endloop
  endfacet
  facet normal 0 0 1
    outer loop
      vertex 90.65 22 5
      vertex 93.5478 19.7764 5
      vertex 93.4216 20.148 5
    endloop
  endfacet
  facet normal -0 0 1
    outer loop
      vertex 89.1069 -14.5475 5
      vertex 93.65 -19 5
      vertex 89.15 -14 5
    endloop
  endfacet
  facet normal 0 0 1
    outer loop
      vertex 90.65 22 5
      vertex 93.4216 20.148 5
      vertex 93.2481 20.5 5
    endloop
  endfacet
  facet normal -0 0 1
    outer loop
      vertex 88.9787 -15.0816 5
      vertex 93.65 -19 5
      vertex 89.1069 -14.5475 5
    endloop
  endfacet
  facet normal 0 0 1
    outer loop
      vertex 90.65 22 5
      vertex 93.2481 20.5 5
      vertex 93.0301 20.8263 5
    endloop
  endfacet
  facet normal -0 0 1
    outer loop
      vertex 88.7685 -15.589 5
      vertex 93.65 -19 5
      vertex 88.9787 -15.0816 5
    endloop
  endfacet
  facet normal 0 0 1
    outer loop
      vertex 90.65 22 5
      vertex 93.0301 20.8263 5
      vertex 92.7713 21.1213 5
    endloop
  endfacet
  facet normal -0 0 1
    outer loop
      vertex 88.4816 -16.0572 5
      vertex 93.65 -19 5
      vertex 88.7685 -15.589 5
    endloop
  endfacet
  facet normal 0 0 1
    outer loop
      vertex 90.65 22 5
      vertex 92.7713 21.1213 5
      vertex 92.4763 21.3801 5
    endloop
  endfacet
  facet normal -0 0 1
    outer loop
      vertex 88.1249 -16.4749 5
      vertex 93.65 -19 5
      vertex 88.4816 -16.0572 5
    endloop
  endfacet
  facet normal 0 0 1
    outer loop
      vertex 90.65 22 5
      vertex 92.4763 21.3801 5
      vertex 92.15 21.5981 5
    endloop
  endfacet
  facet normal 0 -0 1
    outer loop
      vertex 90.65 -22 5
      vertex 93.65 -19 5
      vertex 88.1249 -16.4749 5
    endloop
  endfacet
  facet normal 0 0 1
    outer loop
      vertex 90.65 22 5
      vertex 92.15 21.5981 5
      vertex 91.798 21.7716 5
    endloop
  endfacet
  facet normal 0 0 1
    outer loop
      vertex 93.65 -19 5
      vertex 90.65 -22 5
      vertex 93.6243 -19.3916 5
    endloop
  endfacet
  facet normal 0 0 1
    outer loop
      vertex 90.65 22 5
      vertex 91.798 21.7716 5
      vertex 91.4265 21.8978 5
    endloop
  endfacet
  facet normal 0 0 1
    outer loop
      vertex 93.6243 -19.3916 5
      vertex 90.65 -22 5
      vertex 93.5478 -19.7764 5
    endloop
  endfacet
  facet normal 0 0 1
    outer loop
      vertex 90.65 22 5
      vertex 91.4265 21.8978 5
      vertex 91.0416 21.9743 5
    endloop
  endfacet
  facet normal 0 0 1
    outer loop
      vertex 93.5478 -19.7764 5
      vertex 90.65 -22 5
      vertex 93.4216 -20.148 5
    endloop
  endfacet
  facet normal 0 0 1
    outer loop
      vertex 93.65 19 5
      vertex 90.65 22 5
      vertex 88.1249 16.4749 5
    endloop
  endfacet
  facet normal 0 0 1
    outer loop
      vertex 93.4216 -20.148 5
      vertex 90.65 -22 5
      vertex 93.2481 -20.5 5
    endloop
  endfacet
  facet normal 0 0 1
    outer loop
      vertex 93.2481 -20.5 5
      vertex 90.65 -22 5
      vertex 93.0301 -20.8263 5
    endloop
  endfacet
  facet normal 0 0 1
    outer loop
      vertex 93.65 19 5
      vertex 89.1069 14.5475 5
      vertex 89.15 14 5
    endloop
  endfacet
  facet normal 0 0 1
    outer loop
      vertex 93.65 19 5
      vertex 88.9787 15.0816 5
      vertex 89.1069 14.5475 5
    endloop
  endfacet
  facet normal 0 0 1
    outer loop
      vertex 93.65 19 5
      vertex 88.7685 15.589 5
      vertex 88.9787 15.0816 5
    endloop
  endfacet
  facet normal 0 0 1
    outer loop
      vertex 93.65 19 5
      vertex 88.4816 16.0572 5
      vertex 88.7685 15.589 5
    endloop
  endfacet
  facet normal 0 0 1
    outer loop
      vertex 93.65 19 5
      vertex 88.1249 16.4749 5
      vertex 88.4816 16.0572 5
    endloop
  endfacet
  facet normal 0 0 1
    outer loop
      vertex 90.65 22 5
      vertex 87.7072 16.8316 5
      vertex 88.1249 16.4749 5
    endloop
  endfacet
  facet normal 0 0 1
    outer loop
      vertex 90.65 22 5
      vertex 87.239 17.1185 5
      vertex 87.7072 16.8316 5
    endloop
  endfacet
  facet normal 0 0 1
    outer loop
      vertex 90.65 22 5
      vertex 86.7316 17.3287 5
      vertex 87.239 17.1185 5
    endloop
  endfacet
  facet normal 0 0 1
    outer loop
      vertex 90.65 22 5
      vertex 86.1975 17.4569 5
      vertex 86.7316 17.3287 5
    endloop
  endfacet
  facet normal 0 0 1
    outer loop
      vertex 90.65 22 5
      vertex 85.65 17.5 5
      vertex 86.1975 17.4569 5
    endloop
  endfacet
  facet normal 0 0 1
    outer loop
      vertex 90.65 22 5
      vertex 85.1025 17.4569 5
      vertex 85.65 17.5 5
    endloop
  endfacet
  facet normal 0 0 1
    outer loop
      vertex 90.65 22 5
      vertex 84.5684 17.3287 5
      vertex 85.1025 17.4569 5
    endloop
  endfacet
  facet normal 0 0 1
    outer loop
      vertex 90.65 22 5
      vertex 84.061 17.1185 5
      vertex 84.5684 17.3287 5
    endloop
  endfacet
  facet normal 0 0 1
    outer loop
      vertex 90.65 22 5
      vertex 83.5928 16.8316 5
      vertex 84.061 17.1185 5
    endloop
  endfacet
  facet normal 0 0 1
    outer loop
      vertex 85.65 10.5 5
      vertex 81.6725 4.86011 5
      vertex 82.0565 3.93323 5
    endloop
  endfacet
  facet normal 0 0 1
    outer loop
      vertex 85.1025 10.5431 5
      vertex 81.2093 5.75 5
      vertex 81.6725 4.86011 5
    endloop
  endfacet
  facet normal 0 0 1
    outer loop
      vertex 76.1101 10.4225 5
      vertex 82.15 14 5
      vertex 82.1931 14.5475 5
    endloop
  endfacet
  facet normal 0 0 1
    outer loop
      vertex 84.5684 10.6713 5
      vertex 80.6702 6.59613 5
      vertex 81.2093 5.75 5
    endloop
  endfacet
  facet normal 0 0 1
    outer loop
      vertex 84.061 10.8815 5
      vertex 80.0595 7.39206 5
      vertex 80.6702 6.59613 5
    endloop
  endfacet
  facet normal 0 0 1
    outer loop
      vertex 75.1832 10.8065 5
      vertex 82.1931 14.5475 5
      vertex 82.3213 15.0816 5
    endloop
  endfacet
  facet normal 0 0 1
    outer loop
      vertex 83.1751 11.5251 5
      vertex 79.3817 8.13173 5
      vertex 80.0595 7.39206 5
    endloop
  endfacet
  facet normal 0 0 1
    outer loop
      vertex 74.2264 11.1081 5
      vertex 82.3213 15.0816 5
      vertex 82.5315 15.589 5
    endloop
  endfacet
  facet normal 0 0 1
    outer loop
      vertex 82.8184 11.9428 5
      vertex 78.6421 8.80951 5
      vertex 79.3817 8.13173 5
    endloop
  endfacet
  facet normal 0 0 1
    outer loop
      vertex 82.5315 12.411 5
      vertex 77.8461 9.42025 5
      vertex 78.6421 8.80951 5
    endloop
  endfacet
  facet normal 0 0 1
    outer loop
      vertex 73.247 11.3253 5
      vertex 82.5315 15.589 5
      vertex 82.8184 16.0572 5
    endloop
  endfacet
  facet normal 0 0 1
    outer loop
      vertex 82.3213 12.9184 5
      vertex 77 9.95929 5
      vertex 77.8461 9.42025 5
    endloop
  endfacet
  facet normal 0 0 1
    outer loop
      vertex 72.2523 11.4562 5
      vertex 82.8184 16.0572 5
      vertex 83.1751 16.4749 5
    endloop
  endfacet
  facet normal 0 0 1
    outer loop
      vertex 82.15 14 5
      vertex 76.1101 10.4225 5
      vertex 77 9.95929 5
    endloop
  endfacet
  facet normal 0 0 1
    outer loop
      vertex 82.1931 14.5475 5
      vertex 75.1832 10.8065 5
      vertex 76.1101 10.4225 5
    endloop
  endfacet
  facet normal 0 0 1
    outer loop
      vertex 70.2477 11.4562 5
      vertex 83.1751 16.4749 5
      vertex 83.5928 16.8316 5
    endloop
  endfacet
  facet normal 0 0 1
    outer loop
      vertex 69.253 11.3253 5
      vertex 83.5928 16.8316 5
      vertex 90.65 22 5
    endloop
  endfacet
  facet normal 0 0 1
    outer loop
      vertex 82.3213 15.0816 5
      vertex 74.2264 11.1081 5
      vertex 75.1832 10.8065 5
    endloop
  endfacet
  facet normal 0 0 1
    outer loop
      vertex 82.5315 15.589 5
      vertex 73.247 11.3253 5
      vertex 74.2264 11.1081 5
    endloop
  endfacet
  facet normal 0 0 1
    outer loop
      vertex 82.8184 16.0572 5
      vertex 72.2523 11.4562 5
      vertex 73.247 11.3253 5
    endloop
  endfacet
  facet normal 0 0 1
    outer loop
      vertex 83.1751 16.4749 5
      vertex 71.25 11.5 5
      vertex 72.2523 11.4562 5
    endloop
  endfacet
  facet normal 0 0 1
    outer loop
      vertex 83.1751 16.4749 5
      vertex 70.2477 11.4562 5
      vertex 71.25 11.5 5
    endloop
  endfacet
  facet normal 0 0 1
    outer loop
      vertex 83.5928 16.8316 5
      vertex 69.253 11.3253 5
      vertex 70.2477 11.4562 5
    endloop
  endfacet
  facet normal 0 0 1
    outer loop
      vertex 90.65 22 5
      vertex 68.2736 11.1081 5
      vertex 69.253 11.3253 5
    endloop
  endfacet
  facet normal 0 0 1
    outer loop
      vertex 90.65 22 5
      vertex 67.3168 10.8065 5
      vertex 68.2736 11.1081 5
    endloop
  endfacet
  facet normal 0 0 1
    outer loop
      vertex 39.4106 4.77732 5
      vertex 67.3168 10.8065 5
      vertex 90.65 22 5
    endloop
  endfacet
  facet normal -0 0 1
    outer loop
      vertex 56.3749 0.764324 5
      vertex 59.75 0 5
      vertex 59.7938 1.00229 5
    endloop
  endfacet
  facet normal 0 0 1
    outer loop
      vertex 56.3749 0.764324 5
      vertex 59.9247 1.99695 5
      vertex 56.3749 4.99093 5
    endloop
  endfacet
  facet normal 0 0 1
    outer loop
      vertex 56.3749 4.99093 5
      vertex 59.9247 1.99695 5
      vertex 60.1419 2.97642 5
    endloop
  endfacet
  facet normal 0 0 1
    outer loop
      vertex 56.3749 4.99093 5
      vertex 60.1419 2.97642 5
      vertex 60.4435 3.93323 5
    endloop
  endfacet
  facet normal 0 0 1
    outer loop
      vertex 59.75 0 5
      vertex 56.749 -1.75402 5
      vertex 56.8315 -4.83567 5
    endloop
  endfacet
  facet normal 0 0 1
    outer loop
      vertex 56.3749 4.99093 5
      vertex 60.4435 3.93323 5
      vertex 60.8275 4.86011 5
    endloop
  endfacet
  facet normal -0 0 1
    outer loop
      vertex 56.3749 4.99093 5
      vertex 60.8275 4.86011 5
      vertex 61.2907 5.75 5
    endloop
  endfacet
  facet normal 0 0 1
    outer loop
      vertex 59.9247 1.99695 5
      vertex 56.3749 0.764324 5
      vertex 59.7938 1.00229 5
    endloop
  endfacet
  facet normal 0 0 1
    outer loop
      vertex 61.8298 6.59613 5
      vertex 56.3749 4.99093 5
      vertex 61.2907 5.75 5
    endloop
  endfacet
  facet normal 0 0 1
    outer loop
      vertex 62.4405 7.39206 5
      vertex 56.3749 4.99093 5
      vertex 61.8298 6.59613 5
    endloop
  endfacet
  facet normal 0 0 1
    outer loop
      vertex 63.1183 8.13173 5
      vertex 56.3749 4.99093 5
      vertex 62.4405 7.39206 5
    endloop
  endfacet
  facet normal 0 0 1
    outer loop
      vertex 55.5746 4.99093 5
      vertex 63.1183 8.13173 5
      vertex 63.8579 8.80951 5
    endloop
  endfacet
  facet normal 0 0 1
    outer loop
      vertex 55.5746 4.99093 5
      vertex 63.8579 8.80951 5
      vertex 64.6539 9.42025 5
    endloop
  endfacet
  facet normal 0 0 1
    outer loop
      vertex 42.8398 4.77732 5
      vertex 64.6539 9.42025 5
      vertex 65.5 9.95929 5
    endloop
  endfacet
  facet normal 0 0 1
    outer loop
      vertex 63.1183 8.13173 5
      vertex 55.5746 4.99093 5
      vertex 56.3749 4.99093 5
    endloop
  endfacet
  facet normal 0 0 1
    outer loop
      vertex 42.8398 4.77732 5
      vertex 65.5 9.95929 5
      vertex 66.3899 10.4225 5
    endloop
  endfacet
  facet normal 0 0 1
    outer loop
      vertex 55.5746 4.99093 5
      vertex 55.2802 1.23712 5
      vertex 55.5746 0.764324 5
    endloop
  endfacet
  facet normal -0 0 1
    outer loop
      vertex 54.8501 2.79788 5
      vertex 55.2802 1.23712 5
      vertex 55.5746 4.99093 5
    endloop
  endfacet
  facet normal -0 0 1
    outer loop
      vertex 54.8501 1.67572 5
      vertex 55.2802 1.23712 5
      vertex 54.8501 2.79788 5
    endloop
  endfacet
  facet normal 0 0 1
    outer loop
      vertex 55.2802 1.23712 5
      vertex 54.8647 1.45677 5
      vertex 55.1933 1.2243 5
    endloop
  endfacet
  facet normal 0 0 1
    outer loop
      vertex 55.1933 1.2243 5
      vertex 54.8647 1.45677 5
      vertex 55.1036 1.22001 5
    endloop
  endfacet
  facet normal -0 -0 1
    outer loop
      vertex 54.9085 1.31826 5
      vertex 55.1036 1.22001 5
      vertex 54.8647 1.45677 5
    endloop
  endfacet
  facet normal 0 0 1
    outer loop
      vertex 55.1036 1.22001 5
      vertex 54.9085 1.31826 5
      vertex 54.9865 1.24458 5
    endloop
  endfacet
  facet normal 0 0 1
    outer loop
      vertex 55.5746 4.99093 5
      vertex 54.7711 3.26709 5
      vertex 54.8501 2.79788 5
    endloop
  endfacet
  facet normal 0 0 1
    outer loop
      vertex 55.5746 4.99093 5
      vertex 54.534 3.61526 5
      vertex 54.7711 3.26709 5
    endloop
  endfacet
  facet normal 0 0 1
    outer loop
      vertex 55.5746 4.99093 5
      vertex 54.1509 3.83101 5
      vertex 54.534 3.61526 5
    endloop
  endfacet
  facet normal 0 0 1
    outer loop
      vertex 55.5746 4.99093 5
      vertex 53.6339 3.90292 5
      vertex 54.1509 3.83101 5
    endloop
  endfacet
  facet normal 0 0 1
    outer loop
      vertex 55.5746 4.99093 5
      vertex 53.1166 3.84489 5
      vertex 53.6339 3.90292 5
    endloop
  endfacet
  facet normal 0 0 1
    outer loop
      vertex 64.6539 9.42025 5
      vertex 42.8398 4.77732 5
      vertex 55.5746 4.99093 5
    endloop
  endfacet
  facet normal 0 0 1
    outer loop
      vertex 55.5746 4.99093 5
      vertex 51.855 3.89509 5
      vertex 53.1166 3.84489 5
    endloop
  endfacet
  facet normal 0 0 1
    outer loop
      vertex 52.4509 3.38423 5
      vertex 51.9639 3.19375 5
      vertex 52.3096 2.9887 5
    endloop
  endfacet
  facet normal -0 0 1
    outer loop
      vertex 50.9899 2.27665 5
      vertex 52.248 2.05737 5
      vertex 51.9639 3.19375 5
    endloop
  endfacet
  facet normal 0 0 1
    outer loop
      vertex 52.3096 2.9887 5
      vertex 51.9639 3.19375 5
      vertex 52.248 2.05737 5
    endloop
  endfacet
  facet normal 0 0 1
    outer loop
      vertex 51.9639 3.19375 5
      vertex 52.4509 3.38423 5
      vertex 51.9639 3.86306 5
    endloop
  endfacet
  facet normal 0 0 1
    outer loop
      vertex 52.7211 3.67079 5
      vertex 51.9639 3.86306 5
      vertex 52.4509 3.38423 5
    endloop
  endfacet
  facet normal 0 0 1
    outer loop
      vertex 53.1166 3.84489 5
      vertex 51.9639 3.86306 5
      vertex 52.7211 3.67079 5
    endloop
  endfacet
  facet normal 0 0 1
    outer loop
      vertex 67.3168 10.8065 5
      vertex 39.4106 4.77732 5
      vertex 66.3899 10.4225 5
    endloop
  endfacet
  facet normal 0 0 1
    outer loop
      vertex 53.1166 3.84489 5
      vertex 51.855 3.89509 5
      vertex 51.9639 3.86306 5
    endloop
  endfacet
  facet normal 0 0 1
    outer loop
      vertex 55.5746 4.99093 5
      vertex 51.7161 3.90577 5
      vertex 51.855 3.89509 5
    endloop
  endfacet
  facet normal 0 0 1
    outer loop
      vertex 55.5746 4.99093 5
      vertex 42.8398 4.77732 5
      vertex 49.4582 3.84597 5
    endloop
  endfacet
  facet normal 0 0 1
    outer loop
      vertex 55.5746 4.99093 5
      vertex 50.1667 3.84597 5
      vertex 51.7161 3.90577 5
    endloop
  endfacet
  facet normal -0 0 1
    outer loop
      vertex 50.9635 3.3173 5
      vertex 50.9784 3.18805 5
      vertex 51.0888 3.46467 5
    endloop
  endfacet
  facet normal 0 0 1
    outer loop
      vertex 50.9784 3.18805 5
      vertex 50.9635 3.3173 5
      vertex 50.9671 3.18805 5
    endloop
  endfacet
  facet normal -0 0 1
    outer loop
      vertex 50.9528 3.53411 5
      vertex 51.0888 3.46467 5
      vertex 51.1864 3.64517 5
    endloop
  endfacet
  facet normal 0 0 1
    outer loop
      vertex 51.0888 3.46467 5
      vertex 50.9528 3.53411 5
      vertex 50.9635 3.3173 5
    endloop
  endfacet
  facet normal -0 0 1
    outer loop
      vertex 50.94 3.74238 5
      vertex 51.1864 3.64517 5
      vertex 51.2861 3.76052 5
    endloop
  endfacet
  facet normal 0 0 1
    outer loop
      vertex 50.93 3.84597 5
      vertex 51.2861 3.76052 5
      vertex 51.4028 3.84169 5
    endloop
  endfacet
  facet normal 0 0 1
    outer loop
      vertex 51.1864 3.64517 5
      vertex 50.94 3.74238 5
      vertex 50.9528 3.53411 5
    endloop
  endfacet
  facet normal 0 0 1
    outer loop
      vertex 51.7161 3.90577 5
      vertex 50.1667 3.84597 5
      vertex 51.5438 3.88975 5
    endloop
  endfacet
  facet normal 0 0 1
    outer loop
      vertex 51.2861 3.76052 5
      vertex 50.93 3.84597 5
      vertex 50.94 3.74238 5
    endloop
  endfacet
  facet normal 0 0 1
    outer loop
      vertex 51.5438 3.88975 5
      vertex 50.93 3.84597 5
      vertex 51.4028 3.84169 5
    endloop
  endfacet
  facet normal -0 -0 1
    outer loop
      vertex 50.1548 -4.28173 5
      vertex 50.35 -4.37999 5
      vertex 50.1111 -4.14323 5
    endloop
  endfacet
  facet normal 0 0 1
    outer loop
      vertex 50.35 -4.37999 5
      vertex 50.1548 -4.28173 5
      vertex 50.2328 -4.35542 5
    endloop
  endfacet
  facet normal 0 0 1
    outer loop
      vertex 50.7376 -2.63304 5
      vertex 50.0965 -2.80212 5
      vertex 50.6415 -3.31192 5
    endloop
  endfacet
  facet normal 0 0 1
    outer loop
      vertex 49.3972 -1.76899 5
      vertex 50.1895 0.764324 5
      vertex 49.481 0.764324 5
    endloop
  endfacet
  facet normal 0 0 1
    outer loop
      vertex 51.026 -2.12288 5
      vertex 50.0174 -2.33291 5
      vertex 50.7376 -2.63304 5
    endloop
  endfacet
  facet normal 0 0 1
    outer loop
      vertex 50.1895 0.764324 5
      vertex 49.4639 1.08474 5
      vertex 49.481 0.764324 5
    endloop
  endfacet
  facet normal 0 0 1
    outer loop
      vertex 49.4582 1.45358 5
      vertex 50.1895 3.12255 5
      vertex 49.4582 3.84597 5
    endloop
  endfacet
  facet normal 0 0 1
    outer loop
      vertex 51.5438 3.88975 5
      vertex 50.1667 3.84597 5
      vertex 50.93 3.84597 5
    endloop
  endfacet
  facet normal 0 0 1
    outer loop
      vertex 55.5746 4.99093 5
      vertex 49.4582 3.84597 5
      vertex 50.1667 3.84597 5
    endloop
  endfacet
  facet normal -0 0 1
    outer loop
      vertex 47.4646 3.84597 5
      vertex 48.6579 2.19409 5
      vertex 48.6579 3.84597 5
    endloop
  endfacet
  facet normal 0 0 1
    outer loop
      vertex 47.4646 2.11718 5
      vertex 48.6579 2.19409 5
      vertex 47.4646 3.84597 5
    endloop
  endfacet
  facet normal -0 0 1
    outer loop
      vertex 47.4646 2.11718 5
      vertex 48.6134 1.83914 5
      vertex 48.6579 2.19409 5
    endloop
  endfacet
  facet normal 0 0 1
    outer loop
      vertex 48.4799 1.55467 5
      vertex 47.6013 1.50837 5
      vertex 48.2738 1.36775 5
    endloop
  endfacet
  facet normal 0 0 1
    outer loop
      vertex 48.2738 1.36775 5
      vertex 47.6013 1.50837 5
      vertex 48.0114 1.30545 5
    endloop
  endfacet
  facet normal 0 0 1
    outer loop
      vertex 47.4646 2.11718 5
      vertex 48.4799 1.55467 5
      vertex 48.6134 1.83914 5
    endloop
  endfacet
  facet normal 0 0 1
    outer loop
      vertex 49.4582 3.84597 5
      vertex 42.8398 4.77732 5
      vertex 48.6579 3.84597 5
    endloop
  endfacet
  facet normal 0 0 1
    outer loop
      vertex 48.6579 3.84597 5
      vertex 42.8398 4.77732 5
      vertex 47.4646 3.84597 5
    endloop
  endfacet
  facet normal -0 0 1
    outer loop
      vertex 46.0914 2.92068 5
      vertex 46.6642 1.88932 5
      vertex 46.6642 3.84597 5
    endloop
  endfacet
  facet normal 0 0 1
    outer loop
      vertex 46.6642 1.88932 5
      vertex 46.0914 2.92068 5
      vertex 46.179 2.17413 5
    endloop
  endfacet
  facet normal 0 0 1
    outer loop
      vertex 46.6642 3.84597 5
      vertex 45.8287 3.46289 5
      vertex 46.0914 2.92068 5
    endloop
  endfacet
  facet normal 0 0 1
    outer loop
      vertex 46.6642 3.84597 5
      vertex 45.4 3.79292 5
      vertex 45.8287 3.46289 5
    endloop
  endfacet
  facet normal 0 0 1
    outer loop
      vertex 47.4646 3.84597 5
      vertex 42.8398 4.77732 5
      vertex 46.6642 3.84597 5
    endloop
  endfacet
  facet normal -0 -0 1
    outer loop
      vertex 44.8147 3.90292 5
      vertex 46.6642 3.84597 5
      vertex 42.8398 4.77732 5
    endloop
  endfacet
  facet normal 0 0 1
    outer loop
      vertex 46.6642 3.84597 5
      vertex 44.8147 3.90292 5
      vertex 45.4 3.79292 5
    endloop
  endfacet
  facet normal 0 0 1
    outer loop
      vertex 43.4569 2.99438 5
      vertex 42.8398 4.77732 5
      vertex 43.3622 2.31941 5
    endloop
  endfacet
  facet normal 0 0 1
    outer loop
      vertex 43.741 3.49279 5
      vertex 42.8398 4.77732 5
      vertex 43.4569 2.99438 5
    endloop
  endfacet
  facet normal 0 0 1
    outer loop
      vertex 44.1988 3.8004 5
      vertex 42.8398 4.77732 5
      vertex 43.741 3.49279 5
    endloop
  endfacet
  facet normal 0 0 1
    outer loop
      vertex 44.8147 3.90292 5
      vertex 42.8398 4.77732 5
      vertex 44.1988 3.8004 5
    endloop
  endfacet
  facet normal 0 0 1
    outer loop
      vertex 66.3899 10.4225 5
      vertex 42.0936 4.77732 5
      vertex 42.8398 4.77732 5
    endloop
  endfacet
  facet normal 0 0 1
    outer loop
      vertex 42.0936 4.77732 5
      vertex 40.3704 4.77732 5
      vertex 42.0936 2.4447 5
    endloop
  endfacet
  facet normal 0 0 1
    outer loop
      vertex 66.3899 10.4225 5
      vertex 40.3704 4.77732 5
      vertex 42.0936 4.77732 5
    endloop
  endfacet
  facet normal 0 0 1
    outer loop
      vertex 66.3899 10.4225 5
      vertex 39.4106 4.77732 5
      vertex 40.3704 4.77732 5
    endloop
  endfacet
  facet normal 0 0 1
    outer loop
      vertex -18.9057 -1.75402 5
      vertex 39.4106 0.764324 5
      vertex 39.4106 4.77732 5
    endloop
  endfacet
  facet normal -0 0 1
    outer loop
      vertex -26.3449 4.99093 5
      vertex 39.4106 4.77732 5
      vertex 90.65 22 5
    endloop
  endfacet
  facet normal 0 0 1
    outer loop
      vertex 39.4106 0.764324 5
      vertex -18.9057 -1.75402 5
      vertex -18.8231 -4.83567 5
    endloop
  endfacet
  facet normal 0 0 1
    outer loop
      vertex 39.4106 4.77732 5
      vertex -24.6133 3.60102 5
      vertex -18.9057 -1.75402 5
    endloop
  endfacet
  facet normal 0 0 1
    outer loop
      vertex -18.9057 -1.75402 5
      vertex -20.8652 -0.609066 5
      vertex -19.7658 -1.75402 5
    endloop
  endfacet
  facet normal 0 0 1
    outer loop
      vertex -18.9057 -1.75402 5
      vertex -24.6133 3.60102 5
      vertex -20.8652 -0.609066 5
    endloop
  endfacet
  facet normal 0 0 1
    outer loop
      vertex -21.6655 -0.609066 5
      vertex -22.4479 -0.609066 5
      vertex -21.6655 -4.83567 5
    endloop
  endfacet
  facet normal -0 -0 1
    outer loop
      vertex -24.4167 3.22935 5
      vertex -20.8652 -0.609066 5
      vertex -24.6133 3.60102 5
    endloop
  endfacet
  facet normal 0 0 1
    outer loop
      vertex -20.8652 -0.609066 5
      vertex -24.3512 2.71812 5
      vertex -21.6655 -0.609066 5
    endloop
  endfacet
  facet normal 0 0 1
    outer loop
      vertex -23.2483 -0.609066 5
      vertex -23.5427 -4.36288 5
      vertex -23.2483 -4.83567 5
    endloop
  endfacet
  facet normal -0 0 1
    outer loop
      vertex -23.9727 -2.80212 5
      vertex -23.5427 -4.36288 5
      vertex -23.2483 -0.609066 5
    endloop
  endfacet
  facet normal -0 0 1
    outer loop
      vertex -23.9727 -3.92428 5
      vertex -23.5427 -4.36288 5
      vertex -23.9727 -2.80212 5
    endloop
  endfacet
  facet normal 0 0 1
    outer loop
      vertex -23.5427 -4.36288 5
      vertex -23.9581 -4.14323 5
      vertex -23.6295 -4.3757 5
    endloop
  endfacet
  facet normal 0 0 1
    outer loop
      vertex -23.6295 -4.3757 5
      vertex -23.9581 -4.14323 5
      vertex -23.7192 -4.37999 5
    endloop
  endfacet
  facet normal -0 -0 1
    outer loop
      vertex -23.9144 -4.28173 5
      vertex -23.7192 -4.37999 5
      vertex -23.9581 -4.14323 5
    endloop
  endfacet
  facet normal 0 0 1
    outer loop
      vertex -23.7192 -4.37999 5
      vertex -23.9144 -4.28173 5
      vertex -23.8364 -4.35542 5
    endloop
  endfacet
  facet normal 0 0 1
    outer loop
      vertex -23.2483 -0.609066 5
      vertex -24.0518 -2.33291 5
      vertex -23.9727 -2.80212 5
    endloop
  endfacet
  facet normal 0 0 1
    outer loop
      vertex -23.2483 -0.609066 5
      vertex -24.2889 -1.98474 5
      vertex -24.0518 -2.33291 5
    endloop
  endfacet
  facet normal 0 0 1
    outer loop
      vertex -22.4479 -0.609066 5
      vertex -24.3512 0.764324 5
      vertex -23.2483 -0.609066 5
    endloop
  endfacet
  facet normal 0 0 1
    outer loop
      vertex -21.6655 -0.609066 5
      vertex -24.3512 2.71812 5
      vertex -22.4479 -0.609066 5
    endloop
  endfacet
  facet normal -0 0 1
    outer loop
      vertex -24.3512 0.764324 5
      vertex -22.4479 -0.609066 5
      vertex -24.3512 2.71812 5
    endloop
  endfacet
  facet normal -0 -0 1
    outer loop
      vertex -24.3512 2.71812 5
      vertex -20.8652 -0.609066 5
      vertex -24.4167 3.22935 5
    endloop
  endfacet
  facet normal 0 0 1
    outer loop
      vertex 39.4106 4.77732 5
      vertex -26.3449 4.99093 5
      vertex -24.6133 3.60102 5
    endloop
  endfacet
  facet normal 0 0 1
    outer loop
      vertex -24.6133 3.60102 5
      vertex -26.3449 4.99093 5
      vertex -24.9322 3.82745 5
    endloop
  endfacet
  facet normal 0 0 1
    outer loop
      vertex -24.9322 3.82745 5
      vertex -26.3449 4.99093 5
      vertex -25.3651 3.90292 5
    endloop
  endfacet
  facet normal 0 0 1
    outer loop
      vertex -25.6806 3.86305 5
      vertex -26.3449 3.83744 5
      vertex -25.949 3.7434 5
    endloop
  endfacet
  facet normal 0 0 1
    outer loop
      vertex -26.3449 3.83744 5
      vertex -25.6806 3.86305 5
      vertex -26.3449 4.99093 5
    endloop
  endfacet
  facet normal 0 0 1
    outer loop
      vertex -25.3651 3.90292 5
      vertex -26.3449 4.99093 5
      vertex -25.6806 3.86305 5
    endloop
  endfacet
  facet normal -0 0 1
    outer loop
      vertex -55.2117 13.1557 5
      vertex -26.3449 4.99093 5
      vertex 90.65 22 5
    endloop
  endfacet
  facet normal -0 0 1
    outer loop
      vertex -27.7871 3.07414 5
      vertex -27.1452 0.764324 5
      vertex -27.1452 4.99093 5
    endloop
  endfacet
  facet normal 0 0 1
    outer loop
      vertex -27.1452 0.764324 5
      vertex -27.7412 1.90535 5
      vertex -27.7159 1.66433 5
    endloop
  endfacet
  facet normal 0 0 1
    outer loop
      vertex -27.1452 0.764324 5
      vertex -27.7871 3.07414 5
      vertex -27.7412 1.90535 5
    endloop
  endfacet
  facet normal 0 0 1
    outer loop
      vertex -27.1452 4.99093 5
      vertex -27.9327 3.43086 5
      vertex -27.7871 3.07414 5
    endloop
  endfacet
  facet normal 0 0 1
    outer loop
      vertex -27.1452 4.99093 5
      vertex -28.2044 3.69217 5
      vertex -27.9327 3.43086 5
    endloop
  endfacet
  facet normal 0 0 1
    outer loop
      vertex -27.1452 4.99093 5
      vertex -28.5928 3.85238 5
      vertex -28.2044 3.69217 5
    endloop
  endfacet
  facet normal 0 0 1
    outer loop
      vertex -27.1452 4.99093 5
      vertex -29.0887 3.90577 5
      vertex -28.5928 3.85238 5
    endloop
  endfacet
  facet normal 0 0 1
    outer loop
      vertex -27.1452 4.99093 5
      vertex -29.6416 3.84419 5
      vertex -29.0887 3.90577 5
    endloop
  endfacet
  facet normal -0 0 1
    outer loop
      vertex -31.0447 3.84597 5
      vertex -29.6416 3.84419 5
      vertex -27.1452 4.99093 5
    endloop
  endfacet
  facet normal 0 0 1
    outer loop
      vertex -30.2693 2.52017 5
      vertex -31.0447 1.45358 5
      vertex -30.5156 1.53329 5
    endloop
  endfacet
  facet normal 0 0 1
    outer loop
      vertex -31.0447 3.84597 5
      vertex -30.3932 2.97161 5
      vertex -30.3081 3.3643 5
    endloop
  endfacet
  facet normal 0 0 1
    outer loop
      vertex -30.5156 1.53329 5
      vertex -31.039 1.08474 5
      vertex -31.0219 0.764324 5
    endloop
  endfacet
  facet normal 0 0 1
    outer loop
      vertex -30.3622 2.7249 5
      vertex -31.0447 3.84597 5
      vertex -31.0447 1.45358 5
    endloop
  endfacet
  facet normal 0 0 1
    outer loop
      vertex -30.0528 3.6594 5
      vertex -31.0447 3.84597 5
      vertex -30.3081 3.3643 5
    endloop
  endfacet
  facet normal 0 0 1
    outer loop
      vertex -29.6416 3.84419 5
      vertex -31.0447 3.84597 5
      vertex -30.0528 3.6594 5
    endloop
  endfacet
  facet normal 0 0 1
    outer loop
      vertex -27.1452 4.99093 5
      vertex -31.845 3.84597 5
      vertex -31.0447 3.84597 5
    endloop
  endfacet
  facet normal -0 0 1
    outer loop
      vertex -33.0383 3.84597 5
      vertex -31.845 2.19409 5
      vertex -31.845 3.84597 5
    endloop
  endfacet
  facet normal 0 0 1
    outer loop
      vertex -33.0383 2.11718 5
      vertex -31.845 2.19409 5
      vertex -33.0383 3.84597 5
    endloop
  endfacet
  facet normal -0 0 1
    outer loop
      vertex -33.0383 2.11718 5
      vertex -31.8895 1.83914 5
      vertex -31.845 2.19409 5
    endloop
  endfacet
  facet normal 0 0 1
    outer loop
      vertex -32.023 1.55467 5
      vertex -32.9016 1.50837 5
      vertex -32.2292 1.36775 5
    endloop
  endfacet
  facet normal 0 0 1
    outer loop
      vertex -32.2292 1.36775 5
      vertex -32.9016 1.50837 5
      vertex -32.4915 1.30545 5
    endloop
  endfacet
  facet normal 0 0 1
    outer loop
      vertex -33.0383 2.11718 5
      vertex -32.023 1.55467 5
      vertex -31.8895 1.83914 5
    endloop
  endfacet
  facet normal -0 0 1
    outer loop
      vertex -35.1693 4.69436 5
      vertex -31.845 3.84597 5
      vertex -27.1452 4.99093 5
    endloop
  endfacet
  facet normal 0 0 1
    outer loop
      vertex -31.845 3.84597 5
      vertex -34.6976 4.44552 5
      vertex -33.0383 3.84597 5
    endloop
  endfacet
  facet normal 0 0 1
    outer loop
      vertex -34.353 3.14035 5
      vertex -33.8387 3.84597 5
      vertex -34.3088 3.50703 5
    endloop
  endfacet
  facet normal 0 0 1
    outer loop
      vertex -33.8387 3.84597 5
      vertex -34.353 3.14035 5
      vertex -33.8387 1.88932 5
    endloop
  endfacet
  facet normal 0 0 1
    outer loop
      vertex -33.8387 3.84597 5
      vertex -34.406 4.04499 5
      vertex -34.3088 3.50703 5
    endloop
  endfacet
  facet normal 0 0 1
    outer loop
      vertex -33.0383 3.84597 5
      vertex -34.6976 4.44552 5
      vertex -33.8387 3.84597 5
    endloop
  endfacet
  facet normal -0 -0 1
    outer loop
      vertex -54.0833 12.6883 5
      vertex -26.3449 4.99093 5
      vertex -55.2117 13.1557 5
    endloop
  endfacet
  facet normal 0 0 1
    outer loop
      vertex -33.8387 3.84597 5
      vertex -34.6976 4.44552 5
      vertex -34.406 4.04499 5
    endloop
  endfacet
  facet normal 0 0 1
    outer loop
      vertex -31.845 3.84597 5
      vertex -35.1693 4.69436 5
      vertex -34.6976 4.44552 5
    endloop
  endfacet
  facet normal 0 0 1
    outer loop
      vertex -26.3449 4.99093 5
      vertex -53 12.1244 5
      vertex -27.1452 4.99093 5
    endloop
  endfacet
  facet normal 0 -0 1
    outer loop
      vertex -35.8069 4.77732 5
      vertex -27.1452 4.99093 5
      vertex -51.9699 11.4681 5
    endloop
  endfacet
  facet normal -0 0 1
    outer loop
      vertex -46.2127 2.43107 5
      vertex -37.6098 0.764324 5
      vertex -37.6098 4.77732 5
    endloop
  endfacet
  facet normal 0 0 1
    outer loop
      vertex -46.0533 -1.22018 5
      vertex -37.9345 -0.822674 5
      vertex -46 0 5
    endloop
  endfacet
  facet normal 0 0 1
    outer loop
      vertex -37.6098 0.764324 5
      vertex -46.0533 1.22018 5
      vertex -37.9345 -0.822674 5
    endloop
  endfacet
  facet normal 0 0 1
    outer loop
      vertex -37.9345 -0.822674 5
      vertex -46.0533 1.22018 5
      vertex -46 0 5
    endloop
  endfacet
  facet normal 0 0 1
    outer loop
      vertex -37.6098 0.764324 5
      vertex -46.2127 2.43107 5
      vertex -46.0533 1.22018 5
    endloop
  endfacet
  facet normal 0 0 1
    outer loop
      vertex -37.6098 4.77732 5
      vertex -46.477 3.62347 5
      vertex -46.2127 2.43107 5
    endloop
  endfacet
  facet normal 0 0 1
    outer loop
      vertex -27.1452 4.99093 5
      vertex -35.8069 4.77732 5
      vertex -35.1693 4.69436 5
    endloop
  endfacet
  facet normal 0 0 1
    outer loop
      vertex -37.6098 4.77732 5
      vertex -46.8443 4.78828 5
      vertex -46.477 3.62347 5
    endloop
  endfacet
  facet normal 0 0 1
    outer loop
      vertex -37.6098 4.77732 5
      vertex -47.3117 5.91666 5
      vertex -46.8443 4.78828 5
    endloop
  endfacet
  facet normal 0 0 1
    outer loop
      vertex -37.6098 4.77732 5
      vertex -47.8756 7 5
      vertex -47.3117 5.91666 5
    endloop
  endfacet
  facet normal 0 0 1
    outer loop
      vertex -37.6098 4.77732 5
      vertex -48.5319 8.03007 5
      vertex -47.8756 7 5
    endloop
  endfacet
  facet normal 0 0 1
    outer loop
      vertex -37.6098 4.77732 5
      vertex -49.2754 8.99903 5
      vertex -48.5319 8.03007 5
    endloop
  endfacet
  facet normal 0 0 1
    outer loop
      vertex -37.6098 4.77732 5
      vertex -50.1005 9.89949 5
      vertex -49.2754 8.99903 5
    endloop
  endfacet
  facet normal 0 0 1
    outer loop
      vertex -35.8069 4.77732 5
      vertex -50.1005 9.89949 5
      vertex -37.6098 4.77732 5
    endloop
  endfacet
  facet normal -0 -0 1
    outer loop
      vertex -50.1005 9.89949 5
      vertex -35.8069 4.77732 5
      vertex -51.001 10.7246 5
    endloop
  endfacet
  facet normal -0 -0 1
    outer loop
      vertex -51.001 10.7246 5
      vertex -35.8069 4.77732 5
      vertex -51.9699 11.4681 5
    endloop
  endfacet
  facet normal -0 -0 1
    outer loop
      vertex -51.9699 11.4681 5
      vertex -27.1452 4.99093 5
      vertex -53 12.1244 5
    endloop
  endfacet
  facet normal -0 -0 1
    outer loop
      vertex -53 12.1244 5
      vertex -26.3449 4.99093 5
      vertex -54.0833 12.6883 5
    endloop
  endfacet
  facet normal 0 0 1
    outer loop
      vertex 90.65 22 5
      vertex -56.3765 13.523 5
      vertex -55.2117 13.1557 5
    endloop
  endfacet
  facet normal 0 0 1
    outer loop
      vertex 90.65 22 5
      vertex -57.5689 13.7873 5
      vertex -56.3765 13.523 5
    endloop
  endfacet
  facet normal -0 0 1
    outer loop
      vertex -90.65 22 5
      vertex -57.5689 13.7873 5
      vertex 90.65 22 5
    endloop
  endfacet
  facet normal 0 0 1
    outer loop
      vertex -57.5689 13.7873 5
      vertex -90.65 22 5
      vertex -58.7798 13.9467 5
    endloop
  endfacet
  facet normal 0 0 1
    outer loop
      vertex -58.7798 13.9467 5
      vertex -90.65 22 5
      vertex -60 14 5
    endloop
  endfacet
  facet normal -0 0 1
    outer loop
      vertex -83.1751 11.5251 5
      vertex -72.6883 5.91666 5
      vertex -82.8184 11.9428 5
    endloop
  endfacet
  facet normal -0 0 1
    outer loop
      vertex -82.8184 11.9428 5
      vertex -72.6883 5.91666 5
      vertex -82.5315 12.411 5
    endloop
  endfacet
  facet normal 0 0 1
    outer loop
      vertex -72.1244 7 5
      vertex -82.5315 12.411 5
      vertex -72.6883 5.91666 5
    endloop
  endfacet
  facet normal -0 0 1
    outer loop
      vertex -82.5315 12.411 5
      vertex -72.1244 7 5
      vertex -82.3213 12.9184 5
    endloop
  endfacet
  facet normal 0 0 1
    outer loop
      vertex -71.4681 8.03007 5
      vertex -82.3213 12.9184 5
      vertex -72.1244 7 5
    endloop
  endfacet
  facet normal -0 0 1
    outer loop
      vertex -82.3213 12.9184 5
      vertex -71.4681 8.03007 5
      vertex -82.1931 13.4525 5
    endloop
  endfacet
  facet normal 0 0 1
    outer loop
      vertex -70.7246 8.99903 5
      vertex -82.1931 13.4525 5
      vertex -71.4681 8.03007 5
    endloop
  endfacet
  facet normal -0 0 1
    outer loop
      vertex -82.1931 13.4525 5
      vertex -70.7246 8.99903 5
      vertex -82.15 14 5
    endloop
  endfacet
  facet normal 0 0 1
    outer loop
      vertex -69.8995 9.89949 5
      vertex -82.15 14 5
      vertex -70.7246 8.99903 5
    endloop
  endfacet
  facet normal 0 0 1
    outer loop
      vertex -82.1931 14.5475 5
      vertex -69.8995 9.89949 5
      vertex -68.999 10.7246 5
    endloop
  endfacet
  facet normal 0 0 1
    outer loop
      vertex -82.3213 15.0816 5
      vertex -68.999 10.7246 5
      vertex -68.0301 11.4681 5
    endloop
  endfacet
  facet normal 0 0 1
    outer loop
      vertex -82.5315 15.589 5
      vertex -68.0301 11.4681 5
      vertex -67 12.1244 5
    endloop
  endfacet
  facet normal 0 0 1
    outer loop
      vertex -82.8184 16.0572 5
      vertex -67 12.1244 5
      vertex -65.9167 12.6883 5
    endloop
  endfacet
  facet normal 0 0 1
    outer loop
      vertex -83.1751 16.4749 5
      vertex -65.9167 12.6883 5
      vertex -64.7883 13.1557 5
    endloop
  endfacet
  facet normal 0 0 1
    outer loop
      vertex -83.5928 16.8316 5
      vertex -64.7883 13.1557 5
      vertex -63.6235 13.523 5
    endloop
  endfacet
  facet normal 0 0 1
    outer loop
      vertex -84.061 17.1185 5
      vertex -63.6235 13.523 5
      vertex -62.4311 13.7873 5
    endloop
  endfacet
  facet normal 0 0 1
    outer loop
      vertex -90.65 22 5
      vertex -62.4311 13.7873 5
      vertex -61.2202 13.9467 5
    endloop
  endfacet
  facet normal 0 0 1
    outer loop
      vertex -60 14 5
      vertex -90.65 22 5
      vertex -61.2202 13.9467 5
    endloop
  endfacet
  facet normal 0 0 1
    outer loop
      vertex -69.8995 9.89949 5
      vertex -82.1931 14.5475 5
      vertex -82.15 14 5
    endloop
  endfacet
  facet normal 0 0 1
    outer loop
      vertex -68.999 10.7246 5
      vertex -82.3213 15.0816 5
      vertex -82.1931 14.5475 5
    endloop
  endfacet
  facet normal 0 0 1
    outer loop
      vertex -68.0301 11.4681 5
      vertex -82.5315 15.589 5
      vertex -82.3213 15.0816 5
    endloop
  endfacet
  facet normal 0 0 1
    outer loop
      vertex -67 12.1244 5
      vertex -82.8184 16.0572 5
      vertex -82.5315 15.589 5
    endloop
  endfacet
  facet normal 0 0 1
    outer loop
      vertex -65.9167 12.6883 5
      vertex -83.1751 16.4749 5
      vertex -82.8184 16.0572 5
    endloop
  endfacet
  facet normal 0 0 1
    outer loop
      vertex -64.7883 13.1557 5
      vertex -83.5928 16.8316 5
      vertex -83.1751 16.4749 5
    endloop
  endfacet
  facet normal 0 0 1
    outer loop
      vertex -62.4311 13.7873 5
      vertex -90.65 22 5
      vertex -84.061 17.1185 5
    endloop
  endfacet
  facet normal 0 0 1
    outer loop
      vertex -63.6235 13.523 5
      vertex -84.061 17.1185 5
      vertex -83.5928 16.8316 5
    endloop
  endfacet
  facet normal 0 0 1
    outer loop
      vertex -84.061 17.1185 5
      vertex -90.65 22 5
      vertex -84.5684 17.3287 5
    endloop
  endfacet
  facet normal 0 0 1
    outer loop
      vertex -84.5684 17.3287 5
      vertex -90.65 22 5
      vertex -85.1025 17.4569 5
    endloop
  endfacet
  facet normal 0 0 1
    outer loop
      vertex -89.1069 14.5475 5
      vertex -93.65 19 5
      vertex -89.15 14 5
    endloop
  endfacet
  facet normal 0 0 1
    outer loop
      vertex -88.9787 15.0816 5
      vertex -93.65 19 5
      vertex -89.1069 14.5475 5
    endloop
  endfacet
  facet normal 0 0 1
    outer loop
      vertex -88.7685 15.589 5
      vertex -93.65 19 5
      vertex -88.9787 15.0816 5
    endloop
  endfacet
  facet normal 0 0 1
    outer loop
      vertex -88.4816 16.0572 5
      vertex -93.65 19 5
      vertex -88.7685 15.589 5
    endloop
  endfacet
  facet normal 0 0 1
    outer loop
      vertex -88.1249 16.4749 5
      vertex -93.65 19 5
      vertex -88.4816 16.0572 5
    endloop
  endfacet
  facet normal -0 0 1
    outer loop
      vertex -93.65 19 5
      vertex -88.1249 16.4749 5
      vertex -90.65 22 5
    endloop
  endfacet
  facet normal 0 0 1
    outer loop
      vertex -87.7072 16.8316 5
      vertex -90.65 22 5
      vertex -88.1249 16.4749 5
    endloop
  endfacet
  facet normal 0 0 1
    outer loop
      vertex -87.239 17.1185 5
      vertex -90.65 22 5
      vertex -87.7072 16.8316 5
    endloop
  endfacet
  facet normal 0 0 1
    outer loop
      vertex -86.7316 17.3287 5
      vertex -90.65 22 5
      vertex -87.239 17.1185 5
    endloop
  endfacet
  facet normal 0 0 1
    outer loop
      vertex -86.1975 17.4569 5
      vertex -90.65 22 5
      vertex -86.7316 17.3287 5
    endloop
  endfacet
  facet normal 0 0 1
    outer loop
      vertex -85.65 17.5 5
      vertex -90.65 22 5
      vertex -86.1975 17.4569 5
    endloop
  endfacet
  facet normal 0 0 1
    outer loop
      vertex -85.1025 17.4569 5
      vertex -90.65 22 5
      vertex -85.65 17.5 5
    endloop
  endfacet
  facet normal 0 0 1
    outer loop
      vertex 93.0301 -20.8263 5
      vertex 90.65 -22 5
      vertex 92.7713 -21.1213 5
    endloop
  endfacet
  facet normal 0 0 1
    outer loop
      vertex 92.7713 -21.1213 5
      vertex 90.65 -22 5
      vertex 92.4763 -21.3801 5
    endloop
  endfacet
  facet normal 0 0 1
    outer loop
      vertex 92.4763 -21.3801 5
      vertex 90.65 -22 5
      vertex 92.15 -21.5981 5
    endloop
  endfacet
  facet normal 0 0 1
    outer loop
      vertex 92.15 -21.5981 5
      vertex 90.65 -22 5
      vertex 91.798 -21.7716 5
    endloop
  endfacet
  facet normal 0 0 1
    outer loop
      vertex 91.798 -21.7716 5
      vertex 90.65 -22 5
      vertex 91.4265 -21.8978 5
    endloop
  endfacet
  facet normal 0 0 1
    outer loop
      vertex 91.4265 -21.8978 5
      vertex 90.65 -22 5
      vertex 91.0416 -21.9743 5
    endloop
  endfacet
  facet normal -0 0 1
    outer loop
      vertex 87.7072 -16.8316 5
      vertex 90.65 -22 5
      vertex 88.1249 -16.4749 5
    endloop
  endfacet
  facet normal -0 0 1
    outer loop
      vertex 87.239 -17.1185 5
      vertex 90.65 -22 5
      vertex 87.7072 -16.8316 5
    endloop
  endfacet
  facet normal -0 0 1
    outer loop
      vertex 86.7316 -17.3287 5
      vertex 90.65 -22 5
      vertex 87.239 -17.1185 5
    endloop
  endfacet
  facet normal -0 0 1
    outer loop
      vertex 86.1975 -17.4569 5
      vertex 90.65 -22 5
      vertex 86.7316 -17.3287 5
    endloop
  endfacet
  facet normal -0 0 1
    outer loop
      vertex 85.65 -17.5 5
      vertex 90.65 -22 5
      vertex 86.1975 -17.4569 5
    endloop
  endfacet
  facet normal 0 0 1
    outer loop
      vertex 85.1025 -17.4569 5
      vertex 90.65 -22 5
      vertex 85.65 -17.5 5
    endloop
  endfacet
  facet normal 0 0 1
    outer loop
      vertex 84.5684 -17.3287 5
      vertex 90.65 -22 5
      vertex 85.1025 -17.4569 5
    endloop
  endfacet
  facet normal 0 0 1
    outer loop
      vertex 84.061 -17.1185 5
      vertex 90.65 -22 5
      vertex 84.5684 -17.3287 5
    endloop
  endfacet
  facet normal 0 0 1
    outer loop
      vertex 83.5928 -16.8316 5
      vertex 90.65 -22 5
      vertex 84.061 -17.1185 5
    endloop
  endfacet
  facet normal 0 0 1
    outer loop
      vertex 83.1751 -11.5251 5
      vertex 79.3817 -8.13173 5
      vertex 82.8184 -11.9428 5
    endloop
  endfacet
  facet normal -0 0 1
    outer loop
      vertex 78.6421 -8.80951 5
      vertex 82.8184 -11.9428 5
      vertex 79.3817 -8.13173 5
    endloop
  endfacet
  facet normal 0 0 1
    outer loop
      vertex 82.8184 -11.9428 5
      vertex 78.6421 -8.80951 5
      vertex 82.5315 -12.411 5
    endloop
  endfacet
  facet normal -0 0 1
    outer loop
      vertex 77.8461 -9.42025 5
      vertex 82.5315 -12.411 5
      vertex 78.6421 -8.80951 5
    endloop
  endfacet
  facet normal 0 0 1
    outer loop
      vertex 82.5315 -12.411 5
      vertex 77.8461 -9.42025 5
      vertex 82.3213 -12.9184 5
    endloop
  endfacet
  facet normal -0 0 1
    outer loop
      vertex 77 -9.95929 5
      vertex 82.3213 -12.9184 5
      vertex 77.8461 -9.42025 5
    endloop
  endfacet
  facet normal 0 0 1
    outer loop
      vertex 82.3213 -12.9184 5
      vertex 77 -9.95929 5
      vertex 82.1931 -13.4525 5
    endloop
  endfacet
  facet normal 0 0 1
    outer loop
      vertex 82.1931 -13.4525 5
      vertex 77 -9.95929 5
      vertex 82.15 -14 5
    endloop
  endfacet
  facet normal -0 0 1
    outer loop
      vertex 76.1101 -10.4225 5
      vertex 82.15 -14 5
      vertex 77 -9.95929 5
    endloop
  endfacet
  facet normal 0 0 1
    outer loop
      vertex 82.15 -14 5
      vertex 76.1101 -10.4225 5
      vertex 82.1931 -14.5475 5
    endloop
  endfacet
  facet normal -0 0 1
    outer loop
      vertex 75.1832 -10.8065 5
      vertex 82.1931 -14.5475 5
      vertex 76.1101 -10.4225 5
    endloop
  endfacet
  facet normal 0 0 1
    outer loop
      vertex 82.1931 -14.5475 5
      vertex 75.1832 -10.8065 5
      vertex 82.3213 -15.0816 5
    endloop
  endfacet
  facet normal -0 0 1
    outer loop
      vertex 74.2264 -11.1081 5
      vertex 82.3213 -15.0816 5
      vertex 75.1832 -10.8065 5
    endloop
  endfacet
  facet normal 0 0 1
    outer loop
      vertex 82.3213 -15.0816 5
      vertex 74.2264 -11.1081 5
      vertex 82.5315 -15.589 5
    endloop
  endfacet
  facet normal -0 0 1
    outer loop
      vertex 73.247 -11.3253 5
      vertex 82.5315 -15.589 5
      vertex 74.2264 -11.1081 5
    endloop
  endfacet
  facet normal 0 0 1
    outer loop
      vertex 82.5315 -15.589 5
      vertex 73.247 -11.3253 5
      vertex 82.8184 -16.0572 5
    endloop
  endfacet
  facet normal -0 0 1
    outer loop
      vertex 72.2523 -11.4562 5
      vertex 82.8184 -16.0572 5
      vertex 73.247 -11.3253 5
    endloop
  endfacet
  facet normal 0 0 1
    outer loop
      vertex 82.8184 -16.0572 5
      vertex 72.2523 -11.4562 5
      vertex 83.1751 -16.4749 5
    endloop
  endfacet
  facet normal -0 0 1
    outer loop
      vertex 71.25 -11.5 5
      vertex 83.1751 -16.4749 5
      vertex 72.2523 -11.4562 5
    endloop
  endfacet
  facet normal 0 0 1
    outer loop
      vertex 70.2477 -11.4562 5
      vertex 83.1751 -16.4749 5
      vertex 71.25 -11.5 5
    endloop
  endfacet
  facet normal 0 0 1
    outer loop
      vertex 83.1751 -16.4749 5
      vertex 70.2477 -11.4562 5
      vertex 83.5928 -16.8316 5
    endloop
  endfacet
  facet normal 0 0 1
    outer loop
      vertex 69.253 -11.3253 5
      vertex 83.5928 -16.8316 5
      vertex 70.2477 -11.4562 5
    endloop
  endfacet
  facet normal 0 0 1
    outer loop
      vertex 83.5928 -16.8316 5
      vertex 69.253 -11.3253 5
      vertex 90.65 -22 5
    endloop
  endfacet
  facet normal 0 0 1
    outer loop
      vertex 68.2736 -11.1081 5
      vertex 90.65 -22 5
      vertex 69.253 -11.3253 5
    endloop
  endfacet
  facet normal 0 0 1
    outer loop
      vertex 67.3168 -10.8065 5
      vertex 90.65 -22 5
      vertex 68.2736 -11.1081 5
    endloop
  endfacet
  facet normal 0 0 1
    outer loop
      vertex 45.0183 -4.82499 5
      vertex 67.3168 -10.8065 5
      vertex 66.3899 -10.4225 5
    endloop
  endfacet
  facet normal 0 0 1
    outer loop
      vertex 56.8315 -4.83567 5
      vertex 59.7938 -1.00229 5
      vertex 59.75 0 5
    endloop
  endfacet
  facet normal 0 0 1
    outer loop
      vertex 56.8315 -4.83567 5
      vertex 59.9247 -1.99695 5
      vertex 59.7938 -1.00229 5
    endloop
  endfacet
  facet normal 0 0 1
    outer loop
      vertex 56.8315 -4.83567 5
      vertex 60.1419 -2.97642 5
      vertex 59.9247 -1.99695 5
    endloop
  endfacet
  facet normal 0 0 1
    outer loop
      vertex 56.8315 -4.83567 5
      vertex 60.4435 -3.93323 5
      vertex 60.1419 -2.97642 5
    endloop
  endfacet
  facet normal -0 0 1
    outer loop
      vertex 56.8315 -4.83567 5
      vertex 60.8275 -4.86011 5
      vertex 60.4435 -3.93323 5
    endloop
  endfacet
  facet normal 0 0 1
    outer loop
      vertex 56.8315 -4.83567 5
      vertex 61.2907 -5.75 5
      vertex 60.8275 -4.86011 5
    endloop
  endfacet
  facet normal 0 0 1
    outer loop
      vertex 56.8315 -4.83567 5
      vertex 61.8298 -6.59613 5
      vertex 61.2907 -5.75 5
    endloop
  endfacet
  facet normal 0 0 1
    outer loop
      vertex 56.8315 -4.83567 5
      vertex 62.4405 -7.39206 5
      vertex 61.8298 -6.59613 5
    endloop
  endfacet
  facet normal -0 0 1
    outer loop
      vertex 55.9572 -4.83567 5
      vertex 62.4405 -7.39206 5
      vertex 56.8315 -4.83567 5
    endloop
  endfacet
  facet normal 0 0 1
    outer loop
      vertex 62.4405 -7.39206 5
      vertex 55.9572 -4.83567 5
      vertex 63.1183 -8.13173 5
    endloop
  endfacet
  facet normal -0 0 1
    outer loop
      vertex 54.7895 -4.83567 5
      vertex 63.1183 -8.13173 5
      vertex 55.9572 -4.83567 5
    endloop
  endfacet
  facet normal -0 0 1
    outer loop
      vertex 53.9891 -4.83567 5
      vertex 63.1183 -8.13173 5
      vertex 54.7895 -4.83567 5
    endloop
  endfacet
  facet normal 0 0 1
    outer loop
      vertex 63.1183 -8.13173 5
      vertex 53.9891 -4.83567 5
      vertex 63.8579 -8.80951 5
    endloop
  endfacet
  facet normal -0 0 1
    outer loop
      vertex 54.7895 -3.67933 5
      vertex 55.9572 -4.83567 5
      vertex 55.1341 -3.44011 5
    endloop
  endfacet
  facet normal 0 0 1
    outer loop
      vertex 54.7895 -4.83567 5
      vertex 55.9572 -4.83567 5
      vertex 54.7895 -3.67933 5
    endloop
  endfacet
  facet normal -0 0 1
    outer loop
      vertex 52.1055 -4.89264 5
      vertex 63.8579 -8.80951 5
      vertex 53.9891 -4.83567 5
    endloop
  endfacet
  facet normal 0 0 1
    outer loop
      vertex 63.8579 -8.80951 5
      vertex 52.1055 -4.89264 5
      vertex 64.6539 -9.42025 5
    endloop
  endfacet
  facet normal 0 0 1
    outer loop
      vertex 50.094 -4.86843 5
      vertex 64.6539 -9.42025 5
      vertex 52.1055 -4.89264 5
    endloop
  endfacet
  facet normal -0 0 1
    outer loop
      vertex 50.0139 -4.86987 5
      vertex 64.6539 -9.42025 5
      vertex 50.094 -4.86843 5
    endloop
  endfacet
  facet normal -0 0 1
    outer loop
      vertex 53.464 -2.72523 5
      vertex 53.9891 -4.83567 5
      vertex 53.9891 -0.609066 5
    endloop
  endfacet
  facet normal -0 0 1
    outer loop
      vertex 53.4088 -4.10942 5
      vertex 53.9891 -4.83567 5
      vertex 53.4868 -3.81033 5
    endloop
  endfacet
  facet normal -0 0 1
    outer loop
      vertex 53.2604 -4.37431 5
      vertex 53.9891 -4.83567 5
      vertex 53.4088 -4.10942 5
    endloop
  endfacet
  facet normal -0 0 1
    outer loop
      vertex 53.0478 -4.59394 5
      vertex 53.9891 -4.83567 5
      vertex 53.2604 -4.37431 5
    endloop
  endfacet
  facet normal -0 0 1
    outer loop
      vertex 52.7776 -4.75735 5
      vertex 53.9891 -4.83567 5
      vertex 53.0478 -4.59394 5
    endloop
  endfacet
  facet normal 0 0 1
    outer loop
      vertex 52.46 -4.85881 5
      vertex 53.9891 -4.83567 5
      vertex 52.7776 -4.75735 5
    endloop
  endfacet
  facet normal 0 0 1
    outer loop
      vertex 52.1055 -4.89264 5
      vertex 53.9891 -4.83567 5
      vertex 52.46 -4.85881 5
    endloop
  endfacet
  facet normal -0 0 1
    outer loop
      vertex 48.3648 -4.89264 5
      vertex 64.6539 -9.42025 5
      vertex 50.0139 -4.86987 5
    endloop
  endfacet
  facet normal -0 0 1
    outer loop
      vertex 50.3414 -4.83996 5
      vertex 52.1055 -4.89264 5
      vertex 51.4846 -4.78833 5
    endloop
  endfacet
  facet normal -0 0 1
    outer loop
      vertex 50.0965 -3.92428 5
      vertex 50.7369 -3.9759 5
      vertex 50.6415 -3.31192 5
    endloop
  endfacet
  facet normal -0 0 1
    outer loop
      vertex 50.5265 -4.36288 5
      vertex 51.0232 -4.4754 5
      vertex 50.7369 -3.9759 5
    endloop
  endfacet
  facet normal 0 0 1
    outer loop
      vertex 50.5265 -4.79582 5
      vertex 51.0232 -4.4754 5
      vertex 50.5265 -4.36288 5
    endloop
  endfacet
  facet normal 0 0 1
    outer loop
      vertex 51.0232 -4.4754 5
      vertex 50.5265 -4.79582 5
      vertex 51.4846 -4.78833 5
    endloop
  endfacet
  facet normal 0 0 1
    outer loop
      vertex 50.4589 -4.81218 5
      vertex 51.4846 -4.78833 5
      vertex 50.5265 -4.79582 5
    endloop
  endfacet
  facet normal 0 0 1
    outer loop
      vertex 50.3984 -4.82716 5
      vertex 51.4846 -4.78833 5
      vertex 50.4589 -4.81218 5
    endloop
  endfacet
  facet normal 0 0 1
    outer loop
      vertex 50.3414 -4.83996 5
      vertex 51.4846 -4.78833 5
      vertex 50.3984 -4.82716 5
    endloop
  endfacet
  facet normal 0 0 1
    outer loop
      vertex 52.1055 -4.89264 5
      vertex 50.3414 -4.83996 5
      vertex 50.2845 -4.84991 5
    endloop
  endfacet
  facet normal 0 0 1
    outer loop
      vertex 52.1055 -4.89264 5
      vertex 50.2845 -4.84991 5
      vertex 50.2257 -4.85775 5
    endloop
  endfacet
  facet normal 0 0 1
    outer loop
      vertex 52.1055 -4.89264 5
      vertex 50.2257 -4.85775 5
      vertex 50.1634 -4.86416 5
    endloop
  endfacet
  facet normal -0 0 1
    outer loop
      vertex 50.094 -4.86843 5
      vertex 52.1055 -4.89264 5
      vertex 50.1634 -4.86416 5
    endloop
  endfacet
  facet normal 0 0 1
    outer loop
      vertex 64.6539 -9.42025 5
      vertex 48.3648 -4.89264 5
      vertex 65.5 -9.95929 5
    endloop
  endfacet
  facet normal -0 0 1
    outer loop
      vertex 45.5698 -4.89264 5
      vertex 65.5 -9.95929 5
      vertex 48.3648 -4.89264 5
    endloop
  endfacet
  facet normal 0 0 1
    outer loop
      vertex 48.3648 -4.89264 5
      vertex 50.0139 -4.86987 5
      vertex 49.7515 -4.83285 5
    endloop
  endfacet
  facet normal -0 0 1
    outer loop
      vertex 49.3788 -4.28598 5
      vertex 49.4532 -4.53875 5
      vertex 49.3958 -4.28598 5
    endloop
  endfacet
  facet normal 0 0 1
    outer loop
      vertex 48.9572 -4.74096 5
      vertex 49.4532 -4.53875 5
      vertex 49.3788 -4.28598 5
    endloop
  endfacet
  facet normal 0 0 1
    outer loop
      vertex 48.9572 -4.74096 5
      vertex 49.5681 -4.72178 5
      vertex 49.4532 -4.53875 5
    endloop
  endfacet
  facet normal -0 0 1
    outer loop
      vertex 48.9572 -4.74096 5
      vertex 49.7515 -4.83285 5
      vertex 49.5681 -4.72178 5
    endloop
  endfacet
  facet normal 0 0 1
    outer loop
      vertex 48.3648 -4.89264 5
      vertex 49.7515 -4.83285 5
      vertex 48.9572 -4.74096 5
    endloop
  endfacet
  facet normal 0 0 1
    outer loop
      vertex 65.5 -9.95929 5
      vertex 45.5698 -4.89264 5
      vertex 66.3899 -10.4225 5
    endloop
  endfacet
  facet normal 0 0 1
    outer loop
      vertex 45.5698 -4.89264 5
      vertex 48.3648 -4.89264 5
      vertex 47.9668 -4.83175 5
    endloop
  endfacet
  facet normal 0 0 1
    outer loop
      vertex 46.9226 -0.822674 5
      vertex 47.2452 0.782482 5
      vertex 46.9263 1.00784 5
    endloop
  endfacet
  facet normal 0 0 1
    outer loop
      vertex 47.556 -2.61129 5
      vertex 46.9226 -3.56543 5
      vertex 47.4944 -3.54263 5
    endloop
  endfacet
  facet normal 0 0 1
    outer loop
      vertex 47.4944 -3.54263 5
      vertex 46.9226 -3.56543 5
      vertex 47.4164 -3.96414 5
    endloop
  endfacet
  facet normal 0 0 1
    outer loop
      vertex 46.8336 -4.12292 5
      vertex 47.4164 -3.96414 5
      vertex 46.9226 -3.56543 5
    endloop
  endfacet
  facet normal 0 0 1
    outer loop
      vertex 47.4164 -3.96414 5
      vertex 46.8336 -4.12292 5
      vertex 47.479 -4.35611 5
    endloop
  endfacet
  facet normal 0 0 1
    outer loop
      vertex 46.5666 -4.54231 5
      vertex 47.479 -4.35611 5
      vertex 46.8336 -4.12292 5
    endloop
  endfacet
  facet normal 0 0 1
    outer loop
      vertex 47.479 -4.35611 5
      vertex 46.5666 -4.54231 5
      vertex 47.667 -4.64912 5
    endloop
  endfacet
  facet normal 0 0 1
    outer loop
      vertex 46.1394 -4.80505 5
      vertex 47.667 -4.64912 5
      vertex 46.5666 -4.54231 5
    endloop
  endfacet
  facet normal 0 0 1
    outer loop
      vertex 47.667 -4.64912 5
      vertex 46.1394 -4.80505 5
      vertex 47.9668 -4.83175 5
    endloop
  endfacet
  facet normal 0 0 1
    outer loop
      vertex 45.5698 -4.89264 5
      vertex 47.9668 -4.83175 5
      vertex 46.1394 -4.80505 5
    endloop
  endfacet
  facet normal 0 0 1
    outer loop
      vertex 45.0183 -4.82499 5
      vertex 66.3899 -10.4225 5
      vertex 45.5698 -4.89264 5
    endloop
  endfacet
  facet normal 0 0 1
    outer loop
      vertex 67.3168 -10.8065 5
      vertex 45.0183 -4.82499 5
      vertex 90.65 -22 5
    endloop
  endfacet
  facet normal 0 0 1
    outer loop
      vertex 42.8398 0.764324 5
      vertex 43.7353 1.11892 5
      vertex 43.4555 1.62483 5
    endloop
  endfacet
  facet normal 0 0 1
    outer loop
      vertex 42.8398 0.764324 5
      vertex 43.4555 1.62483 5
      vertex 43.3622 2.31941 5
    endloop
  endfacet
  facet normal 0 0 1
    outer loop
      vertex 42.8398 0.764324 5
      vertex 43.3622 2.31941 5
      vertex 42.8398 4.77732 5
    endloop
  endfacet
  facet normal 0 0 1
    outer loop
      vertex 45.285 -1.4806 5
      vertex 42.8398 0.764324 5
      vertex 44.1656 -3.74771 5
    endloop
  endfacet
  facet normal -0 0 1
    outer loop
      vertex 41.8543 0.764324 5
      vertex 44.1656 -3.74771 5
      vertex 42.8398 0.764324 5
    endloop
  endfacet
  facet normal -0 0 1
    outer loop
      vertex 40.1568 0.764324 5
      vertex 44.1656 -3.74771 5
      vertex 41.8543 0.764324 5
    endloop
  endfacet
  facet normal 0 0 1
    outer loop
      vertex 40.1568 0.764324 5
      vertex 41.8543 0.764324 5
      vertex 40.1568 3.13108 5
    endloop
  endfacet
  facet normal -0 0 1
    outer loop
      vertex 39.4106 0.764324 5
      vertex 44.1656 -3.74771 5
      vertex 40.1568 0.764324 5
    endloop
  endfacet
  facet normal 0 0 1
    outer loop
      vertex 44.1656 -3.74771 5
      vertex 39.4106 0.764324 5
      vertex 44.3326 -4.2682 5
    endloop
  endfacet
  facet normal 0 0 1
    outer loop
      vertex 44.3326 -4.2682 5
      vertex 39.4106 0.764324 5
      vertex 44.6114 -4.62207 5
    endloop
  endfacet
  facet normal 0 0 1
    outer loop
      vertex -18.8231 -4.83567 5
      vertex 44.6114 -4.62207 5
      vertex 39.4106 0.764324 5
    endloop
  endfacet
  facet normal 0 0 1
    outer loop
      vertex -18.8231 -4.83567 5
      vertex 45.0183 -4.82499 5
      vertex 44.6114 -4.62207 5
    endloop
  endfacet
  facet normal -0 0 1
    outer loop
      vertex -18.8231 -4.83567 5
      vertex 90.65 -22 5
      vertex 45.0183 -4.82499 5
    endloop
  endfacet
  facet normal 0 0 1
    outer loop
      vertex -54.0833 -12.6883 5
      vertex -18.8231 -4.83567 5
      vertex -19.6975 -4.83567 5
    endloop
  endfacet
  facet normal -0 0 1
    outer loop
      vertex -20.8652 -3.67933 5
      vertex -19.6975 -4.83567 5
      vertex -20.5206 -3.44011 5
    endloop
  endfacet
  facet normal 0 0 1
    outer loop
      vertex -20.8652 -4.83567 5
      vertex -19.6975 -4.83567 5
      vertex -20.8652 -3.67933 5
    endloop
  endfacet
  facet normal 0 0 1
    outer loop
      vertex -54.0833 -12.6883 5
      vertex -19.6975 -4.83567 5
      vertex -20.8652 -4.83567 5
    endloop
  endfacet
  facet normal 0 0 1
    outer loop
      vertex -54.0833 -12.6883 5
      vertex -20.8652 -4.83567 5
      vertex -21.6655 -4.83567 5
    endloop
  endfacet
  facet normal 0 0 1
    outer loop
      vertex -22.4479 -4.83567 5
      vertex -21.6655 -4.83567 5
      vertex -22.4479 -0.609066 5
    endloop
  endfacet
  facet normal 0 0 1
    outer loop
      vertex -54.0833 -12.6883 5
      vertex -21.6655 -4.83567 5
      vertex -22.4479 -4.83567 5
    endloop
  endfacet
  facet normal 0 0 1
    outer loop
      vertex -23.9752 -4.86843 5
      vertex -22.4479 -4.83567 5
      vertex -23.2483 -4.83567 5
    endloop
  endfacet
  facet normal -0 0 1
    outer loop
      vertex -23.5427 -4.79582 5
      vertex -23.2483 -4.83567 5
      vertex -23.5427 -4.36288 5
    endloop
  endfacet
  facet normal -0 0 1
    outer loop
      vertex -23.6103 -4.81218 5
      vertex -23.2483 -4.83567 5
      vertex -23.5427 -4.79582 5
    endloop
  endfacet
  facet normal -0 0 1
    outer loop
      vertex -23.6708 -4.82716 5
      vertex -23.2483 -4.83567 5
      vertex -23.6103 -4.81218 5
    endloop
  endfacet
  facet normal 0 0 1
    outer loop
      vertex -23.7278 -4.83996 5
      vertex -23.2483 -4.83567 5
      vertex -23.6708 -4.82716 5
    endloop
  endfacet
  facet normal 0 0 1
    outer loop
      vertex -23.7847 -4.84991 5
      vertex -23.2483 -4.83567 5
      vertex -23.7278 -4.83996 5
    endloop
  endfacet
  facet normal 0 0 1
    outer loop
      vertex -23.8435 -4.85775 5
      vertex -23.2483 -4.83567 5
      vertex -23.7847 -4.84991 5
    endloop
  endfacet
  facet normal 0 0 1
    outer loop
      vertex -23.9058 -4.86416 5
      vertex -23.2483 -4.83567 5
      vertex -23.8435 -4.85775 5
    endloop
  endfacet
  facet normal 0 0 1
    outer loop
      vertex -23.9752 -4.86843 5
      vertex -23.2483 -4.83567 5
      vertex -23.9058 -4.86416 5
    endloop
  endfacet
  facet normal 0 0 1
    outer loop
      vertex -22.4479 -4.83567 5
      vertex -23.9752 -4.86843 5
      vertex -54.0833 -12.6883 5
    endloop
  endfacet
  facet normal 0 0 1
    outer loop
      vertex -54.0833 -12.6883 5
      vertex -23.9752 -4.86843 5
      vertex -24.0553 -4.86987 5
    endloop
  endfacet
  facet normal 0 0 1
    outer loop
      vertex -25.7044 -4.89264 5
      vertex -24.0553 -4.86987 5
      vertex -24.3177 -4.83285 5
    endloop
  endfacet
  facet normal -0 0 1
    outer loop
      vertex -24.6904 -4.28598 5
      vertex -24.616 -4.53875 5
      vertex -24.6734 -4.28598 5
    endloop
  endfacet
  facet normal 0 0 1
    outer loop
      vertex -25.112 -4.74096 5
      vertex -24.616 -4.53875 5
      vertex -24.6904 -4.28598 5
    endloop
  endfacet
  facet normal 0 0 1
    outer loop
      vertex -25.112 -4.74096 5
      vertex -24.5011 -4.72178 5
      vertex -24.616 -4.53875 5
    endloop
  endfacet
  facet normal -0 0 1
    outer loop
      vertex -25.112 -4.74096 5
      vertex -24.3177 -4.83285 5
      vertex -24.5011 -4.72178 5
    endloop
  endfacet
  facet normal 0 0 1
    outer loop
      vertex -25.7044 -4.89264 5
      vertex -24.3177 -4.83285 5
      vertex -25.112 -4.74096 5
    endloop
  endfacet
  facet normal 0 0 1
    outer loop
      vertex -53 -12.1244 5
      vertex -24.0553 -4.86987 5
      vertex -25.7044 -4.89264 5
    endloop
  endfacet
  facet normal 0 0 1
    outer loop
      vertex -26.5748 -3.54263 5
      vertex -27.679 -4.83567 5
      vertex -26.6528 -3.96414 5
    endloop
  endfacet
  facet normal 0 0 1
    outer loop
      vertex -26.6528 -3.96414 5
      vertex -27.679 -4.83567 5
      vertex -26.5901 -4.35611 5
    endloop
  endfacet
  facet normal 0 0 1
    outer loop
      vertex -27.679 -4.83567 5
      vertex -26.4022 -4.64912 5
      vertex -26.5901 -4.35611 5
    endloop
  endfacet
  facet normal 0 0 1
    outer loop
      vertex -27.679 -4.83567 5
      vertex -26.1024 -4.83175 5
      vertex -26.4022 -4.64912 5
    endloop
  endfacet
  facet normal -0 0 1
    outer loop
      vertex -27.679 -4.83567 5
      vertex -25.7044 -4.89264 5
      vertex -26.1024 -4.83175 5
    endloop
  endfacet
  facet normal 0 0 1
    outer loop
      vertex -53 -12.1244 5
      vertex -25.7044 -4.89264 5
      vertex -27.679 -4.83567 5
    endloop
  endfacet
  facet normal 0 0 1
    outer loop
      vertex -53 -12.1244 5
      vertex -27.679 -4.83567 5
      vertex -28.5192 -4.83567 5
    endloop
  endfacet
  facet normal 0 0 1
    outer loop
      vertex -31.0219 0.764324 5
      vertex -30.067 0.908123 5
      vertex -30.3479 1.16482 5
    endloop
  endfacet
  facet normal 0 0 1
    outer loop
      vertex -31.0219 0.764324 5
      vertex -30.3479 1.16482 5
      vertex -30.5156 1.53329 5
    endloop
  endfacet
  facet normal 0 0 1
    outer loop
      vertex -32.0052 -2.10864 5
      vertex -29.8151 -0.822674 5
      vertex -31.0219 0.764324 5
    endloop
  endfacet
  facet normal 0 0 1
    outer loop
      vertex -29.8151 -0.822674 5
      vertex -31.7073 -2.61024 5
      vertex -29.8151 -1.47204 5
    endloop
  endfacet
  facet normal 0 0 1
    outer loop
      vertex -29.8151 -1.47204 5
      vertex -31.6079 -3.292 5
      vertex -28.5192 -4.83567 5
    endloop
  endfacet
  facet normal -0 0 1
    outer loop
      vertex -31.7119 -3.96023 5
      vertex -28.5192 -4.83567 5
      vertex -31.6079 -3.292 5
    endloop
  endfacet
  facet normal -0 0 1
    outer loop
      vertex -32.0238 -4.46684 5
      vertex -28.5192 -4.83567 5
      vertex -31.7119 -3.96023 5
    endloop
  endfacet
  facet normal -0 0 1
    outer loop
      vertex -32.5193 -4.78617 5
      vertex -28.5192 -4.83567 5
      vertex -32.0238 -4.46684 5
    endloop
  endfacet
  facet normal 0 0 1
    outer loop
      vertex -33.1744 -4.89264 5
      vertex -28.5192 -4.83567 5
      vertex -32.5193 -4.78617 5
    endloop
  endfacet
  facet normal 0 0 1
    outer loop
      vertex -51.9699 -11.4681 5
      vertex -28.5192 -4.83567 5
      vertex -33.1744 -4.89264 5
    endloop
  endfacet
  facet normal 0 0 1
    outer loop
      vertex -35.7984 -4.83567 5
      vertex -34.7152 -3.292 5
      vertex -35.7984 -1.47204 5
    endloop
  endfacet
  facet normal 0 0 1
    outer loop
      vertex -34.7152 -3.292 5
      vertex -35.7984 -4.83567 5
      vertex -34.6127 -3.95845 5
    endloop
  endfacet
  facet normal 0 0 1
    outer loop
      vertex -35.7984 -4.83567 5
      vertex -34.3051 -4.4654 5
      vertex -34.6127 -3.95845 5
    endloop
  endfacet
  facet normal 0 0 1
    outer loop
      vertex -35.7984 -4.83567 5
      vertex -33.8174 -4.78582 5
      vertex -34.3051 -4.4654 5
    endloop
  endfacet
  facet normal -0 0 1
    outer loop
      vertex -35.7984 -4.83567 5
      vertex -33.1744 -4.89264 5
      vertex -33.8174 -4.78582 5
    endloop
  endfacet
  facet normal 0 0 1
    outer loop
      vertex -51.001 -10.7246 5
      vertex -33.1744 -4.89264 5
      vertex -35.7984 -4.83567 5
    endloop
  endfacet
  facet normal 0 0 1
    outer loop
      vertex -51.001 -10.7246 5
      vertex -35.7984 -4.83567 5
      vertex -36.6386 -4.83567 5
    endloop
  endfacet
  facet normal 0 0 1
    outer loop
      vertex -37.9345 -0.822674 5
      vertex -46.0533 -1.22018 5
      vertex -37.9345 -1.47204 5
    endloop
  endfacet
  facet normal 0 0 1
    outer loop
      vertex -46.2127 -2.43107 5
      vertex -37.9345 -1.47204 5
      vertex -46.0533 -1.22018 5
    endloop
  endfacet
  facet normal 0 0 1
    outer loop
      vertex -46.477 -3.62347 5
      vertex -37.9345 -1.47204 5
      vertex -46.2127 -2.43107 5
    endloop
  endfacet
  facet normal 0 0 1
    outer loop
      vertex -37.9345 -1.47204 5
      vertex -46.477 -3.62347 5
      vertex -36.6386 -4.83567 5
    endloop
  endfacet
  facet normal -0 0 1
    outer loop
      vertex -46.8443 -4.78828 5
      vertex -36.6386 -4.83567 5
      vertex -46.477 -3.62347 5
    endloop
  endfacet
  facet normal 0 0 1
    outer loop
      vertex -47.3117 -5.91666 5
      vertex -36.6386 -4.83567 5
      vertex -46.8443 -4.78828 5
    endloop
  endfacet
  facet normal 0 0 1
    outer loop
      vertex -47.8756 -7 5
      vertex -36.6386 -4.83567 5
      vertex -47.3117 -5.91666 5
    endloop
  endfacet
  facet normal 0 0 1
    outer loop
      vertex -48.5319 -8.03007 5
      vertex -36.6386 -4.83567 5
      vertex -47.8756 -7 5
    endloop
  endfacet
  facet normal 0 0 1
    outer loop
      vertex -49.2754 -8.99903 5
      vertex -36.6386 -4.83567 5
      vertex -48.5319 -8.03007 5
    endloop
  endfacet
  facet normal 0 0 1
    outer loop
      vertex -50.1005 -9.89949 5
      vertex -36.6386 -4.83567 5
      vertex -49.2754 -8.99903 5
    endloop
  endfacet
  facet normal 0 0 1
    outer loop
      vertex -51.001 -10.7246 5
      vertex -36.6386 -4.83567 5
      vertex -50.1005 -9.89949 5
    endloop
  endfacet
  facet normal 0 0 1
    outer loop
      vertex -33.1744 -4.89264 5
      vertex -51.001 -10.7246 5
      vertex -51.9699 -11.4681 5
    endloop
  endfacet
  facet normal 0 0 1
    outer loop
      vertex -28.5192 -4.83567 5
      vertex -51.9699 -11.4681 5
      vertex -53 -12.1244 5
    endloop
  endfacet
  facet normal 0 0 1
    outer loop
      vertex -24.0553 -4.86987 5
      vertex -53 -12.1244 5
      vertex -54.0833 -12.6883 5
    endloop
  endfacet
  facet normal 0 0 1
    outer loop
      vertex -18.8231 -4.83567 5
      vertex -54.0833 -12.6883 5
      vertex -55.2117 -13.1557 5
    endloop
  endfacet
  facet normal 0 0 1
    outer loop
      vertex -18.8231 -4.83567 5
      vertex -55.2117 -13.1557 5
      vertex 90.65 -22 5
    endloop
  endfacet
  facet normal -0 0 1
    outer loop
      vertex -56.3765 -13.523 5
      vertex 90.65 -22 5
      vertex -55.2117 -13.1557 5
    endloop
  endfacet
  facet normal -0 0 1
    outer loop
      vertex -57.5689 -13.7873 5
      vertex 90.65 -22 5
      vertex -56.3765 -13.523 5
    endloop
  endfacet
  facet normal 0 0 1
    outer loop
      vertex -90.65 -22 5
      vertex -57.5689 -13.7873 5
      vertex -58.7798 -13.9467 5
    endloop
  endfacet
  facet normal 0 0 1
    outer loop
      vertex -90.65 -22 5
      vertex -58.7798 -13.9467 5
      vertex -60 -14 5
    endloop
  endfacet
  facet normal 0 0 1
    outer loop
      vertex -90.65 -22 5
      vertex -60 -14 5
      vertex -61.2202 -13.9467 5
    endloop
  endfacet
  facet normal 0 0 1
    outer loop
      vertex -72.6883 5.91666 5
      vertex -83.1751 11.5251 5
      vertex -73.1557 4.78828 5
    endloop
  endfacet
  facet normal 0 0 1
    outer loop
      vertex -74 0 5
      vertex -82.15 -14 5
      vertex -73.9467 -1.22018 5
    endloop
  endfacet
  facet normal 0 0 1
    outer loop
      vertex -73.9467 -1.22018 5
      vertex -82.15 -14 5
      vertex -73.7873 -2.43107 5
    endloop
  endfacet
  facet normal 0 0 1
    outer loop
      vertex -73.7873 -2.43107 5
      vertex -82.15 -14 5
      vertex -73.523 -3.62347 5
    endloop
  endfacet
  facet normal 0 0 1
    outer loop
      vertex -73.523 -3.62347 5
      vertex -82.15 -14 5
      vertex -73.1557 -4.78828 5
    endloop
  endfacet
  facet normal 0 0 1
    outer loop
      vertex -73.1557 -4.78828 5
      vertex -82.15 -14 5
      vertex -72.6883 -5.91666 5
    endloop
  endfacet
  facet normal 0 0 1
    outer loop
      vertex -82.15 -14 5
      vertex -72.1244 -7 5
      vertex -72.6883 -5.91666 5
    endloop
  endfacet
  facet normal 0 0 1
    outer loop
      vertex -82.15 -14 5
      vertex -71.4681 -8.03007 5
      vertex -72.1244 -7 5
    endloop
  endfacet
  facet normal 0 0 1
    outer loop
      vertex -82.15 -14 5
      vertex -70.7246 -8.99903 5
      vertex -71.4681 -8.03007 5
    endloop
  endfacet
  facet normal 0 0 1
    outer loop
      vertex -82.15 -14 5
      vertex -69.8995 -9.89949 5
      vertex -70.7246 -8.99903 5
    endloop
  endfacet
  facet normal 0 0 1
    outer loop
      vertex -82.1931 -14.5475 5
      vertex -69.8995 -9.89949 5
      vertex -82.15 -14 5
    endloop
  endfacet
  facet normal 0 0 1
    outer loop
      vertex -69.8995 -9.89949 5
      vertex -82.1931 -14.5475 5
      vertex -68.999 -10.7246 5
    endloop
  endfacet
  facet normal 0 0 1
    outer loop
      vertex -82.3213 -15.0816 5
      vertex -68.999 -10.7246 5
      vertex -82.1931 -14.5475 5
    endloop
  endfacet
  facet normal 0 0 1
    outer loop
      vertex -68.999 -10.7246 5
      vertex -82.3213 -15.0816 5
      vertex -68.0301 -11.4681 5
    endloop
  endfacet
  facet normal 0 0 1
    outer loop
      vertex -82.5315 -15.589 5
      vertex -68.0301 -11.4681 5
      vertex -82.3213 -15.0816 5
    endloop
  endfacet
  facet normal 0 0 1
    outer loop
      vertex -68.0301 -11.4681 5
      vertex -82.5315 -15.589 5
      vertex -67 -12.1244 5
    endloop
  endfacet
  facet normal 0 0 1
    outer loop
      vertex -82.8184 -16.0572 5
      vertex -67 -12.1244 5
      vertex -82.5315 -15.589 5
    endloop
  endfacet
  facet normal 0 0 1
    outer loop
      vertex -67 -12.1244 5
      vertex -82.8184 -16.0572 5
      vertex -65.9167 -12.6883 5
    endloop
  endfacet
  facet normal 0 0 1
    outer loop
      vertex -83.1751 -16.4749 5
      vertex -65.9167 -12.6883 5
      vertex -82.8184 -16.0572 5
    endloop
  endfacet
  facet normal 0 0 1
    outer loop
      vertex -65.9167 -12.6883 5
      vertex -83.1751 -16.4749 5
      vertex -64.7883 -13.1557 5
    endloop
  endfacet
  facet normal 0 0 1
    outer loop
      vertex -83.5928 -16.8316 5
      vertex -64.7883 -13.1557 5
      vertex -83.1751 -16.4749 5
    endloop
  endfacet
  facet normal 0 0 1
    outer loop
      vertex -64.7883 -13.1557 5
      vertex -83.5928 -16.8316 5
      vertex -63.6235 -13.523 5
    endloop
  endfacet
  facet normal 0 0 1
    outer loop
      vertex -84.061 -17.1185 5
      vertex -63.6235 -13.523 5
      vertex -83.5928 -16.8316 5
    endloop
  endfacet
  facet normal 0 0 1
    outer loop
      vertex -63.6235 -13.523 5
      vertex -84.061 -17.1185 5
      vertex -62.4311 -13.7873 5
    endloop
  endfacet
  facet normal 0 0 1
    outer loop
      vertex -90.65 -22 5
      vertex -62.4311 -13.7873 5
      vertex -84.061 -17.1185 5
    endloop
  endfacet
  facet normal 0 0 1
    outer loop
      vertex -62.4311 -13.7873 5
      vertex -90.65 -22 5
      vertex -61.2202 -13.9467 5
    endloop
  endfacet
  facet normal 0 0 1
    outer loop
      vertex -90.65 -22 5
      vertex -84.061 -17.1185 5
      vertex -84.5684 -17.3287 5
    endloop
  endfacet
  facet normal 0 0 1
    outer loop
      vertex -90.65 -22 5
      vertex -84.5684 -17.3287 5
      vertex -85.1025 -17.4569 5
    endloop
  endfacet
  facet normal 0 0 1
    outer loop
      vertex -90.65 -22 5
      vertex -85.1025 -17.4569 5
      vertex -85.65 -17.5 5
    endloop
  endfacet
  facet normal 0 0 1
    outer loop
      vertex -57.5689 -13.7873 5
      vertex -90.65 -22 5
      vertex 90.65 -22 5
    endloop
  endfacet
  facet normal 0 0 1
    outer loop
      vertex -86.1975 -17.4569 5
      vertex -90.65 -22 5
      vertex -85.65 -17.5 5
    endloop
  endfacet
  facet normal 0 0 1
    outer loop
      vertex -86.7316 -17.3287 5
      vertex -90.65 -22 5
      vertex -86.1975 -17.4569 5
    endloop
  endfacet
  facet normal 0 0 1
    outer loop
      vertex -87.239 -17.1185 5
      vertex -90.65 -22 5
      vertex -86.7316 -17.3287 5
    endloop
  endfacet
  facet normal 0 0 1
    outer loop
      vertex -87.7072 -16.8316 5
      vertex -90.65 -22 5
      vertex -87.239 -17.1185 5
    endloop
  endfacet
  facet normal 0 0 1
    outer loop
      vertex -88.1249 -16.4749 5
      vertex -90.65 -22 5
      vertex -87.7072 -16.8316 5
    endloop
  endfacet
  facet normal 0 0 1
    outer loop
      vertex -93.65 -19 5
      vertex -88.1249 -16.4749 5
      vertex -88.4816 -16.0572 5
    endloop
  endfacet
  facet normal 0 0 1
    outer loop
      vertex -93.65 -19 5
      vertex -88.4816 -16.0572 5
      vertex -88.7685 -15.589 5
    endloop
  endfacet
  facet normal 0 0 1
    outer loop
      vertex -93.65 -19 5
      vertex -88.7685 -15.589 5
      vertex -88.9787 -15.0816 5
    endloop
  endfacet
  facet normal 0 0 1
    outer loop
      vertex -93.65 -19 5
      vertex -88.9787 -15.0816 5
      vertex -89.1069 -14.5475 5
    endloop
  endfacet
  facet normal 0 0 1
    outer loop
      vertex -93.65 -19 5
      vertex -89.1069 -14.5475 5
      vertex -89.15 -14 5
    endloop
  endfacet
  facet normal 0 0 1
    outer loop
      vertex -88.9787 -12.9184 5
      vertex -93.65 -19 5
      vertex -89.1069 -13.4525 5
    endloop
  endfacet
  facet normal 0 0 1
    outer loop
      vertex -93.65 19 5
      vertex -90.65 22 5
      vertex -91.0416 21.9743 5
    endloop
  endfacet
  facet normal 0 0 1
    outer loop
      vertex -89.1069 -13.4525 5
      vertex -93.65 -19 5
      vertex -89.15 -14 5
    endloop
  endfacet
  facet normal 0 0 1
    outer loop
      vertex -93.65 19 5
      vertex -91.0416 21.9743 5
      vertex -91.4265 21.8978 5
    endloop
  endfacet
  facet normal 0 0 1
    outer loop
      vertex -88.1249 -16.4749 5
      vertex -93.65 -19 5
      vertex -90.65 -22 5
    endloop
  endfacet
  facet normal 0 0 1
    outer loop
      vertex -93.65 19 5
      vertex -91.4265 21.8978 5
      vertex -91.798 21.7716 5
    endloop
  endfacet
  facet normal 0 0 1
    outer loop
      vertex -90.65 -22 5
      vertex -93.65 -19 5
      vertex -91.0416 -21.9743 5
    endloop
  endfacet
  facet normal 0 0 1
    outer loop
      vertex -93.65 19 5
      vertex -91.798 21.7716 5
      vertex -92.15 21.5981 5
    endloop
  endfacet
  facet normal 0 0 1
    outer loop
      vertex -91.0416 -21.9743 5
      vertex -93.65 -19 5
      vertex -91.4265 -21.8978 5
    endloop
  endfacet
  facet normal 0 0 1
    outer loop
      vertex -93.65 19 5
      vertex -92.15 21.5981 5
      vertex -92.4763 21.3801 5
    endloop
  endfacet
  facet normal 0 0 1
    outer loop
      vertex -91.4265 -21.8978 5
      vertex -93.65 -19 5
      vertex -91.798 -21.7716 5
    endloop
  endfacet
  facet normal 0 0 1
    outer loop
      vertex -93.65 19 5
      vertex -92.4763 21.3801 5
      vertex -92.7713 21.1213 5
    endloop
  endfacet
  facet normal 0 0 1
    outer loop
      vertex -91.798 -21.7716 5
      vertex -93.65 -19 5
      vertex -92.15 -21.5981 5
    endloop
  endfacet
  facet normal 0 0 1
    outer loop
      vertex -93.65 19 5
      vertex -92.7713 21.1213 5
      vertex -93.0301 20.8263 5
    endloop
  endfacet
  facet normal 0 0 1
    outer loop
      vertex -92.15 -21.5981 5
      vertex -93.65 -19 5
      vertex -92.4763 -21.3801 5
    endloop
  endfacet
  facet normal 0 0 1
    outer loop
      vertex -93.65 19 5
      vertex -93.0301 20.8263 5
      vertex -93.2481 20.5 5
    endloop
  endfacet
  facet normal 0 0 1
    outer loop
      vertex -92.4763 -21.3801 5
      vertex -93.65 -19 5
      vertex -92.7713 -21.1213 5
    endloop
  endfacet
  facet normal 0 0 1
    outer loop
      vertex -93.65 19 5
      vertex -93.2481 20.5 5
      vertex -93.4216 20.148 5
    endloop
  endfacet
  facet normal 0 0 1
    outer loop
      vertex -92.7713 -21.1213 5
      vertex -93.65 -19 5
      vertex -93.0301 -20.8263 5
    endloop
  endfacet
  facet normal 0 0 1
    outer loop
      vertex -93.65 19 5
      vertex -93.4216 20.148 5
      vertex -93.5478 19.7764 5
    endloop
  endfacet
  facet normal 0 0 1
    outer loop
      vertex -93.0301 -20.8263 5
      vertex -93.65 -19 5
      vertex -93.2481 -20.5 5
    endloop
  endfacet
  facet normal 0 0 1
    outer loop
      vertex -93.65 19 5
      vertex -93.5478 19.7764 5
      vertex -93.6243 19.3916 5
    endloop
  endfacet
  facet normal 0 0 1
    outer loop
      vertex -93.2481 -20.5 5
      vertex -93.65 -19 5
      vertex -93.4216 -20.148 5
    endloop
  endfacet
  facet normal 0 0 1
    outer loop
      vertex -93.4216 -20.148 5
      vertex -93.65 -19 5
      vertex -93.5478 -19.7764 5
    endloop
  endfacet
  facet normal 0 0 1
    outer loop
      vertex -93.5478 -19.7764 5
      vertex -93.65 -19 5
      vertex -93.6243 -19.3916 5
    endloop
  endfacet
  facet normal -0 0 1
    outer loop
      vertex 81.2093 -5.75 5
      vertex 85.1025 -10.5431 5
      vertex 81.6725 -4.86011 5
    endloop
  endfacet
  facet normal 0 0 1
    outer loop
      vertex 85.1025 -10.5431 5
      vertex 81.2093 -5.75 5
      vertex 84.5684 -10.6713 5
    endloop
  endfacet
  facet normal -0 0 1
    outer loop
      vertex 80.6702 -6.59613 5
      vertex 84.5684 -10.6713 5
      vertex 81.2093 -5.75 5
    endloop
  endfacet
  facet normal 0 0 1
    outer loop
      vertex 84.5684 -10.6713 5
      vertex 80.6702 -6.59613 5
      vertex 84.061 -10.8815 5
    endloop
  endfacet
  facet normal -0 0 1
    outer loop
      vertex 80.0595 -7.39206 5
      vertex 84.061 -10.8815 5
      vertex 80.6702 -6.59613 5
    endloop
  endfacet
  facet normal 0 0 1
    outer loop
      vertex 84.061 -10.8815 5
      vertex 80.0595 -7.39206 5
      vertex 83.5928 -11.1684 5
    endloop
  endfacet
  facet normal 0 0 1
    outer loop
      vertex 83.5928 -11.1684 5
      vertex 80.0595 -7.39206 5
      vertex 83.1751 -11.5251 5
    endloop
  endfacet
  facet normal -0 0 1
    outer loop
      vertex 79.3817 -8.13173 5
      vertex 83.1751 -11.5251 5
      vertex 80.0595 -7.39206 5
    endloop
  endfacet
  facet normal 0 0 1
    outer loop
      vertex -35.9009 4.1251 5
      vertex -35.1547 3.49279 5
      vertex -35.3413 3.96702 5
    endloop
  endfacet
  facet normal 0 -0 1
    outer loop
      vertex -35.5706 2.86656 5
      vertex -35.1547 3.49279 5
      vertex -35.9009 4.1251 5
    endloop
  endfacet
  facet normal 0 0 1
    outer loop
      vertex -35.2017 3.20622 5
      vertex -35.5706 2.86656 5
      vertex -35.3427 2.9958 5
    endloop
  endfacet
  facet normal 0 0 1
    outer loop
      vertex -35.1547 3.49279 5
      vertex -35.5706 2.86656 5
      vertex -35.2017 3.20622 5
    endloop
  endfacet
  facet normal 0 0 1
    outer loop
      vertex -35.5706 2.86656 5
      vertex -35.9009 4.1251 5
      vertex -35.8782 2.82348 5
    endloop
  endfacet
  facet normal 0 0 1
    outer loop
      vertex -36.7696 2.82348 5
      vertex -35.9009 4.1251 5
      vertex -36.7696 4.1251 5
    endloop
  endfacet
  facet normal 0 0 1
    outer loop
      vertex -35.9009 4.1251 5
      vertex -36.7696 2.82348 5
      vertex -35.8782 2.82348 5
    endloop
  endfacet
  facet normal 0 0 1
    outer loop
      vertex -33.1459 -2.24673 5
      vertex -32.4901 -2.81779 5
      vertex -32.6247 -2.49453 5
    endloop
  endfacet
  facet normal 0 0 1
    outer loop
      vertex -33.875 -3.292 5
      vertex -32.4901 -2.81779 5
      vertex -33.6927 -2.50805 5
    endloop
  endfacet
  facet normal 0 0 1
    outer loop
      vertex -33.1459 -2.24673 5
      vertex -32.6247 -2.49453 5
      vertex -32.8447 -2.30868 5
    endloop
  endfacet
  facet normal 0 0 1
    outer loop
      vertex -32.4901 -2.81779 5
      vertex -33.1459 -2.24673 5
      vertex -33.6927 -2.50805 5
    endloop
  endfacet
  facet normal 0 -0 1
    outer loop
      vertex -33.8305 -3.74592 5
      vertex -32.4453 -3.292 5
      vertex -33.875 -3.292 5
    endloop
  endfacet
  facet normal 0 0 1
    outer loop
      vertex -32.4453 -3.292 5
      vertex -33.8305 -3.74592 5
      vertex -32.6297 -4.08235 5
    endloop
  endfacet
  facet normal 0 0 1
    outer loop
      vertex -32.4901 -2.81779 5
      vertex -33.875 -3.292 5
      vertex -32.4453 -3.292 5
    endloop
  endfacet
  facet normal -0 -0 1
    outer loop
      vertex -33.697 -4.07666 5
      vertex -32.6297 -4.08235 5
      vertex -33.8305 -3.74592 5
    endloop
  endfacet
  facet normal 0 0 1
    outer loop
      vertex -32.6297 -4.08235 5
      vertex -33.697 -4.07666 5
      vertex -33.1829 -4.34579 5
    endloop
  endfacet
  facet normal 0 0 1
    outer loop
      vertex -33.1829 -4.34579 5
      vertex -33.697 -4.07666 5
      vertex -33.4795 -4.2785 5
    endloop
  endfacet
  facet normal -0 0 1
    outer loop
      vertex -25.1832 -3.41449 5
      vertex -24.7731 -3.56543 5
      vertex -24.7731 -3.40876 5
    endloop
  endfacet
  facet normal 0 0 1
    outer loop
      vertex -24.7731 -3.56543 5
      vertex -25.1832 -3.41449 5
      vertex -24.7951 -3.76228 5
    endloop
  endfacet
  facet normal 0 0 1
    outer loop
      vertex -24.7951 -3.76228 5
      vertex -25.1832 -3.41449 5
      vertex -24.8613 -3.94847 5
    endloop
  endfacet
  facet normal 0 0 1
    outer loop
      vertex -24.8613 -3.94847 5
      vertex -25.1832 -3.41449 5
      vertex -24.9664 -4.10975 5
    endloop
  endfacet
  facet normal -0 0 1
    outer loop
      vertex -25.4217 -3.43548 5
      vertex -24.9664 -4.10975 5
      vertex -25.1832 -3.41449 5
    endloop
  endfacet
  facet normal 0 0 1
    outer loop
      vertex -24.9664 -4.10975 5
      vertex -25.4217 -3.43548 5
      vertex -25.1049 -4.23188 5
    endloop
  endfacet
  facet normal 0 0 1
    outer loop
      vertex -25.1049 -4.23188 5
      vertex -25.4217 -3.43548 5
      vertex -25.2683 -4.30877 5
    endloop
  endfacet
  facet normal -0 0 1
    outer loop
      vertex -25.8183 -3.90147 5
      vertex -25.2683 -4.30877 5
      vertex -25.4217 -3.43548 5
    endloop
  endfacet
  facet normal 0 0 1
    outer loop
      vertex -25.803 -3.74771 5
      vertex -25.4217 -3.43548 5
      vertex -25.5791 -3.47572 5
    endloop
  endfacet
  facet normal 0 0 1
    outer loop
      vertex -25.2683 -4.30877 5
      vertex -25.8183 -3.90147 5
      vertex -25.4481 -4.33441 5
    endloop
  endfacet
  facet normal 0 0 1
    outer loop
      vertex -25.803 -3.74771 5
      vertex -25.5791 -3.47572 5
      vertex -25.6819 -3.53872 5
    endloop
  endfacet
  facet normal -0 -0 1
    outer loop
      vertex -25.793 -4.09266 5
      vertex -25.4481 -4.33441 5
      vertex -25.8183 -3.90147 5
    endloop
  endfacet
  facet normal 0 0 1
    outer loop
      vertex -25.803 -3.74771 5
      vertex -25.6819 -3.53872 5
      vertex -25.7571 -3.62809 5
    endloop
  endfacet
  facet normal 0 0 1
    outer loop
      vertex -25.4481 -4.33441 5
      vertex -25.793 -4.09266 5
      vertex -25.5994 -4.3077 5
    endloop
  endfacet
  facet normal 0 0 1
    outer loop
      vertex -25.4217 -3.43548 5
      vertex -25.803 -3.74771 5
      vertex -25.8183 -3.90147 5
    endloop
  endfacet
  facet normal 0 0 1
    outer loop
      vertex -25.5994 -4.3077 5
      vertex -25.793 -4.09266 5
      vertex -25.7172 -4.2276 5
    endloop
  endfacet
  facet normal 0 0 1
    outer loop
      vertex 44.8033 3.39885 5
      vertex 45.348 2.97908 5
      vertex 45.2248 3.21228 5
    endloop
  endfacet
  facet normal 0 0 1
    outer loop
      vertex 44.8033 3.39885 5
      vertex 45.2248 3.21228 5
      vertex 45.0412 3.3522 5
    endloop
  endfacet
  facet normal 0 0 1
    outer loop
      vertex 45.348 2.97908 5
      vertex 44.8033 3.39885 5
      vertex 44.2526 2.96661 5
    endloop
  endfacet
  facet normal 0 0 1
    outer loop
      vertex 44.369 3.20228 5
      vertex 44.8033 3.39885 5
      vertex 44.5538 3.3497 5
    endloop
  endfacet
  facet normal 0 0 1
    outer loop
      vertex 44.8033 3.39885 5
      vertex 44.369 3.20228 5
      vertex 44.2526 2.96661 5
    endloop
  endfacet
  facet normal 0 0 1
    outer loop
      vertex 44.2081 2.65265 5
      vertex 45.348 2.97908 5
      vertex 44.2526 2.96661 5
    endloop
  endfacet
  facet normal 0 0 1
    outer loop
      vertex 45.348 2.97908 5
      vertex 44.2081 2.65265 5
      vertex 45.4043 2.65265 5
    endloop
  endfacet
  facet normal -0 0 1
    outer loop
      vertex 48.886 -3.41449 5
      vertex 49.2961 -3.56543 5
      vertex 49.2961 -3.40876 5
    endloop
  endfacet
  facet normal 0 0 1
    outer loop
      vertex 49.2961 -3.56543 5
      vertex 48.886 -3.41449 5
      vertex 49.2741 -3.76228 5
    endloop
  endfacet
  facet normal 0 0 1
    outer loop
      vertex 49.2741 -3.76228 5
      vertex 48.886 -3.41449 5
      vertex 49.2079 -3.94847 5
    endloop
  endfacet
  facet normal 0 0 1
    outer loop
      vertex 49.2079 -3.94847 5
      vertex 48.886 -3.41449 5
      vertex 49.1028 -4.10975 5
    endloop
  endfacet
  facet normal -0 0 1
    outer loop
      vertex 48.6475 -3.43548 5
      vertex 49.1028 -4.10975 5
      vertex 48.886 -3.41449 5
    endloop
  endfacet
  facet normal 0 0 1
    outer loop
      vertex 49.1028 -4.10975 5
      vertex 48.6475 -3.43548 5
      vertex 48.9644 -4.23188 5
    endloop
  endfacet
  facet normal 0 0 1
    outer loop
      vertex 48.9644 -4.23188 5
      vertex 48.6475 -3.43548 5
      vertex 48.8009 -4.30877 5
    endloop
  endfacet
  facet normal -0 0 1
    outer loop
      vertex 48.2509 -3.90147 5
      vertex 48.8009 -4.30877 5
      vertex 48.6475 -3.43548 5
    endloop
  endfacet
  facet normal 0 0 1
    outer loop
      vertex 48.2662 -3.74771 5
      vertex 48.6475 -3.43548 5
      vertex 48.4901 -3.47572 5
    endloop
  endfacet
  facet normal 0 0 1
    outer loop
      vertex 48.8009 -4.30877 5
      vertex 48.2509 -3.90147 5
      vertex 48.6211 -4.33441 5
    endloop
  endfacet
  facet normal 0 0 1
    outer loop
      vertex 48.2662 -3.74771 5
      vertex 48.4901 -3.47572 5
      vertex 48.3873 -3.53872 5
    endloop
  endfacet
  facet normal -0 -0 1
    outer loop
      vertex 48.2762 -4.09266 5
      vertex 48.6211 -4.33441 5
      vertex 48.2509 -3.90147 5
    endloop
  endfacet
  facet normal 0 0 1
    outer loop
      vertex 48.2662 -3.74771 5
      vertex 48.3873 -3.53872 5
      vertex 48.3121 -3.62809 5
    endloop
  endfacet
  facet normal 0 0 1
    outer loop
      vertex 48.6211 -4.33441 5
      vertex 48.2762 -4.09266 5
      vertex 48.4698 -4.3077 5
    endloop
  endfacet
  facet normal 0 0 1
    outer loop
      vertex 48.6475 -3.43548 5
      vertex 48.2662 -3.74771 5
      vertex 48.2509 -3.90147 5
    endloop
  endfacet
  facet normal 0 0 1
    outer loop
      vertex 48.4698 -4.3077 5
      vertex 48.2762 -4.09266 5
      vertex 48.352 -4.2276 5
    endloop
  endfacet
  facet normal -0 0 1
    outer loop
      vertex 53.6396 2.18551 5
      vertex 54.0498 2.03457 5
      vertex 54.0498 2.19123 5
    endloop
  endfacet
  facet normal 0 0 1
    outer loop
      vertex 54.0498 2.03457 5
      vertex 53.6396 2.18551 5
      vertex 54.0277 1.83772 5
    endloop
  endfacet
  facet normal 0 0 1
    outer loop
      vertex 54.0277 1.83772 5
      vertex 53.6396 2.18551 5
      vertex 53.9615 1.65153 5
    endloop
  endfacet
  facet normal 0 0 1
    outer loop
      vertex 53.9615 1.65153 5
      vertex 53.6396 2.18551 5
      vertex 53.8565 1.49025 5
    endloop
  endfacet
  facet normal -0 0 1
    outer loop
      vertex 53.4011 2.16452 5
      vertex 53.8565 1.49025 5
      vertex 53.6396 2.18551 5
    endloop
  endfacet
  facet normal 0 0 1
    outer loop
      vertex 53.8565 1.49025 5
      vertex 53.4011 2.16452 5
      vertex 53.718 1.36811 5
    endloop
  endfacet
  facet normal 0 0 1
    outer loop
      vertex 53.718 1.36811 5
      vertex 53.4011 2.16452 5
      vertex 53.5546 1.29123 5
    endloop
  endfacet
  facet normal -0 0 1
    outer loop
      vertex 53.0045 1.69853 5
      vertex 53.5546 1.29123 5
      vertex 53.4011 2.16452 5
    endloop
  endfacet
  facet normal 0 0 1
    outer loop
      vertex 53.0198 1.85229 5
      vertex 53.4011 2.16452 5
      vertex 53.2438 2.12428 5
    endloop
  endfacet
  facet normal 0 0 1
    outer loop
      vertex 53.5546 1.29123 5
      vertex 53.0045 1.69853 5
      vertex 53.3748 1.26559 5
    endloop
  endfacet
  facet normal 0 0 1
    outer loop
      vertex 53.0198 1.85229 5
      vertex 53.2438 2.12428 5
      vertex 53.1409 2.06128 5
    endloop
  endfacet
  facet normal -0 -0 1
    outer loop
      vertex 53.0298 1.50734 5
      vertex 53.3748 1.26559 5
      vertex 53.0045 1.69853 5
    endloop
  endfacet
  facet normal 0 0 1
    outer loop
      vertex 53.0198 1.85229 5
      vertex 53.1409 2.06128 5
      vertex 53.0658 1.9719 5
    endloop
  endfacet
  facet normal 0 0 1
    outer loop
      vertex 53.3748 1.26559 5
      vertex 53.0298 1.50734 5
      vertex 53.2235 1.29229 5
    endloop
  endfacet
  facet normal 0 0 1
    outer loop
      vertex 53.4011 2.16452 5
      vertex 53.0198 1.85229 5
      vertex 53.0045 1.69853 5
    endloop
  endfacet
  facet normal 0 0 1
    outer loop
      vertex 53.2235 1.29229 5
      vertex 53.0298 1.50734 5
      vertex 53.1056 1.3724 5
    endloop
  endfacet
  facet normal -0.321651 -0.946858 0
    outer loop
      vertex -91.798 -21.7716 0
      vertex -91.4265 -21.8978 5
      vertex -91.798 -21.7716 5
    endloop
  endfacet
  facet normal -0.321651 -0.946858 -0
    outer loop
      vertex -91.4265 -21.8978 5
      vertex -91.798 -21.7716 0
      vertex -91.4265 -21.8978 0
    endloop
  endfacet
  facet normal 1 -0 0
    outer loop
      vertex 93.65 -19 5
      vertex 93.65 19 0
      vertex 93.65 19 5
    endloop
  endfacet
  facet normal 1 0 0
    outer loop
      vertex 93.65 19 0
      vertex 93.65 -19 5
      vertex 93.65 -19 0
    endloop
  endfacet
  facet normal -1 0 0
    outer loop
      vertex -93.65 -19 0
      vertex -93.65 19 5
      vertex -93.65 19 0
    endloop
  endfacet
  facet normal -1 -0 0
    outer loop
      vertex -93.65 19 5
      vertex -93.65 -19 0
      vertex -93.65 -19 5
    endloop
  endfacet
  facet normal -0.896961 0.44211 -6.04351e-20
    outer loop
      vertex -93.4216 20.148 0
      vertex -93.2481 20.5 5
      vertex -93.2481 20.5 0
    endloop
  endfacet
  facet normal -0.896961 0.44211 -6.04351e-20
    outer loop
      vertex -93.2481 20.5 5
      vertex -93.4216 20.148 0
      vertex -93.4216 20.148 5
    endloop
  endfacet
  facet normal 0.946885 0.321574 7.07938e-20
    outer loop
      vertex 93.5478 19.7764 5
      vertex 93.4216 20.148 0
      vertex 93.4216 20.148 5
    endloop
  endfacet
  facet normal 0.946885 0.321574 7.07938e-20
    outer loop
      vertex 93.4216 20.148 0
      vertex 93.5478 19.7764 5
      vertex 93.5478 19.7764 0
    endloop
  endfacet
  facet normal 0 1 -0
    outer loop
      vertex 90.65 22 0
      vertex -90.65 22 5
      vertex 90.65 22 5
    endloop
  endfacet
  facet normal 0 1 0
    outer loop
      vertex -90.65 22 5
      vertex 90.65 22 0
      vertex -90.65 22 0
    endloop
  endfacet
  facet normal -0.19494 0.980815 0
    outer loop
      vertex -91.0416 21.9743 0
      vertex -91.4265 21.8978 5
      vertex -91.0416 21.9743 5
    endloop
  endfacet
  facet normal -0.19494 0.980815 0
    outer loop
      vertex -91.4265 21.8978 5
      vertex -91.0416 21.9743 0
      vertex -91.4265 21.8978 0
    endloop
  endfacet
  facet normal 0.980806 0.194989 -6.56329e-20
    outer loop
      vertex 93.6243 19.3916 5
      vertex 93.5478 19.7764 0
      vertex 93.5478 19.7764 5
    endloop
  endfacet
  facet normal 0.980806 0.194989 -6.56329e-20
    outer loop
      vertex 93.5478 19.7764 0
      vertex 93.6243 19.3916 5
      vertex 93.6243 19.3916 0
    endloop
  endfacet
  facet normal 0.997853 0.0654873 1.11371e-19
    outer loop
      vertex 93.65 19 5
      vertex 93.6243 19.3916 0
      vertex 93.6243 19.3916 5
    endloop
  endfacet
  facet normal 0.997853 0.0654873 1.11371e-19
    outer loop
      vertex 93.6243 19.3916 0
      vertex 93.65 19 5
      vertex 93.65 19 0
    endloop
  endfacet
  facet normal 0.0654873 -0.997853 0
    outer loop
      vertex 90.65 -22 0
      vertex 91.0416 -21.9743 5
      vertex 90.65 -22 5
    endloop
  endfacet
  facet normal 0.0654873 -0.997853 0
    outer loop
      vertex 91.0416 -21.9743 5
      vertex 90.65 -22 0
      vertex 91.0416 -21.9743 0
    endloop
  endfacet
  facet normal -0.19494 -0.980815 0
    outer loop
      vertex -91.4265 -21.8978 0
      vertex -91.0416 -21.9743 5
      vertex -91.4265 -21.8978 5
    endloop
  endfacet
  facet normal -0.19494 -0.980815 -0
    outer loop
      vertex -91.0416 -21.9743 5
      vertex -91.4265 -21.8978 0
      vertex -91.0416 -21.9743 0
    endloop
  endfacet
  facet normal -0.659478 -0.751724 0
    outer loop
      vertex -92.7713 -21.1213 0
      vertex -92.4763 -21.3801 5
      vertex -92.7713 -21.1213 5
    endloop
  endfacet
  facet normal -0.659478 -0.751724 -0
    outer loop
      vertex -92.4763 -21.3801 5
      vertex -92.7713 -21.1213 0
      vertex -92.4763 -21.3801 0
    endloop
  endfacet
  facet normal -0.44211 0.896961 0
    outer loop
      vertex -91.798 21.7716 0
      vertex -92.15 21.5981 5
      vertex -91.798 21.7716 5
    endloop
  endfacet
  facet normal -0.44211 0.896961 0
    outer loop
      vertex -92.15 21.5981 5
      vertex -91.798 21.7716 0
      vertex -92.15 21.5981 0
    endloop
  endfacet
  facet normal -0.751724 0.659478 -1.42283e-18
    outer loop
      vertex -93.0301 20.8263 0
      vertex -92.7713 21.1213 5
      vertex -92.7713 21.1213 0
    endloop
  endfacet
  facet normal -0.751724 0.659478 -1.42283e-18
    outer loop
      vertex -92.7713 21.1213 5
      vertex -93.0301 20.8263 0
      vertex -93.0301 20.8263 5
    endloop
  endfacet
  facet normal -0.946885 0.321574 -7.07938e-20
    outer loop
      vertex -93.5478 19.7764 0
      vertex -93.4216 20.148 5
      vertex -93.4216 20.148 0
    endloop
  endfacet
  facet normal -0.946885 0.321574 -7.07938e-20
    outer loop
      vertex -93.4216 20.148 5
      vertex -93.5478 19.7764 0
      vertex -93.5478 19.7764 5
    endloop
  endfacet
  facet normal 0.751724 0.659478 1.42283e-18
    outer loop
      vertex 93.0301 20.8263 5
      vertex 92.7713 21.1213 0
      vertex 92.7713 21.1213 5
    endloop
  endfacet
  facet normal 0.751724 0.659478 1.42283e-18
    outer loop
      vertex 92.7713 21.1213 0
      vertex 93.0301 20.8263 5
      vertex 93.0301 20.8263 0
    endloop
  endfacet
  facet normal 0.321651 0.946858 -0
    outer loop
      vertex 91.798 21.7716 0
      vertex 91.4265 21.8978 5
      vertex 91.798 21.7716 5
    endloop
  endfacet
  facet normal 0.321651 0.946858 0
    outer loop
      vertex 91.4265 21.8978 5
      vertex 91.798 21.7716 0
      vertex 91.4265 21.8978 0
    endloop
  endfacet
  facet normal 0.44211 0.896961 -0
    outer loop
      vertex 92.15 21.5981 0
      vertex 91.798 21.7716 5
      vertex 92.15 21.5981 5
    endloop
  endfacet
  facet normal 0.44211 0.896961 0
    outer loop
      vertex 91.798 21.7716 5
      vertex 92.15 21.5981 0
      vertex 91.798 21.7716 0
    endloop
  endfacet
  facet normal 0.659478 0.751724 -0
    outer loop
      vertex 92.7713 21.1213 0
      vertex 92.4763 21.3801 5
      vertex 92.7713 21.1213 5
    endloop
  endfacet
  facet normal 0.659478 0.751724 0
    outer loop
      vertex 92.4763 21.3801 5
      vertex 92.7713 21.1213 0
      vertex 92.4763 21.3801 0
    endloop
  endfacet
  facet normal -0.0654873 0.997853 0
    outer loop
      vertex -90.65 22 0
      vertex -91.0416 21.9743 5
      vertex -90.65 22 5
    endloop
  endfacet
  facet normal -0.0654873 0.997853 0
    outer loop
      vertex -91.0416 21.9743 5
      vertex -90.65 22 0
      vertex -91.0416 21.9743 0
    endloop
  endfacet
  facet normal 0.831501 -0.555523 1.20874e-18
    outer loop
      vertex 93.0301 -20.8263 5
      vertex 93.2481 -20.5 0
      vertex 93.2481 -20.5 5
    endloop
  endfacet
  facet normal 0.831501 -0.555523 1.20874e-18
    outer loop
      vertex 93.2481 -20.5 0
      vertex 93.0301 -20.8263 5
      vertex 93.0301 -20.8263 0
    endloop
  endfacet
  facet normal 0.896961 -0.44211 -6.04351e-20
    outer loop
      vertex 93.2481 -20.5 5
      vertex 93.4216 -20.148 0
      vertex 93.4216 -20.148 5
    endloop
  endfacet
  facet normal 0.896961 -0.44211 -6.04351e-20
    outer loop
      vertex 93.4216 -20.148 0
      vertex 93.2481 -20.5 5
      vertex 93.2481 -20.5 0
    endloop
  endfacet
  facet normal -0.44211 -0.896961 0
    outer loop
      vertex -92.15 -21.5981 0
      vertex -91.798 -21.7716 5
      vertex -92.15 -21.5981 5
    endloop
  endfacet
  facet normal -0.44211 -0.896961 -0
    outer loop
      vertex -91.798 -21.7716 5
      vertex -92.15 -21.5981 0
      vertex -91.798 -21.7716 0
    endloop
  endfacet
  facet normal -0.555523 -0.831501 0
    outer loop
      vertex -92.4763 -21.3801 0
      vertex -92.15 -21.5981 5
      vertex -92.4763 -21.3801 5
    endloop
  endfacet
  facet normal -0.555523 -0.831501 -0
    outer loop
      vertex -92.15 -21.5981 5
      vertex -92.4763 -21.3801 0
      vertex -92.15 -21.5981 0
    endloop
  endfacet
  facet normal -0.896961 -0.44211 6.04351e-20
    outer loop
      vertex -93.2481 -20.5 0
      vertex -93.4216 -20.148 5
      vertex -93.4216 -20.148 0
    endloop
  endfacet
  facet normal -0.896961 -0.44211 6.04351e-20
    outer loop
      vertex -93.4216 -20.148 5
      vertex -93.2481 -20.5 0
      vertex -93.2481 -20.5 5
    endloop
  endfacet
  facet normal -0.321651 0.946858 0
    outer loop
      vertex -91.4265 21.8978 0
      vertex -91.798 21.7716 5
      vertex -91.4265 21.8978 5
    endloop
  endfacet
  facet normal -0.321651 0.946858 0
    outer loop
      vertex -91.798 21.7716 5
      vertex -91.4265 21.8978 0
      vertex -91.798 21.7716 0
    endloop
  endfacet
  facet normal -0.831501 0.555523 1.20874e-18
    outer loop
      vertex -93.2481 20.5 0
      vertex -93.0301 20.8263 5
      vertex -93.0301 20.8263 0
    endloop
  endfacet
  facet normal -0.831501 0.555523 1.20874e-18
    outer loop
      vertex -93.0301 20.8263 5
      vertex -93.2481 20.5 0
      vertex -93.2481 20.5 5
    endloop
  endfacet
  facet normal -0.997853 0.0654873 -1.11371e-19
    outer loop
      vertex -93.65 19 0
      vertex -93.6243 19.3916 5
      vertex -93.6243 19.3916 0
    endloop
  endfacet
  facet normal -0.997853 0.0654873 -1.11371e-19
    outer loop
      vertex -93.6243 19.3916 5
      vertex -93.65 19 0
      vertex -93.65 19 5
    endloop
  endfacet
  facet normal -0.980806 0.194989 6.56329e-20
    outer loop
      vertex -93.6243 19.3916 0
      vertex -93.5478 19.7764 5
      vertex -93.5478 19.7764 0
    endloop
  endfacet
  facet normal -0.980806 0.194989 6.56329e-20
    outer loop
      vertex -93.5478 19.7764 5
      vertex -93.6243 19.3916 0
      vertex -93.6243 19.3916 5
    endloop
  endfacet
  facet normal 0.0654873 0.997853 -0
    outer loop
      vertex 91.0416 21.9743 0
      vertex 90.65 22 5
      vertex 91.0416 21.9743 5
    endloop
  endfacet
  facet normal 0.0654873 0.997853 0
    outer loop
      vertex 90.65 22 5
      vertex 91.0416 21.9743 0
      vertex 90.65 22 0
    endloop
  endfacet
  facet normal 0.19494 0.980815 -0
    outer loop
      vertex 91.4265 21.8978 0
      vertex 91.0416 21.9743 5
      vertex 91.4265 21.8978 5
    endloop
  endfacet
  facet normal 0.19494 0.980815 0
    outer loop
      vertex 91.0416 21.9743 5
      vertex 91.4265 21.8978 0
      vertex 91.0416 21.9743 0
    endloop
  endfacet
  facet normal 0.555523 0.831501 -0
    outer loop
      vertex 92.4763 21.3801 0
      vertex 92.15 21.5981 5
      vertex 92.4763 21.3801 5
    endloop
  endfacet
  facet normal 0.555523 0.831501 0
    outer loop
      vertex 92.15 21.5981 5
      vertex 92.4763 21.3801 0
      vertex 92.15 21.5981 0
    endloop
  endfacet
  facet normal 0.831501 0.555523 -1.20874e-18
    outer loop
      vertex 93.2481 20.5 5
      vertex 93.0301 20.8263 0
      vertex 93.0301 20.8263 5
    endloop
  endfacet
  facet normal 0.831501 0.555523 -1.20874e-18
    outer loop
      vertex 93.0301 20.8263 0
      vertex 93.2481 20.5 5
      vertex 93.2481 20.5 0
    endloop
  endfacet
  facet normal 0.19494 -0.980815 0
    outer loop
      vertex 91.0416 -21.9743 0
      vertex 91.4265 -21.8978 5
      vertex 91.0416 -21.9743 5
    endloop
  endfacet
  facet normal 0.19494 -0.980815 0
    outer loop
      vertex 91.4265 -21.8978 5
      vertex 91.0416 -21.9743 0
      vertex 91.4265 -21.8978 0
    endloop
  endfacet
  facet normal -0.0654873 -0.997853 0
    outer loop
      vertex -91.0416 -21.9743 0
      vertex -90.65 -22 5
      vertex -91.0416 -21.9743 5
    endloop
  endfacet
  facet normal -0.0654873 -0.997853 -0
    outer loop
      vertex -90.65 -22 5
      vertex -91.0416 -21.9743 0
      vertex -90.65 -22 0
    endloop
  endfacet
  facet normal -0.659478 0.751724 0
    outer loop
      vertex -92.4763 21.3801 0
      vertex -92.7713 21.1213 5
      vertex -92.4763 21.3801 5
    endloop
  endfacet
  facet normal -0.659478 0.751724 0
    outer loop
      vertex -92.7713 21.1213 5
      vertex -92.4763 21.3801 0
      vertex -92.7713 21.1213 0
    endloop
  endfacet
  facet normal -0.555523 0.831501 0
    outer loop
      vertex -92.15 21.5981 0
      vertex -92.4763 21.3801 5
      vertex -92.15 21.5981 5
    endloop
  endfacet
  facet normal -0.555523 0.831501 0
    outer loop
      vertex -92.4763 21.3801 5
      vertex -92.15 21.5981 0
      vertex -92.4763 21.3801 0
    endloop
  endfacet
  facet normal 0.896961 0.44211 6.04351e-20
    outer loop
      vertex 93.4216 20.148 5
      vertex 93.2481 20.5 0
      vertex 93.2481 20.5 5
    endloop
  endfacet
  facet normal 0.896961 0.44211 6.04351e-20
    outer loop
      vertex 93.2481 20.5 0
      vertex 93.4216 20.148 5
      vertex 93.4216 20.148 0
    endloop
  endfacet
  facet normal 0.321651 -0.946858 0
    outer loop
      vertex 91.4265 -21.8978 0
      vertex 91.798 -21.7716 5
      vertex 91.4265 -21.8978 5
    endloop
  endfacet
  facet normal 0.321651 -0.946858 0
    outer loop
      vertex 91.798 -21.7716 5
      vertex 91.4265 -21.8978 0
      vertex 91.798 -21.7716 0
    endloop
  endfacet
  facet normal 0.980806 -0.194989 6.56329e-20
    outer loop
      vertex 93.5478 -19.7764 5
      vertex 93.6243 -19.3916 0
      vertex 93.6243 -19.3916 5
    endloop
  endfacet
  facet normal 0.980806 -0.194989 6.56329e-20
    outer loop
      vertex 93.6243 -19.3916 0
      vertex 93.5478 -19.7764 5
      vertex 93.5478 -19.7764 0
    endloop
  endfacet
  facet normal 0.44211 -0.896961 0
    outer loop
      vertex 91.798 -21.7716 0
      vertex 92.15 -21.5981 5
      vertex 91.798 -21.7716 5
    endloop
  endfacet
  facet normal 0.44211 -0.896961 0
    outer loop
      vertex 92.15 -21.5981 5
      vertex 91.798 -21.7716 0
      vertex 92.15 -21.5981 0
    endloop
  endfacet
  facet normal 0.997853 -0.0654873 -1.11371e-19
    outer loop
      vertex 93.6243 -19.3916 5
      vertex 93.65 -19 0
      vertex 93.65 -19 5
    endloop
  endfacet
  facet normal 0.997853 -0.0654873 -1.11371e-19
    outer loop
      vertex 93.65 -19 0
      vertex 93.6243 -19.3916 5
      vertex 93.6243 -19.3916 0
    endloop
  endfacet
  facet normal 0.946885 -0.321574 -7.07938e-20
    outer loop
      vertex 93.4216 -20.148 5
      vertex 93.5478 -19.7764 0
      vertex 93.5478 -19.7764 5
    endloop
  endfacet
  facet normal 0.946885 -0.321574 -7.07938e-20
    outer loop
      vertex 93.5478 -19.7764 0
      vertex 93.4216 -20.148 5
      vertex 93.4216 -20.148 0
    endloop
  endfacet
  facet normal 0.751724 -0.659478 -1.42283e-18
    outer loop
      vertex 92.7713 -21.1213 5
      vertex 93.0301 -20.8263 0
      vertex 93.0301 -20.8263 5
    endloop
  endfacet
  facet normal 0.751724 -0.659478 -1.42283e-18
    outer loop
      vertex 93.0301 -20.8263 0
      vertex 92.7713 -21.1213 5
      vertex 92.7713 -21.1213 0
    endloop
  endfacet
  facet normal 0.555523 -0.831501 0
    outer loop
      vertex 92.15 -21.5981 0
      vertex 92.4763 -21.3801 5
      vertex 92.15 -21.5981 5
    endloop
  endfacet
  facet normal 0.555523 -0.831501 0
    outer loop
      vertex 92.4763 -21.3801 5
      vertex 92.15 -21.5981 0
      vertex 92.4763 -21.3801 0
    endloop
  endfacet
  facet normal -0.751724 -0.659478 1.42283e-18
    outer loop
      vertex -92.7713 -21.1213 0
      vertex -93.0301 -20.8263 5
      vertex -93.0301 -20.8263 0
    endloop
  endfacet
  facet normal -0.751724 -0.659478 1.42283e-18
    outer loop
      vertex -93.0301 -20.8263 5
      vertex -92.7713 -21.1213 0
      vertex -92.7713 -21.1213 5
    endloop
  endfacet
  facet normal 0.659478 -0.751724 0
    outer loop
      vertex 92.4763 -21.3801 0
      vertex 92.7713 -21.1213 5
      vertex 92.4763 -21.3801 5
    endloop
  endfacet
  facet normal 0.659478 -0.751724 0
    outer loop
      vertex 92.7713 -21.1213 5
      vertex 92.4763 -21.3801 0
      vertex 92.7713 -21.1213 0
    endloop
  endfacet
  facet normal -0.831501 -0.555523 -1.20874e-18
    outer loop
      vertex -93.0301 -20.8263 0
      vertex -93.2481 -20.5 5
      vertex -93.2481 -20.5 0
    endloop
  endfacet
  facet normal -0.831501 -0.555523 -1.20874e-18
    outer loop
      vertex -93.2481 -20.5 5
      vertex -93.0301 -20.8263 0
      vertex -93.0301 -20.8263 5
    endloop
  endfacet
  facet normal -0.60878 -0.793339 0
    outer loop
      vertex -51.9699 11.4681 0
      vertex -51.001 10.7246 5
      vertex -51.9699 11.4681 5
    endloop
  endfacet
  facet normal -0.60878 -0.793339 -0
    outer loop
      vertex -51.001 10.7246 5
      vertex -51.9699 11.4681 0
      vertex -51.001 10.7246 0
    endloop
  endfacet
  facet normal -0.999047 0.0436405 -1.10964e-20
    outer loop
      vertex -46.0533 -1.22018 0
      vertex -46 0 5
      vertex -46 0 0
    endloop
  endfacet
  facet normal -0.999047 0.0436405 -1.10964e-20
    outer loop
      vertex -46 0 5
      vertex -46.0533 -1.22018 0
      vertex -46.0533 -1.22018 5
    endloop
  endfacet
  facet normal 0.382684 -0.923879 0
    outer loop
      vertex -65.9167 12.6883 0
      vertex -64.7883 13.1557 5
      vertex -65.9167 12.6883 5
    endloop
  endfacet
  facet normal 0.382684 -0.923879 0
    outer loop
      vertex -64.7883 13.1557 5
      vertex -65.9167 12.6883 0
      vertex -64.7883 13.1557 0
    endloop
  endfacet
  facet normal 0.887028 -0.461716 -7.54574e-19
    outer loop
      vertex -72.6883 5.91666 5
      vertex -72.1244 7 0
      vertex -72.1244 7 5
    endloop
  endfacet
  facet normal 0.887028 -0.461716 -7.54574e-19
    outer loop
      vertex -72.1244 7 0
      vertex -72.6883 5.91666 5
      vertex -72.6883 5.91666 0
    endloop
  endfacet
  facet normal 0.461729 0.887021 -0
    outer loop
      vertex -65.9167 -12.6883 0
      vertex -67 -12.1244 5
      vertex -65.9167 -12.6883 5
    endloop
  endfacet
  facet normal 0.461729 0.887021 0
    outer loop
      vertex -67 -12.1244 5
      vertex -65.9167 -12.6883 0
      vertex -67 -12.1244 0
    endloop
  endfacet
  facet normal -0.923877 -0.38269 -4.22548e-18
    outer loop
      vertex -46.8443 4.78828 0
      vertex -47.3117 5.91666 5
      vertex -47.3117 5.91666 0
    endloop
  endfacet
  facet normal -0.923877 -0.38269 -4.22548e-18
    outer loop
      vertex -47.3117 5.91666 5
      vertex -46.8443 4.78828 0
      vertex -46.8443 4.78828 5
    endloop
  endfacet
  facet normal -0.887028 -0.461716 -5.31753e-18
    outer loop
      vertex -47.3117 5.91666 0
      vertex -47.8756 7 5
      vertex -47.8756 7 0
    endloop
  endfacet
  facet normal -0.887028 -0.461716 -5.31753e-18
    outer loop
      vertex -47.8756 7 5
      vertex -47.3117 5.91666 0
      vertex -47.3117 5.91666 5
    endloop
  endfacet
  facet normal -0.382684 -0.923879 0
    outer loop
      vertex -55.2117 13.1557 0
      vertex -54.0833 12.6883 5
      vertex -55.2117 13.1557 5
    endloop
  endfacet
  facet normal -0.382684 -0.923879 -0
    outer loop
      vertex -54.0833 12.6883 5
      vertex -55.2117 13.1557 0
      vertex -54.0833 12.6883 0
    endloop
  endfacet
  facet normal 0.737285 -0.675581 -2.28147e-18
    outer loop
      vertex -70.7246 8.99903 5
      vertex -69.8995 9.89949 0
      vertex -69.8995 9.89949 5
    endloop
  endfacet
  facet normal 0.737285 -0.675581 -2.28147e-18
    outer loop
      vertex -69.8995 9.89949 0
      vertex -70.7246 8.99903 5
      vertex -70.7246 8.99903 0
    endloop
  endfacet
  facet normal 0.216402 -0.976304 0
    outer loop
      vertex -63.6235 13.523 0
      vertex -62.4311 13.7873 5
      vertex -63.6235 13.523 5
    endloop
  endfacet
  facet normal 0.216402 -0.976304 0
    outer loop
      vertex -62.4311 13.7873 5
      vertex -63.6235 13.523 0
      vertex -62.4311 13.7873 0
    endloop
  endfacet
  facet normal -0.953708 0.300733 -3.15137e-19
    outer loop
      vertex -46.8443 -4.78828 0
      vertex -46.477 -3.62347 5
      vertex -46.477 -3.62347 0
    endloop
  endfacet
  facet normal -0.953708 0.300733 -3.15137e-19
    outer loop
      vertex -46.477 -3.62347 5
      vertex -46.8443 -4.78828 0
      vertex -46.8443 -4.78828 5
    endloop
  endfacet
  facet normal 0.216402 0.976304 -0
    outer loop
      vertex -62.4311 -13.7873 0
      vertex -63.6235 -13.523 5
      vertex -62.4311 -13.7873 5
    endloop
  endfacet
  facet normal 0.216402 0.976304 0
    outer loop
      vertex -63.6235 -13.523 5
      vertex -62.4311 -13.7873 0
      vertex -63.6235 -13.523 0
    endloop
  endfacet
  facet normal 0.67557 0.737296 -0
    outer loop
      vertex -68.999 -10.7246 0
      vertex -69.8995 -9.89949 5
      vertex -68.999 -10.7246 5
    endloop
  endfacet
  facet normal 0.67557 0.737296 0
    outer loop
      vertex -69.8995 -9.89949 5
      vertex -68.999 -10.7246 0
      vertex -69.8995 -9.89949 0
    endloop
  endfacet
  facet normal 0.976304 0.216402 -5.19313e-19
    outer loop
      vertex -73.523 -3.62347 5
      vertex -73.7873 -2.43107 0
      vertex -73.7873 -2.43107 5
    endloop
  endfacet
  facet normal 0.976304 0.216402 -5.19313e-19
    outer loop
      vertex -73.7873 -2.43107 0
      vertex -73.523 -3.62347 5
      vertex -73.523 -3.62347 0
    endloop
  endfacet
  facet normal -0.991447 -0.130513 1.97517e-19
    outer loop
      vertex -46.0533 1.22018 0
      vertex -46.2127 2.43107 5
      vertex -46.2127 2.43107 0
    endloop
  endfacet
  facet normal -0.991447 -0.130513 1.97517e-19
    outer loop
      vertex -46.2127 2.43107 5
      vertex -46.0533 1.22018 0
      vertex -46.0533 1.22018 5
    endloop
  endfacet
  facet normal -0.976304 -0.216402 2.87176e-18
    outer loop
      vertex -46.2127 2.43107 0
      vertex -46.477 3.62347 5
      vertex -46.477 3.62347 0
    endloop
  endfacet
  facet normal -0.976304 -0.216402 2.87176e-18
    outer loop
      vertex -46.477 3.62347 5
      vertex -46.2127 2.43107 0
      vertex -46.2127 2.43107 5
    endloop
  endfacet
  facet normal -0.953708 -0.300733 3.15137e-19
    outer loop
      vertex -46.477 3.62347 0
      vertex -46.8443 4.78828 5
      vertex -46.8443 4.78828 0
    endloop
  endfacet
  facet normal -0.953708 -0.300733 3.15137e-19
    outer loop
      vertex -46.8443 4.78828 5
      vertex -46.477 3.62347 0
      vertex -46.477 3.62347 5
    endloop
  endfacet
  facet normal -0.737285 -0.675581 -4.45641e-18
    outer loop
      vertex -49.2754 8.99903 0
      vertex -50.1005 9.89949 5
      vertex -50.1005 9.89949 0
    endloop
  endfacet
  facet normal -0.737285 -0.675581 -4.45641e-18
    outer loop
      vertex -50.1005 9.89949 5
      vertex -49.2754 8.99903 0
      vertex -49.2754 8.99903 5
    endloop
  endfacet
  facet normal -0.793357 -0.608757 5.87667e-18
    outer loop
      vertex -48.5319 8.03007 0
      vertex -49.2754 8.99903 5
      vertex -49.2754 8.99903 0
    endloop
  endfacet
  facet normal -0.793357 -0.608757 5.87667e-18
    outer loop
      vertex -49.2754 8.99903 5
      vertex -48.5319 8.03007 0
      vertex -48.5319 8.03007 5
    endloop
  endfacet
  facet normal -0.67557 -0.737296 0
    outer loop
      vertex -51.001 10.7246 0
      vertex -50.1005 9.89949 5
      vertex -51.001 10.7246 5
    endloop
  endfacet
  facet normal -0.67557 -0.737296 -0
    outer loop
      vertex -50.1005 9.89949 5
      vertex -51.001 10.7246 0
      vertex -50.1005 9.89949 0
    endloop
  endfacet
  facet normal -0.537331 -0.843371 0
    outer loop
      vertex -53 12.1244 0
      vertex -51.9699 11.4681 5
      vertex -53 12.1244 5
    endloop
  endfacet
  facet normal -0.537331 -0.843371 -0
    outer loop
      vertex -51.9699 11.4681 5
      vertex -53 12.1244 0
      vertex -51.9699 11.4681 0
    endloop
  endfacet
  facet normal -0.0436397 -0.999047 0
    outer loop
      vertex -60 14 0
      vertex -58.7798 13.9467 5
      vertex -60 14 5
    endloop
  endfacet
  facet normal -0.0436397 -0.999047 -0
    outer loop
      vertex -58.7798 13.9467 5
      vertex -60 14 0
      vertex -58.7798 13.9467 0
    endloop
  endfacet
  facet normal -0.461729 -0.887021 0
    outer loop
      vertex -54.0833 12.6883 0
      vertex -53 12.1244 5
      vertex -54.0833 12.6883 5
    endloop
  endfacet
  facet normal -0.461729 -0.887021 -0
    outer loop
      vertex -53 12.1244 5
      vertex -54.0833 12.6883 0
      vertex -53 12.1244 0
    endloop
  endfacet
  facet normal -0.300736 -0.953708 0
    outer loop
      vertex -56.3765 13.523 0
      vertex -55.2117 13.1557 5
      vertex -56.3765 13.523 5
    endloop
  endfacet
  facet normal -0.300736 -0.953708 -0
    outer loop
      vertex -55.2117 13.1557 5
      vertex -56.3765 13.523 0
      vertex -55.2117 13.1557 0
    endloop
  endfacet
  facet normal -0.216402 -0.976304 0
    outer loop
      vertex -57.5689 13.7873 0
      vertex -56.3765 13.523 5
      vertex -57.5689 13.7873 5
    endloop
  endfacet
  facet normal -0.216402 -0.976304 -0
    outer loop
      vertex -56.3765 13.523 5
      vertex -57.5689 13.7873 0
      vertex -56.3765 13.523 0
    endloop
  endfacet
  facet normal 0.991447 -0.130513 -1.42035e-19
    outer loop
      vertex -73.9467 1.22018 5
      vertex -73.7873 2.43107 0
      vertex -73.7873 2.43107 5
    endloop
  endfacet
  facet normal 0.991447 -0.130513 -1.42035e-19
    outer loop
      vertex -73.7873 2.43107 0
      vertex -73.9467 1.22018 5
      vertex -73.9467 1.22018 0
    endloop
  endfacet
  facet normal 0.923877 -0.38269 8.15801e-18
    outer loop
      vertex -73.1557 4.78828 5
      vertex -72.6883 5.91666 0
      vertex -72.6883 5.91666 5
    endloop
  endfacet
  facet normal 0.923877 -0.38269 8.15801e-18
    outer loop
      vertex -72.6883 5.91666 0
      vertex -73.1557 4.78828 5
      vertex -73.1557 4.78828 0
    endloop
  endfacet
  facet normal 0.953708 -0.300733 -3.15137e-19
    outer loop
      vertex -73.523 3.62347 5
      vertex -73.1557 4.78828 0
      vertex -73.1557 4.78828 5
    endloop
  endfacet
  facet normal 0.953708 -0.300733 -3.15137e-19
    outer loop
      vertex -73.1557 4.78828 0
      vertex -73.523 3.62347 5
      vertex -73.523 3.62347 0
    endloop
  endfacet
  facet normal 0.843364 -0.537342 7.19912e-18
    outer loop
      vertex -72.1244 7 5
      vertex -71.4681 8.03007 0
      vertex -71.4681 8.03007 5
    endloop
  endfacet
  facet normal 0.843364 -0.537342 7.19912e-18
    outer loop
      vertex -71.4681 8.03007 0
      vertex -72.1244 7 5
      vertex -72.1244 7 0
    endloop
  endfacet
  facet normal 0.793357 -0.608757 -6.36491e-18
    outer loop
      vertex -71.4681 8.03007 5
      vertex -70.7246 8.99903 0
      vertex -70.7246 8.99903 5
    endloop
  endfacet
  facet normal 0.793357 -0.608757 -6.36491e-18
    outer loop
      vertex -70.7246 8.99903 0
      vertex -71.4681 8.03007 5
      vertex -71.4681 8.03007 0
    endloop
  endfacet
  facet normal 0.300736 -0.953708 0
    outer loop
      vertex -64.7883 13.1557 0
      vertex -63.6235 13.523 5
      vertex -64.7883 13.1557 5
    endloop
  endfacet
  facet normal 0.300736 -0.953708 0
    outer loop
      vertex -63.6235 13.523 5
      vertex -64.7883 13.1557 0
      vertex -63.6235 13.523 0
    endloop
  endfacet
  facet normal 0.130512 -0.991447 0
    outer loop
      vertex -62.4311 13.7873 0
      vertex -61.2202 13.9467 5
      vertex -62.4311 13.7873 5
    endloop
  endfacet
  facet normal 0.130512 -0.991447 0
    outer loop
      vertex -61.2202 13.9467 5
      vertex -62.4311 13.7873 0
      vertex -61.2202 13.9467 0
    endloop
  endfacet
  facet normal 0.537331 -0.843371 0
    outer loop
      vertex -68.0301 11.4681 0
      vertex -67 12.1244 5
      vertex -68.0301 11.4681 5
    endloop
  endfacet
  facet normal 0.537331 -0.843371 0
    outer loop
      vertex -67 12.1244 5
      vertex -68.0301 11.4681 0
      vertex -67 12.1244 0
    endloop
  endfacet
  facet normal 0.60878 -0.793339 0
    outer loop
      vertex -68.999 10.7246 0
      vertex -68.0301 11.4681 5
      vertex -68.999 10.7246 5
    endloop
  endfacet
  facet normal 0.60878 -0.793339 0
    outer loop
      vertex -68.0301 11.4681 5
      vertex -68.999 10.7246 0
      vertex -68.0301 11.4681 0
    endloop
  endfacet
  facet normal 0.461729 -0.887021 0
    outer loop
      vertex -67 12.1244 0
      vertex -65.9167 12.6883 5
      vertex -67 12.1244 5
    endloop
  endfacet
  facet normal 0.461729 -0.887021 0
    outer loop
      vertex -65.9167 12.6883 5
      vertex -67 12.1244 0
      vertex -65.9167 12.6883 0
    endloop
  endfacet
  facet normal 0.67557 -0.737296 0
    outer loop
      vertex -69.8995 9.89949 0
      vertex -68.999 10.7246 5
      vertex -69.8995 9.89949 5
    endloop
  endfacet
  facet normal 0.67557 -0.737296 0
    outer loop
      vertex -68.999 10.7246 5
      vertex -69.8995 9.89949 0
      vertex -68.999 10.7246 0
    endloop
  endfacet
  facet normal -0.999047 -0.0436405 1.10964e-20
    outer loop
      vertex -46 0 0
      vertex -46.0533 1.22018 5
      vertex -46.0533 1.22018 0
    endloop
  endfacet
  facet normal -0.999047 -0.0436405 1.10964e-20
    outer loop
      vertex -46.0533 1.22018 5
      vertex -46 0 0
      vertex -46 0 5
    endloop
  endfacet
  facet normal -0.976304 0.216402 -2.87176e-18
    outer loop
      vertex -46.477 -3.62347 0
      vertex -46.2127 -2.43107 5
      vertex -46.2127 -2.43107 0
    endloop
  endfacet
  facet normal -0.976304 0.216402 -2.87176e-18
    outer loop
      vertex -46.2127 -2.43107 5
      vertex -46.477 -3.62347 0
      vertex -46.477 -3.62347 5
    endloop
  endfacet
  facet normal -0.0436397 0.999047 0
    outer loop
      vertex -58.7798 -13.9467 0
      vertex -60 -14 5
      vertex -58.7798 -13.9467 5
    endloop
  endfacet
  facet normal -0.0436397 0.999047 0
    outer loop
      vertex -60 -14 5
      vertex -58.7798 -13.9467 0
      vertex -60 -14 0
    endloop
  endfacet
  facet normal -0.130512 0.991447 0
    outer loop
      vertex -57.5689 -13.7873 0
      vertex -58.7798 -13.9467 5
      vertex -57.5689 -13.7873 5
    endloop
  endfacet
  facet normal -0.130512 0.991447 0
    outer loop
      vertex -58.7798 -13.9467 5
      vertex -57.5689 -13.7873 0
      vertex -58.7798 -13.9467 0
    endloop
  endfacet
  facet normal -0.216402 0.976304 0
    outer loop
      vertex -56.3765 -13.523 0
      vertex -57.5689 -13.7873 5
      vertex -56.3765 -13.523 5
    endloop
  endfacet
  facet normal -0.216402 0.976304 0
    outer loop
      vertex -57.5689 -13.7873 5
      vertex -56.3765 -13.523 0
      vertex -57.5689 -13.7873 0
    endloop
  endfacet
  facet normal -0.737285 0.675581 4.45641e-18
    outer loop
      vertex -50.1005 -9.89949 0
      vertex -49.2754 -8.99903 5
      vertex -49.2754 -8.99903 0
    endloop
  endfacet
  facet normal -0.737285 0.675581 4.45641e-18
    outer loop
      vertex -49.2754 -8.99903 5
      vertex -50.1005 -9.89949 0
      vertex -50.1005 -9.89949 5
    endloop
  endfacet
  facet normal -0.67557 0.737296 0
    outer loop
      vertex -50.1005 -9.89949 0
      vertex -51.001 -10.7246 5
      vertex -50.1005 -9.89949 5
    endloop
  endfacet
  facet normal -0.67557 0.737296 0
    outer loop
      vertex -51.001 -10.7246 5
      vertex -50.1005 -9.89949 0
      vertex -51.001 -10.7246 0
    endloop
  endfacet
  facet normal 0.130512 0.991447 -0
    outer loop
      vertex -61.2202 -13.9467 0
      vertex -62.4311 -13.7873 5
      vertex -61.2202 -13.9467 5
    endloop
  endfacet
  facet normal 0.130512 0.991447 0
    outer loop
      vertex -62.4311 -13.7873 5
      vertex -61.2202 -13.9467 0
      vertex -62.4311 -13.7873 0
    endloop
  endfacet
  facet normal 0.382684 0.923879 -0
    outer loop
      vertex -64.7883 -13.1557 0
      vertex -65.9167 -12.6883 5
      vertex -64.7883 -13.1557 5
    endloop
  endfacet
  facet normal 0.382684 0.923879 0
    outer loop
      vertex -65.9167 -12.6883 5
      vertex -64.7883 -13.1557 0
      vertex -65.9167 -12.6883 0
    endloop
  endfacet
  facet normal 0.537331 0.843371 -0
    outer loop
      vertex -67 -12.1244 0
      vertex -68.0301 -11.4681 5
      vertex -67 -12.1244 5
    endloop
  endfacet
  facet normal 0.537331 0.843371 0
    outer loop
      vertex -68.0301 -11.4681 5
      vertex -67 -12.1244 0
      vertex -68.0301 -11.4681 0
    endloop
  endfacet
  facet normal 0.953708 0.300733 3.15137e-19
    outer loop
      vertex -73.1557 -4.78828 5
      vertex -73.523 -3.62347 0
      vertex -73.523 -3.62347 5
    endloop
  endfacet
  facet normal 0.953708 0.300733 3.15137e-19
    outer loop
      vertex -73.523 -3.62347 0
      vertex -73.1557 -4.78828 5
      vertex -73.1557 -4.78828 0
    endloop
  endfacet
  facet normal 0.793357 0.608757 6.36491e-18
    outer loop
      vertex -70.7246 -8.99903 5
      vertex -71.4681 -8.03007 0
      vertex -71.4681 -8.03007 5
    endloop
  endfacet
  facet normal 0.793357 0.608757 6.36491e-18
    outer loop
      vertex -71.4681 -8.03007 0
      vertex -70.7246 -8.99903 5
      vertex -70.7246 -8.99903 0
    endloop
  endfacet
  facet normal 0.887028 0.461716 7.54574e-19
    outer loop
      vertex -72.1244 -7 5
      vertex -72.6883 -5.91666 0
      vertex -72.6883 -5.91666 5
    endloop
  endfacet
  facet normal 0.887028 0.461716 7.54574e-19
    outer loop
      vertex -72.6883 -5.91666 0
      vertex -72.1244 -7 5
      vertex -72.1244 -7 0
    endloop
  endfacet
  facet normal 0.737285 0.675581 2.28147e-18
    outer loop
      vertex -69.8995 -9.89949 5
      vertex -70.7246 -8.99903 0
      vertex -70.7246 -8.99903 5
    endloop
  endfacet
  facet normal 0.737285 0.675581 2.28147e-18
    outer loop
      vertex -70.7246 -8.99903 0
      vertex -69.8995 -9.89949 5
      vertex -69.8995 -9.89949 0
    endloop
  endfacet
  facet normal -0.843364 -0.537342 8.22884e-18
    outer loop
      vertex -47.8756 7 0
      vertex -48.5319 8.03007 5
      vertex -48.5319 8.03007 0
    endloop
  endfacet
  facet normal -0.843364 -0.537342 8.22884e-18
    outer loop
      vertex -48.5319 8.03007 5
      vertex -47.8756 7 0
      vertex -47.8756 7 5
    endloop
  endfacet
  facet normal -0.130512 -0.991447 0
    outer loop
      vertex -58.7798 13.9467 0
      vertex -57.5689 13.7873 5
      vertex -58.7798 13.9467 5
    endloop
  endfacet
  facet normal -0.130512 -0.991447 -0
    outer loop
      vertex -57.5689 13.7873 5
      vertex -58.7798 13.9467 0
      vertex -57.5689 13.7873 0
    endloop
  endfacet
  facet normal 0.999047 -0.0436405 -6.20289e-19
    outer loop
      vertex -74 0 5
      vertex -73.9467 1.22018 0
      vertex -73.9467 1.22018 5
    endloop
  endfacet
  facet normal 0.999047 -0.0436405 -6.20289e-19
    outer loop
      vertex -73.9467 1.22018 0
      vertex -74 0 5
      vertex -74 0 0
    endloop
  endfacet
  facet normal 0.976304 -0.216402 5.19313e-19
    outer loop
      vertex -73.7873 2.43107 5
      vertex -73.523 3.62347 0
      vertex -73.523 3.62347 5
    endloop
  endfacet
  facet normal 0.976304 -0.216402 5.19313e-19
    outer loop
      vertex -73.523 3.62347 0
      vertex -73.7873 2.43107 5
      vertex -73.7873 2.43107 0
    endloop
  endfacet
  facet normal 0.0436397 -0.999047 0
    outer loop
      vertex -61.2202 13.9467 0
      vertex -60 14 5
      vertex -61.2202 13.9467 5
    endloop
  endfacet
  facet normal 0.0436397 -0.999047 0
    outer loop
      vertex -60 14 5
      vertex -61.2202 13.9467 0
      vertex -60 14 0
    endloop
  endfacet
  facet normal -0.991447 0.130513 -1.97517e-19
    outer loop
      vertex -46.2127 -2.43107 0
      vertex -46.0533 -1.22018 5
      vertex -46.0533 -1.22018 0
    endloop
  endfacet
  facet normal -0.991447 0.130513 -1.97517e-19
    outer loop
      vertex -46.0533 -1.22018 5
      vertex -46.2127 -2.43107 0
      vertex -46.2127 -2.43107 5
    endloop
  endfacet
  facet normal -0.300736 0.953708 0
    outer loop
      vertex -55.2117 -13.1557 0
      vertex -56.3765 -13.523 5
      vertex -55.2117 -13.1557 5
    endloop
  endfacet
  facet normal -0.300736 0.953708 0
    outer loop
      vertex -56.3765 -13.523 5
      vertex -55.2117 -13.1557 0
      vertex -56.3765 -13.523 0
    endloop
  endfacet
  facet normal -0.60878 0.793339 0
    outer loop
      vertex -51.001 -10.7246 0
      vertex -51.9699 -11.4681 5
      vertex -51.001 -10.7246 5
    endloop
  endfacet
  facet normal -0.60878 0.793339 0
    outer loop
      vertex -51.9699 -11.4681 5
      vertex -51.001 -10.7246 0
      vertex -51.9699 -11.4681 0
    endloop
  endfacet
  facet normal -0.461729 0.887021 0
    outer loop
      vertex -53 -12.1244 0
      vertex -54.0833 -12.6883 5
      vertex -53 -12.1244 5
    endloop
  endfacet
  facet normal -0.461729 0.887021 0
    outer loop
      vertex -54.0833 -12.6883 5
      vertex -53 -12.1244 0
      vertex -54.0833 -12.6883 0
    endloop
  endfacet
  facet normal 0.300736 0.953708 -0
    outer loop
      vertex -63.6235 -13.523 0
      vertex -64.7883 -13.1557 5
      vertex -63.6235 -13.523 5
    endloop
  endfacet
  facet normal 0.300736 0.953708 0
    outer loop
      vertex -64.7883 -13.1557 5
      vertex -63.6235 -13.523 0
      vertex -64.7883 -13.1557 0
    endloop
  endfacet
  facet normal 0.60878 0.793339 -0
    outer loop
      vertex -68.0301 -11.4681 0
      vertex -68.999 -10.7246 5
      vertex -68.0301 -11.4681 5
    endloop
  endfacet
  facet normal 0.60878 0.793339 0
    outer loop
      vertex -68.999 -10.7246 5
      vertex -68.0301 -11.4681 0
      vertex -68.999 -10.7246 0
    endloop
  endfacet
  facet normal 0.923877 0.38269 -8.15801e-18
    outer loop
      vertex -72.6883 -5.91666 5
      vertex -73.1557 -4.78828 0
      vertex -73.1557 -4.78828 5
    endloop
  endfacet
  facet normal 0.923877 0.38269 -8.15801e-18
    outer loop
      vertex -73.1557 -4.78828 0
      vertex -72.6883 -5.91666 5
      vertex -72.6883 -5.91666 0
    endloop
  endfacet
  facet normal 0.999047 0.0436405 6.20289e-19
    outer loop
      vertex -73.9467 -1.22018 5
      vertex -74 0 0
      vertex -74 0 5
    endloop
  endfacet
  facet normal 0.999047 0.0436405 6.20289e-19
    outer loop
      vertex -74 0 0
      vertex -73.9467 -1.22018 5
      vertex -73.9467 -1.22018 0
    endloop
  endfacet
  facet normal 0.843364 0.537342 -7.19912e-18
    outer loop
      vertex -71.4681 -8.03007 5
      vertex -72.1244 -7 0
      vertex -72.1244 -7 5
    endloop
  endfacet
  facet normal 0.843364 0.537342 -7.19912e-18
    outer loop
      vertex -72.1244 -7 0
      vertex -71.4681 -8.03007 5
      vertex -71.4681 -8.03007 0
    endloop
  endfacet
  facet normal -0.923877 0.38269 4.22548e-18
    outer loop
      vertex -47.3117 -5.91666 0
      vertex -46.8443 -4.78828 5
      vertex -46.8443 -4.78828 0
    endloop
  endfacet
  facet normal -0.923877 0.38269 4.22548e-18
    outer loop
      vertex -46.8443 -4.78828 5
      vertex -47.3117 -5.91666 0
      vertex -47.3117 -5.91666 5
    endloop
  endfacet
  facet normal -0.887028 0.461716 5.31753e-18
    outer loop
      vertex -47.8756 -7 0
      vertex -47.3117 -5.91666 5
      vertex -47.3117 -5.91666 0
    endloop
  endfacet
  facet normal -0.887028 0.461716 5.31753e-18
    outer loop
      vertex -47.3117 -5.91666 5
      vertex -47.8756 -7 0
      vertex -47.8756 -7 5
    endloop
  endfacet
  facet normal -0.382684 0.923879 0
    outer loop
      vertex -54.0833 -12.6883 0
      vertex -55.2117 -13.1557 5
      vertex -54.0833 -12.6883 5
    endloop
  endfacet
  facet normal -0.382684 0.923879 0
    outer loop
      vertex -55.2117 -13.1557 5
      vertex -54.0833 -12.6883 0
      vertex -55.2117 -13.1557 0
    endloop
  endfacet
  facet normal -0.537331 0.843371 0
    outer loop
      vertex -51.9699 -11.4681 0
      vertex -53 -12.1244 5
      vertex -51.9699 -11.4681 5
    endloop
  endfacet
  facet normal -0.537331 0.843371 0
    outer loop
      vertex -53 -12.1244 5
      vertex -51.9699 -11.4681 0
      vertex -53 -12.1244 0
    endloop
  endfacet
  facet normal 0.0436397 0.999047 -0
    outer loop
      vertex -60 -14 0
      vertex -61.2202 -13.9467 5
      vertex -60 -14 5
    endloop
  endfacet
  facet normal 0.0436397 0.999047 0
    outer loop
      vertex -61.2202 -13.9467 5
      vertex -60 -14 0
      vertex -61.2202 -13.9467 0
    endloop
  endfacet
  facet normal 0.991447 0.130513 1.42035e-19
    outer loop
      vertex -73.7873 -2.43107 5
      vertex -73.9467 -1.22018 0
      vertex -73.9467 -1.22018 5
    endloop
  endfacet
  facet normal 0.991447 0.130513 1.42035e-19
    outer loop
      vertex -73.9467 -1.22018 0
      vertex -73.7873 -2.43107 5
      vertex -73.7873 -2.43107 0
    endloop
  endfacet
  facet normal -0.843364 0.537342 -8.22884e-18
    outer loop
      vertex -48.5319 -8.03007 0
      vertex -47.8756 -7 5
      vertex -47.8756 -7 0
    endloop
  endfacet
  facet normal -0.843364 0.537342 -8.22884e-18
    outer loop
      vertex -47.8756 -7 5
      vertex -48.5319 -8.03007 0
      vertex -48.5319 -8.03007 5
    endloop
  endfacet
  facet normal -0.793357 0.608757 -5.87667e-18
    outer loop
      vertex -49.2754 -8.99903 0
      vertex -48.5319 -8.03007 5
      vertex -48.5319 -8.03007 0
    endloop
  endfacet
  facet normal -0.793357 0.608757 -5.87667e-18
    outer loop
      vertex -48.5319 -8.03007 5
      vertex -49.2754 -8.99903 0
      vertex -49.2754 -8.99903 5
    endloop
  endfacet
  facet normal -0.843366 -0.537339 3.33924e-18
    outer loop
      vertex 81.2093 5.75 0
      vertex 80.6702 6.59613 5
      vertex 80.6702 6.59613 0
    endloop
  endfacet
  facet normal -0.843366 -0.537339 3.33924e-18
    outer loop
      vertex 80.6702 6.59613 5
      vertex 81.2093 5.75 0
      vertex 81.2093 5.75 5
    endloop
  endfacet
  facet normal -0.300635 -0.953739 0
    outer loop
      vertex 74.2264 11.1081 0
      vertex 75.1832 10.8065 5
      vertex 74.2264 11.1081 5
    endloop
  endfacet
  facet normal -0.300635 -0.953739 -0
    outer loop
      vertex 75.1832 10.8065 5
      vertex 74.2264 11.1081 0
      vertex 75.1832 10.8065 0
    endloop
  endfacet
  facet normal 0.382739 -0.923856 0
    outer loop
      vertex 66.3899 10.4225 0
      vertex 67.3168 10.8065 5
      vertex 66.3899 10.4225 5
    endloop
  endfacet
  facet normal 0.382739 -0.923856 0
    outer loop
      vertex 67.3168 10.8065 5
      vertex 66.3899 10.4225 0
      vertex 67.3168 10.8065 0
    endloop
  endfacet
  facet normal 0.95374 -0.300632 6.70049e-19
    outer loop
      vertex 60.1419 2.97642 5
      vertex 60.4435 3.93323 0
      vertex 60.4435 3.93323 5
    endloop
  endfacet
  facet normal 0.95374 -0.300632 6.70049e-19
    outer loop
      vertex 60.4435 3.93323 0
      vertex 60.1419 2.97642 5
      vertex 60.1419 2.97642 0
    endloop
  endfacet
  facet normal -0.999047 0.0436583 -5.12654e-19
    outer loop
      vertex 82.7062 -1.00229 0
      vertex 82.75 0 5
      vertex 82.75 0 0
    endloop
  endfacet
  facet normal -0.999047 0.0436583 -5.12654e-19
    outer loop
      vertex 82.75 0 5
      vertex 82.7062 -1.00229 0
      vertex 82.7062 -1.00229 5
    endloop
  endfacet
  facet normal -0.0436578 -0.999047 0
    outer loop
      vertex 71.25 11.5 0
      vertex 72.2523 11.4562 5
      vertex 71.25 11.5 5
    endloop
  endfacet
  facet normal -0.0436578 -0.999047 -0
    outer loop
      vertex 72.2523 11.4562 5
      vertex 71.25 11.5 0
      vertex 72.2523 11.4562 0
    endloop
  endfacet
  facet normal -0.53731 -0.843385 0
    outer loop
      vertex 77 9.95929 0
      vertex 77.8461 9.42025 5
      vertex 77 9.95929 5
    endloop
  endfacet
  facet normal -0.53731 -0.843385 -0
    outer loop
      vertex 77.8461 9.42025 5
      vertex 77 9.95929 0
      vertex 77.8461 9.42025 0
    endloop
  endfacet
  facet normal 0.999047 -0.0436583 -3.51225e-20
    outer loop
      vertex 59.75 0 5
      vertex 59.7938 1.00229 0
      vertex 59.7938 1.00229 5
    endloop
  endfacet
  facet normal 0.999047 -0.0436583 -3.51225e-20
    outer loop
      vertex 59.7938 1.00229 0
      vertex 59.75 0 5
      vertex 59.75 0 0
    endloop
  endfacet
  facet normal 0.793372 -0.608737 2.23709e-18
    outer loop
      vertex 61.8298 6.59613 5
      vertex 62.4405 7.39206 0
      vertex 62.4405 7.39206 5
    endloop
  endfacet
  facet normal 0.793372 -0.608737 2.23709e-18
    outer loop
      vertex 62.4405 7.39206 0
      vertex 61.8298 6.59613 5
      vertex 61.8298 6.59613 0
    endloop
  endfacet
  facet normal 0.216508 -0.976281 0
    outer loop
      vertex 68.2736 11.1081 0
      vertex 69.253 11.3253 5
      vertex 68.2736 11.1081 5
    endloop
  endfacet
  facet normal 0.216508 -0.976281 0
    outer loop
      vertex 69.253 11.3253 5
      vertex 68.2736 11.1081 0
      vertex 69.253 11.3253 0
    endloop
  endfacet
  facet normal -0.95374 0.300632 -5.17667e-18
    outer loop
      vertex 82.0565 -3.93323 0
      vertex 82.3581 -2.97642 5
      vertex 82.3581 -2.97642 0
    endloop
  endfacet
  facet normal -0.95374 0.300632 -5.17667e-18
    outer loop
      vertex 82.3581 -2.97642 5
      vertex 82.0565 -3.93323 0
      vertex 82.0565 -3.93323 5
    endloop
  endfacet
  facet normal 0.608729 0.793379 -0
    outer loop
      vertex 64.6539 -9.42025 0
      vertex 63.8579 -8.80951 5
      vertex 64.6539 -9.42025 5
    endloop
  endfacet
  facet normal 0.608729 0.793379 0
    outer loop
      vertex 63.8579 -8.80951 5
      vertex 64.6539 -9.42025 0
      vertex 63.8579 -8.80951 0
    endloop
  endfacet
  facet normal -0.991451 -0.130478 7.59195e-19
    outer loop
      vertex 82.7062 1.00229 0
      vertex 82.5753 1.99695 5
      vertex 82.5753 1.99695 0
    endloop
  endfacet
  facet normal -0.991451 -0.130478 7.59195e-19
    outer loop
      vertex 82.5753 1.99695 5
      vertex 82.7062 1.00229 0
      vertex 82.7062 1.00229 5
    endloop
  endfacet
  facet normal -0.923854 -0.382746 -4.44152e-18
    outer loop
      vertex 82.0565 3.93323 0
      vertex 81.6725 4.86011 5
      vertex 81.6725 4.86011 0
    endloop
  endfacet
  facet normal -0.923854 -0.382746 -4.44152e-18
    outer loop
      vertex 81.6725 4.86011 5
      vertex 82.0565 3.93323 0
      vertex 82.0565 3.93323 5
    endloop
  endfacet
  facet normal -0.793372 -0.608737 -8.96996e-19
    outer loop
      vertex 80.6702 6.59613 0
      vertex 80.0595 7.39206 5
      vertex 80.0595 7.39206 0
    endloop
  endfacet
  facet normal -0.793372 -0.608737 -8.96996e-19
    outer loop
      vertex 80.0595 7.39206 5
      vertex 80.6702 6.59613 0
      vertex 80.6702 6.59613 5
    endloop
  endfacet
  facet normal -0.675624 -0.737247 0
    outer loop
      vertex 78.6421 8.80951 0
      vertex 79.3817 8.13173 5
      vertex 78.6421 8.80951 5
    endloop
  endfacet
  facet normal -0.675624 -0.737247 -0
    outer loop
      vertex 79.3817 8.13173 5
      vertex 78.6421 8.80951 0
      vertex 79.3817 8.13173 0
    endloop
  endfacet
  facet normal 0.0436578 -0.999047 0
    outer loop
      vertex 70.2477 11.4562 0
      vertex 71.25 11.5 5
      vertex 70.2477 11.4562 5
    endloop
  endfacet
  facet normal 0.0436578 -0.999047 0
    outer loop
      vertex 71.25 11.5 5
      vertex 70.2477 11.4562 0
      vertex 71.25 11.5 0
    endloop
  endfacet
  facet normal -0.216508 -0.976281 0
    outer loop
      vertex 73.247 11.3253 0
      vertex 74.2264 11.1081 5
      vertex 73.247 11.3253 5
    endloop
  endfacet
  facet normal -0.216508 -0.976281 -0
    outer loop
      vertex 74.2264 11.1081 5
      vertex 73.247 11.3253 0
      vertex 74.2264 11.1081 0
    endloop
  endfacet
  facet normal -0.130473 -0.991452 0
    outer loop
      vertex 72.2523 11.4562 0
      vertex 73.247 11.3253 5
      vertex 72.2523 11.4562 5
    endloop
  endfacet
  facet normal -0.130473 -0.991452 -0
    outer loop
      vertex 73.247 11.3253 5
      vertex 72.2523 11.4562 0
      vertex 73.247 11.3253 0
    endloop
  endfacet
  facet normal -0.461715 -0.887028 0
    outer loop
      vertex 76.1101 10.4225 0
      vertex 77 9.95929 5
      vertex 76.1101 10.4225 5
    endloop
  endfacet
  facet normal -0.461715 -0.887028 -0
    outer loop
      vertex 77 9.95929 5
      vertex 76.1101 10.4225 0
      vertex 77 9.95929 0
    endloop
  endfacet
  facet normal -0.608729 -0.793379 0
    outer loop
      vertex 77.8461 9.42025 0
      vertex 78.6421 8.80951 5
      vertex 77.8461 9.42025 5
    endloop
  endfacet
  facet normal -0.608729 -0.793379 -0
    outer loop
      vertex 78.6421 8.80951 5
      vertex 77.8461 9.42025 0
      vertex 78.6421 8.80951 0
    endloop
  endfacet
  facet normal 0.976284 -0.216494 -1.26169e-18
    outer loop
      vertex 59.9247 1.99695 5
      vertex 60.1419 2.97642 0
      vertex 60.1419 2.97642 5
    endloop
  endfacet
  facet normal 0.976284 -0.216494 -1.26169e-18
    outer loop
      vertex 60.1419 2.97642 0
      vertex 59.9247 1.99695 5
      vertex 59.9247 1.99695 0
    endloop
  endfacet
  facet normal 0.991451 -0.130478 1.26983e-18
    outer loop
      vertex 59.7938 1.00229 5
      vertex 59.9247 1.99695 0
      vertex 59.9247 1.99695 5
    endloop
  endfacet
  facet normal 0.991451 -0.130478 1.26983e-18
    outer loop
      vertex 59.9247 1.99695 0
      vertex 59.7938 1.00229 5
      vertex 59.7938 1.00229 0
    endloop
  endfacet
  facet normal 0.88703 -0.461711 -2.97197e-18
    outer loop
      vertex 60.8275 4.86011 5
      vertex 61.2907 5.75 0
      vertex 61.2907 5.75 5
    endloop
  endfacet
  facet normal 0.88703 -0.461711 -2.97197e-18
    outer loop
      vertex 61.2907 5.75 0
      vertex 60.8275 4.86011 5
      vertex 60.8275 4.86011 0
    endloop
  endfacet
  facet normal 0.843366 -0.537339 3.24198e-20
    outer loop
      vertex 61.2907 5.75 5
      vertex 61.8298 6.59613 0
      vertex 61.8298 6.59613 5
    endloop
  endfacet
  facet normal 0.843366 -0.537339 3.24198e-20
    outer loop
      vertex 61.8298 6.59613 0
      vertex 61.2907 5.75 5
      vertex 61.2907 5.75 0
    endloop
  endfacet
  facet normal 0.300635 -0.953739 0
    outer loop
      vertex 67.3168 10.8065 0
      vertex 68.2736 11.1081 5
      vertex 67.3168 10.8065 5
    endloop
  endfacet
  facet normal 0.300635 -0.953739 0
    outer loop
      vertex 68.2736 11.1081 5
      vertex 67.3168 10.8065 0
      vertex 68.2736 11.1081 0
    endloop
  endfacet
  facet normal 0.130473 -0.991452 0
    outer loop
      vertex 69.253 11.3253 0
      vertex 70.2477 11.4562 5
      vertex 69.253 11.3253 5
    endloop
  endfacet
  facet normal 0.130473 -0.991452 0
    outer loop
      vertex 70.2477 11.4562 5
      vertex 69.253 11.3253 0
      vertex 70.2477 11.4562 0
    endloop
  endfacet
  facet normal 0.53731 -0.843385 0
    outer loop
      vertex 64.6539 9.42025 0
      vertex 65.5 9.95929 5
      vertex 64.6539 9.42025 5
    endloop
  endfacet
  facet normal 0.53731 -0.843385 0
    outer loop
      vertex 65.5 9.95929 5
      vertex 64.6539 9.42025 0
      vertex 65.5 9.95929 0
    endloop
  endfacet
  facet normal 0.608729 -0.793379 0
    outer loop
      vertex 63.8579 8.80951 0
      vertex 64.6539 9.42025 5
      vertex 63.8579 8.80951 5
    endloop
  endfacet
  facet normal 0.608729 -0.793379 0
    outer loop
      vertex 64.6539 9.42025 5
      vertex 63.8579 8.80951 0
      vertex 64.6539 9.42025 0
    endloop
  endfacet
  facet normal 0.461715 -0.887028 0
    outer loop
      vertex 65.5 9.95929 0
      vertex 66.3899 10.4225 5
      vertex 65.5 9.95929 5
    endloop
  endfacet
  facet normal 0.461715 -0.887028 0
    outer loop
      vertex 66.3899 10.4225 5
      vertex 65.5 9.95929 0
      vertex 66.3899 10.4225 0
    endloop
  endfacet
  facet normal -0.999047 -0.0436583 5.12654e-19
    outer loop
      vertex 82.75 0 0
      vertex 82.7062 1.00229 5
      vertex 82.7062 1.00229 0
    endloop
  endfacet
  facet normal -0.999047 -0.0436583 5.12654e-19
    outer loop
      vertex 82.7062 1.00229 5
      vertex 82.75 0 0
      vertex 82.75 0 5
    endloop
  endfacet
  facet normal -0.976284 0.216494 1.51295e-19
    outer loop
      vertex 82.3581 -2.97642 0
      vertex 82.5753 -1.99695 5
      vertex 82.5753 -1.99695 0
    endloop
  endfacet
  facet normal -0.976284 0.216494 1.51295e-19
    outer loop
      vertex 82.5753 -1.99695 5
      vertex 82.3581 -2.97642 0
      vertex 82.3581 -2.97642 5
    endloop
  endfacet
  facet normal -0.0436578 0.999047 0
    outer loop
      vertex 72.2523 -11.4562 0
      vertex 71.25 -11.5 5
      vertex 72.2523 -11.4562 5
    endloop
  endfacet
  facet normal -0.0436578 0.999047 0
    outer loop
      vertex 71.25 -11.5 5
      vertex 72.2523 -11.4562 0
      vertex 71.25 -11.5 0
    endloop
  endfacet
  facet normal 0.737269 0.6756 1.46973e-18
    outer loop
      vertex 63.1183 -8.13173 5
      vertex 62.4405 -7.39206 0
      vertex 62.4405 -7.39206 5
    endloop
  endfacet
  facet normal 0.737269 0.6756 1.46973e-18
    outer loop
      vertex 62.4405 -7.39206 0
      vertex 63.1183 -8.13173 5
      vertex 63.1183 -8.13173 0
    endloop
  endfacet
  facet normal -0.130473 0.991452 0
    outer loop
      vertex 73.247 -11.3253 0
      vertex 72.2523 -11.4562 5
      vertex 73.247 -11.3253 5
    endloop
  endfacet
  facet normal -0.130473 0.991452 0
    outer loop
      vertex 72.2523 -11.4562 5
      vertex 73.247 -11.3253 0
      vertex 72.2523 -11.4562 0
    endloop
  endfacet
  facet normal -0.216508 0.976281 0
    outer loop
      vertex 74.2264 -11.1081 0
      vertex 73.247 -11.3253 5
      vertex 74.2264 -11.1081 5
    endloop
  endfacet
  facet normal -0.216508 0.976281 0
    outer loop
      vertex 73.247 -11.3253 5
      vertex 74.2264 -11.1081 0
      vertex 73.247 -11.3253 0
    endloop
  endfacet
  facet normal -0.88703 -0.461711 2.97197e-18
    outer loop
      vertex 81.6725 4.86011 0
      vertex 81.2093 5.75 5
      vertex 81.2093 5.75 0
    endloop
  endfacet
  facet normal -0.88703 -0.461711 2.97197e-18
    outer loop
      vertex 81.2093 5.75 5
      vertex 81.6725 4.86011 0
      vertex 81.6725 4.86011 5
    endloop
  endfacet
  facet normal -0.976284 -0.216494 -1.51295e-19
    outer loop
      vertex 82.5753 1.99695 0
      vertex 82.3581 2.97642 5
      vertex 82.3581 2.97642 0
    endloop
  endfacet
  facet normal -0.976284 -0.216494 -1.51295e-19
    outer loop
      vertex 82.3581 2.97642 5
      vertex 82.5753 1.99695 0
      vertex 82.5753 1.99695 5
    endloop
  endfacet
  facet normal -0.737269 -0.6756 8.96966e-18
    outer loop
      vertex 80.0595 7.39206 0
      vertex 79.3817 8.13173 5
      vertex 79.3817 8.13173 0
    endloop
  endfacet
  facet normal -0.737269 -0.6756 8.96966e-18
    outer loop
      vertex 79.3817 8.13173 5
      vertex 80.0595 7.39206 0
      vertex 80.0595 7.39206 5
    endloop
  endfacet
  facet normal -0.382739 -0.923856 0
    outer loop
      vertex 75.1832 10.8065 0
      vertex 76.1101 10.4225 5
      vertex 75.1832 10.8065 5
    endloop
  endfacet
  facet normal -0.382739 -0.923856 -0
    outer loop
      vertex 76.1101 10.4225 5
      vertex 75.1832 10.8065 0
      vertex 76.1101 10.4225 0
    endloop
  endfacet
  facet normal 0.999047 0.0436583 3.51225e-20
    outer loop
      vertex 59.7938 -1.00229 5
      vertex 59.75 0 0
      vertex 59.75 0 5
    endloop
  endfacet
  facet normal 0.999047 0.0436583 3.51225e-20
    outer loop
      vertex 59.75 0 0
      vertex 59.7938 -1.00229 5
      vertex 59.7938 -1.00229 0
    endloop
  endfacet
  facet normal 0.923854 -0.382746 4.44152e-18
    outer loop
      vertex 60.4435 3.93323 5
      vertex 60.8275 4.86011 0
      vertex 60.8275 4.86011 5
    endloop
  endfacet
  facet normal 0.923854 -0.382746 4.44152e-18
    outer loop
      vertex 60.8275 4.86011 0
      vertex 60.4435 3.93323 5
      vertex 60.4435 3.93323 0
    endloop
  endfacet
  facet normal 0.675624 -0.737247 0
    outer loop
      vertex 63.1183 8.13173 0
      vertex 63.8579 8.80951 5
      vertex 63.1183 8.13173 5
    endloop
  endfacet
  facet normal 0.675624 -0.737247 0
    outer loop
      vertex 63.8579 8.80951 5
      vertex 63.1183 8.13173 0
      vertex 63.8579 8.80951 0
    endloop
  endfacet
  facet normal 0.737269 -0.6756 -1.46973e-18
    outer loop
      vertex 62.4405 7.39206 5
      vertex 63.1183 8.13173 0
      vertex 63.1183 8.13173 5
    endloop
  endfacet
  facet normal 0.737269 -0.6756 -1.46973e-18
    outer loop
      vertex 63.1183 8.13173 0
      vertex 62.4405 7.39206 5
      vertex 62.4405 7.39206 0
    endloop
  endfacet
  facet normal -0.737269 0.6756 -8.96966e-18
    outer loop
      vertex 79.3817 -8.13173 0
      vertex 80.0595 -7.39206 5
      vertex 80.0595 -7.39206 0
    endloop
  endfacet
  facet normal -0.737269 0.6756 -8.96966e-18
    outer loop
      vertex 80.0595 -7.39206 5
      vertex 79.3817 -8.13173 0
      vertex 79.3817 -8.13173 5
    endloop
  endfacet
  facet normal -0.793372 0.608737 8.96996e-19
    outer loop
      vertex 80.0595 -7.39206 0
      vertex 80.6702 -6.59613 5
      vertex 80.6702 -6.59613 0
    endloop
  endfacet
  facet normal -0.793372 0.608737 8.96996e-19
    outer loop
      vertex 80.6702 -6.59613 5
      vertex 80.0595 -7.39206 0
      vertex 80.0595 -7.39206 5
    endloop
  endfacet
  facet normal -0.88703 0.461711 -2.97197e-18
    outer loop
      vertex 81.2093 -5.75 0
      vertex 81.6725 -4.86011 5
      vertex 81.6725 -4.86011 0
    endloop
  endfacet
  facet normal -0.88703 0.461711 -2.97197e-18
    outer loop
      vertex 81.6725 -4.86011 5
      vertex 81.2093 -5.75 0
      vertex 81.2093 -5.75 5
    endloop
  endfacet
  facet normal -0.843366 0.537339 -3.33924e-18
    outer loop
      vertex 80.6702 -6.59613 0
      vertex 81.2093 -5.75 5
      vertex 81.2093 -5.75 0
    endloop
  endfacet
  facet normal -0.843366 0.537339 -3.33924e-18
    outer loop
      vertex 81.2093 -5.75 5
      vertex 80.6702 -6.59613 0
      vertex 80.6702 -6.59613 5
    endloop
  endfacet
  facet normal 0.300635 0.953739 -0
    outer loop
      vertex 68.2736 -11.1081 0
      vertex 67.3168 -10.8065 5
      vertex 68.2736 -11.1081 5
    endloop
  endfacet
  facet normal 0.300635 0.953739 0
    outer loop
      vertex 67.3168 -10.8065 5
      vertex 68.2736 -11.1081 0
      vertex 67.3168 -10.8065 0
    endloop
  endfacet
  facet normal 0.88703 0.461711 2.97197e-18
    outer loop
      vertex 61.2907 -5.75 5
      vertex 60.8275 -4.86011 0
      vertex 60.8275 -4.86011 5
    endloop
  endfacet
  facet normal 0.88703 0.461711 2.97197e-18
    outer loop
      vertex 60.8275 -4.86011 0
      vertex 61.2907 -5.75 5
      vertex 61.2907 -5.75 0
    endloop
  endfacet
  facet normal 0.675624 0.737247 -0
    outer loop
      vertex 63.8579 -8.80951 0
      vertex 63.1183 -8.13173 5
      vertex 63.8579 -8.80951 5
    endloop
  endfacet
  facet normal 0.675624 0.737247 0
    outer loop
      vertex 63.1183 -8.13173 5
      vertex 63.8579 -8.80951 0
      vertex 63.1183 -8.13173 0
    endloop
  endfacet
  facet normal -0.300635 0.953739 0
    outer loop
      vertex 75.1832 -10.8065 0
      vertex 74.2264 -11.1081 5
      vertex 75.1832 -10.8065 5
    endloop
  endfacet
  facet normal -0.300635 0.953739 0
    outer loop
      vertex 74.2264 -11.1081 5
      vertex 75.1832 -10.8065 0
      vertex 74.2264 -11.1081 0
    endloop
  endfacet
  facet normal -0.461715 0.887028 0
    outer loop
      vertex 77 -9.95929 0
      vertex 76.1101 -10.4225 5
      vertex 77 -9.95929 5
    endloop
  endfacet
  facet normal -0.461715 0.887028 0
    outer loop
      vertex 76.1101 -10.4225 5
      vertex 77 -9.95929 0
      vertex 76.1101 -10.4225 0
    endloop
  endfacet
  facet normal -0.95374 -0.300632 5.17667e-18
    outer loop
      vertex 82.3581 2.97642 0
      vertex 82.0565 3.93323 5
      vertex 82.0565 3.93323 0
    endloop
  endfacet
  facet normal -0.95374 -0.300632 5.17667e-18
    outer loop
      vertex 82.0565 3.93323 5
      vertex 82.3581 2.97642 0
      vertex 82.3581 2.97642 5
    endloop
  endfacet
  facet normal -0.991451 0.130478 -7.59195e-19
    outer loop
      vertex 82.5753 -1.99695 0
      vertex 82.7062 -1.00229 5
      vertex 82.7062 -1.00229 0
    endloop
  endfacet
  facet normal -0.991451 0.130478 -7.59195e-19
    outer loop
      vertex 82.7062 -1.00229 5
      vertex 82.5753 -1.99695 0
      vertex 82.5753 -1.99695 5
    endloop
  endfacet
  facet normal -0.675624 0.737247 0
    outer loop
      vertex 79.3817 -8.13173 0
      vertex 78.6421 -8.80951 5
      vertex 79.3817 -8.13173 5
    endloop
  endfacet
  facet normal -0.675624 0.737247 0
    outer loop
      vertex 78.6421 -8.80951 5
      vertex 79.3817 -8.13173 0
      vertex 78.6421 -8.80951 0
    endloop
  endfacet
  facet normal -0.923854 0.382746 4.44152e-18
    outer loop
      vertex 81.6725 -4.86011 0
      vertex 82.0565 -3.93323 5
      vertex 82.0565 -3.93323 0
    endloop
  endfacet
  facet normal -0.923854 0.382746 4.44152e-18
    outer loop
      vertex 82.0565 -3.93323 5
      vertex 81.6725 -4.86011 0
      vertex 81.6725 -4.86011 5
    endloop
  endfacet
  facet normal 0.461715 0.887028 -0
    outer loop
      vertex 66.3899 -10.4225 0
      vertex 65.5 -9.95929 5
      vertex 66.3899 -10.4225 5
    endloop
  endfacet
  facet normal 0.461715 0.887028 0
    outer loop
      vertex 65.5 -9.95929 5
      vertex 66.3899 -10.4225 0
      vertex 65.5 -9.95929 0
    endloop
  endfacet
  facet normal 0.976284 0.216494 1.26169e-18
    outer loop
      vertex 60.1419 -2.97642 5
      vertex 59.9247 -1.99695 0
      vertex 59.9247 -1.99695 5
    endloop
  endfacet
  facet normal 0.976284 0.216494 1.26169e-18
    outer loop
      vertex 59.9247 -1.99695 0
      vertex 60.1419 -2.97642 5
      vertex 60.1419 -2.97642 0
    endloop
  endfacet
  facet normal 0.991451 0.130478 -1.26983e-18
    outer loop
      vertex 59.9247 -1.99695 5
      vertex 59.7938 -1.00229 0
      vertex 59.7938 -1.00229 5
    endloop
  endfacet
  facet normal 0.991451 0.130478 -1.26983e-18
    outer loop
      vertex 59.7938 -1.00229 0
      vertex 59.9247 -1.99695 5
      vertex 59.9247 -1.99695 0
    endloop
  endfacet
  facet normal 0.793372 0.608737 -2.23709e-18
    outer loop
      vertex 62.4405 -7.39206 5
      vertex 61.8298 -6.59613 0
      vertex 61.8298 -6.59613 5
    endloop
  endfacet
  facet normal 0.793372 0.608737 -2.23709e-18
    outer loop
      vertex 61.8298 -6.59613 0
      vertex 62.4405 -7.39206 5
      vertex 62.4405 -7.39206 0
    endloop
  endfacet
  facet normal 0.843366 0.537339 -3.24198e-20
    outer loop
      vertex 61.8298 -6.59613 5
      vertex 61.2907 -5.75 0
      vertex 61.2907 -5.75 5
    endloop
  endfacet
  facet normal 0.843366 0.537339 -3.24198e-20
    outer loop
      vertex 61.2907 -5.75 0
      vertex 61.8298 -6.59613 5
      vertex 61.8298 -6.59613 0
    endloop
  endfacet
  facet normal -0.382739 0.923856 0
    outer loop
      vertex 76.1101 -10.4225 0
      vertex 75.1832 -10.8065 5
      vertex 76.1101 -10.4225 5
    endloop
  endfacet
  facet normal -0.382739 0.923856 0
    outer loop
      vertex 75.1832 -10.8065 5
      vertex 76.1101 -10.4225 0
      vertex 75.1832 -10.8065 0
    endloop
  endfacet
  facet normal -0.608729 0.793379 0
    outer loop
      vertex 78.6421 -8.80951 0
      vertex 77.8461 -9.42025 5
      vertex 78.6421 -8.80951 5
    endloop
  endfacet
  facet normal -0.608729 0.793379 0
    outer loop
      vertex 77.8461 -9.42025 5
      vertex 78.6421 -8.80951 0
      vertex 77.8461 -9.42025 0
    endloop
  endfacet
  facet normal -0.53731 0.843385 0
    outer loop
      vertex 77.8461 -9.42025 0
      vertex 77 -9.95929 5
      vertex 77.8461 -9.42025 5
    endloop
  endfacet
  facet normal -0.53731 0.843385 0
    outer loop
      vertex 77 -9.95929 5
      vertex 77.8461 -9.42025 0
      vertex 77 -9.95929 0
    endloop
  endfacet
  facet normal 0.53731 0.843385 -0
    outer loop
      vertex 65.5 -9.95929 0
      vertex 64.6539 -9.42025 5
      vertex 65.5 -9.95929 5
    endloop
  endfacet
  facet normal 0.53731 0.843385 0
    outer loop
      vertex 64.6539 -9.42025 5
      vertex 65.5 -9.95929 0
      vertex 64.6539 -9.42025 0
    endloop
  endfacet
  facet normal 0.382739 0.923856 -0
    outer loop
      vertex 67.3168 -10.8065 0
      vertex 66.3899 -10.4225 5
      vertex 67.3168 -10.8065 5
    endloop
  endfacet
  facet normal 0.382739 0.923856 0
    outer loop
      vertex 66.3899 -10.4225 5
      vertex 67.3168 -10.8065 0
      vertex 66.3899 -10.4225 0
    endloop
  endfacet
  facet normal 0.130473 0.991452 -0
    outer loop
      vertex 70.2477 -11.4562 0
      vertex 69.253 -11.3253 5
      vertex 70.2477 -11.4562 5
    endloop
  endfacet
  facet normal 0.130473 0.991452 0
    outer loop
      vertex 69.253 -11.3253 5
      vertex 70.2477 -11.4562 0
      vertex 69.253 -11.3253 0
    endloop
  endfacet
  facet normal 0.216508 0.976281 -0
    outer loop
      vertex 69.253 -11.3253 0
      vertex 68.2736 -11.1081 5
      vertex 69.253 -11.3253 5
    endloop
  endfacet
  facet normal 0.216508 0.976281 0
    outer loop
      vertex 68.2736 -11.1081 5
      vertex 69.253 -11.3253 0
      vertex 68.2736 -11.1081 0
    endloop
  endfacet
  facet normal 0.0436578 0.999047 -0
    outer loop
      vertex 71.25 -11.5 0
      vertex 70.2477 -11.4562 5
      vertex 71.25 -11.5 5
    endloop
  endfacet
  facet normal 0.0436578 0.999047 0
    outer loop
      vertex 70.2477 -11.4562 5
      vertex 71.25 -11.5 0
      vertex 70.2477 -11.4562 0
    endloop
  endfacet
  facet normal 0.923854 0.382746 -4.44152e-18
    outer loop
      vertex 60.8275 -4.86011 5
      vertex 60.4435 -3.93323 0
      vertex 60.4435 -3.93323 5
    endloop
  endfacet
  facet normal 0.923854 0.382746 -4.44152e-18
    outer loop
      vertex 60.4435 -3.93323 0
      vertex 60.8275 -4.86011 5
      vertex 60.8275 -4.86011 0
    endloop
  endfacet
  facet normal 0.95374 0.300632 -6.70049e-19
    outer loop
      vertex 60.4435 -3.93323 5
      vertex 60.1419 -2.97642 0
      vertex 60.1419 -2.97642 5
    endloop
  endfacet
  facet normal 0.95374 0.300632 -6.70049e-19
    outer loop
      vertex 60.1419 -2.97642 0
      vertex 60.4435 -3.93323 5
      vertex 60.4435 -3.93323 0
    endloop
  endfacet
endsolid OpenSCAD_Model
