solid OpenSCAD_Model
  facet normal -0.995176 -0.0981075 -4.03646e-19
    outer loop
      vertex -50.2 -32.9 0
      vertex -50.2327 -32.5683 2.575
      vertex -50.2327 -32.5683 0
    endloop
  endfacet
  facet normal -0.995176 -0.0981075 -4.03646e-19
    outer loop
      vertex -50.2327 -32.5683 2.575
      vertex -50.2 -32.9 0
      vertex -50.2 -32.9 2.575
    endloop
  endfacet
  facet normal 0.995176 -0.0981075 4.03646e-19
    outer loop
      vertex -53.6 -32.9 2.575
      vertex -53.5673 -32.5683 0
      vertex -53.5673 -32.5683 2.575
    endloop
  endfacet
  facet normal 0.995176 -0.0981075 4.03646e-19
    outer loop
      vertex -53.5673 -32.5683 0
      vertex -53.6 -32.9 2.575
      vertex -53.6 -32.9 0
    endloop
  endfacet
  facet normal 0.0981075 -0.995176 0
    outer loop
      vertex -52.2317 -31.2327 0
      vertex -51.9 -31.2 2.575
      vertex -52.2317 -31.2327 2.575
    endloop
  endfacet
  facet normal 0.0981075 -0.995176 0
    outer loop
      vertex -51.9 -31.2 2.575
      vertex -52.2317 -31.2327 0
      vertex -51.9 -31.2 0
    endloop
  endfacet
  facet normal -0.634381 -0.773021 0
    outer loop
      vertex -50.9555 -31.4865 0
      vertex -50.6979 -31.6979 2.575
      vertex -50.9555 -31.4865 2.575
    endloop
  endfacet
  facet normal -0.634381 -0.773021 -0
    outer loop
      vertex -50.6979 -31.6979 2.575
      vertex -50.9555 -31.4865 0
      vertex -50.6979 -31.6979 0
    endloop
  endfacet
  facet normal 0.634381 -0.773021 0
    outer loop
      vertex -53.1021 -31.6979 0
      vertex -52.8445 -31.4865 2.575
      vertex -53.1021 -31.6979 2.575
    endloop
  endfacet
  facet normal 0.634381 -0.773021 0
    outer loop
      vertex -52.8445 -31.4865 2.575
      vertex -53.1021 -31.6979 0
      vertex -52.8445 -31.4865 0
    endloop
  endfacet
  facet normal 0.471413 -0.881912 0
    outer loop
      vertex -52.8445 -31.4865 0
      vertex -52.5506 -31.3294 2.575
      vertex -52.8445 -31.4865 2.575
    endloop
  endfacet
  facet normal 0.471413 -0.881912 0
    outer loop
      vertex -52.5506 -31.3294 2.575
      vertex -52.8445 -31.4865 0
      vertex -52.5506 -31.3294 0
    endloop
  endfacet
  facet normal 0.773021 0.634381 1.89131e-18
    outer loop
      vertex -53.1021 -34.1021 2.575
      vertex -53.3135 -33.8445 0
      vertex -53.3135 -33.8445 2.575
    endloop
  endfacet
  facet normal 0.773021 0.634381 1.89131e-18
    outer loop
      vertex -53.3135 -33.8445 0
      vertex -53.1021 -34.1021 2.575
      vertex -53.1021 -34.1021 0
    endloop
  endfacet
  facet normal -0.881912 -0.471413 2.87041e-18
    outer loop
      vertex -50.3294 -32.2494 0
      vertex -50.4865 -31.9555 2.575
      vertex -50.4865 -31.9555 0
    endloop
  endfacet
  facet normal -0.881912 -0.471413 2.87041e-18
    outer loop
      vertex -50.4865 -31.9555 2.575
      vertex -50.3294 -32.2494 0
      vertex -50.3294 -32.2494 2.575
    endloop
  endfacet
  facet normal -0.956971 -0.290182 -5.40939e-19
    outer loop
      vertex -50.2327 -32.5683 0
      vertex -50.3294 -32.2494 2.575
      vertex -50.3294 -32.2494 0
    endloop
  endfacet
  facet normal -0.956971 -0.290182 -5.40939e-19
    outer loop
      vertex -50.3294 -32.2494 2.575
      vertex -50.2327 -32.5683 0
      vertex -50.2327 -32.5683 2.575
    endloop
  endfacet
  facet normal -0.773021 -0.634381 -2.36908e-20
    outer loop
      vertex -50.4865 -31.9555 0
      vertex -50.6979 -31.6979 2.575
      vertex -50.6979 -31.6979 0
    endloop
  endfacet
  facet normal -0.773021 -0.634381 -2.36908e-20
    outer loop
      vertex -50.6979 -31.6979 2.575
      vertex -50.4865 -31.9555 0
      vertex -50.4865 -31.9555 2.575
    endloop
  endfacet
  facet normal -0.290182 -0.956971 0
    outer loop
      vertex -51.5683 -31.2327 0
      vertex -51.2494 -31.3294 2.575
      vertex -51.5683 -31.2327 2.575
    endloop
  endfacet
  facet normal -0.290182 -0.956971 -0
    outer loop
      vertex -51.2494 -31.3294 2.575
      vertex -51.5683 -31.2327 0
      vertex -51.2494 -31.3294 0
    endloop
  endfacet
  facet normal -0.0981075 -0.995176 0
    outer loop
      vertex -51.9 -31.2 0
      vertex -51.5683 -31.2327 2.575
      vertex -51.9 -31.2 2.575
    endloop
  endfacet
  facet normal -0.0981075 -0.995176 -0
    outer loop
      vertex -51.5683 -31.2327 2.575
      vertex -51.9 -31.2 0
      vertex -51.5683 -31.2327 0
    endloop
  endfacet
  facet normal -0.471413 -0.881912 0
    outer loop
      vertex -51.2494 -31.3294 0
      vertex -50.9555 -31.4865 2.575
      vertex -51.2494 -31.3294 2.575
    endloop
  endfacet
  facet normal -0.471413 -0.881912 -0
    outer loop
      vertex -50.9555 -31.4865 2.575
      vertex -51.2494 -31.3294 0
      vertex -50.9555 -31.4865 0
    endloop
  endfacet
  facet normal 0.881912 -0.471413 -2.87041e-18
    outer loop
      vertex -53.4706 -32.2494 2.575
      vertex -53.3135 -31.9555 0
      vertex -53.3135 -31.9555 2.575
    endloop
  endfacet
  facet normal 0.881912 -0.471413 -2.87041e-18
    outer loop
      vertex -53.3135 -31.9555 0
      vertex -53.4706 -32.2494 2.575
      vertex -53.4706 -32.2494 0
    endloop
  endfacet
  facet normal 0.773021 -0.634381 2.36908e-20
    outer loop
      vertex -53.3135 -31.9555 2.575
      vertex -53.1021 -31.6979 0
      vertex -53.1021 -31.6979 2.575
    endloop
  endfacet
  facet normal 0.773021 -0.634381 2.36908e-20
    outer loop
      vertex -53.1021 -31.6979 0
      vertex -53.3135 -31.9555 2.575
      vertex -53.3135 -31.9555 0
    endloop
  endfacet
  facet normal 0.956971 -0.290182 1.06608e-19
    outer loop
      vertex -53.5673 -32.5683 2.575
      vertex -53.4706 -32.2494 0
      vertex -53.4706 -32.2494 2.575
    endloop
  endfacet
  facet normal 0.956971 -0.290182 1.06608e-19
    outer loop
      vertex -53.4706 -32.2494 0
      vertex -53.5673 -32.5683 2.575
      vertex -53.5673 -32.5683 0
    endloop
  endfacet
  facet normal 0.290182 -0.956971 0
    outer loop
      vertex -52.5506 -31.3294 0
      vertex -52.2317 -31.2327 2.575
      vertex -52.5506 -31.3294 2.575
    endloop
  endfacet
  facet normal 0.290182 -0.956971 0
    outer loop
      vertex -52.2317 -31.2327 2.575
      vertex -52.5506 -31.3294 0
      vertex -52.2317 -31.2327 0
    endloop
  endfacet
  facet normal -0.995176 0.0981075 4.03646e-19
    outer loop
      vertex -50.2327 -33.2317 0
      vertex -50.2 -32.9 2.575
      vertex -50.2 -32.9 0
    endloop
  endfacet
  facet normal -0.995176 0.0981075 4.03646e-19
    outer loop
      vertex -50.2 -32.9 2.575
      vertex -50.2327 -33.2317 0
      vertex -50.2327 -33.2317 2.575
    endloop
  endfacet
  facet normal -0.0981075 0.995176 0
    outer loop
      vertex -51.5683 -34.5673 0
      vertex -51.9 -34.6 2.575
      vertex -51.5683 -34.5673 2.575
    endloop
  endfacet
  facet normal -0.0981075 0.995176 0
    outer loop
      vertex -51.9 -34.6 2.575
      vertex -51.5683 -34.5673 0
      vertex -51.9 -34.6 0
    endloop
  endfacet
  facet normal -0.881912 0.471413 -3.9167e-18
    outer loop
      vertex -50.4865 -33.8445 0
      vertex -50.3294 -33.5506 2.575
      vertex -50.3294 -33.5506 0
    endloop
  endfacet
  facet normal -0.881912 0.471413 -3.9167e-18
    outer loop
      vertex -50.3294 -33.5506 2.575
      vertex -50.4865 -33.8445 0
      vertex -50.4865 -33.8445 2.575
    endloop
  endfacet
  facet normal 0.634381 0.773021 -0
    outer loop
      vertex -52.8445 -34.3135 0
      vertex -53.1021 -34.1021 2.575
      vertex -52.8445 -34.3135 2.575
    endloop
  endfacet
  facet normal 0.634381 0.773021 0
    outer loop
      vertex -53.1021 -34.1021 2.575
      vertex -52.8445 -34.3135 0
      vertex -53.1021 -34.1021 0
    endloop
  endfacet
  facet normal 0.290182 0.956971 -0
    outer loop
      vertex -52.2317 -34.5673 0
      vertex -52.5506 -34.4706 2.575
      vertex -52.2317 -34.5673 2.575
    endloop
  endfacet
  facet normal 0.290182 0.956971 0
    outer loop
      vertex -52.5506 -34.4706 2.575
      vertex -52.2317 -34.5673 0
      vertex -52.5506 -34.4706 0
    endloop
  endfacet
  facet normal 0.995176 0.0981075 -4.03646e-19
    outer loop
      vertex -53.5673 -33.2317 2.575
      vertex -53.6 -32.9 0
      vertex -53.6 -32.9 2.575
    endloop
  endfacet
  facet normal 0.995176 0.0981075 -4.03646e-19
    outer loop
      vertex -53.6 -32.9 0
      vertex -53.5673 -33.2317 2.575
      vertex -53.5673 -33.2317 0
    endloop
  endfacet
  facet normal 0.881912 0.471413 3.9167e-18
    outer loop
      vertex -53.3135 -33.8445 2.575
      vertex -53.4706 -33.5506 0
      vertex -53.4706 -33.5506 2.575
    endloop
  endfacet
  facet normal 0.881912 0.471413 3.9167e-18
    outer loop
      vertex -53.4706 -33.5506 0
      vertex -53.3135 -33.8445 2.575
      vertex -53.3135 -33.8445 0
    endloop
  endfacet
  facet normal 0 0 -1
    outer loop
      vertex -50.6979 -31.6979 0
      vertex -13.8997 -25.0099 0
      vertex -50.4865 -31.9555 0
    endloop
  endfacet
  facet normal 0 0 -1
    outer loop
      vertex -13.1273 -23.406 0
      vertex -50.2327 32.5683 0
      vertex -50.2 32.9 0
    endloop
  endfacet
  facet normal -0 0 -1
    outer loop
      vertex -13.8997 -25.0099 0
      vertex -50.6979 -31.6979 0
      vertex -13.6039 -24.1645 0
    endloop
  endfacet
  facet normal 0 0 -1
    outer loop
      vertex -13.1273 -23.406 0
      vertex -50.3294 32.2494 0
      vertex -50.2327 32.5683 0
    endloop
  endfacet
  facet normal 0 0 -1
    outer loop
      vertex -50.9555 -31.4865 0
      vertex -13.6039 -24.1645 0
      vertex -50.6979 -31.6979 0
    endloop
  endfacet
  facet normal 0 0 -1
    outer loop
      vertex -13.1273 -23.406 0
      vertex -50.4865 31.9555 0
      vertex -50.3294 32.2494 0
    endloop
  endfacet
  facet normal -0 0 -1
    outer loop
      vertex -13.6039 -24.1645 0
      vertex -50.9555 -31.4865 0
      vertex -13.1273 -23.406 0
    endloop
  endfacet
  facet normal 0 0 -1
    outer loop
      vertex -13.1273 -23.406 0
      vertex -50.6979 31.6979 0
      vertex -50.4865 31.9555 0
    endloop
  endfacet
  facet normal 0 0 -1
    outer loop
      vertex -51.2494 -31.3294 0
      vertex -13.1273 -23.406 0
      vertex -50.9555 -31.4865 0
    endloop
  endfacet
  facet normal 0 0 -1
    outer loop
      vertex -13.1273 -23.406 0
      vertex -50.9555 31.4865 0
      vertex -50.6979 31.6979 0
    endloop
  endfacet
  facet normal 0 0 -1
    outer loop
      vertex -51.2494 31.3294 0
      vertex -13.1273 -23.406 0
      vertex -51.2494 -31.3294 0
    endloop
  endfacet
  facet normal 0 0 -1
    outer loop
      vertex -13.1273 -23.406 0
      vertex -51.2494 31.3294 0
      vertex -50.9555 31.4865 0
    endloop
  endfacet
  facet normal 0 0 -1
    outer loop
      vertex -51.5683 -31.2327 0
      vertex -51.2494 31.3294 0
      vertex -51.2494 -31.3294 0
    endloop
  endfacet
  facet normal 0 0 -1
    outer loop
      vertex -51.5683 -31.2327 0
      vertex -51.5683 31.2327 0
      vertex -51.2494 31.3294 0
    endloop
  endfacet
  facet normal 0 0 -1
    outer loop
      vertex -51.9 -31.2 0
      vertex -51.5683 31.2327 0
      vertex -51.5683 -31.2327 0
    endloop
  endfacet
  facet normal 0 0 -1
    outer loop
      vertex -51.9 -31.2 0
      vertex -51.9 31.2 0
      vertex -51.5683 31.2327 0
    endloop
  endfacet
  facet normal 0 0 -1
    outer loop
      vertex -52.2317 -31.2327 0
      vertex -51.9 31.2 0
      vertex -51.9 -31.2 0
    endloop
  endfacet
  facet normal 0 0 -1
    outer loop
      vertex -52.2317 -31.2327 0
      vertex -52.2317 31.2327 0
      vertex -51.9 31.2 0
    endloop
  endfacet
  facet normal 0 0 -1
    outer loop
      vertex -52.5506 -31.3294 0
      vertex -52.2317 31.2327 0
      vertex -52.2317 -31.2327 0
    endloop
  endfacet
  facet normal 0 0 -1
    outer loop
      vertex -52.5506 -31.3294 0
      vertex -52.5506 31.3294 0
      vertex -52.2317 31.2327 0
    endloop
  endfacet
  facet normal 0 0 -1
    outer loop
      vertex -52.8445 -31.4865 0
      vertex -52.5506 31.3294 0
      vertex -52.5506 -31.3294 0
    endloop
  endfacet
  facet normal 0 0 -1
    outer loop
      vertex -52.8445 -31.4865 0
      vertex -52.8445 31.4865 0
      vertex -52.5506 31.3294 0
    endloop
  endfacet
  facet normal 0 0 -1
    outer loop
      vertex -53.1021 -31.6979 0
      vertex -52.8445 31.4865 0
      vertex -52.8445 -31.4865 0
    endloop
  endfacet
  facet normal 0 0 -1
    outer loop
      vertex -53.1021 -31.6979 0
      vertex -53.1021 31.6979 0
      vertex -52.8445 31.4865 0
    endloop
  endfacet
  facet normal 0 0 -1
    outer loop
      vertex -59.9 -37.9 0
      vertex -53.1021 -31.6979 0
      vertex -53.3135 -31.9555 0
    endloop
  endfacet
  facet normal -0 0 -1
    outer loop
      vertex -53.1021 -31.6979 0
      vertex -59.9 -37.9 0
      vertex -53.1021 31.6979 0
    endloop
  endfacet
  facet normal 0 0 -1
    outer loop
      vertex -59.9 -37.9 0
      vertex -53.3135 -31.9555 0
      vertex -53.4706 -32.2494 0
    endloop
  endfacet
  facet normal 0 0 -1
    outer loop
      vertex -59.9 37.9 0
      vertex -53.1021 31.6979 0
      vertex -59.9 -37.9 0
    endloop
  endfacet
  facet normal 0 0 -1
    outer loop
      vertex -59.9 -37.9 0
      vertex -53.4706 -32.2494 0
      vertex -53.5673 -32.5683 0
    endloop
  endfacet
  facet normal 0 0 -1
    outer loop
      vertex -53.1021 31.6979 0
      vertex -59.9 37.9 0
      vertex -53.3135 31.9555 0
    endloop
  endfacet
  facet normal 0 0 -1
    outer loop
      vertex -59.9 -37.9 0
      vertex -53.5673 -32.5683 0
      vertex -53.6 -32.9 0
    endloop
  endfacet
  facet normal 0 0 -1
    outer loop
      vertex -53.3135 31.9555 0
      vertex -59.9 37.9 0
      vertex -53.4706 32.2494 0
    endloop
  endfacet
  facet normal 0 0 -1
    outer loop
      vertex 53.3135 -31.9555 0
      vertex 59.9 -37.9 0
      vertex 53.4706 -32.2494 0
    endloop
  endfacet
  facet normal 0 0 -1
    outer loop
      vertex 59.9 37.9 0
      vertex 53.5673 32.5683 0
      vertex 53.6 32.9 0
    endloop
  endfacet
  facet normal 0 0 -1
    outer loop
      vertex 53.1021 -31.6979 0
      vertex 59.9 -37.9 0
      vertex 53.3135 -31.9555 0
    endloop
  endfacet
  facet normal 0 0 -1
    outer loop
      vertex 59.9 37.9 0
      vertex 53.4706 32.2494 0
      vertex 53.5673 32.5683 0
    endloop
  endfacet
  facet normal 0 0 -1
    outer loop
      vertex 59.9 -37.9 0
      vertex 53.1021 -31.6979 0
      vertex 59.9 37.9 0
    endloop
  endfacet
  facet normal 0 0 -1
    outer loop
      vertex 59.9 37.9 0
      vertex 53.3135 31.9555 0
      vertex 53.4706 32.2494 0
    endloop
  endfacet
  facet normal 0 0 -1
    outer loop
      vertex 53.1021 31.6979 0
      vertex 59.9 37.9 0
      vertex 53.1021 -31.6979 0
    endloop
  endfacet
  facet normal 0 0 -1
    outer loop
      vertex 59.9 37.9 0
      vertex 53.1021 31.6979 0
      vertex 53.3135 31.9555 0
    endloop
  endfacet
  facet normal 0 0 -1
    outer loop
      vertex 52.8445 -31.4865 0
      vertex 53.1021 31.6979 0
      vertex 53.1021 -31.6979 0
    endloop
  endfacet
  facet normal 0 0 -1
    outer loop
      vertex 52.8445 -31.4865 0
      vertex 52.8445 31.4865 0
      vertex 53.1021 31.6979 0
    endloop
  endfacet
  facet normal 0 0 -1
    outer loop
      vertex 52.5506 -31.3294 0
      vertex 52.8445 31.4865 0
      vertex 52.8445 -31.4865 0
    endloop
  endfacet
  facet normal 0 0 -1
    outer loop
      vertex 52.5506 -31.3294 0
      vertex 52.5506 31.3294 0
      vertex 52.8445 31.4865 0
    endloop
  endfacet
  facet normal 0 0 -1
    outer loop
      vertex 52.2317 -31.2327 0
      vertex 52.5506 31.3294 0
      vertex 52.5506 -31.3294 0
    endloop
  endfacet
  facet normal 0 0 -1
    outer loop
      vertex 52.2317 -31.2327 0
      vertex 52.2317 31.2327 0
      vertex 52.5506 31.3294 0
    endloop
  endfacet
  facet normal 0 0 -1
    outer loop
      vertex 51.9 -31.2 0
      vertex 52.2317 31.2327 0
      vertex 52.2317 -31.2327 0
    endloop
  endfacet
  facet normal 0 0 -1
    outer loop
      vertex 51.9 -31.2 0
      vertex 51.9 31.2 0
      vertex 52.2317 31.2327 0
    endloop
  endfacet
  facet normal 0 0 -1
    outer loop
      vertex 51.5683 -31.2327 0
      vertex 51.9 31.2 0
      vertex 51.9 -31.2 0
    endloop
  endfacet
  facet normal 0 0 -1
    outer loop
      vertex 51.5683 -31.2327 0
      vertex 51.5683 31.2327 0
      vertex 51.9 31.2 0
    endloop
  endfacet
  facet normal 0 0 -1
    outer loop
      vertex 51.2494 -31.3294 0
      vertex 51.5683 31.2327 0
      vertex 51.5683 -31.2327 0
    endloop
  endfacet
  facet normal 0 0 -1
    outer loop
      vertex 51.2494 -31.3294 0
      vertex 51.2494 31.3294 0
      vertex 51.5683 31.2327 0
    endloop
  endfacet
  facet normal 0 0 -1
    outer loop
      vertex 13.1273 -23.406 0
      vertex 51.2494 -31.3294 0
      vertex 50.9555 -31.4865 0
    endloop
  endfacet
  facet normal 0 0 -1
    outer loop
      vertex 51.2494 -31.3294 0
      vertex 13.1273 -23.406 0
      vertex 51.2494 31.3294 0
    endloop
  endfacet
  facet normal 0 0 -1
    outer loop
      vertex 13.6039 -24.1645 0
      vertex 50.9555 -31.4865 0
      vertex 50.6979 -31.6979 0
    endloop
  endfacet
  facet normal 0 0 -1
    outer loop
      vertex 12.494 -22.7727 0
      vertex 51.2494 31.3294 0
      vertex 13.1273 -23.406 0
    endloop
  endfacet
  facet normal 0 0 -1
    outer loop
      vertex 13.8997 -25.0099 0
      vertex 50.6979 -31.6979 0
      vertex 50.4865 -31.9555 0
    endloop
  endfacet
  facet normal -0 0 -1
    outer loop
      vertex 51.2494 31.3294 0
      vertex 12.494 -22.7727 0
      vertex 50.9555 31.4865 0
    endloop
  endfacet
  facet normal 0 0 -1
    outer loop
      vertex 13.8997 -25.0099 0
      vertex 50.4865 -31.9555 0
      vertex 50.3294 -32.2494 0
    endloop
  endfacet
  facet normal -0 0 -1
    outer loop
      vertex 50.9555 31.4865 0
      vertex 12.494 -22.7727 0
      vertex 50.6979 31.6979 0
    endloop
  endfacet
  facet normal 0 0 -1
    outer loop
      vertex 14 -25.9 0
      vertex 50.3294 -32.2494 0
      vertex 50.2327 -32.5683 0
    endloop
  endfacet
  facet normal 0 0 -1
    outer loop
      vertex 11.7355 -22.2961 0
      vertex 50.6979 31.6979 0
      vertex 12.494 -22.7727 0
    endloop
  endfacet
  facet normal 0 0 -1
    outer loop
      vertex 13.8997 -26.7901 0
      vertex 50.2327 -32.5683 0
      vertex 50.2 -32.9 0
    endloop
  endfacet
  facet normal -0 0 -1
    outer loop
      vertex 50.6979 31.6979 0
      vertex 11.7355 -22.2961 0
      vertex 50.4865 31.9555 0
    endloop
  endfacet
  facet normal 0 0 -1
    outer loop
      vertex 56.9 -40.9 0
      vertex 59.9 -37.9 0
      vertex 59.8743 -38.2916 0
    endloop
  endfacet
  facet normal 0 0 -1
    outer loop
      vertex 53.5673 -32.5683 0
      vertex 59.9 -37.9 0
      vertex 53.6 -32.9 0
    endloop
  endfacet
  facet normal 0 0 -1
    outer loop
      vertex 56.9 -40.9 0
      vertex 59.8743 -38.2916 0
      vertex 59.7978 -38.6765 0
    endloop
  endfacet
  facet normal 0 0 -1
    outer loop
      vertex 53.4706 -32.2494 0
      vertex 59.9 -37.9 0
      vertex 53.5673 -32.5683 0
    endloop
  endfacet
  facet normal 0 0 -1
    outer loop
      vertex 56.9 -40.9 0
      vertex 59.7978 -38.6765 0
      vertex 59.6716 -39.048 0
    endloop
  endfacet
  facet normal 0 0 -1
    outer loop
      vertex 53.5673 33.2317 0
      vertex 59.9 37.9 0
      vertex 53.6 32.9 0
    endloop
  endfacet
  facet normal 0 0 -1
    outer loop
      vertex 56.9 -40.9 0
      vertex 59.6716 -39.048 0
      vertex 59.4981 -39.4 0
    endloop
  endfacet
  facet normal 0 0 -1
    outer loop
      vertex 53.4706 33.5506 0
      vertex 59.9 37.9 0
      vertex 53.5673 33.2317 0
    endloop
  endfacet
  facet normal 0 0 -1
    outer loop
      vertex 56.9 -40.9 0
      vertex 59.4981 -39.4 0
      vertex 59.2801 -39.7263 0
    endloop
  endfacet
  facet normal 0 0 -1
    outer loop
      vertex 53.3135 33.8445 0
      vertex 59.9 37.9 0
      vertex 53.4706 33.5506 0
    endloop
  endfacet
  facet normal 0 0 -1
    outer loop
      vertex 56.9 -40.9 0
      vertex 59.2801 -39.7263 0
      vertex 59.0213 -40.0213 0
    endloop
  endfacet
  facet normal 0 0 -1
    outer loop
      vertex 53.1021 34.1021 0
      vertex 59.9 37.9 0
      vertex 53.3135 33.8445 0
    endloop
  endfacet
  facet normal 0 0 -1
    outer loop
      vertex 56.9 -40.9 0
      vertex 59.0213 -40.0213 0
      vertex 58.7263 -40.2801 0
    endloop
  endfacet
  facet normal 0 -0 -1
    outer loop
      vertex 56.9 40.9 0
      vertex 59.9 37.9 0
      vertex 53.1021 34.1021 0
    endloop
  endfacet
  facet normal 0 0 -1
    outer loop
      vertex 56.9 -40.9 0
      vertex 58.7263 -40.2801 0
      vertex 58.4 -40.4981 0
    endloop
  endfacet
  facet normal 0 0 -1
    outer loop
      vertex 59.9 37.9 0
      vertex 56.9 40.9 0
      vertex 59.8743 38.2916 0
    endloop
  endfacet
  facet normal 0 0 -1
    outer loop
      vertex 56.9 -40.9 0
      vertex 58.4 -40.4981 0
      vertex 58.048 -40.6716 0
    endloop
  endfacet
  facet normal 0 0 -1
    outer loop
      vertex 59.8743 38.2916 0
      vertex 56.9 40.9 0
      vertex 59.7978 38.6765 0
    endloop
  endfacet
  facet normal 0 0 -1
    outer loop
      vertex 56.9 -40.9 0
      vertex 58.048 -40.6716 0
      vertex 57.6765 -40.7978 0
    endloop
  endfacet
  facet normal 0 0 -1
    outer loop
      vertex 59.7978 38.6765 0
      vertex 56.9 40.9 0
      vertex 59.6716 39.048 0
    endloop
  endfacet
  facet normal 0 0 -1
    outer loop
      vertex 56.9 -40.9 0
      vertex 57.6765 -40.7978 0
      vertex 57.2916 -40.8743 0
    endloop
  endfacet
  facet normal 0 0 -1
    outer loop
      vertex 59.6716 39.048 0
      vertex 56.9 40.9 0
      vertex 59.4981 39.4 0
    endloop
  endfacet
  facet normal -0 0 -1
    outer loop
      vertex 59.9 -37.9 0
      vertex 56.9 -40.9 0
      vertex 53.1021 -34.1021 0
    endloop
  endfacet
  facet normal 0 0 -1
    outer loop
      vertex 59.4981 39.4 0
      vertex 56.9 40.9 0
      vertex 59.2801 39.7263 0
    endloop
  endfacet
  facet normal 0 0 -1
    outer loop
      vertex 59.0213 40.0213 0
      vertex 56.9 40.9 0
      vertex 58.7263 40.2801 0
    endloop
  endfacet
  facet normal 0 0 -1
    outer loop
      vertex 59.9 -37.9 0
      vertex 53.5673 -33.2317 0
      vertex 53.6 -32.9 0
    endloop
  endfacet
  facet normal 0 0 -1
    outer loop
      vertex 59.9 -37.9 0
      vertex 53.4706 -33.5506 0
      vertex 53.5673 -33.2317 0
    endloop
  endfacet
  facet normal 0 0 -1
    outer loop
      vertex 59.9 -37.9 0
      vertex 53.3135 -33.8445 0
      vertex 53.4706 -33.5506 0
    endloop
  endfacet
  facet normal 0 0 -1
    outer loop
      vertex 59.9 -37.9 0
      vertex 53.1021 -34.1021 0
      vertex 53.3135 -33.8445 0
    endloop
  endfacet
  facet normal 0 0 -1
    outer loop
      vertex 56.9 -40.9 0
      vertex 52.8445 -34.3135 0
      vertex 53.1021 -34.1021 0
    endloop
  endfacet
  facet normal 0 0 -1
    outer loop
      vertex 56.9 -40.9 0
      vertex 52.5506 -34.4706 0
      vertex 52.8445 -34.3135 0
    endloop
  endfacet
  facet normal 0 0 -1
    outer loop
      vertex 56.9 -40.9 0
      vertex 52.2317 -34.5673 0
      vertex 52.5506 -34.4706 0
    endloop
  endfacet
  facet normal 0 0 -1
    outer loop
      vertex 56.9 -40.9 0
      vertex 51.9 -34.6 0
      vertex 52.2317 -34.5673 0
    endloop
  endfacet
  facet normal 0 0 -1
    outer loop
      vertex 56.9 -40.9 0
      vertex 51.5683 -34.5673 0
      vertex 51.9 -34.6 0
    endloop
  endfacet
  facet normal 0 0 -1
    outer loop
      vertex 56.9 -40.9 0
      vertex 51.2494 -34.4706 0
      vertex 51.5683 -34.5673 0
    endloop
  endfacet
  facet normal 0 0 -1
    outer loop
      vertex 56.9 -40.9 0
      vertex 50.9555 -34.3135 0
      vertex 51.2494 -34.4706 0
    endloop
  endfacet
  facet normal 0 0 -1
    outer loop
      vertex 56.9 -40.9 0
      vertex 50.6979 -34.1021 0
      vertex 50.9555 -34.3135 0
    endloop
  endfacet
  facet normal 0 0 -1
    outer loop
      vertex 50.3294 -32.2494 0
      vertex 14 -25.9 0
      vertex 13.8997 -25.0099 0
    endloop
  endfacet
  facet normal 0 0 -1
    outer loop
      vertex 13.6039 -27.6355 0
      vertex 50.2 -32.9 0
      vertex 50.2327 -33.2317 0
    endloop
  endfacet
  facet normal 0 0 -1
    outer loop
      vertex 13.1273 -28.394 0
      vertex 50.2327 -33.2317 0
      vertex 50.3294 -33.5506 0
    endloop
  endfacet
  facet normal 0 0 -1
    outer loop
      vertex 13.1273 -28.394 0
      vertex 50.3294 -33.5506 0
      vertex 50.4865 -33.8445 0
    endloop
  endfacet
  facet normal 0 0 -1
    outer loop
      vertex 12.494 -29.0273 0
      vertex 50.4865 -33.8445 0
      vertex 50.6979 -34.1021 0
    endloop
  endfacet
  facet normal 0 0 -1
    outer loop
      vertex 11.7355 -29.5039 0
      vertex 50.6979 -34.1021 0
      vertex 56.9 -40.9 0
    endloop
  endfacet
  facet normal 0 0 -1
    outer loop
      vertex 50.2327 -32.5683 0
      vertex 13.8997 -26.7901 0
      vertex 14 -25.9 0
    endloop
  endfacet
  facet normal 0 0 -1
    outer loop
      vertex 50.2 -32.9 0
      vertex 13.6039 -27.6355 0
      vertex 13.8997 -26.7901 0
    endloop
  endfacet
  facet normal 0 0 -1
    outer loop
      vertex 50.2327 -33.2317 0
      vertex 13.1273 -28.394 0
      vertex 13.6039 -27.6355 0
    endloop
  endfacet
  facet normal 0 0 -1
    outer loop
      vertex 50.4865 -33.8445 0
      vertex 12.494 -29.0273 0
      vertex 13.1273 -28.394 0
    endloop
  endfacet
  facet normal 0 0 -1
    outer loop
      vertex 50.6979 -34.1021 0
      vertex 11.7355 -29.5039 0
      vertex 12.494 -29.0273 0
    endloop
  endfacet
  facet normal 0 0 -1
    outer loop
      vertex 56.9 -40.9 0
      vertex 10.8901 -29.7997 0
      vertex 11.7355 -29.5039 0
    endloop
  endfacet
  facet normal 0 0 -1
    outer loop
      vertex 56.9 -40.9 0
      vertex 10 -29.9 0
      vertex 10.8901 -29.7997 0
    endloop
  endfacet
  facet normal 0 0 -1
    outer loop
      vertex 56.9 -40.9 0
      vertex -10 -29.9 0
      vertex 10 -29.9 0
    endloop
  endfacet
  facet normal 0 0 -1
    outer loop
      vertex -56.9 -40.9 0
      vertex -10 -29.9 0
      vertex 56.9 -40.9 0
    endloop
  endfacet
  facet normal 0 0 -1
    outer loop
      vertex -50.2327 -32.5683 0
      vertex -13.8997 -26.7901 0
      vertex -50.2 -32.9 0
    endloop
  endfacet
  facet normal -0 0 -1
    outer loop
      vertex -13.6039 -27.6355 0
      vertex -50.2 -32.9 0
      vertex -13.8997 -26.7901 0
    endloop
  endfacet
  facet normal 0 0 -1
    outer loop
      vertex -50.2327 -33.2317 0
      vertex -13.6039 -27.6355 0
      vertex -13.1273 -28.394 0
    endloop
  endfacet
  facet normal 0 0 -1
    outer loop
      vertex -50.4865 -33.8445 0
      vertex -13.1273 -28.394 0
      vertex -12.494 -29.0273 0
    endloop
  endfacet
  facet normal 0 0 -1
    outer loop
      vertex -50.6979 -34.1021 0
      vertex -12.494 -29.0273 0
      vertex -11.7355 -29.5039 0
    endloop
  endfacet
  facet normal 0 0 -1
    outer loop
      vertex -56.9 -40.9 0
      vertex -11.7355 -29.5039 0
      vertex -10.8901 -29.7997 0
    endloop
  endfacet
  facet normal -0 0 -1
    outer loop
      vertex -10 -29.9 0
      vertex -56.9 -40.9 0
      vertex -10.8901 -29.7997 0
    endloop
  endfacet
  facet normal 0 0 -1
    outer loop
      vertex -13.6039 -27.6355 0
      vertex -50.2327 -33.2317 0
      vertex -50.2 -32.9 0
    endloop
  endfacet
  facet normal 0 0 -1
    outer loop
      vertex -13.1273 -28.394 0
      vertex -50.3294 -33.5506 0
      vertex -50.2327 -33.2317 0
    endloop
  endfacet
  facet normal 0 0 -1
    outer loop
      vertex -13.1273 -28.394 0
      vertex -50.4865 -33.8445 0
      vertex -50.3294 -33.5506 0
    endloop
  endfacet
  facet normal 0 0 -1
    outer loop
      vertex -12.494 -29.0273 0
      vertex -50.6979 -34.1021 0
      vertex -50.4865 -33.8445 0
    endloop
  endfacet
  facet normal 0 0 -1
    outer loop
      vertex -11.7355 -29.5039 0
      vertex -56.9 -40.9 0
      vertex -50.6979 -34.1021 0
    endloop
  endfacet
  facet normal 0 0 -1
    outer loop
      vertex -50.6979 -34.1021 0
      vertex -56.9 -40.9 0
      vertex -50.9555 -34.3135 0
    endloop
  endfacet
  facet normal 0 0 -1
    outer loop
      vertex -50.9555 -34.3135 0
      vertex -56.9 -40.9 0
      vertex -51.2494 -34.4706 0
    endloop
  endfacet
  facet normal 0 0 -1
    outer loop
      vertex -51.2494 -34.4706 0
      vertex -56.9 -40.9 0
      vertex -51.5683 -34.5673 0
    endloop
  endfacet
  facet normal -0 0 -1
    outer loop
      vertex -53.5673 -33.2317 0
      vertex -59.9 -37.9 0
      vertex -53.6 -32.9 0
    endloop
  endfacet
  facet normal -0 0 -1
    outer loop
      vertex -53.4706 -33.5506 0
      vertex -59.9 -37.9 0
      vertex -53.5673 -33.2317 0
    endloop
  endfacet
  facet normal -0 0 -1
    outer loop
      vertex -53.3135 -33.8445 0
      vertex -59.9 -37.9 0
      vertex -53.4706 -33.5506 0
    endloop
  endfacet
  facet normal -0 0 -1
    outer loop
      vertex -53.1021 -34.1021 0
      vertex -59.9 -37.9 0
      vertex -53.3135 -33.8445 0
    endloop
  endfacet
  facet normal 0 0 -1
    outer loop
      vertex -59.9 -37.9 0
      vertex -53.1021 -34.1021 0
      vertex -56.9 -40.9 0
    endloop
  endfacet
  facet normal -0 0 -1
    outer loop
      vertex -52.8445 -34.3135 0
      vertex -56.9 -40.9 0
      vertex -53.1021 -34.1021 0
    endloop
  endfacet
  facet normal -0 0 -1
    outer loop
      vertex -52.5506 -34.4706 0
      vertex -56.9 -40.9 0
      vertex -52.8445 -34.3135 0
    endloop
  endfacet
  facet normal -0 0 -1
    outer loop
      vertex -52.2317 -34.5673 0
      vertex -56.9 -40.9 0
      vertex -52.5506 -34.4706 0
    endloop
  endfacet
  facet normal -0 0 -1
    outer loop
      vertex -51.9 -34.6 0
      vertex -56.9 -40.9 0
      vertex -52.2317 -34.5673 0
    endloop
  endfacet
  facet normal 0 0 -1
    outer loop
      vertex -51.5683 -34.5673 0
      vertex -56.9 -40.9 0
      vertex -51.9 -34.6 0
    endloop
  endfacet
  facet normal 0 0 -1
    outer loop
      vertex 58.7263 40.2801 0
      vertex 56.9 40.9 0
      vertex 58.4 40.4981 0
    endloop
  endfacet
  facet normal 0 0 -1
    outer loop
      vertex 58.4 40.4981 0
      vertex 56.9 40.9 0
      vertex 58.048 40.6716 0
    endloop
  endfacet
  facet normal 0 0 -1
    outer loop
      vertex 58.048 40.6716 0
      vertex 56.9 40.9 0
      vertex 57.6765 40.7978 0
    endloop
  endfacet
  facet normal 0 0 -1
    outer loop
      vertex 57.6765 40.7978 0
      vertex 56.9 40.9 0
      vertex 57.2916 40.8743 0
    endloop
  endfacet
  facet normal 0 0 -1
    outer loop
      vertex 59.2801 39.7263 0
      vertex 56.9 40.9 0
      vertex 59.0213 40.0213 0
    endloop
  endfacet
  facet normal 0 0 -1
    outer loop
      vertex 52.8445 34.3135 0
      vertex 56.9 40.9 0
      vertex 53.1021 34.1021 0
    endloop
  endfacet
  facet normal 0 0 -1
    outer loop
      vertex 52.5506 34.4706 0
      vertex 56.9 40.9 0
      vertex 52.8445 34.3135 0
    endloop
  endfacet
  facet normal 0 0 -1
    outer loop
      vertex 52.2317 34.5673 0
      vertex 56.9 40.9 0
      vertex 52.5506 34.4706 0
    endloop
  endfacet
  facet normal 0 0 -1
    outer loop
      vertex 51.9 34.6 0
      vertex 56.9 40.9 0
      vertex 52.2317 34.5673 0
    endloop
  endfacet
  facet normal 0 0 -1
    outer loop
      vertex 51.5683 34.5673 0
      vertex 56.9 40.9 0
      vertex 51.9 34.6 0
    endloop
  endfacet
  facet normal 0 0 -1
    outer loop
      vertex 51.2494 34.4706 0
      vertex 56.9 40.9 0
      vertex 51.5683 34.5673 0
    endloop
  endfacet
  facet normal 0 0 -1
    outer loop
      vertex 50.9555 34.3135 0
      vertex 56.9 40.9 0
      vertex 51.2494 34.4706 0
    endloop
  endfacet
  facet normal 0 0 -1
    outer loop
      vertex 50.6979 34.1021 0
      vertex 56.9 40.9 0
      vertex 50.9555 34.3135 0
    endloop
  endfacet
  facet normal 0 0 -1
    outer loop
      vertex 50.6979 -31.6979 0
      vertex 13.8997 -25.0099 0
      vertex 13.6039 -24.1645 0
    endloop
  endfacet
  facet normal 0 0 -1
    outer loop
      vertex 50.9555 -31.4865 0
      vertex 13.6039 -24.1645 0
      vertex 13.1273 -23.406 0
    endloop
  endfacet
  facet normal 0 0 -1
    outer loop
      vertex 10.8901 -22.0003 0
      vertex 50.4865 31.9555 0
      vertex 11.7355 -22.2961 0
    endloop
  endfacet
  facet normal -0 0 -1
    outer loop
      vertex 50.4865 31.9555 0
      vertex 10.8901 -22.0003 0
      vertex 50.3294 32.2494 0
    endloop
  endfacet
  facet normal 0 0 -1
    outer loop
      vertex 10 -21.9 0
      vertex 50.3294 32.2494 0
      vertex 10.8901 -22.0003 0
    endloop
  endfacet
  facet normal -0 0 -1
    outer loop
      vertex 50.3294 32.2494 0
      vertex 10 -21.9 0
      vertex 50.2327 32.5683 0
    endloop
  endfacet
  facet normal -0 0 -1
    outer loop
      vertex 50.2327 32.5683 0
      vertex 10 -21.9 0
      vertex 50.2 32.9 0
    endloop
  endfacet
  facet normal 0 0 -1
    outer loop
      vertex -10 -21.9 0
      vertex 50.2 32.9 0
      vertex 10 -21.9 0
    endloop
  endfacet
  facet normal 0 0 -1
    outer loop
      vertex -50.2 32.9 0
      vertex 50.2 32.9 0
      vertex -10 -21.9 0
    endloop
  endfacet
  facet normal 0 0 -1
    outer loop
      vertex 50.2 32.9 0
      vertex -50.2 32.9 0
      vertex 50.2327 33.2317 0
    endloop
  endfacet
  facet normal 0 0 -1
    outer loop
      vertex -50.2327 33.2317 0
      vertex 50.2327 33.2317 0
      vertex -50.2 32.9 0
    endloop
  endfacet
  facet normal 0 0 -1
    outer loop
      vertex 50.2327 33.2317 0
      vertex -50.2327 33.2317 0
      vertex 50.3294 33.5506 0
    endloop
  endfacet
  facet normal 0 0 -1
    outer loop
      vertex -50.3294 33.5506 0
      vertex 50.3294 33.5506 0
      vertex -50.2327 33.2317 0
    endloop
  endfacet
  facet normal 0 0 -1
    outer loop
      vertex -50.2 32.9 0
      vertex -10 -21.9 0
      vertex -10.8901 -22.0003 0
    endloop
  endfacet
  facet normal 0 0 -1
    outer loop
      vertex -50.2 32.9 0
      vertex -10.8901 -22.0003 0
      vertex -11.7355 -22.2961 0
    endloop
  endfacet
  facet normal 0 0 -1
    outer loop
      vertex -50.2 32.9 0
      vertex -11.7355 -22.2961 0
      vertex -12.494 -22.7727 0
    endloop
  endfacet
  facet normal -0 0 -1
    outer loop
      vertex -13.8997 -26.7901 0
      vertex -50.2327 -32.5683 0
      vertex -14 -25.9 0
    endloop
  endfacet
  facet normal 0 0 -1
    outer loop
      vertex -50.3294 -32.2494 0
      vertex -14 -25.9 0
      vertex -50.2327 -32.5683 0
    endloop
  endfacet
  facet normal -0 0 -1
    outer loop
      vertex -14 -25.9 0
      vertex -50.3294 -32.2494 0
      vertex -13.8997 -25.0099 0
    endloop
  endfacet
  facet normal 0 0 -1
    outer loop
      vertex -50.4865 -31.9555 0
      vertex -13.8997 -25.0099 0
      vertex -50.3294 -32.2494 0
    endloop
  endfacet
  facet normal 0 0 -1
    outer loop
      vertex -13.1273 -23.406 0
      vertex -50.2 32.9 0
      vertex -12.494 -22.7727 0
    endloop
  endfacet
  facet normal 0 0 -1
    outer loop
      vertex 50.3294 33.5506 0
      vertex -50.3294 33.5506 0
      vertex 50.4865 33.8445 0
    endloop
  endfacet
  facet normal 0 0 -1
    outer loop
      vertex -50.4865 33.8445 0
      vertex 50.4865 33.8445 0
      vertex -50.3294 33.5506 0
    endloop
  endfacet
  facet normal 0 0 -1
    outer loop
      vertex 50.4865 33.8445 0
      vertex -50.4865 33.8445 0
      vertex 50.6979 34.1021 0
    endloop
  endfacet
  facet normal 0 0 -1
    outer loop
      vertex -50.6979 34.1021 0
      vertex 50.6979 34.1021 0
      vertex -50.4865 33.8445 0
    endloop
  endfacet
  facet normal 0 0 -1
    outer loop
      vertex 50.6979 34.1021 0
      vertex -50.6979 34.1021 0
      vertex 56.9 40.9 0
    endloop
  endfacet
  facet normal 0 0 -1
    outer loop
      vertex -56.9 40.9 0
      vertex -50.6979 34.1021 0
      vertex -50.9555 34.3135 0
    endloop
  endfacet
  facet normal 0 0 -1
    outer loop
      vertex -56.9 40.9 0
      vertex -50.9555 34.3135 0
      vertex -51.2494 34.4706 0
    endloop
  endfacet
  facet normal 0 0 -1
    outer loop
      vertex -56.9 40.9 0
      vertex -51.2494 34.4706 0
      vertex -51.5683 34.5673 0
    endloop
  endfacet
  facet normal 0 0 -1
    outer loop
      vertex -56.9 40.9 0
      vertex -51.5683 34.5673 0
      vertex -51.9 34.6 0
    endloop
  endfacet
  facet normal 0 0 -1
    outer loop
      vertex -50.6979 34.1021 0
      vertex -56.9 40.9 0
      vertex 56.9 40.9 0
    endloop
  endfacet
  facet normal 0 0 -1
    outer loop
      vertex -52.2317 34.5673 0
      vertex -56.9 40.9 0
      vertex -51.9 34.6 0
    endloop
  endfacet
  facet normal 0 0 -1
    outer loop
      vertex -52.5506 34.4706 0
      vertex -56.9 40.9 0
      vertex -52.2317 34.5673 0
    endloop
  endfacet
  facet normal 0 0 -1
    outer loop
      vertex -52.8445 34.3135 0
      vertex -56.9 40.9 0
      vertex -52.5506 34.4706 0
    endloop
  endfacet
  facet normal 0 0 -1
    outer loop
      vertex -53.1021 34.1021 0
      vertex -56.9 40.9 0
      vertex -52.8445 34.3135 0
    endloop
  endfacet
  facet normal 0 0 -1
    outer loop
      vertex -59.9 37.9 0
      vertex -53.1021 34.1021 0
      vertex -53.3135 33.8445 0
    endloop
  endfacet
  facet normal 0 0 -1
    outer loop
      vertex -59.9 37.9 0
      vertex -53.3135 33.8445 0
      vertex -53.4706 33.5506 0
    endloop
  endfacet
  facet normal 0 0 -1
    outer loop
      vertex -59.9 37.9 0
      vertex -53.4706 33.5506 0
      vertex -53.5673 33.2317 0
    endloop
  endfacet
  facet normal 0 0 -1
    outer loop
      vertex -59.9 37.9 0
      vertex -53.5673 33.2317 0
      vertex -53.6 32.9 0
    endloop
  endfacet
  facet normal 0 0 -1
    outer loop
      vertex -53.4706 32.2494 0
      vertex -59.9 37.9 0
      vertex -53.5673 32.5683 0
    endloop
  endfacet
  facet normal 0 0 -1
    outer loop
      vertex -59.9 -37.9 0
      vertex -56.9 -40.9 0
      vertex -57.2916 -40.8743 0
    endloop
  endfacet
  facet normal 0 0 -1
    outer loop
      vertex -53.5673 32.5683 0
      vertex -59.9 37.9 0
      vertex -53.6 32.9 0
    endloop
  endfacet
  facet normal 0 0 -1
    outer loop
      vertex -59.9 -37.9 0
      vertex -57.2916 -40.8743 0
      vertex -57.6765 -40.7978 0
    endloop
  endfacet
  facet normal 0 0 -1
    outer loop
      vertex -53.1021 34.1021 0
      vertex -59.9 37.9 0
      vertex -56.9 40.9 0
    endloop
  endfacet
  facet normal 0 0 -1
    outer loop
      vertex -59.9 -37.9 0
      vertex -57.6765 -40.7978 0
      vertex -58.048 -40.6716 0
    endloop
  endfacet
  facet normal 0 0 -1
    outer loop
      vertex -56.9 40.9 0
      vertex -59.9 37.9 0
      vertex -57.2916 40.8743 0
    endloop
  endfacet
  facet normal 0 0 -1
    outer loop
      vertex -59.9 -37.9 0
      vertex -58.048 -40.6716 0
      vertex -58.4 -40.4981 0
    endloop
  endfacet
  facet normal 0 0 -1
    outer loop
      vertex -57.2916 40.8743 0
      vertex -59.9 37.9 0
      vertex -57.6765 40.7978 0
    endloop
  endfacet
  facet normal 0 0 -1
    outer loop
      vertex -59.9 -37.9 0
      vertex -58.4 -40.4981 0
      vertex -58.7263 -40.2801 0
    endloop
  endfacet
  facet normal 0 0 -1
    outer loop
      vertex -57.6765 40.7978 0
      vertex -59.9 37.9 0
      vertex -58.048 40.6716 0
    endloop
  endfacet
  facet normal 0 0 -1
    outer loop
      vertex -59.9 -37.9 0
      vertex -58.7263 -40.2801 0
      vertex -59.0213 -40.0213 0
    endloop
  endfacet
  facet normal 0 0 -1
    outer loop
      vertex -58.048 40.6716 0
      vertex -59.9 37.9 0
      vertex -58.4 40.4981 0
    endloop
  endfacet
  facet normal 0 0 -1
    outer loop
      vertex -59.9 -37.9 0
      vertex -59.0213 -40.0213 0
      vertex -59.2801 -39.7263 0
    endloop
  endfacet
  facet normal 0 0 -1
    outer loop
      vertex -58.4 40.4981 0
      vertex -59.9 37.9 0
      vertex -58.7263 40.2801 0
    endloop
  endfacet
  facet normal 0 0 -1
    outer loop
      vertex -59.9 -37.9 0
      vertex -59.2801 -39.7263 0
      vertex -59.4981 -39.4 0
    endloop
  endfacet
  facet normal 0 0 -1
    outer loop
      vertex -58.7263 40.2801 0
      vertex -59.9 37.9 0
      vertex -59.0213 40.0213 0
    endloop
  endfacet
  facet normal 0 0 -1
    outer loop
      vertex -59.9 -37.9 0
      vertex -59.4981 -39.4 0
      vertex -59.6716 -39.048 0
    endloop
  endfacet
  facet normal 0 0 -1
    outer loop
      vertex -59.0213 40.0213 0
      vertex -59.9 37.9 0
      vertex -59.2801 39.7263 0
    endloop
  endfacet
  facet normal 0 0 -1
    outer loop
      vertex -59.9 -37.9 0
      vertex -59.6716 -39.048 0
      vertex -59.7978 -38.6765 0
    endloop
  endfacet
  facet normal 0 0 -1
    outer loop
      vertex -59.2801 39.7263 0
      vertex -59.9 37.9 0
      vertex -59.4981 39.4 0
    endloop
  endfacet
  facet normal 0 0 -1
    outer loop
      vertex -59.9 -37.9 0
      vertex -59.7978 -38.6765 0
      vertex -59.8743 -38.2916 0
    endloop
  endfacet
  facet normal 0 0 -1
    outer loop
      vertex -59.4981 39.4 0
      vertex -59.9 37.9 0
      vertex -59.6716 39.048 0
    endloop
  endfacet
  facet normal 0 0 -1
    outer loop
      vertex -59.6716 39.048 0
      vertex -59.9 37.9 0
      vertex -59.7978 38.6765 0
    endloop
  endfacet
  facet normal 0 0 -1
    outer loop
      vertex -59.7978 38.6765 0
      vertex -59.9 37.9 0
      vertex -59.8743 38.2916 0
    endloop
  endfacet
  facet normal 0.956971 0.290182 6.12011e-20
    outer loop
      vertex -53.4706 -33.5506 2.575
      vertex -53.5673 -33.2317 0
      vertex -53.5673 -33.2317 2.575
    endloop
  endfacet
  facet normal 0.956971 0.290182 6.12011e-20
    outer loop
      vertex -53.5673 -33.2317 0
      vertex -53.4706 -33.5506 2.575
      vertex -53.4706 -33.5506 0
    endloop
  endfacet
  facet normal -0.290182 0.956971 0
    outer loop
      vertex -51.2494 -34.4706 0
      vertex -51.5683 -34.5673 2.575
      vertex -51.2494 -34.4706 2.575
    endloop
  endfacet
  facet normal -0.290182 0.956971 0
    outer loop
      vertex -51.5683 -34.5673 2.575
      vertex -51.2494 -34.4706 0
      vertex -51.5683 -34.5673 0
    endloop
  endfacet
  facet normal -0.471413 0.881912 0
    outer loop
      vertex -50.9555 -34.3135 0
      vertex -51.2494 -34.4706 2.575
      vertex -50.9555 -34.3135 2.575
    endloop
  endfacet
  facet normal -0.471413 0.881912 0
    outer loop
      vertex -51.2494 -34.4706 2.575
      vertex -50.9555 -34.3135 0
      vertex -51.2494 -34.4706 0
    endloop
  endfacet
  facet normal -0.773021 0.634381 -1.89131e-18
    outer loop
      vertex -50.6979 -34.1021 0
      vertex -50.4865 -33.8445 2.575
      vertex -50.4865 -33.8445 0
    endloop
  endfacet
  facet normal -0.773021 0.634381 -1.89131e-18
    outer loop
      vertex -50.4865 -33.8445 2.575
      vertex -50.6979 -34.1021 0
      vertex -50.6979 -34.1021 2.575
    endloop
  endfacet
  facet normal -0.634381 0.773021 0
    outer loop
      vertex -50.6979 -34.1021 0
      vertex -50.9555 -34.3135 2.575
      vertex -50.6979 -34.1021 2.575
    endloop
  endfacet
  facet normal -0.634381 0.773021 0
    outer loop
      vertex -50.9555 -34.3135 2.575
      vertex -50.6979 -34.1021 0
      vertex -50.9555 -34.3135 0
    endloop
  endfacet
  facet normal -0.956971 0.290182 3.73129e-19
    outer loop
      vertex -50.3294 -33.5506 0
      vertex -50.2327 -33.2317 2.575
      vertex -50.2327 -33.2317 0
    endloop
  endfacet
  facet normal -0.956971 0.290182 3.73129e-19
    outer loop
      vertex -50.2327 -33.2317 2.575
      vertex -50.3294 -33.5506 0
      vertex -50.3294 -33.5506 2.575
    endloop
  endfacet
  facet normal 0.471413 0.881912 -0
    outer loop
      vertex -52.5506 -34.4706 0
      vertex -52.8445 -34.3135 2.575
      vertex -52.5506 -34.4706 2.575
    endloop
  endfacet
  facet normal 0.471413 0.881912 0
    outer loop
      vertex -52.8445 -34.3135 2.575
      vertex -52.5506 -34.4706 0
      vertex -52.8445 -34.3135 0
    endloop
  endfacet
  facet normal 0.0981075 0.995176 -0
    outer loop
      vertex -51.9 -34.6 0
      vertex -52.2317 -34.5673 2.575
      vertex -51.9 -34.6 2.575
    endloop
  endfacet
  facet normal 0.0981075 0.995176 0
    outer loop
      vertex -52.2317 -34.5673 2.575
      vertex -51.9 -34.6 0
      vertex -52.2317 -34.5673 0
    endloop
  endfacet
  facet normal -0.649396 -0.76045 0
    outer loop
      vertex -49.8428 -30.0684 2.575
      vertex -49.4251 -30.4251 5
      vertex -49.8428 -30.0684 5
    endloop
  endfacet
  facet normal -0.649396 -0.76045 -0
    outer loop
      vertex -49.4251 -30.4251 5
      vertex -49.8428 -30.0684 2.575
      vertex -49.4251 -30.4251 2.575
    endloop
  endfacet
  facet normal 0.972381 -0.2334 4.91948e-18
    outer loop
      vertex -55.3569 -32.3525 5
      vertex -55.2287 -31.8184 2.575
      vertex -55.2287 -31.8184 5
    endloop
  endfacet
  facet normal 0.972381 -0.2334 4.91948e-18
    outer loop
      vertex -55.2287 -31.8184 2.575
      vertex -55.3569 -32.3525 5
      vertex -55.3569 -32.3525 2.575
    endloop
  endfacet
  facet normal 0.2334 0.972381 -0
    outer loop
      vertex -52.4475 -36.3569 2.575
      vertex -52.9816 -36.2287 5
      vertex -52.4475 -36.3569 5
    endloop
  endfacet
  facet normal 0.2334 0.972381 0
    outer loop
      vertex -52.9816 -36.2287 5
      vertex -52.4475 -36.3569 2.575
      vertex -52.9816 -36.2287 2.575
    endloop
  endfacet
  facet normal 0.2334 -0.972381 0
    outer loop
      vertex -52.9816 -29.5713 2.575
      vertex -52.4475 -29.4431 5
      vertex -52.9816 -29.5713 5
    endloop
  endfacet
  facet normal 0.2334 -0.972381 0
    outer loop
      vertex -52.4475 -29.4431 5
      vertex -52.9816 -29.5713 2.575
      vertex -52.4475 -29.4431 2.575
    endloop
  endfacet
  facet normal 0.923861 -0.382727 -1.94865e-18
    outer loop
      vertex -55.2287 -31.8184 5
      vertex -55.0185 -31.311 2.575
      vertex -55.0185 -31.311 5
    endloop
  endfacet
  facet normal 0.923861 -0.382727 -1.94865e-18
    outer loop
      vertex -55.0185 -31.311 2.575
      vertex -55.2287 -31.8184 5
      vertex -55.2287 -31.8184 2.575
    endloop
  endfacet
  facet normal -0.923861 0.382727 -3.91256e-18
    outer loop
      vertex -48.7815 -34.489 2.575
      vertex -48.5713 -33.9816 5
      vertex -48.5713 -33.9816 2.575
    endloop
  endfacet
  facet normal -0.923861 0.382727 -3.91256e-18
    outer loop
      vertex -48.5713 -33.9816 5
      vertex -48.7815 -34.489 2.575
      vertex -48.7815 -34.489 5
    endloop
  endfacet
  facet normal 0.382727 0.923861 -0
    outer loop
      vertex -52.9816 -36.2287 2.575
      vertex -53.489 -36.0185 5
      vertex -52.9816 -36.2287 5
    endloop
  endfacet
  facet normal 0.382727 0.923861 0
    outer loop
      vertex -53.489 -36.0185 5
      vertex -52.9816 -36.2287 2.575
      vertex -53.489 -36.0185 2.575
    endloop
  endfacet
  facet normal -0.972381 -0.2334 -4.91948e-18
    outer loop
      vertex -48.4431 -32.3525 2.575
      vertex -48.5713 -31.8184 5
      vertex -48.5713 -31.8184 2.575
    endloop
  endfacet
  facet normal -0.972381 -0.2334 -4.91948e-18
    outer loop
      vertex -48.5713 -31.8184 5
      vertex -48.4431 -32.3525 2.575
      vertex -48.4431 -32.3525 5
    endloop
  endfacet
  facet normal -0.923861 -0.382727 1.94865e-18
    outer loop
      vertex -48.5713 -31.8184 2.575
      vertex -48.7815 -31.311 5
      vertex -48.7815 -31.311 2.575
    endloop
  endfacet
  facet normal -0.923861 -0.382727 1.94865e-18
    outer loop
      vertex -48.7815 -31.311 5
      vertex -48.5713 -31.8184 2.575
      vertex -48.5713 -31.8184 5
    endloop
  endfacet
  facet normal -0.852651 -0.522481 -9.30239e-18
    outer loop
      vertex -48.7815 -31.311 2.575
      vertex -49.0684 -30.8428 5
      vertex -49.0684 -30.8428 2.575
    endloop
  endfacet
  facet normal -0.852651 -0.522481 -9.30239e-18
    outer loop
      vertex -49.0684 -30.8428 5
      vertex -48.7815 -31.311 2.575
      vertex -48.7815 -31.311 5
    endloop
  endfacet
  facet normal -0.76045 -0.649396 -2.42154e-18
    outer loop
      vertex -49.0684 -30.8428 2.575
      vertex -49.4251 -30.4251 5
      vertex -49.4251 -30.4251 2.575
    endloop
  endfacet
  facet normal -0.76045 -0.649396 -2.42154e-18
    outer loop
      vertex -49.4251 -30.4251 5
      vertex -49.0684 -30.8428 2.575
      vertex -49.0684 -30.8428 5
    endloop
  endfacet
  facet normal -0.382727 -0.923861 0
    outer loop
      vertex -50.8184 -29.5713 2.575
      vertex -50.311 -29.7815 5
      vertex -50.8184 -29.5713 5
    endloop
  endfacet
  facet normal -0.382727 -0.923861 -0
    outer loop
      vertex -50.311 -29.7815 5
      vertex -50.8184 -29.5713 2.575
      vertex -50.311 -29.7815 2.575
    endloop
  endfacet
  facet normal -0.0784787 -0.996916 0
    outer loop
      vertex -51.9 -29.4 2.575
      vertex -51.3525 -29.4431 5
      vertex -51.9 -29.4 5
    endloop
  endfacet
  facet normal -0.0784787 -0.996916 -0
    outer loop
      vertex -51.3525 -29.4431 5
      vertex -51.9 -29.4 2.575
      vertex -51.3525 -29.4431 2.575
    endloop
  endfacet
  facet normal 0.996916 -0.0784787 3.68885e-19
    outer loop
      vertex -55.4 -32.9 5
      vertex -55.3569 -32.3525 2.575
      vertex -55.3569 -32.3525 5
    endloop
  endfacet
  facet normal 0.996916 -0.0784787 3.68885e-19
    outer loop
      vertex -55.3569 -32.3525 2.575
      vertex -55.4 -32.9 5
      vertex -55.4 -32.9 2.575
    endloop
  endfacet
  facet normal 0.76045 -0.649396 2.42154e-18
    outer loop
      vertex -54.7316 -30.8428 5
      vertex -54.3749 -30.4251 2.575
      vertex -54.3749 -30.4251 5
    endloop
  endfacet
  facet normal 0.76045 -0.649396 2.42154e-18
    outer loop
      vertex -54.3749 -30.4251 2.575
      vertex -54.7316 -30.8428 5
      vertex -54.7316 -30.8428 2.575
    endloop
  endfacet
  facet normal 0.0784787 -0.996916 0
    outer loop
      vertex -52.4475 -29.4431 2.575
      vertex -51.9 -29.4 5
      vertex -52.4475 -29.4431 5
    endloop
  endfacet
  facet normal 0.0784787 -0.996916 0
    outer loop
      vertex -51.9 -29.4 5
      vertex -52.4475 -29.4431 2.575
      vertex -51.9 -29.4 2.575
    endloop
  endfacet
  facet normal 0.649396 -0.76045 0
    outer loop
      vertex -54.3749 -30.4251 2.575
      vertex -53.9572 -30.0684 5
      vertex -54.3749 -30.4251 5
    endloop
  endfacet
  facet normal 0.649396 -0.76045 0
    outer loop
      vertex -53.9572 -30.0684 5
      vertex -54.3749 -30.4251 2.575
      vertex -53.9572 -30.0684 2.575
    endloop
  endfacet
  facet normal -0.996916 -0.0784787 3.61253e-19
    outer loop
      vertex -48.4 -32.9 2.575
      vertex -48.4431 -32.3525 5
      vertex -48.4431 -32.3525 2.575
    endloop
  endfacet
  facet normal -0.996916 -0.0784787 3.61253e-19
    outer loop
      vertex -48.4431 -32.3525 5
      vertex -48.4 -32.9 2.575
      vertex -48.4 -32.9 5
    endloop
  endfacet
  facet normal -0.0784787 0.996916 0
    outer loop
      vertex -51.3525 -36.3569 2.575
      vertex -51.9 -36.4 5
      vertex -51.3525 -36.3569 5
    endloop
  endfacet
  facet normal -0.0784787 0.996916 0
    outer loop
      vertex -51.9 -36.4 5
      vertex -51.3525 -36.3569 2.575
      vertex -51.9 -36.4 2.575
    endloop
  endfacet
  facet normal -0.2334 0.972381 0
    outer loop
      vertex -50.8184 -36.2287 2.575
      vertex -51.3525 -36.3569 5
      vertex -50.8184 -36.2287 5
    endloop
  endfacet
  facet normal -0.2334 0.972381 0
    outer loop
      vertex -51.3525 -36.3569 5
      vertex -50.8184 -36.2287 2.575
      vertex -51.3525 -36.3569 2.575
    endloop
  endfacet
  facet normal -0.76045 0.649396 -4.71081e-18
    outer loop
      vertex -49.4251 -35.3749 2.575
      vertex -49.0684 -34.9572 5
      vertex -49.0684 -34.9572 2.575
    endloop
  endfacet
  facet normal -0.76045 0.649396 -4.71081e-18
    outer loop
      vertex -49.0684 -34.9572 5
      vertex -49.4251 -35.3749 2.575
      vertex -49.4251 -35.3749 5
    endloop
  endfacet
  facet normal 0.0784787 0.996916 -0
    outer loop
      vertex -51.9 -36.4 2.575
      vertex -52.4475 -36.3569 5
      vertex -51.9 -36.4 5
    endloop
  endfacet
  facet normal 0.0784787 0.996916 0
    outer loop
      vertex -52.4475 -36.3569 5
      vertex -51.9 -36.4 2.575
      vertex -52.4475 -36.3569 2.575
    endloop
  endfacet
  facet normal 0.649396 0.76045 -0
    outer loop
      vertex -53.9572 -35.7316 2.575
      vertex -54.3749 -35.3749 5
      vertex -53.9572 -35.7316 5
    endloop
  endfacet
  facet normal 0.649396 0.76045 0
    outer loop
      vertex -54.3749 -35.3749 5
      vertex -53.9572 -35.7316 2.575
      vertex -54.3749 -35.3749 2.575
    endloop
  endfacet
  facet normal 0.996916 0.0784787 -3.68885e-19
    outer loop
      vertex -55.3569 -33.4475 5
      vertex -55.4 -32.9 2.575
      vertex -55.4 -32.9 5
    endloop
  endfacet
  facet normal 0.996916 0.0784787 -3.68885e-19
    outer loop
      vertex -55.4 -32.9 2.575
      vertex -55.3569 -33.4475 5
      vertex -55.3569 -33.4475 2.575
    endloop
  endfacet
  facet normal 0 0 1
    outer loop
      vertex -50.2 -32.9 2.575
      vertex -48.4 -32.9 2.575
      vertex -48.4431 -32.3525 2.575
    endloop
  endfacet
  facet normal 0 0 1
    outer loop
      vertex -50.2327 -32.5683 2.575
      vertex -48.4431 -32.3525 2.575
      vertex -48.5713 -31.8184 2.575
    endloop
  endfacet
  facet normal 0 0 1
    outer loop
      vertex -48.4 -32.9 2.575
      vertex -50.2 -32.9 2.575
      vertex -48.4431 -33.4475 2.575
    endloop
  endfacet
  facet normal 0 0 1
    outer loop
      vertex -50.3294 -32.2494 2.575
      vertex -48.5713 -31.8184 2.575
      vertex -48.7815 -31.311 2.575
    endloop
  endfacet
  facet normal -0 0 1
    outer loop
      vertex -50.2327 -33.2317 2.575
      vertex -48.4431 -33.4475 2.575
      vertex -50.2 -32.9 2.575
    endloop
  endfacet
  facet normal 0 0 1
    outer loop
      vertex -50.4865 -31.9555 2.575
      vertex -48.7815 -31.311 2.575
      vertex -49.0684 -30.8428 2.575
    endloop
  endfacet
  facet normal 0 0 1
    outer loop
      vertex -48.4431 -33.4475 2.575
      vertex -50.2327 -33.2317 2.575
      vertex -48.5713 -33.9816 2.575
    endloop
  endfacet
  facet normal 0 0 1
    outer loop
      vertex -50.6979 -31.6979 2.575
      vertex -49.0684 -30.8428 2.575
      vertex -49.4251 -30.4251 2.575
    endloop
  endfacet
  facet normal -0 0 1
    outer loop
      vertex -50.3294 -33.5506 2.575
      vertex -48.5713 -33.9816 2.575
      vertex -50.2327 -33.2317 2.575
    endloop
  endfacet
  facet normal 0 0 1
    outer loop
      vertex -50.6979 -31.6979 2.575
      vertex -49.4251 -30.4251 2.575
      vertex -49.8428 -30.0684 2.575
    endloop
  endfacet
  facet normal 0 0 1
    outer loop
      vertex -48.5713 -33.9816 2.575
      vertex -50.3294 -33.5506 2.575
      vertex -48.7815 -34.489 2.575
    endloop
  endfacet
  facet normal -0 0 1
    outer loop
      vertex -50.4865 -33.8445 2.575
      vertex -48.7815 -34.489 2.575
      vertex -50.3294 -33.5506 2.575
    endloop
  endfacet
  facet normal 0 0 1
    outer loop
      vertex -48.4431 -32.3525 2.575
      vertex -50.2327 -32.5683 2.575
      vertex -50.2 -32.9 2.575
    endloop
  endfacet
  facet normal 0 0 1
    outer loop
      vertex -50.9555 -31.4865 2.575
      vertex -49.8428 -30.0684 2.575
      vertex -50.311 -29.7815 2.575
    endloop
  endfacet
  facet normal 0 0 1
    outer loop
      vertex -48.5713 -31.8184 2.575
      vertex -50.3294 -32.2494 2.575
      vertex -50.2327 -32.5683 2.575
    endloop
  endfacet
  facet normal 0 0 1
    outer loop
      vertex -48.7815 -31.311 2.575
      vertex -50.4865 -31.9555 2.575
      vertex -50.3294 -32.2494 2.575
    endloop
  endfacet
  facet normal 0 0 1
    outer loop
      vertex -49.0684 -30.8428 2.575
      vertex -50.6979 -31.6979 2.575
      vertex -50.4865 -31.9555 2.575
    endloop
  endfacet
  facet normal 0 0 1
    outer loop
      vertex -51.2494 -31.3294 2.575
      vertex -50.311 -29.7815 2.575
      vertex -50.8184 -29.5713 2.575
    endloop
  endfacet
  facet normal 0 0 1
    outer loop
      vertex -49.8428 -30.0684 2.575
      vertex -50.9555 -31.4865 2.575
      vertex -50.6979 -31.6979 2.575
    endloop
  endfacet
  facet normal 0 0 1
    outer loop
      vertex -50.311 -29.7815 2.575
      vertex -51.2494 -31.3294 2.575
      vertex -50.9555 -31.4865 2.575
    endloop
  endfacet
  facet normal 0 0 1
    outer loop
      vertex -51.5683 -31.2327 2.575
      vertex -50.8184 -29.5713 2.575
      vertex -51.3525 -29.4431 2.575
    endloop
  endfacet
  facet normal 0 0 1
    outer loop
      vertex -50.8184 -29.5713 2.575
      vertex -51.5683 -31.2327 2.575
      vertex -51.2494 -31.3294 2.575
    endloop
  endfacet
  facet normal 0 0 1
    outer loop
      vertex -51.9 -31.2 2.575
      vertex -51.3525 -29.4431 2.575
      vertex -51.9 -29.4 2.575
    endloop
  endfacet
  facet normal 0 0 1
    outer loop
      vertex -51.3525 -29.4431 2.575
      vertex -51.9 -31.2 2.575
      vertex -51.5683 -31.2327 2.575
    endloop
  endfacet
  facet normal -0 0 1
    outer loop
      vertex -52.4475 -29.4431 2.575
      vertex -51.9 -31.2 2.575
      vertex -51.9 -29.4 2.575
    endloop
  endfacet
  facet normal 0 0 1
    outer loop
      vertex -51.9 -31.2 2.575
      vertex -52.4475 -29.4431 2.575
      vertex -52.2317 -31.2327 2.575
    endloop
  endfacet
  facet normal -0 0 1
    outer loop
      vertex -52.9816 -29.5713 2.575
      vertex -52.2317 -31.2327 2.575
      vertex -52.4475 -29.4431 2.575
    endloop
  endfacet
  facet normal 0 0 1
    outer loop
      vertex -52.2317 -31.2327 2.575
      vertex -52.9816 -29.5713 2.575
      vertex -52.5506 -31.3294 2.575
    endloop
  endfacet
  facet normal -0 0 1
    outer loop
      vertex -53.489 -29.7815 2.575
      vertex -52.5506 -31.3294 2.575
      vertex -52.9816 -29.5713 2.575
    endloop
  endfacet
  facet normal 0 0 1
    outer loop
      vertex -52.5506 -31.3294 2.575
      vertex -53.489 -29.7815 2.575
      vertex -52.8445 -31.4865 2.575
    endloop
  endfacet
  facet normal -0 0 1
    outer loop
      vertex -53.9572 -30.0684 2.575
      vertex -52.8445 -31.4865 2.575
      vertex -53.489 -29.7815 2.575
    endloop
  endfacet
  facet normal 0 0 1
    outer loop
      vertex -52.8445 -31.4865 2.575
      vertex -53.9572 -30.0684 2.575
      vertex -53.1021 -31.6979 2.575
    endloop
  endfacet
  facet normal -0 0 1
    outer loop
      vertex -54.3749 -30.4251 2.575
      vertex -53.1021 -31.6979 2.575
      vertex -53.9572 -30.0684 2.575
    endloop
  endfacet
  facet normal -0 0 1
    outer loop
      vertex -54.7316 -30.8428 2.575
      vertex -53.1021 -31.6979 2.575
      vertex -54.3749 -30.4251 2.575
    endloop
  endfacet
  facet normal 0 0 1
    outer loop
      vertex -53.1021 -31.6979 2.575
      vertex -54.7316 -30.8428 2.575
      vertex -53.3135 -31.9555 2.575
    endloop
  endfacet
  facet normal -0 0 1
    outer loop
      vertex -55.0185 -31.311 2.575
      vertex -53.3135 -31.9555 2.575
      vertex -54.7316 -30.8428 2.575
    endloop
  endfacet
  facet normal 0 0 1
    outer loop
      vertex -48.7815 -34.489 2.575
      vertex -50.4865 -33.8445 2.575
      vertex -49.0684 -34.9572 2.575
    endloop
  endfacet
  facet normal -0 0 1
    outer loop
      vertex -50.6979 -34.1021 2.575
      vertex -49.0684 -34.9572 2.575
      vertex -50.4865 -33.8445 2.575
    endloop
  endfacet
  facet normal 0 0 1
    outer loop
      vertex -49.0684 -34.9572 2.575
      vertex -50.6979 -34.1021 2.575
      vertex -49.4251 -35.3749 2.575
    endloop
  endfacet
  facet normal 0 0 1
    outer loop
      vertex -49.4251 -35.3749 2.575
      vertex -50.6979 -34.1021 2.575
      vertex -49.8428 -35.7316 2.575
    endloop
  endfacet
  facet normal -0 0 1
    outer loop
      vertex -50.9555 -34.3135 2.575
      vertex -49.8428 -35.7316 2.575
      vertex -50.6979 -34.1021 2.575
    endloop
  endfacet
  facet normal 0 0 1
    outer loop
      vertex -49.8428 -35.7316 2.575
      vertex -50.9555 -34.3135 2.575
      vertex -50.311 -36.0185 2.575
    endloop
  endfacet
  facet normal -0 0 1
    outer loop
      vertex -51.2494 -34.4706 2.575
      vertex -50.311 -36.0185 2.575
      vertex -50.9555 -34.3135 2.575
    endloop
  endfacet
  facet normal 0 0 1
    outer loop
      vertex -50.311 -36.0185 2.575
      vertex -51.2494 -34.4706 2.575
      vertex -50.8184 -36.2287 2.575
    endloop
  endfacet
  facet normal -0 0 1
    outer loop
      vertex -51.5683 -34.5673 2.575
      vertex -50.8184 -36.2287 2.575
      vertex -51.2494 -34.4706 2.575
    endloop
  endfacet
  facet normal 0 0 1
    outer loop
      vertex -50.8184 -36.2287 2.575
      vertex -51.5683 -34.5673 2.575
      vertex -51.3525 -36.3569 2.575
    endloop
  endfacet
  facet normal -0 0 1
    outer loop
      vertex -51.9 -34.6 2.575
      vertex -51.3525 -36.3569 2.575
      vertex -51.5683 -34.5673 2.575
    endloop
  endfacet
  facet normal 0 0 1
    outer loop
      vertex -51.9 -34.6 2.575
      vertex -51.9 -36.4 2.575
      vertex -51.3525 -36.3569 2.575
    endloop
  endfacet
  facet normal 0 0 1
    outer loop
      vertex -52.4475 -36.3569 2.575
      vertex -51.9 -34.6 2.575
      vertex -52.2317 -34.5673 2.575
    endloop
  endfacet
  facet normal 0 0 1
    outer loop
      vertex -51.9 -34.6 2.575
      vertex -52.4475 -36.3569 2.575
      vertex -51.9 -36.4 2.575
    endloop
  endfacet
  facet normal 0 0 1
    outer loop
      vertex -52.9816 -36.2287 2.575
      vertex -52.2317 -34.5673 2.575
      vertex -52.5506 -34.4706 2.575
    endloop
  endfacet
  facet normal 0 0 1
    outer loop
      vertex -53.489 -36.0185 2.575
      vertex -52.5506 -34.4706 2.575
      vertex -52.8445 -34.3135 2.575
    endloop
  endfacet
  facet normal 0 0 1
    outer loop
      vertex -52.2317 -34.5673 2.575
      vertex -52.9816 -36.2287 2.575
      vertex -52.4475 -36.3569 2.575
    endloop
  endfacet
  facet normal 0 0 1
    outer loop
      vertex -53.9572 -35.7316 2.575
      vertex -52.8445 -34.3135 2.575
      vertex -53.1021 -34.1021 2.575
    endloop
  endfacet
  facet normal 0 0 1
    outer loop
      vertex -54.7316 -34.9572 2.575
      vertex -53.1021 -34.1021 2.575
      vertex -53.3135 -33.8445 2.575
    endloop
  endfacet
  facet normal 0 0 1
    outer loop
      vertex -55.0185 -34.489 2.575
      vertex -53.3135 -33.8445 2.575
      vertex -53.4706 -33.5506 2.575
    endloop
  endfacet
  facet normal 0 0 1
    outer loop
      vertex -52.5506 -34.4706 2.575
      vertex -53.489 -36.0185 2.575
      vertex -52.9816 -36.2287 2.575
    endloop
  endfacet
  facet normal 0 0 1
    outer loop
      vertex -55.2287 -33.9816 2.575
      vertex -53.4706 -33.5506 2.575
      vertex -53.5673 -33.2317 2.575
    endloop
  endfacet
  facet normal 0 0 1
    outer loop
      vertex -55.3569 -33.4475 2.575
      vertex -53.5673 -33.2317 2.575
      vertex -53.6 -32.9 2.575
    endloop
  endfacet
  facet normal 0 0 1
    outer loop
      vertex -53.3135 -31.9555 2.575
      vertex -55.0185 -31.311 2.575
      vertex -53.4706 -32.2494 2.575
    endloop
  endfacet
  facet normal 0 0 1
    outer loop
      vertex -52.8445 -34.3135 2.575
      vertex -53.9572 -35.7316 2.575
      vertex -53.489 -36.0185 2.575
    endloop
  endfacet
  facet normal -0 0 1
    outer loop
      vertex -55.2287 -31.8184 2.575
      vertex -53.4706 -32.2494 2.575
      vertex -55.0185 -31.311 2.575
    endloop
  endfacet
  facet normal 0 0 1
    outer loop
      vertex -53.1021 -34.1021 2.575
      vertex -54.3749 -35.3749 2.575
      vertex -53.9572 -35.7316 2.575
    endloop
  endfacet
  facet normal 0 0 1
    outer loop
      vertex -53.4706 -32.2494 2.575
      vertex -55.2287 -31.8184 2.575
      vertex -53.5673 -32.5683 2.575
    endloop
  endfacet
  facet normal 0 0 1
    outer loop
      vertex -53.1021 -34.1021 2.575
      vertex -54.7316 -34.9572 2.575
      vertex -54.3749 -35.3749 2.575
    endloop
  endfacet
  facet normal -0 0 1
    outer loop
      vertex -55.3569 -32.3525 2.575
      vertex -53.5673 -32.5683 2.575
      vertex -55.2287 -31.8184 2.575
    endloop
  endfacet
  facet normal 0 0 1
    outer loop
      vertex -53.3135 -33.8445 2.575
      vertex -55.0185 -34.489 2.575
      vertex -54.7316 -34.9572 2.575
    endloop
  endfacet
  facet normal 0 0 1
    outer loop
      vertex -53.5673 -32.5683 2.575
      vertex -55.3569 -32.3525 2.575
      vertex -53.6 -32.9 2.575
    endloop
  endfacet
  facet normal 0 0 1
    outer loop
      vertex -53.4706 -33.5506 2.575
      vertex -55.2287 -33.9816 2.575
      vertex -55.0185 -34.489 2.575
    endloop
  endfacet
  facet normal 0 0 1
    outer loop
      vertex -55.4 -32.9 2.575
      vertex -53.6 -32.9 2.575
      vertex -55.3569 -32.3525 2.575
    endloop
  endfacet
  facet normal 0 0 1
    outer loop
      vertex -53.5673 -33.2317 2.575
      vertex -55.3569 -33.4475 2.575
      vertex -55.2287 -33.9816 2.575
    endloop
  endfacet
  facet normal 0 0 1
    outer loop
      vertex -53.6 -32.9 2.575
      vertex -55.4 -32.9 2.575
      vertex -55.3569 -33.4475 2.575
    endloop
  endfacet
  facet normal -0.522481 -0.852651 0
    outer loop
      vertex -50.311 -29.7815 2.575
      vertex -49.8428 -30.0684 5
      vertex -50.311 -29.7815 5
    endloop
  endfacet
  facet normal -0.522481 -0.852651 -0
    outer loop
      vertex -49.8428 -30.0684 5
      vertex -50.311 -29.7815 2.575
      vertex -49.8428 -30.0684 2.575
    endloop
  endfacet
  facet normal -0.2334 -0.972381 0
    outer loop
      vertex -51.3525 -29.4431 2.575
      vertex -50.8184 -29.5713 5
      vertex -51.3525 -29.4431 5
    endloop
  endfacet
  facet normal -0.2334 -0.972381 -0
    outer loop
      vertex -50.8184 -29.5713 5
      vertex -51.3525 -29.4431 2.575
      vertex -50.8184 -29.5713 2.575
    endloop
  endfacet
  facet normal 0.852651 -0.522481 -8.61031e-18
    outer loop
      vertex -55.0185 -31.311 5
      vertex -54.7316 -30.8428 2.575
      vertex -54.7316 -30.8428 5
    endloop
  endfacet
  facet normal 0.852651 -0.522481 -8.61031e-18
    outer loop
      vertex -54.7316 -30.8428 2.575
      vertex -55.0185 -31.311 5
      vertex -55.0185 -31.311 2.575
    endloop
  endfacet
  facet normal 0.522481 -0.852651 0
    outer loop
      vertex -53.9572 -30.0684 2.575
      vertex -53.489 -29.7815 5
      vertex -53.9572 -30.0684 5
    endloop
  endfacet
  facet normal 0.522481 -0.852651 0
    outer loop
      vertex -53.489 -29.7815 5
      vertex -53.9572 -30.0684 2.575
      vertex -53.489 -29.7815 2.575
    endloop
  endfacet
  facet normal 0.382727 -0.923861 0
    outer loop
      vertex -53.489 -29.7815 2.575
      vertex -52.9816 -29.5713 5
      vertex -53.489 -29.7815 5
    endloop
  endfacet
  facet normal 0.382727 -0.923861 0
    outer loop
      vertex -52.9816 -29.5713 5
      vertex -53.489 -29.7815 2.575
      vertex -52.9816 -29.5713 2.575
    endloop
  endfacet
  facet normal -0.972381 0.2334 -3.61202e-18
    outer loop
      vertex -48.5713 -33.9816 2.575
      vertex -48.4431 -33.4475 5
      vertex -48.4431 -33.4475 2.575
    endloop
  endfacet
  facet normal -0.972381 0.2334 -3.61202e-18
    outer loop
      vertex -48.4431 -33.4475 5
      vertex -48.5713 -33.9816 2.575
      vertex -48.5713 -33.9816 5
    endloop
  endfacet
  facet normal -0.649396 0.76045 0
    outer loop
      vertex -49.4251 -35.3749 2.575
      vertex -49.8428 -35.7316 5
      vertex -49.4251 -35.3749 5
    endloop
  endfacet
  facet normal -0.649396 0.76045 0
    outer loop
      vertex -49.8428 -35.7316 5
      vertex -49.4251 -35.3749 2.575
      vertex -49.8428 -35.7316 2.575
    endloop
  endfacet
  facet normal -0.382727 0.923861 0
    outer loop
      vertex -50.311 -36.0185 2.575
      vertex -50.8184 -36.2287 5
      vertex -50.311 -36.0185 5
    endloop
  endfacet
  facet normal -0.382727 0.923861 0
    outer loop
      vertex -50.8184 -36.2287 5
      vertex -50.311 -36.0185 2.575
      vertex -50.8184 -36.2287 2.575
    endloop
  endfacet
  facet normal -0.852651 0.522481 -5.77074e-18
    outer loop
      vertex -49.0684 -34.9572 2.575
      vertex -48.7815 -34.489 5
      vertex -48.7815 -34.489 2.575
    endloop
  endfacet
  facet normal -0.852651 0.522481 -5.77074e-18
    outer loop
      vertex -48.7815 -34.489 5
      vertex -49.0684 -34.9572 2.575
      vertex -49.0684 -34.9572 5
    endloop
  endfacet
  facet normal 0.522481 0.852651 -0
    outer loop
      vertex -53.489 -36.0185 2.575
      vertex -53.9572 -35.7316 5
      vertex -53.489 -36.0185 5
    endloop
  endfacet
  facet normal 0.522481 0.852651 0
    outer loop
      vertex -53.9572 -35.7316 5
      vertex -53.489 -36.0185 2.575
      vertex -53.9572 -35.7316 2.575
    endloop
  endfacet
  facet normal 0.972381 0.2334 3.61202e-18
    outer loop
      vertex -55.2287 -33.9816 5
      vertex -55.3569 -33.4475 2.575
      vertex -55.3569 -33.4475 5
    endloop
  endfacet
  facet normal 0.972381 0.2334 3.61202e-18
    outer loop
      vertex -55.3569 -33.4475 2.575
      vertex -55.2287 -33.9816 5
      vertex -55.2287 -33.9816 2.575
    endloop
  endfacet
  facet normal 0.76045 0.649396 4.71081e-18
    outer loop
      vertex -54.3749 -35.3749 5
      vertex -54.7316 -34.9572 2.575
      vertex -54.7316 -34.9572 5
    endloop
  endfacet
  facet normal 0.76045 0.649396 4.71081e-18
    outer loop
      vertex -54.7316 -34.9572 2.575
      vertex -54.3749 -35.3749 5
      vertex -54.3749 -35.3749 2.575
    endloop
  endfacet
  facet normal 0.923861 0.382727 3.91256e-18
    outer loop
      vertex -55.0185 -34.489 5
      vertex -55.2287 -33.9816 2.575
      vertex -55.2287 -33.9816 5
    endloop
  endfacet
  facet normal 0.923861 0.382727 3.91256e-18
    outer loop
      vertex -55.2287 -33.9816 2.575
      vertex -55.0185 -34.489 5
      vertex -55.0185 -34.489 2.575
    endloop
  endfacet
  facet normal -0.996916 0.0784787 -3.61253e-19
    outer loop
      vertex -48.4431 -33.4475 2.575
      vertex -48.4 -32.9 5
      vertex -48.4 -32.9 2.575
    endloop
  endfacet
  facet normal -0.996916 0.0784787 -3.61253e-19
    outer loop
      vertex -48.4 -32.9 5
      vertex -48.4431 -33.4475 2.575
      vertex -48.4431 -33.4475 5
    endloop
  endfacet
  facet normal -0.522481 0.852651 0
    outer loop
      vertex -49.8428 -35.7316 2.575
      vertex -50.311 -36.0185 5
      vertex -49.8428 -35.7316 5
    endloop
  endfacet
  facet normal -0.522481 0.852651 0
    outer loop
      vertex -50.311 -36.0185 5
      vertex -49.8428 -35.7316 2.575
      vertex -50.311 -36.0185 2.575
    endloop
  endfacet
  facet normal 0.852651 0.522481 2.83957e-18
    outer loop
      vertex -54.7316 -34.9572 5
      vertex -55.0185 -34.489 2.575
      vertex -55.0185 -34.489 5
    endloop
  endfacet
  facet normal 0.852651 0.522481 2.83957e-18
    outer loop
      vertex -55.0185 -34.489 2.575
      vertex -54.7316 -34.9572 5
      vertex -54.7316 -34.9572 2.575
    endloop
  endfacet
  facet normal -0.995176 -0.0981075 -4.03646e-19
    outer loop
      vertex -50.2 32.9 0
      vertex -50.2327 33.2317 2.575
      vertex -50.2327 33.2317 0
    endloop
  endfacet
  facet normal -0.995176 -0.0981075 -4.03646e-19
    outer loop
      vertex -50.2327 33.2317 2.575
      vertex -50.2 32.9 0
      vertex -50.2 32.9 2.575
    endloop
  endfacet
  facet normal 0.995176 -0.0981075 4.03646e-19
    outer loop
      vertex -53.6 32.9 2.575
      vertex -53.5673 33.2317 0
      vertex -53.5673 33.2317 2.575
    endloop
  endfacet
  facet normal 0.995176 -0.0981075 4.03646e-19
    outer loop
      vertex -53.5673 33.2317 0
      vertex -53.6 32.9 2.575
      vertex -53.6 32.9 0
    endloop
  endfacet
  facet normal -0.0981075 -0.995176 0
    outer loop
      vertex -51.9 34.6 0
      vertex -51.5683 34.5673 2.575
      vertex -51.9 34.6 2.575
    endloop
  endfacet
  facet normal -0.0981075 -0.995176 -0
    outer loop
      vertex -51.5683 34.5673 2.575
      vertex -51.9 34.6 0
      vertex -51.5683 34.5673 0
    endloop
  endfacet
  facet normal -0.0981075 0.995176 0
    outer loop
      vertex -51.5683 31.2327 0
      vertex -51.9 31.2 2.575
      vertex -51.5683 31.2327 2.575
    endloop
  endfacet
  facet normal -0.0981075 0.995176 0
    outer loop
      vertex -51.9 31.2 2.575
      vertex -51.5683 31.2327 0
      vertex -51.9 31.2 0
    endloop
  endfacet
  facet normal -0.773021 -0.634381 1.89131e-18
    outer loop
      vertex -50.4865 33.8445 0
      vertex -50.6979 34.1021 2.575
      vertex -50.6979 34.1021 0
    endloop
  endfacet
  facet normal -0.773021 -0.634381 1.89131e-18
    outer loop
      vertex -50.6979 34.1021 2.575
      vertex -50.4865 33.8445 0
      vertex -50.4865 33.8445 2.575
    endloop
  endfacet
  facet normal 0.634381 -0.773021 0
    outer loop
      vertex -53.1021 34.1021 0
      vertex -52.8445 34.3135 2.575
      vertex -53.1021 34.1021 2.575
    endloop
  endfacet
  facet normal 0.634381 -0.773021 0
    outer loop
      vertex -52.8445 34.3135 2.575
      vertex -53.1021 34.1021 0
      vertex -52.8445 34.3135 0
    endloop
  endfacet
  facet normal 0.290182 -0.956971 0
    outer loop
      vertex -52.5506 34.4706 0
      vertex -52.2317 34.5673 2.575
      vertex -52.5506 34.4706 2.575
    endloop
  endfacet
  facet normal 0.290182 -0.956971 0
    outer loop
      vertex -52.2317 34.5673 2.575
      vertex -52.5506 34.4706 0
      vertex -52.2317 34.5673 0
    endloop
  endfacet
  facet normal -0.881912 0.471413 -2.87041e-18
    outer loop
      vertex -50.4865 31.9555 0
      vertex -50.3294 32.2494 2.575
      vertex -50.3294 32.2494 0
    endloop
  endfacet
  facet normal -0.881912 0.471413 -2.87041e-18
    outer loop
      vertex -50.3294 32.2494 2.575
      vertex -50.4865 31.9555 0
      vertex -50.4865 31.9555 2.575
    endloop
  endfacet
  facet normal -0.881912 -0.471413 3.9167e-18
    outer loop
      vertex -50.3294 33.5506 0
      vertex -50.4865 33.8445 2.575
      vertex -50.4865 33.8445 0
    endloop
  endfacet
  facet normal -0.881912 -0.471413 3.9167e-18
    outer loop
      vertex -50.4865 33.8445 2.575
      vertex -50.3294 33.5506 0
      vertex -50.3294 33.5506 2.575
    endloop
  endfacet
  facet normal -0.956971 -0.290182 -3.73129e-19
    outer loop
      vertex -50.2327 33.2317 0
      vertex -50.3294 33.5506 2.575
      vertex -50.3294 33.5506 0
    endloop
  endfacet
  facet normal -0.956971 -0.290182 -3.73129e-19
    outer loop
      vertex -50.3294 33.5506 2.575
      vertex -50.2327 33.2317 0
      vertex -50.2327 33.2317 2.575
    endloop
  endfacet
  facet normal -0.471413 -0.881912 0
    outer loop
      vertex -51.2494 34.4706 0
      vertex -50.9555 34.3135 2.575
      vertex -51.2494 34.4706 2.575
    endloop
  endfacet
  facet normal -0.471413 -0.881912 -0
    outer loop
      vertex -50.9555 34.3135 2.575
      vertex -51.2494 34.4706 0
      vertex -50.9555 34.3135 0
    endloop
  endfacet
  facet normal -0.290182 -0.956971 0
    outer loop
      vertex -51.5683 34.5673 0
      vertex -51.2494 34.4706 2.575
      vertex -51.5683 34.5673 2.575
    endloop
  endfacet
  facet normal -0.290182 -0.956971 -0
    outer loop
      vertex -51.2494 34.4706 2.575
      vertex -51.5683 34.5673 0
      vertex -51.2494 34.4706 0
    endloop
  endfacet
  facet normal -0.634381 -0.773021 0
    outer loop
      vertex -50.9555 34.3135 0
      vertex -50.6979 34.1021 2.575
      vertex -50.9555 34.3135 2.575
    endloop
  endfacet
  facet normal -0.634381 -0.773021 -0
    outer loop
      vertex -50.6979 34.1021 2.575
      vertex -50.9555 34.3135 0
      vertex -50.6979 34.1021 0
    endloop
  endfacet
  facet normal 0.881912 -0.471413 -3.9167e-18
    outer loop
      vertex -53.4706 33.5506 2.575
      vertex -53.3135 33.8445 0
      vertex -53.3135 33.8445 2.575
    endloop
  endfacet
  facet normal 0.881912 -0.471413 -3.9167e-18
    outer loop
      vertex -53.3135 33.8445 0
      vertex -53.4706 33.5506 2.575
      vertex -53.4706 33.5506 0
    endloop
  endfacet
  facet normal 0.773021 -0.634381 -1.89131e-18
    outer loop
      vertex -53.3135 33.8445 2.575
      vertex -53.1021 34.1021 0
      vertex -53.1021 34.1021 2.575
    endloop
  endfacet
  facet normal 0.773021 -0.634381 -1.89131e-18
    outer loop
      vertex -53.1021 34.1021 0
      vertex -53.3135 33.8445 2.575
      vertex -53.3135 33.8445 0
    endloop
  endfacet
  facet normal 0.956971 -0.290182 -6.12011e-20
    outer loop
      vertex -53.5673 33.2317 2.575
      vertex -53.4706 33.5506 0
      vertex -53.4706 33.5506 2.575
    endloop
  endfacet
  facet normal 0.956971 -0.290182 -6.12011e-20
    outer loop
      vertex -53.4706 33.5506 0
      vertex -53.5673 33.2317 2.575
      vertex -53.5673 33.2317 0
    endloop
  endfacet
  facet normal 0.471413 -0.881912 0
    outer loop
      vertex -52.8445 34.3135 0
      vertex -52.5506 34.4706 2.575
      vertex -52.8445 34.3135 2.575
    endloop
  endfacet
  facet normal 0.471413 -0.881912 0
    outer loop
      vertex -52.5506 34.4706 2.575
      vertex -52.8445 34.3135 0
      vertex -52.5506 34.4706 0
    endloop
  endfacet
  facet normal 0.0981075 -0.995176 0
    outer loop
      vertex -52.2317 34.5673 0
      vertex -51.9 34.6 2.575
      vertex -52.2317 34.5673 2.575
    endloop
  endfacet
  facet normal 0.0981075 -0.995176 0
    outer loop
      vertex -51.9 34.6 2.575
      vertex -52.2317 34.5673 0
      vertex -51.9 34.6 0
    endloop
  endfacet
  facet normal -0.995176 0.0981075 4.03646e-19
    outer loop
      vertex -50.2327 32.5683 0
      vertex -50.2 32.9 2.575
      vertex -50.2 32.9 0
    endloop
  endfacet
  facet normal -0.995176 0.0981075 4.03646e-19
    outer loop
      vertex -50.2 32.9 2.575
      vertex -50.2327 32.5683 0
      vertex -50.2327 32.5683 2.575
    endloop
  endfacet
  facet normal -0.773021 0.634381 2.36908e-20
    outer loop
      vertex -50.6979 31.6979 0
      vertex -50.4865 31.9555 2.575
      vertex -50.4865 31.9555 0
    endloop
  endfacet
  facet normal -0.773021 0.634381 2.36908e-20
    outer loop
      vertex -50.4865 31.9555 2.575
      vertex -50.6979 31.6979 0
      vertex -50.6979 31.6979 2.575
    endloop
  endfacet
  facet normal -0.956971 0.290182 5.40939e-19
    outer loop
      vertex -50.3294 32.2494 0
      vertex -50.2327 32.5683 2.575
      vertex -50.2327 32.5683 0
    endloop
  endfacet
  facet normal -0.956971 0.290182 5.40939e-19
    outer loop
      vertex -50.2327 32.5683 2.575
      vertex -50.3294 32.2494 0
      vertex -50.3294 32.2494 2.575
    endloop
  endfacet
  facet normal -0.634381 0.773021 0
    outer loop
      vertex -50.6979 31.6979 0
      vertex -50.9555 31.4865 2.575
      vertex -50.6979 31.6979 2.575
    endloop
  endfacet
  facet normal -0.634381 0.773021 0
    outer loop
      vertex -50.9555 31.4865 2.575
      vertex -50.6979 31.6979 0
      vertex -50.9555 31.4865 0
    endloop
  endfacet
  facet normal 0.0981075 0.995176 -0
    outer loop
      vertex -51.9 31.2 0
      vertex -52.2317 31.2327 2.575
      vertex -51.9 31.2 2.575
    endloop
  endfacet
  facet normal 0.0981075 0.995176 0
    outer loop
      vertex -52.2317 31.2327 2.575
      vertex -51.9 31.2 0
      vertex -52.2317 31.2327 0
    endloop
  endfacet
  facet normal 0.290182 0.956971 -0
    outer loop
      vertex -52.2317 31.2327 0
      vertex -52.5506 31.3294 2.575
      vertex -52.2317 31.2327 2.575
    endloop
  endfacet
  facet normal 0.290182 0.956971 0
    outer loop
      vertex -52.5506 31.3294 2.575
      vertex -52.2317 31.2327 0
      vertex -52.5506 31.3294 0
    endloop
  endfacet
  facet normal 0.634381 0.773021 -0
    outer loop
      vertex -52.8445 31.4865 0
      vertex -53.1021 31.6979 2.575
      vertex -52.8445 31.4865 2.575
    endloop
  endfacet
  facet normal 0.634381 0.773021 0
    outer loop
      vertex -53.1021 31.6979 2.575
      vertex -52.8445 31.4865 0
      vertex -53.1021 31.6979 0
    endloop
  endfacet
  facet normal 0.956971 0.290182 -1.06608e-19
    outer loop
      vertex -53.4706 32.2494 2.575
      vertex -53.5673 32.5683 0
      vertex -53.5673 32.5683 2.575
    endloop
  endfacet
  facet normal 0.956971 0.290182 -1.06608e-19
    outer loop
      vertex -53.5673 32.5683 0
      vertex -53.4706 32.2494 2.575
      vertex -53.4706 32.2494 0
    endloop
  endfacet
  facet normal 0.995176 0.0981075 -4.03646e-19
    outer loop
      vertex -53.5673 32.5683 2.575
      vertex -53.6 32.9 0
      vertex -53.6 32.9 2.575
    endloop
  endfacet
  facet normal 0.995176 0.0981075 -4.03646e-19
    outer loop
      vertex -53.6 32.9 0
      vertex -53.5673 32.5683 2.575
      vertex -53.5673 32.5683 0
    endloop
  endfacet
  facet normal -0.471413 0.881912 0
    outer loop
      vertex -50.9555 31.4865 0
      vertex -51.2494 31.3294 2.575
      vertex -50.9555 31.4865 2.575
    endloop
  endfacet
  facet normal -0.471413 0.881912 0
    outer loop
      vertex -51.2494 31.3294 2.575
      vertex -50.9555 31.4865 0
      vertex -51.2494 31.3294 0
    endloop
  endfacet
  facet normal -0.290182 0.956971 0
    outer loop
      vertex -51.2494 31.3294 0
      vertex -51.5683 31.2327 2.575
      vertex -51.2494 31.3294 2.575
    endloop
  endfacet
  facet normal -0.290182 0.956971 0
    outer loop
      vertex -51.5683 31.2327 2.575
      vertex -51.2494 31.3294 0
      vertex -51.5683 31.2327 0
    endloop
  endfacet
  facet normal 0.471413 0.881912 -0
    outer loop
      vertex -52.5506 31.3294 0
      vertex -52.8445 31.4865 2.575
      vertex -52.5506 31.3294 2.575
    endloop
  endfacet
  facet normal 0.471413 0.881912 0
    outer loop
      vertex -52.8445 31.4865 2.575
      vertex -52.5506 31.3294 0
      vertex -52.8445 31.4865 0
    endloop
  endfacet
  facet normal 0.773021 0.634381 -2.36908e-20
    outer loop
      vertex -53.1021 31.6979 2.575
      vertex -53.3135 31.9555 0
      vertex -53.3135 31.9555 2.575
    endloop
  endfacet
  facet normal 0.773021 0.634381 -2.36908e-20
    outer loop
      vertex -53.3135 31.9555 0
      vertex -53.1021 31.6979 2.575
      vertex -53.1021 31.6979 0
    endloop
  endfacet
  facet normal 0.881912 0.471413 2.87041e-18
    outer loop
      vertex -53.3135 31.9555 2.575
      vertex -53.4706 32.2494 0
      vertex -53.4706 32.2494 2.575
    endloop
  endfacet
  facet normal 0.881912 0.471413 2.87041e-18
    outer loop
      vertex -53.4706 32.2494 0
      vertex -53.3135 31.9555 2.575
      vertex -53.3135 31.9555 0
    endloop
  endfacet
  facet normal -0.649396 -0.76045 0
    outer loop
      vertex -49.8428 35.7316 2.575
      vertex -49.4251 35.3749 5
      vertex -49.8428 35.7316 5
    endloop
  endfacet
  facet normal -0.649396 -0.76045 -0
    outer loop
      vertex -49.4251 35.3749 5
      vertex -49.8428 35.7316 2.575
      vertex -49.4251 35.3749 2.575
    endloop
  endfacet
  facet normal 0.972381 -0.2334 -3.61202e-18
    outer loop
      vertex -55.3569 33.4475 5
      vertex -55.2287 33.9816 2.575
      vertex -55.2287 33.9816 5
    endloop
  endfacet
  facet normal 0.972381 -0.2334 -3.61202e-18
    outer loop
      vertex -55.2287 33.9816 2.575
      vertex -55.3569 33.4475 5
      vertex -55.3569 33.4475 2.575
    endloop
  endfacet
  facet normal 0.2334 0.972381 -0
    outer loop
      vertex -52.4475 29.4431 2.575
      vertex -52.9816 29.5713 5
      vertex -52.4475 29.4431 5
    endloop
  endfacet
  facet normal 0.2334 0.972381 0
    outer loop
      vertex -52.9816 29.5713 5
      vertex -52.4475 29.4431 2.575
      vertex -52.9816 29.5713 2.575
    endloop
  endfacet
  facet normal 0.2334 -0.972381 0
    outer loop
      vertex -52.9816 36.2287 2.575
      vertex -52.4475 36.3569 5
      vertex -52.9816 36.2287 5
    endloop
  endfacet
  facet normal 0.2334 -0.972381 0
    outer loop
      vertex -52.4475 36.3569 5
      vertex -52.9816 36.2287 2.575
      vertex -52.4475 36.3569 2.575
    endloop
  endfacet
  facet normal 0.923861 -0.382727 -3.91256e-18
    outer loop
      vertex -55.2287 33.9816 5
      vertex -55.0185 34.489 2.575
      vertex -55.0185 34.489 5
    endloop
  endfacet
  facet normal 0.923861 -0.382727 -3.91256e-18
    outer loop
      vertex -55.0185 34.489 2.575
      vertex -55.2287 33.9816 5
      vertex -55.2287 33.9816 2.575
    endloop
  endfacet
  facet normal -0.923861 0.382727 -1.94865e-18
    outer loop
      vertex -48.7815 31.311 2.575
      vertex -48.5713 31.8184 5
      vertex -48.5713 31.8184 2.575
    endloop
  endfacet
  facet normal -0.923861 0.382727 -1.94865e-18
    outer loop
      vertex -48.5713 31.8184 5
      vertex -48.7815 31.311 2.575
      vertex -48.7815 31.311 5
    endloop
  endfacet
  facet normal 0.382727 0.923861 -0
    outer loop
      vertex -52.9816 29.5713 2.575
      vertex -53.489 29.7815 5
      vertex -52.9816 29.5713 5
    endloop
  endfacet
  facet normal 0.382727 0.923861 0
    outer loop
      vertex -53.489 29.7815 5
      vertex -52.9816 29.5713 2.575
      vertex -53.489 29.7815 2.575
    endloop
  endfacet
  facet normal -0.923861 -0.382727 3.91256e-18
    outer loop
      vertex -48.5713 33.9816 2.575
      vertex -48.7815 34.489 5
      vertex -48.7815 34.489 2.575
    endloop
  endfacet
  facet normal -0.923861 -0.382727 3.91256e-18
    outer loop
      vertex -48.7815 34.489 5
      vertex -48.5713 33.9816 2.575
      vertex -48.5713 33.9816 5
    endloop
  endfacet
  facet normal -0.852651 -0.522481 5.77074e-18
    outer loop
      vertex -48.7815 34.489 2.575
      vertex -49.0684 34.9572 5
      vertex -49.0684 34.9572 2.575
    endloop
  endfacet
  facet normal -0.852651 -0.522481 5.77074e-18
    outer loop
      vertex -49.0684 34.9572 5
      vertex -48.7815 34.489 2.575
      vertex -48.7815 34.489 5
    endloop
  endfacet
  facet normal -0.76045 -0.649396 4.71081e-18
    outer loop
      vertex -49.0684 34.9572 2.575
      vertex -49.4251 35.3749 5
      vertex -49.4251 35.3749 2.575
    endloop
  endfacet
  facet normal -0.76045 -0.649396 4.71081e-18
    outer loop
      vertex -49.4251 35.3749 5
      vertex -49.0684 34.9572 2.575
      vertex -49.0684 34.9572 5
    endloop
  endfacet
  facet normal -0.382727 -0.923861 0
    outer loop
      vertex -50.8184 36.2287 2.575
      vertex -50.311 36.0185 5
      vertex -50.8184 36.2287 5
    endloop
  endfacet
  facet normal -0.382727 -0.923861 -0
    outer loop
      vertex -50.311 36.0185 5
      vertex -50.8184 36.2287 2.575
      vertex -50.311 36.0185 2.575
    endloop
  endfacet
  facet normal -0.0784787 -0.996916 0
    outer loop
      vertex -51.9 36.4 2.575
      vertex -51.3525 36.3569 5
      vertex -51.9 36.4 5
    endloop
  endfacet
  facet normal -0.0784787 -0.996916 -0
    outer loop
      vertex -51.3525 36.3569 5
      vertex -51.9 36.4 2.575
      vertex -51.3525 36.3569 2.575
    endloop
  endfacet
  facet normal -0.2334 -0.972381 0
    outer loop
      vertex -51.3525 36.3569 2.575
      vertex -50.8184 36.2287 5
      vertex -51.3525 36.3569 5
    endloop
  endfacet
  facet normal -0.2334 -0.972381 -0
    outer loop
      vertex -50.8184 36.2287 5
      vertex -51.3525 36.3569 2.575
      vertex -50.8184 36.2287 2.575
    endloop
  endfacet
  facet normal 0.996916 -0.0784787 3.68885e-19
    outer loop
      vertex -55.4 32.9 5
      vertex -55.3569 33.4475 2.575
      vertex -55.3569 33.4475 5
    endloop
  endfacet
  facet normal 0.996916 -0.0784787 3.68885e-19
    outer loop
      vertex -55.3569 33.4475 2.575
      vertex -55.4 32.9 5
      vertex -55.4 32.9 2.575
    endloop
  endfacet
  facet normal 0.76045 -0.649396 -4.71081e-18
    outer loop
      vertex -54.7316 34.9572 5
      vertex -54.3749 35.3749 2.575
      vertex -54.3749 35.3749 5
    endloop
  endfacet
  facet normal 0.76045 -0.649396 -4.71081e-18
    outer loop
      vertex -54.3749 35.3749 2.575
      vertex -54.7316 34.9572 5
      vertex -54.7316 34.9572 2.575
    endloop
  endfacet
  facet normal 0.0784787 -0.996916 0
    outer loop
      vertex -52.4475 36.3569 2.575
      vertex -51.9 36.4 5
      vertex -52.4475 36.3569 5
    endloop
  endfacet
  facet normal 0.0784787 -0.996916 0
    outer loop
      vertex -51.9 36.4 5
      vertex -52.4475 36.3569 2.575
      vertex -51.9 36.4 2.575
    endloop
  endfacet
  facet normal 0.649396 -0.76045 0
    outer loop
      vertex -54.3749 35.3749 2.575
      vertex -53.9572 35.7316 5
      vertex -54.3749 35.3749 5
    endloop
  endfacet
  facet normal 0.649396 -0.76045 0
    outer loop
      vertex -53.9572 35.7316 5
      vertex -54.3749 35.3749 2.575
      vertex -53.9572 35.7316 2.575
    endloop
  endfacet
  facet normal -0.996916 -0.0784787 3.61253e-19
    outer loop
      vertex -48.4 32.9 2.575
      vertex -48.4431 33.4475 5
      vertex -48.4431 33.4475 2.575
    endloop
  endfacet
  facet normal -0.996916 -0.0784787 3.61253e-19
    outer loop
      vertex -48.4431 33.4475 5
      vertex -48.4 32.9 2.575
      vertex -48.4 32.9 5
    endloop
  endfacet
  facet normal -0.0784787 0.996916 0
    outer loop
      vertex -51.3525 29.4431 2.575
      vertex -51.9 29.4 5
      vertex -51.3525 29.4431 5
    endloop
  endfacet
  facet normal -0.0784787 0.996916 0
    outer loop
      vertex -51.9 29.4 5
      vertex -51.3525 29.4431 2.575
      vertex -51.9 29.4 2.575
    endloop
  endfacet
  facet normal -0.2334 0.972381 0
    outer loop
      vertex -50.8184 29.5713 2.575
      vertex -51.3525 29.4431 5
      vertex -50.8184 29.5713 5
    endloop
  endfacet
  facet normal -0.2334 0.972381 0
    outer loop
      vertex -51.3525 29.4431 5
      vertex -50.8184 29.5713 2.575
      vertex -51.3525 29.4431 2.575
    endloop
  endfacet
  facet normal -0.76045 0.649396 2.42154e-18
    outer loop
      vertex -49.4251 30.4251 2.575
      vertex -49.0684 30.8428 5
      vertex -49.0684 30.8428 2.575
    endloop
  endfacet
  facet normal -0.76045 0.649396 2.42154e-18
    outer loop
      vertex -49.0684 30.8428 5
      vertex -49.4251 30.4251 2.575
      vertex -49.4251 30.4251 5
    endloop
  endfacet
  facet normal 0.0784787 0.996916 -0
    outer loop
      vertex -51.9 29.4 2.575
      vertex -52.4475 29.4431 5
      vertex -51.9 29.4 5
    endloop
  endfacet
  facet normal 0.0784787 0.996916 0
    outer loop
      vertex -52.4475 29.4431 5
      vertex -51.9 29.4 2.575
      vertex -52.4475 29.4431 2.575
    endloop
  endfacet
  facet normal 0.649396 0.76045 -0
    outer loop
      vertex -53.9572 30.0684 2.575
      vertex -54.3749 30.4251 5
      vertex -53.9572 30.0684 5
    endloop
  endfacet
  facet normal 0.649396 0.76045 0
    outer loop
      vertex -54.3749 30.4251 5
      vertex -53.9572 30.0684 2.575
      vertex -54.3749 30.4251 2.575
    endloop
  endfacet
  facet normal 0.996916 0.0784787 -3.68885e-19
    outer loop
      vertex -55.3569 32.3525 5
      vertex -55.4 32.9 2.575
      vertex -55.4 32.9 5
    endloop
  endfacet
  facet normal 0.996916 0.0784787 -3.68885e-19
    outer loop
      vertex -55.4 32.9 2.575
      vertex -55.3569 32.3525 5
      vertex -55.3569 32.3525 2.575
    endloop
  endfacet
  facet normal 0 0 1
    outer loop
      vertex -50.2 32.9 2.575
      vertex -48.4 32.9 2.575
      vertex -48.4431 33.4475 2.575
    endloop
  endfacet
  facet normal 0 0 1
    outer loop
      vertex -50.2327 33.2317 2.575
      vertex -48.4431 33.4475 2.575
      vertex -48.5713 33.9816 2.575
    endloop
  endfacet
  facet normal 0 0 1
    outer loop
      vertex -48.4 32.9 2.575
      vertex -50.2 32.9 2.575
      vertex -48.4431 32.3525 2.575
    endloop
  endfacet
  facet normal 0 0 1
    outer loop
      vertex -50.3294 33.5506 2.575
      vertex -48.5713 33.9816 2.575
      vertex -48.7815 34.489 2.575
    endloop
  endfacet
  facet normal -0 0 1
    outer loop
      vertex -50.2327 32.5683 2.575
      vertex -48.4431 32.3525 2.575
      vertex -50.2 32.9 2.575
    endloop
  endfacet
  facet normal 0 0 1
    outer loop
      vertex -50.4865 33.8445 2.575
      vertex -48.7815 34.489 2.575
      vertex -49.0684 34.9572 2.575
    endloop
  endfacet
  facet normal 0 0 1
    outer loop
      vertex -48.4431 32.3525 2.575
      vertex -50.2327 32.5683 2.575
      vertex -48.5713 31.8184 2.575
    endloop
  endfacet
  facet normal 0 0 1
    outer loop
      vertex -50.6979 34.1021 2.575
      vertex -49.0684 34.9572 2.575
      vertex -49.4251 35.3749 2.575
    endloop
  endfacet
  facet normal -0 0 1
    outer loop
      vertex -50.3294 32.2494 2.575
      vertex -48.5713 31.8184 2.575
      vertex -50.2327 32.5683 2.575
    endloop
  endfacet
  facet normal 0 0 1
    outer loop
      vertex -50.6979 34.1021 2.575
      vertex -49.4251 35.3749 2.575
      vertex -49.8428 35.7316 2.575
    endloop
  endfacet
  facet normal 0 0 1
    outer loop
      vertex -48.5713 31.8184 2.575
      vertex -50.3294 32.2494 2.575
      vertex -48.7815 31.311 2.575
    endloop
  endfacet
  facet normal -0 0 1
    outer loop
      vertex -50.4865 31.9555 2.575
      vertex -48.7815 31.311 2.575
      vertex -50.3294 32.2494 2.575
    endloop
  endfacet
  facet normal 0 0 1
    outer loop
      vertex -48.4431 33.4475 2.575
      vertex -50.2327 33.2317 2.575
      vertex -50.2 32.9 2.575
    endloop
  endfacet
  facet normal 0 0 1
    outer loop
      vertex -50.9555 34.3135 2.575
      vertex -49.8428 35.7316 2.575
      vertex -50.311 36.0185 2.575
    endloop
  endfacet
  facet normal 0 0 1
    outer loop
      vertex -48.5713 33.9816 2.575
      vertex -50.3294 33.5506 2.575
      vertex -50.2327 33.2317 2.575
    endloop
  endfacet
  facet normal 0 0 1
    outer loop
      vertex -48.7815 34.489 2.575
      vertex -50.4865 33.8445 2.575
      vertex -50.3294 33.5506 2.575
    endloop
  endfacet
  facet normal 0 0 1
    outer loop
      vertex -49.0684 34.9572 2.575
      vertex -50.6979 34.1021 2.575
      vertex -50.4865 33.8445 2.575
    endloop
  endfacet
  facet normal 0 0 1
    outer loop
      vertex -51.2494 34.4706 2.575
      vertex -50.311 36.0185 2.575
      vertex -50.8184 36.2287 2.575
    endloop
  endfacet
  facet normal 0 0 1
    outer loop
      vertex -49.8428 35.7316 2.575
      vertex -50.9555 34.3135 2.575
      vertex -50.6979 34.1021 2.575
    endloop
  endfacet
  facet normal 0 0 1
    outer loop
      vertex -50.311 36.0185 2.575
      vertex -51.2494 34.4706 2.575
      vertex -50.9555 34.3135 2.575
    endloop
  endfacet
  facet normal 0 0 1
    outer loop
      vertex -51.5683 34.5673 2.575
      vertex -50.8184 36.2287 2.575
      vertex -51.3525 36.3569 2.575
    endloop
  endfacet
  facet normal 0 0 1
    outer loop
      vertex -50.8184 36.2287 2.575
      vertex -51.5683 34.5673 2.575
      vertex -51.2494 34.4706 2.575
    endloop
  endfacet
  facet normal 0 0 1
    outer loop
      vertex -51.9 34.6 2.575
      vertex -51.3525 36.3569 2.575
      vertex -51.9 36.4 2.575
    endloop
  endfacet
  facet normal 0 0 1
    outer loop
      vertex -51.3525 36.3569 2.575
      vertex -51.9 34.6 2.575
      vertex -51.5683 34.5673 2.575
    endloop
  endfacet
  facet normal -0 0 1
    outer loop
      vertex -52.4475 36.3569 2.575
      vertex -51.9 34.6 2.575
      vertex -51.9 36.4 2.575
    endloop
  endfacet
  facet normal 0 0 1
    outer loop
      vertex -51.9 34.6 2.575
      vertex -52.4475 36.3569 2.575
      vertex -52.2317 34.5673 2.575
    endloop
  endfacet
  facet normal -0 0 1
    outer loop
      vertex -52.9816 36.2287 2.575
      vertex -52.2317 34.5673 2.575
      vertex -52.4475 36.3569 2.575
    endloop
  endfacet
  facet normal 0 0 1
    outer loop
      vertex -52.2317 34.5673 2.575
      vertex -52.9816 36.2287 2.575
      vertex -52.5506 34.4706 2.575
    endloop
  endfacet
  facet normal -0 0 1
    outer loop
      vertex -53.489 36.0185 2.575
      vertex -52.5506 34.4706 2.575
      vertex -52.9816 36.2287 2.575
    endloop
  endfacet
  facet normal 0 0 1
    outer loop
      vertex -52.5506 34.4706 2.575
      vertex -53.489 36.0185 2.575
      vertex -52.8445 34.3135 2.575
    endloop
  endfacet
  facet normal -0 0 1
    outer loop
      vertex -53.9572 35.7316 2.575
      vertex -52.8445 34.3135 2.575
      vertex -53.489 36.0185 2.575
    endloop
  endfacet
  facet normal 0 0 1
    outer loop
      vertex -52.8445 34.3135 2.575
      vertex -53.9572 35.7316 2.575
      vertex -53.1021 34.1021 2.575
    endloop
  endfacet
  facet normal -0 0 1
    outer loop
      vertex -54.3749 35.3749 2.575
      vertex -53.1021 34.1021 2.575
      vertex -53.9572 35.7316 2.575
    endloop
  endfacet
  facet normal -0 0 1
    outer loop
      vertex -54.7316 34.9572 2.575
      vertex -53.1021 34.1021 2.575
      vertex -54.3749 35.3749 2.575
    endloop
  endfacet
  facet normal 0 0 1
    outer loop
      vertex -53.1021 34.1021 2.575
      vertex -54.7316 34.9572 2.575
      vertex -53.3135 33.8445 2.575
    endloop
  endfacet
  facet normal -0 0 1
    outer loop
      vertex -55.0185 34.489 2.575
      vertex -53.3135 33.8445 2.575
      vertex -54.7316 34.9572 2.575
    endloop
  endfacet
  facet normal 0 0 1
    outer loop
      vertex -48.7815 31.311 2.575
      vertex -50.4865 31.9555 2.575
      vertex -49.0684 30.8428 2.575
    endloop
  endfacet
  facet normal -0 0 1
    outer loop
      vertex -50.6979 31.6979 2.575
      vertex -49.0684 30.8428 2.575
      vertex -50.4865 31.9555 2.575
    endloop
  endfacet
  facet normal 0 0 1
    outer loop
      vertex -49.0684 30.8428 2.575
      vertex -50.6979 31.6979 2.575
      vertex -49.4251 30.4251 2.575
    endloop
  endfacet
  facet normal 0 0 1
    outer loop
      vertex -49.4251 30.4251 2.575
      vertex -50.6979 31.6979 2.575
      vertex -49.8428 30.0684 2.575
    endloop
  endfacet
  facet normal -0 0 1
    outer loop
      vertex -50.9555 31.4865 2.575
      vertex -49.8428 30.0684 2.575
      vertex -50.6979 31.6979 2.575
    endloop
  endfacet
  facet normal 0 0 1
    outer loop
      vertex -49.8428 30.0684 2.575
      vertex -50.9555 31.4865 2.575
      vertex -50.311 29.7815 2.575
    endloop
  endfacet
  facet normal -0 0 1
    outer loop
      vertex -51.2494 31.3294 2.575
      vertex -50.311 29.7815 2.575
      vertex -50.9555 31.4865 2.575
    endloop
  endfacet
  facet normal 0 0 1
    outer loop
      vertex -50.311 29.7815 2.575
      vertex -51.2494 31.3294 2.575
      vertex -50.8184 29.5713 2.575
    endloop
  endfacet
  facet normal -0 0 1
    outer loop
      vertex -51.5683 31.2327 2.575
      vertex -50.8184 29.5713 2.575
      vertex -51.2494 31.3294 2.575
    endloop
  endfacet
  facet normal 0 0 1
    outer loop
      vertex -50.8184 29.5713 2.575
      vertex -51.5683 31.2327 2.575
      vertex -51.3525 29.4431 2.575
    endloop
  endfacet
  facet normal -0 0 1
    outer loop
      vertex -51.9 31.2 2.575
      vertex -51.3525 29.4431 2.575
      vertex -51.5683 31.2327 2.575
    endloop
  endfacet
  facet normal 0 0 1
    outer loop
      vertex -51.9 31.2 2.575
      vertex -51.9 29.4 2.575
      vertex -51.3525 29.4431 2.575
    endloop
  endfacet
  facet normal 0 0 1
    outer loop
      vertex -52.4475 29.4431 2.575
      vertex -51.9 31.2 2.575
      vertex -52.2317 31.2327 2.575
    endloop
  endfacet
  facet normal 0 0 1
    outer loop
      vertex -51.9 31.2 2.575
      vertex -52.4475 29.4431 2.575
      vertex -51.9 29.4 2.575
    endloop
  endfacet
  facet normal 0 0 1
    outer loop
      vertex -52.9816 29.5713 2.575
      vertex -52.2317 31.2327 2.575
      vertex -52.5506 31.3294 2.575
    endloop
  endfacet
  facet normal 0 0 1
    outer loop
      vertex -53.489 29.7815 2.575
      vertex -52.5506 31.3294 2.575
      vertex -52.8445 31.4865 2.575
    endloop
  endfacet
  facet normal 0 0 1
    outer loop
      vertex -52.2317 31.2327 2.575
      vertex -52.9816 29.5713 2.575
      vertex -52.4475 29.4431 2.575
    endloop
  endfacet
  facet normal 0 0 1
    outer loop
      vertex -53.9572 30.0684 2.575
      vertex -52.8445 31.4865 2.575
      vertex -53.1021 31.6979 2.575
    endloop
  endfacet
  facet normal 0 0 1
    outer loop
      vertex -54.7316 30.8428 2.575
      vertex -53.1021 31.6979 2.575
      vertex -53.3135 31.9555 2.575
    endloop
  endfacet
  facet normal 0 0 1
    outer loop
      vertex -55.0185 31.311 2.575
      vertex -53.3135 31.9555 2.575
      vertex -53.4706 32.2494 2.575
    endloop
  endfacet
  facet normal 0 0 1
    outer loop
      vertex -52.5506 31.3294 2.575
      vertex -53.489 29.7815 2.575
      vertex -52.9816 29.5713 2.575
    endloop
  endfacet
  facet normal 0 0 1
    outer loop
      vertex -55.2287 31.8184 2.575
      vertex -53.4706 32.2494 2.575
      vertex -53.5673 32.5683 2.575
    endloop
  endfacet
  facet normal 0 0 1
    outer loop
      vertex -55.3569 32.3525 2.575
      vertex -53.5673 32.5683 2.575
      vertex -53.6 32.9 2.575
    endloop
  endfacet
  facet normal 0 0 1
    outer loop
      vertex -53.3135 33.8445 2.575
      vertex -55.0185 34.489 2.575
      vertex -53.4706 33.5506 2.575
    endloop
  endfacet
  facet normal 0 0 1
    outer loop
      vertex -52.8445 31.4865 2.575
      vertex -53.9572 30.0684 2.575
      vertex -53.489 29.7815 2.575
    endloop
  endfacet
  facet normal -0 0 1
    outer loop
      vertex -55.2287 33.9816 2.575
      vertex -53.4706 33.5506 2.575
      vertex -55.0185 34.489 2.575
    endloop
  endfacet
  facet normal 0 0 1
    outer loop
      vertex -53.1021 31.6979 2.575
      vertex -54.3749 30.4251 2.575
      vertex -53.9572 30.0684 2.575
    endloop
  endfacet
  facet normal 0 0 1
    outer loop
      vertex -53.4706 33.5506 2.575
      vertex -55.2287 33.9816 2.575
      vertex -53.5673 33.2317 2.575
    endloop
  endfacet
  facet normal 0 0 1
    outer loop
      vertex -53.1021 31.6979 2.575
      vertex -54.7316 30.8428 2.575
      vertex -54.3749 30.4251 2.575
    endloop
  endfacet
  facet normal -0 0 1
    outer loop
      vertex -55.3569 33.4475 2.575
      vertex -53.5673 33.2317 2.575
      vertex -55.2287 33.9816 2.575
    endloop
  endfacet
  facet normal 0 0 1
    outer loop
      vertex -53.3135 31.9555 2.575
      vertex -55.0185 31.311 2.575
      vertex -54.7316 30.8428 2.575
    endloop
  endfacet
  facet normal 0 0 1
    outer loop
      vertex -53.5673 33.2317 2.575
      vertex -55.3569 33.4475 2.575
      vertex -53.6 32.9 2.575
    endloop
  endfacet
  facet normal 0 0 1
    outer loop
      vertex -53.4706 32.2494 2.575
      vertex -55.2287 31.8184 2.575
      vertex -55.0185 31.311 2.575
    endloop
  endfacet
  facet normal 0 0 1
    outer loop
      vertex -55.4 32.9 2.575
      vertex -53.6 32.9 2.575
      vertex -55.3569 33.4475 2.575
    endloop
  endfacet
  facet normal 0 0 1
    outer loop
      vertex -53.5673 32.5683 2.575
      vertex -55.3569 32.3525 2.575
      vertex -55.2287 31.8184 2.575
    endloop
  endfacet
  facet normal 0 0 1
    outer loop
      vertex -53.6 32.9 2.575
      vertex -55.4 32.9 2.575
      vertex -55.3569 32.3525 2.575
    endloop
  endfacet
  facet normal -0.972381 -0.2334 3.61202e-18
    outer loop
      vertex -48.4431 33.4475 2.575
      vertex -48.5713 33.9816 5
      vertex -48.5713 33.9816 2.575
    endloop
  endfacet
  facet normal -0.972381 -0.2334 3.61202e-18
    outer loop
      vertex -48.5713 33.9816 5
      vertex -48.4431 33.4475 2.575
      vertex -48.4431 33.4475 5
    endloop
  endfacet
  facet normal -0.522481 -0.852651 0
    outer loop
      vertex -50.311 36.0185 2.575
      vertex -49.8428 35.7316 5
      vertex -50.311 36.0185 5
    endloop
  endfacet
  facet normal -0.522481 -0.852651 -0
    outer loop
      vertex -49.8428 35.7316 5
      vertex -50.311 36.0185 2.575
      vertex -49.8428 35.7316 2.575
    endloop
  endfacet
  facet normal 0.852651 -0.522481 -2.83957e-18
    outer loop
      vertex -55.0185 34.489 5
      vertex -54.7316 34.9572 2.575
      vertex -54.7316 34.9572 5
    endloop
  endfacet
  facet normal 0.852651 -0.522481 -2.83957e-18
    outer loop
      vertex -54.7316 34.9572 2.575
      vertex -55.0185 34.489 5
      vertex -55.0185 34.489 2.575
    endloop
  endfacet
  facet normal 0.522481 -0.852651 0
    outer loop
      vertex -53.9572 35.7316 2.575
      vertex -53.489 36.0185 5
      vertex -53.9572 35.7316 5
    endloop
  endfacet
  facet normal 0.522481 -0.852651 0
    outer loop
      vertex -53.489 36.0185 5
      vertex -53.9572 35.7316 2.575
      vertex -53.489 36.0185 2.575
    endloop
  endfacet
  facet normal 0.382727 -0.923861 0
    outer loop
      vertex -53.489 36.0185 2.575
      vertex -52.9816 36.2287 5
      vertex -53.489 36.0185 5
    endloop
  endfacet
  facet normal 0.382727 -0.923861 0
    outer loop
      vertex -52.9816 36.2287 5
      vertex -53.489 36.0185 2.575
      vertex -52.9816 36.2287 2.575
    endloop
  endfacet
  facet normal -0.972381 0.2334 4.91948e-18
    outer loop
      vertex -48.5713 31.8184 2.575
      vertex -48.4431 32.3525 5
      vertex -48.4431 32.3525 2.575
    endloop
  endfacet
  facet normal -0.972381 0.2334 4.91948e-18
    outer loop
      vertex -48.4431 32.3525 5
      vertex -48.5713 31.8184 2.575
      vertex -48.5713 31.8184 5
    endloop
  endfacet
  facet normal -0.649396 0.76045 0
    outer loop
      vertex -49.4251 30.4251 2.575
      vertex -49.8428 30.0684 5
      vertex -49.4251 30.4251 5
    endloop
  endfacet
  facet normal -0.649396 0.76045 0
    outer loop
      vertex -49.8428 30.0684 5
      vertex -49.4251 30.4251 2.575
      vertex -49.8428 30.0684 2.575
    endloop
  endfacet
  facet normal -0.382727 0.923861 0
    outer loop
      vertex -50.311 29.7815 2.575
      vertex -50.8184 29.5713 5
      vertex -50.311 29.7815 5
    endloop
  endfacet
  facet normal -0.382727 0.923861 0
    outer loop
      vertex -50.8184 29.5713 5
      vertex -50.311 29.7815 2.575
      vertex -50.8184 29.5713 2.575
    endloop
  endfacet
  facet normal -0.852651 0.522481 9.30239e-18
    outer loop
      vertex -49.0684 30.8428 2.575
      vertex -48.7815 31.311 5
      vertex -48.7815 31.311 2.575
    endloop
  endfacet
  facet normal -0.852651 0.522481 9.30239e-18
    outer loop
      vertex -48.7815 31.311 5
      vertex -49.0684 30.8428 2.575
      vertex -49.0684 30.8428 5
    endloop
  endfacet
  facet normal 0.522481 0.852651 -0
    outer loop
      vertex -53.489 29.7815 2.575
      vertex -53.9572 30.0684 5
      vertex -53.489 29.7815 5
    endloop
  endfacet
  facet normal 0.522481 0.852651 0
    outer loop
      vertex -53.9572 30.0684 5
      vertex -53.489 29.7815 2.575
      vertex -53.9572 30.0684 2.575
    endloop
  endfacet
  facet normal 0.972381 0.2334 -4.91948e-18
    outer loop
      vertex -55.2287 31.8184 5
      vertex -55.3569 32.3525 2.575
      vertex -55.3569 32.3525 5
    endloop
  endfacet
  facet normal 0.972381 0.2334 -4.91948e-18
    outer loop
      vertex -55.3569 32.3525 2.575
      vertex -55.2287 31.8184 5
      vertex -55.2287 31.8184 2.575
    endloop
  endfacet
  facet normal 0.76045 0.649396 -2.42154e-18
    outer loop
      vertex -54.3749 30.4251 5
      vertex -54.7316 30.8428 2.575
      vertex -54.7316 30.8428 5
    endloop
  endfacet
  facet normal 0.76045 0.649396 -2.42154e-18
    outer loop
      vertex -54.7316 30.8428 2.575
      vertex -54.3749 30.4251 5
      vertex -54.3749 30.4251 2.575
    endloop
  endfacet
  facet normal 0.923861 0.382727 1.94865e-18
    outer loop
      vertex -55.0185 31.311 5
      vertex -55.2287 31.8184 2.575
      vertex -55.2287 31.8184 5
    endloop
  endfacet
  facet normal 0.923861 0.382727 1.94865e-18
    outer loop
      vertex -55.2287 31.8184 2.575
      vertex -55.0185 31.311 5
      vertex -55.0185 31.311 2.575
    endloop
  endfacet
  facet normal -0.996916 0.0784787 -3.61253e-19
    outer loop
      vertex -48.4431 32.3525 2.575
      vertex -48.4 32.9 5
      vertex -48.4 32.9 2.575
    endloop
  endfacet
  facet normal -0.996916 0.0784787 -3.61253e-19
    outer loop
      vertex -48.4 32.9 5
      vertex -48.4431 32.3525 2.575
      vertex -48.4431 32.3525 5
    endloop
  endfacet
  facet normal -0.522481 0.852651 0
    outer loop
      vertex -49.8428 30.0684 2.575
      vertex -50.311 29.7815 5
      vertex -49.8428 30.0684 5
    endloop
  endfacet
  facet normal -0.522481 0.852651 0
    outer loop
      vertex -50.311 29.7815 5
      vertex -49.8428 30.0684 2.575
      vertex -50.311 29.7815 2.575
    endloop
  endfacet
  facet normal 0.852651 0.522481 8.61031e-18
    outer loop
      vertex -54.7316 30.8428 5
      vertex -55.0185 31.311 2.575
      vertex -55.0185 31.311 5
    endloop
  endfacet
  facet normal 0.852651 0.522481 8.61031e-18
    outer loop
      vertex -55.0185 31.311 2.575
      vertex -54.7316 30.8428 5
      vertex -54.7316 30.8428 2.575
    endloop
  endfacet
  facet normal -0.995176 -0.0981075 -4.03646e-19
    outer loop
      vertex 53.6 -32.9 0
      vertex 53.5673 -32.5683 2.575
      vertex 53.5673 -32.5683 0
    endloop
  endfacet
  facet normal -0.995176 -0.0981075 -4.03646e-19
    outer loop
      vertex 53.5673 -32.5683 2.575
      vertex 53.6 -32.9 0
      vertex 53.6 -32.9 2.575
    endloop
  endfacet
  facet normal 0.0981075 -0.995176 0
    outer loop
      vertex 51.5683 -31.2327 0
      vertex 51.9 -31.2 2.575
      vertex 51.5683 -31.2327 2.575
    endloop
  endfacet
  facet normal 0.0981075 -0.995176 0
    outer loop
      vertex 51.9 -31.2 2.575
      vertex 51.5683 -31.2327 0
      vertex 51.9 -31.2 0
    endloop
  endfacet
  facet normal -0.0981075 0.995176 0
    outer loop
      vertex 52.2317 -34.5673 0
      vertex 51.9 -34.6 2.575
      vertex 52.2317 -34.5673 2.575
    endloop
  endfacet
  facet normal -0.0981075 0.995176 0
    outer loop
      vertex 51.9 -34.6 2.575
      vertex 52.2317 -34.5673 0
      vertex 51.9 -34.6 0
    endloop
  endfacet
  facet normal -0.634381 -0.773021 0
    outer loop
      vertex 52.8445 -31.4865 0
      vertex 53.1021 -31.6979 2.575
      vertex 52.8445 -31.4865 2.575
    endloop
  endfacet
  facet normal -0.634381 -0.773021 -0
    outer loop
      vertex 53.1021 -31.6979 2.575
      vertex 52.8445 -31.4865 0
      vertex 53.1021 -31.6979 0
    endloop
  endfacet
  facet normal 0.773021 -0.634381 2.36908e-20
    outer loop
      vertex 50.4865 -31.9555 2.575
      vertex 50.6979 -31.6979 0
      vertex 50.6979 -31.6979 2.575
    endloop
  endfacet
  facet normal 0.773021 -0.634381 2.36908e-20
    outer loop
      vertex 50.6979 -31.6979 0
      vertex 50.4865 -31.9555 2.575
      vertex 50.4865 -31.9555 0
    endloop
  endfacet
  facet normal 0.471413 -0.881912 0
    outer loop
      vertex 50.9555 -31.4865 0
      vertex 51.2494 -31.3294 2.575
      vertex 50.9555 -31.4865 2.575
    endloop
  endfacet
  facet normal 0.471413 -0.881912 0
    outer loop
      vertex 51.2494 -31.3294 2.575
      vertex 50.9555 -31.4865 0
      vertex 51.2494 -31.3294 0
    endloop
  endfacet
  facet normal -0.881912 -0.471413 2.87041e-18
    outer loop
      vertex 53.4706 -32.2494 0
      vertex 53.3135 -31.9555 2.575
      vertex 53.3135 -31.9555 0
    endloop
  endfacet
  facet normal -0.881912 -0.471413 2.87041e-18
    outer loop
      vertex 53.3135 -31.9555 2.575
      vertex 53.4706 -32.2494 0
      vertex 53.4706 -32.2494 2.575
    endloop
  endfacet
  facet normal -0.956971 -0.290182 -1.06608e-19
    outer loop
      vertex 53.5673 -32.5683 0
      vertex 53.4706 -32.2494 2.575
      vertex 53.4706 -32.2494 0
    endloop
  endfacet
  facet normal -0.956971 -0.290182 -1.06608e-19
    outer loop
      vertex 53.4706 -32.2494 2.575
      vertex 53.5673 -32.5683 0
      vertex 53.5673 -32.5683 2.575
    endloop
  endfacet
  facet normal -0.773021 -0.634381 -2.36908e-20
    outer loop
      vertex 53.3135 -31.9555 0
      vertex 53.1021 -31.6979 2.575
      vertex 53.1021 -31.6979 0
    endloop
  endfacet
  facet normal -0.773021 -0.634381 -2.36908e-20
    outer loop
      vertex 53.1021 -31.6979 2.575
      vertex 53.3135 -31.9555 0
      vertex 53.3135 -31.9555 2.575
    endloop
  endfacet
  facet normal -0.290182 -0.956971 0
    outer loop
      vertex 52.2317 -31.2327 0
      vertex 52.5506 -31.3294 2.575
      vertex 52.2317 -31.2327 2.575
    endloop
  endfacet
  facet normal -0.290182 -0.956971 -0
    outer loop
      vertex 52.5506 -31.3294 2.575
      vertex 52.2317 -31.2327 0
      vertex 52.5506 -31.3294 0
    endloop
  endfacet
  facet normal -0.0981075 -0.995176 0
    outer loop
      vertex 51.9 -31.2 0
      vertex 52.2317 -31.2327 2.575
      vertex 51.9 -31.2 2.575
    endloop
  endfacet
  facet normal -0.0981075 -0.995176 -0
    outer loop
      vertex 52.2317 -31.2327 2.575
      vertex 51.9 -31.2 0
      vertex 52.2317 -31.2327 0
    endloop
  endfacet
  facet normal -0.471413 -0.881912 0
    outer loop
      vertex 52.5506 -31.3294 0
      vertex 52.8445 -31.4865 2.575
      vertex 52.5506 -31.3294 2.575
    endloop
  endfacet
  facet normal -0.471413 -0.881912 -0
    outer loop
      vertex 52.8445 -31.4865 2.575
      vertex 52.5506 -31.3294 0
      vertex 52.8445 -31.4865 0
    endloop
  endfacet
  facet normal 0.956971 -0.290182 5.40939e-19
    outer loop
      vertex 50.2327 -32.5683 2.575
      vertex 50.3294 -32.2494 0
      vertex 50.3294 -32.2494 2.575
    endloop
  endfacet
  facet normal 0.956971 -0.290182 5.40939e-19
    outer loop
      vertex 50.3294 -32.2494 0
      vertex 50.2327 -32.5683 2.575
      vertex 50.2327 -32.5683 0
    endloop
  endfacet
  facet normal 0.881912 -0.471413 -2.87041e-18
    outer loop
      vertex 50.3294 -32.2494 2.575
      vertex 50.4865 -31.9555 0
      vertex 50.4865 -31.9555 2.575
    endloop
  endfacet
  facet normal 0.881912 -0.471413 -2.87041e-18
    outer loop
      vertex 50.4865 -31.9555 0
      vertex 50.3294 -32.2494 2.575
      vertex 50.3294 -32.2494 0
    endloop
  endfacet
  facet normal 0.995176 -0.0981075 4.03646e-19
    outer loop
      vertex 50.2 -32.9 2.575
      vertex 50.2327 -32.5683 0
      vertex 50.2327 -32.5683 2.575
    endloop
  endfacet
  facet normal 0.995176 -0.0981075 4.03646e-19
    outer loop
      vertex 50.2327 -32.5683 0
      vertex 50.2 -32.9 2.575
      vertex 50.2 -32.9 0
    endloop
  endfacet
  facet normal 0.634381 -0.773021 0
    outer loop
      vertex 50.6979 -31.6979 0
      vertex 50.9555 -31.4865 2.575
      vertex 50.6979 -31.6979 2.575
    endloop
  endfacet
  facet normal 0.634381 -0.773021 0
    outer loop
      vertex 50.9555 -31.4865 2.575
      vertex 50.6979 -31.6979 0
      vertex 50.9555 -31.4865 0
    endloop
  endfacet
  facet normal 0.290182 -0.956971 0
    outer loop
      vertex 51.2494 -31.3294 0
      vertex 51.5683 -31.2327 2.575
      vertex 51.2494 -31.3294 2.575
    endloop
  endfacet
  facet normal 0.290182 -0.956971 0
    outer loop
      vertex 51.5683 -31.2327 2.575
      vertex 51.2494 -31.3294 0
      vertex 51.5683 -31.2327 0
    endloop
  endfacet
  facet normal -0.995176 0.0981075 4.03646e-19
    outer loop
      vertex 53.5673 -33.2317 0
      vertex 53.6 -32.9 2.575
      vertex 53.6 -32.9 0
    endloop
  endfacet
  facet normal -0.995176 0.0981075 4.03646e-19
    outer loop
      vertex 53.6 -32.9 2.575
      vertex 53.5673 -33.2317 0
      vertex 53.5673 -33.2317 2.575
    endloop
  endfacet
  facet normal 0.995176 0.0981075 -4.03646e-19
    outer loop
      vertex 50.2327 -33.2317 2.575
      vertex 50.2 -32.9 0
      vertex 50.2 -32.9 2.575
    endloop
  endfacet
  facet normal 0.995176 0.0981075 -4.03646e-19
    outer loop
      vertex 50.2 -32.9 0
      vertex 50.2327 -33.2317 2.575
      vertex 50.2327 -33.2317 0
    endloop
  endfacet
  facet normal -0.881912 0.471413 -3.9167e-18
    outer loop
      vertex 53.3135 -33.8445 0
      vertex 53.4706 -33.5506 2.575
      vertex 53.4706 -33.5506 0
    endloop
  endfacet
  facet normal -0.881912 0.471413 -3.9167e-18
    outer loop
      vertex 53.4706 -33.5506 2.575
      vertex 53.3135 -33.8445 0
      vertex 53.3135 -33.8445 2.575
    endloop
  endfacet
  facet normal 0.773021 0.634381 1.89131e-18
    outer loop
      vertex 50.6979 -34.1021 2.575
      vertex 50.4865 -33.8445 0
      vertex 50.4865 -33.8445 2.575
    endloop
  endfacet
  facet normal 0.773021 0.634381 1.89131e-18
    outer loop
      vertex 50.4865 -33.8445 0
      vertex 50.6979 -34.1021 2.575
      vertex 50.6979 -34.1021 0
    endloop
  endfacet
  facet normal -0.634381 0.773021 0
    outer loop
      vertex 53.1021 -34.1021 0
      vertex 52.8445 -34.3135 2.575
      vertex 53.1021 -34.1021 2.575
    endloop
  endfacet
  facet normal -0.634381 0.773021 0
    outer loop
      vertex 52.8445 -34.3135 2.575
      vertex 53.1021 -34.1021 0
      vertex 52.8445 -34.3135 0
    endloop
  endfacet
  facet normal -0.956971 0.290182 -6.12011e-20
    outer loop
      vertex 53.4706 -33.5506 0
      vertex 53.5673 -33.2317 2.575
      vertex 53.5673 -33.2317 0
    endloop
  endfacet
  facet normal -0.956971 0.290182 -6.12011e-20
    outer loop
      vertex 53.5673 -33.2317 2.575
      vertex 53.4706 -33.5506 0
      vertex 53.4706 -33.5506 2.575
    endloop
  endfacet
  facet normal 0.0981075 0.995176 -0
    outer loop
      vertex 51.9 -34.6 0
      vertex 51.5683 -34.5673 2.575
      vertex 51.9 -34.6 2.575
    endloop
  endfacet
  facet normal 0.0981075 0.995176 0
    outer loop
      vertex 51.5683 -34.5673 2.575
      vertex 51.9 -34.6 0
      vertex 51.5683 -34.5673 0
    endloop
  endfacet
  facet normal 0.290182 0.956971 -0
    outer loop
      vertex 51.5683 -34.5673 0
      vertex 51.2494 -34.4706 2.575
      vertex 51.5683 -34.5673 2.575
    endloop
  endfacet
  facet normal 0.290182 0.956971 0
    outer loop
      vertex 51.2494 -34.4706 2.575
      vertex 51.5683 -34.5673 0
      vertex 51.2494 -34.4706 0
    endloop
  endfacet
  facet normal 0.634381 0.773021 -0
    outer loop
      vertex 50.9555 -34.3135 0
      vertex 50.6979 -34.1021 2.575
      vertex 50.9555 -34.3135 2.575
    endloop
  endfacet
  facet normal 0.634381 0.773021 0
    outer loop
      vertex 50.6979 -34.1021 2.575
      vertex 50.9555 -34.3135 0
      vertex 50.6979 -34.1021 0
    endloop
  endfacet
  facet normal 0.881912 0.471413 3.9167e-18
    outer loop
      vertex 50.4865 -33.8445 2.575
      vertex 50.3294 -33.5506 0
      vertex 50.3294 -33.5506 2.575
    endloop
  endfacet
  facet normal 0.881912 0.471413 3.9167e-18
    outer loop
      vertex 50.3294 -33.5506 0
      vertex 50.4865 -33.8445 2.575
      vertex 50.4865 -33.8445 0
    endloop
  endfacet
  facet normal 0.956971 0.290182 -3.73129e-19
    outer loop
      vertex 50.3294 -33.5506 2.575
      vertex 50.2327 -33.2317 0
      vertex 50.2327 -33.2317 2.575
    endloop
  endfacet
  facet normal 0.956971 0.290182 -3.73129e-19
    outer loop
      vertex 50.2327 -33.2317 0
      vertex 50.3294 -33.5506 2.575
      vertex 50.3294 -33.5506 0
    endloop
  endfacet
  facet normal -0.471413 0.881912 0
    outer loop
      vertex 52.8445 -34.3135 0
      vertex 52.5506 -34.4706 2.575
      vertex 52.8445 -34.3135 2.575
    endloop
  endfacet
  facet normal -0.471413 0.881912 0
    outer loop
      vertex 52.5506 -34.4706 2.575
      vertex 52.8445 -34.3135 0
      vertex 52.5506 -34.4706 0
    endloop
  endfacet
  facet normal -0.290182 0.956971 0
    outer loop
      vertex 52.5506 -34.4706 0
      vertex 52.2317 -34.5673 2.575
      vertex 52.5506 -34.4706 2.575
    endloop
  endfacet
  facet normal -0.290182 0.956971 0
    outer loop
      vertex 52.2317 -34.5673 2.575
      vertex 52.5506 -34.4706 0
      vertex 52.2317 -34.5673 0
    endloop
  endfacet
  facet normal -0.773021 0.634381 -1.89131e-18
    outer loop
      vertex 53.1021 -34.1021 0
      vertex 53.3135 -33.8445 2.575
      vertex 53.3135 -33.8445 0
    endloop
  endfacet
  facet normal -0.773021 0.634381 -1.89131e-18
    outer loop
      vertex 53.3135 -33.8445 2.575
      vertex 53.1021 -34.1021 0
      vertex 53.1021 -34.1021 2.575
    endloop
  endfacet
  facet normal 0.471413 0.881912 -0
    outer loop
      vertex 51.2494 -34.4706 0
      vertex 50.9555 -34.3135 2.575
      vertex 51.2494 -34.4706 2.575
    endloop
  endfacet
  facet normal 0.471413 0.881912 0
    outer loop
      vertex 50.9555 -34.3135 2.575
      vertex 51.2494 -34.4706 0
      vertex 50.9555 -34.3135 0
    endloop
  endfacet
  facet normal -0.649396 -0.76045 0
    outer loop
      vertex 53.9572 -30.0684 2.575
      vertex 54.3749 -30.4251 5
      vertex 53.9572 -30.0684 5
    endloop
  endfacet
  facet normal -0.649396 -0.76045 -0
    outer loop
      vertex 54.3749 -30.4251 5
      vertex 53.9572 -30.0684 2.575
      vertex 54.3749 -30.4251 2.575
    endloop
  endfacet
  facet normal 0.2334 0.972381 -0
    outer loop
      vertex 51.3525 -36.3569 2.575
      vertex 50.8184 -36.2287 5
      vertex 51.3525 -36.3569 5
    endloop
  endfacet
  facet normal 0.2334 0.972381 0
    outer loop
      vertex 50.8184 -36.2287 5
      vertex 51.3525 -36.3569 2.575
      vertex 50.8184 -36.2287 2.575
    endloop
  endfacet
  facet normal 0.2334 -0.972381 0
    outer loop
      vertex 50.8184 -29.5713 2.575
      vertex 51.3525 -29.4431 5
      vertex 50.8184 -29.5713 5
    endloop
  endfacet
  facet normal 0.2334 -0.972381 0
    outer loop
      vertex 51.3525 -29.4431 5
      vertex 50.8184 -29.5713 2.575
      vertex 51.3525 -29.4431 2.575
    endloop
  endfacet
  facet normal 0.923861 -0.382727 -1.94865e-18
    outer loop
      vertex 48.5713 -31.8184 5
      vertex 48.7815 -31.311 2.575
      vertex 48.7815 -31.311 5
    endloop
  endfacet
  facet normal 0.923861 -0.382727 -1.94865e-18
    outer loop
      vertex 48.7815 -31.311 2.575
      vertex 48.5713 -31.8184 5
      vertex 48.5713 -31.8184 2.575
    endloop
  endfacet
  facet normal -0.923861 -0.382727 1.94865e-18
    outer loop
      vertex 55.2287 -31.8184 2.575
      vertex 55.0185 -31.311 5
      vertex 55.0185 -31.311 2.575
    endloop
  endfacet
  facet normal -0.923861 -0.382727 1.94865e-18
    outer loop
      vertex 55.0185 -31.311 5
      vertex 55.2287 -31.8184 2.575
      vertex 55.2287 -31.8184 5
    endloop
  endfacet
  facet normal -0.852651 -0.522481 8.61031e-18
    outer loop
      vertex 55.0185 -31.311 2.575
      vertex 54.7316 -30.8428 5
      vertex 54.7316 -30.8428 2.575
    endloop
  endfacet
  facet normal -0.852651 -0.522481 8.61031e-18
    outer loop
      vertex 54.7316 -30.8428 5
      vertex 55.0185 -31.311 2.575
      vertex 55.0185 -31.311 5
    endloop
  endfacet
  facet normal -0.76045 -0.649396 -2.42154e-18
    outer loop
      vertex 54.7316 -30.8428 2.575
      vertex 54.3749 -30.4251 5
      vertex 54.3749 -30.4251 2.575
    endloop
  endfacet
  facet normal -0.76045 -0.649396 -2.42154e-18
    outer loop
      vertex 54.3749 -30.4251 5
      vertex 54.7316 -30.8428 2.575
      vertex 54.7316 -30.8428 5
    endloop
  endfacet
  facet normal -0.382727 -0.923861 0
    outer loop
      vertex 52.9816 -29.5713 2.575
      vertex 53.489 -29.7815 5
      vertex 52.9816 -29.5713 5
    endloop
  endfacet
  facet normal -0.382727 -0.923861 -0
    outer loop
      vertex 53.489 -29.7815 5
      vertex 52.9816 -29.5713 2.575
      vertex 53.489 -29.7815 2.575
    endloop
  endfacet
  facet normal -0.0784787 -0.996916 0
    outer loop
      vertex 51.9 -29.4 2.575
      vertex 52.4475 -29.4431 5
      vertex 51.9 -29.4 5
    endloop
  endfacet
  facet normal -0.0784787 -0.996916 -0
    outer loop
      vertex 52.4475 -29.4431 5
      vertex 51.9 -29.4 2.575
      vertex 52.4475 -29.4431 2.575
    endloop
  endfacet
  facet normal -0.2334 -0.972381 0
    outer loop
      vertex 52.4475 -29.4431 2.575
      vertex 52.9816 -29.5713 5
      vertex 52.4475 -29.4431 5
    endloop
  endfacet
  facet normal -0.2334 -0.972381 -0
    outer loop
      vertex 52.9816 -29.5713 5
      vertex 52.4475 -29.4431 2.575
      vertex 52.9816 -29.5713 2.575
    endloop
  endfacet
  facet normal 0.996916 -0.0784787 -3.61253e-19
    outer loop
      vertex 48.4 -32.9 5
      vertex 48.4431 -32.3525 2.575
      vertex 48.4431 -32.3525 5
    endloop
  endfacet
  facet normal 0.996916 -0.0784787 -3.61253e-19
    outer loop
      vertex 48.4431 -32.3525 2.575
      vertex 48.4 -32.9 5
      vertex 48.4 -32.9 2.575
    endloop
  endfacet
  facet normal 0.76045 -0.649396 2.42154e-18
    outer loop
      vertex 49.0684 -30.8428 5
      vertex 49.4251 -30.4251 2.575
      vertex 49.4251 -30.4251 5
    endloop
  endfacet
  facet normal 0.76045 -0.649396 2.42154e-18
    outer loop
      vertex 49.4251 -30.4251 2.575
      vertex 49.0684 -30.8428 5
      vertex 49.0684 -30.8428 2.575
    endloop
  endfacet
  facet normal 0.0784787 -0.996916 0
    outer loop
      vertex 51.3525 -29.4431 2.575
      vertex 51.9 -29.4 5
      vertex 51.3525 -29.4431 5
    endloop
  endfacet
  facet normal 0.0784787 -0.996916 0
    outer loop
      vertex 51.9 -29.4 5
      vertex 51.3525 -29.4431 2.575
      vertex 51.9 -29.4 2.575
    endloop
  endfacet
  facet normal 0.649396 -0.76045 0
    outer loop
      vertex 49.4251 -30.4251 2.575
      vertex 49.8428 -30.0684 5
      vertex 49.4251 -30.4251 5
    endloop
  endfacet
  facet normal 0.649396 -0.76045 0
    outer loop
      vertex 49.8428 -30.0684 5
      vertex 49.4251 -30.4251 2.575
      vertex 49.8428 -30.0684 2.575
    endloop
  endfacet
  facet normal -0.996916 -0.0784787 -3.68885e-19
    outer loop
      vertex 55.4 -32.9 2.575
      vertex 55.3569 -32.3525 5
      vertex 55.3569 -32.3525 2.575
    endloop
  endfacet
  facet normal -0.996916 -0.0784787 -3.68885e-19
    outer loop
      vertex 55.3569 -32.3525 5
      vertex 55.4 -32.9 2.575
      vertex 55.4 -32.9 5
    endloop
  endfacet
  facet normal -0.0784787 0.996916 0
    outer loop
      vertex 52.4475 -36.3569 2.575
      vertex 51.9 -36.4 5
      vertex 52.4475 -36.3569 5
    endloop
  endfacet
  facet normal -0.0784787 0.996916 0
    outer loop
      vertex 51.9 -36.4 5
      vertex 52.4475 -36.3569 2.575
      vertex 51.9 -36.4 2.575
    endloop
  endfacet
  facet normal -0.2334 0.972381 0
    outer loop
      vertex 52.9816 -36.2287 2.575
      vertex 52.4475 -36.3569 5
      vertex 52.9816 -36.2287 5
    endloop
  endfacet
  facet normal -0.2334 0.972381 0
    outer loop
      vertex 52.4475 -36.3569 5
      vertex 52.9816 -36.2287 2.575
      vertex 52.4475 -36.3569 2.575
    endloop
  endfacet
  facet normal -0.76045 0.649396 -4.71081e-18
    outer loop
      vertex 54.3749 -35.3749 2.575
      vertex 54.7316 -34.9572 5
      vertex 54.7316 -34.9572 2.575
    endloop
  endfacet
  facet normal -0.76045 0.649396 -4.71081e-18
    outer loop
      vertex 54.7316 -34.9572 5
      vertex 54.3749 -35.3749 2.575
      vertex 54.3749 -35.3749 5
    endloop
  endfacet
  facet normal 0.0784787 0.996916 -0
    outer loop
      vertex 51.9 -36.4 2.575
      vertex 51.3525 -36.3569 5
      vertex 51.9 -36.4 5
    endloop
  endfacet
  facet normal 0.0784787 0.996916 0
    outer loop
      vertex 51.3525 -36.3569 5
      vertex 51.9 -36.4 2.575
      vertex 51.3525 -36.3569 2.575
    endloop
  endfacet
  facet normal 0.649396 0.76045 -0
    outer loop
      vertex 49.8428 -35.7316 2.575
      vertex 49.4251 -35.3749 5
      vertex 49.8428 -35.7316 5
    endloop
  endfacet
  facet normal 0.649396 0.76045 0
    outer loop
      vertex 49.4251 -35.3749 5
      vertex 49.8428 -35.7316 2.575
      vertex 49.4251 -35.3749 2.575
    endloop
  endfacet
  facet normal 0.996916 0.0784787 3.61253e-19
    outer loop
      vertex 48.4431 -33.4475 5
      vertex 48.4 -32.9 2.575
      vertex 48.4 -32.9 5
    endloop
  endfacet
  facet normal 0.996916 0.0784787 3.61253e-19
    outer loop
      vertex 48.4 -32.9 2.575
      vertex 48.4431 -33.4475 5
      vertex 48.4431 -33.4475 2.575
    endloop
  endfacet
  facet normal 0 0 1
    outer loop
      vertex 53.6 -32.9 2.575
      vertex 55.4 -32.9 2.575
      vertex 55.3569 -32.3525 2.575
    endloop
  endfacet
  facet normal 0 0 1
    outer loop
      vertex 53.5673 -32.5683 2.575
      vertex 55.3569 -32.3525 2.575
      vertex 55.2287 -31.8184 2.575
    endloop
  endfacet
  facet normal 0 0 1
    outer loop
      vertex 55.4 -32.9 2.575
      vertex 53.6 -32.9 2.575
      vertex 55.3569 -33.4475 2.575
    endloop
  endfacet
  facet normal 0 0 1
    outer loop
      vertex 53.4706 -32.2494 2.575
      vertex 55.2287 -31.8184 2.575
      vertex 55.0185 -31.311 2.575
    endloop
  endfacet
  facet normal -0 0 1
    outer loop
      vertex 53.5673 -33.2317 2.575
      vertex 55.3569 -33.4475 2.575
      vertex 53.6 -32.9 2.575
    endloop
  endfacet
  facet normal 0 0 1
    outer loop
      vertex 53.3135 -31.9555 2.575
      vertex 55.0185 -31.311 2.575
      vertex 54.7316 -30.8428 2.575
    endloop
  endfacet
  facet normal 0 0 1
    outer loop
      vertex 55.3569 -33.4475 2.575
      vertex 53.5673 -33.2317 2.575
      vertex 55.2287 -33.9816 2.575
    endloop
  endfacet
  facet normal 0 0 1
    outer loop
      vertex 53.1021 -31.6979 2.575
      vertex 54.7316 -30.8428 2.575
      vertex 54.3749 -30.4251 2.575
    endloop
  endfacet
  facet normal -0 0 1
    outer loop
      vertex 53.4706 -33.5506 2.575
      vertex 55.2287 -33.9816 2.575
      vertex 53.5673 -33.2317 2.575
    endloop
  endfacet
  facet normal 0 0 1
    outer loop
      vertex 53.1021 -31.6979 2.575
      vertex 54.3749 -30.4251 2.575
      vertex 53.9572 -30.0684 2.575
    endloop
  endfacet
  facet normal 0 0 1
    outer loop
      vertex 55.2287 -33.9816 2.575
      vertex 53.4706 -33.5506 2.575
      vertex 55.0185 -34.489 2.575
    endloop
  endfacet
  facet normal -0 0 1
    outer loop
      vertex 53.3135 -33.8445 2.575
      vertex 55.0185 -34.489 2.575
      vertex 53.4706 -33.5506 2.575
    endloop
  endfacet
  facet normal 0 0 1
    outer loop
      vertex 55.3569 -32.3525 2.575
      vertex 53.5673 -32.5683 2.575
      vertex 53.6 -32.9 2.575
    endloop
  endfacet
  facet normal 0 0 1
    outer loop
      vertex 52.8445 -31.4865 2.575
      vertex 53.9572 -30.0684 2.575
      vertex 53.489 -29.7815 2.575
    endloop
  endfacet
  facet normal 0 0 1
    outer loop
      vertex 55.2287 -31.8184 2.575
      vertex 53.4706 -32.2494 2.575
      vertex 53.5673 -32.5683 2.575
    endloop
  endfacet
  facet normal 0 0 1
    outer loop
      vertex 55.0185 -31.311 2.575
      vertex 53.3135 -31.9555 2.575
      vertex 53.4706 -32.2494 2.575
    endloop
  endfacet
  facet normal 0 0 1
    outer loop
      vertex 54.7316 -30.8428 2.575
      vertex 53.1021 -31.6979 2.575
      vertex 53.3135 -31.9555 2.575
    endloop
  endfacet
  facet normal 0 0 1
    outer loop
      vertex 52.5506 -31.3294 2.575
      vertex 53.489 -29.7815 2.575
      vertex 52.9816 -29.5713 2.575
    endloop
  endfacet
  facet normal 0 0 1
    outer loop
      vertex 53.9572 -30.0684 2.575
      vertex 52.8445 -31.4865 2.575
      vertex 53.1021 -31.6979 2.575
    endloop
  endfacet
  facet normal 0 0 1
    outer loop
      vertex 53.489 -29.7815 2.575
      vertex 52.5506 -31.3294 2.575
      vertex 52.8445 -31.4865 2.575
    endloop
  endfacet
  facet normal 0 0 1
    outer loop
      vertex 52.2317 -31.2327 2.575
      vertex 52.9816 -29.5713 2.575
      vertex 52.4475 -29.4431 2.575
    endloop
  endfacet
  facet normal 0 0 1
    outer loop
      vertex 52.9816 -29.5713 2.575
      vertex 52.2317 -31.2327 2.575
      vertex 52.5506 -31.3294 2.575
    endloop
  endfacet
  facet normal 0 0 1
    outer loop
      vertex 51.9 -31.2 2.575
      vertex 52.4475 -29.4431 2.575
      vertex 51.9 -29.4 2.575
    endloop
  endfacet
  facet normal 0 0 1
    outer loop
      vertex 52.4475 -29.4431 2.575
      vertex 51.9 -31.2 2.575
      vertex 52.2317 -31.2327 2.575
    endloop
  endfacet
  facet normal -0 0 1
    outer loop
      vertex 51.3525 -29.4431 2.575
      vertex 51.9 -31.2 2.575
      vertex 51.9 -29.4 2.575
    endloop
  endfacet
  facet normal 0 0 1
    outer loop
      vertex 51.9 -31.2 2.575
      vertex 51.3525 -29.4431 2.575
      vertex 51.5683 -31.2327 2.575
    endloop
  endfacet
  facet normal -0 0 1
    outer loop
      vertex 50.8184 -29.5713 2.575
      vertex 51.5683 -31.2327 2.575
      vertex 51.3525 -29.4431 2.575
    endloop
  endfacet
  facet normal 0 0 1
    outer loop
      vertex 51.5683 -31.2327 2.575
      vertex 50.8184 -29.5713 2.575
      vertex 51.2494 -31.3294 2.575
    endloop
  endfacet
  facet normal -0 0 1
    outer loop
      vertex 50.311 -29.7815 2.575
      vertex 51.2494 -31.3294 2.575
      vertex 50.8184 -29.5713 2.575
    endloop
  endfacet
  facet normal 0 0 1
    outer loop
      vertex 51.2494 -31.3294 2.575
      vertex 50.311 -29.7815 2.575
      vertex 50.9555 -31.4865 2.575
    endloop
  endfacet
  facet normal -0 0 1
    outer loop
      vertex 49.8428 -30.0684 2.575
      vertex 50.9555 -31.4865 2.575
      vertex 50.311 -29.7815 2.575
    endloop
  endfacet
  facet normal 0 0 1
    outer loop
      vertex 50.9555 -31.4865 2.575
      vertex 49.8428 -30.0684 2.575
      vertex 50.6979 -31.6979 2.575
    endloop
  endfacet
  facet normal -0 0 1
    outer loop
      vertex 49.4251 -30.4251 2.575
      vertex 50.6979 -31.6979 2.575
      vertex 49.8428 -30.0684 2.575
    endloop
  endfacet
  facet normal -0 0 1
    outer loop
      vertex 49.0684 -30.8428 2.575
      vertex 50.6979 -31.6979 2.575
      vertex 49.4251 -30.4251 2.575
    endloop
  endfacet
  facet normal 0 0 1
    outer loop
      vertex 50.6979 -31.6979 2.575
      vertex 49.0684 -30.8428 2.575
      vertex 50.4865 -31.9555 2.575
    endloop
  endfacet
  facet normal -0 0 1
    outer loop
      vertex 48.7815 -31.311 2.575
      vertex 50.4865 -31.9555 2.575
      vertex 49.0684 -30.8428 2.575
    endloop
  endfacet
  facet normal 0 0 1
    outer loop
      vertex 55.0185 -34.489 2.575
      vertex 53.3135 -33.8445 2.575
      vertex 54.7316 -34.9572 2.575
    endloop
  endfacet
  facet normal -0 0 1
    outer loop
      vertex 53.1021 -34.1021 2.575
      vertex 54.7316 -34.9572 2.575
      vertex 53.3135 -33.8445 2.575
    endloop
  endfacet
  facet normal 0 0 1
    outer loop
      vertex 54.7316 -34.9572 2.575
      vertex 53.1021 -34.1021 2.575
      vertex 54.3749 -35.3749 2.575
    endloop
  endfacet
  facet normal 0 0 1
    outer loop
      vertex 54.3749 -35.3749 2.575
      vertex 53.1021 -34.1021 2.575
      vertex 53.9572 -35.7316 2.575
    endloop
  endfacet
  facet normal -0 0 1
    outer loop
      vertex 52.8445 -34.3135 2.575
      vertex 53.9572 -35.7316 2.575
      vertex 53.1021 -34.1021 2.575
    endloop
  endfacet
  facet normal 0 0 1
    outer loop
      vertex 53.9572 -35.7316 2.575
      vertex 52.8445 -34.3135 2.575
      vertex 53.489 -36.0185 2.575
    endloop
  endfacet
  facet normal -0 0 1
    outer loop
      vertex 52.5506 -34.4706 2.575
      vertex 53.489 -36.0185 2.575
      vertex 52.8445 -34.3135 2.575
    endloop
  endfacet
  facet normal 0 0 1
    outer loop
      vertex 53.489 -36.0185 2.575
      vertex 52.5506 -34.4706 2.575
      vertex 52.9816 -36.2287 2.575
    endloop
  endfacet
  facet normal -0 0 1
    outer loop
      vertex 52.2317 -34.5673 2.575
      vertex 52.9816 -36.2287 2.575
      vertex 52.5506 -34.4706 2.575
    endloop
  endfacet
  facet normal 0 0 1
    outer loop
      vertex 52.9816 -36.2287 2.575
      vertex 52.2317 -34.5673 2.575
      vertex 52.4475 -36.3569 2.575
    endloop
  endfacet
  facet normal -0 0 1
    outer loop
      vertex 51.9 -34.6 2.575
      vertex 52.4475 -36.3569 2.575
      vertex 52.2317 -34.5673 2.575
    endloop
  endfacet
  facet normal 0 0 1
    outer loop
      vertex 51.9 -34.6 2.575
      vertex 51.9 -36.4 2.575
      vertex 52.4475 -36.3569 2.575
    endloop
  endfacet
  facet normal 0 0 1
    outer loop
      vertex 51.3525 -36.3569 2.575
      vertex 51.9 -34.6 2.575
      vertex 51.5683 -34.5673 2.575
    endloop
  endfacet
  facet normal 0 0 1
    outer loop
      vertex 51.9 -34.6 2.575
      vertex 51.3525 -36.3569 2.575
      vertex 51.9 -36.4 2.575
    endloop
  endfacet
  facet normal 0 0 1
    outer loop
      vertex 50.8184 -36.2287 2.575
      vertex 51.5683 -34.5673 2.575
      vertex 51.2494 -34.4706 2.575
    endloop
  endfacet
  facet normal 0 0 1
    outer loop
      vertex 50.311 -36.0185 2.575
      vertex 51.2494 -34.4706 2.575
      vertex 50.9555 -34.3135 2.575
    endloop
  endfacet
  facet normal 0 0 1
    outer loop
      vertex 51.5683 -34.5673 2.575
      vertex 50.8184 -36.2287 2.575
      vertex 51.3525 -36.3569 2.575
    endloop
  endfacet
  facet normal 0 0 1
    outer loop
      vertex 49.8428 -35.7316 2.575
      vertex 50.9555 -34.3135 2.575
      vertex 50.6979 -34.1021 2.575
    endloop
  endfacet
  facet normal 0 0 1
    outer loop
      vertex 49.0684 -34.9572 2.575
      vertex 50.6979 -34.1021 2.575
      vertex 50.4865 -33.8445 2.575
    endloop
  endfacet
  facet normal 0 0 1
    outer loop
      vertex 48.7815 -34.489 2.575
      vertex 50.4865 -33.8445 2.575
      vertex 50.3294 -33.5506 2.575
    endloop
  endfacet
  facet normal 0 0 1
    outer loop
      vertex 51.2494 -34.4706 2.575
      vertex 50.311 -36.0185 2.575
      vertex 50.8184 -36.2287 2.575
    endloop
  endfacet
  facet normal 0 0 1
    outer loop
      vertex 48.5713 -33.9816 2.575
      vertex 50.3294 -33.5506 2.575
      vertex 50.2327 -33.2317 2.575
    endloop
  endfacet
  facet normal 0 0 1
    outer loop
      vertex 48.4431 -33.4475 2.575
      vertex 50.2327 -33.2317 2.575
      vertex 50.2 -32.9 2.575
    endloop
  endfacet
  facet normal 0 0 1
    outer loop
      vertex 50.4865 -31.9555 2.575
      vertex 48.7815 -31.311 2.575
      vertex 50.3294 -32.2494 2.575
    endloop
  endfacet
  facet normal 0 0 1
    outer loop
      vertex 50.9555 -34.3135 2.575
      vertex 49.8428 -35.7316 2.575
      vertex 50.311 -36.0185 2.575
    endloop
  endfacet
  facet normal -0 0 1
    outer loop
      vertex 48.5713 -31.8184 2.575
      vertex 50.3294 -32.2494 2.575
      vertex 48.7815 -31.311 2.575
    endloop
  endfacet
  facet normal 0 0 1
    outer loop
      vertex 50.6979 -34.1021 2.575
      vertex 49.4251 -35.3749 2.575
      vertex 49.8428 -35.7316 2.575
    endloop
  endfacet
  facet normal 0 0 1
    outer loop
      vertex 50.3294 -32.2494 2.575
      vertex 48.5713 -31.8184 2.575
      vertex 50.2327 -32.5683 2.575
    endloop
  endfacet
  facet normal 0 0 1
    outer loop
      vertex 50.6979 -34.1021 2.575
      vertex 49.0684 -34.9572 2.575
      vertex 49.4251 -35.3749 2.575
    endloop
  endfacet
  facet normal -0 0 1
    outer loop
      vertex 48.4431 -32.3525 2.575
      vertex 50.2327 -32.5683 2.575
      vertex 48.5713 -31.8184 2.575
    endloop
  endfacet
  facet normal 0 0 1
    outer loop
      vertex 50.4865 -33.8445 2.575
      vertex 48.7815 -34.489 2.575
      vertex 49.0684 -34.9572 2.575
    endloop
  endfacet
  facet normal 0 0 1
    outer loop
      vertex 50.2327 -32.5683 2.575
      vertex 48.4431 -32.3525 2.575
      vertex 50.2 -32.9 2.575
    endloop
  endfacet
  facet normal 0 0 1
    outer loop
      vertex 50.3294 -33.5506 2.575
      vertex 48.5713 -33.9816 2.575
      vertex 48.7815 -34.489 2.575
    endloop
  endfacet
  facet normal 0 0 1
    outer loop
      vertex 48.4 -32.9 2.575
      vertex 50.2 -32.9 2.575
      vertex 48.4431 -32.3525 2.575
    endloop
  endfacet
  facet normal 0 0 1
    outer loop
      vertex 50.2327 -33.2317 2.575
      vertex 48.4431 -33.4475 2.575
      vertex 48.5713 -33.9816 2.575
    endloop
  endfacet
  facet normal 0 0 1
    outer loop
      vertex 50.2 -32.9 2.575
      vertex 48.4 -32.9 2.575
      vertex 48.4431 -33.4475 2.575
    endloop
  endfacet
  facet normal 0.76045 0.649396 4.71081e-18
    outer loop
      vertex 49.4251 -35.3749 5
      vertex 49.0684 -34.9572 2.575
      vertex 49.0684 -34.9572 5
    endloop
  endfacet
  facet normal 0.76045 0.649396 4.71081e-18
    outer loop
      vertex 49.0684 -34.9572 2.575
      vertex 49.4251 -35.3749 5
      vertex 49.4251 -35.3749 2.575
    endloop
  endfacet
  facet normal -0.972381 -0.2334 -4.91948e-18
    outer loop
      vertex 55.3569 -32.3525 2.575
      vertex 55.2287 -31.8184 5
      vertex 55.2287 -31.8184 2.575
    endloop
  endfacet
  facet normal -0.972381 -0.2334 -4.91948e-18
    outer loop
      vertex 55.2287 -31.8184 5
      vertex 55.3569 -32.3525 2.575
      vertex 55.3569 -32.3525 5
    endloop
  endfacet
  facet normal -0.522481 -0.852651 0
    outer loop
      vertex 53.489 -29.7815 2.575
      vertex 53.9572 -30.0684 5
      vertex 53.489 -29.7815 5
    endloop
  endfacet
  facet normal -0.522481 -0.852651 -0
    outer loop
      vertex 53.9572 -30.0684 5
      vertex 53.489 -29.7815 2.575
      vertex 53.9572 -30.0684 2.575
    endloop
  endfacet
  facet normal 0.972381 -0.2334 4.91948e-18
    outer loop
      vertex 48.4431 -32.3525 5
      vertex 48.5713 -31.8184 2.575
      vertex 48.5713 -31.8184 5
    endloop
  endfacet
  facet normal 0.972381 -0.2334 4.91948e-18
    outer loop
      vertex 48.5713 -31.8184 2.575
      vertex 48.4431 -32.3525 5
      vertex 48.4431 -32.3525 2.575
    endloop
  endfacet
  facet normal 0.852651 -0.522481 9.30239e-18
    outer loop
      vertex 48.7815 -31.311 5
      vertex 49.0684 -30.8428 2.575
      vertex 49.0684 -30.8428 5
    endloop
  endfacet
  facet normal 0.852651 -0.522481 9.30239e-18
    outer loop
      vertex 49.0684 -30.8428 2.575
      vertex 48.7815 -31.311 5
      vertex 48.7815 -31.311 2.575
    endloop
  endfacet
  facet normal 0.522481 -0.852651 0
    outer loop
      vertex 49.8428 -30.0684 2.575
      vertex 50.311 -29.7815 5
      vertex 49.8428 -30.0684 5
    endloop
  endfacet
  facet normal 0.522481 -0.852651 0
    outer loop
      vertex 50.311 -29.7815 5
      vertex 49.8428 -30.0684 2.575
      vertex 50.311 -29.7815 2.575
    endloop
  endfacet
  facet normal 0.382727 -0.923861 0
    outer loop
      vertex 50.311 -29.7815 2.575
      vertex 50.8184 -29.5713 5
      vertex 50.311 -29.7815 5
    endloop
  endfacet
  facet normal 0.382727 -0.923861 0
    outer loop
      vertex 50.8184 -29.5713 5
      vertex 50.311 -29.7815 2.575
      vertex 50.8184 -29.5713 2.575
    endloop
  endfacet
  facet normal -0.972381 0.2334 -3.61202e-18
    outer loop
      vertex 55.2287 -33.9816 2.575
      vertex 55.3569 -33.4475 5
      vertex 55.3569 -33.4475 2.575
    endloop
  endfacet
  facet normal -0.972381 0.2334 -3.61202e-18
    outer loop
      vertex 55.3569 -33.4475 5
      vertex 55.2287 -33.9816 2.575
      vertex 55.2287 -33.9816 5
    endloop
  endfacet
  facet normal -0.649396 0.76045 0
    outer loop
      vertex 54.3749 -35.3749 2.575
      vertex 53.9572 -35.7316 5
      vertex 54.3749 -35.3749 5
    endloop
  endfacet
  facet normal -0.649396 0.76045 0
    outer loop
      vertex 53.9572 -35.7316 5
      vertex 54.3749 -35.3749 2.575
      vertex 53.9572 -35.7316 2.575
    endloop
  endfacet
  facet normal -0.382727 0.923861 0
    outer loop
      vertex 53.489 -36.0185 2.575
      vertex 52.9816 -36.2287 5
      vertex 53.489 -36.0185 5
    endloop
  endfacet
  facet normal -0.382727 0.923861 0
    outer loop
      vertex 52.9816 -36.2287 5
      vertex 53.489 -36.0185 2.575
      vertex 52.9816 -36.2287 2.575
    endloop
  endfacet
  facet normal -0.852651 0.522481 -2.83957e-18
    outer loop
      vertex 54.7316 -34.9572 2.575
      vertex 55.0185 -34.489 5
      vertex 55.0185 -34.489 2.575
    endloop
  endfacet
  facet normal -0.852651 0.522481 -2.83957e-18
    outer loop
      vertex 55.0185 -34.489 5
      vertex 54.7316 -34.9572 2.575
      vertex 54.7316 -34.9572 5
    endloop
  endfacet
  facet normal 0.522481 0.852651 -0
    outer loop
      vertex 50.311 -36.0185 2.575
      vertex 49.8428 -35.7316 5
      vertex 50.311 -36.0185 5
    endloop
  endfacet
  facet normal 0.522481 0.852651 0
    outer loop
      vertex 49.8428 -35.7316 5
      vertex 50.311 -36.0185 2.575
      vertex 49.8428 -35.7316 2.575
    endloop
  endfacet
  facet normal 0.972381 0.2334 3.61202e-18
    outer loop
      vertex 48.5713 -33.9816 5
      vertex 48.4431 -33.4475 2.575
      vertex 48.4431 -33.4475 5
    endloop
  endfacet
  facet normal 0.972381 0.2334 3.61202e-18
    outer loop
      vertex 48.4431 -33.4475 2.575
      vertex 48.5713 -33.9816 5
      vertex 48.5713 -33.9816 2.575
    endloop
  endfacet
  facet normal 0.923861 0.382727 3.91256e-18
    outer loop
      vertex 48.7815 -34.489 5
      vertex 48.5713 -33.9816 2.575
      vertex 48.5713 -33.9816 5
    endloop
  endfacet
  facet normal 0.923861 0.382727 3.91256e-18
    outer loop
      vertex 48.5713 -33.9816 2.575
      vertex 48.7815 -34.489 5
      vertex 48.7815 -34.489 2.575
    endloop
  endfacet
  facet normal -0.996916 0.0784787 3.68885e-19
    outer loop
      vertex 55.3569 -33.4475 2.575
      vertex 55.4 -32.9 5
      vertex 55.4 -32.9 2.575
    endloop
  endfacet
  facet normal -0.996916 0.0784787 3.68885e-19
    outer loop
      vertex 55.4 -32.9 5
      vertex 55.3569 -33.4475 2.575
      vertex 55.3569 -33.4475 5
    endloop
  endfacet
  facet normal -0.522481 0.852651 0
    outer loop
      vertex 53.9572 -35.7316 2.575
      vertex 53.489 -36.0185 5
      vertex 53.9572 -35.7316 5
    endloop
  endfacet
  facet normal -0.522481 0.852651 0
    outer loop
      vertex 53.489 -36.0185 5
      vertex 53.9572 -35.7316 2.575
      vertex 53.489 -36.0185 2.575
    endloop
  endfacet
  facet normal -0.923861 0.382727 -3.91256e-18
    outer loop
      vertex 55.0185 -34.489 2.575
      vertex 55.2287 -33.9816 5
      vertex 55.2287 -33.9816 2.575
    endloop
  endfacet
  facet normal -0.923861 0.382727 -3.91256e-18
    outer loop
      vertex 55.2287 -33.9816 5
      vertex 55.0185 -34.489 2.575
      vertex 55.0185 -34.489 5
    endloop
  endfacet
  facet normal 0.382727 0.923861 -0
    outer loop
      vertex 50.8184 -36.2287 2.575
      vertex 50.311 -36.0185 5
      vertex 50.8184 -36.2287 5
    endloop
  endfacet
  facet normal 0.382727 0.923861 0
    outer loop
      vertex 50.311 -36.0185 5
      vertex 50.8184 -36.2287 2.575
      vertex 50.311 -36.0185 2.575
    endloop
  endfacet
  facet normal 0.852651 0.522481 5.77074e-18
    outer loop
      vertex 49.0684 -34.9572 5
      vertex 48.7815 -34.489 2.575
      vertex 48.7815 -34.489 5
    endloop
  endfacet
  facet normal 0.852651 0.522481 5.77074e-18
    outer loop
      vertex 48.7815 -34.489 2.575
      vertex 49.0684 -34.9572 5
      vertex 49.0684 -34.9572 2.575
    endloop
  endfacet
  facet normal -0.995176 -0.0981075 -4.03646e-19
    outer loop
      vertex 53.6 32.9 0
      vertex 53.5673 33.2317 2.575
      vertex 53.5673 33.2317 0
    endloop
  endfacet
  facet normal -0.995176 -0.0981075 -4.03646e-19
    outer loop
      vertex 53.5673 33.2317 2.575
      vertex 53.6 32.9 0
      vertex 53.6 32.9 2.575
    endloop
  endfacet
  facet normal 0.0981075 -0.995176 0
    outer loop
      vertex 51.5683 34.5673 0
      vertex 51.9 34.6 2.575
      vertex 51.5683 34.5673 2.575
    endloop
  endfacet
  facet normal 0.0981075 -0.995176 0
    outer loop
      vertex 51.9 34.6 2.575
      vertex 51.5683 34.5673 0
      vertex 51.9 34.6 0
    endloop
  endfacet
  facet normal -0.0981075 0.995176 0
    outer loop
      vertex 52.2317 31.2327 0
      vertex 51.9 31.2 2.575
      vertex 52.2317 31.2327 2.575
    endloop
  endfacet
  facet normal -0.0981075 0.995176 0
    outer loop
      vertex 51.9 31.2 2.575
      vertex 52.2317 31.2327 0
      vertex 51.9 31.2 0
    endloop
  endfacet
  facet normal -0.634381 -0.773021 0
    outer loop
      vertex 52.8445 34.3135 0
      vertex 53.1021 34.1021 2.575
      vertex 52.8445 34.3135 2.575
    endloop
  endfacet
  facet normal -0.634381 -0.773021 -0
    outer loop
      vertex 53.1021 34.1021 2.575
      vertex 52.8445 34.3135 0
      vertex 53.1021 34.1021 0
    endloop
  endfacet
  facet normal 0.773021 -0.634381 -1.89131e-18
    outer loop
      vertex 50.4865 33.8445 2.575
      vertex 50.6979 34.1021 0
      vertex 50.6979 34.1021 2.575
    endloop
  endfacet
  facet normal 0.773021 -0.634381 -1.89131e-18
    outer loop
      vertex 50.6979 34.1021 0
      vertex 50.4865 33.8445 2.575
      vertex 50.4865 33.8445 0
    endloop
  endfacet
  facet normal 0.471413 -0.881912 0
    outer loop
      vertex 50.9555 34.3135 0
      vertex 51.2494 34.4706 2.575
      vertex 50.9555 34.3135 2.575
    endloop
  endfacet
  facet normal 0.471413 -0.881912 0
    outer loop
      vertex 51.2494 34.4706 2.575
      vertex 50.9555 34.3135 0
      vertex 51.2494 34.4706 0
    endloop
  endfacet
  facet normal -0.773021 0.634381 2.36908e-20
    outer loop
      vertex 53.1021 31.6979 0
      vertex 53.3135 31.9555 2.575
      vertex 53.3135 31.9555 0
    endloop
  endfacet
  facet normal -0.773021 0.634381 2.36908e-20
    outer loop
      vertex 53.3135 31.9555 2.575
      vertex 53.1021 31.6979 0
      vertex 53.1021 31.6979 2.575
    endloop
  endfacet
  facet normal -0.881912 -0.471413 3.9167e-18
    outer loop
      vertex 53.4706 33.5506 0
      vertex 53.3135 33.8445 2.575
      vertex 53.3135 33.8445 0
    endloop
  endfacet
  facet normal -0.881912 -0.471413 3.9167e-18
    outer loop
      vertex 53.3135 33.8445 2.575
      vertex 53.4706 33.5506 0
      vertex 53.4706 33.5506 2.575
    endloop
  endfacet
  facet normal -0.956971 -0.290182 6.12011e-20
    outer loop
      vertex 53.5673 33.2317 0
      vertex 53.4706 33.5506 2.575
      vertex 53.4706 33.5506 0
    endloop
  endfacet
  facet normal -0.956971 -0.290182 6.12011e-20
    outer loop
      vertex 53.4706 33.5506 2.575
      vertex 53.5673 33.2317 0
      vertex 53.5673 33.2317 2.575
    endloop
  endfacet
  facet normal -0.773021 -0.634381 1.89131e-18
    outer loop
      vertex 53.3135 33.8445 0
      vertex 53.1021 34.1021 2.575
      vertex 53.1021 34.1021 0
    endloop
  endfacet
  facet normal -0.773021 -0.634381 1.89131e-18
    outer loop
      vertex 53.1021 34.1021 2.575
      vertex 53.3135 33.8445 0
      vertex 53.3135 33.8445 2.575
    endloop
  endfacet
  facet normal -0.290182 -0.956971 0
    outer loop
      vertex 52.2317 34.5673 0
      vertex 52.5506 34.4706 2.575
      vertex 52.2317 34.5673 2.575
    endloop
  endfacet
  facet normal -0.290182 -0.956971 -0
    outer loop
      vertex 52.5506 34.4706 2.575
      vertex 52.2317 34.5673 0
      vertex 52.5506 34.4706 0
    endloop
  endfacet
  facet normal -0.0981075 -0.995176 0
    outer loop
      vertex 51.9 34.6 0
      vertex 52.2317 34.5673 2.575
      vertex 51.9 34.6 2.575
    endloop
  endfacet
  facet normal -0.0981075 -0.995176 -0
    outer loop
      vertex 52.2317 34.5673 2.575
      vertex 51.9 34.6 0
      vertex 52.2317 34.5673 0
    endloop
  endfacet
  facet normal -0.471413 -0.881912 0
    outer loop
      vertex 52.5506 34.4706 0
      vertex 52.8445 34.3135 2.575
      vertex 52.5506 34.4706 2.575
    endloop
  endfacet
  facet normal -0.471413 -0.881912 -0
    outer loop
      vertex 52.8445 34.3135 2.575
      vertex 52.5506 34.4706 0
      vertex 52.8445 34.3135 0
    endloop
  endfacet
  facet normal 0.956971 -0.290182 3.73129e-19
    outer loop
      vertex 50.2327 33.2317 2.575
      vertex 50.3294 33.5506 0
      vertex 50.3294 33.5506 2.575
    endloop
  endfacet
  facet normal 0.956971 -0.290182 3.73129e-19
    outer loop
      vertex 50.3294 33.5506 0
      vertex 50.2327 33.2317 2.575
      vertex 50.2327 33.2317 0
    endloop
  endfacet
  facet normal 0.881912 -0.471413 -3.9167e-18
    outer loop
      vertex 50.3294 33.5506 2.575
      vertex 50.4865 33.8445 0
      vertex 50.4865 33.8445 2.575
    endloop
  endfacet
  facet normal 0.881912 -0.471413 -3.9167e-18
    outer loop
      vertex 50.4865 33.8445 0
      vertex 50.3294 33.5506 2.575
      vertex 50.3294 33.5506 0
    endloop
  endfacet
  facet normal 0.995176 -0.0981075 4.03646e-19
    outer loop
      vertex 50.2 32.9 2.575
      vertex 50.2327 33.2317 0
      vertex 50.2327 33.2317 2.575
    endloop
  endfacet
  facet normal 0.995176 -0.0981075 4.03646e-19
    outer loop
      vertex 50.2327 33.2317 0
      vertex 50.2 32.9 2.575
      vertex 50.2 32.9 0
    endloop
  endfacet
  facet normal 0.634381 -0.773021 0
    outer loop
      vertex 50.6979 34.1021 0
      vertex 50.9555 34.3135 2.575
      vertex 50.6979 34.1021 2.575
    endloop
  endfacet
  facet normal 0.634381 -0.773021 0
    outer loop
      vertex 50.9555 34.3135 2.575
      vertex 50.6979 34.1021 0
      vertex 50.9555 34.3135 0
    endloop
  endfacet
  facet normal 0.290182 -0.956971 0
    outer loop
      vertex 51.2494 34.4706 0
      vertex 51.5683 34.5673 2.575
      vertex 51.2494 34.4706 2.575
    endloop
  endfacet
  facet normal 0.290182 -0.956971 0
    outer loop
      vertex 51.5683 34.5673 2.575
      vertex 51.2494 34.4706 0
      vertex 51.5683 34.5673 0
    endloop
  endfacet
  facet normal -0.290182 0.956971 0
    outer loop
      vertex 52.5506 31.3294 0
      vertex 52.2317 31.2327 2.575
      vertex 52.5506 31.3294 2.575
    endloop
  endfacet
  facet normal -0.290182 0.956971 0
    outer loop
      vertex 52.2317 31.2327 2.575
      vertex 52.5506 31.3294 0
      vertex 52.2317 31.2327 0
    endloop
  endfacet
  facet normal -0.634381 0.773021 0
    outer loop
      vertex 53.1021 31.6979 0
      vertex 52.8445 31.4865 2.575
      vertex 53.1021 31.6979 2.575
    endloop
  endfacet
  facet normal -0.634381 0.773021 0
    outer loop
      vertex 52.8445 31.4865 2.575
      vertex 53.1021 31.6979 0
      vertex 52.8445 31.4865 0
    endloop
  endfacet
  facet normal 0.471413 0.881912 -0
    outer loop
      vertex 51.2494 31.3294 0
      vertex 50.9555 31.4865 2.575
      vertex 51.2494 31.3294 2.575
    endloop
  endfacet
  facet normal 0.471413 0.881912 0
    outer loop
      vertex 50.9555 31.4865 2.575
      vertex 51.2494 31.3294 0
      vertex 50.9555 31.4865 0
    endloop
  endfacet
  facet normal 0.0981075 0.995176 -0
    outer loop
      vertex 51.9 31.2 0
      vertex 51.5683 31.2327 2.575
      vertex 51.9 31.2 2.575
    endloop
  endfacet
  facet normal 0.0981075 0.995176 0
    outer loop
      vertex 51.5683 31.2327 2.575
      vertex 51.9 31.2 0
      vertex 51.5683 31.2327 0
    endloop
  endfacet
  facet normal 0.773021 0.634381 -2.36908e-20
    outer loop
      vertex 50.6979 31.6979 2.575
      vertex 50.4865 31.9555 0
      vertex 50.4865 31.9555 2.575
    endloop
  endfacet
  facet normal 0.773021 0.634381 -2.36908e-20
    outer loop
      vertex 50.4865 31.9555 0
      vertex 50.6979 31.6979 2.575
      vertex 50.6979 31.6979 0
    endloop
  endfacet
  facet normal 0.634381 0.773021 -0
    outer loop
      vertex 50.9555 31.4865 0
      vertex 50.6979 31.6979 2.575
      vertex 50.9555 31.4865 2.575
    endloop
  endfacet
  facet normal 0.634381 0.773021 0
    outer loop
      vertex 50.6979 31.6979 2.575
      vertex 50.9555 31.4865 0
      vertex 50.6979 31.6979 0
    endloop
  endfacet
  facet normal 0.956971 0.290182 -5.40939e-19
    outer loop
      vertex 50.3294 32.2494 2.575
      vertex 50.2327 32.5683 0
      vertex 50.2327 32.5683 2.575
    endloop
  endfacet
  facet normal 0.956971 0.290182 -5.40939e-19
    outer loop
      vertex 50.2327 32.5683 0
      vertex 50.3294 32.2494 2.575
      vertex 50.3294 32.2494 0
    endloop
  endfacet
  facet normal 0.995176 0.0981075 -4.03646e-19
    outer loop
      vertex 50.2327 32.5683 2.575
      vertex 50.2 32.9 0
      vertex 50.2 32.9 2.575
    endloop
  endfacet
  facet normal 0.995176 0.0981075 -4.03646e-19
    outer loop
      vertex 50.2 32.9 0
      vertex 50.2327 32.5683 2.575
      vertex 50.2327 32.5683 0
    endloop
  endfacet
  facet normal -0.471413 0.881912 0
    outer loop
      vertex 52.8445 31.4865 0
      vertex 52.5506 31.3294 2.575
      vertex 52.8445 31.4865 2.575
    endloop
  endfacet
  facet normal -0.471413 0.881912 0
    outer loop
      vertex 52.5506 31.3294 2.575
      vertex 52.8445 31.4865 0
      vertex 52.5506 31.3294 0
    endloop
  endfacet
  facet normal -0.956971 0.290182 1.06608e-19
    outer loop
      vertex 53.4706 32.2494 0
      vertex 53.5673 32.5683 2.575
      vertex 53.5673 32.5683 0
    endloop
  endfacet
  facet normal -0.956971 0.290182 1.06608e-19
    outer loop
      vertex 53.5673 32.5683 2.575
      vertex 53.4706 32.2494 0
      vertex 53.4706 32.2494 2.575
    endloop
  endfacet
  facet normal -0.881912 0.471413 -2.87041e-18
    outer loop
      vertex 53.3135 31.9555 0
      vertex 53.4706 32.2494 2.575
      vertex 53.4706 32.2494 0
    endloop
  endfacet
  facet normal -0.881912 0.471413 -2.87041e-18
    outer loop
      vertex 53.4706 32.2494 2.575
      vertex 53.3135 31.9555 0
      vertex 53.3135 31.9555 2.575
    endloop
  endfacet
  facet normal -0.995176 0.0981075 4.03646e-19
    outer loop
      vertex 53.5673 32.5683 0
      vertex 53.6 32.9 2.575
      vertex 53.6 32.9 0
    endloop
  endfacet
  facet normal -0.995176 0.0981075 4.03646e-19
    outer loop
      vertex 53.6 32.9 2.575
      vertex 53.5673 32.5683 0
      vertex 53.5673 32.5683 2.575
    endloop
  endfacet
  facet normal 0.290182 0.956971 -0
    outer loop
      vertex 51.5683 31.2327 0
      vertex 51.2494 31.3294 2.575
      vertex 51.5683 31.2327 2.575
    endloop
  endfacet
  facet normal 0.290182 0.956971 0
    outer loop
      vertex 51.2494 31.3294 2.575
      vertex 51.5683 31.2327 0
      vertex 51.2494 31.3294 0
    endloop
  endfacet
  facet normal 0.881912 0.471413 2.87041e-18
    outer loop
      vertex 50.4865 31.9555 2.575
      vertex 50.3294 32.2494 0
      vertex 50.3294 32.2494 2.575
    endloop
  endfacet
  facet normal 0.881912 0.471413 2.87041e-18
    outer loop
      vertex 50.3294 32.2494 0
      vertex 50.4865 31.9555 2.575
      vertex 50.4865 31.9555 0
    endloop
  endfacet
  facet normal -0.996916 -0.0784787 -3.68885e-19
    outer loop
      vertex 55.4 32.9 2.575
      vertex 55.3569 33.4475 5
      vertex 55.3569 33.4475 2.575
    endloop
  endfacet
  facet normal -0.996916 -0.0784787 -3.68885e-19
    outer loop
      vertex 55.3569 33.4475 5
      vertex 55.4 32.9 2.575
      vertex 55.4 32.9 5
    endloop
  endfacet
  facet normal 0.996916 -0.0784787 -3.61253e-19
    outer loop
      vertex 48.4 32.9 5
      vertex 48.4431 33.4475 2.575
      vertex 48.4431 33.4475 5
    endloop
  endfacet
  facet normal 0.996916 -0.0784787 -3.61253e-19
    outer loop
      vertex 48.4431 33.4475 2.575
      vertex 48.4 32.9 5
      vertex 48.4 32.9 2.575
    endloop
  endfacet
  facet normal -0.0784787 -0.996916 0
    outer loop
      vertex 51.9 36.4 2.575
      vertex 52.4475 36.3569 5
      vertex 51.9 36.4 5
    endloop
  endfacet
  facet normal -0.0784787 -0.996916 -0
    outer loop
      vertex 52.4475 36.3569 5
      vertex 51.9 36.4 2.575
      vertex 52.4475 36.3569 2.575
    endloop
  endfacet
  facet normal 0.0784787 0.996916 -0
    outer loop
      vertex 51.9 29.4 2.575
      vertex 51.3525 29.4431 5
      vertex 51.9 29.4 5
    endloop
  endfacet
  facet normal 0.0784787 0.996916 0
    outer loop
      vertex 51.3525 29.4431 5
      vertex 51.9 29.4 2.575
      vertex 51.3525 29.4431 2.575
    endloop
  endfacet
  facet normal -0.76045 -0.649396 4.71081e-18
    outer loop
      vertex 54.7316 34.9572 2.575
      vertex 54.3749 35.3749 5
      vertex 54.3749 35.3749 2.575
    endloop
  endfacet
  facet normal -0.76045 -0.649396 4.71081e-18
    outer loop
      vertex 54.3749 35.3749 5
      vertex 54.7316 34.9572 2.575
      vertex 54.7316 34.9572 5
    endloop
  endfacet
  facet normal 0.649396 -0.76045 0
    outer loop
      vertex 49.4251 35.3749 2.575
      vertex 49.8428 35.7316 5
      vertex 49.4251 35.3749 5
    endloop
  endfacet
  facet normal 0.649396 -0.76045 0
    outer loop
      vertex 49.8428 35.7316 5
      vertex 49.4251 35.3749 2.575
      vertex 49.8428 35.7316 2.575
    endloop
  endfacet
  facet normal 0.2334 -0.972381 0
    outer loop
      vertex 50.8184 36.2287 2.575
      vertex 51.3525 36.3569 5
      vertex 50.8184 36.2287 5
    endloop
  endfacet
  facet normal 0.2334 -0.972381 0
    outer loop
      vertex 51.3525 36.3569 5
      vertex 50.8184 36.2287 2.575
      vertex 51.3525 36.3569 2.575
    endloop
  endfacet
  facet normal -0.649396 0.76045 0
    outer loop
      vertex 54.3749 30.4251 2.575
      vertex 53.9572 30.0684 5
      vertex 54.3749 30.4251 5
    endloop
  endfacet
  facet normal -0.649396 0.76045 0
    outer loop
      vertex 53.9572 30.0684 5
      vertex 54.3749 30.4251 2.575
      vertex 53.9572 30.0684 2.575
    endloop
  endfacet
  facet normal 0 0 1
    outer loop
      vertex 53.6 32.9 2.575
      vertex 55.4 32.9 2.575
      vertex 55.3569 33.4475 2.575
    endloop
  endfacet
  facet normal 0 0 1
    outer loop
      vertex 53.5673 33.2317 2.575
      vertex 55.3569 33.4475 2.575
      vertex 55.2287 33.9816 2.575
    endloop
  endfacet
  facet normal 0 0 1
    outer loop
      vertex 55.4 32.9 2.575
      vertex 53.6 32.9 2.575
      vertex 55.3569 32.3525 2.575
    endloop
  endfacet
  facet normal 0 0 1
    outer loop
      vertex 53.4706 33.5506 2.575
      vertex 55.2287 33.9816 2.575
      vertex 55.0185 34.489 2.575
    endloop
  endfacet
  facet normal -0 0 1
    outer loop
      vertex 53.5673 32.5683 2.575
      vertex 55.3569 32.3525 2.575
      vertex 53.6 32.9 2.575
    endloop
  endfacet
  facet normal 0 0 1
    outer loop
      vertex 53.3135 33.8445 2.575
      vertex 55.0185 34.489 2.575
      vertex 54.7316 34.9572 2.575
    endloop
  endfacet
  facet normal 0 0 1
    outer loop
      vertex 55.3569 32.3525 2.575
      vertex 53.5673 32.5683 2.575
      vertex 55.2287 31.8184 2.575
    endloop
  endfacet
  facet normal 0 0 1
    outer loop
      vertex 53.1021 34.1021 2.575
      vertex 54.7316 34.9572 2.575
      vertex 54.3749 35.3749 2.575
    endloop
  endfacet
  facet normal -0 0 1
    outer loop
      vertex 53.4706 32.2494 2.575
      vertex 55.2287 31.8184 2.575
      vertex 53.5673 32.5683 2.575
    endloop
  endfacet
  facet normal 0 0 1
    outer loop
      vertex 53.1021 34.1021 2.575
      vertex 54.3749 35.3749 2.575
      vertex 53.9572 35.7316 2.575
    endloop
  endfacet
  facet normal 0 0 1
    outer loop
      vertex 55.2287 31.8184 2.575
      vertex 53.4706 32.2494 2.575
      vertex 55.0185 31.311 2.575
    endloop
  endfacet
  facet normal -0 0 1
    outer loop
      vertex 53.3135 31.9555 2.575
      vertex 55.0185 31.311 2.575
      vertex 53.4706 32.2494 2.575
    endloop
  endfacet
  facet normal 0 0 1
    outer loop
      vertex 55.3569 33.4475 2.575
      vertex 53.5673 33.2317 2.575
      vertex 53.6 32.9 2.575
    endloop
  endfacet
  facet normal 0 0 1
    outer loop
      vertex 52.8445 34.3135 2.575
      vertex 53.9572 35.7316 2.575
      vertex 53.489 36.0185 2.575
    endloop
  endfacet
  facet normal 0 0 1
    outer loop
      vertex 55.2287 33.9816 2.575
      vertex 53.4706 33.5506 2.575
      vertex 53.5673 33.2317 2.575
    endloop
  endfacet
  facet normal 0 0 1
    outer loop
      vertex 55.0185 34.489 2.575
      vertex 53.3135 33.8445 2.575
      vertex 53.4706 33.5506 2.575
    endloop
  endfacet
  facet normal 0 0 1
    outer loop
      vertex 54.7316 34.9572 2.575
      vertex 53.1021 34.1021 2.575
      vertex 53.3135 33.8445 2.575
    endloop
  endfacet
  facet normal 0 0 1
    outer loop
      vertex 52.5506 34.4706 2.575
      vertex 53.489 36.0185 2.575
      vertex 52.9816 36.2287 2.575
    endloop
  endfacet
  facet normal 0 0 1
    outer loop
      vertex 53.9572 35.7316 2.575
      vertex 52.8445 34.3135 2.575
      vertex 53.1021 34.1021 2.575
    endloop
  endfacet
  facet normal 0 0 1
    outer loop
      vertex 53.489 36.0185 2.575
      vertex 52.5506 34.4706 2.575
      vertex 52.8445 34.3135 2.575
    endloop
  endfacet
  facet normal 0 0 1
    outer loop
      vertex 52.2317 34.5673 2.575
      vertex 52.9816 36.2287 2.575
      vertex 52.4475 36.3569 2.575
    endloop
  endfacet
  facet normal 0 0 1
    outer loop
      vertex 52.9816 36.2287 2.575
      vertex 52.2317 34.5673 2.575
      vertex 52.5506 34.4706 2.575
    endloop
  endfacet
  facet normal 0 0 1
    outer loop
      vertex 51.9 34.6 2.575
      vertex 52.4475 36.3569 2.575
      vertex 51.9 36.4 2.575
    endloop
  endfacet
  facet normal 0 0 1
    outer loop
      vertex 52.4475 36.3569 2.575
      vertex 51.9 34.6 2.575
      vertex 52.2317 34.5673 2.575
    endloop
  endfacet
  facet normal -0 0 1
    outer loop
      vertex 51.3525 36.3569 2.575
      vertex 51.9 34.6 2.575
      vertex 51.9 36.4 2.575
    endloop
  endfacet
  facet normal 0 0 1
    outer loop
      vertex 51.9 34.6 2.575
      vertex 51.3525 36.3569 2.575
      vertex 51.5683 34.5673 2.575
    endloop
  endfacet
  facet normal -0 0 1
    outer loop
      vertex 50.8184 36.2287 2.575
      vertex 51.5683 34.5673 2.575
      vertex 51.3525 36.3569 2.575
    endloop
  endfacet
  facet normal 0 0 1
    outer loop
      vertex 51.5683 34.5673 2.575
      vertex 50.8184 36.2287 2.575
      vertex 51.2494 34.4706 2.575
    endloop
  endfacet
  facet normal -0 0 1
    outer loop
      vertex 50.311 36.0185 2.575
      vertex 51.2494 34.4706 2.575
      vertex 50.8184 36.2287 2.575
    endloop
  endfacet
  facet normal 0 0 1
    outer loop
      vertex 51.2494 34.4706 2.575
      vertex 50.311 36.0185 2.575
      vertex 50.9555 34.3135 2.575
    endloop
  endfacet
  facet normal -0 0 1
    outer loop
      vertex 49.8428 35.7316 2.575
      vertex 50.9555 34.3135 2.575
      vertex 50.311 36.0185 2.575
    endloop
  endfacet
  facet normal 0 0 1
    outer loop
      vertex 50.9555 34.3135 2.575
      vertex 49.8428 35.7316 2.575
      vertex 50.6979 34.1021 2.575
    endloop
  endfacet
  facet normal -0 0 1
    outer loop
      vertex 49.4251 35.3749 2.575
      vertex 50.6979 34.1021 2.575
      vertex 49.8428 35.7316 2.575
    endloop
  endfacet
  facet normal -0 0 1
    outer loop
      vertex 49.0684 34.9572 2.575
      vertex 50.6979 34.1021 2.575
      vertex 49.4251 35.3749 2.575
    endloop
  endfacet
  facet normal 0 0 1
    outer loop
      vertex 50.6979 34.1021 2.575
      vertex 49.0684 34.9572 2.575
      vertex 50.4865 33.8445 2.575
    endloop
  endfacet
  facet normal -0 0 1
    outer loop
      vertex 48.7815 34.489 2.575
      vertex 50.4865 33.8445 2.575
      vertex 49.0684 34.9572 2.575
    endloop
  endfacet
  facet normal 0 0 1
    outer loop
      vertex 55.0185 31.311 2.575
      vertex 53.3135 31.9555 2.575
      vertex 54.7316 30.8428 2.575
    endloop
  endfacet
  facet normal -0 0 1
    outer loop
      vertex 53.1021 31.6979 2.575
      vertex 54.7316 30.8428 2.575
      vertex 53.3135 31.9555 2.575
    endloop
  endfacet
  facet normal 0 0 1
    outer loop
      vertex 54.7316 30.8428 2.575
      vertex 53.1021 31.6979 2.575
      vertex 54.3749 30.4251 2.575
    endloop
  endfacet
  facet normal 0 0 1
    outer loop
      vertex 54.3749 30.4251 2.575
      vertex 53.1021 31.6979 2.575
      vertex 53.9572 30.0684 2.575
    endloop
  endfacet
  facet normal -0 0 1
    outer loop
      vertex 52.8445 31.4865 2.575
      vertex 53.9572 30.0684 2.575
      vertex 53.1021 31.6979 2.575
    endloop
  endfacet
  facet normal 0 0 1
    outer loop
      vertex 53.9572 30.0684 2.575
      vertex 52.8445 31.4865 2.575
      vertex 53.489 29.7815 2.575
    endloop
  endfacet
  facet normal -0 0 1
    outer loop
      vertex 52.5506 31.3294 2.575
      vertex 53.489 29.7815 2.575
      vertex 52.8445 31.4865 2.575
    endloop
  endfacet
  facet normal 0 0 1
    outer loop
      vertex 53.489 29.7815 2.575
      vertex 52.5506 31.3294 2.575
      vertex 52.9816 29.5713 2.575
    endloop
  endfacet
  facet normal -0 0 1
    outer loop
      vertex 52.2317 31.2327 2.575
      vertex 52.9816 29.5713 2.575
      vertex 52.5506 31.3294 2.575
    endloop
  endfacet
  facet normal 0 0 1
    outer loop
      vertex 52.9816 29.5713 2.575
      vertex 52.2317 31.2327 2.575
      vertex 52.4475 29.4431 2.575
    endloop
  endfacet
  facet normal -0 0 1
    outer loop
      vertex 51.9 31.2 2.575
      vertex 52.4475 29.4431 2.575
      vertex 52.2317 31.2327 2.575
    endloop
  endfacet
  facet normal 0 0 1
    outer loop
      vertex 51.9 31.2 2.575
      vertex 51.9 29.4 2.575
      vertex 52.4475 29.4431 2.575
    endloop
  endfacet
  facet normal 0 0 1
    outer loop
      vertex 51.3525 29.4431 2.575
      vertex 51.9 31.2 2.575
      vertex 51.5683 31.2327 2.575
    endloop
  endfacet
  facet normal 0 0 1
    outer loop
      vertex 51.9 31.2 2.575
      vertex 51.3525 29.4431 2.575
      vertex 51.9 29.4 2.575
    endloop
  endfacet
  facet normal 0 0 1
    outer loop
      vertex 50.8184 29.5713 2.575
      vertex 51.5683 31.2327 2.575
      vertex 51.2494 31.3294 2.575
    endloop
  endfacet
  facet normal 0 0 1
    outer loop
      vertex 50.311 29.7815 2.575
      vertex 51.2494 31.3294 2.575
      vertex 50.9555 31.4865 2.575
    endloop
  endfacet
  facet normal 0 0 1
    outer loop
      vertex 51.5683 31.2327 2.575
      vertex 50.8184 29.5713 2.575
      vertex 51.3525 29.4431 2.575
    endloop
  endfacet
  facet normal 0 0 1
    outer loop
      vertex 49.8428 30.0684 2.575
      vertex 50.9555 31.4865 2.575
      vertex 50.6979 31.6979 2.575
    endloop
  endfacet
  facet normal 0 0 1
    outer loop
      vertex 49.0684 30.8428 2.575
      vertex 50.6979 31.6979 2.575
      vertex 50.4865 31.9555 2.575
    endloop
  endfacet
  facet normal 0 0 1
    outer loop
      vertex 48.7815 31.311 2.575
      vertex 50.4865 31.9555 2.575
      vertex 50.3294 32.2494 2.575
    endloop
  endfacet
  facet normal 0 0 1
    outer loop
      vertex 51.2494 31.3294 2.575
      vertex 50.311 29.7815 2.575
      vertex 50.8184 29.5713 2.575
    endloop
  endfacet
  facet normal 0 0 1
    outer loop
      vertex 48.5713 31.8184 2.575
      vertex 50.3294 32.2494 2.575
      vertex 50.2327 32.5683 2.575
    endloop
  endfacet
  facet normal 0 0 1
    outer loop
      vertex 48.4431 32.3525 2.575
      vertex 50.2327 32.5683 2.575
      vertex 50.2 32.9 2.575
    endloop
  endfacet
  facet normal 0 0 1
    outer loop
      vertex 50.4865 33.8445 2.575
      vertex 48.7815 34.489 2.575
      vertex 50.3294 33.5506 2.575
    endloop
  endfacet
  facet normal 0 0 1
    outer loop
      vertex 50.9555 31.4865 2.575
      vertex 49.8428 30.0684 2.575
      vertex 50.311 29.7815 2.575
    endloop
  endfacet
  facet normal -0 0 1
    outer loop
      vertex 48.5713 33.9816 2.575
      vertex 50.3294 33.5506 2.575
      vertex 48.7815 34.489 2.575
    endloop
  endfacet
  facet normal 0 0 1
    outer loop
      vertex 50.6979 31.6979 2.575
      vertex 49.4251 30.4251 2.575
      vertex 49.8428 30.0684 2.575
    endloop
  endfacet
  facet normal 0 0 1
    outer loop
      vertex 50.3294 33.5506 2.575
      vertex 48.5713 33.9816 2.575
      vertex 50.2327 33.2317 2.575
    endloop
  endfacet
  facet normal 0 0 1
    outer loop
      vertex 50.6979 31.6979 2.575
      vertex 49.0684 30.8428 2.575
      vertex 49.4251 30.4251 2.575
    endloop
  endfacet
  facet normal -0 0 1
    outer loop
      vertex 48.4431 33.4475 2.575
      vertex 50.2327 33.2317 2.575
      vertex 48.5713 33.9816 2.575
    endloop
  endfacet
  facet normal 0 0 1
    outer loop
      vertex 50.4865 31.9555 2.575
      vertex 48.7815 31.311 2.575
      vertex 49.0684 30.8428 2.575
    endloop
  endfacet
  facet normal 0 0 1
    outer loop
      vertex 50.2327 33.2317 2.575
      vertex 48.4431 33.4475 2.575
      vertex 50.2 32.9 2.575
    endloop
  endfacet
  facet normal 0 0 1
    outer loop
      vertex 50.3294 32.2494 2.575
      vertex 48.5713 31.8184 2.575
      vertex 48.7815 31.311 2.575
    endloop
  endfacet
  facet normal 0 0 1
    outer loop
      vertex 48.4 32.9 2.575
      vertex 50.2 32.9 2.575
      vertex 48.4431 33.4475 2.575
    endloop
  endfacet
  facet normal 0 0 1
    outer loop
      vertex 50.2327 32.5683 2.575
      vertex 48.4431 32.3525 2.575
      vertex 48.5713 31.8184 2.575
    endloop
  endfacet
  facet normal 0 0 1
    outer loop
      vertex 50.2 32.9 2.575
      vertex 48.4 32.9 2.575
      vertex 48.4431 32.3525 2.575
    endloop
  endfacet
  facet normal -0.923861 -0.382727 3.91256e-18
    outer loop
      vertex 55.2287 33.9816 2.575
      vertex 55.0185 34.489 5
      vertex 55.0185 34.489 2.575
    endloop
  endfacet
  facet normal -0.923861 -0.382727 3.91256e-18
    outer loop
      vertex 55.0185 34.489 5
      vertex 55.2287 33.9816 2.575
      vertex 55.2287 33.9816 5
    endloop
  endfacet
  facet normal -0.972381 -0.2334 3.61202e-18
    outer loop
      vertex 55.3569 33.4475 2.575
      vertex 55.2287 33.9816 5
      vertex 55.2287 33.9816 2.575
    endloop
  endfacet
  facet normal -0.972381 -0.2334 3.61202e-18
    outer loop
      vertex 55.2287 33.9816 5
      vertex 55.3569 33.4475 2.575
      vertex 55.3569 33.4475 5
    endloop
  endfacet
  facet normal -0.852651 -0.522481 2.83957e-18
    outer loop
      vertex 55.0185 34.489 2.575
      vertex 54.7316 34.9572 5
      vertex 54.7316 34.9572 2.575
    endloop
  endfacet
  facet normal -0.852651 -0.522481 2.83957e-18
    outer loop
      vertex 54.7316 34.9572 5
      vertex 55.0185 34.489 2.575
      vertex 55.0185 34.489 5
    endloop
  endfacet
  facet normal -0.382727 -0.923861 0
    outer loop
      vertex 52.9816 36.2287 2.575
      vertex 53.489 36.0185 5
      vertex 52.9816 36.2287 5
    endloop
  endfacet
  facet normal -0.382727 -0.923861 -0
    outer loop
      vertex 53.489 36.0185 5
      vertex 52.9816 36.2287 2.575
      vertex 53.489 36.0185 2.575
    endloop
  endfacet
  facet normal -0.2334 -0.972381 0
    outer loop
      vertex 52.4475 36.3569 2.575
      vertex 52.9816 36.2287 5
      vertex 52.4475 36.3569 5
    endloop
  endfacet
  facet normal -0.2334 -0.972381 -0
    outer loop
      vertex 52.9816 36.2287 5
      vertex 52.4475 36.3569 2.575
      vertex 52.9816 36.2287 2.575
    endloop
  endfacet
  facet normal -0.649396 -0.76045 0
    outer loop
      vertex 53.9572 35.7316 2.575
      vertex 54.3749 35.3749 5
      vertex 53.9572 35.7316 5
    endloop
  endfacet
  facet normal -0.649396 -0.76045 -0
    outer loop
      vertex 54.3749 35.3749 5
      vertex 53.9572 35.7316 2.575
      vertex 54.3749 35.3749 2.575
    endloop
  endfacet
  facet normal 0.852651 -0.522481 -5.77074e-18
    outer loop
      vertex 48.7815 34.489 5
      vertex 49.0684 34.9572 2.575
      vertex 49.0684 34.9572 5
    endloop
  endfacet
  facet normal 0.852651 -0.522481 -5.77074e-18
    outer loop
      vertex 49.0684 34.9572 2.575
      vertex 48.7815 34.489 5
      vertex 48.7815 34.489 2.575
    endloop
  endfacet
  facet normal 0.76045 -0.649396 -4.71081e-18
    outer loop
      vertex 49.0684 34.9572 5
      vertex 49.4251 35.3749 2.575
      vertex 49.4251 35.3749 5
    endloop
  endfacet
  facet normal 0.76045 -0.649396 -4.71081e-18
    outer loop
      vertex 49.4251 35.3749 2.575
      vertex 49.0684 34.9572 5
      vertex 49.0684 34.9572 2.575
    endloop
  endfacet
  facet normal 0.972381 -0.2334 -3.61202e-18
    outer loop
      vertex 48.4431 33.4475 5
      vertex 48.5713 33.9816 2.575
      vertex 48.5713 33.9816 5
    endloop
  endfacet
  facet normal 0.972381 -0.2334 -3.61202e-18
    outer loop
      vertex 48.5713 33.9816 2.575
      vertex 48.4431 33.4475 5
      vertex 48.4431 33.4475 2.575
    endloop
  endfacet
  facet normal 0.522481 -0.852651 0
    outer loop
      vertex 49.8428 35.7316 2.575
      vertex 50.311 36.0185 5
      vertex 49.8428 35.7316 5
    endloop
  endfacet
  facet normal 0.522481 -0.852651 0
    outer loop
      vertex 50.311 36.0185 5
      vertex 49.8428 35.7316 2.575
      vertex 50.311 36.0185 2.575
    endloop
  endfacet
  facet normal 0.0784787 -0.996916 0
    outer loop
      vertex 51.3525 36.3569 2.575
      vertex 51.9 36.4 5
      vertex 51.3525 36.3569 5
    endloop
  endfacet
  facet normal 0.0784787 -0.996916 0
    outer loop
      vertex 51.9 36.4 5
      vertex 51.3525 36.3569 2.575
      vertex 51.9 36.4 2.575
    endloop
  endfacet
  facet normal -0.923861 0.382727 -1.94865e-18
    outer loop
      vertex 55.0185 31.311 2.575
      vertex 55.2287 31.8184 5
      vertex 55.2287 31.8184 2.575
    endloop
  endfacet
  facet normal -0.923861 0.382727 -1.94865e-18
    outer loop
      vertex 55.2287 31.8184 5
      vertex 55.0185 31.311 2.575
      vertex 55.0185 31.311 5
    endloop
  endfacet
  facet normal -0.0784787 0.996916 0
    outer loop
      vertex 52.4475 29.4431 2.575
      vertex 51.9 29.4 5
      vertex 52.4475 29.4431 5
    endloop
  endfacet
  facet normal -0.0784787 0.996916 0
    outer loop
      vertex 51.9 29.4 5
      vertex 52.4475 29.4431 2.575
      vertex 51.9 29.4 2.575
    endloop
  endfacet
  facet normal 0.649396 0.76045 -0
    outer loop
      vertex 49.8428 30.0684 2.575
      vertex 49.4251 30.4251 5
      vertex 49.8428 30.0684 5
    endloop
  endfacet
  facet normal 0.649396 0.76045 0
    outer loop
      vertex 49.4251 30.4251 5
      vertex 49.8428 30.0684 2.575
      vertex 49.4251 30.4251 2.575
    endloop
  endfacet
  facet normal 0.2334 0.972381 -0
    outer loop
      vertex 51.3525 29.4431 2.575
      vertex 50.8184 29.5713 5
      vertex 51.3525 29.4431 5
    endloop
  endfacet
  facet normal 0.2334 0.972381 0
    outer loop
      vertex 50.8184 29.5713 5
      vertex 51.3525 29.4431 2.575
      vertex 50.8184 29.5713 2.575
    endloop
  endfacet
  facet normal 0.76045 0.649396 -2.42154e-18
    outer loop
      vertex 49.4251 30.4251 5
      vertex 49.0684 30.8428 2.575
      vertex 49.0684 30.8428 5
    endloop
  endfacet
  facet normal 0.76045 0.649396 -2.42154e-18
    outer loop
      vertex 49.0684 30.8428 2.575
      vertex 49.4251 30.4251 5
      vertex 49.4251 30.4251 2.575
    endloop
  endfacet
  facet normal 0.996916 0.0784787 3.61253e-19
    outer loop
      vertex 48.4431 32.3525 5
      vertex 48.4 32.9 2.575
      vertex 48.4 32.9 5
    endloop
  endfacet
  facet normal 0.996916 0.0784787 3.61253e-19
    outer loop
      vertex 48.4 32.9 2.575
      vertex 48.4431 32.3525 5
      vertex 48.4431 32.3525 2.575
    endloop
  endfacet
  facet normal 0.923861 -0.382727 -3.91256e-18
    outer loop
      vertex 48.5713 33.9816 5
      vertex 48.7815 34.489 2.575
      vertex 48.7815 34.489 5
    endloop
  endfacet
  facet normal 0.923861 -0.382727 -3.91256e-18
    outer loop
      vertex 48.7815 34.489 2.575
      vertex 48.5713 33.9816 5
      vertex 48.5713 33.9816 2.575
    endloop
  endfacet
  facet normal -0.2334 0.972381 0
    outer loop
      vertex 52.9816 29.5713 2.575
      vertex 52.4475 29.4431 5
      vertex 52.9816 29.5713 5
    endloop
  endfacet
  facet normal -0.2334 0.972381 0
    outer loop
      vertex 52.4475 29.4431 5
      vertex 52.9816 29.5713 2.575
      vertex 52.4475 29.4431 2.575
    endloop
  endfacet
  facet normal -0.382727 0.923861 0
    outer loop
      vertex 53.489 29.7815 2.575
      vertex 52.9816 29.5713 5
      vertex 53.489 29.7815 5
    endloop
  endfacet
  facet normal -0.382727 0.923861 0
    outer loop
      vertex 52.9816 29.5713 5
      vertex 53.489 29.7815 2.575
      vertex 52.9816 29.5713 2.575
    endloop
  endfacet
  facet normal -0.522481 0.852651 0
    outer loop
      vertex 53.9572 30.0684 2.575
      vertex 53.489 29.7815 5
      vertex 53.9572 30.0684 5
    endloop
  endfacet
  facet normal -0.522481 0.852651 0
    outer loop
      vertex 53.489 29.7815 5
      vertex 53.9572 30.0684 2.575
      vertex 53.489 29.7815 2.575
    endloop
  endfacet
  facet normal -0.76045 0.649396 2.42154e-18
    outer loop
      vertex 54.3749 30.4251 2.575
      vertex 54.7316 30.8428 5
      vertex 54.7316 30.8428 2.575
    endloop
  endfacet
  facet normal -0.76045 0.649396 2.42154e-18
    outer loop
      vertex 54.7316 30.8428 5
      vertex 54.3749 30.4251 2.575
      vertex 54.3749 30.4251 5
    endloop
  endfacet
  facet normal -0.972381 0.2334 4.91948e-18
    outer loop
      vertex 55.2287 31.8184 2.575
      vertex 55.3569 32.3525 5
      vertex 55.3569 32.3525 2.575
    endloop
  endfacet
  facet normal -0.972381 0.2334 4.91948e-18
    outer loop
      vertex 55.3569 32.3525 5
      vertex 55.2287 31.8184 2.575
      vertex 55.2287 31.8184 5
    endloop
  endfacet
  facet normal 0.522481 0.852651 -0
    outer loop
      vertex 50.311 29.7815 2.575
      vertex 49.8428 30.0684 5
      vertex 50.311 29.7815 5
    endloop
  endfacet
  facet normal 0.522481 0.852651 0
    outer loop
      vertex 49.8428 30.0684 5
      vertex 50.311 29.7815 2.575
      vertex 49.8428 30.0684 2.575
    endloop
  endfacet
  facet normal 0.382727 0.923861 -0
    outer loop
      vertex 50.8184 29.5713 2.575
      vertex 50.311 29.7815 5
      vertex 50.8184 29.5713 5
    endloop
  endfacet
  facet normal 0.382727 0.923861 0
    outer loop
      vertex 50.311 29.7815 5
      vertex 50.8184 29.5713 2.575
      vertex 50.311 29.7815 2.575
    endloop
  endfacet
  facet normal 0.923861 0.382727 1.94865e-18
    outer loop
      vertex 48.7815 31.311 5
      vertex 48.5713 31.8184 2.575
      vertex 48.5713 31.8184 5
    endloop
  endfacet
  facet normal 0.923861 0.382727 1.94865e-18
    outer loop
      vertex 48.5713 31.8184 2.575
      vertex 48.7815 31.311 5
      vertex 48.7815 31.311 2.575
    endloop
  endfacet
  facet normal 0.972381 0.2334 -4.91948e-18
    outer loop
      vertex 48.5713 31.8184 5
      vertex 48.4431 32.3525 2.575
      vertex 48.4431 32.3525 5
    endloop
  endfacet
  facet normal 0.972381 0.2334 -4.91948e-18
    outer loop
      vertex 48.4431 32.3525 2.575
      vertex 48.5713 31.8184 5
      vertex 48.5713 31.8184 2.575
    endloop
  endfacet
  facet normal -0.522481 -0.852651 0
    outer loop
      vertex 53.489 36.0185 2.575
      vertex 53.9572 35.7316 5
      vertex 53.489 36.0185 5
    endloop
  endfacet
  facet normal -0.522481 -0.852651 -0
    outer loop
      vertex 53.9572 35.7316 5
      vertex 53.489 36.0185 2.575
      vertex 53.9572 35.7316 2.575
    endloop
  endfacet
  facet normal 0.382727 -0.923861 0
    outer loop
      vertex 50.311 36.0185 2.575
      vertex 50.8184 36.2287 5
      vertex 50.311 36.0185 5
    endloop
  endfacet
  facet normal 0.382727 -0.923861 0
    outer loop
      vertex 50.8184 36.2287 5
      vertex 50.311 36.0185 2.575
      vertex 50.8184 36.2287 2.575
    endloop
  endfacet
  facet normal -0.852651 0.522481 -8.61031e-18
    outer loop
      vertex 54.7316 30.8428 2.575
      vertex 55.0185 31.311 5
      vertex 55.0185 31.311 2.575
    endloop
  endfacet
  facet normal -0.852651 0.522481 -8.61031e-18
    outer loop
      vertex 55.0185 31.311 5
      vertex 54.7316 30.8428 2.575
      vertex 54.7316 30.8428 5
    endloop
  endfacet
  facet normal -0.996916 0.0784787 3.68885e-19
    outer loop
      vertex 55.3569 32.3525 2.575
      vertex 55.4 32.9 5
      vertex 55.4 32.9 2.575
    endloop
  endfacet
  facet normal -0.996916 0.0784787 3.68885e-19
    outer loop
      vertex 55.4 32.9 5
      vertex 55.3569 32.3525 2.575
      vertex 55.3569 32.3525 5
    endloop
  endfacet
  facet normal 0.852651 0.522481 -9.30239e-18
    outer loop
      vertex 49.0684 30.8428 5
      vertex 48.7815 31.311 2.575
      vertex 48.7815 31.311 5
    endloop
  endfacet
  facet normal 0.852651 0.522481 -9.30239e-18
    outer loop
      vertex 48.7815 31.311 2.575
      vertex 49.0684 30.8428 5
      vertex 49.0684 30.8428 2.575
    endloop
  endfacet
  facet normal -0.980815 -0.19494 -3.15995e-19
    outer loop
      vertex -59.7978 -38.6765 0
      vertex -59.8743 -38.2916 5
      vertex -59.8743 -38.2916 0
    endloop
  endfacet
  facet normal -0.980815 -0.19494 -3.15995e-19
    outer loop
      vertex -59.8743 -38.2916 5
      vertex -59.7978 -38.6765 0
      vertex -59.7978 -38.6765 5
    endloop
  endfacet
  facet normal -0.946858 -0.321651 1.00172e-19
    outer loop
      vertex -59.6716 -39.048 0
      vertex -59.7978 -38.6765 5
      vertex -59.7978 -38.6765 0
    endloop
  endfacet
  facet normal -0.946858 -0.321651 1.00172e-19
    outer loop
      vertex -59.7978 -38.6765 5
      vertex -59.6716 -39.048 0
      vertex -59.6716 -39.048 5
    endloop
  endfacet
  facet normal -0.997853 -0.0654873 -2.12383e-19
    outer loop
      vertex -59.8743 -38.2916 0
      vertex -59.9 -37.9 5
      vertex -59.9 -37.9 0
    endloop
  endfacet
  facet normal -0.997853 -0.0654873 -2.12383e-19
    outer loop
      vertex -59.9 -37.9 5
      vertex -59.8743 -38.2916 0
      vertex -59.8743 -38.2916 5
    endloop
  endfacet
  facet normal 0 -1 0
    outer loop
      vertex -56.9 -40.9 0
      vertex 56.9 -40.9 5
      vertex -56.9 -40.9 5
    endloop
  endfacet
  facet normal 0 -1 -0
    outer loop
      vertex 56.9 -40.9 5
      vertex -56.9 -40.9 0
      vertex 56.9 -40.9 0
    endloop
  endfacet
  facet normal 0.0654873 -0.997853 0
    outer loop
      vertex 56.9 -40.9 0
      vertex 57.2916 -40.8743 5
      vertex 56.9 -40.9 5
    endloop
  endfacet
  facet normal 0.0654873 -0.997853 0
    outer loop
      vertex 57.2916 -40.8743 5
      vertex 56.9 -40.9 0
      vertex 57.2916 -40.8743 0
    endloop
  endfacet
  facet normal -0 0 1
    outer loop
      vertex -48.7815 31.311 5
      vertex -12.8175 23.1675 5
      vertex -48.5713 31.8184 5
    endloop
  endfacet
  facet normal 0 0 1
    outer loop
      vertex -13.1273 -23.406 5
      vertex -48.4431 -32.3525 5
      vertex -48.4 -32.9 5
    endloop
  endfacet
  facet normal -0 0 1
    outer loop
      vertex -49.0684 30.8428 5
      vertex -12.8175 23.1675 5
      vertex -48.7815 31.311 5
    endloop
  endfacet
  facet normal 0 0 1
    outer loop
      vertex -13.1273 -23.406 5
      vertex -48.5713 -31.8184 5
      vertex -48.4431 -32.3525 5
    endloop
  endfacet
  facet normal -0 0 1
    outer loop
      vertex -49.4251 30.4251 5
      vertex -12.8175 23.1675 5
      vertex -49.0684 30.8428 5
    endloop
  endfacet
  facet normal 0 0 1
    outer loop
      vertex -13.1273 -23.406 5
      vertex -48.7815 -31.311 5
      vertex -48.5713 -31.8184 5
    endloop
  endfacet
  facet normal -0 0 1
    outer loop
      vertex -49.8428 30.0684 5
      vertex -12.8175 23.1675 5
      vertex -49.4251 30.4251 5
    endloop
  endfacet
  facet normal 0 0 1
    outer loop
      vertex -13.1273 -23.406 5
      vertex -49.0684 -30.8428 5
      vertex -48.7815 -31.311 5
    endloop
  endfacet
  facet normal -0 0 1
    outer loop
      vertex -50.311 29.7815 5
      vertex -12.8175 23.1675 5
      vertex -49.8428 30.0684 5
    endloop
  endfacet
  facet normal 0 0 1
    outer loop
      vertex -13.1273 -23.406 5
      vertex -49.4251 -30.4251 5
      vertex -49.0684 -30.8428 5
    endloop
  endfacet
  facet normal 0 0 1
    outer loop
      vertex -12.8175 23.1675 5
      vertex -50.311 29.7815 5
      vertex -13.1273 -23.406 5
    endloop
  endfacet
  facet normal 0 0 1
    outer loop
      vertex -13.1273 -23.406 5
      vertex -49.8428 -30.0684 5
      vertex -49.4251 -30.4251 5
    endloop
  endfacet
  facet normal 0 0 1
    outer loop
      vertex -50.311 -29.7815 5
      vertex -13.1273 -23.406 5
      vertex -50.311 29.7815 5
    endloop
  endfacet
  facet normal 0 0 1
    outer loop
      vertex -13.1273 -23.406 5
      vertex -50.311 -29.7815 5
      vertex -49.8428 -30.0684 5
    endloop
  endfacet
  facet normal -0 0 1
    outer loop
      vertex -50.8184 29.5713 5
      vertex -50.311 -29.7815 5
      vertex -50.311 29.7815 5
    endloop
  endfacet
  facet normal 0 0 1
    outer loop
      vertex -50.8184 29.5713 5
      vertex -50.8184 -29.5713 5
      vertex -50.311 -29.7815 5
    endloop
  endfacet
  facet normal -0 0 1
    outer loop
      vertex -51.3525 29.4431 5
      vertex -50.8184 -29.5713 5
      vertex -50.8184 29.5713 5
    endloop
  endfacet
  facet normal 0 0 1
    outer loop
      vertex -51.3525 29.4431 5
      vertex -51.3525 -29.4431 5
      vertex -50.8184 -29.5713 5
    endloop
  endfacet
  facet normal -0 0 1
    outer loop
      vertex -51.9 29.4 5
      vertex -51.3525 -29.4431 5
      vertex -51.3525 29.4431 5
    endloop
  endfacet
  facet normal 0 0 1
    outer loop
      vertex -51.9 29.4 5
      vertex -51.9 -29.4 5
      vertex -51.3525 -29.4431 5
    endloop
  endfacet
  facet normal 0 0 1
    outer loop
      vertex -52.4475 29.4431 5
      vertex -51.9 -29.4 5
      vertex -51.9 29.4 5
    endloop
  endfacet
  facet normal 0 0 1
    outer loop
      vertex -52.4475 29.4431 5
      vertex -52.4475 -29.4431 5
      vertex -51.9 -29.4 5
    endloop
  endfacet
  facet normal 0 0 1
    outer loop
      vertex -52.9816 29.5713 5
      vertex -52.4475 -29.4431 5
      vertex -52.4475 29.4431 5
    endloop
  endfacet
  facet normal 0 0 1
    outer loop
      vertex -52.9816 29.5713 5
      vertex -52.9816 -29.5713 5
      vertex -52.4475 -29.4431 5
    endloop
  endfacet
  facet normal 0 0 1
    outer loop
      vertex -53.489 29.7815 5
      vertex -52.9816 -29.5713 5
      vertex -52.9816 29.5713 5
    endloop
  endfacet
  facet normal 0 0 1
    outer loop
      vertex -53.489 29.7815 5
      vertex -53.489 -29.7815 5
      vertex -52.9816 -29.5713 5
    endloop
  endfacet
  facet normal 0 0 1
    outer loop
      vertex -53.9572 30.0684 5
      vertex -53.489 -29.7815 5
      vertex -53.489 29.7815 5
    endloop
  endfacet
  facet normal 0 0 1
    outer loop
      vertex -53.9572 30.0684 5
      vertex -53.9572 -30.0684 5
      vertex -53.489 -29.7815 5
    endloop
  endfacet
  facet normal 0 0 1
    outer loop
      vertex -54.3749 30.4251 5
      vertex -53.9572 -30.0684 5
      vertex -53.9572 30.0684 5
    endloop
  endfacet
  facet normal 0 0 1
    outer loop
      vertex -54.3749 30.4251 5
      vertex -54.3749 -30.4251 5
      vertex -53.9572 -30.0684 5
    endloop
  endfacet
  facet normal 0 0 1
    outer loop
      vertex -54.7316 30.8428 5
      vertex -54.3749 -30.4251 5
      vertex -54.3749 30.4251 5
    endloop
  endfacet
  facet normal 0 0 1
    outer loop
      vertex -54.7316 30.8428 5
      vertex -54.7316 -30.8428 5
      vertex -54.3749 -30.4251 5
    endloop
  endfacet
  facet normal 0 0 1
    outer loop
      vertex -59.9 37.9 5
      vertex -54.7316 30.8428 5
      vertex -55.0185 31.311 5
    endloop
  endfacet
  facet normal 0 0 1
    outer loop
      vertex -54.7316 30.8428 5
      vertex -59.9 37.9 5
      vertex -54.7316 -30.8428 5
    endloop
  endfacet
  facet normal 0 0 1
    outer loop
      vertex -59.9 37.9 5
      vertex -55.0185 31.311 5
      vertex -55.2287 31.8184 5
    endloop
  endfacet
  facet normal 0 0 1
    outer loop
      vertex -59.9 -37.9 5
      vertex -54.7316 -30.8428 5
      vertex -59.9 37.9 5
    endloop
  endfacet
  facet normal 0 0 1
    outer loop
      vertex -59.9 37.9 5
      vertex -55.2287 31.8184 5
      vertex -55.3569 32.3525 5
    endloop
  endfacet
  facet normal 0 0 1
    outer loop
      vertex -54.7316 -30.8428 5
      vertex -59.9 -37.9 5
      vertex -55.0185 -31.311 5
    endloop
  endfacet
  facet normal 0 0 1
    outer loop
      vertex -59.9 37.9 5
      vertex -55.3569 32.3525 5
      vertex -55.4 32.9 5
    endloop
  endfacet
  facet normal 0 0 1
    outer loop
      vertex -55.0185 -31.311 5
      vertex -59.9 -37.9 5
      vertex -55.2287 -31.8184 5
    endloop
  endfacet
  facet normal -0 0 1
    outer loop
      vertex -4.58908 29.5745 5
      vertex -0.509491 27.654 5
      vertex -0.178528 29.5745 5
    endloop
  endfacet
  facet normal 0 0 1
    outer loop
      vertex -0.509491 27.654 5
      vertex -4.58908 29.5745 5
      vertex -4.58908 27.654 5
    endloop
  endfacet
  facet normal -0 0 1
    outer loop
      vertex 2.64824 29.5745 5
      vertex 6.55968 27.2091 5
      vertex 6.68448 29.5745 5
    endloop
  endfacet
  facet normal 0 0 1
    outer loop
      vertex 6.55968 27.2091 5
      vertex 2.64824 29.5745 5
      vertex 2.64824 27.2091 5
    endloop
  endfacet
  facet normal 0 0 1
    outer loop
      vertex 6.55968 27.2091 5
      vertex 9.5258 29.5745 5
      vertex 7.0575 29.5745 5
    endloop
  endfacet
  facet normal 0 0 1
    outer loop
      vertex 55.0185 31.311 5
      vertex 59.9 37.9 5
      vertex 55.2287 31.8184 5
    endloop
  endfacet
  facet normal 0 0 1
    outer loop
      vertex 59.9 -37.9 5
      vertex 55.3569 -32.3525 5
      vertex 55.4 -32.9 5
    endloop
  endfacet
  facet normal 0 0 1
    outer loop
      vertex 54.7316 30.8428 5
      vertex 59.9 37.9 5
      vertex 55.0185 31.311 5
    endloop
  endfacet
  facet normal 0 0 1
    outer loop
      vertex 59.9 -37.9 5
      vertex 55.2287 -31.8184 5
      vertex 55.3569 -32.3525 5
    endloop
  endfacet
  facet normal 0 0 1
    outer loop
      vertex 59.9 37.9 5
      vertex 54.7316 30.8428 5
      vertex 59.9 -37.9 5
    endloop
  endfacet
  facet normal 0 0 1
    outer loop
      vertex 59.9 -37.9 5
      vertex 55.0185 -31.311 5
      vertex 55.2287 -31.8184 5
    endloop
  endfacet
  facet normal -0 0 1
    outer loop
      vertex 54.7316 -30.8428 5
      vertex 59.9 -37.9 5
      vertex 54.7316 30.8428 5
    endloop
  endfacet
  facet normal 0 0 1
    outer loop
      vertex 59.9 -37.9 5
      vertex 54.7316 -30.8428 5
      vertex 55.0185 -31.311 5
    endloop
  endfacet
  facet normal -0 0 1
    outer loop
      vertex 54.3749 30.4251 5
      vertex 54.7316 -30.8428 5
      vertex 54.7316 30.8428 5
    endloop
  endfacet
  facet normal 0 0 1
    outer loop
      vertex 54.3749 30.4251 5
      vertex 54.3749 -30.4251 5
      vertex 54.7316 -30.8428 5
    endloop
  endfacet
  facet normal -0 0 1
    outer loop
      vertex 53.9572 30.0684 5
      vertex 54.3749 -30.4251 5
      vertex 54.3749 30.4251 5
    endloop
  endfacet
  facet normal 0 0 1
    outer loop
      vertex 53.9572 30.0684 5
      vertex 53.9572 -30.0684 5
      vertex 54.3749 -30.4251 5
    endloop
  endfacet
  facet normal -0 0 1
    outer loop
      vertex 53.489 29.7815 5
      vertex 53.9572 -30.0684 5
      vertex 53.9572 30.0684 5
    endloop
  endfacet
  facet normal 0 0 1
    outer loop
      vertex 53.489 29.7815 5
      vertex 53.489 -29.7815 5
      vertex 53.9572 -30.0684 5
    endloop
  endfacet
  facet normal -0 0 1
    outer loop
      vertex 52.9816 29.5713 5
      vertex 53.489 -29.7815 5
      vertex 53.489 29.7815 5
    endloop
  endfacet
  facet normal 0 0 1
    outer loop
      vertex 52.9816 29.5713 5
      vertex 52.9816 -29.5713 5
      vertex 53.489 -29.7815 5
    endloop
  endfacet
  facet normal -0 0 1
    outer loop
      vertex 52.4475 29.4431 5
      vertex 52.9816 -29.5713 5
      vertex 52.9816 29.5713 5
    endloop
  endfacet
  facet normal 0 0 1
    outer loop
      vertex 52.4475 29.4431 5
      vertex 52.4475 -29.4431 5
      vertex 52.9816 -29.5713 5
    endloop
  endfacet
  facet normal -0 0 1
    outer loop
      vertex 51.9 29.4 5
      vertex 52.4475 -29.4431 5
      vertex 52.4475 29.4431 5
    endloop
  endfacet
  facet normal 0 0 1
    outer loop
      vertex 51.9 29.4 5
      vertex 51.9 -29.4 5
      vertex 52.4475 -29.4431 5
    endloop
  endfacet
  facet normal 0 0 1
    outer loop
      vertex 51.3525 29.4431 5
      vertex 51.9 -29.4 5
      vertex 51.9 29.4 5
    endloop
  endfacet
  facet normal 0 0 1
    outer loop
      vertex 51.3525 29.4431 5
      vertex 51.3525 -29.4431 5
      vertex 51.9 -29.4 5
    endloop
  endfacet
  facet normal 0 0 1
    outer loop
      vertex 50.8184 29.5713 5
      vertex 51.3525 -29.4431 5
      vertex 51.3525 29.4431 5
    endloop
  endfacet
  facet normal 0 0 1
    outer loop
      vertex 50.8184 29.5713 5
      vertex 50.8184 -29.5713 5
      vertex 51.3525 -29.4431 5
    endloop
  endfacet
  facet normal 0 0 1
    outer loop
      vertex 50.311 29.7815 5
      vertex 50.8184 -29.5713 5
      vertex 50.8184 29.5713 5
    endloop
  endfacet
  facet normal 0 0 1
    outer loop
      vertex 50.311 29.7815 5
      vertex 50.311 -29.7815 5
      vertex 50.8184 -29.5713 5
    endloop
  endfacet
  facet normal 0 0 1
    outer loop
      vertex 11.1262 23.1675 5
      vertex 50.311 29.7815 5
      vertex 49.8428 30.0684 5
    endloop
  endfacet
  facet normal 0 0 1
    outer loop
      vertex 50.311 29.7815 5
      vertex 13.1273 -23.406 5
      vertex 50.311 -29.7815 5
    endloop
  endfacet
  facet normal 0 0 1
    outer loop
      vertex 11.1262 23.1675 5
      vertex 49.8428 30.0684 5
      vertex 49.4251 30.4251 5
    endloop
  endfacet
  facet normal 0 0 1
    outer loop
      vertex 50.311 -29.7815 5
      vertex 13.1273 -23.406 5
      vertex 49.8428 -30.0684 5
    endloop
  endfacet
  facet normal 0 0 1
    outer loop
      vertex 11.1262 23.1675 5
      vertex 49.4251 30.4251 5
      vertex 49.0684 30.8428 5
    endloop
  endfacet
  facet normal -0 -0 1
    outer loop
      vertex 13.6039 -24.1645 5
      vertex 49.8428 -30.0684 5
      vertex 13.1273 -23.406 5
    endloop
  endfacet
  facet normal 0 0 1
    outer loop
      vertex 13.6001 29.5745 5
      vertex 49.0684 30.8428 5
      vertex 48.7815 31.311 5
    endloop
  endfacet
  facet normal 0 0 1
    outer loop
      vertex 49.8428 -30.0684 5
      vertex 13.6039 -24.1645 5
      vertex 49.4251 -30.4251 5
    endloop
  endfacet
  facet normal 0 0 1
    outer loop
      vertex 13.6001 29.5745 5
      vertex 48.7815 31.311 5
      vertex 48.5713 31.8184 5
    endloop
  endfacet
  facet normal 0 0 1
    outer loop
      vertex 49.4251 -30.4251 5
      vertex 13.6039 -24.1645 5
      vertex 49.0684 -30.8428 5
    endloop
  endfacet
  facet normal 0 0 1
    outer loop
      vertex 13.6001 29.5745 5
      vertex 48.5713 31.8184 5
      vertex 48.4431 32.3525 5
    endloop
  endfacet
  facet normal -0 -0 1
    outer loop
      vertex 13.8997 -25.0099 5
      vertex 49.0684 -30.8428 5
      vertex 13.6039 -24.1645 5
    endloop
  endfacet
  facet normal 0 0 1
    outer loop
      vertex 13.6001 30.8113 5
      vertex 48.4431 32.3525 5
      vertex 48.4 32.9 5
    endloop
  endfacet
  facet normal 0 0 1
    outer loop
      vertex 49.0684 -30.8428 5
      vertex 13.8997 -25.0099 5
      vertex 48.7815 -31.311 5
    endloop
  endfacet
  facet normal 0 0 1
    outer loop
      vertex 56.9 40.9 5
      vertex 59.9 37.9 5
      vertex 59.8743 38.2916 5
    endloop
  endfacet
  facet normal 0 0 1
    outer loop
      vertex 55.3569 32.3525 5
      vertex 59.9 37.9 5
      vertex 55.4 32.9 5
    endloop
  endfacet
  facet normal 0 0 1
    outer loop
      vertex 56.9 40.9 5
      vertex 59.8743 38.2916 5
      vertex 59.7978 38.6765 5
    endloop
  endfacet
  facet normal 0 0 1
    outer loop
      vertex 55.2287 31.8184 5
      vertex 59.9 37.9 5
      vertex 55.3569 32.3525 5
    endloop
  endfacet
  facet normal 0 0 1
    outer loop
      vertex 56.9 40.9 5
      vertex 59.7978 38.6765 5
      vertex 59.6716 39.048 5
    endloop
  endfacet
  facet normal -0 0 1
    outer loop
      vertex 55.3569 -33.4475 5
      vertex 59.9 -37.9 5
      vertex 55.4 -32.9 5
    endloop
  endfacet
  facet normal 0 0 1
    outer loop
      vertex 56.9 40.9 5
      vertex 59.6716 39.048 5
      vertex 59.4981 39.4 5
    endloop
  endfacet
  facet normal -0 0 1
    outer loop
      vertex 55.2287 -33.9816 5
      vertex 59.9 -37.9 5
      vertex 55.3569 -33.4475 5
    endloop
  endfacet
  facet normal 0 0 1
    outer loop
      vertex 56.9 40.9 5
      vertex 59.4981 39.4 5
      vertex 59.2801 39.7263 5
    endloop
  endfacet
  facet normal -0 0 1
    outer loop
      vertex 55.0185 -34.489 5
      vertex 59.9 -37.9 5
      vertex 55.2287 -33.9816 5
    endloop
  endfacet
  facet normal 0 0 1
    outer loop
      vertex 56.9 40.9 5
      vertex 59.2801 39.7263 5
      vertex 59.0213 40.0213 5
    endloop
  endfacet
  facet normal -0 0 1
    outer loop
      vertex 54.7316 -34.9572 5
      vertex 59.9 -37.9 5
      vertex 55.0185 -34.489 5
    endloop
  endfacet
  facet normal 0 0 1
    outer loop
      vertex 56.9 40.9 5
      vertex 59.0213 40.0213 5
      vertex 58.7263 40.2801 5
    endloop
  endfacet
  facet normal -0 0 1
    outer loop
      vertex 54.3749 -35.3749 5
      vertex 59.9 -37.9 5
      vertex 54.7316 -34.9572 5
    endloop
  endfacet
  facet normal 0 0 1
    outer loop
      vertex 56.9 40.9 5
      vertex 58.7263 40.2801 5
      vertex 58.4 40.4981 5
    endloop
  endfacet
  facet normal 0 -0 1
    outer loop
      vertex 56.9 -40.9 5
      vertex 59.9 -37.9 5
      vertex 54.3749 -35.3749 5
    endloop
  endfacet
  facet normal 0 0 1
    outer loop
      vertex 56.9 40.9 5
      vertex 58.4 40.4981 5
      vertex 58.048 40.6716 5
    endloop
  endfacet
  facet normal 0 0 1
    outer loop
      vertex 59.9 -37.9 5
      vertex 56.9 -40.9 5
      vertex 59.8743 -38.2916 5
    endloop
  endfacet
  facet normal 0 0 1
    outer loop
      vertex 56.9 40.9 5
      vertex 58.048 40.6716 5
      vertex 57.6765 40.7978 5
    endloop
  endfacet
  facet normal 0 0 1
    outer loop
      vertex 59.8743 -38.2916 5
      vertex 56.9 -40.9 5
      vertex 59.7978 -38.6765 5
    endloop
  endfacet
  facet normal 0 0 1
    outer loop
      vertex 56.9 40.9 5
      vertex 57.6765 40.7978 5
      vertex 57.2916 40.8743 5
    endloop
  endfacet
  facet normal 0 0 1
    outer loop
      vertex 59.7978 -38.6765 5
      vertex 56.9 -40.9 5
      vertex 59.6716 -39.048 5
    endloop
  endfacet
  facet normal 0 0 1
    outer loop
      vertex 59.9 37.9 5
      vertex 56.9 40.9 5
      vertex 54.3749 35.3749 5
    endloop
  endfacet
  facet normal 0 0 1
    outer loop
      vertex 59.6716 -39.048 5
      vertex 56.9 -40.9 5
      vertex 59.4981 -39.4 5
    endloop
  endfacet
  facet normal 0 0 1
    outer loop
      vertex 59.4981 -39.4 5
      vertex 56.9 -40.9 5
      vertex 59.2801 -39.7263 5
    endloop
  endfacet
  facet normal 0 0 1
    outer loop
      vertex 59.9 37.9 5
      vertex 55.3569 33.4475 5
      vertex 55.4 32.9 5
    endloop
  endfacet
  facet normal 0 0 1
    outer loop
      vertex 59.9 37.9 5
      vertex 55.2287 33.9816 5
      vertex 55.3569 33.4475 5
    endloop
  endfacet
  facet normal 0 0 1
    outer loop
      vertex 59.9 37.9 5
      vertex 55.0185 34.489 5
      vertex 55.2287 33.9816 5
    endloop
  endfacet
  facet normal 0 0 1
    outer loop
      vertex 59.9 37.9 5
      vertex 54.7316 34.9572 5
      vertex 55.0185 34.489 5
    endloop
  endfacet
  facet normal 0 0 1
    outer loop
      vertex 59.9 37.9 5
      vertex 54.3749 35.3749 5
      vertex 54.7316 34.9572 5
    endloop
  endfacet
  facet normal 0 0 1
    outer loop
      vertex 56.9 40.9 5
      vertex 53.9572 35.7316 5
      vertex 54.3749 35.3749 5
    endloop
  endfacet
  facet normal 0 0 1
    outer loop
      vertex 56.9 40.9 5
      vertex 53.489 36.0185 5
      vertex 53.9572 35.7316 5
    endloop
  endfacet
  facet normal 0 0 1
    outer loop
      vertex 56.9 40.9 5
      vertex 52.9816 36.2287 5
      vertex 53.489 36.0185 5
    endloop
  endfacet
  facet normal 0 0 1
    outer loop
      vertex 56.9 40.9 5
      vertex 52.4475 36.3569 5
      vertex 52.9816 36.2287 5
    endloop
  endfacet
  facet normal 0 0 1
    outer loop
      vertex 56.9 40.9 5
      vertex 51.9 36.4 5
      vertex 52.4475 36.3569 5
    endloop
  endfacet
  facet normal 0 0 1
    outer loop
      vertex 56.9 40.9 5
      vertex 51.3525 36.3569 5
      vertex 51.9 36.4 5
    endloop
  endfacet
  facet normal 0 0 1
    outer loop
      vertex 56.9 40.9 5
      vertex 50.8184 36.2287 5
      vertex 51.3525 36.3569 5
    endloop
  endfacet
  facet normal 0 0 1
    outer loop
      vertex 56.9 40.9 5
      vertex 50.311 36.0185 5
      vertex 50.8184 36.2287 5
    endloop
  endfacet
  facet normal 0 0 1
    outer loop
      vertex 56.9 40.9 5
      vertex 49.8428 35.7316 5
      vertex 50.311 36.0185 5
    endloop
  endfacet
  facet normal -0 -0 1
    outer loop
      vertex 14 -25.9 5
      vertex 48.7815 -31.311 5
      vertex 13.8997 -25.0099 5
    endloop
  endfacet
  facet normal 0 0 1
    outer loop
      vertex 13.6001 30.8113 5
      vertex 48.4 32.9 5
      vertex 48.4431 33.4475 5
    endloop
  endfacet
  facet normal 0 0 1
    outer loop
      vertex 13.6001 30.8113 5
      vertex 48.4431 33.4475 5
      vertex 48.5713 33.9816 5
    endloop
  endfacet
  facet normal 0 0 1
    outer loop
      vertex 13.6001 30.8113 5
      vertex 48.5713 33.9816 5
      vertex 48.7815 34.489 5
    endloop
  endfacet
  facet normal -0 0 1
    outer loop
      vertex 13.8997 -26.7901 5
      vertex 48.4431 -32.3525 5
      vertex 14 -25.9 5
    endloop
  endfacet
  facet normal 0 0 1
    outer loop
      vertex 48.5713 -31.8184 5
      vertex 14 -25.9 5
      vertex 48.4431 -32.3525 5
    endloop
  endfacet
  facet normal 0 0 1
    outer loop
      vertex 48.4431 32.3525 5
      vertex 13.6001 30.8113 5
      vertex 13.6001 29.5745 5
    endloop
  endfacet
  facet normal 0 0 1
    outer loop
      vertex 49.0684 34.9572 5
      vertex 13.6001 30.8113 5
      vertex 48.7815 34.489 5
    endloop
  endfacet
  facet normal 0 0 1
    outer loop
      vertex 49.4251 35.3749 5
      vertex 13.6001 30.8113 5
      vertex 49.0684 34.9572 5
    endloop
  endfacet
  facet normal 0 0 1
    outer loop
      vertex 49.8428 35.7316 5
      vertex 13.6001 30.8113 5
      vertex 49.4251 35.3749 5
    endloop
  endfacet
  facet normal 0 0 1
    outer loop
      vertex 56.9 40.9 5
      vertex 13.6001 30.8113 5
      vertex 49.8428 35.7316 5
    endloop
  endfacet
  facet normal 0 0 1
    outer loop
      vertex 56.9 40.9 5
      vertex 7.0575 30.8113 5
      vertex 13.6001 30.8113 5
    endloop
  endfacet
  facet normal 0 0 1
    outer loop
      vertex 7.0575 30.8113 5
      vertex 6.68448 30.8113 5
      vertex 7.0575 29.5745 5
    endloop
  endfacet
  facet normal 0 0 1
    outer loop
      vertex 56.9 40.9 5
      vertex 6.68448 30.8113 5
      vertex 7.0575 30.8113 5
    endloop
  endfacet
  facet normal 0 0 1
    outer loop
      vertex 56.9 40.9 5
      vertex 1.04784 30.8113 5
      vertex 6.68448 30.8113 5
    endloop
  endfacet
  facet normal -0 0 1
    outer loop
      vertex -0.509491 26.4171 5
      vertex 1.04784 23.1675 5
      vertex 1.04784 30.8113 5
    endloop
  endfacet
  facet normal 0 0 1
    outer loop
      vertex -0.178528 29.5745 5
      vertex 1.04784 30.8113 5
      vertex -0.178528 30.8113 5
    endloop
  endfacet
  facet normal 0 0 1
    outer loop
      vertex 56.9 40.9 5
      vertex -0.178528 30.8113 5
      vertex 1.04784 30.8113 5
    endloop
  endfacet
  facet normal -0 0 1
    outer loop
      vertex -56.9 40.9 5
      vertex -0.178528 30.8113 5
      vertex 56.9 40.9 5
    endloop
  endfacet
  facet normal 0 0 1
    outer loop
      vertex -6.18948 30.8113 5
      vertex -7.11586 24.4044 5
      vertex -6.18948 23.1675 5
    endloop
  endfacet
  facet normal 0 0 1
    outer loop
      vertex -6.18948 30.8113 5
      vertex -11.2171 30.8113 5
      vertex -7.11586 24.4044 5
    endloop
  endfacet
  facet normal 0 0 1
    outer loop
      vertex -0.178528 30.8113 5
      vertex -56.9 40.9 5
      vertex -6.18948 30.8113 5
    endloop
  endfacet
  facet normal 0 0 1
    outer loop
      vertex -6.18948 30.8113 5
      vertex -56.9 40.9 5
      vertex -11.2171 30.8113 5
    endloop
  endfacet
  facet normal -0 0 1
    outer loop
      vertex -48.4431 32.3525 5
      vertex -12.8175 30.8113 5
      vertex -48.4 32.9 5
    endloop
  endfacet
  facet normal -0 0 1
    outer loop
      vertex -48.5713 31.8184 5
      vertex -12.8175 30.8113 5
      vertex -48.4431 32.3525 5
    endloop
  endfacet
  facet normal 0 0 1
    outer loop
      vertex -12.8175 30.8113 5
      vertex -48.5713 31.8184 5
      vertex -12.8175 23.1675 5
    endloop
  endfacet
  facet normal 0 0 1
    outer loop
      vertex -13.1273 -23.406 5
      vertex -48.4 -32.9 5
      vertex -13.6039 -24.1645 5
    endloop
  endfacet
  facet normal 0 0 1
    outer loop
      vertex -13.6039 -24.1645 5
      vertex -48.4 -32.9 5
      vertex -13.8997 -25.0099 5
    endloop
  endfacet
  facet normal 0 0 1
    outer loop
      vertex -11.2171 30.8113 5
      vertex -56.9 40.9 5
      vertex -12.8175 30.8113 5
    endloop
  endfacet
  facet normal 0 0 1
    outer loop
      vertex -12.8175 30.8113 5
      vertex -48.4431 33.4475 5
      vertex -48.4 32.9 5
    endloop
  endfacet
  facet normal 0 0 1
    outer loop
      vertex -12.8175 30.8113 5
      vertex -48.5713 33.9816 5
      vertex -48.4431 33.4475 5
    endloop
  endfacet
  facet normal 0 0 1
    outer loop
      vertex -12.8175 30.8113 5
      vertex -48.7815 34.489 5
      vertex -48.5713 33.9816 5
    endloop
  endfacet
  facet normal 0 0 1
    outer loop
      vertex -12.8175 30.8113 5
      vertex -49.0684 34.9572 5
      vertex -48.7815 34.489 5
    endloop
  endfacet
  facet normal 0 0 1
    outer loop
      vertex -12.8175 30.8113 5
      vertex -49.4251 35.3749 5
      vertex -49.0684 34.9572 5
    endloop
  endfacet
  facet normal 0 0 1
    outer loop
      vertex -12.8175 30.8113 5
      vertex -49.8428 35.7316 5
      vertex -49.4251 35.3749 5
    endloop
  endfacet
  facet normal 0 0 1
    outer loop
      vertex -12.8175 30.8113 5
      vertex -56.9 40.9 5
      vertex -49.8428 35.7316 5
    endloop
  endfacet
  facet normal 0 0 1
    outer loop
      vertex -49.8428 35.7316 5
      vertex -56.9 40.9 5
      vertex -50.311 36.0185 5
    endloop
  endfacet
  facet normal 0 0 1
    outer loop
      vertex -50.311 36.0185 5
      vertex -56.9 40.9 5
      vertex -50.8184 36.2287 5
    endloop
  endfacet
  facet normal 0 0 1
    outer loop
      vertex -50.8184 36.2287 5
      vertex -56.9 40.9 5
      vertex -51.3525 36.3569 5
    endloop
  endfacet
  facet normal 0 0 1
    outer loop
      vertex -55.3569 33.4475 5
      vertex -59.9 37.9 5
      vertex -55.4 32.9 5
    endloop
  endfacet
  facet normal 0 0 1
    outer loop
      vertex -55.2287 33.9816 5
      vertex -59.9 37.9 5
      vertex -55.3569 33.4475 5
    endloop
  endfacet
  facet normal 0 0 1
    outer loop
      vertex -55.0185 34.489 5
      vertex -59.9 37.9 5
      vertex -55.2287 33.9816 5
    endloop
  endfacet
  facet normal 0 0 1
    outer loop
      vertex -54.7316 34.9572 5
      vertex -59.9 37.9 5
      vertex -55.0185 34.489 5
    endloop
  endfacet
  facet normal 0 0 1
    outer loop
      vertex -54.3749 35.3749 5
      vertex -59.9 37.9 5
      vertex -54.7316 34.9572 5
    endloop
  endfacet
  facet normal -0 0 1
    outer loop
      vertex -59.9 37.9 5
      vertex -54.3749 35.3749 5
      vertex -56.9 40.9 5
    endloop
  endfacet
  facet normal 0 0 1
    outer loop
      vertex -53.9572 35.7316 5
      vertex -56.9 40.9 5
      vertex -54.3749 35.3749 5
    endloop
  endfacet
  facet normal 0 0 1
    outer loop
      vertex -53.489 36.0185 5
      vertex -56.9 40.9 5
      vertex -53.9572 35.7316 5
    endloop
  endfacet
  facet normal 0 0 1
    outer loop
      vertex -52.9816 36.2287 5
      vertex -56.9 40.9 5
      vertex -53.489 36.0185 5
    endloop
  endfacet
  facet normal 0 0 1
    outer loop
      vertex -52.4475 36.3569 5
      vertex -56.9 40.9 5
      vertex -52.9816 36.2287 5
    endloop
  endfacet
  facet normal 0 0 1
    outer loop
      vertex -51.9 36.4 5
      vertex -56.9 40.9 5
      vertex -52.4475 36.3569 5
    endloop
  endfacet
  facet normal 0 0 1
    outer loop
      vertex -51.3525 36.3569 5
      vertex -56.9 40.9 5
      vertex -51.9 36.4 5
    endloop
  endfacet
  facet normal 0 0 1
    outer loop
      vertex 59.2801 -39.7263 5
      vertex 56.9 -40.9 5
      vertex 59.0213 -40.0213 5
    endloop
  endfacet
  facet normal 0 0 1
    outer loop
      vertex 59.0213 -40.0213 5
      vertex 56.9 -40.9 5
      vertex 58.7263 -40.2801 5
    endloop
  endfacet
  facet normal 0 0 1
    outer loop
      vertex 58.7263 -40.2801 5
      vertex 56.9 -40.9 5
      vertex 58.4 -40.4981 5
    endloop
  endfacet
  facet normal 0 0 1
    outer loop
      vertex 58.4 -40.4981 5
      vertex 56.9 -40.9 5
      vertex 58.048 -40.6716 5
    endloop
  endfacet
  facet normal 0 0 1
    outer loop
      vertex 58.048 -40.6716 5
      vertex 56.9 -40.9 5
      vertex 57.6765 -40.7978 5
    endloop
  endfacet
  facet normal 0 0 1
    outer loop
      vertex 57.6765 -40.7978 5
      vertex 56.9 -40.9 5
      vertex 57.2916 -40.8743 5
    endloop
  endfacet
  facet normal -0 0 1
    outer loop
      vertex 53.9572 -35.7316 5
      vertex 56.9 -40.9 5
      vertex 54.3749 -35.3749 5
    endloop
  endfacet
  facet normal -0 0 1
    outer loop
      vertex 53.489 -36.0185 5
      vertex 56.9 -40.9 5
      vertex 53.9572 -35.7316 5
    endloop
  endfacet
  facet normal -0 0 1
    outer loop
      vertex 52.9816 -36.2287 5
      vertex 56.9 -40.9 5
      vertex 53.489 -36.0185 5
    endloop
  endfacet
  facet normal -0 0 1
    outer loop
      vertex 52.4475 -36.3569 5
      vertex 56.9 -40.9 5
      vertex 52.9816 -36.2287 5
    endloop
  endfacet
  facet normal -0 0 1
    outer loop
      vertex 51.9 -36.4 5
      vertex 56.9 -40.9 5
      vertex 52.4475 -36.3569 5
    endloop
  endfacet
  facet normal 0 0 1
    outer loop
      vertex 51.3525 -36.3569 5
      vertex 56.9 -40.9 5
      vertex 51.9 -36.4 5
    endloop
  endfacet
  facet normal 0 0 1
    outer loop
      vertex 50.8184 -36.2287 5
      vertex 56.9 -40.9 5
      vertex 51.3525 -36.3569 5
    endloop
  endfacet
  facet normal 0 0 1
    outer loop
      vertex 50.311 -36.0185 5
      vertex 56.9 -40.9 5
      vertex 50.8184 -36.2287 5
    endloop
  endfacet
  facet normal 0 0 1
    outer loop
      vertex 49.8428 -35.7316 5
      vertex 56.9 -40.9 5
      vertex 50.311 -36.0185 5
    endloop
  endfacet
  facet normal 0 0 1
    outer loop
      vertex 48.4431 -32.3525 5
      vertex 13.8997 -26.7901 5
      vertex 48.4 -32.9 5
    endloop
  endfacet
  facet normal -0 0 1
    outer loop
      vertex 13.6039 -27.6355 5
      vertex 48.4 -32.9 5
      vertex 13.8997 -26.7901 5
    endloop
  endfacet
  facet normal 0 0 1
    outer loop
      vertex 48.4 -32.9 5
      vertex 13.6039 -27.6355 5
      vertex 48.4431 -33.4475 5
    endloop
  endfacet
  facet normal 0 0 1
    outer loop
      vertex 48.4431 -33.4475 5
      vertex 13.6039 -27.6355 5
      vertex 48.5713 -33.9816 5
    endloop
  endfacet
  facet normal -0 0 1
    outer loop
      vertex 13.1273 -28.394 5
      vertex 48.5713 -33.9816 5
      vertex 13.6039 -27.6355 5
    endloop
  endfacet
  facet normal 0 0 1
    outer loop
      vertex 48.5713 -33.9816 5
      vertex 13.1273 -28.394 5
      vertex 48.7815 -34.489 5
    endloop
  endfacet
  facet normal -0 0 1
    outer loop
      vertex 12.494 -29.0273 5
      vertex 48.7815 -34.489 5
      vertex 13.1273 -28.394 5
    endloop
  endfacet
  facet normal 0 0 1
    outer loop
      vertex 48.7815 -34.489 5
      vertex 12.494 -29.0273 5
      vertex 49.0684 -34.9572 5
    endloop
  endfacet
  facet normal -0 0 1
    outer loop
      vertex 11.7355 -29.5039 5
      vertex 49.0684 -34.9572 5
      vertex 12.494 -29.0273 5
    endloop
  endfacet
  facet normal 0 0 1
    outer loop
      vertex 49.0684 -34.9572 5
      vertex 11.7355 -29.5039 5
      vertex 49.4251 -35.3749 5
    endloop
  endfacet
  facet normal 0 0 1
    outer loop
      vertex 49.4251 -35.3749 5
      vertex 11.7355 -29.5039 5
      vertex 49.8428 -35.7316 5
    endloop
  endfacet
  facet normal -0 0 1
    outer loop
      vertex 10.8901 -29.7997 5
      vertex 49.8428 -35.7316 5
      vertex 11.7355 -29.5039 5
    endloop
  endfacet
  facet normal 0 0 1
    outer loop
      vertex 49.8428 -35.7316 5
      vertex 10.8901 -29.7997 5
      vertex 56.9 -40.9 5
    endloop
  endfacet
  facet normal -0 0 1
    outer loop
      vertex 10 -29.9 5
      vertex 56.9 -40.9 5
      vertex 10.8901 -29.7997 5
    endloop
  endfacet
  facet normal -0 0 1
    outer loop
      vertex -10 -29.9 5
      vertex 56.9 -40.9 5
      vertex 10 -29.9 5
    endloop
  endfacet
  facet normal 0 0 1
    outer loop
      vertex -56.9 -40.9 5
      vertex -10 -29.9 5
      vertex -10.8901 -29.7997 5
    endloop
  endfacet
  facet normal 0 0 1
    outer loop
      vertex -13.8997 -25.0099 5
      vertex -48.4 -32.9 5
      vertex -14 -25.9 5
    endloop
  endfacet
  facet normal 0 0 1
    outer loop
      vertex -14 -25.9 5
      vertex -48.4 -32.9 5
      vertex -13.8997 -26.7901 5
    endloop
  endfacet
  facet normal 0 0 1
    outer loop
      vertex -13.8997 -26.7901 5
      vertex -48.4 -32.9 5
      vertex -13.6039 -27.6355 5
    endloop
  endfacet
  facet normal 0 0 1
    outer loop
      vertex -48.4431 -33.4475 5
      vertex -13.6039 -27.6355 5
      vertex -48.4 -32.9 5
    endloop
  endfacet
  facet normal 0 0 1
    outer loop
      vertex -13.6039 -27.6355 5
      vertex -48.4431 -33.4475 5
      vertex -13.1273 -28.394 5
    endloop
  endfacet
  facet normal 0 0 1
    outer loop
      vertex -48.5713 -33.9816 5
      vertex -13.1273 -28.394 5
      vertex -48.4431 -33.4475 5
    endloop
  endfacet
  facet normal 0 0 1
    outer loop
      vertex -48.7815 -34.489 5
      vertex -13.1273 -28.394 5
      vertex -48.5713 -33.9816 5
    endloop
  endfacet
  facet normal 0 0 1
    outer loop
      vertex -13.1273 -28.394 5
      vertex -48.7815 -34.489 5
      vertex -12.494 -29.0273 5
    endloop
  endfacet
  facet normal 0 0 1
    outer loop
      vertex -49.0684 -34.9572 5
      vertex -12.494 -29.0273 5
      vertex -48.7815 -34.489 5
    endloop
  endfacet
  facet normal 0 0 1
    outer loop
      vertex -12.494 -29.0273 5
      vertex -49.0684 -34.9572 5
      vertex -11.7355 -29.5039 5
    endloop
  endfacet
  facet normal 0 0 1
    outer loop
      vertex -49.4251 -35.3749 5
      vertex -11.7355 -29.5039 5
      vertex -49.0684 -34.9572 5
    endloop
  endfacet
  facet normal 0 0 1
    outer loop
      vertex -49.8428 -35.7316 5
      vertex -11.7355 -29.5039 5
      vertex -49.4251 -35.3749 5
    endloop
  endfacet
  facet normal 0 0 1
    outer loop
      vertex -11.7355 -29.5039 5
      vertex -49.8428 -35.7316 5
      vertex -10.8901 -29.7997 5
    endloop
  endfacet
  facet normal 0 0 1
    outer loop
      vertex -56.9 -40.9 5
      vertex -10.8901 -29.7997 5
      vertex -49.8428 -35.7316 5
    endloop
  endfacet
  facet normal 0 0 1
    outer loop
      vertex -56.9 -40.9 5
      vertex -49.8428 -35.7316 5
      vertex -50.311 -36.0185 5
    endloop
  endfacet
  facet normal 0 0 1
    outer loop
      vertex -56.9 -40.9 5
      vertex -50.311 -36.0185 5
      vertex -50.8184 -36.2287 5
    endloop
  endfacet
  facet normal 0 0 1
    outer loop
      vertex -56.9 -40.9 5
      vertex -50.8184 -36.2287 5
      vertex -51.3525 -36.3569 5
    endloop
  endfacet
  facet normal 0 0 1
    outer loop
      vertex -56.9 -40.9 5
      vertex -51.3525 -36.3569 5
      vertex -51.9 -36.4 5
    endloop
  endfacet
  facet normal 0 0 1
    outer loop
      vertex -10 -29.9 5
      vertex -56.9 -40.9 5
      vertex 56.9 -40.9 5
    endloop
  endfacet
  facet normal 0 0 1
    outer loop
      vertex -52.4475 -36.3569 5
      vertex -56.9 -40.9 5
      vertex -51.9 -36.4 5
    endloop
  endfacet
  facet normal 0 0 1
    outer loop
      vertex -52.9816 -36.2287 5
      vertex -56.9 -40.9 5
      vertex -52.4475 -36.3569 5
    endloop
  endfacet
  facet normal 0 0 1
    outer loop
      vertex -53.489 -36.0185 5
      vertex -56.9 -40.9 5
      vertex -52.9816 -36.2287 5
    endloop
  endfacet
  facet normal 0 0 1
    outer loop
      vertex -53.9572 -35.7316 5
      vertex -56.9 -40.9 5
      vertex -53.489 -36.0185 5
    endloop
  endfacet
  facet normal 0 0 1
    outer loop
      vertex -54.3749 -35.3749 5
      vertex -56.9 -40.9 5
      vertex -53.9572 -35.7316 5
    endloop
  endfacet
  facet normal 0 0 1
    outer loop
      vertex -59.9 -37.9 5
      vertex -54.3749 -35.3749 5
      vertex -54.7316 -34.9572 5
    endloop
  endfacet
  facet normal 0 0 1
    outer loop
      vertex -59.9 -37.9 5
      vertex -54.7316 -34.9572 5
      vertex -55.0185 -34.489 5
    endloop
  endfacet
  facet normal 0 0 1
    outer loop
      vertex -59.9 -37.9 5
      vertex -55.0185 -34.489 5
      vertex -55.2287 -33.9816 5
    endloop
  endfacet
  facet normal 0 0 1
    outer loop
      vertex -59.9 -37.9 5
      vertex -55.2287 -33.9816 5
      vertex -55.3569 -33.4475 5
    endloop
  endfacet
  facet normal 0 0 1
    outer loop
      vertex -59.9 -37.9 5
      vertex -55.3569 -33.4475 5
      vertex -55.4 -32.9 5
    endloop
  endfacet
  facet normal 0 0 1
    outer loop
      vertex -55.2287 -31.8184 5
      vertex -59.9 -37.9 5
      vertex -55.3569 -32.3525 5
    endloop
  endfacet
  facet normal 0 0 1
    outer loop
      vertex -59.9 37.9 5
      vertex -56.9 40.9 5
      vertex -57.2916 40.8743 5
    endloop
  endfacet
  facet normal 0 0 1
    outer loop
      vertex -55.3569 -32.3525 5
      vertex -59.9 -37.9 5
      vertex -55.4 -32.9 5
    endloop
  endfacet
  facet normal 0 0 1
    outer loop
      vertex -59.9 37.9 5
      vertex -57.2916 40.8743 5
      vertex -57.6765 40.7978 5
    endloop
  endfacet
  facet normal 0 0 1
    outer loop
      vertex -54.3749 -35.3749 5
      vertex -59.9 -37.9 5
      vertex -56.9 -40.9 5
    endloop
  endfacet
  facet normal 0 0 1
    outer loop
      vertex -59.9 37.9 5
      vertex -57.6765 40.7978 5
      vertex -58.048 40.6716 5
    endloop
  endfacet
  facet normal 0 0 1
    outer loop
      vertex -56.9 -40.9 5
      vertex -59.9 -37.9 5
      vertex -57.2916 -40.8743 5
    endloop
  endfacet
  facet normal 0 0 1
    outer loop
      vertex -59.9 37.9 5
      vertex -58.048 40.6716 5
      vertex -58.4 40.4981 5
    endloop
  endfacet
  facet normal 0 0 1
    outer loop
      vertex -57.2916 -40.8743 5
      vertex -59.9 -37.9 5
      vertex -57.6765 -40.7978 5
    endloop
  endfacet
  facet normal 0 0 1
    outer loop
      vertex -59.9 37.9 5
      vertex -58.4 40.4981 5
      vertex -58.7263 40.2801 5
    endloop
  endfacet
  facet normal 0 0 1
    outer loop
      vertex -57.6765 -40.7978 5
      vertex -59.9 -37.9 5
      vertex -58.048 -40.6716 5
    endloop
  endfacet
  facet normal 0 0 1
    outer loop
      vertex -59.9 37.9 5
      vertex -58.7263 40.2801 5
      vertex -59.0213 40.0213 5
    endloop
  endfacet
  facet normal 0 0 1
    outer loop
      vertex -58.048 -40.6716 5
      vertex -59.9 -37.9 5
      vertex -58.4 -40.4981 5
    endloop
  endfacet
  facet normal 0 0 1
    outer loop
      vertex -59.9 37.9 5
      vertex -59.0213 40.0213 5
      vertex -59.2801 39.7263 5
    endloop
  endfacet
  facet normal 0 0 1
    outer loop
      vertex -58.4 -40.4981 5
      vertex -59.9 -37.9 5
      vertex -58.7263 -40.2801 5
    endloop
  endfacet
  facet normal 0 0 1
    outer loop
      vertex -59.9 37.9 5
      vertex -59.2801 39.7263 5
      vertex -59.4981 39.4 5
    endloop
  endfacet
  facet normal 0 0 1
    outer loop
      vertex -58.7263 -40.2801 5
      vertex -59.9 -37.9 5
      vertex -59.0213 -40.0213 5
    endloop
  endfacet
  facet normal 0 0 1
    outer loop
      vertex -59.9 37.9 5
      vertex -59.4981 39.4 5
      vertex -59.6716 39.048 5
    endloop
  endfacet
  facet normal 0 0 1
    outer loop
      vertex -59.0213 -40.0213 5
      vertex -59.9 -37.9 5
      vertex -59.2801 -39.7263 5
    endloop
  endfacet
  facet normal 0 0 1
    outer loop
      vertex -59.9 37.9 5
      vertex -59.6716 39.048 5
      vertex -59.7978 38.6765 5
    endloop
  endfacet
  facet normal 0 0 1
    outer loop
      vertex -59.2801 -39.7263 5
      vertex -59.9 -37.9 5
      vertex -59.4981 -39.4 5
    endloop
  endfacet
  facet normal 0 0 1
    outer loop
      vertex -59.9 37.9 5
      vertex -59.7978 38.6765 5
      vertex -59.8743 38.2916 5
    endloop
  endfacet
  facet normal 0 0 1
    outer loop
      vertex -59.4981 -39.4 5
      vertex -59.9 -37.9 5
      vertex -59.6716 -39.048 5
    endloop
  endfacet
  facet normal 0 0 1
    outer loop
      vertex -59.6716 -39.048 5
      vertex -59.9 -37.9 5
      vertex -59.7978 -38.6765 5
    endloop
  endfacet
  facet normal 0 0 1
    outer loop
      vertex -59.7978 -38.6765 5
      vertex -59.9 -37.9 5
      vertex -59.8743 -38.2916 5
    endloop
  endfacet
  facet normal 0 0 1
    outer loop
      vertex 49.0684 30.8428 5
      vertex 13.6001 29.5745 5
      vertex 11.1262 23.1675 5
    endloop
  endfacet
  facet normal 0 0 1
    outer loop
      vertex 50.311 29.7815 5
      vertex 11.1262 23.1675 5
      vertex 12.494 -22.7727 5
    endloop
  endfacet
  facet normal 0 0 1
    outer loop
      vertex 48.7815 -31.311 5
      vertex 14 -25.9 5
      vertex 48.5713 -31.8184 5
    endloop
  endfacet
  facet normal 0 0 1
    outer loop
      vertex 50.311 29.7815 5
      vertex 12.494 -22.7727 5
      vertex 13.1273 -23.406 5
    endloop
  endfacet
  facet normal 0 0 1
    outer loop
      vertex 11.1262 23.1675 5
      vertex 13.6001 29.5745 5
      vertex 11.1262 29.5745 5
    endloop
  endfacet
  facet normal 0 0 1
    outer loop
      vertex 12.494 -22.7727 5
      vertex 11.1262 23.1675 5
      vertex 11.7355 -22.2961 5
    endloop
  endfacet
  facet normal 0 0 1
    outer loop
      vertex 11.1262 23.1675 5
      vertex 10.8901 -22.0003 5
      vertex 11.7355 -22.2961 5
    endloop
  endfacet
  facet normal 0 0 1
    outer loop
      vertex 11.1262 23.1675 5
      vertex 10 -21.9 5
      vertex 10.8901 -22.0003 5
    endloop
  endfacet
  facet normal -0 0 1
    outer loop
      vertex 9.5258 23.1675 5
      vertex 10 -21.9 5
      vertex 11.1262 23.1675 5
    endloop
  endfacet
  facet normal 0 0 1
    outer loop
      vertex 6.55968 25.9722 5
      vertex 9.5258 29.5745 5
      vertex 6.55968 27.2091 5
    endloop
  endfacet
  facet normal 0 0 1
    outer loop
      vertex 6.68448 29.5745 5
      vertex 7.0575 29.5745 5
      vertex 6.68448 30.8113 5
    endloop
  endfacet
  facet normal 0 0 1
    outer loop
      vertex 6.55968 27.2091 5
      vertex 7.0575 29.5745 5
      vertex 6.68448 29.5745 5
    endloop
  endfacet
  facet normal 0 0 1
    outer loop
      vertex 9.5258 29.5745 5
      vertex 6.55968 25.9722 5
      vertex 9.5258 23.1675 5
    endloop
  endfacet
  facet normal 0 0 1
    outer loop
      vertex 2.64824 23.1675 5
      vertex 9.5258 23.1675 5
      vertex 6.55968 25.9722 5
    endloop
  endfacet
  facet normal 0 0 1
    outer loop
      vertex 2.64824 23.1675 5
      vertex 6.55968 25.9722 5
      vertex 2.64824 25.9722 5
    endloop
  endfacet
  facet normal 0 0 1
    outer loop
      vertex 9.5258 23.1675 5
      vertex 2.64824 23.1675 5
      vertex 10 -21.9 5
    endloop
  endfacet
  facet normal -0 0 1
    outer loop
      vertex 1.04784 23.1675 5
      vertex 10 -21.9 5
      vertex 2.64824 23.1675 5
    endloop
  endfacet
  facet normal 0 0 1
    outer loop
      vertex 0.0438538 23.1675 5
      vertex 1.04784 23.1675 5
      vertex 0.0438538 24.4044 5
    endloop
  endfacet
  facet normal 0 0 1
    outer loop
      vertex 1.04784 23.1675 5
      vertex 0.0438538 23.1675 5
      vertex 10 -21.9 5
    endloop
  endfacet
  facet normal 0 0 1
    outer loop
      vertex -10 -21.9 5
      vertex 0.0438538 23.1675 5
      vertex -6.18948 23.1675 5
    endloop
  endfacet
  facet normal 0 0 1
    outer loop
      vertex -7.11586 23.1675 5
      vertex -6.18948 23.1675 5
      vertex -7.11586 24.4044 5
    endloop
  endfacet
  facet normal 0 0 1
    outer loop
      vertex -10 -21.9 5
      vertex -6.18948 23.1675 5
      vertex -7.11586 23.1675 5
    endloop
  endfacet
  facet normal 0 0 1
    outer loop
      vertex 0.0438538 23.1675 5
      vertex -10 -21.9 5
      vertex 10 -21.9 5
    endloop
  endfacet
  facet normal -0 0 1
    outer loop
      vertex -12.8175 23.1675 5
      vertex -10 -21.9 5
      vertex -7.11586 23.1675 5
    endloop
  endfacet
  facet normal 0 0 1
    outer loop
      vertex -10 -21.9 5
      vertex -12.8175 23.1675 5
      vertex -10.8901 -22.0003 5
    endloop
  endfacet
  facet normal 0 0 1
    outer loop
      vertex -10.8901 -22.0003 5
      vertex -12.8175 23.1675 5
      vertex -11.7355 -22.2961 5
    endloop
  endfacet
  facet normal 0 0 1
    outer loop
      vertex -11.7355 -22.2961 5
      vertex -12.8175 23.1675 5
      vertex -12.494 -22.7727 5
    endloop
  endfacet
  facet normal 0 0 1
    outer loop
      vertex -12.494 -22.7727 5
      vertex -12.8175 23.1675 5
      vertex -13.1273 -23.406 5
    endloop
  endfacet
  facet normal 0 0 1
    outer loop
      vertex -0.509491 27.654 5
      vertex 1.04784 30.8113 5
      vertex -0.178528 29.5745 5
    endloop
  endfacet
  facet normal 0 0 1
    outer loop
      vertex -0.509491 26.4171 5
      vertex 1.04784 30.8113 5
      vertex -0.509491 27.654 5
    endloop
  endfacet
  facet normal 0 0 1
    outer loop
      vertex 1.04784 23.1675 5
      vertex -0.509491 26.4171 5
      vertex 0.0438538 24.4044 5
    endloop
  endfacet
  facet normal 0 0 1
    outer loop
      vertex -4.58908 24.4044 5
      vertex -0.509491 26.4171 5
      vertex -4.58908 26.4171 5
    endloop
  endfacet
  facet normal 0 0 1
    outer loop
      vertex -0.509491 26.4171 5
      vertex -4.58908 24.4044 5
      vertex 0.0438538 24.4044 5
    endloop
  endfacet
  facet normal 0 0 1
    outer loop
      vertex -7.11586 24.4044 5
      vertex -11.2171 30.8113 5
      vertex -11.2171 24.4044 5
    endloop
  endfacet
  facet normal -0.321651 -0.946858 0
    outer loop
      vertex -58.048 -40.6716 0
      vertex -57.6765 -40.7978 5
      vertex -58.048 -40.6716 5
    endloop
  endfacet
  facet normal -0.321651 -0.946858 -0
    outer loop
      vertex -57.6765 -40.7978 5
      vertex -58.048 -40.6716 0
      vertex -57.6765 -40.7978 0
    endloop
  endfacet
  facet normal 1 -0 0
    outer loop
      vertex 59.9 -37.9 5
      vertex 59.9 37.9 0
      vertex 59.9 37.9 5
    endloop
  endfacet
  facet normal 1 0 0
    outer loop
      vertex 59.9 37.9 0
      vertex 59.9 -37.9 5
      vertex 59.9 -37.9 0
    endloop
  endfacet
  facet normal -0.751724 -0.659478 -2.4347e-18
    outer loop
      vertex -59.0213 -40.0213 0
      vertex -59.2801 -39.7263 5
      vertex -59.2801 -39.7263 0
    endloop
  endfacet
  facet normal -0.751724 -0.659478 -2.4347e-18
    outer loop
      vertex -59.2801 -39.7263 5
      vertex -59.0213 -40.0213 0
      vertex -59.0213 -40.0213 5
    endloop
  endfacet
  facet normal -1 0 0
    outer loop
      vertex -59.9 -37.9 0
      vertex -59.9 37.9 5
      vertex -59.9 37.9 0
    endloop
  endfacet
  facet normal -1 -0 0
    outer loop
      vertex -59.9 37.9 5
      vertex -59.9 -37.9 0
      vertex -59.9 -37.9 5
    endloop
  endfacet
  facet normal -0.896961 0.44211 9.28974e-19
    outer loop
      vertex -59.6716 39.048 0
      vertex -59.4981 39.4 5
      vertex -59.4981 39.4 0
    endloop
  endfacet
  facet normal -0.896961 0.44211 9.28974e-19
    outer loop
      vertex -59.4981 39.4 5
      vertex -59.6716 39.048 0
      vertex -59.6716 39.048 5
    endloop
  endfacet
  facet normal 0 1 -0
    outer loop
      vertex 56.9 40.9 0
      vertex -56.9 40.9 5
      vertex 56.9 40.9 5
    endloop
  endfacet
  facet normal 0 1 0
    outer loop
      vertex -56.9 40.9 5
      vertex 56.9 40.9 0
      vertex -56.9 40.9 0
    endloop
  endfacet
  facet normal 0.980815 0.19494 -3.15995e-19
    outer loop
      vertex 59.8743 38.2916 5
      vertex 59.7978 38.6765 0
      vertex 59.7978 38.6765 5
    endloop
  endfacet
  facet normal 0.980815 0.19494 -3.15995e-19
    outer loop
      vertex 59.7978 38.6765 0
      vertex 59.8743 38.2916 5
      vertex 59.8743 38.2916 0
    endloop
  endfacet
  facet normal 0.997853 0.0654873 -2.12383e-19
    outer loop
      vertex 59.9 37.9 5
      vertex 59.8743 38.2916 0
      vertex 59.8743 38.2916 5
    endloop
  endfacet
  facet normal 0.997853 0.0654873 -2.12383e-19
    outer loop
      vertex 59.8743 38.2916 0
      vertex 59.9 37.9 5
      vertex 59.9 37.9 0
    endloop
  endfacet
  facet normal -0.0654873 -0.997853 0
    outer loop
      vertex -57.2916 -40.8743 0
      vertex -56.9 -40.9 5
      vertex -57.2916 -40.8743 5
    endloop
  endfacet
  facet normal -0.0654873 -0.997853 -0
    outer loop
      vertex -56.9 -40.9 5
      vertex -57.2916 -40.8743 0
      vertex -56.9 -40.9 0
    endloop
  endfacet
  facet normal -0.751724 0.659478 2.4347e-18
    outer loop
      vertex -59.2801 39.7263 0
      vertex -59.0213 40.0213 5
      vertex -59.0213 40.0213 0
    endloop
  endfacet
  facet normal -0.751724 0.659478 2.4347e-18
    outer loop
      vertex -59.0213 40.0213 5
      vertex -59.2801 39.7263 0
      vertex -59.2801 39.7263 5
    endloop
  endfacet
  facet normal -0.831501 0.555523 1.63698e-18
    outer loop
      vertex -59.4981 39.4 0
      vertex -59.2801 39.7263 5
      vertex -59.2801 39.7263 0
    endloop
  endfacet
  facet normal -0.831501 0.555523 1.63698e-18
    outer loop
      vertex -59.2801 39.7263 5
      vertex -59.4981 39.4 0
      vertex -59.4981 39.4 5
    endloop
  endfacet
  facet normal -0.946858 0.321651 -1.00172e-19
    outer loop
      vertex -59.7978 38.6765 0
      vertex -59.6716 39.048 5
      vertex -59.6716 39.048 0
    endloop
  endfacet
  facet normal -0.946858 0.321651 -1.00172e-19
    outer loop
      vertex -59.6716 39.048 5
      vertex -59.7978 38.6765 0
      vertex -59.7978 38.6765 5
    endloop
  endfacet
  facet normal 0.19494 0.980815 -0
    outer loop
      vertex 57.6765 40.7978 0
      vertex 57.2916 40.8743 5
      vertex 57.6765 40.7978 5
    endloop
  endfacet
  facet normal 0.19494 0.980815 0
    outer loop
      vertex 57.2916 40.8743 5
      vertex 57.6765 40.7978 0
      vertex 57.2916 40.8743 0
    endloop
  endfacet
  facet normal 0.321651 0.946858 -0
    outer loop
      vertex 58.048 40.6716 0
      vertex 57.6765 40.7978 5
      vertex 58.048 40.6716 5
    endloop
  endfacet
  facet normal 0.321651 0.946858 0
    outer loop
      vertex 57.6765 40.7978 5
      vertex 58.048 40.6716 0
      vertex 57.6765 40.7978 0
    endloop
  endfacet
  facet normal 0.751724 0.659478 -2.4347e-18
    outer loop
      vertex 59.2801 39.7263 5
      vertex 59.0213 40.0213 0
      vertex 59.0213 40.0213 5
    endloop
  endfacet
  facet normal 0.751724 0.659478 -2.4347e-18
    outer loop
      vertex 59.0213 40.0213 0
      vertex 59.2801 39.7263 5
      vertex 59.2801 39.7263 0
    endloop
  endfacet
  facet normal 0.659478 0.751724 -0
    outer loop
      vertex 59.0213 40.0213 0
      vertex 58.7263 40.2801 5
      vertex 59.0213 40.0213 5
    endloop
  endfacet
  facet normal 0.659478 0.751724 0
    outer loop
      vertex 58.7263 40.2801 5
      vertex 59.0213 40.0213 0
      vertex 58.7263 40.2801 0
    endloop
  endfacet
  facet normal 0.831501 0.555523 -1.63698e-18
    outer loop
      vertex 59.4981 39.4 5
      vertex 59.2801 39.7263 0
      vertex 59.2801 39.7263 5
    endloop
  endfacet
  facet normal 0.831501 0.555523 -1.63698e-18
    outer loop
      vertex 59.2801 39.7263 0
      vertex 59.4981 39.4 5
      vertex 59.4981 39.4 0
    endloop
  endfacet
  facet normal -0.19494 0.980815 0
    outer loop
      vertex -57.2916 40.8743 0
      vertex -57.6765 40.7978 5
      vertex -57.2916 40.8743 5
    endloop
  endfacet
  facet normal -0.19494 0.980815 0
    outer loop
      vertex -57.6765 40.7978 5
      vertex -57.2916 40.8743 0
      vertex -57.6765 40.7978 0
    endloop
  endfacet
  facet normal -0.0654873 0.997853 0
    outer loop
      vertex -56.9 40.9 0
      vertex -57.2916 40.8743 5
      vertex -56.9 40.9 5
    endloop
  endfacet
  facet normal -0.0654873 0.997853 0
    outer loop
      vertex -57.2916 40.8743 5
      vertex -56.9 40.9 0
      vertex -57.2916 40.8743 0
    endloop
  endfacet
  facet normal -0.44211 0.896961 0
    outer loop
      vertex -58.048 40.6716 0
      vertex -58.4 40.4981 5
      vertex -58.048 40.6716 5
    endloop
  endfacet
  facet normal -0.44211 0.896961 0
    outer loop
      vertex -58.4 40.4981 5
      vertex -58.048 40.6716 0
      vertex -58.4 40.4981 0
    endloop
  endfacet
  facet normal 0.751724 -0.659478 2.4347e-18
    outer loop
      vertex 59.0213 -40.0213 5
      vertex 59.2801 -39.7263 0
      vertex 59.2801 -39.7263 5
    endloop
  endfacet
  facet normal 0.751724 -0.659478 2.4347e-18
    outer loop
      vertex 59.2801 -39.7263 0
      vertex 59.0213 -40.0213 5
      vertex 59.0213 -40.0213 0
    endloop
  endfacet
  facet normal -0.19494 -0.980815 0
    outer loop
      vertex -57.6765 -40.7978 0
      vertex -57.2916 -40.8743 5
      vertex -57.6765 -40.7978 5
    endloop
  endfacet
  facet normal -0.19494 -0.980815 -0
    outer loop
      vertex -57.2916 -40.8743 5
      vertex -57.6765 -40.7978 0
      vertex -57.2916 -40.8743 0
    endloop
  endfacet
  facet normal -0.659478 0.751724 0
    outer loop
      vertex -58.7263 40.2801 0
      vertex -59.0213 40.0213 5
      vertex -58.7263 40.2801 5
    endloop
  endfacet
  facet normal -0.659478 0.751724 0
    outer loop
      vertex -59.0213 40.0213 5
      vertex -58.7263 40.2801 0
      vertex -59.0213 40.0213 0
    endloop
  endfacet
  facet normal -0.555523 0.831501 0
    outer loop
      vertex -58.4 40.4981 0
      vertex -58.7263 40.2801 5
      vertex -58.4 40.4981 5
    endloop
  endfacet
  facet normal -0.555523 0.831501 0
    outer loop
      vertex -58.7263 40.2801 5
      vertex -58.4 40.4981 0
      vertex -58.7263 40.2801 0
    endloop
  endfacet
  facet normal -0.997853 0.0654873 2.12383e-19
    outer loop
      vertex -59.9 37.9 0
      vertex -59.8743 38.2916 5
      vertex -59.8743 38.2916 0
    endloop
  endfacet
  facet normal -0.997853 0.0654873 2.12383e-19
    outer loop
      vertex -59.8743 38.2916 5
      vertex -59.9 37.9 0
      vertex -59.9 37.9 5
    endloop
  endfacet
  facet normal -0.980815 0.19494 3.15995e-19
    outer loop
      vertex -59.8743 38.2916 0
      vertex -59.7978 38.6765 5
      vertex -59.7978 38.6765 0
    endloop
  endfacet
  facet normal -0.980815 0.19494 3.15995e-19
    outer loop
      vertex -59.7978 38.6765 5
      vertex -59.8743 38.2916 0
      vertex -59.8743 38.2916 5
    endloop
  endfacet
  facet normal 0.0654873 0.997853 -0
    outer loop
      vertex 57.2916 40.8743 0
      vertex 56.9 40.9 5
      vertex 57.2916 40.8743 5
    endloop
  endfacet
  facet normal 0.0654873 0.997853 0
    outer loop
      vertex 56.9 40.9 5
      vertex 57.2916 40.8743 0
      vertex 56.9 40.9 0
    endloop
  endfacet
  facet normal 0.44211 0.896961 -0
    outer loop
      vertex 58.4 40.4981 0
      vertex 58.048 40.6716 5
      vertex 58.4 40.4981 5
    endloop
  endfacet
  facet normal 0.44211 0.896961 0
    outer loop
      vertex 58.048 40.6716 5
      vertex 58.4 40.4981 0
      vertex 58.048 40.6716 0
    endloop
  endfacet
  facet normal 0.555523 0.831501 -0
    outer loop
      vertex 58.7263 40.2801 0
      vertex 58.4 40.4981 5
      vertex 58.7263 40.2801 5
    endloop
  endfacet
  facet normal 0.555523 0.831501 0
    outer loop
      vertex 58.4 40.4981 5
      vertex 58.7263 40.2801 0
      vertex 58.4 40.4981 0
    endloop
  endfacet
  facet normal 0.946858 0.321651 1.00172e-19
    outer loop
      vertex 59.7978 38.6765 5
      vertex 59.6716 39.048 0
      vertex 59.6716 39.048 5
    endloop
  endfacet
  facet normal 0.946858 0.321651 1.00172e-19
    outer loop
      vertex 59.6716 39.048 0
      vertex 59.7978 38.6765 5
      vertex 59.7978 38.6765 0
    endloop
  endfacet
  facet normal -0.321651 0.946858 0
    outer loop
      vertex -57.6765 40.7978 0
      vertex -58.048 40.6716 5
      vertex -57.6765 40.7978 5
    endloop
  endfacet
  facet normal -0.321651 0.946858 0
    outer loop
      vertex -58.048 40.6716 5
      vertex -57.6765 40.7978 0
      vertex -58.048 40.6716 0
    endloop
  endfacet
  facet normal 0.997853 -0.0654873 2.12383e-19
    outer loop
      vertex 59.8743 -38.2916 5
      vertex 59.9 -37.9 0
      vertex 59.9 -37.9 5
    endloop
  endfacet
  facet normal 0.997853 -0.0654873 2.12383e-19
    outer loop
      vertex 59.9 -37.9 0
      vertex 59.8743 -38.2916 5
      vertex 59.8743 -38.2916 0
    endloop
  endfacet
  facet normal 0.321651 -0.946858 0
    outer loop
      vertex 57.6765 -40.7978 0
      vertex 58.048 -40.6716 5
      vertex 57.6765 -40.7978 5
    endloop
  endfacet
  facet normal 0.321651 -0.946858 0
    outer loop
      vertex 58.048 -40.6716 5
      vertex 57.6765 -40.7978 0
      vertex 58.048 -40.6716 0
    endloop
  endfacet
  facet normal 0.19494 -0.980815 0
    outer loop
      vertex 57.2916 -40.8743 0
      vertex 57.6765 -40.7978 5
      vertex 57.2916 -40.8743 5
    endloop
  endfacet
  facet normal 0.19494 -0.980815 0
    outer loop
      vertex 57.6765 -40.7978 5
      vertex 57.2916 -40.8743 0
      vertex 57.6765 -40.7978 0
    endloop
  endfacet
  facet normal 0.44211 -0.896961 0
    outer loop
      vertex 58.048 -40.6716 0
      vertex 58.4 -40.4981 5
      vertex 58.048 -40.6716 5
    endloop
  endfacet
  facet normal 0.44211 -0.896961 0
    outer loop
      vertex 58.4 -40.4981 5
      vertex 58.048 -40.6716 0
      vertex 58.4 -40.4981 0
    endloop
  endfacet
  facet normal 0.896961 0.44211 -9.28974e-19
    outer loop
      vertex 59.6716 39.048 5
      vertex 59.4981 39.4 0
      vertex 59.4981 39.4 5
    endloop
  endfacet
  facet normal 0.896961 0.44211 -9.28974e-19
    outer loop
      vertex 59.4981 39.4 0
      vertex 59.6716 39.048 5
      vertex 59.6716 39.048 0
    endloop
  endfacet
  facet normal 0.946858 -0.321651 -1.00172e-19
    outer loop
      vertex 59.6716 -39.048 5
      vertex 59.7978 -38.6765 0
      vertex 59.7978 -38.6765 5
    endloop
  endfacet
  facet normal 0.946858 -0.321651 -1.00172e-19
    outer loop
      vertex 59.7978 -38.6765 0
      vertex 59.6716 -39.048 5
      vertex 59.6716 -39.048 0
    endloop
  endfacet
  facet normal 0.659478 -0.751724 0
    outer loop
      vertex 58.7263 -40.2801 0
      vertex 59.0213 -40.0213 5
      vertex 58.7263 -40.2801 5
    endloop
  endfacet
  facet normal 0.659478 -0.751724 0
    outer loop
      vertex 59.0213 -40.0213 5
      vertex 58.7263 -40.2801 0
      vertex 59.0213 -40.0213 0
    endloop
  endfacet
  facet normal 0.980815 -0.19494 3.15995e-19
    outer loop
      vertex 59.7978 -38.6765 5
      vertex 59.8743 -38.2916 0
      vertex 59.8743 -38.2916 5
    endloop
  endfacet
  facet normal 0.980815 -0.19494 3.15995e-19
    outer loop
      vertex 59.8743 -38.2916 0
      vertex 59.7978 -38.6765 5
      vertex 59.7978 -38.6765 0
    endloop
  endfacet
  facet normal 0.555523 -0.831501 0
    outer loop
      vertex 58.4 -40.4981 0
      vertex 58.7263 -40.2801 5
      vertex 58.4 -40.4981 5
    endloop
  endfacet
  facet normal 0.555523 -0.831501 0
    outer loop
      vertex 58.7263 -40.2801 5
      vertex 58.4 -40.4981 0
      vertex 58.7263 -40.2801 0
    endloop
  endfacet
  facet normal 0.896961 -0.44211 9.28974e-19
    outer loop
      vertex 59.4981 -39.4 5
      vertex 59.6716 -39.048 0
      vertex 59.6716 -39.048 5
    endloop
  endfacet
  facet normal 0.896961 -0.44211 9.28974e-19
    outer loop
      vertex 59.6716 -39.048 0
      vertex 59.4981 -39.4 5
      vertex 59.4981 -39.4 0
    endloop
  endfacet
  facet normal 0.831501 -0.555523 1.63698e-18
    outer loop
      vertex 59.2801 -39.7263 5
      vertex 59.4981 -39.4 0
      vertex 59.4981 -39.4 5
    endloop
  endfacet
  facet normal 0.831501 -0.555523 1.63698e-18
    outer loop
      vertex 59.4981 -39.4 0
      vertex 59.2801 -39.7263 5
      vertex 59.2801 -39.7263 0
    endloop
  endfacet
  facet normal -0.555523 -0.831501 0
    outer loop
      vertex -58.7263 -40.2801 0
      vertex -58.4 -40.4981 5
      vertex -58.7263 -40.2801 5
    endloop
  endfacet
  facet normal -0.555523 -0.831501 -0
    outer loop
      vertex -58.4 -40.4981 5
      vertex -58.7263 -40.2801 0
      vertex -58.4 -40.4981 0
    endloop
  endfacet
  facet normal -0.659478 -0.751724 0
    outer loop
      vertex -59.0213 -40.0213 0
      vertex -58.7263 -40.2801 5
      vertex -59.0213 -40.0213 5
    endloop
  endfacet
  facet normal -0.659478 -0.751724 -0
    outer loop
      vertex -58.7263 -40.2801 5
      vertex -59.0213 -40.0213 0
      vertex -58.7263 -40.2801 0
    endloop
  endfacet
  facet normal -0.44211 -0.896961 0
    outer loop
      vertex -58.4 -40.4981 0
      vertex -58.048 -40.6716 5
      vertex -58.4 -40.4981 5
    endloop
  endfacet
  facet normal -0.44211 -0.896961 -0
    outer loop
      vertex -58.048 -40.6716 5
      vertex -58.4 -40.4981 0
      vertex -58.048 -40.6716 0
    endloop
  endfacet
  facet normal -0.831501 -0.555523 -1.63698e-18
    outer loop
      vertex -59.2801 -39.7263 0
      vertex -59.4981 -39.4 5
      vertex -59.4981 -39.4 0
    endloop
  endfacet
  facet normal -0.831501 -0.555523 -1.63698e-18
    outer loop
      vertex -59.4981 -39.4 5
      vertex -59.2801 -39.7263 0
      vertex -59.2801 -39.7263 5
    endloop
  endfacet
  facet normal -0.896961 -0.44211 -9.28974e-19
    outer loop
      vertex -59.4981 -39.4 0
      vertex -59.6716 -39.048 5
      vertex -59.6716 -39.048 0
    endloop
  endfacet
  facet normal -0.896961 -0.44211 -9.28974e-19
    outer loop
      vertex -59.6716 -39.048 5
      vertex -59.4981 -39.4 0
      vertex -59.4981 -39.4 5
    endloop
  endfacet
  facet normal 0 1 -0
    outer loop
      vertex 10 -29.9 0
      vertex -10 -29.9 5
      vertex 10 -29.9 5
    endloop
  endfacet
  facet normal 0 1 0
    outer loop
      vertex -10 -29.9 5
      vertex 10 -29.9 0
      vertex -10 -29.9 0
    endloop
  endfacet
  facet normal 0.846723 0.532034 -2.29959e-18
    outer loop
      vertex -13.1273 -28.394 5
      vertex -13.6039 -27.6355 0
      vertex -13.6039 -27.6355 5
    endloop
  endfacet
  facet normal 0.846723 0.532034 -2.29959e-18
    outer loop
      vertex -13.6039 -27.6355 0
      vertex -13.1273 -28.394 5
      vertex -13.1273 -28.394 0
    endloop
  endfacet
  facet normal 0.993711 -0.111975 -6.3849e-19
    outer loop
      vertex -14 -25.9 5
      vertex -13.8997 -25.0099 0
      vertex -13.8997 -25.0099 5
    endloop
  endfacet
  facet normal 0.993711 -0.111975 -6.3849e-19
    outer loop
      vertex -13.8997 -25.0099 0
      vertex -14 -25.9 5
      vertex -14 -25.9 0
    endloop
  endfacet
  facet normal -0.111975 0.993711 0
    outer loop
      vertex 10.8901 -29.7997 0
      vertex 10 -29.9 5
      vertex 10.8901 -29.7997 5
    endloop
  endfacet
  facet normal -0.111975 0.993711 0
    outer loop
      vertex 10 -29.9 5
      vertex 10.8901 -29.7997 0
      vertex 10 -29.9 0
    endloop
  endfacet
  facet normal -0.846723 -0.532034 3.92745e-18
    outer loop
      vertex 13.6039 -24.1645 0
      vertex 13.1273 -23.406 5
      vertex 13.1273 -23.406 0
    endloop
  endfacet
  facet normal -0.846723 -0.532034 3.92745e-18
    outer loop
      vertex 13.1273 -23.406 5
      vertex 13.6039 -24.1645 0
      vertex 13.6039 -24.1645 5
    endloop
  endfacet
  facet normal -0.330261 -0.94389 0
    outer loop
      vertex 10.8901 -22.0003 0
      vertex 11.7355 -22.2961 5
      vertex 10.8901 -22.0003 5
    endloop
  endfacet
  facet normal -0.330261 -0.94389 -0
    outer loop
      vertex 11.7355 -22.2961 5
      vertex 10.8901 -22.0003 0
      vertex 11.7355 -22.2961 0
    endloop
  endfacet
  facet normal 0 -1 0
    outer loop
      vertex -10 -21.9 0
      vertex 10 -21.9 5
      vertex -10 -21.9 5
    endloop
  endfacet
  facet normal 0 -1 -0
    outer loop
      vertex 10 -21.9 5
      vertex -10 -21.9 0
      vertex 10 -21.9 0
    endloop
  endfacet
  facet normal 0.993711 0.111975 6.3849e-19
    outer loop
      vertex -13.8997 -26.7901 5
      vertex -14 -25.9 0
      vertex -14 -25.9 5
    endloop
  endfacet
  facet normal 0.993711 0.111975 6.3849e-19
    outer loop
      vertex -14 -25.9 0
      vertex -13.8997 -26.7901 5
      vertex -13.8997 -26.7901 0
    endloop
  endfacet
  facet normal 0.846723 -0.532034 -3.92745e-18
    outer loop
      vertex -13.6039 -24.1645 5
      vertex -13.1273 -23.406 0
      vertex -13.1273 -23.406 5
    endloop
  endfacet
  facet normal 0.846723 -0.532034 -3.92745e-18
    outer loop
      vertex -13.1273 -23.406 0
      vertex -13.6039 -24.1645 5
      vertex -13.6039 -24.1645 0
    endloop
  endfacet
  facet normal 0.707107 -0.707107 0
    outer loop
      vertex -13.1273 -23.406 0
      vertex -12.494 -22.7727 5
      vertex -13.1273 -23.406 5
    endloop
  endfacet
  facet normal 0.707107 -0.707107 0
    outer loop
      vertex -12.494 -22.7727 5
      vertex -13.1273 -23.406 0
      vertex -12.494 -22.7727 0
    endloop
  endfacet
  facet normal 0.94389 0.330261 -2.81444e-18
    outer loop
      vertex -13.6039 -27.6355 5
      vertex -13.8997 -26.7901 0
      vertex -13.8997 -26.7901 5
    endloop
  endfacet
  facet normal 0.94389 0.330261 -2.81444e-18
    outer loop
      vertex -13.8997 -26.7901 0
      vertex -13.6039 -27.6355 5
      vertex -13.6039 -27.6355 0
    endloop
  endfacet
  facet normal 0.532034 0.846723 -0
    outer loop
      vertex -11.7355 -29.5039 0
      vertex -12.494 -29.0273 5
      vertex -11.7355 -29.5039 5
    endloop
  endfacet
  facet normal 0.532034 0.846723 0
    outer loop
      vertex -12.494 -29.0273 5
      vertex -11.7355 -29.5039 0
      vertex -12.494 -29.0273 0
    endloop
  endfacet
  facet normal 0.707107 0.707107 -0
    outer loop
      vertex -12.494 -29.0273 0
      vertex -13.1273 -28.394 5
      vertex -12.494 -29.0273 5
    endloop
  endfacet
  facet normal 0.707107 0.707107 0
    outer loop
      vertex -13.1273 -28.394 5
      vertex -12.494 -29.0273 0
      vertex -13.1273 -28.394 0
    endloop
  endfacet
  facet normal 0.330261 0.94389 -0
    outer loop
      vertex -10.8901 -29.7997 0
      vertex -11.7355 -29.5039 5
      vertex -10.8901 -29.7997 5
    endloop
  endfacet
  facet normal 0.330261 0.94389 0
    outer loop
      vertex -11.7355 -29.5039 5
      vertex -10.8901 -29.7997 0
      vertex -11.7355 -29.5039 0
    endloop
  endfacet
  facet normal -0.707107 0.707107 0
    outer loop
      vertex 13.1273 -28.394 0
      vertex 12.494 -29.0273 5
      vertex 13.1273 -28.394 5
    endloop
  endfacet
  facet normal -0.707107 0.707107 0
    outer loop
      vertex 12.494 -29.0273 5
      vertex 13.1273 -28.394 0
      vertex 12.494 -29.0273 0
    endloop
  endfacet
  facet normal -0.532034 0.846723 0
    outer loop
      vertex 12.494 -29.0273 0
      vertex 11.7355 -29.5039 5
      vertex 12.494 -29.0273 5
    endloop
  endfacet
  facet normal -0.532034 0.846723 0
    outer loop
      vertex 11.7355 -29.5039 5
      vertex 12.494 -29.0273 0
      vertex 11.7355 -29.5039 0
    endloop
  endfacet
  facet normal -0.330261 0.94389 0
    outer loop
      vertex 11.7355 -29.5039 0
      vertex 10.8901 -29.7997 5
      vertex 11.7355 -29.5039 5
    endloop
  endfacet
  facet normal -0.330261 0.94389 0
    outer loop
      vertex 10.8901 -29.7997 5
      vertex 11.7355 -29.5039 0
      vertex 10.8901 -29.7997 0
    endloop
  endfacet
  facet normal -0.993711 0.111975 -6.3849e-19
    outer loop
      vertex 13.8997 -26.7901 0
      vertex 14 -25.9 5
      vertex 14 -25.9 0
    endloop
  endfacet
  facet normal -0.993711 0.111975 -6.3849e-19
    outer loop
      vertex 14 -25.9 5
      vertex 13.8997 -26.7901 0
      vertex 13.8997 -26.7901 5
    endloop
  endfacet
  facet normal -0.111975 -0.993711 0
    outer loop
      vertex 10 -21.9 0
      vertex 10.8901 -22.0003 5
      vertex 10 -21.9 5
    endloop
  endfacet
  facet normal -0.111975 -0.993711 -0
    outer loop
      vertex 10.8901 -22.0003 5
      vertex 10 -21.9 0
      vertex 10.8901 -22.0003 0
    endloop
  endfacet
  facet normal -0.532034 -0.846723 0
    outer loop
      vertex 11.7355 -22.2961 0
      vertex 12.494 -22.7727 5
      vertex 11.7355 -22.2961 5
    endloop
  endfacet
  facet normal -0.532034 -0.846723 -0
    outer loop
      vertex 12.494 -22.7727 5
      vertex 11.7355 -22.2961 0
      vertex 12.494 -22.7727 0
    endloop
  endfacet
  facet normal -0.707107 -0.707107 0
    outer loop
      vertex 12.494 -22.7727 0
      vertex 13.1273 -23.406 5
      vertex 12.494 -22.7727 5
    endloop
  endfacet
  facet normal -0.707107 -0.707107 -0
    outer loop
      vertex 13.1273 -23.406 5
      vertex 12.494 -22.7727 0
      vertex 13.1273 -23.406 0
    endloop
  endfacet
  facet normal 0.94389 -0.330261 1.96103e-18
    outer loop
      vertex -13.8997 -25.0099 5
      vertex -13.6039 -24.1645 0
      vertex -13.6039 -24.1645 5
    endloop
  endfacet
  facet normal 0.94389 -0.330261 1.96103e-18
    outer loop
      vertex -13.6039 -24.1645 0
      vertex -13.8997 -25.0099 5
      vertex -13.8997 -25.0099 0
    endloop
  endfacet
  facet normal 0.532034 -0.846723 0
    outer loop
      vertex -12.494 -22.7727 0
      vertex -11.7355 -22.2961 5
      vertex -12.494 -22.7727 5
    endloop
  endfacet
  facet normal 0.532034 -0.846723 0
    outer loop
      vertex -11.7355 -22.2961 5
      vertex -12.494 -22.7727 0
      vertex -11.7355 -22.2961 0
    endloop
  endfacet
  facet normal 0.330261 -0.94389 0
    outer loop
      vertex -11.7355 -22.2961 0
      vertex -10.8901 -22.0003 5
      vertex -11.7355 -22.2961 5
    endloop
  endfacet
  facet normal 0.330261 -0.94389 0
    outer loop
      vertex -10.8901 -22.0003 5
      vertex -11.7355 -22.2961 0
      vertex -10.8901 -22.0003 0
    endloop
  endfacet
  facet normal 0.111975 -0.993711 0
    outer loop
      vertex -10.8901 -22.0003 0
      vertex -10 -21.9 5
      vertex -10.8901 -22.0003 5
    endloop
  endfacet
  facet normal 0.111975 -0.993711 0
    outer loop
      vertex -10 -21.9 5
      vertex -10.8901 -22.0003 0
      vertex -10 -21.9 0
    endloop
  endfacet
  facet normal 0.111975 0.993711 -0
    outer loop
      vertex -10 -29.9 0
      vertex -10.8901 -29.7997 5
      vertex -10 -29.9 5
    endloop
  endfacet
  facet normal 0.111975 0.993711 0
    outer loop
      vertex -10.8901 -29.7997 5
      vertex -10 -29.9 0
      vertex -10.8901 -29.7997 0
    endloop
  endfacet
  facet normal -0.846723 0.532034 2.29959e-18
    outer loop
      vertex 13.1273 -28.394 0
      vertex 13.6039 -27.6355 5
      vertex 13.6039 -27.6355 0
    endloop
  endfacet
  facet normal -0.846723 0.532034 2.29959e-18
    outer loop
      vertex 13.6039 -27.6355 5
      vertex 13.1273 -28.394 0
      vertex 13.1273 -28.394 5
    endloop
  endfacet
  facet normal -0.94389 0.330261 2.81444e-18
    outer loop
      vertex 13.6039 -27.6355 0
      vertex 13.8997 -26.7901 5
      vertex 13.8997 -26.7901 0
    endloop
  endfacet
  facet normal -0.94389 0.330261 2.81444e-18
    outer loop
      vertex 13.8997 -26.7901 5
      vertex 13.6039 -27.6355 0
      vertex 13.6039 -27.6355 5
    endloop
  endfacet
  facet normal -0.993711 -0.111975 6.3849e-19
    outer loop
      vertex 14 -25.9 0
      vertex 13.8997 -25.0099 5
      vertex 13.8997 -25.0099 0
    endloop
  endfacet
  facet normal -0.993711 -0.111975 6.3849e-19
    outer loop
      vertex 13.8997 -25.0099 5
      vertex 14 -25.9 0
      vertex 14 -25.9 5
    endloop
  endfacet
  facet normal -0.94389 -0.330261 -1.96103e-18
    outer loop
      vertex 13.8997 -25.0099 0
      vertex 13.6039 -24.1645 5
      vertex 13.6039 -24.1645 0
    endloop
  endfacet
  facet normal -0.94389 -0.330261 -1.96103e-18
    outer loop
      vertex 13.6039 -24.1645 5
      vertex 13.8997 -25.0099 0
      vertex 13.8997 -25.0099 5
    endloop
  endfacet
  facet normal 0 0 1
    outer loop
      vertex -11.2171 30.8113 4.65
      vertex -12.8175 30.8113 4.65
      vertex -11.2171 24.4044 4.65
    endloop
  endfacet
  facet normal -0 0 1
    outer loop
      vertex -11.2171 24.4044 4.65
      vertex -7.11586 23.1675 4.65
      vertex -7.11586 24.4044 4.65
    endloop
  endfacet
  facet normal 0 0 1
    outer loop
      vertex -11.2171 24.4044 4.65
      vertex -12.8175 23.1675 4.65
      vertex -7.11586 23.1675 4.65
    endloop
  endfacet
  facet normal 0 0 1
    outer loop
      vertex -12.8175 23.1675 4.65
      vertex -11.2171 24.4044 4.65
      vertex -12.8175 30.8113 4.65
    endloop
  endfacet
  facet normal 0 0 1
    outer loop
      vertex -0.178528 30.8113 4.65
      vertex -4.58908 29.5745 4.65
      vertex -0.178528 29.5745 4.65
    endloop
  endfacet
  facet normal 0 0 1
    outer loop
      vertex -6.18948 30.8113 4.65
      vertex -4.58908 27.654 4.65
      vertex -4.58908 29.5745 4.65
    endloop
  endfacet
  facet normal 0 0 1
    outer loop
      vertex -4.58908 27.654 4.65
      vertex -6.18948 30.8113 4.65
      vertex -4.58908 26.4171 4.65
    endloop
  endfacet
  facet normal 0 0 1
    outer loop
      vertex -6.18948 23.1675 4.65
      vertex -4.58908 26.4171 4.65
      vertex -6.18948 30.8113 4.65
    endloop
  endfacet
  facet normal -0 0 1
    outer loop
      vertex -6.18948 30.8113 4.65
      vertex -4.58908 29.5745 4.65
      vertex -0.178528 30.8113 4.65
    endloop
  endfacet
  facet normal -0 0 1
    outer loop
      vertex -4.58908 27.654 4.65
      vertex -0.509491 26.4171 4.65
      vertex -0.509491 27.654 4.65
    endloop
  endfacet
  facet normal 0 0 1
    outer loop
      vertex -0.509491 26.4171 4.65
      vertex -4.58908 27.654 4.65
      vertex -4.58908 26.4171 4.65
    endloop
  endfacet
  facet normal -0 0 1
    outer loop
      vertex -4.58908 24.4044 4.65
      vertex 0.0438538 23.1675 4.65
      vertex 0.0438538 24.4044 4.65
    endloop
  endfacet
  facet normal 0 0 1
    outer loop
      vertex -4.58908 24.4044 4.65
      vertex -6.18948 23.1675 4.65
      vertex 0.0438538 23.1675 4.65
    endloop
  endfacet
  facet normal 0 0 1
    outer loop
      vertex -4.58908 26.4171 4.65
      vertex -6.18948 23.1675 4.65
      vertex -4.58908 24.4044 4.65
    endloop
  endfacet
  facet normal 0 0 1
    outer loop
      vertex 6.68448 30.8113 4.65
      vertex 2.64824 29.5745 4.65
      vertex 6.68448 29.5745 4.65
    endloop
  endfacet
  facet normal 0 0 1
    outer loop
      vertex 1.04784 30.8113 4.65
      vertex 2.64824 27.2091 4.65
      vertex 2.64824 29.5745 4.65
    endloop
  endfacet
  facet normal 0 0 1
    outer loop
      vertex 1.04784 23.1675 4.65
      vertex 2.64824 27.2091 4.65
      vertex 1.04784 30.8113 4.65
    endloop
  endfacet
  facet normal -0 0 1
    outer loop
      vertex 1.04784 30.8113 4.65
      vertex 2.64824 29.5745 4.65
      vertex 6.68448 30.8113 4.65
    endloop
  endfacet
  facet normal 0 0 1
    outer loop
      vertex 2.64824 27.2091 4.65
      vertex 1.04784 23.1675 4.65
      vertex 2.64824 25.9722 4.65
    endloop
  endfacet
  facet normal 0 0 1
    outer loop
      vertex 2.64824 25.9722 4.65
      vertex 1.04784 23.1675 4.65
      vertex 2.64824 23.1675 4.65
    endloop
  endfacet
  facet normal -0 0 1
    outer loop
      vertex 2.64824 27.2091 4.65
      vertex 6.55968 25.9722 4.65
      vertex 6.55968 27.2091 4.65
    endloop
  endfacet
  facet normal 0 0 1
    outer loop
      vertex 6.55968 25.9722 4.65
      vertex 2.64824 27.2091 4.65
      vertex 2.64824 25.9722 4.65
    endloop
  endfacet
  facet normal 0 0 1
    outer loop
      vertex 13.6001 30.8113 4.65
      vertex 11.1262 29.5745 4.65
      vertex 13.6001 29.5745 4.65
    endloop
  endfacet
  facet normal 0 0 1
    outer loop
      vertex 11.1262 29.5745 4.65
      vertex 9.5258 29.5745 4.65
      vertex 11.1262 23.1675 4.65
    endloop
  endfacet
  facet normal 0 0 1
    outer loop
      vertex 13.6001 30.8113 4.65
      vertex 9.5258 29.5745 4.65
      vertex 11.1262 29.5745 4.65
    endloop
  endfacet
  facet normal -0 0 1
    outer loop
      vertex 7.0575 30.8113 4.65
      vertex 9.5258 29.5745 4.65
      vertex 13.6001 30.8113 4.65
    endloop
  endfacet
  facet normal 0 0 1
    outer loop
      vertex 9.5258 29.5745 4.65
      vertex 7.0575 30.8113 4.65
      vertex 7.0575 29.5745 4.65
    endloop
  endfacet
  facet normal 0 0 1
    outer loop
      vertex 11.1262 23.1675 4.65
      vertex 9.5258 29.5745 4.65
      vertex 9.5258 23.1675 4.65
    endloop
  endfacet
  facet normal 0 -1 0
    outer loop
      vertex -11.2171 24.4044 4.65
      vertex -7.11586 24.4044 5
      vertex -11.2171 24.4044 5
    endloop
  endfacet
  facet normal 0 -1 -0
    outer loop
      vertex -7.11586 24.4044 5
      vertex -11.2171 24.4044 4.65
      vertex -7.11586 24.4044 4.65
    endloop
  endfacet
  facet normal -1 0 0
    outer loop
      vertex -11.2171 24.4044 4.65
      vertex -11.2171 30.8113 5
      vertex -11.2171 30.8113 4.65
    endloop
  endfacet
  facet normal -1 -0 0
    outer loop
      vertex -11.2171 30.8113 5
      vertex -11.2171 24.4044 4.65
      vertex -11.2171 24.4044 5
    endloop
  endfacet
  facet normal 0 -1 0
    outer loop
      vertex -12.8175 30.8113 4.65
      vertex -11.2171 30.8113 5
      vertex -12.8175 30.8113 5
    endloop
  endfacet
  facet normal 0 -1 -0
    outer loop
      vertex -11.2171 30.8113 5
      vertex -12.8175 30.8113 4.65
      vertex -11.2171 30.8113 4.65
    endloop
  endfacet
  facet normal 1 -0 0
    outer loop
      vertex -12.8175 23.1675 5
      vertex -12.8175 30.8113 4.65
      vertex -12.8175 30.8113 5
    endloop
  endfacet
  facet normal 1 0 0
    outer loop
      vertex -12.8175 30.8113 4.65
      vertex -12.8175 23.1675 5
      vertex -12.8175 23.1675 4.65
    endloop
  endfacet
  facet normal 0 1 -0
    outer loop
      vertex -7.11586 23.1675 4.65
      vertex -12.8175 23.1675 5
      vertex -7.11586 23.1675 5
    endloop
  endfacet
  facet normal 0 1 0
    outer loop
      vertex -12.8175 23.1675 5
      vertex -7.11586 23.1675 4.65
      vertex -12.8175 23.1675 4.65
    endloop
  endfacet
  facet normal -1 0 0
    outer loop
      vertex -7.11586 23.1675 4.65
      vertex -7.11586 24.4044 5
      vertex -7.11586 24.4044 4.65
    endloop
  endfacet
  facet normal -1 -0 0
    outer loop
      vertex -7.11586 24.4044 5
      vertex -7.11586 23.1675 4.65
      vertex -7.11586 23.1675 5
    endloop
  endfacet
  facet normal 0 -1 0
    outer loop
      vertex -4.58908 24.4044 4.65
      vertex 0.0438538 24.4044 5
      vertex -4.58908 24.4044 5
    endloop
  endfacet
  facet normal 0 -1 -0
    outer loop
      vertex 0.0438538 24.4044 5
      vertex -4.58908 24.4044 4.65
      vertex 0.0438538 24.4044 4.65
    endloop
  endfacet
  facet normal -1 0 0
    outer loop
      vertex -4.58908 24.4044 4.65
      vertex -4.58908 26.4171 5
      vertex -4.58908 26.4171 4.65
    endloop
  endfacet
  facet normal -1 -0 0
    outer loop
      vertex -4.58908 26.4171 5
      vertex -4.58908 24.4044 4.65
      vertex -4.58908 24.4044 5
    endloop
  endfacet
  facet normal 0 1 -0
    outer loop
      vertex -0.509491 26.4171 4.65
      vertex -4.58908 26.4171 5
      vertex -0.509491 26.4171 5
    endloop
  endfacet
  facet normal 0 1 0
    outer loop
      vertex -4.58908 26.4171 5
      vertex -0.509491 26.4171 4.65
      vertex -4.58908 26.4171 4.65
    endloop
  endfacet
  facet normal -1 0 0
    outer loop
      vertex -0.509491 26.4171 4.65
      vertex -0.509491 27.654 5
      vertex -0.509491 27.654 4.65
    endloop
  endfacet
  facet normal -1 -0 0
    outer loop
      vertex -0.509491 27.654 5
      vertex -0.509491 26.4171 4.65
      vertex -0.509491 26.4171 5
    endloop
  endfacet
  facet normal 0 -1 0
    outer loop
      vertex -4.58908 27.654 4.65
      vertex -0.509491 27.654 5
      vertex -4.58908 27.654 5
    endloop
  endfacet
  facet normal 0 -1 -0
    outer loop
      vertex -0.509491 27.654 5
      vertex -4.58908 27.654 4.65
      vertex -0.509491 27.654 4.65
    endloop
  endfacet
  facet normal -1 0 0
    outer loop
      vertex -4.58908 27.654 4.65
      vertex -4.58908 29.5745 5
      vertex -4.58908 29.5745 4.65
    endloop
  endfacet
  facet normal -1 -0 0
    outer loop
      vertex -4.58908 29.5745 5
      vertex -4.58908 27.654 4.65
      vertex -4.58908 27.654 5
    endloop
  endfacet
  facet normal 0 1 -0
    outer loop
      vertex -0.178528 29.5745 4.65
      vertex -4.58908 29.5745 5
      vertex -0.178528 29.5745 5
    endloop
  endfacet
  facet normal 0 1 0
    outer loop
      vertex -4.58908 29.5745 5
      vertex -0.178528 29.5745 4.65
      vertex -4.58908 29.5745 4.65
    endloop
  endfacet
  facet normal -1 0 0
    outer loop
      vertex -0.178528 29.5745 4.65
      vertex -0.178528 30.8113 5
      vertex -0.178528 30.8113 4.65
    endloop
  endfacet
  facet normal -1 -0 0
    outer loop
      vertex -0.178528 30.8113 5
      vertex -0.178528 29.5745 4.65
      vertex -0.178528 29.5745 5
    endloop
  endfacet
  facet normal 0 -1 0
    outer loop
      vertex -6.18948 30.8113 4.65
      vertex -0.178528 30.8113 5
      vertex -6.18948 30.8113 5
    endloop
  endfacet
  facet normal 0 -1 -0
    outer loop
      vertex -0.178528 30.8113 5
      vertex -6.18948 30.8113 4.65
      vertex -0.178528 30.8113 4.65
    endloop
  endfacet
  facet normal 1 -0 0
    outer loop
      vertex -6.18948 23.1675 5
      vertex -6.18948 30.8113 4.65
      vertex -6.18948 30.8113 5
    endloop
  endfacet
  facet normal 1 0 0
    outer loop
      vertex -6.18948 30.8113 4.65
      vertex -6.18948 23.1675 5
      vertex -6.18948 23.1675 4.65
    endloop
  endfacet
  facet normal 0 1 -0
    outer loop
      vertex 0.0438538 23.1675 4.65
      vertex -6.18948 23.1675 5
      vertex 0.0438538 23.1675 5
    endloop
  endfacet
  facet normal 0 1 0
    outer loop
      vertex -6.18948 23.1675 5
      vertex 0.0438538 23.1675 4.65
      vertex -6.18948 23.1675 4.65
    endloop
  endfacet
  facet normal -1 0 0
    outer loop
      vertex 0.0438538 23.1675 4.65
      vertex 0.0438538 24.4044 5
      vertex 0.0438538 24.4044 4.65
    endloop
  endfacet
  facet normal -1 -0 0
    outer loop
      vertex 0.0438538 24.4044 5
      vertex 0.0438538 23.1675 4.65
      vertex 0.0438538 23.1675 5
    endloop
  endfacet
  facet normal 0 1 -0
    outer loop
      vertex 6.55968 25.9722 4.65
      vertex 2.64824 25.9722 5
      vertex 6.55968 25.9722 5
    endloop
  endfacet
  facet normal 0 1 0
    outer loop
      vertex 2.64824 25.9722 5
      vertex 6.55968 25.9722 4.65
      vertex 2.64824 25.9722 4.65
    endloop
  endfacet
  facet normal -1 0 0
    outer loop
      vertex 6.55968 25.9722 4.65
      vertex 6.55968 27.2091 5
      vertex 6.55968 27.2091 4.65
    endloop
  endfacet
  facet normal -1 -0 0
    outer loop
      vertex 6.55968 27.2091 5
      vertex 6.55968 25.9722 4.65
      vertex 6.55968 25.9722 5
    endloop
  endfacet
  facet normal 0 -1 0
    outer loop
      vertex 2.64824 27.2091 4.65
      vertex 6.55968 27.2091 5
      vertex 2.64824 27.2091 5
    endloop
  endfacet
  facet normal 0 -1 -0
    outer loop
      vertex 6.55968 27.2091 5
      vertex 2.64824 27.2091 4.65
      vertex 6.55968 27.2091 4.65
    endloop
  endfacet
  facet normal -1 0 0
    outer loop
      vertex 2.64824 27.2091 4.65
      vertex 2.64824 29.5745 5
      vertex 2.64824 29.5745 4.65
    endloop
  endfacet
  facet normal -1 -0 0
    outer loop
      vertex 2.64824 29.5745 5
      vertex 2.64824 27.2091 4.65
      vertex 2.64824 27.2091 5
    endloop
  endfacet
  facet normal 0 1 -0
    outer loop
      vertex 6.68448 29.5745 4.65
      vertex 2.64824 29.5745 5
      vertex 6.68448 29.5745 5
    endloop
  endfacet
  facet normal 0 1 0
    outer loop
      vertex 2.64824 29.5745 5
      vertex 6.68448 29.5745 4.65
      vertex 2.64824 29.5745 4.65
    endloop
  endfacet
  facet normal -1 0 0
    outer loop
      vertex 6.68448 29.5745 4.65
      vertex 6.68448 30.8113 5
      vertex 6.68448 30.8113 4.65
    endloop
  endfacet
  facet normal -1 -0 0
    outer loop
      vertex 6.68448 30.8113 5
      vertex 6.68448 29.5745 4.65
      vertex 6.68448 29.5745 5
    endloop
  endfacet
  facet normal 0 -1 0
    outer loop
      vertex 1.04784 30.8113 4.65
      vertex 6.68448 30.8113 5
      vertex 1.04784 30.8113 5
    endloop
  endfacet
  facet normal 0 -1 -0
    outer loop
      vertex 6.68448 30.8113 5
      vertex 1.04784 30.8113 4.65
      vertex 6.68448 30.8113 4.65
    endloop
  endfacet
  facet normal 1 -0 0
    outer loop
      vertex 1.04784 23.1675 5
      vertex 1.04784 30.8113 4.65
      vertex 1.04784 30.8113 5
    endloop
  endfacet
  facet normal 1 0 0
    outer loop
      vertex 1.04784 30.8113 4.65
      vertex 1.04784 23.1675 5
      vertex 1.04784 23.1675 4.65
    endloop
  endfacet
  facet normal 0 1 -0
    outer loop
      vertex 2.64824 23.1675 4.65
      vertex 1.04784 23.1675 5
      vertex 2.64824 23.1675 5
    endloop
  endfacet
  facet normal 0 1 0
    outer loop
      vertex 1.04784 23.1675 5
      vertex 2.64824 23.1675 4.65
      vertex 1.04784 23.1675 4.65
    endloop
  endfacet
  facet normal -1 0 0
    outer loop
      vertex 2.64824 23.1675 4.65
      vertex 2.64824 25.9722 5
      vertex 2.64824 25.9722 4.65
    endloop
  endfacet
  facet normal -1 -0 0
    outer loop
      vertex 2.64824 25.9722 5
      vertex 2.64824 23.1675 4.65
      vertex 2.64824 23.1675 5
    endloop
  endfacet
  facet normal 0 1 -0
    outer loop
      vertex 13.6001 29.5745 4.65
      vertex 11.1262 29.5745 5
      vertex 13.6001 29.5745 5
    endloop
  endfacet
  facet normal 0 1 0
    outer loop
      vertex 11.1262 29.5745 5
      vertex 13.6001 29.5745 4.65
      vertex 11.1262 29.5745 4.65
    endloop
  endfacet
  facet normal -1 0 0
    outer loop
      vertex 13.6001 29.5745 4.65
      vertex 13.6001 30.8113 5
      vertex 13.6001 30.8113 4.65
    endloop
  endfacet
  facet normal -1 -0 0
    outer loop
      vertex 13.6001 30.8113 5
      vertex 13.6001 29.5745 4.65
      vertex 13.6001 29.5745 5
    endloop
  endfacet
  facet normal 0 -1 0
    outer loop
      vertex 7.0575 30.8113 4.65
      vertex 13.6001 30.8113 5
      vertex 7.0575 30.8113 5
    endloop
  endfacet
  facet normal 0 -1 -0
    outer loop
      vertex 13.6001 30.8113 5
      vertex 7.0575 30.8113 4.65
      vertex 13.6001 30.8113 4.65
    endloop
  endfacet
  facet normal 1 -0 0
    outer loop
      vertex 7.0575 29.5745 5
      vertex 7.0575 30.8113 4.65
      vertex 7.0575 30.8113 5
    endloop
  endfacet
  facet normal 1 0 0
    outer loop
      vertex 7.0575 30.8113 4.65
      vertex 7.0575 29.5745 5
      vertex 7.0575 29.5745 4.65
    endloop
  endfacet
  facet normal 0 1 -0
    outer loop
      vertex 9.5258 29.5745 4.65
      vertex 7.0575 29.5745 5
      vertex 9.5258 29.5745 5
    endloop
  endfacet
  facet normal 0 1 0
    outer loop
      vertex 7.0575 29.5745 5
      vertex 9.5258 29.5745 4.65
      vertex 7.0575 29.5745 4.65
    endloop
  endfacet
  facet normal 1 -0 0
    outer loop
      vertex 9.5258 23.1675 5
      vertex 9.5258 29.5745 4.65
      vertex 9.5258 29.5745 5
    endloop
  endfacet
  facet normal 1 0 0
    outer loop
      vertex 9.5258 29.5745 4.65
      vertex 9.5258 23.1675 5
      vertex 9.5258 23.1675 4.65
    endloop
  endfacet
  facet normal 0 1 -0
    outer loop
      vertex 11.1262 23.1675 4.65
      vertex 9.5258 23.1675 5
      vertex 11.1262 23.1675 5
    endloop
  endfacet
  facet normal 0 1 0
    outer loop
      vertex 9.5258 23.1675 5
      vertex 11.1262 23.1675 4.65
      vertex 9.5258 23.1675 4.65
    endloop
  endfacet
  facet normal -1 0 0
    outer loop
      vertex 11.1262 23.1675 4.65
      vertex 11.1262 29.5745 5
      vertex 11.1262 29.5745 4.65
    endloop
  endfacet
  facet normal -1 -0 0
    outer loop
      vertex 11.1262 29.5745 5
      vertex 11.1262 23.1675 4.65
      vertex 11.1262 23.1675 5
    endloop
  endfacet
endsolid OpenSCAD_Model
