solid OpenSCAD_Model
  facet normal 0 -1 0
    outer loop
      vertex -68.2 -105 0
      vertex 68.2 -105 85
      vertex -68.2 -105 85
    endloop
  endfacet
  facet normal 0 -1 -0
    outer loop
      vertex 68.2 -105 85
      vertex -68.2 -105 0
      vertex 68.2 -105 0
    endloop
  endfacet
  facet normal 0 1 0
    outer loop
      vertex -54 105 47
      vertex -60.1683 105 40.6673
      vertex -60.5 105 40.7
    endloop
  endfacet
  facet normal 0 1 0
    outer loop
      vertex -54 105 47
      vertex -59.8494 105 40.5706
      vertex -60.1683 105 40.6673
    endloop
  endfacet
  facet normal 0 1 0
    outer loop
      vertex -54 105 47
      vertex -59.5555 105 40.4135
      vertex -59.8494 105 40.5706
    endloop
  endfacet
  facet normal 0 1 0
    outer loop
      vertex -54 105 47
      vertex -59.2979 105 40.2021
      vertex -59.5555 105 40.4135
    endloop
  endfacet
  facet normal 0 1 0
    outer loop
      vertex -54 105 47
      vertex -59.0865 105 39.9445
      vertex -59.2979 105 40.2021
    endloop
  endfacet
  facet normal 0 1 0
    outer loop
      vertex -54 105 47
      vertex -58.9294 105 39.6506
      vertex -59.0865 105 39.9445
    endloop
  endfacet
  facet normal 0 1 0
    outer loop
      vertex -54 105 47
      vertex -58.8327 105 39.3317
      vertex -58.9294 105 39.6506
    endloop
  endfacet
  facet normal 0 1 0
    outer loop
      vertex -54 105 47
      vertex -58.8 105 39
      vertex -58.8327 105 39.3317
    endloop
  endfacet
  facet normal 0 1 0
    outer loop
      vertex -54 105 47
      vertex -58.8327 105 38.6683
      vertex -58.8 105 39
    endloop
  endfacet
  facet normal 0 1 0
    outer loop
      vertex -54 105 47
      vertex -58.9294 105 38.3494
      vertex -58.8327 105 38.6683
    endloop
  endfacet
  facet normal 0 1 0
    outer loop
      vertex -58.9294 105 11.6506
      vertex -58.9294 105 38.3494
      vertex -54 105 47
    endloop
  endfacet
  facet normal 0 1 0
    outer loop
      vertex -60.1683 105 37.3327
      vertex -60.5 105 12.7
      vertex -60.5 105 37.3
    endloop
  endfacet
  facet normal 0 1 0
    outer loop
      vertex -60.1683 105 12.6673
      vertex -60.1683 105 37.3327
      vertex -59.8494 105 37.4294
    endloop
  endfacet
  facet normal 0 1 0
    outer loop
      vertex -59.8494 105 12.5706
      vertex -59.8494 105 37.4294
      vertex -59.5555 105 37.5865
    endloop
  endfacet
  facet normal 0 1 0
    outer loop
      vertex -59.5555 105 12.4135
      vertex -59.5555 105 37.5865
      vertex -59.2979 105 37.7979
    endloop
  endfacet
  facet normal 0 1 0
    outer loop
      vertex -59.2979 105 12.2021
      vertex -59.2979 105 37.7979
      vertex -59.0865 105 38.0555
    endloop
  endfacet
  facet normal 0 1 0
    outer loop
      vertex -58.9294 105 38.3494
      vertex -58.9294 105 11.6506
      vertex -59.0865 105 38.0555
    endloop
  endfacet
  facet normal 0 1 0
    outer loop
      vertex -60.1683 105 37.3327
      vertex -60.1683 105 12.6673
      vertex -60.5 105 12.7
    endloop
  endfacet
  facet normal 0 1 0
    outer loop
      vertex -59.8494 105 37.4294
      vertex -59.8494 105 12.5706
      vertex -60.1683 105 12.6673
    endloop
  endfacet
  facet normal 0 1 0
    outer loop
      vertex -59.5555 105 37.5865
      vertex -59.5555 105 12.4135
      vertex -59.8494 105 12.5706
    endloop
  endfacet
  facet normal 0 1 0
    outer loop
      vertex -59.2979 105 37.7979
      vertex -59.2979 105 12.2021
      vertex -59.5555 105 12.4135
    endloop
  endfacet
  facet normal 0 1 0
    outer loop
      vertex -59.0865 105 38.0555
      vertex -59.0865 105 11.9445
      vertex -59.2979 105 12.2021
    endloop
  endfacet
  facet normal 0 1 0
    outer loop
      vertex -59.0865 105 38.0555
      vertex -58.9294 105 11.6506
      vertex -59.0865 105 11.9445
    endloop
  endfacet
  facet normal 0 1 -0
    outer loop
      vertex -54 105 3
      vertex -58.9294 105 11.6506
      vertex -54 105 47
    endloop
  endfacet
  facet normal 0 1 0
    outer loop
      vertex -58.9294 105 11.6506
      vertex -54 105 3
      vertex -58.8327 105 11.3317
    endloop
  endfacet
  facet normal 0 1 0
    outer loop
      vertex -58.8327 105 11.3317
      vertex -54 105 3
      vertex -58.8 105 11
    endloop
  endfacet
  facet normal 0 1 0
    outer loop
      vertex -60.1683 105 9.33266
      vertex -54 105 3
      vertex -60.5 105 9.3
    endloop
  endfacet
  facet normal 0 1 0
    outer loop
      vertex -59.8494 105 9.4294
      vertex -54 105 3
      vertex -60.1683 105 9.33266
    endloop
  endfacet
  facet normal 0 1 0
    outer loop
      vertex -59.5555 105 9.5865
      vertex -54 105 3
      vertex -59.8494 105 9.4294
    endloop
  endfacet
  facet normal 0 1 0
    outer loop
      vertex -59.2979 105 9.79792
      vertex -54 105 3
      vertex -59.5555 105 9.5865
    endloop
  endfacet
  facet normal 0 1 0
    outer loop
      vertex -59.0865 105 10.0555
      vertex -54 105 3
      vertex -59.2979 105 9.79792
    endloop
  endfacet
  facet normal 0 1 0
    outer loop
      vertex -58.9294 105 10.3494
      vertex -54 105 3
      vertex -59.0865 105 10.0555
    endloop
  endfacet
  facet normal 0 1 0
    outer loop
      vertex -58.8327 105 10.6683
      vertex -54 105 3
      vertex -58.9294 105 10.3494
    endloop
  endfacet
  facet normal 0 1 0
    outer loop
      vertex -58.8 105 11
      vertex -54 105 3
      vertex -58.8327 105 10.6683
    endloop
  endfacet
  facet normal 0 1 -0
    outer loop
      vertex 60.1683 105 40.6673
      vertex 54 105 47
      vertex 60.5 105 40.7
    endloop
  endfacet
  facet normal 0 1 -0
    outer loop
      vertex 59.8494 105 40.5706
      vertex 54 105 47
      vertex 60.1683 105 40.6673
    endloop
  endfacet
  facet normal 0 1 -0
    outer loop
      vertex 59.5555 105 40.4135
      vertex 54 105 47
      vertex 59.8494 105 40.5706
    endloop
  endfacet
  facet normal 0 1 -0
    outer loop
      vertex 59.2979 105 40.2021
      vertex 54 105 47
      vertex 59.5555 105 40.4135
    endloop
  endfacet
  facet normal 0 1 -0
    outer loop
      vertex 59.0865 105 39.9445
      vertex 54 105 47
      vertex 59.2979 105 40.2021
    endloop
  endfacet
  facet normal 0 1 -0
    outer loop
      vertex 58.9294 105 39.6506
      vertex 54 105 47
      vertex 59.0865 105 39.9445
    endloop
  endfacet
  facet normal 0 1 -0
    outer loop
      vertex 58.8327 105 39.3317
      vertex 54 105 47
      vertex 58.9294 105 39.6506
    endloop
  endfacet
  facet normal 0 1 -0
    outer loop
      vertex 58.8 105 39
      vertex 54 105 47
      vertex 58.8327 105 39.3317
    endloop
  endfacet
  facet normal 0 1 0
    outer loop
      vertex 58.8327 105 38.6683
      vertex 54 105 47
      vertex 58.8 105 39
    endloop
  endfacet
  facet normal 0 1 0
    outer loop
      vertex 58.9294 105 38.3494
      vertex 54 105 47
      vertex 58.8327 105 38.6683
    endloop
  endfacet
  facet normal 0 1 0
    outer loop
      vertex 58.9294 105 11.6506
      vertex 58.9294 105 38.3494
      vertex 59.0865 105 38.0555
    endloop
  endfacet
  facet normal 0 1 -0
    outer loop
      vertex 60.5 105 12.7
      vertex 60.1683 105 37.3327
      vertex 60.5 105 37.3
    endloop
  endfacet
  facet normal 0 1 0
    outer loop
      vertex 60.1683 105 12.6673
      vertex 60.1683 105 37.3327
      vertex 60.5 105 12.7
    endloop
  endfacet
  facet normal 0 1 0
    outer loop
      vertex 60.1683 105 37.3327
      vertex 60.1683 105 12.6673
      vertex 59.8494 105 37.4294
    endloop
  endfacet
  facet normal 0 1 0
    outer loop
      vertex 59.8494 105 12.5706
      vertex 59.8494 105 37.4294
      vertex 60.1683 105 12.6673
    endloop
  endfacet
  facet normal 0 1 0
    outer loop
      vertex 59.8494 105 37.4294
      vertex 59.8494 105 12.5706
      vertex 59.5555 105 37.5865
    endloop
  endfacet
  facet normal 0 1 0
    outer loop
      vertex 59.5555 105 12.4135
      vertex 59.5555 105 37.5865
      vertex 59.8494 105 12.5706
    endloop
  endfacet
  facet normal 0 1 0
    outer loop
      vertex 59.5555 105 37.5865
      vertex 59.5555 105 12.4135
      vertex 59.2979 105 37.7979
    endloop
  endfacet
  facet normal 0 1 0
    outer loop
      vertex 59.2979 105 12.2021
      vertex 59.2979 105 37.7979
      vertex 59.5555 105 12.4135
    endloop
  endfacet
  facet normal 0 1 0
    outer loop
      vertex 59.2979 105 37.7979
      vertex 59.2979 105 12.2021
      vertex 59.0865 105 38.0555
    endloop
  endfacet
  facet normal 0 1 0
    outer loop
      vertex 59.0865 105 11.9445
      vertex 59.0865 105 38.0555
      vertex 59.2979 105 12.2021
    endloop
  endfacet
  facet normal 0 1 0
    outer loop
      vertex 58.9294 105 11.6506
      vertex 59.0865 105 38.0555
      vertex 59.0865 105 11.9445
    endloop
  endfacet
  facet normal 0 1 0
    outer loop
      vertex 58.9294 105 38.3494
      vertex 58.9294 105 11.6506
      vertex 54 105 47
    endloop
  endfacet
  facet normal 0 1 0
    outer loop
      vertex 54 105 3
      vertex 58.9294 105 11.6506
      vertex 58.8327 105 11.3317
    endloop
  endfacet
  facet normal 0 1 0
    outer loop
      vertex 54 105 3
      vertex 58.8327 105 11.3317
      vertex 58.8 105 11
    endloop
  endfacet
  facet normal 0 1 0
    outer loop
      vertex 54 105 3
      vertex 58.8 105 11
      vertex 58.8327 105 10.6683
    endloop
  endfacet
  facet normal 0 1 0
    outer loop
      vertex 58.9294 105 11.6506
      vertex 54 105 3
      vertex 54 105 47
    endloop
  endfacet
  facet normal 0 1 0
    outer loop
      vertex 58.9294 105 10.3494
      vertex 54 105 3
      vertex 58.8327 105 10.6683
    endloop
  endfacet
  facet normal 0 1 0
    outer loop
      vertex 59.0865 105 10.0555
      vertex 54 105 3
      vertex 58.9294 105 10.3494
    endloop
  endfacet
  facet normal 0 1 0
    outer loop
      vertex 59.2979 105 9.79792
      vertex 54 105 3
      vertex 59.0865 105 10.0555
    endloop
  endfacet
  facet normal 0 1 0
    outer loop
      vertex 59.5555 105 9.5865
      vertex 54 105 3
      vertex 59.2979 105 9.79792
    endloop
  endfacet
  facet normal 0 1 0
    outer loop
      vertex 59.8494 105 9.4294
      vertex 54 105 3
      vertex 59.5555 105 9.5865
    endloop
  endfacet
  facet normal 0 1 0
    outer loop
      vertex 60.1683 105 9.33266
      vertex 54 105 3
      vertex 59.8494 105 9.4294
    endloop
  endfacet
  facet normal 0 1 0
    outer loop
      vertex 54 105 3
      vertex 60.1683 105 9.33266
      vertex 60.5 105 9.3
    endloop
  endfacet
  facet normal 0 1 0
    outer loop
      vertex 29.8787 105 150.331
      vertex 68.2 105 152.175
      vertex 60.5213 105 150.331
    endloop
  endfacet
  facet normal 0 1 0
    outer loop
      vertex 68.2 105 152.175
      vertex 29.8787 105 150.331
      vertex 29.2 105 150.375
    endloop
  endfacet
  facet normal 0 1 -0
    outer loop
      vertex 59.8541 105 150.198
      vertex 29.8787 105 150.331
      vertex 60.5213 105 150.331
    endloop
  endfacet
  facet normal 0 1 0
    outer loop
      vertex 59.8541 105 150.198
      vertex 30.5459 105 150.198
      vertex 29.8787 105 150.331
    endloop
  endfacet
  facet normal 0 1 -0
    outer loop
      vertex 59.21 105 149.979
      vertex 30.5459 105 150.198
      vertex 59.8541 105 150.198
    endloop
  endfacet
  facet normal 0 1 0
    outer loop
      vertex 59.21 105 149.979
      vertex 31.19 105 149.979
      vertex 30.5459 105 150.198
    endloop
  endfacet
  facet normal 0 1 -0
    outer loop
      vertex 58.6 105 149.678
      vertex 31.19 105 149.979
      vertex 59.21 105 149.979
    endloop
  endfacet
  facet normal 0 1 0
    outer loop
      vertex 58.6 105 149.678
      vertex 31.8 105 149.678
      vertex 31.19 105 149.979
    endloop
  endfacet
  facet normal 0 1 -0
    outer loop
      vertex 58.0344 105 149.301
      vertex 31.8 105 149.678
      vertex 58.6 105 149.678
    endloop
  endfacet
  facet normal 0 1 0
    outer loop
      vertex 58.0344 105 149.301
      vertex 32.3656 105 149.301
      vertex 31.8 105 149.678
    endloop
  endfacet
  facet normal 0 1 -0
    outer loop
      vertex 57.523 105 148.852
      vertex 32.3656 105 149.301
      vertex 58.0344 105 149.301
    endloop
  endfacet
  facet normal 0 1 0
    outer loop
      vertex 57.523 105 148.852
      vertex 32.877 105 148.852
      vertex 32.3656 105 149.301
    endloop
  endfacet
  facet normal 0 1 -0
    outer loop
      vertex 57.0746 105 148.341
      vertex 32.877 105 148.852
      vertex 57.523 105 148.852
    endloop
  endfacet
  facet normal 0 1 0
    outer loop
      vertex 57.0746 105 148.341
      vertex 33.3254 105 148.341
      vertex 32.877 105 148.852
    endloop
  endfacet
  facet normal 0 1 0
    outer loop
      vertex 46.1156 105 143.145
      vertex 57.0746 105 148.341
      vertex 56.6967 105 147.775
    endloop
  endfacet
  facet normal 0 1 0
    outer loop
      vertex 57.0746 105 148.341
      vertex 45.2 105 143.175
      vertex 33.3254 105 148.341
    endloop
  endfacet
  facet normal 0 1 0
    outer loop
      vertex 47.9313 105 142.906
      vertex 56.6967 105 147.775
      vertex 56.3958 105 147.165
    endloop
  endfacet
  facet normal 0 1 -0
    outer loop
      vertex 44.2844 105 143.145
      vertex 33.3254 105 148.341
      vertex 45.2 105 143.175
    endloop
  endfacet
  facet normal 0 1 0
    outer loop
      vertex 48.8235 105 142.698
      vertex 56.3958 105 147.165
      vertex 56.1772 105 146.521
    endloop
  endfacet
  facet normal 0 1 0
    outer loop
      vertex 33.3254 105 148.341
      vertex 44.2844 105 143.145
      vertex 33.7033 105 147.775
    endloop
  endfacet
  facet normal 0 1 0
    outer loop
      vertex 49.7002 105 142.432
      vertex 56.1772 105 146.521
      vertex 56.0445 105 145.854
    endloop
  endfacet
  facet normal 0 1 -0
    outer loop
      vertex 43.3726 105 143.055
      vertex 33.7033 105 147.775
      vertex 44.2844 105 143.145
    endloop
  endfacet
  facet normal 0 1 0
    outer loop
      vertex 50.5576 105 142.109
      vertex 56.0445 105 145.854
      vertex 56 105 145.175
    endloop
  endfacet
  facet normal 0 1 -0
    outer loop
      vertex 42.4687 105 142.906
      vertex 33.7033 105 147.775
      vertex 43.3726 105 143.055
    endloop
  endfacet
  facet normal 0 1 0
    outer loop
      vertex 51.392 105 141.731
      vertex 56 105 145.175
      vertex 56.0445 105 144.496
    endloop
  endfacet
  facet normal 0 1 0
    outer loop
      vertex 33.7033 105 147.775
      vertex 42.4687 105 142.906
      vertex 34.0042 105 147.165
    endloop
  endfacet
  facet normal 0 1 0
    outer loop
      vertex 52.2 105 141.299
      vertex 56.0445 105 144.496
      vertex 56.1772 105 143.829
    endloop
  endfacet
  facet normal 0 1 -0
    outer loop
      vertex 41.5765 105 142.698
      vertex 34.0042 105 147.165
      vertex 42.4687 105 142.906
    endloop
  endfacet
  facet normal 0 1 0
    outer loop
      vertex 52.978 105 140.816
      vertex 56.1772 105 143.829
      vertex 56.3958 105 143.185
    endloop
  endfacet
  facet normal 0 1 0
    outer loop
      vertex 34.0042 105 147.165
      vertex 41.5765 105 142.698
      vertex 34.2228 105 146.521
    endloop
  endfacet
  facet normal 0 1 -0
    outer loop
      vertex 40.6998 105 142.432
      vertex 34.2228 105 146.521
      vertex 41.5765 105 142.698
    endloop
  endfacet
  facet normal 0 1 0
    outer loop
      vertex 57.0746 105 148.341
      vertex 46.1156 105 143.145
      vertex 45.2 105 143.175
    endloop
  endfacet
  facet normal 0 1 0
    outer loop
      vertex 56.6967 105 147.775
      vertex 47.0274 105 143.055
      vertex 46.1156 105 143.145
    endloop
  endfacet
  facet normal 0 1 0
    outer loop
      vertex 56.6967 105 147.775
      vertex 47.9313 105 142.906
      vertex 47.0274 105 143.055
    endloop
  endfacet
  facet normal 0 1 0
    outer loop
      vertex 56.3958 105 147.165
      vertex 48.8235 105 142.698
      vertex 47.9313 105 142.906
    endloop
  endfacet
  facet normal 0 1 0
    outer loop
      vertex 53.7227 105 140.282
      vertex 56.3958 105 143.185
      vertex 56.6967 105 142.575
    endloop
  endfacet
  facet normal 0 1 0
    outer loop
      vertex 56.1772 105 146.521
      vertex 49.7002 105 142.432
      vertex 48.8235 105 142.698
    endloop
  endfacet
  facet normal 0 1 0
    outer loop
      vertex 56.0445 105 145.854
      vertex 50.5576 105 142.109
      vertex 49.7002 105 142.432
    endloop
  endfacet
  facet normal 0 1 0
    outer loop
      vertex 54.4308 105 139.701
      vertex 56.6967 105 142.575
      vertex 57.0746 105 142.01
    endloop
  endfacet
  facet normal 0 1 0
    outer loop
      vertex 56 105 145.175
      vertex 51.392 105 141.731
      vertex 50.5576 105 142.109
    endloop
  endfacet
  facet normal 0 1 0
    outer loop
      vertex 55.0995 105 139.075
      vertex 57.0746 105 142.01
      vertex 57.523 105 141.498
    endloop
  endfacet
  facet normal 0 1 0
    outer loop
      vertex 56.0445 105 144.496
      vertex 52.2 105 141.299
      vertex 51.392 105 141.731
    endloop
  endfacet
  facet normal 0 1 0
    outer loop
      vertex 55.0995 105 139.075
      vertex 57.523 105 141.498
      vertex 58.0344 105 141.05
    endloop
  endfacet
  facet normal 0 1 0
    outer loop
      vertex 56.1772 105 143.829
      vertex 52.978 105 140.816
      vertex 52.2 105 141.299
    endloop
  endfacet
  facet normal 0 1 0
    outer loop
      vertex 55.7258 105 138.406
      vertex 58.0344 105 141.05
      vertex 58.6 105 140.672
    endloop
  endfacet
  facet normal 0 1 0
    outer loop
      vertex 56.3069 105 137.698
      vertex 58.6 105 140.672
      vertex 59.21 105 140.371
    endloop
  endfacet
  facet normal 0 1 0
    outer loop
      vertex 56.3958 105 143.185
      vertex 53.7227 105 140.282
      vertex 52.978 105 140.816
    endloop
  endfacet
  facet normal 0 1 0
    outer loop
      vertex 56.8406 105 136.953
      vertex 59.21 105 140.371
      vertex 59.8541 105 140.152
    endloop
  endfacet
  facet normal 0 1 0
    outer loop
      vertex 57.3244 105 136.175
      vertex 59.8541 105 140.152
      vertex 60.5213 105 140.02
    endloop
  endfacet
  facet normal 0 1 0
    outer loop
      vertex 57.7562 105 135.367
      vertex 60.5213 105 140.02
      vertex 61.2 105 139.975
    endloop
  endfacet
  facet normal 0 1 0
    outer loop
      vertex 56.6967 105 142.575
      vertex 54.4308 105 139.701
      vertex 53.7227 105 140.282
    endloop
  endfacet
  facet normal 0 1 0
    outer loop
      vertex 60.5213 105 150.331
      vertex 68.2 105 152.175
      vertex 61.2 105 150.375
    endloop
  endfacet
  facet normal 0 1 0
    outer loop
      vertex 68.2 105 152.175
      vertex 61.8787 105 150.331
      vertex 61.2 105 150.375
    endloop
  endfacet
  facet normal 0 1 0
    outer loop
      vertex 68.2 105 152.175
      vertex 62.5459 105 150.198
      vertex 61.8787 105 150.331
    endloop
  endfacet
  facet normal 0 1 0
    outer loop
      vertex 68.2 105 152.175
      vertex 63.19 105 149.979
      vertex 62.5459 105 150.198
    endloop
  endfacet
  facet normal 0 1 0
    outer loop
      vertex 68.2 105 152.175
      vertex 63.8 105 149.678
      vertex 63.19 105 149.979
    endloop
  endfacet
  facet normal 0 1 0
    outer loop
      vertex 68.2 105 152.175
      vertex 64.3656 105 149.301
      vertex 63.8 105 149.678
    endloop
  endfacet
  facet normal 0 1 0
    outer loop
      vertex 68.2 105 152.175
      vertex 64.877 105 148.852
      vertex 64.3656 105 149.301
    endloop
  endfacet
  facet normal 0 1 0
    outer loop
      vertex 68.2 105 152.175
      vertex 65.3254 105 148.341
      vertex 64.877 105 148.852
    endloop
  endfacet
  facet normal 0 1 0
    outer loop
      vertex 68.2 105 152.175
      vertex 65.7033 105 147.775
      vertex 65.3254 105 148.341
    endloop
  endfacet
  facet normal 0 1 0
    outer loop
      vertex 68.2 105 152.175
      vertex 66.0042 105 147.165
      vertex 65.7033 105 147.775
    endloop
  endfacet
  facet normal 0 1 0
    outer loop
      vertex 68.2 105 152.175
      vertex 66.2228 105 146.521
      vertex 66.0042 105 147.165
    endloop
  endfacet
  facet normal 0 1 0
    outer loop
      vertex 68.2 105 152.175
      vertex 66.3555 105 145.854
      vertex 66.2228 105 146.521
    endloop
  endfacet
  facet normal 0 1 0
    outer loop
      vertex 68.2 105 152.175
      vertex 66.4 105 145.175
      vertex 66.3555 105 145.854
    endloop
  endfacet
  facet normal 0 1 0
    outer loop
      vertex 68.2 105 152.175
      vertex 66.3555 105 144.496
      vertex 66.4 105 145.175
    endloop
  endfacet
  facet normal 0 1 0
    outer loop
      vertex 66.3555 105 113.854
      vertex 66.3555 105 144.496
      vertex 68.2 105 152.175
    endloop
  endfacet
  facet normal 0 1 0
    outer loop
      vertex 57.0746 105 142.01
      vertex 55.0995 105 139.075
      vertex 54.4308 105 139.701
    endloop
  endfacet
  facet normal 0 1 0
    outer loop
      vertex 58.1343 105 134.533
      vertex 61.2 105 139.975
      vertex 61.8787 105 140.02
    endloop
  endfacet
  facet normal 0 1 0
    outer loop
      vertex 58.0344 105 141.05
      vertex 55.7258 105 138.406
      vertex 55.0995 105 139.075
    endloop
  endfacet
  facet normal 0 1 0
    outer loop
      vertex 58.457 105 133.675
      vertex 61.8787 105 140.02
      vertex 62.5459 105 140.152
    endloop
  endfacet
  facet normal 0 1 0
    outer loop
      vertex 58.6 105 140.672
      vertex 56.3069 105 137.698
      vertex 55.7258 105 138.406
    endloop
  endfacet
  facet normal 0 1 0
    outer loop
      vertex 58.723 105 132.799
      vertex 62.5459 105 140.152
      vertex 63.19 105 140.371
    endloop
  endfacet
  facet normal 0 1 0
    outer loop
      vertex 59.21 105 140.371
      vertex 56.8406 105 136.953
      vertex 56.3069 105 137.698
    endloop
  endfacet
  facet normal 0 1 0
    outer loop
      vertex 58.931 105 131.906
      vertex 63.19 105 140.371
      vertex 63.8 105 140.672
    endloop
  endfacet
  facet normal 0 1 0
    outer loop
      vertex 59.8541 105 140.152
      vertex 57.3244 105 136.175
      vertex 56.8406 105 136.953
    endloop
  endfacet
  facet normal 0 1 0
    outer loop
      vertex 59.17 105 130.091
      vertex 63.8 105 140.672
      vertex 64.3656 105 141.05
    endloop
  endfacet
  facet normal 0 1 0
    outer loop
      vertex 60.5213 105 140.02
      vertex 57.7562 105 135.367
      vertex 57.3244 105 136.175
    endloop
  endfacet
  facet normal 0 1 0
    outer loop
      vertex 61.2 105 139.975
      vertex 58.1343 105 134.533
      vertex 57.7562 105 135.367
    endloop
  endfacet
  facet normal 0 1 0
    outer loop
      vertex 59.2 105 129.175
      vertex 64.3656 105 141.05
      vertex 64.877 105 141.498
    endloop
  endfacet
  facet normal 0 1 0
    outer loop
      vertex 61.8787 105 140.02
      vertex 58.457 105 133.675
      vertex 58.1343 105 134.533
    endloop
  endfacet
  facet normal 0 1 0
    outer loop
      vertex 64.877 105 116.852
      vertex 64.877 105 141.498
      vertex 65.3254 105 142.01
    endloop
  endfacet
  facet normal 0 1 0
    outer loop
      vertex 62.5459 105 140.152
      vertex 58.723 105 132.799
      vertex 58.457 105 133.675
    endloop
  endfacet
  facet normal 0 1 0
    outer loop
      vertex 63.19 105 140.371
      vertex 58.931 105 131.906
      vertex 58.723 105 132.799
    endloop
  endfacet
  facet normal 0 1 0
    outer loop
      vertex 65.3254 105 116.341
      vertex 65.3254 105 142.01
      vertex 65.7033 105 142.575
    endloop
  endfacet
  facet normal 0 1 0
    outer loop
      vertex 63.8 105 140.672
      vertex 59.0802 105 131.003
      vertex 58.931 105 131.906
    endloop
  endfacet
  facet normal 0 1 0
    outer loop
      vertex 63.8 105 140.672
      vertex 59.17 105 130.091
      vertex 59.0802 105 131.003
    endloop
  endfacet
  facet normal 0 1 0
    outer loop
      vertex 64.3656 105 141.05
      vertex 59.2 105 129.175
      vertex 59.17 105 130.091
    endloop
  endfacet
  facet normal 0 1 0
    outer loop
      vertex 65.7033 105 115.775
      vertex 65.7033 105 142.575
      vertex 66.0042 105 143.185
    endloop
  endfacet
  facet normal 0 1 0
    outer loop
      vertex 64.877 105 141.498
      vertex 64.877 105 116.852
      vertex 59.2 105 129.175
    endloop
  endfacet
  facet normal -0 1 -0
    outer loop
      vertex 64.3656 105 117.301
      vertex 59.2 105 129.175
      vertex 64.877 105 116.852
    endloop
  endfacet
  facet normal -0 1 -0
    outer loop
      vertex 63.8 105 117.678
      vertex 59.17 105 128.26
      vertex 64.3656 105 117.301
    endloop
  endfacet
  facet normal 0 1 0
    outer loop
      vertex 59.17 105 128.26
      vertex 63.8 105 117.678
      vertex 59.0802 105 127.348
    endloop
  endfacet
  facet normal 0 1 0
    outer loop
      vertex 59.0802 105 127.348
      vertex 63.8 105 117.678
      vertex 58.931 105 126.444
    endloop
  endfacet
  facet normal 0 1 0
    outer loop
      vertex 58.931 105 126.444
      vertex 63.19 105 117.979
      vertex 58.723 105 125.552
    endloop
  endfacet
  facet normal 0 1 0
    outer loop
      vertex 56.8406 105 121.397
      vertex 59.21 105 117.979
      vertex 56.3069 105 120.652
    endloop
  endfacet
  facet normal 0 1 -0
    outer loop
      vertex 59.21 105 117.979
      vertex 56.8406 105 121.397
      vertex 59.8541 105 118.198
    endloop
  endfacet
  facet normal 0 1 0
    outer loop
      vertex 57.3244 105 122.175
      vertex 59.8541 105 118.198
      vertex 56.8406 105 121.397
    endloop
  endfacet
  facet normal 0 1 -0
    outer loop
      vertex 59.8541 105 118.198
      vertex 57.3244 105 122.175
      vertex 60.5213 105 118.331
    endloop
  endfacet
  facet normal 0 1 0
    outer loop
      vertex 57.7562 105 122.983
      vertex 60.5213 105 118.331
      vertex 57.3244 105 122.175
    endloop
  endfacet
  facet normal 0 1 -0
    outer loop
      vertex 60.5213 105 118.331
      vertex 57.7562 105 122.983
      vertex 61.2 105 118.375
    endloop
  endfacet
  facet normal 0 1 0
    outer loop
      vertex 58.1343 105 123.818
      vertex 61.2 105 118.375
      vertex 57.7562 105 122.983
    endloop
  endfacet
  facet normal -0 1 -0
    outer loop
      vertex 62.5459 105 118.198
      vertex 58.723 105 125.552
      vertex 63.19 105 117.979
    endloop
  endfacet
  facet normal 0 1 0
    outer loop
      vertex 66.0042 105 115.165
      vertex 66.0042 105 143.185
      vertex 66.2228 105 143.829
    endloop
  endfacet
  facet normal 0 1 0
    outer loop
      vertex 66.3555 105 144.496
      vertex 66.3555 105 113.854
      vertex 66.2228 105 143.829
    endloop
  endfacet
  facet normal 0 1 0
    outer loop
      vertex 58.1343 105 123.818
      vertex 61.8787 105 118.331
      vertex 61.2 105 118.375
    endloop
  endfacet
  facet normal 0 1 0
    outer loop
      vertex 58.457 105 124.675
      vertex 61.8787 105 118.331
      vertex 58.1343 105 123.818
    endloop
  endfacet
  facet normal -0 1 -0
    outer loop
      vertex 61.8787 105 118.331
      vertex 58.457 105 124.675
      vertex 62.5459 105 118.198
    endloop
  endfacet
  facet normal 0 1 0
    outer loop
      vertex 58.723 105 125.552
      vertex 62.5459 105 118.198
      vertex 58.457 105 124.675
    endloop
  endfacet
  facet normal -0 1 -0
    outer loop
      vertex 63.19 105 117.979
      vertex 58.931 105 126.444
      vertex 63.8 105 117.678
    endloop
  endfacet
  facet normal 0 1 0
    outer loop
      vertex 59.2 105 129.175
      vertex 64.3656 105 117.301
      vertex 59.17 105 128.26
    endloop
  endfacet
  facet normal 0 1 0
    outer loop
      vertex 65.3254 105 142.01
      vertex 65.3254 105 116.341
      vertex 64.877 105 116.852
    endloop
  endfacet
  facet normal 0 1 0
    outer loop
      vertex 65.7033 105 142.575
      vertex 65.7033 105 115.775
      vertex 65.3254 105 116.341
    endloop
  endfacet
  facet normal 0 1 0
    outer loop
      vertex 66.0042 105 143.185
      vertex 66.0042 105 115.165
      vertex 65.7033 105 115.775
    endloop
  endfacet
  facet normal 0 1 0
    outer loop
      vertex 66.2228 105 143.829
      vertex 66.2228 105 114.521
      vertex 66.0042 105 115.165
    endloop
  endfacet
  facet normal 0 1 0
    outer loop
      vertex 66.2228 105 143.829
      vertex 66.3555 105 113.854
      vertex 66.2228 105 114.521
    endloop
  endfacet
  facet normal 0 1 0
    outer loop
      vertex 68.2 105 152.175
      vertex 66.4 105 113.175
      vertex 66.3555 105 113.854
    endloop
  endfacet
  facet normal 0 1 0
    outer loop
      vertex 29.8787 105 108.02
      vertex 54 105 47
      vertex 29.2 105 107.975
    endloop
  endfacet
  facet normal 0 1 0
    outer loop
      vertex 61.8787 105 108.02
      vertex 54 105 47
      vertex 61.2 105 107.975
    endloop
  endfacet
  facet normal 0 1 0
    outer loop
      vertex 62.5459 105 108.152
      vertex 54 105 47
      vertex 61.8787 105 108.02
    endloop
  endfacet
  facet normal 0 1 0
    outer loop
      vertex 63.19 105 108.371
      vertex 54 105 47
      vertex 62.5459 105 108.152
    endloop
  endfacet
  facet normal 0 1 0
    outer loop
      vertex 63.8 105 108.672
      vertex 54 105 47
      vertex 63.19 105 108.371
    endloop
  endfacet
  facet normal 0 1 0
    outer loop
      vertex 61.4445 105 40.4135
      vertex 63.8 105 108.672
      vertex 64.3656 105 109.05
    endloop
  endfacet
  facet normal 0 1 0
    outer loop
      vertex 61.7021 105 40.2021
      vertex 64.3656 105 109.05
      vertex 64.877 105 109.498
    endloop
  endfacet
  facet normal 0 1 0
    outer loop
      vertex 61.9135 105 39.9445
      vertex 64.877 105 109.498
      vertex 65.3254 105 110.01
    endloop
  endfacet
  facet normal 0 1 0
    outer loop
      vertex 61.9135 105 39.9445
      vertex 65.3254 105 110.01
      vertex 65.7033 105 110.575
    endloop
  endfacet
  facet normal 0 1 0
    outer loop
      vertex 62.0706 105 39.6506
      vertex 65.7033 105 110.575
      vertex 66.0042 105 111.185
    endloop
  endfacet
  facet normal 0 1 0
    outer loop
      vertex 62.1673 105 39.3317
      vertex 66.0042 105 111.185
      vertex 66.2228 105 111.829
    endloop
  endfacet
  facet normal 0 1 0
    outer loop
      vertex 62.2 105 39
      vertex 66.2228 105 111.829
      vertex 66.3555 105 112.496
    endloop
  endfacet
  facet normal 0 1 0
    outer loop
      vertex 63.8 105 108.672
      vertex 61.4445 105 40.4135
      vertex 54 105 47
    endloop
  endfacet
  facet normal 0 1 0
    outer loop
      vertex 54 105 47
      vertex 60.8317 105 40.6673
      vertex 60.5 105 40.7
    endloop
  endfacet
  facet normal 0 1 0
    outer loop
      vertex 54 105 47
      vertex 61.1506 105 40.5706
      vertex 60.8317 105 40.6673
    endloop
  endfacet
  facet normal 0 1 0
    outer loop
      vertex 54 105 47
      vertex 61.4445 105 40.4135
      vertex 61.1506 105 40.5706
    endloop
  endfacet
  facet normal 0 1 0
    outer loop
      vertex 64.3656 105 109.05
      vertex 61.7021 105 40.2021
      vertex 61.4445 105 40.4135
    endloop
  endfacet
  facet normal 0 1 0
    outer loop
      vertex 68.2 105 0
      vertex 66.3555 105 112.496
      vertex 66.4 105 113.175
    endloop
  endfacet
  facet normal 0 1 0
    outer loop
      vertex 64.877 105 109.498
      vertex 61.9135 105 39.9445
      vertex 61.7021 105 40.2021
    endloop
  endfacet
  facet normal 0 1 0
    outer loop
      vertex 65.7033 105 110.575
      vertex 62.0706 105 39.6506
      vertex 61.9135 105 39.9445
    endloop
  endfacet
  facet normal 0 1 0
    outer loop
      vertex 66.0042 105 111.185
      vertex 62.1673 105 39.3317
      vertex 62.0706 105 39.6506
    endloop
  endfacet
  facet normal 0 1 0
    outer loop
      vertex 66.2228 105 111.829
      vertex 62.2 105 39
      vertex 62.1673 105 39.3317
    endloop
  endfacet
  facet normal 0 1 0
    outer loop
      vertex 60.8317 105 37.3327
      vertex 60.5 105 12.7
      vertex 60.5 105 37.3
    endloop
  endfacet
  facet normal 0 1 0
    outer loop
      vertex 60.8317 105 12.6673
      vertex 60.8317 105 37.3327
      vertex 61.1506 105 37.4294
    endloop
  endfacet
  facet normal 0 1 0
    outer loop
      vertex 61.1506 105 12.5706
      vertex 61.1506 105 37.4294
      vertex 61.4445 105 37.5865
    endloop
  endfacet
  facet normal 0 1 0
    outer loop
      vertex 61.4445 105 12.4135
      vertex 61.4445 105 37.5865
      vertex 61.7021 105 37.7979
    endloop
  endfacet
  facet normal 0 1 0
    outer loop
      vertex 61.7021 105 12.2021
      vertex 61.7021 105 37.7979
      vertex 61.9135 105 38.0555
    endloop
  endfacet
  facet normal 0 1 0
    outer loop
      vertex 61.9135 105 11.9445
      vertex 61.9135 105 38.0555
      vertex 62.0706 105 38.3494
    endloop
  endfacet
  facet normal 0 1 0
    outer loop
      vertex 68.2 105 0
      vertex 62.0706 105 38.3494
      vertex 62.1673 105 38.6683
    endloop
  endfacet
  facet normal 0 1 0
    outer loop
      vertex 68.2 105 0
      vertex 62.1673 105 38.6683
      vertex 62.2 105 39
    endloop
  endfacet
  facet normal 0 1 0
    outer loop
      vertex 60.8317 105 37.3327
      vertex 60.8317 105 12.6673
      vertex 60.5 105 12.7
    endloop
  endfacet
  facet normal 0 1 0
    outer loop
      vertex 66.3555 105 112.496
      vertex 68.2 105 0
      vertex 62.2 105 39
    endloop
  endfacet
  facet normal 0 1 0
    outer loop
      vertex 61.1506 105 37.4294
      vertex 61.1506 105 12.5706
      vertex 60.8317 105 12.6673
    endloop
  endfacet
  facet normal 0 1 0
    outer loop
      vertex 61.4445 105 37.5865
      vertex 61.4445 105 12.4135
      vertex 61.1506 105 12.5706
    endloop
  endfacet
  facet normal 0 1 0
    outer loop
      vertex 61.7021 105 37.7979
      vertex 61.7021 105 12.2021
      vertex 61.4445 105 12.4135
    endloop
  endfacet
  facet normal 0 1 0
    outer loop
      vertex 61.9135 105 38.0555
      vertex 61.9135 105 11.9445
      vertex 61.7021 105 12.2021
    endloop
  endfacet
  facet normal 0 1 -0
    outer loop
      vertex 68.2 105 0
      vertex 66.4 105 113.175
      vertex 68.2 105 152.175
    endloop
  endfacet
  facet normal 0 1 0
    outer loop
      vertex 62.0706 105 38.3494
      vertex 62.0706 105 11.6506
      vertex 61.9135 105 11.9445
    endloop
  endfacet
  facet normal 0 1 0
    outer loop
      vertex 62.0706 105 38.3494
      vertex 68.2 105 0
      vertex 62.0706 105 11.6506
    endloop
  endfacet
  facet normal 0 1 0
    outer loop
      vertex 62.0706 105 11.6506
      vertex 68.2 105 0
      vertex 62.1673 105 11.3317
    endloop
  endfacet
  facet normal 0 1 0
    outer loop
      vertex 68.2 105 0
      vertex 60.5 105 9.3
      vertex 60.8317 105 9.33266
    endloop
  endfacet
  facet normal 0 1 0
    outer loop
      vertex 68.2 105 0
      vertex 60.8317 105 9.33266
      vertex 61.1506 105 9.4294
    endloop
  endfacet
  facet normal 0 1 0
    outer loop
      vertex 68.2 105 0
      vertex 61.1506 105 9.4294
      vertex 61.4445 105 9.5865
    endloop
  endfacet
  facet normal 0 1 0
    outer loop
      vertex 68.2 105 0
      vertex 61.4445 105 9.5865
      vertex 61.7021 105 9.79792
    endloop
  endfacet
  facet normal 0 1 0
    outer loop
      vertex 54 105 3
      vertex 68.2 105 0
      vertex -54 105 3
    endloop
  endfacet
  facet normal 0 1 0
    outer loop
      vertex 60.5 105 9.3
      vertex 68.2 105 0
      vertex 54 105 3
    endloop
  endfacet
  facet normal 0 1 0
    outer loop
      vertex 61.9135 105 10.0555
      vertex 68.2 105 0
      vertex 61.7021 105 9.79792
    endloop
  endfacet
  facet normal 0 1 0
    outer loop
      vertex 62.0706 105 10.3494
      vertex 68.2 105 0
      vertex 61.9135 105 10.0555
    endloop
  endfacet
  facet normal 0 1 0
    outer loop
      vertex 62.1673 105 10.6683
      vertex 68.2 105 0
      vertex 62.0706 105 10.3494
    endloop
  endfacet
  facet normal 0 1 0
    outer loop
      vertex 62.2 105 11
      vertex 68.2 105 0
      vertex 62.1673 105 10.6683
    endloop
  endfacet
  facet normal 0 1 0
    outer loop
      vertex 62.1673 105 11.3317
      vertex 68.2 105 0
      vertex 62.2 105 11
    endloop
  endfacet
  facet normal 0 1 0
    outer loop
      vertex 68.2 105 152.175
      vertex 29.2 105 150.375
      vertex -68.2 105 152.175
    endloop
  endfacet
  facet normal 0 1 -0
    outer loop
      vertex 28.5213 105 150.331
      vertex -68.2 105 152.175
      vertex 29.2 105 150.375
    endloop
  endfacet
  facet normal 0 1 -0
    outer loop
      vertex 27.8541 105 150.198
      vertex -68.2 105 152.175
      vertex 28.5213 105 150.331
    endloop
  endfacet
  facet normal 0 1 -0
    outer loop
      vertex 27.21 105 149.979
      vertex -68.2 105 152.175
      vertex 27.8541 105 150.198
    endloop
  endfacet
  facet normal 0 1 -0
    outer loop
      vertex 26.6 105 149.678
      vertex -68.2 105 152.175
      vertex 27.21 105 149.979
    endloop
  endfacet
  facet normal 0 1 -0
    outer loop
      vertex 26.0344 105 149.301
      vertex -68.2 105 152.175
      vertex 26.6 105 149.678
    endloop
  endfacet
  facet normal 0 1 -0
    outer loop
      vertex 25.523 105 148.852
      vertex -68.2 105 152.175
      vertex 26.0344 105 149.301
    endloop
  endfacet
  facet normal 0 1 -0
    outer loop
      vertex 25.0746 105 148.341
      vertex -68.2 105 152.175
      vertex 25.523 105 148.852
    endloop
  endfacet
  facet normal 0 1 -0
    outer loop
      vertex 24.6967 105 147.775
      vertex -68.2 105 152.175
      vertex 25.0746 105 148.341
    endloop
  endfacet
  facet normal 0 1 -0
    outer loop
      vertex 24.3958 105 147.165
      vertex -68.2 105 152.175
      vertex 24.6967 105 147.775
    endloop
  endfacet
  facet normal 0 1 -0
    outer loop
      vertex 24.1772 105 146.521
      vertex -68.2 105 152.175
      vertex 24.3958 105 147.165
    endloop
  endfacet
  facet normal 0 1 -0
    outer loop
      vertex 24.0445 105 145.854
      vertex -68.2 105 152.175
      vertex 24.1772 105 146.521
    endloop
  endfacet
  facet normal 0 1 -0
    outer loop
      vertex 24 105 145.175
      vertex -68.2 105 152.175
      vertex 24.0445 105 145.854
    endloop
  endfacet
  facet normal 0 1 0
    outer loop
      vertex 24.0445 105 144.496
      vertex -68.2 105 152.175
      vertex 24 105 145.175
    endloop
  endfacet
  facet normal 0 1 0
    outer loop
      vertex 24.1772 105 143.829
      vertex -68.2 105 152.175
      vertex 24.0445 105 144.496
    endloop
  endfacet
  facet normal 0 1 0
    outer loop
      vertex 24.1772 105 114.521
      vertex 24.1772 105 143.829
      vertex 24.3958 105 143.185
    endloop
  endfacet
  facet normal 0 1 0
    outer loop
      vertex 24.3958 105 115.165
      vertex 24.3958 105 143.185
      vertex 24.6967 105 142.575
    endloop
  endfacet
  facet normal 0 1 0
    outer loop
      vertex 24.6967 105 115.775
      vertex 24.6967 105 142.575
      vertex 25.0746 105 142.01
    endloop
  endfacet
  facet normal 0 1 0
    outer loop
      vertex 25.0746 105 116.341
      vertex 25.0746 105 142.01
      vertex 25.523 105 141.498
    endloop
  endfacet
  facet normal 0 1 0
    outer loop
      vertex 25.523 105 116.852
      vertex 25.523 105 141.498
      vertex 26.0344 105 141.05
    endloop
  endfacet
  facet normal 0 1 0
    outer loop
      vertex 31.23 105 130.091
      vertex 26.0344 105 141.05
      vertex 26.6 105 140.672
    endloop
  endfacet
  facet normal 0 1 0
    outer loop
      vertex 31.469 105 131.906
      vertex 26.6 105 140.672
      vertex 27.21 105 140.371
    endloop
  endfacet
  facet normal 0 1 0
    outer loop
      vertex 31.677 105 132.799
      vertex 27.21 105 140.371
      vertex 27.8541 105 140.152
    endloop
  endfacet
  facet normal 0 1 0
    outer loop
      vertex 31.943 105 133.675
      vertex 27.8541 105 140.152
      vertex 28.5213 105 140.02
    endloop
  endfacet
  facet normal 0 1 -0
    outer loop
      vertex 33.5594 105 136.953
      vertex 31.19 105 140.371
      vertex 34.0931 105 137.698
    endloop
  endfacet
  facet normal 0 1 0
    outer loop
      vertex 31.19 105 140.371
      vertex 33.5594 105 136.953
      vertex 30.5459 105 140.152
    endloop
  endfacet
  facet normal 0 1 -0
    outer loop
      vertex 33.0756 105 136.175
      vertex 30.5459 105 140.152
      vertex 33.5594 105 136.953
    endloop
  endfacet
  facet normal 0 1 0
    outer loop
      vertex 30.5459 105 140.152
      vertex 33.0756 105 136.175
      vertex 29.8787 105 140.02
    endloop
  endfacet
  facet normal 0 1 -0
    outer loop
      vertex 32.6438 105 135.367
      vertex 29.8787 105 140.02
      vertex 33.0756 105 136.175
    endloop
  endfacet
  facet normal 0 1 0
    outer loop
      vertex 29.8787 105 140.02
      vertex 32.6438 105 135.367
      vertex 29.2 105 139.975
    endloop
  endfacet
  facet normal 0 1 -0
    outer loop
      vertex 32.2657 105 134.533
      vertex 29.2 105 139.975
      vertex 32.6438 105 135.367
    endloop
  endfacet
  facet normal 0 1 0
    outer loop
      vertex 29.2 105 139.975
      vertex 32.2657 105 134.533
      vertex 28.5213 105 140.02
    endloop
  endfacet
  facet normal 0 1 -0
    outer loop
      vertex 31.943 105 133.675
      vertex 28.5213 105 140.02
      vertex 32.2657 105 134.533
    endloop
  endfacet
  facet normal 0 1 0
    outer loop
      vertex 27.8541 105 140.152
      vertex 31.943 105 133.675
      vertex 31.677 105 132.799
    endloop
  endfacet
  facet normal 0 1 0
    outer loop
      vertex 27.21 105 140.371
      vertex 31.677 105 132.799
      vertex 31.469 105 131.906
    endloop
  endfacet
  facet normal 0 1 0
    outer loop
      vertex 26.6 105 140.672
      vertex 31.469 105 131.906
      vertex 31.3198 105 131.003
    endloop
  endfacet
  facet normal 0 1 0
    outer loop
      vertex 26.6 105 140.672
      vertex 31.3198 105 131.003
      vertex 31.23 105 130.091
    endloop
  endfacet
  facet normal 0 1 0
    outer loop
      vertex 26.0344 105 141.05
      vertex 31.23 105 130.091
      vertex 31.2 105 129.175
    endloop
  endfacet
  facet normal 0 1 0
    outer loop
      vertex 26.0344 105 141.05
      vertex 31.2 105 129.175
      vertex 25.523 105 116.852
    endloop
  endfacet
  facet normal 0 1 0
    outer loop
      vertex 26.0344 105 117.301
      vertex 31.2 105 129.175
      vertex 31.23 105 128.26
    endloop
  endfacet
  facet normal 0 1 0
    outer loop
      vertex 26.6 105 117.678
      vertex 31.23 105 128.26
      vertex 31.3198 105 127.348
    endloop
  endfacet
  facet normal 0 1 0
    outer loop
      vertex 26.6 105 117.678
      vertex 31.3198 105 127.348
      vertex 31.469 105 126.444
    endloop
  endfacet
  facet normal 0 1 0
    outer loop
      vertex 27.21 105 117.979
      vertex 31.469 105 126.444
      vertex 31.677 105 125.552
    endloop
  endfacet
  facet normal 0 1 0
    outer loop
      vertex 27.8541 105 118.198
      vertex 31.677 105 125.552
      vertex 31.943 105 124.675
    endloop
  endfacet
  facet normal 0 1 0
    outer loop
      vertex 28.5213 105 118.331
      vertex 31.943 105 124.675
      vertex 32.2657 105 123.818
    endloop
  endfacet
  facet normal 0 1 0
    outer loop
      vertex 29.2 105 118.375
      vertex 32.2657 105 123.818
      vertex 32.6438 105 122.983
    endloop
  endfacet
  facet normal 0 1 0
    outer loop
      vertex 29.8787 105 118.331
      vertex 32.6438 105 122.983
      vertex 33.0756 105 122.175
    endloop
  endfacet
  facet normal 0 1 0
    outer loop
      vertex 30.5459 105 118.198
      vertex 33.0756 105 122.175
      vertex 33.5594 105 121.397
    endloop
  endfacet
  facet normal 0 1 0
    outer loop
      vertex 31.19 105 117.979
      vertex 33.5594 105 121.397
      vertex 34.0931 105 120.652
    endloop
  endfacet
  facet normal 0 1 0
    outer loop
      vertex 31.8 105 117.678
      vertex 34.0931 105 120.652
      vertex 34.6742 105 119.944
    endloop
  endfacet
  facet normal 0 1 0
    outer loop
      vertex 32.3656 105 117.301
      vertex 34.6742 105 119.944
      vertex 35.3005 105 119.276
    endloop
  endfacet
  facet normal 0 1 0
    outer loop
      vertex 33.3254 105 116.341
      vertex 35.3005 105 119.276
      vertex 35.9692 105 118.649
    endloop
  endfacet
  facet normal 0 1 0
    outer loop
      vertex 32.2657 105 123.818
      vertex 29.2 105 118.375
      vertex 28.5213 105 118.331
    endloop
  endfacet
  facet normal 0 1 0
    outer loop
      vertex 31.943 105 124.675
      vertex 28.5213 105 118.331
      vertex 27.8541 105 118.198
    endloop
  endfacet
  facet normal 0 1 0
    outer loop
      vertex 31.677 105 125.552
      vertex 27.8541 105 118.198
      vertex 27.21 105 117.979
    endloop
  endfacet
  facet normal 0 1 0
    outer loop
      vertex 31.469 105 126.444
      vertex 27.21 105 117.979
      vertex 26.6 105 117.678
    endloop
  endfacet
  facet normal 0 1 0
    outer loop
      vertex 31.23 105 128.26
      vertex 26.6 105 117.678
      vertex 26.0344 105 117.301
    endloop
  endfacet
  facet normal 0 1 0
    outer loop
      vertex 31.2 105 129.175
      vertex 26.0344 105 117.301
      vertex 25.523 105 116.852
    endloop
  endfacet
  facet normal 0 1 0
    outer loop
      vertex 25.523 105 141.498
      vertex 25.523 105 116.852
      vertex 25.0746 105 116.341
    endloop
  endfacet
  facet normal 0 1 0
    outer loop
      vertex 25.0746 105 142.01
      vertex 25.0746 105 116.341
      vertex 24.6967 105 115.775
    endloop
  endfacet
  facet normal 0 1 0
    outer loop
      vertex 24.6967 105 142.575
      vertex 24.6967 105 115.775
      vertex 24.3958 105 115.165
    endloop
  endfacet
  facet normal 0 1 0
    outer loop
      vertex 24.3958 105 143.185
      vertex 24.3958 105 115.165
      vertex 24.1772 105 114.521
    endloop
  endfacet
  facet normal 0 1 0
    outer loop
      vertex 24.1772 105 143.829
      vertex 24.1772 105 114.521
      vertex -68.2 105 152.175
    endloop
  endfacet
  facet normal 0 1 -0
    outer loop
      vertex 24.0445 105 113.854
      vertex -68.2 105 152.175
      vertex 24.1772 105 114.521
    endloop
  endfacet
  facet normal 0 1 -0
    outer loop
      vertex 24 105 113.175
      vertex -68.2 105 152.175
      vertex 24.0445 105 113.854
    endloop
  endfacet
  facet normal 0 1 0
    outer loop
      vertex 24.0445 105 112.496
      vertex -68.2 105 152.175
      vertex 24 105 113.175
    endloop
  endfacet
  facet normal 0 1 0
    outer loop
      vertex -54 105 47
      vertex 24.0445 105 112.496
      vertex 24.1772 105 111.829
    endloop
  endfacet
  facet normal 0 1 0
    outer loop
      vertex -54 105 47
      vertex 24.1772 105 111.829
      vertex 24.3958 105 111.185
    endloop
  endfacet
  facet normal 0 1 0
    outer loop
      vertex -54 105 47
      vertex 24.3958 105 111.185
      vertex 24.6967 105 110.575
    endloop
  endfacet
  facet normal 0 1 0
    outer loop
      vertex -54 105 47
      vertex 24.6967 105 110.575
      vertex 25.0746 105 110.01
    endloop
  endfacet
  facet normal 0 1 0
    outer loop
      vertex -54 105 47
      vertex 25.0746 105 110.01
      vertex 25.523 105 109.498
    endloop
  endfacet
  facet normal 0 1 0
    outer loop
      vertex -54 105 47
      vertex 25.523 105 109.498
      vertex 26.0344 105 109.05
    endloop
  endfacet
  facet normal 0 1 0
    outer loop
      vertex -54 105 47
      vertex 26.0344 105 109.05
      vertex 26.6 105 108.672
    endloop
  endfacet
  facet normal 0 1 0
    outer loop
      vertex 54 105 47
      vertex 26.6 105 108.672
      vertex 27.21 105 108.371
    endloop
  endfacet
  facet normal 0 1 0
    outer loop
      vertex 54 105 47
      vertex 28.5213 105 108.02
      vertex 29.2 105 107.975
    endloop
  endfacet
  facet normal 0 1 0
    outer loop
      vertex 54 105 47
      vertex 27.8541 105 108.152
      vertex 28.5213 105 108.02
    endloop
  endfacet
  facet normal 0 1 0
    outer loop
      vertex 54 105 47
      vertex 27.21 105 108.371
      vertex 27.8541 105 108.152
    endloop
  endfacet
  facet normal 0 1 0
    outer loop
      vertex 26.6 105 108.672
      vertex 54 105 47
      vertex -54 105 47
    endloop
  endfacet
  facet normal 0 1 0
    outer loop
      vertex 24.0445 105 112.496
      vertex -54 105 47
      vertex -68.2 105 152.175
    endloop
  endfacet
  facet normal 0 1 0
    outer loop
      vertex -60.8317 105 40.6673
      vertex -54 105 47
      vertex -60.5 105 40.7
    endloop
  endfacet
  facet normal 0 1 0
    outer loop
      vertex -61.1506 105 40.5706
      vertex -54 105 47
      vertex -60.8317 105 40.6673
    endloop
  endfacet
  facet normal 0 1 0
    outer loop
      vertex -61.4445 105 40.4135
      vertex -54 105 47
      vertex -61.1506 105 40.5706
    endloop
  endfacet
  facet normal 0 1 0
    outer loop
      vertex -54 105 47
      vertex -61.4445 105 40.4135
      vertex -68.2 105 152.175
    endloop
  endfacet
  facet normal 0 1 -0
    outer loop
      vertex -61.7021 105 40.2021
      vertex -68.2 105 152.175
      vertex -61.4445 105 40.4135
    endloop
  endfacet
  facet normal 0 1 -0
    outer loop
      vertex -61.9135 105 39.9445
      vertex -68.2 105 152.175
      vertex -61.7021 105 40.2021
    endloop
  endfacet
  facet normal 0 1 -0
    outer loop
      vertex -62.0706 105 39.6506
      vertex -68.2 105 152.175
      vertex -61.9135 105 39.9445
    endloop
  endfacet
  facet normal 0 1 -0
    outer loop
      vertex -62.1673 105 39.3317
      vertex -68.2 105 152.175
      vertex -62.0706 105 39.6506
    endloop
  endfacet
  facet normal 0 1 -0
    outer loop
      vertex -62.2 105 39
      vertex -68.2 105 152.175
      vertex -62.1673 105 39.3317
    endloop
  endfacet
  facet normal 0 1 -0
    outer loop
      vertex -60.5 105 12.7
      vertex -60.8317 105 37.3327
      vertex -60.5 105 37.3
    endloop
  endfacet
  facet normal 0 1 0
    outer loop
      vertex -60.8317 105 12.6673
      vertex -60.8317 105 37.3327
      vertex -60.5 105 12.7
    endloop
  endfacet
  facet normal 0 1 0
    outer loop
      vertex -60.8317 105 37.3327
      vertex -60.8317 105 12.6673
      vertex -61.1506 105 37.4294
    endloop
  endfacet
  facet normal 0 1 0
    outer loop
      vertex -61.1506 105 12.5706
      vertex -61.1506 105 37.4294
      vertex -60.8317 105 12.6673
    endloop
  endfacet
  facet normal 0 1 0
    outer loop
      vertex -61.1506 105 37.4294
      vertex -61.1506 105 12.5706
      vertex -61.4445 105 37.5865
    endloop
  endfacet
  facet normal 0 1 0
    outer loop
      vertex -61.4445 105 12.4135
      vertex -61.4445 105 37.5865
      vertex -61.1506 105 12.5706
    endloop
  endfacet
  facet normal 0 1 0
    outer loop
      vertex -61.4445 105 37.5865
      vertex -61.4445 105 12.4135
      vertex -61.7021 105 37.7979
    endloop
  endfacet
  facet normal 0 1 0
    outer loop
      vertex -61.7021 105 12.2021
      vertex -61.7021 105 37.7979
      vertex -61.4445 105 12.4135
    endloop
  endfacet
  facet normal 0 1 0
    outer loop
      vertex -61.7021 105 37.7979
      vertex -61.7021 105 12.2021
      vertex -61.9135 105 38.0555
    endloop
  endfacet
  facet normal 0 1 0
    outer loop
      vertex -61.9135 105 11.9445
      vertex -61.9135 105 38.0555
      vertex -61.7021 105 12.2021
    endloop
  endfacet
  facet normal 0 1 0
    outer loop
      vertex -61.9135 105 38.0555
      vertex -61.9135 105 11.9445
      vertex -62.0706 105 38.3494
    endloop
  endfacet
  facet normal 0 1 0
    outer loop
      vertex -62.0706 105 11.6506
      vertex -62.0706 105 38.3494
      vertex -61.9135 105 11.9445
    endloop
  endfacet
  facet normal 0 1 0
    outer loop
      vertex -68.2 105 0
      vertex -62.0706 105 38.3494
      vertex -62.0706 105 11.6506
    endloop
  endfacet
  facet normal 0 1 0
    outer loop
      vertex -62.0706 105 38.3494
      vertex -68.2 105 0
      vertex -62.1673 105 38.6683
    endloop
  endfacet
  facet normal 0 1 0
    outer loop
      vertex -62.1673 105 38.6683
      vertex -68.2 105 0
      vertex -62.2 105 39
    endloop
  endfacet
  facet normal 0 1 0
    outer loop
      vertex -68.2 105 0
      vertex -62.0706 105 11.6506
      vertex -62.1673 105 11.3317
    endloop
  endfacet
  facet normal 0 1 0
    outer loop
      vertex -68.2 105 0
      vertex -62.1673 105 11.3317
      vertex -62.2 105 11
    endloop
  endfacet
  facet normal 0 1 0
    outer loop
      vertex -68.2 105 0
      vertex -60.5 105 9.3
      vertex -54 105 3
    endloop
  endfacet
  facet normal 0 1 0
    outer loop
      vertex -60.5 105 9.3
      vertex -68.2 105 0
      vertex -60.8317 105 9.33266
    endloop
  endfacet
  facet normal 0 1 0
    outer loop
      vertex -60.8317 105 9.33266
      vertex -68.2 105 0
      vertex -61.1506 105 9.4294
    endloop
  endfacet
  facet normal 0 1 0
    outer loop
      vertex -61.1506 105 9.4294
      vertex -68.2 105 0
      vertex -61.4445 105 9.5865
    endloop
  endfacet
  facet normal 0 1 0
    outer loop
      vertex -62.2 105 39
      vertex -68.2 105 0
      vertex -68.2 105 152.175
    endloop
  endfacet
  facet normal 0 1 0
    outer loop
      vertex -62.1673 105 10.6683
      vertex -68.2 105 0
      vertex -62.2 105 11
    endloop
  endfacet
  facet normal 0 1 0
    outer loop
      vertex -62.0706 105 10.3494
      vertex -68.2 105 0
      vertex -62.1673 105 10.6683
    endloop
  endfacet
  facet normal 0 1 0
    outer loop
      vertex -61.9135 105 10.0555
      vertex -68.2 105 0
      vertex -62.0706 105 10.3494
    endloop
  endfacet
  facet normal 0 1 0
    outer loop
      vertex -61.7021 105 9.79792
      vertex -68.2 105 0
      vertex -61.9135 105 10.0555
    endloop
  endfacet
  facet normal 0 1 0
    outer loop
      vertex -61.4445 105 9.5865
      vertex -68.2 105 0
      vertex -61.7021 105 9.79792
    endloop
  endfacet
  facet normal 0 1 0
    outer loop
      vertex -68.2 105 0
      vertex -54 105 3
      vertex 68.2 105 0
    endloop
  endfacet
  facet normal 0 1 0
    outer loop
      vertex 34.2228 105 146.521
      vertex 40.6998 105 142.432
      vertex 34.3555 105 145.854
    endloop
  endfacet
  facet normal 0 1 -0
    outer loop
      vertex 39.8424 105 142.109
      vertex 34.3555 105 145.854
      vertex 40.6998 105 142.432
    endloop
  endfacet
  facet normal 0 1 0
    outer loop
      vertex 34.3555 105 145.854
      vertex 39.8424 105 142.109
      vertex 34.4 105 145.175
    endloop
  endfacet
  facet normal 0 1 -0
    outer loop
      vertex 39.008 105 141.731
      vertex 34.4 105 145.175
      vertex 39.8424 105 142.109
    endloop
  endfacet
  facet normal 0 1 0
    outer loop
      vertex 34.4 105 145.175
      vertex 39.008 105 141.731
      vertex 34.3555 105 144.496
    endloop
  endfacet
  facet normal 0 1 -0
    outer loop
      vertex 38.2 105 141.299
      vertex 34.3555 105 144.496
      vertex 39.008 105 141.731
    endloop
  endfacet
  facet normal 0 1 0
    outer loop
      vertex 34.3555 105 144.496
      vertex 38.2 105 141.299
      vertex 34.2228 105 143.829
    endloop
  endfacet
  facet normal 0 1 -0
    outer loop
      vertex 37.422 105 140.816
      vertex 34.2228 105 143.829
      vertex 38.2 105 141.299
    endloop
  endfacet
  facet normal 0 1 0
    outer loop
      vertex 34.2228 105 143.829
      vertex 37.422 105 140.816
      vertex 34.0042 105 143.185
    endloop
  endfacet
  facet normal 0 1 -0
    outer loop
      vertex 36.6773 105 140.282
      vertex 34.0042 105 143.185
      vertex 37.422 105 140.816
    endloop
  endfacet
  facet normal 0 1 0
    outer loop
      vertex 34.0042 105 143.185
      vertex 36.6773 105 140.282
      vertex 33.7033 105 142.575
    endloop
  endfacet
  facet normal 0 1 -0
    outer loop
      vertex 35.9692 105 139.701
      vertex 33.7033 105 142.575
      vertex 36.6773 105 140.282
    endloop
  endfacet
  facet normal 0 1 0
    outer loop
      vertex 33.7033 105 142.575
      vertex 35.9692 105 139.701
      vertex 33.3254 105 142.01
    endloop
  endfacet
  facet normal 0 1 -0
    outer loop
      vertex 35.3005 105 139.075
      vertex 33.3254 105 142.01
      vertex 35.9692 105 139.701
    endloop
  endfacet
  facet normal 0 1 0
    outer loop
      vertex 33.3254 105 142.01
      vertex 35.3005 105 139.075
      vertex 32.877 105 141.498
    endloop
  endfacet
  facet normal 0 1 0
    outer loop
      vertex 32.877 105 141.498
      vertex 35.3005 105 139.075
      vertex 32.3656 105 141.05
    endloop
  endfacet
  facet normal 0 1 -0
    outer loop
      vertex 34.6742 105 138.406
      vertex 32.3656 105 141.05
      vertex 35.3005 105 139.075
    endloop
  endfacet
  facet normal 0 1 0
    outer loop
      vertex 32.3656 105 141.05
      vertex 34.6742 105 138.406
      vertex 31.8 105 140.672
    endloop
  endfacet
  facet normal 0 1 -0
    outer loop
      vertex 34.0931 105 137.698
      vertex 31.8 105 140.672
      vertex 34.6742 105 138.406
    endloop
  endfacet
  facet normal 0 1 0
    outer loop
      vertex 31.8 105 140.672
      vertex 34.0931 105 137.698
      vertex 31.19 105 140.371
    endloop
  endfacet
  facet normal 0 1 0
    outer loop
      vertex 32.6438 105 122.983
      vertex 29.8787 105 118.331
      vertex 29.2 105 118.375
    endloop
  endfacet
  facet normal 0 1 0
    outer loop
      vertex 33.0756 105 122.175
      vertex 30.5459 105 118.198
      vertex 29.8787 105 118.331
    endloop
  endfacet
  facet normal 0 1 0
    outer loop
      vertex 33.7033 105 115.775
      vertex 35.9692 105 118.649
      vertex 36.6773 105 118.068
    endloop
  endfacet
  facet normal 0 1 0
    outer loop
      vertex 33.5594 105 121.397
      vertex 31.19 105 117.979
      vertex 30.5459 105 118.198
    endloop
  endfacet
  facet normal 0 1 0
    outer loop
      vertex 34.0931 105 120.652
      vertex 31.8 105 117.678
      vertex 31.19 105 117.979
    endloop
  endfacet
  facet normal 0 1 0
    outer loop
      vertex 34.0042 105 115.165
      vertex 36.6773 105 118.068
      vertex 37.422 105 117.535
    endloop
  endfacet
  facet normal 0 1 0
    outer loop
      vertex 34.6742 105 119.944
      vertex 32.3656 105 117.301
      vertex 31.8 105 117.678
    endloop
  endfacet
  facet normal 0 1 0
    outer loop
      vertex 34.2228 105 114.521
      vertex 37.422 105 117.535
      vertex 38.2 105 117.051
    endloop
  endfacet
  facet normal 0 1 0
    outer loop
      vertex 35.3005 105 119.276
      vertex 32.877 105 116.852
      vertex 32.3656 105 117.301
    endloop
  endfacet
  facet normal 0 1 0
    outer loop
      vertex 34.3555 105 113.854
      vertex 38.2 105 117.051
      vertex 39.008 105 116.619
    endloop
  endfacet
  facet normal 0 1 0
    outer loop
      vertex 35.3005 105 119.276
      vertex 33.3254 105 116.341
      vertex 32.877 105 116.852
    endloop
  endfacet
  facet normal 0 1 0
    outer loop
      vertex 34.4 105 113.175
      vertex 39.008 105 116.619
      vertex 39.8424 105 116.241
    endloop
  endfacet
  facet normal 0 1 0
    outer loop
      vertex 34.3555 105 112.496
      vertex 39.8424 105 116.241
      vertex 40.6998 105 115.918
    endloop
  endfacet
  facet normal 0 1 0
    outer loop
      vertex 35.9692 105 118.649
      vertex 33.7033 105 115.775
      vertex 33.3254 105 116.341
    endloop
  endfacet
  facet normal 0 1 0
    outer loop
      vertex 34.2228 105 111.829
      vertex 40.6998 105 115.918
      vertex 41.5765 105 115.652
    endloop
  endfacet
  facet normal 0 1 0
    outer loop
      vertex 34.0042 105 111.185
      vertex 41.5765 105 115.652
      vertex 42.4687 105 115.444
    endloop
  endfacet
  facet normal 0 1 0
    outer loop
      vertex 33.7033 105 110.575
      vertex 42.4687 105 115.444
      vertex 43.3726 105 115.295
    endloop
  endfacet
  facet normal 0 1 0
    outer loop
      vertex 33.7033 105 110.575
      vertex 43.3726 105 115.295
      vertex 44.2844 105 115.205
    endloop
  endfacet
  facet normal 0 1 0
    outer loop
      vertex 36.6773 105 118.068
      vertex 34.0042 105 115.165
      vertex 33.7033 105 115.775
    endloop
  endfacet
  facet normal 0 1 0
    outer loop
      vertex 33.3254 105 110.01
      vertex 44.2844 105 115.205
      vertex 45.2 105 115.175
    endloop
  endfacet
  facet normal 0 1 0
    outer loop
      vertex 49.7002 105 115.918
      vertex 56.1772 105 111.829
      vertex 48.8235 105 115.652
    endloop
  endfacet
  facet normal 0 1 0
    outer loop
      vertex 56.3958 105 111.185
      vertex 48.8235 105 115.652
      vertex 56.1772 105 111.829
    endloop
  endfacet
  facet normal 0 1 0
    outer loop
      vertex 37.422 105 117.535
      vertex 34.2228 105 114.521
      vertex 34.0042 105 115.165
    endloop
  endfacet
  facet normal 0 1 0
    outer loop
      vertex 48.8235 105 115.652
      vertex 56.3958 105 111.185
      vertex 47.9313 105 115.444
    endloop
  endfacet
  facet normal 0 1 0
    outer loop
      vertex 38.2 105 117.051
      vertex 34.3555 105 113.854
      vertex 34.2228 105 114.521
    endloop
  endfacet
  facet normal 0 1 0
    outer loop
      vertex 56.6967 105 110.575
      vertex 47.9313 105 115.444
      vertex 56.3958 105 111.185
    endloop
  endfacet
  facet normal 0 1 0
    outer loop
      vertex 39.008 105 116.619
      vertex 34.4 105 113.175
      vertex 34.3555 105 113.854
    endloop
  endfacet
  facet normal 0 1 0
    outer loop
      vertex 47.9313 105 115.444
      vertex 56.6967 105 110.575
      vertex 47.0274 105 115.295
    endloop
  endfacet
  facet normal 0 1 0
    outer loop
      vertex 39.8424 105 116.241
      vertex 34.3555 105 112.496
      vertex 34.4 105 113.175
    endloop
  endfacet
  facet normal 0 1 0
    outer loop
      vertex 47.0274 105 115.295
      vertex 56.6967 105 110.575
      vertex 46.1156 105 115.205
    endloop
  endfacet
  facet normal 0 1 0
    outer loop
      vertex 40.6998 105 115.918
      vertex 34.2228 105 111.829
      vertex 34.3555 105 112.496
    endloop
  endfacet
  facet normal 0 1 0
    outer loop
      vertex 57.0746 105 110.01
      vertex 46.1156 105 115.205
      vertex 56.6967 105 110.575
    endloop
  endfacet
  facet normal 0 1 0
    outer loop
      vertex 41.5765 105 115.652
      vertex 34.0042 105 111.185
      vertex 34.2228 105 111.829
    endloop
  endfacet
  facet normal 0 1 0
    outer loop
      vertex 46.1156 105 115.205
      vertex 57.0746 105 110.01
      vertex 45.2 105 115.175
    endloop
  endfacet
  facet normal 0 1 0
    outer loop
      vertex 42.4687 105 115.444
      vertex 33.7033 105 110.575
      vertex 34.0042 105 111.185
    endloop
  endfacet
  facet normal 0 1 0
    outer loop
      vertex 33.3254 105 110.01
      vertex 45.2 105 115.175
      vertex 57.0746 105 110.01
    endloop
  endfacet
  facet normal 0 1 0
    outer loop
      vertex 44.2844 105 115.205
      vertex 33.3254 105 110.01
      vertex 33.7033 105 110.575
    endloop
  endfacet
  facet normal 0 1 0
    outer loop
      vertex 57.523 105 109.498
      vertex 33.3254 105 110.01
      vertex 57.0746 105 110.01
    endloop
  endfacet
  facet normal 0 1 0
    outer loop
      vertex 57.523 105 109.498
      vertex 32.877 105 109.498
      vertex 33.3254 105 110.01
    endloop
  endfacet
  facet normal 0 1 0
    outer loop
      vertex 58.0344 105 109.05
      vertex 32.877 105 109.498
      vertex 57.523 105 109.498
    endloop
  endfacet
  facet normal 0 1 0
    outer loop
      vertex 58.0344 105 109.05
      vertex 32.3656 105 109.05
      vertex 32.877 105 109.498
    endloop
  endfacet
  facet normal 0 1 0
    outer loop
      vertex 58.6 105 108.672
      vertex 32.3656 105 109.05
      vertex 58.0344 105 109.05
    endloop
  endfacet
  facet normal 0 1 0
    outer loop
      vertex 58.6 105 108.672
      vertex 31.8 105 108.672
      vertex 32.3656 105 109.05
    endloop
  endfacet
  facet normal 0 1 0
    outer loop
      vertex 59.21 105 108.371
      vertex 31.8 105 108.672
      vertex 58.6 105 108.672
    endloop
  endfacet
  facet normal 0 1 0
    outer loop
      vertex 59.21 105 108.371
      vertex 31.19 105 108.371
      vertex 31.8 105 108.672
    endloop
  endfacet
  facet normal 0 1 0
    outer loop
      vertex 54 105 47
      vertex 59.21 105 108.371
      vertex 59.8541 105 108.152
    endloop
  endfacet
  facet normal 0 1 0
    outer loop
      vertex 59.21 105 108.371
      vertex 54 105 47
      vertex 31.19 105 108.371
    endloop
  endfacet
  facet normal 0 1 0
    outer loop
      vertex 54 105 47
      vertex 59.8541 105 108.152
      vertex 60.5213 105 108.02
    endloop
  endfacet
  facet normal 0 1 0
    outer loop
      vertex 31.19 105 108.371
      vertex 54 105 47
      vertex 30.5459 105 108.152
    endloop
  endfacet
  facet normal 0 1 0
    outer loop
      vertex 54 105 47
      vertex 60.5213 105 108.02
      vertex 61.2 105 107.975
    endloop
  endfacet
  facet normal 0 1 0
    outer loop
      vertex 30.5459 105 108.152
      vertex 54 105 47
      vertex 29.8787 105 108.02
    endloop
  endfacet
  facet normal 0 1 -0
    outer loop
      vertex 58.6 105 117.678
      vertex 56.3069 105 120.652
      vertex 59.21 105 117.979
    endloop
  endfacet
  facet normal 0 1 0
    outer loop
      vertex 56.3069 105 120.652
      vertex 58.6 105 117.678
      vertex 55.7258 105 119.944
    endloop
  endfacet
  facet normal 0 1 -0
    outer loop
      vertex 58.0344 105 117.301
      vertex 55.7258 105 119.944
      vertex 58.6 105 117.678
    endloop
  endfacet
  facet normal 0 1 0
    outer loop
      vertex 55.7258 105 119.944
      vertex 58.0344 105 117.301
      vertex 55.0995 105 119.276
    endloop
  endfacet
  facet normal 0 1 -0
    outer loop
      vertex 57.523 105 116.852
      vertex 55.0995 105 119.276
      vertex 58.0344 105 117.301
    endloop
  endfacet
  facet normal 0 1 -0
    outer loop
      vertex 57.0746 105 116.341
      vertex 55.0995 105 119.276
      vertex 57.523 105 116.852
    endloop
  endfacet
  facet normal 0 1 0
    outer loop
      vertex 55.0995 105 119.276
      vertex 57.0746 105 116.341
      vertex 54.4308 105 118.649
    endloop
  endfacet
  facet normal 0 1 -0
    outer loop
      vertex 56.6967 105 115.775
      vertex 54.4308 105 118.649
      vertex 57.0746 105 116.341
    endloop
  endfacet
  facet normal 0 1 0
    outer loop
      vertex 54.4308 105 118.649
      vertex 56.6967 105 115.775
      vertex 53.7227 105 118.068
    endloop
  endfacet
  facet normal 0 1 -0
    outer loop
      vertex 56.3958 105 115.165
      vertex 53.7227 105 118.068
      vertex 56.6967 105 115.775
    endloop
  endfacet
  facet normal 0 1 0
    outer loop
      vertex 53.7227 105 118.068
      vertex 56.3958 105 115.165
      vertex 52.978 105 117.535
    endloop
  endfacet
  facet normal 0 1 -0
    outer loop
      vertex 56.1772 105 114.521
      vertex 52.978 105 117.535
      vertex 56.3958 105 115.165
    endloop
  endfacet
  facet normal 0 1 0
    outer loop
      vertex 52.978 105 117.535
      vertex 56.1772 105 114.521
      vertex 52.2 105 117.051
    endloop
  endfacet
  facet normal 0 1 -0
    outer loop
      vertex 56.0445 105 113.854
      vertex 52.2 105 117.051
      vertex 56.1772 105 114.521
    endloop
  endfacet
  facet normal 0 1 0
    outer loop
      vertex 52.2 105 117.051
      vertex 56.0445 105 113.854
      vertex 51.392 105 116.619
    endloop
  endfacet
  facet normal 0 1 -0
    outer loop
      vertex 56 105 113.175
      vertex 51.392 105 116.619
      vertex 56.0445 105 113.854
    endloop
  endfacet
  facet normal 0 1 0
    outer loop
      vertex 51.392 105 116.619
      vertex 56 105 113.175
      vertex 50.5576 105 116.241
    endloop
  endfacet
  facet normal 0 1 0
    outer loop
      vertex 56.0445 105 112.496
      vertex 50.5576 105 116.241
      vertex 56 105 113.175
    endloop
  endfacet
  facet normal 0 1 0
    outer loop
      vertex 56.1772 105 111.829
      vertex 49.7002 105 115.918
      vertex 56.0445 105 112.496
    endloop
  endfacet
  facet normal 0 1 0
    outer loop
      vertex 50.5576 105 116.241
      vertex 56.0445 105 112.496
      vertex 49.7002 105 115.918
    endloop
  endfacet
  facet normal -1 -0 0
    outer loop
      vertex -68.2 -67.2721 24.6047
      vertex -68.2 -90.2624 14.5316
      vertex -68.2 -66.9889 25.8823
    endloop
  endfacet
  facet normal -1 0 0
    outer loop
      vertex -68.2 -65.4904 29.5
      vertex -68.2 -89.3426 74.6217
      vertex -68.2 -89.3 75
    endloop
  endfacet
  facet normal -1 0 0
    outer loop
      vertex -68.2 -95.8564 38.1982
      vertex -68.2 -66.9889 25.8823
      vertex -68.2 -90.2624 14.5316
    endloop
  endfacet
  facet normal -1 0 0
    outer loop
      vertex -68.2 -65.4904 29.5
      vertex -68.2 -89.4684 74.2624
      vertex -68.2 -89.3426 74.6217
    endloop
  endfacet
  facet normal -1 0 -0
    outer loop
      vertex -68.2 -95.5048 38.75
      vertex -68.2 -66.9889 25.8823
      vertex -68.2 -95.8564 38.1982
    endloop
  endfacet
  facet normal -1 0 0
    outer loop
      vertex -68.2 -94.5285 43.1537
      vertex -68.2 -65.4904 29.5
      vertex -68.2 -94.5 42.5
    endloop
  endfacet
  facet normal -1 0 0
    outer loop
      vertex -68.2 -66.9889 25.8823
      vertex -68.2 -95.5048 38.75
      vertex -68.2 -66.5954 27.1303
    endloop
  endfacet
  facet normal -1 0 0
    outer loop
      vertex -68.2 -94.6139 43.8024
      vertex -68.2 -65.4904 29.5
      vertex -68.2 -94.5285 43.1537
    endloop
  endfacet
  facet normal -1 0 -0
    outer loop
      vertex -68.2 -95.2027 39.3304
      vertex -68.2 -66.5954 27.1303
      vertex -68.2 -95.5048 38.75
    endloop
  endfacet
  facet normal -1 0 0
    outer loop
      vertex -68.2 -94.7556 44.4411
      vertex -68.2 -65.4904 29.5
      vertex -68.2 -94.6139 43.8024
    endloop
  endfacet
  facet normal -1 0 0
    outer loop
      vertex -68.2 -96.2547 37.6791
      vertex -68.2 -90.2624 14.5316
      vertex -68.2 -90.6217 14.6574
    endloop
  endfacet
  facet normal -1 0 0
    outer loop
      vertex -68.2 -65.4904 29.5
      vertex -68.2 -89.6709 73.9401
      vertex -68.2 -89.4684 74.2624
    endloop
  endfacet
  facet normal -1 0 0
    outer loop
      vertex -68.2 -97.1791 36.7547
      vertex -68.2 -90.6217 14.6574
      vertex -68.2 -91 14.7
    endloop
  endfacet
  facet normal -1 0 0
    outer loop
      vertex -68.2 -94.9523 45.0652
      vertex -68.2 -65.4904 29.5
      vertex -68.2 -94.7556 44.4411
    endloop
  endfacet
  facet normal -1 0 0
    outer loop
      vertex -68.2 -98.25 36.0048
      vertex -68.2 -91 14.7
      vertex -68.2 -91.3783 14.6574
    endloop
  endfacet
  facet normal -1 0 0
    outer loop
      vertex -68.2 -65.4904 29.5
      vertex -68.2 -94.9523 45.0652
      vertex -68.2 -89.6709 73.9401
    endloop
  endfacet
  facet normal -1 0 0
    outer loop
      vertex -68.2 -99.4348 35.4523
      vertex -68.2 -91.3783 14.6574
      vertex -68.2 -91.7376 14.5316
    endloop
  endfacet
  facet normal -1 0 0
    outer loop
      vertex -68.2 -95.2027 45.6696
      vertex -68.2 -89.6709 73.9401
      vertex -68.2 -94.9523 45.0652
    endloop
  endfacet
  facet normal -1 0 0
    outer loop
      vertex -68.2 -100.059 35.2556
      vertex -68.2 -91.7376 14.5316
      vertex -68.2 -92.0599 14.3291
    endloop
  endfacet
  facet normal -1 0 0
    outer loop
      vertex -68.2 -89.6709 73.9401
      vertex -68.2 -95.2027 45.6696
      vertex -68.2 -89.9401 73.6709
    endloop
  endfacet
  facet normal -1 0 0
    outer loop
      vertex -68.2 -101.346 35.0285
      vertex -68.2 -92.0599 14.3291
      vertex -68.2 -92.3291 14.0599
    endloop
  endfacet
  facet normal -1 0 0
    outer loop
      vertex -68.2 -95.5048 46.25
      vertex -68.2 -89.9401 73.6709
      vertex -68.2 -95.2027 45.6696
    endloop
  endfacet
  facet normal -1 0 0
    outer loop
      vertex -68.2 -102 35
      vertex -68.2 -92.3291 14.0599
      vertex -68.2 -92.5316 13.7376
    endloop
  endfacet
  facet normal -1 0 0
    outer loop
      vertex -68.2 -95.8564 46.8018
      vertex -68.2 -89.9401 73.6709
      vertex -68.2 -95.5048 46.25
    endloop
  endfacet
  facet normal -1 0 0
    outer loop
      vertex -68.2 -102 35
      vertex -68.2 -92.5316 13.7376
      vertex -68.2 -92.6574 13.3783
    endloop
  endfacet
  facet normal -1 0 0
    outer loop
      vertex -68.2 -89.9401 73.6709
      vertex -68.2 -95.8564 46.8018
      vertex -68.2 -90.2624 73.4684
    endloop
  endfacet
  facet normal -1 0 0
    outer loop
      vertex -68.2 -105 0
      vertex -68.2 -92.6574 13.3783
      vertex -68.2 -92.7 13
    endloop
  endfacet
  facet normal -1 0 0
    outer loop
      vertex -68.2 -96.2547 47.3209
      vertex -68.2 -90.2624 73.4684
      vertex -68.2 -95.8564 46.8018
    endloop
  endfacet
  facet normal -1 -0 0
    outer loop
      vertex -68.2 32.2071 20.6927
      vertex -68.2 1.53165 13.7376
      vertex -68.2 32.15 22
    endloop
  endfacet
  facet normal -1 0 0
    outer loop
      vertex -68.2 32.15 22
      vertex -68.2 1.65738 37.6217
      vertex -68.2 1.7 38
    endloop
  endfacet
  facet normal -1 0 0
    outer loop
      vertex -68.2 1.32911 14.0599
      vertex -68.2 32.15 22
      vertex -68.2 1.53165 13.7376
    endloop
  endfacet
  facet normal -1 0 0
    outer loop
      vertex -68.2 32.15 22
      vertex -68.2 1.53165 37.2624
      vertex -68.2 1.65738 37.6217
    endloop
  endfacet
  facet normal -1 0 0
    outer loop
      vertex -68.2 1.32911 36.9401
      vertex -68.2 32.15 22
      vertex -68.2 1.32911 14.0599
    endloop
  endfacet
  facet normal -1 0 0
    outer loop
      vertex -68.2 32.15 22
      vertex -68.2 1.32911 36.9401
      vertex -68.2 1.53165 37.2624
    endloop
  endfacet
  facet normal -1 0 0
    outer loop
      vertex -68.2 1.05993 14.3291
      vertex -68.2 1.32911 36.9401
      vertex -68.2 1.32911 14.0599
    endloop
  endfacet
  facet normal -1 0 0
    outer loop
      vertex -68.2 1.05993 14.3291
      vertex -68.2 1.05993 36.6709
      vertex -68.2 1.32911 36.9401
    endloop
  endfacet
  facet normal -1 0 0
    outer loop
      vertex -68.2 0.737602 14.5316
      vertex -68.2 1.05993 36.6709
      vertex -68.2 1.05993 14.3291
    endloop
  endfacet
  facet normal -1 0 0
    outer loop
      vertex -68.2 0.737602 14.5316
      vertex -68.2 0.737602 36.4684
      vertex -68.2 1.05993 36.6709
    endloop
  endfacet
  facet normal -1 0 0
    outer loop
      vertex -68.2 0.378285 14.6574
      vertex -68.2 0.737602 36.4684
      vertex -68.2 0.737602 14.5316
    endloop
  endfacet
  facet normal -1 0 0
    outer loop
      vertex -68.2 0.378285 14.6574
      vertex -68.2 0.378285 36.3426
      vertex -68.2 0.737602 36.4684
    endloop
  endfacet
  facet normal -1 0 0
    outer loop
      vertex -68.2 0 14.7
      vertex -68.2 0.378285 36.3426
      vertex -68.2 0.378285 14.6574
    endloop
  endfacet
  facet normal -1 0 0
    outer loop
      vertex -68.2 0 14.7
      vertex -68.2 0 36.3
      vertex -68.2 0.378285 36.3426
    endloop
  endfacet
  facet normal -1 0 0
    outer loop
      vertex -68.2 -0.378285 14.6574
      vertex -68.2 0 36.3
      vertex -68.2 0 14.7
    endloop
  endfacet
  facet normal -1 0 0
    outer loop
      vertex -68.2 -0.378285 14.6574
      vertex -68.2 -0.378285 36.3426
      vertex -68.2 0 36.3
    endloop
  endfacet
  facet normal -1 0 0
    outer loop
      vertex -68.2 -0.737602 14.5316
      vertex -68.2 -0.378285 36.3426
      vertex -68.2 -0.378285 14.6574
    endloop
  endfacet
  facet normal -1 0 0
    outer loop
      vertex -68.2 -0.737602 14.5316
      vertex -68.2 -0.737602 36.4684
      vertex -68.2 -0.378285 36.3426
    endloop
  endfacet
  facet normal -1 0 0
    outer loop
      vertex -68.2 -1.05993 14.3291
      vertex -68.2 -0.737602 36.4684
      vertex -68.2 -0.737602 14.5316
    endloop
  endfacet
  facet normal -1 0 0
    outer loop
      vertex -68.2 -1.05993 14.3291
      vertex -68.2 -1.05993 36.6709
      vertex -68.2 -0.737602 36.4684
    endloop
  endfacet
  facet normal -1 0 0
    outer loop
      vertex -68.2 -1.32911 14.0599
      vertex -68.2 -1.05993 36.6709
      vertex -68.2 -1.05993 14.3291
    endloop
  endfacet
  facet normal -1 0 0
    outer loop
      vertex -68.2 -1.32911 14.0599
      vertex -68.2 -1.32911 36.9401
      vertex -68.2 -1.05993 36.6709
    endloop
  endfacet
  facet normal -1 0 0
    outer loop
      vertex -68.2 -37.5571 23.3073
      vertex -68.2 -1.32911 14.0599
      vertex -68.2 -1.53165 13.7376
    endloop
  endfacet
  facet normal -1 0 0
    outer loop
      vertex -68.2 -1.32911 14.0599
      vertex -68.2 -37.5571 23.3073
      vertex -68.2 -1.32911 36.9401
    endloop
  endfacet
  facet normal -1 0 0
    outer loop
      vertex -68.2 -37.5571 20.6927
      vertex -68.2 -1.53165 13.7376
      vertex -68.2 -1.65738 13.3783
    endloop
  endfacet
  facet normal -1 -0 0
    outer loop
      vertex -68.2 -1.32911 36.9401
      vertex -68.2 -37.5571 23.3073
      vertex -68.2 -1.53165 37.2624
    endloop
  endfacet
  facet normal -1 0 0
    outer loop
      vertex -68.2 -37.7279 19.3953
      vertex -68.2 -1.65738 13.3783
      vertex -68.2 -1.7 13
    endloop
  endfacet
  facet normal -1 0 0
    outer loop
      vertex -68.2 -37.7279 24.6047
      vertex -68.2 -1.53165 37.2624
      vertex -68.2 -37.5571 23.3073
    endloop
  endfacet
  facet normal -1 0 0
    outer loop
      vertex -68.2 105 0
      vertex -68.2 92.5316 13.7376
      vertex -68.2 102 85
    endloop
  endfacet
  facet normal -1 0 0
    outer loop
      vertex -68.2 102 85
      vertex -68.2 92.6574 74.6217
      vertex -68.2 92.7 75
    endloop
  endfacet
  facet normal -1 0 0
    outer loop
      vertex -68.2 92.3291 14.0599
      vertex -68.2 102 85
      vertex -68.2 92.5316 13.7376
    endloop
  endfacet
  facet normal -1 0 0
    outer loop
      vertex -68.2 102 85
      vertex -68.2 92.5316 74.2624
      vertex -68.2 92.6574 74.6217
    endloop
  endfacet
  facet normal -1 0 0
    outer loop
      vertex -68.2 92.3291 73.9401
      vertex -68.2 102 85
      vertex -68.2 92.3291 14.0599
    endloop
  endfacet
  facet normal -1 0 0
    outer loop
      vertex -68.2 102 85
      vertex -68.2 92.3291 73.9401
      vertex -68.2 92.5316 74.2624
    endloop
  endfacet
  facet normal -1 0 0
    outer loop
      vertex -68.2 92.0599 14.3291
      vertex -68.2 92.3291 73.9401
      vertex -68.2 92.3291 14.0599
    endloop
  endfacet
  facet normal -1 0 0
    outer loop
      vertex -68.2 92.0599 14.3291
      vertex -68.2 92.0599 73.6709
      vertex -68.2 92.3291 73.9401
    endloop
  endfacet
  facet normal -1 0 0
    outer loop
      vertex -68.2 91.7376 14.5316
      vertex -68.2 92.0599 73.6709
      vertex -68.2 92.0599 14.3291
    endloop
  endfacet
  facet normal -1 0 0
    outer loop
      vertex -68.2 91.7376 14.5316
      vertex -68.2 91.7376 73.4684
      vertex -68.2 92.0599 73.6709
    endloop
  endfacet
  facet normal -1 0 0
    outer loop
      vertex -68.2 91.3783 14.6574
      vertex -68.2 91.7376 73.4684
      vertex -68.2 91.7376 14.5316
    endloop
  endfacet
  facet normal -1 0 0
    outer loop
      vertex -68.2 91.3783 14.6574
      vertex -68.2 91.3783 73.3426
      vertex -68.2 91.7376 73.4684
    endloop
  endfacet
  facet normal -1 0 0
    outer loop
      vertex -68.2 91 14.7
      vertex -68.2 91.3783 73.3426
      vertex -68.2 91.3783 14.6574
    endloop
  endfacet
  facet normal -1 0 0
    outer loop
      vertex -68.2 91 14.7
      vertex -68.2 91 73.3
      vertex -68.2 91.3783 73.3426
    endloop
  endfacet
  facet normal -1 0 0
    outer loop
      vertex -68.2 90.6217 14.6574
      vertex -68.2 91 73.3
      vertex -68.2 91 14.7
    endloop
  endfacet
  facet normal -1 0 0
    outer loop
      vertex -68.2 90.6217 14.6574
      vertex -68.2 90.6217 73.3426
      vertex -68.2 91 73.3
    endloop
  endfacet
  facet normal -1 0 0
    outer loop
      vertex -68.2 60.7446 28.3393
      vertex -68.2 90.6217 14.6574
      vertex -68.2 90.2624 14.5316
    endloop
  endfacet
  facet normal -1 0 0
    outer loop
      vertex -68.2 90.6217 14.6574
      vertex -68.2 60.1404 29.5
      vertex -68.2 90.6217 73.3426
    endloop
  endfacet
  facet normal -1 0 0
    outer loop
      vertex -68.2 61.6389 25.8823
      vertex -68.2 90.2624 14.5316
      vertex -68.2 89.9401 14.3291
    endloop
  endfacet
  facet normal -1 0 0
    outer loop
      vertex -68.2 59.4373 30.6036
      vertex -68.2 90.6217 73.3426
      vertex -68.2 60.1404 29.5
    endloop
  endfacet
  facet normal -1 0 0
    outer loop
      vertex -68.2 62.0929 23.3073
      vertex -68.2 89.9401 14.3291
      vertex -68.2 89.6709 14.0599
    endloop
  endfacet
  facet normal -1 -0 0
    outer loop
      vertex -68.2 90.6217 73.3426
      vertex -68.2 59.4373 30.6036
      vertex -68.2 90.2624 73.4684
    endloop
  endfacet
  facet normal -1 0 0
    outer loop
      vertex -68.2 62.15 22
      vertex -68.2 89.6709 14.0599
      vertex -68.2 89.4684 13.7376
    endloop
  endfacet
  facet normal -1 0 0
    outer loop
      vertex -68.2 58.6407 31.6418
      vertex -68.2 90.2624 73.4684
      vertex -68.2 59.4373 30.6036
    endloop
  endfacet
  facet normal -1 0 0
    outer loop
      vertex -68.2 62.0929 20.6927
      vertex -68.2 89.4684 13.7376
      vertex -68.2 89.3426 13.3783
    endloop
  endfacet
  facet normal -1 0 0
    outer loop
      vertex -68.2 57.7566 32.6066
      vertex -68.2 90.2624 73.4684
      vertex -68.2 58.6407 31.6418
    endloop
  endfacet
  facet normal -1 0 0
    outer loop
      vertex -68.2 61.6389 18.1177
      vertex -68.2 89.3426 13.3783
      vertex -68.2 89.3 13
    endloop
  endfacet
  facet normal -1 -0 0
    outer loop
      vertex -68.2 90.2624 73.4684
      vertex -68.2 57.7566 32.6066
      vertex -68.2 89.9401 73.6709
    endloop
  endfacet
  facet normal -1 0 0
    outer loop
      vertex -68.2 95.0673 128.507
      vertex -68.2 105 152.175
      vertex -68.2 95.1 128.175
    endloop
  endfacet
  facet normal -1 0 0
    outer loop
      vertex -68.2 105 152.175
      vertex -68.2 95.0673 128.507
      vertex -68.2 102 150.175
    endloop
  endfacet
  facet normal -1 0 0
    outer loop
      vertex -68.2 102 102.575
      vertex -68.2 95.0673 127.843
      vertex -68.2 95.1 128.175
    endloop
  endfacet
  facet normal -1 0 0
    outer loop
      vertex -68.2 102 102.575
      vertex -68.2 94.9706 127.525
      vertex -68.2 95.0673 127.843
    endloop
  endfacet
  facet normal -1 0 0
    outer loop
      vertex -68.2 102 102.575
      vertex -68.2 94.8135 127.231
      vertex -68.2 94.9706 127.525
    endloop
  endfacet
  facet normal -1 0 0
    outer loop
      vertex -68.2 102 102.575
      vertex -68.2 94.6021 126.973
      vertex -68.2 94.8135 127.231
    endloop
  endfacet
  facet normal -1 0 0
    outer loop
      vertex -68.2 102 102.575
      vertex -68.2 94.3445 126.762
      vertex -68.2 94.6021 126.973
    endloop
  endfacet
  facet normal -1 0 0
    outer loop
      vertex -68.2 102 102.575
      vertex -68.2 94.0506 126.605
      vertex -68.2 94.3445 126.762
    endloop
  endfacet
  facet normal -1 0 0
    outer loop
      vertex -68.2 102 102.575
      vertex -68.2 93.7317 126.508
      vertex -68.2 94.0506 126.605
    endloop
  endfacet
  facet normal -1 0 0
    outer loop
      vertex -68.2 102 102.575
      vertex -68.2 93.4 126.475
      vertex -68.2 93.7317 126.508
    endloop
  endfacet
  facet normal -1 0 0
    outer loop
      vertex -68.2 102 102.575
      vertex -68.2 93.0683 126.508
      vertex -68.2 93.4 126.475
    endloop
  endfacet
  facet normal -1 0 0
    outer loop
      vertex -68.2 102 102.575
      vertex -68.2 92.7494 126.605
      vertex -68.2 93.0683 126.508
    endloop
  endfacet
  facet normal -1 0 0
    outer loop
      vertex -68.2 102 102.575
      vertex -68.2 92.4555 126.762
      vertex -68.2 92.7494 126.605
    endloop
  endfacet
  facet normal -1 0 0
    outer loop
      vertex -68.2 102 102.575
      vertex -68.2 92.1979 126.973
      vertex -68.2 92.4555 126.762
    endloop
  endfacet
  facet normal -1 0 0
    outer loop
      vertex -68.2 102 102.575
      vertex -68.2 91.9865 127.231
      vertex -68.2 92.1979 126.973
    endloop
  endfacet
  facet normal -1 0 0
    outer loop
      vertex -68.2 74.7494 139.605
      vertex -68.2 91.9865 127.231
      vertex -68.2 102 102.575
    endloop
  endfacet
  facet normal -1 0 0
    outer loop
      vertex -68.2 75.7317 139.508
      vertex -68.2 91.7 128.175
      vertex -68.2 91.7327 127.843
    endloop
  endfacet
  facet normal -1 0 0
    outer loop
      vertex -68.2 75.4 139.475
      vertex -68.2 91.7327 127.843
      vertex -68.2 91.8294 127.525
    endloop
  endfacet
  facet normal -1 -0 -0
    outer loop
      vertex -68.2 75.0683 139.508
      vertex -68.2 91.9865 127.231
      vertex -68.2 74.7494 139.605
    endloop
  endfacet
  facet normal -1 0 0
    outer loop
      vertex -68.2 91.7 128.175
      vertex -68.2 77.0673 140.843
      vertex -68.2 77.1 141.175
    endloop
  endfacet
  facet normal -1 0 0
    outer loop
      vertex -68.2 91.7 128.175
      vertex -68.2 76.9706 140.525
      vertex -68.2 77.0673 140.843
    endloop
  endfacet
  facet normal -1 0 0
    outer loop
      vertex -68.2 91.7 128.175
      vertex -68.2 76.8135 140.231
      vertex -68.2 76.9706 140.525
    endloop
  endfacet
  facet normal -1 0 0
    outer loop
      vertex -68.2 91.7 128.175
      vertex -68.2 76.6021 139.973
      vertex -68.2 76.8135 140.231
    endloop
  endfacet
  facet normal -1 0 0
    outer loop
      vertex -68.2 91.7 128.175
      vertex -68.2 76.3445 139.762
      vertex -68.2 76.6021 139.973
    endloop
  endfacet
  facet normal -1 0 0
    outer loop
      vertex -68.2 91.7 128.175
      vertex -68.2 76.0506 139.605
      vertex -68.2 76.3445 139.762
    endloop
  endfacet
  facet normal -1 0 0
    outer loop
      vertex -68.2 91.7 128.175
      vertex -68.2 75.7317 139.508
      vertex -68.2 76.0506 139.605
    endloop
  endfacet
  facet normal -1 0 0
    outer loop
      vertex -68.2 91.7327 127.843
      vertex -68.2 75.4 139.475
      vertex -68.2 75.7317 139.508
    endloop
  endfacet
  facet normal -1 0 0
    outer loop
      vertex -68.2 91.8294 127.525
      vertex -68.2 75.0683 139.508
      vertex -68.2 75.4 139.475
    endloop
  endfacet
  facet normal -1 0 0
    outer loop
      vertex -68.2 91.9865 127.231
      vertex -68.2 75.0683 139.508
      vertex -68.2 91.8294 127.525
    endloop
  endfacet
  facet normal -1 0 0
    outer loop
      vertex -68.2 102 102.575
      vertex -68.2 74.4555 139.762
      vertex -68.2 74.7494 139.605
    endloop
  endfacet
  facet normal -1 0 0
    outer loop
      vertex -68.2 57.4 147.175
      vertex -68.2 74.4555 139.762
      vertex -68.2 102 102.575
    endloop
  endfacet
  facet normal -1 0 0
    outer loop
      vertex -68.2 74.4555 139.762
      vertex -68.2 57.4 147.175
      vertex -68.2 74.1979 139.973
    endloop
  endfacet
  facet normal -1 0 0
    outer loop
      vertex -68.2 57.4 147.175
      vertex -68.2 73.7 141.175
      vertex -68.2 73.7327 140.843
    endloop
  endfacet
  facet normal -1 0 0
    outer loop
      vertex -68.2 57.4 147.175
      vertex -68.2 73.7327 140.843
      vertex -68.2 73.8294 140.525
    endloop
  endfacet
  facet normal -1 0 0
    outer loop
      vertex -68.2 57.4 147.175
      vertex -68.2 73.8294 140.525
      vertex -68.2 73.9865 140.231
    endloop
  endfacet
  facet normal -1 0 0
    outer loop
      vertex -68.2 74.1979 139.973
      vertex -68.2 57.4 147.175
      vertex -68.2 73.9865 140.231
    endloop
  endfacet
  facet normal -1 0 0
    outer loop
      vertex -68.2 73.7 141.175
      vertex -68.2 57.4 147.175
      vertex -68.2 63.4 150.175
    endloop
  endfacet
  facet normal -1 0 0
    outer loop
      vertex -68.2 57.4 147.175
      vertex -68.2 56.8 150.175
      vertex -68.2 63.4 150.175
    endloop
  endfacet
  facet normal -1 0 0
    outer loop
      vertex -68.2 53.8 147.933
      vertex -68.2 57.4 147.175
      vertex -68.2 53.8 147.175
    endloop
  endfacet
  facet normal -1 0 0
    outer loop
      vertex -68.2 57.4 147.175
      vertex -68.2 53.8 147.933
      vertex -68.2 56.8 150.175
    endloop
  endfacet
  facet normal -1 0 0
    outer loop
      vertex -68.2 53.8 152.175
      vertex -68.2 56.8 150.175
      vertex -68.2 53.8 147.933
    endloop
  endfacet
  facet normal -1 0 0
    outer loop
      vertex -68.2 56.8 150.175
      vertex -68.2 53.8 152.175
      vertex -68.2 56.8 152.175
    endloop
  endfacet
  facet normal -1 0 0
    outer loop
      vertex -68.2 50.9716 149.347
      vertex -68.2 53.8 147.933
      vertex -68.2 53.0929 147.225
    endloop
  endfacet
  facet normal -1 0 0
    outer loop
      vertex -68.2 53.8 147.933
      vertex -68.2 50.9716 149.347
      vertex -68.2 53.8 152.175
    endloop
  endfacet
  facet normal -1 0 0
    outer loop
      vertex -68.2 105 0
      vertex -68.2 102 85
      vertex -68.2 105 152.175
    endloop
  endfacet
  facet normal -1 0 0
    outer loop
      vertex -68.2 92.6574 13.3783
      vertex -68.2 105 0
      vertex -68.2 92.7 13
    endloop
  endfacet
  facet normal -1 0 0
    outer loop
      vertex -68.2 105 0
      vertex -68.2 92.6574 12.6217
      vertex -68.2 92.7 13
    endloop
  endfacet
  facet normal -1 0 0
    outer loop
      vertex -68.2 105 0
      vertex -68.2 92.5316 12.2624
      vertex -68.2 92.6574 12.6217
    endloop
  endfacet
  facet normal -1 0 0
    outer loop
      vertex -68.2 105 0
      vertex -68.2 92.3291 11.9401
      vertex -68.2 92.5316 12.2624
    endloop
  endfacet
  facet normal -1 0 0
    outer loop
      vertex -68.2 105 0
      vertex -68.2 92.0599 11.6709
      vertex -68.2 92.3291 11.9401
    endloop
  endfacet
  facet normal -1 0 0
    outer loop
      vertex -68.2 105 0
      vertex -68.2 91.7376 11.4684
      vertex -68.2 92.0599 11.6709
    endloop
  endfacet
  facet normal -1 0 0
    outer loop
      vertex -68.2 105 0
      vertex -68.2 91.3783 11.3426
      vertex -68.2 91.7376 11.4684
    endloop
  endfacet
  facet normal -1 0 0
    outer loop
      vertex -68.2 105 0
      vertex -68.2 91 11.3
      vertex -68.2 91.3783 11.3426
    endloop
  endfacet
  facet normal -1 0 0
    outer loop
      vertex -68.2 105 0
      vertex -68.2 90.6217 11.3426
      vertex -68.2 91 11.3
    endloop
  endfacet
  facet normal -1 0 0
    outer loop
      vertex -68.2 105 0
      vertex -68.2 90.2624 11.4684
      vertex -68.2 90.6217 11.3426
    endloop
  endfacet
  facet normal -1 0 0
    outer loop
      vertex -68.2 54.65 9.00962
      vertex -68.2 90.2624 11.4684
      vertex -68.2 105 0
    endloop
  endfacet
  facet normal -1 0 0
    outer loop
      vertex -68.2 89.6709 14.0599
      vertex -68.2 62.15 22
      vertex -68.2 62.0929 23.3073
    endloop
  endfacet
  facet normal -1 0 0
    outer loop
      vertex -68.2 61.2454 16.8697
      vertex -68.2 89.3 13
      vertex -68.2 89.3426 12.6217
    endloop
  endfacet
  facet normal -1 0 0
    outer loop
      vertex -68.2 60.1404 14.5
      vertex -68.2 89.3426 12.6217
      vertex -68.2 89.4684 12.2624
    endloop
  endfacet
  facet normal -1 0 0
    outer loop
      vertex -68.2 59.4373 13.3964
      vertex -68.2 89.4684 12.2624
      vertex -68.2 89.6709 11.9401
    endloop
  endfacet
  facet normal -1 0 0
    outer loop
      vertex -68.2 57.7566 11.3934
      vertex -68.2 89.6709 11.9401
      vertex -68.2 89.9401 11.6709
    endloop
  endfacet
  facet normal -1 0 -0
    outer loop
      vertex -68.2 55.7536 9.71272
      vertex -68.2 90.2624 11.4684
      vertex -68.2 54.65 9.00962
    endloop
  endfacet
  facet normal -1 0 0
    outer loop
      vertex -68.2 89.4684 13.7376
      vertex -68.2 62.0929 20.6927
      vertex -68.2 62.15 22
    endloop
  endfacet
  facet normal -1 0 0
    outer loop
      vertex -68.2 89.3426 13.3783
      vertex -68.2 61.9221 19.3953
      vertex -68.2 62.0929 20.6927
    endloop
  endfacet
  facet normal -1 0 0
    outer loop
      vertex -68.2 89.3426 13.3783
      vertex -68.2 61.6389 18.1177
      vertex -68.2 61.9221 19.3953
    endloop
  endfacet
  facet normal -1 0 0
    outer loop
      vertex -68.2 89.3 13
      vertex -68.2 61.2454 16.8697
      vertex -68.2 61.6389 18.1177
    endloop
  endfacet
  facet normal -1 0 0
    outer loop
      vertex -68.2 89.3426 12.6217
      vertex -68.2 60.7446 15.6607
      vertex -68.2 61.2454 16.8697
    endloop
  endfacet
  facet normal -1 0 0
    outer loop
      vertex -68.2 89.3426 12.6217
      vertex -68.2 60.1404 14.5
      vertex -68.2 60.7446 15.6607
    endloop
  endfacet
  facet normal -1 0 0
    outer loop
      vertex -68.2 89.4684 12.2624
      vertex -68.2 59.4373 13.3964
      vertex -68.2 60.1404 14.5
    endloop
  endfacet
  facet normal -1 0 0
    outer loop
      vertex -68.2 89.6709 11.9401
      vertex -68.2 58.6407 12.3582
      vertex -68.2 59.4373 13.3964
    endloop
  endfacet
  facet normal -1 -0 0
    outer loop
      vertex -68.2 89.6709 11.9401
      vertex -68.2 57.7566 11.3934
      vertex -68.2 58.6407 12.3582
    endloop
  endfacet
  facet normal -1 0 0
    outer loop
      vertex -68.2 89.9401 11.6709
      vertex -68.2 56.7918 10.5093
      vertex -68.2 57.7566 11.3934
    endloop
  endfacet
  facet normal -1 0 0
    outer loop
      vertex -68.2 89.9401 11.6709
      vertex -68.2 55.7536 9.71272
      vertex -68.2 56.7918 10.5093
    endloop
  endfacet
  facet normal -1 -0 0
    outer loop
      vertex -68.2 90.2624 11.4684
      vertex -68.2 55.7536 9.71272
      vertex -68.2 89.9401 11.6709
    endloop
  endfacet
  facet normal -1 0 0
    outer loop
      vertex -68.2 105 0
      vertex -68.2 53.4893 8.40538
      vertex -68.2 54.65 9.00962
    endloop
  endfacet
  facet normal -1 0 0
    outer loop
      vertex -68.2 105 0
      vertex -68.2 52.2803 7.90461
      vertex -68.2 53.4893 8.40538
    endloop
  endfacet
  facet normal -1 0 0
    outer loop
      vertex -68.2 105 0
      vertex -68.2 51.0323 7.51111
      vertex -68.2 52.2803 7.90461
    endloop
  endfacet
  facet normal -1 0 0
    outer loop
      vertex -68.2 105 0
      vertex -68.2 49.7547 7.22788
      vertex -68.2 51.0323 7.51111
    endloop
  endfacet
  facet normal -1 0 0
    outer loop
      vertex -68.2 105 0
      vertex -68.2 48.4573 7.05708
      vertex -68.2 49.7547 7.22788
    endloop
  endfacet
  facet normal -1 0 0
    outer loop
      vertex -68.2 105 0
      vertex -68.2 47.15 7
      vertex -68.2 48.4573 7.05708
    endloop
  endfacet
  facet normal -1 0 0
    outer loop
      vertex -68.2 105 0
      vertex -68.2 45.8427 7.05708
      vertex -68.2 47.15 7
    endloop
  endfacet
  facet normal -1 -0 0
    outer loop
      vertex -68.2 32.3779 19.3953
      vertex -68.2 1.65738 13.3783
      vertex -68.2 32.2071 20.6927
    endloop
  endfacet
  facet normal -1 -0 0
    outer loop
      vertex -68.2 32.6611 18.1177
      vertex -68.2 1.65738 13.3783
      vertex -68.2 32.3779 19.3953
    endloop
  endfacet
  facet normal -1 0 0
    outer loop
      vertex -68.2 32.15 22
      vertex -68.2 7.41379 69.8679
      vertex -68.2 22.5459 85
    endloop
  endfacet
  facet normal -1 0 0
    outer loop
      vertex -68.2 1.65738 13.3783
      vertex -68.2 32.6611 18.1177
      vertex -68.2 1.7 13
    endloop
  endfacet
  facet normal -1 0 0
    outer loop
      vertex -68.2 1.7 13
      vertex -68.2 32.6611 18.1177
      vertex -68.2 33.0546 16.8697
    endloop
  endfacet
  facet normal -1 0 0
    outer loop
      vertex -68.2 1.65738 12.6217
      vertex -68.2 33.0546 16.8697
      vertex -68.2 33.5554 15.6607
    endloop
  endfacet
  facet normal -1 0 0
    outer loop
      vertex -68.2 1.53165 13.7376
      vertex -68.2 32.2071 20.6927
      vertex -68.2 1.65738 13.3783
    endloop
  endfacet
  facet normal -1 0 0
    outer loop
      vertex -68.2 1.65738 12.6217
      vertex -68.2 33.5554 15.6607
      vertex -68.2 34.1596 14.5
    endloop
  endfacet
  facet normal -1 0 0
    outer loop
      vertex -68.2 1.53165 12.2624
      vertex -68.2 34.1596 14.5
      vertex -68.2 34.8627 13.3964
    endloop
  endfacet
  facet normal -1 0 0
    outer loop
      vertex -68.2 1.32911 11.9401
      vertex -68.2 34.8627 13.3964
      vertex -68.2 35.6593 12.3582
    endloop
  endfacet
  facet normal -1 0 0
    outer loop
      vertex -68.2 1.32911 11.9401
      vertex -68.2 35.6593 12.3582
      vertex -68.2 36.5434 11.3934
    endloop
  endfacet
  facet normal -1 0 0
    outer loop
      vertex -68.2 1.05993 11.6709
      vertex -68.2 36.5434 11.3934
      vertex -68.2 37.5082 10.5093
    endloop
  endfacet
  facet normal -1 0 0
    outer loop
      vertex -68.2 1.05993 11.6709
      vertex -68.2 37.5082 10.5093
      vertex -68.2 38.5464 9.71272
    endloop
  endfacet
  facet normal -1 0 0
    outer loop
      vertex -68.2 0.737602 11.4684
      vertex -68.2 38.5464 9.71272
      vertex -68.2 39.65 9.00962
    endloop
  endfacet
  facet normal -1 0 0
    outer loop
      vertex -68.2 0.737602 11.4684
      vertex -68.2 39.65 9.00962
      vertex -68.2 40.8107 8.40538
    endloop
  endfacet
  facet normal -1 0 0
    outer loop
      vertex -68.2 0.378285 11.3426
      vertex -68.2 40.8107 8.40538
      vertex -68.2 42.0197 7.90461
    endloop
  endfacet
  facet normal -1 0 0
    outer loop
      vertex -68.2 0.378285 11.3426
      vertex -68.2 42.0197 7.90461
      vertex -68.2 43.2677 7.51111
    endloop
  endfacet
  facet normal -1 0 0
    outer loop
      vertex -68.2 0 11.3
      vertex -68.2 43.2677 7.51111
      vertex -68.2 44.5453 7.22788
    endloop
  endfacet
  facet normal -1 0 0
    outer loop
      vertex -68.2 33.0546 16.8697
      vertex -68.2 1.65738 12.6217
      vertex -68.2 1.7 13
    endloop
  endfacet
  facet normal -1 0 0
    outer loop
      vertex -68.2 -49.8953 7.22788
      vertex -68.2 44.5453 7.22788
      vertex -68.2 45.8427 7.05708
    endloop
  endfacet
  facet normal -1 0 0
    outer loop
      vertex -68.2 34.1596 14.5
      vertex -68.2 1.53165 12.2624
      vertex -68.2 1.65738 12.6217
    endloop
  endfacet
  facet normal -1 0 0
    outer loop
      vertex -68.2 -105 0
      vertex -68.2 45.8427 7.05708
      vertex -68.2 105 0
    endloop
  endfacet
  facet normal -1 0 0
    outer loop
      vertex -68.2 34.8627 13.3964
      vertex -68.2 1.32911 11.9401
      vertex -68.2 1.53165 12.2624
    endloop
  endfacet
  facet normal -1 0 0
    outer loop
      vertex -68.2 36.5434 11.3934
      vertex -68.2 1.05993 11.6709
      vertex -68.2 1.32911 11.9401
    endloop
  endfacet
  facet normal -1 0 0
    outer loop
      vertex -68.2 38.5464 9.71272
      vertex -68.2 0.737602 11.4684
      vertex -68.2 1.05993 11.6709
    endloop
  endfacet
  facet normal -1 0 0
    outer loop
      vertex -68.2 40.8107 8.40538
      vertex -68.2 0.378285 11.3426
      vertex -68.2 0.737602 11.4684
    endloop
  endfacet
  facet normal -1 0 0
    outer loop
      vertex -68.2 43.2677 7.51111
      vertex -68.2 0 11.3
      vertex -68.2 0.378285 11.3426
    endloop
  endfacet
  facet normal -1 0 0
    outer loop
      vertex -68.2 -38.0111 25.8823
      vertex -68.2 -1.53165 37.2624
      vertex -68.2 -37.7279 24.6047
    endloop
  endfacet
  facet normal -1 0 0
    outer loop
      vertex -68.2 -1.7 38
      vertex -68.2 -13.3751 82
      vertex -68.2 -7.71829 85
    endloop
  endfacet
  facet normal -1 -0 0
    outer loop
      vertex -68.2 -7.71829 85
      vertex -68.2 -13.3751 82
      vertex -68.2 -9.13249 85
    endloop
  endfacet
  facet normal -1 0 0
    outer loop
      vertex -68.2 -38.4046 16.8697
      vertex -68.2 -1.7 13
      vertex -68.2 -1.65738 12.6217
    endloop
  endfacet
  facet normal -1 0 0
    outer loop
      vertex -68.2 -13.3751 85
      vertex -68.2 -9.13249 85
      vertex -68.2 -13.3751 82
    endloop
  endfacet
  facet normal -1 0 0
    outer loop
      vertex -68.2 -9.13249 85
      vertex -68.2 -13.3751 85
      vertex -68.2 -10.5467 87.8284
    endloop
  endfacet
  facet normal -1 0 0
    outer loop
      vertex -68.2 -40.2127 30.6036
      vertex -68.2 -1.7 38
      vertex -68.2 -39.5096 29.5
    endloop
  endfacet
  facet normal -1 -0 0
    outer loop
      vertex -68.2 -1.53165 37.2624
      vertex -68.2 -38.0111 25.8823
      vertex -68.2 -1.65738 37.6217
    endloop
  endfacet
  facet normal -1 0 0
    outer loop
      vertex -68.2 -1.53165 13.7376
      vertex -68.2 -37.5 22
      vertex -68.2 -37.5571 23.3073
    endloop
  endfacet
  facet normal -1 0 0
    outer loop
      vertex -68.2 -38.9054 15.6607
      vertex -68.2 -1.65738 12.6217
      vertex -68.2 -1.53165 12.2624
    endloop
  endfacet
  facet normal -1 0 0
    outer loop
      vertex -68.2 -40.2127 13.3964
      vertex -68.2 -1.53165 12.2624
      vertex -68.2 -1.32911 11.9401
    endloop
  endfacet
  facet normal -1 0 0
    outer loop
      vertex -68.2 -41.8934 11.3934
      vertex -68.2 -1.32911 11.9401
      vertex -68.2 -1.05993 11.6709
    endloop
  endfacet
  facet normal -1 0 0
    outer loop
      vertex -68.2 -43.8964 9.71272
      vertex -68.2 -1.05993 11.6709
      vertex -68.2 -0.737602 11.4684
    endloop
  endfacet
  facet normal -1 0 0
    outer loop
      vertex -68.2 -46.1607 8.40538
      vertex -68.2 -0.737602 11.4684
      vertex -68.2 -0.378285 11.3426
    endloop
  endfacet
  facet normal -1 0 0
    outer loop
      vertex -68.2 -1.53165 13.7376
      vertex -68.2 -37.5571 20.6927
      vertex -68.2 -37.5 22
    endloop
  endfacet
  facet normal -1 0 0
    outer loop
      vertex -68.2 -1.65738 13.3783
      vertex -68.2 -37.7279 19.3953
      vertex -68.2 -37.5571 20.6927
    endloop
  endfacet
  facet normal -1 0 0
    outer loop
      vertex -68.2 -1.7 13
      vertex -68.2 -38.0111 18.1177
      vertex -68.2 -37.7279 19.3953
    endloop
  endfacet
  facet normal -1 0 0
    outer loop
      vertex -68.2 -1.7 13
      vertex -68.2 -38.4046 16.8697
      vertex -68.2 -38.0111 18.1177
    endloop
  endfacet
  facet normal -1 0 0
    outer loop
      vertex -68.2 -1.65738 12.6217
      vertex -68.2 -38.9054 15.6607
      vertex -68.2 -38.4046 16.8697
    endloop
  endfacet
  facet normal -1 0 0
    outer loop
      vertex -68.2 -48.6177 7.51111
      vertex -68.2 -0.378285 11.3426
      vertex -68.2 0 11.3
    endloop
  endfacet
  facet normal -1 0 0
    outer loop
      vertex -68.2 -1.53165 12.2624
      vertex -68.2 -39.5096 14.5
      vertex -68.2 -38.9054 15.6607
    endloop
  endfacet
  facet normal -1 0 0
    outer loop
      vertex -68.2 44.5453 7.22788
      vertex -68.2 -49.8953 7.22788
      vertex -68.2 0 11.3
    endloop
  endfacet
  facet normal -1 0 0
    outer loop
      vertex -68.2 -1.53165 12.2624
      vertex -68.2 -40.2127 13.3964
      vertex -68.2 -39.5096 14.5
    endloop
  endfacet
  facet normal -1 0 0
    outer loop
      vertex -68.2 -1.32911 11.9401
      vertex -68.2 -41.0093 12.3582
      vertex -68.2 -40.2127 13.3964
    endloop
  endfacet
  facet normal -1 -0 0
    outer loop
      vertex -68.2 -1.32911 11.9401
      vertex -68.2 -41.8934 11.3934
      vertex -68.2 -41.0093 12.3582
    endloop
  endfacet
  facet normal -1 0 0
    outer loop
      vertex -68.2 -1.05993 11.6709
      vertex -68.2 -42.8582 10.5093
      vertex -68.2 -41.8934 11.3934
    endloop
  endfacet
  facet normal -1 0 0
    outer loop
      vertex -68.2 -1.05993 11.6709
      vertex -68.2 -43.8964 9.71272
      vertex -68.2 -42.8582 10.5093
    endloop
  endfacet
  facet normal -1 0 0
    outer loop
      vertex -68.2 -0.737602 11.4684
      vertex -68.2 -45 9.00962
      vertex -68.2 -43.8964 9.71272
    endloop
  endfacet
  facet normal -1 0 0
    outer loop
      vertex -68.2 -0.737602 11.4684
      vertex -68.2 -46.1607 8.40538
      vertex -68.2 -45 9.00962
    endloop
  endfacet
  facet normal -1 0 0
    outer loop
      vertex -68.2 -0.378285 11.3426
      vertex -68.2 -47.3697 7.90461
      vertex -68.2 -46.1607 8.40538
    endloop
  endfacet
  facet normal -1 0 0
    outer loop
      vertex -68.2 -0.378285 11.3426
      vertex -68.2 -48.6177 7.51111
      vertex -68.2 -47.3697 7.90461
    endloop
  endfacet
  facet normal -1 0 0
    outer loop
      vertex -68.2 0 11.3
      vertex -68.2 -49.8953 7.22788
      vertex -68.2 -48.6177 7.51111
    endloop
  endfacet
  facet normal -1 0 0
    outer loop
      vertex -68.2 45.8427 7.05708
      vertex -68.2 -51.1927 7.05708
      vertex -68.2 -49.8953 7.22788
    endloop
  endfacet
  facet normal -1 -0 0
    outer loop
      vertex -68.2 45.8427 7.05708
      vertex -68.2 -105 0
      vertex -68.2 -51.1927 7.05708
    endloop
  endfacet
  facet normal -1 0 0
    outer loop
      vertex -68.2 -51.1927 7.05708
      vertex -68.2 -105 0
      vertex -68.2 -52.5 7
    endloop
  endfacet
  facet normal -1 0 0
    outer loop
      vertex -68.2 -89.4684 13.7376
      vertex -68.2 -67.2721 19.3953
      vertex -68.2 -89.3426 13.3783
    endloop
  endfacet
  facet normal -1 -0 0
    outer loop
      vertex -68.2 -66.9889 18.1177
      vertex -68.2 -89.3426 13.3783
      vertex -68.2 -67.2721 19.3953
    endloop
  endfacet
  facet normal -1 0 0
    outer loop
      vertex -68.2 -89.3426 13.3783
      vertex -68.2 -66.9889 18.1177
      vertex -68.2 -89.3 13
    endloop
  endfacet
  facet normal -1 -0 0
    outer loop
      vertex -68.2 -66.5954 16.8697
      vertex -68.2 -89.3 13
      vertex -68.2 -66.9889 18.1177
    endloop
  endfacet
  facet normal -1 -0 0
    outer loop
      vertex -68.2 -66.0946 15.6607
      vertex -68.2 -89.3 13
      vertex -68.2 -66.5954 16.8697
    endloop
  endfacet
  facet normal -1 0 0
    outer loop
      vertex -68.2 -89.3426 12.6217
      vertex -68.2 -66.0946 15.6607
      vertex -68.2 -65.4904 14.5
    endloop
  endfacet
  facet normal -1 0 0
    outer loop
      vertex -68.2 -89.4684 12.2624
      vertex -68.2 -65.4904 14.5
      vertex -68.2 -64.7873 13.3964
    endloop
  endfacet
  facet normal -1 0 0
    outer loop
      vertex -68.2 -89.6709 11.9401
      vertex -68.2 -64.7873 13.3964
      vertex -68.2 -63.9907 12.3582
    endloop
  endfacet
  facet normal -1 0 0
    outer loop
      vertex -68.2 -89.6709 11.9401
      vertex -68.2 -63.9907 12.3582
      vertex -68.2 -63.1066 11.3934
    endloop
  endfacet
  facet normal -1 0 0
    outer loop
      vertex -68.2 -89.9401 11.6709
      vertex -68.2 -63.1066 11.3934
      vertex -68.2 -62.1418 10.5093
    endloop
  endfacet
  facet normal -1 0 0
    outer loop
      vertex -68.2 -89.9401 11.6709
      vertex -68.2 -62.1418 10.5093
      vertex -68.2 -61.1036 9.71272
    endloop
  endfacet
  facet normal -1 0 0
    outer loop
      vertex -68.2 -90.2624 11.4684
      vertex -68.2 -61.1036 9.71272
      vertex -68.2 -60 9.00962
    endloop
  endfacet
  facet normal -1 0 0
    outer loop
      vertex -68.2 -105 0
      vertex -68.2 -60 9.00962
      vertex -68.2 -58.8393 8.40538
    endloop
  endfacet
  facet normal -1 0 0
    outer loop
      vertex -68.2 -105 0
      vertex -68.2 -58.8393 8.40538
      vertex -68.2 -57.6303 7.90461
    endloop
  endfacet
  facet normal -1 0 0
    outer loop
      vertex -68.2 -105 0
      vertex -68.2 -57.6303 7.90461
      vertex -68.2 -56.3823 7.51111
    endloop
  endfacet
  facet normal -1 0 0
    outer loop
      vertex -68.2 -105 0
      vertex -68.2 -56.3823 7.51111
      vertex -68.2 -55.1047 7.22788
    endloop
  endfacet
  facet normal -1 0 0
    outer loop
      vertex -68.2 -66.0946 15.6607
      vertex -68.2 -89.3426 12.6217
      vertex -68.2 -89.3 13
    endloop
  endfacet
  facet normal -1 0 0
    outer loop
      vertex -68.2 -65.4904 14.5
      vertex -68.2 -89.4684 12.2624
      vertex -68.2 -89.3426 12.6217
    endloop
  endfacet
  facet normal -1 0 0
    outer loop
      vertex -68.2 -64.7873 13.3964
      vertex -68.2 -89.6709 11.9401
      vertex -68.2 -89.4684 12.2624
    endloop
  endfacet
  facet normal -1 0 0
    outer loop
      vertex -68.2 -63.1066 11.3934
      vertex -68.2 -89.9401 11.6709
      vertex -68.2 -89.6709 11.9401
    endloop
  endfacet
  facet normal -1 0 0
    outer loop
      vertex -68.2 -105 0
      vertex -68.2 -55.1047 7.22788
      vertex -68.2 -53.8073 7.05708
    endloop
  endfacet
  facet normal -1 0 0
    outer loop
      vertex -68.2 -61.1036 9.71272
      vertex -68.2 -90.2624 11.4684
      vertex -68.2 -89.9401 11.6709
    endloop
  endfacet
  facet normal -1 -0 0
    outer loop
      vertex -68.2 -60 9.00962
      vertex -68.2 -105 0
      vertex -68.2 -90.2624 11.4684
    endloop
  endfacet
  facet normal -1 0 0
    outer loop
      vertex -68.2 -90.2624 11.4684
      vertex -68.2 -105 0
      vertex -68.2 -90.6217 11.3426
    endloop
  endfacet
  facet normal -1 0 0
    outer loop
      vertex -68.2 -90.6217 11.3426
      vertex -68.2 -105 0
      vertex -68.2 -91 11.3
    endloop
  endfacet
  facet normal -1 0 0
    outer loop
      vertex -68.2 -96.6967 47.8033
      vertex -68.2 -90.2624 73.4684
      vertex -68.2 -96.2547 47.3209
    endloop
  endfacet
  facet normal -1 0 0
    outer loop
      vertex -68.2 -65.4904 29.5
      vertex -68.2 -94.5285 41.8463
      vertex -68.2 -94.5 42.5
    endloop
  endfacet
  facet normal -1 0 0
    outer loop
      vertex -68.2 -65.4904 29.5
      vertex -68.2 -94.6139 41.1976
      vertex -68.2 -94.5285 41.8463
    endloop
  endfacet
  facet normal -1 0 0
    outer loop
      vertex -68.2 -65.4904 29.5
      vertex -68.2 -94.7556 40.5589
      vertex -68.2 -94.6139 41.1976
    endloop
  endfacet
  facet normal -1 0 0
    outer loop
      vertex -68.2 -66.0946 28.3393
      vertex -68.2 -94.7556 40.5589
      vertex -68.2 -65.4904 29.5
    endloop
  endfacet
  facet normal -1 0 -0
    outer loop
      vertex -68.2 -94.7556 40.5589
      vertex -68.2 -66.0946 28.3393
      vertex -68.2 -94.9523 39.9348
    endloop
  endfacet
  facet normal -1 0 -0
    outer loop
      vertex -68.2 -94.9523 39.9348
      vertex -68.2 -66.0946 28.3393
      vertex -68.2 -95.2027 39.3304
    endloop
  endfacet
  facet normal -1 0 0
    outer loop
      vertex -68.2 -66.5954 27.1303
      vertex -68.2 -95.2027 39.3304
      vertex -68.2 -66.0946 28.3393
    endloop
  endfacet
  facet normal -1 0 0
    outer loop
      vertex -68.2 -105 0
      vertex -68.2 -92.7 13
      vertex -68.2 -92.6574 12.6217
    endloop
  endfacet
  facet normal -1 0 0
    outer loop
      vertex -68.2 -90.2624 14.5316
      vertex -68.2 -96.2547 37.6791
      vertex -68.2 -95.8564 38.1982
    endloop
  endfacet
  facet normal -1 0 0
    outer loop
      vertex -68.2 -90.6217 14.6574
      vertex -68.2 -96.6967 37.1967
      vertex -68.2 -96.2547 37.6791
    endloop
  endfacet
  facet normal -1 0 0
    outer loop
      vertex -68.2 -90.6217 14.6574
      vertex -68.2 -97.1791 36.7547
      vertex -68.2 -96.6967 37.1967
    endloop
  endfacet
  facet normal -1 0 0
    outer loop
      vertex -68.2 -91 14.7
      vertex -68.2 -97.6982 36.3564
      vertex -68.2 -97.1791 36.7547
    endloop
  endfacet
  facet normal -1 0 0
    outer loop
      vertex -68.2 -91 14.7
      vertex -68.2 -98.25 36.0048
      vertex -68.2 -97.6982 36.3564
    endloop
  endfacet
  facet normal -1 0 0
    outer loop
      vertex -68.2 -91.3783 14.6574
      vertex -68.2 -98.8304 35.7027
      vertex -68.2 -98.25 36.0048
    endloop
  endfacet
  facet normal -1 0 0
    outer loop
      vertex -68.2 -91.3783 14.6574
      vertex -68.2 -99.4348 35.4523
      vertex -68.2 -98.8304 35.7027
    endloop
  endfacet
  facet normal -1 0 0
    outer loop
      vertex -68.2 -91.7376 14.5316
      vertex -68.2 -100.059 35.2556
      vertex -68.2 -99.4348 35.4523
    endloop
  endfacet
  facet normal -1 0 0
    outer loop
      vertex -68.2 -92.0599 14.3291
      vertex -68.2 -100.698 35.1139
      vertex -68.2 -100.059 35.2556
    endloop
  endfacet
  facet normal -1 0 0
    outer loop
      vertex -68.2 -105 0
      vertex -68.2 -92.6574 12.6217
      vertex -68.2 -92.5316 12.2624
    endloop
  endfacet
  facet normal -1 0 0
    outer loop
      vertex -68.2 -92.0599 14.3291
      vertex -68.2 -101.346 35.0285
      vertex -68.2 -100.698 35.1139
    endloop
  endfacet
  facet normal -1 0 0
    outer loop
      vertex -68.2 -92.3291 14.0599
      vertex -68.2 -102 35
      vertex -68.2 -101.346 35.0285
    endloop
  endfacet
  facet normal -1 -0 0
    outer loop
      vertex -68.2 -102 35
      vertex -68.2 -105 0
      vertex -68.2 -102 50
    endloop
  endfacet
  facet normal -1 -0 0
    outer loop
      vertex -68.2 -92.6574 13.3783
      vertex -68.2 -105 0
      vertex -68.2 -102 35
    endloop
  endfacet
  facet normal -1 -0 0
    outer loop
      vertex -68.2 -92.3291 11.9401
      vertex -68.2 -105 0
      vertex -68.2 -92.5316 12.2624
    endloop
  endfacet
  facet normal -1 -0 0
    outer loop
      vertex -68.2 -92.0599 11.6709
      vertex -68.2 -105 0
      vertex -68.2 -92.3291 11.9401
    endloop
  endfacet
  facet normal -1 -0 0
    outer loop
      vertex -68.2 -91.7376 11.4684
      vertex -68.2 -105 0
      vertex -68.2 -92.0599 11.6709
    endloop
  endfacet
  facet normal -1 -0 0
    outer loop
      vertex -68.2 -91.3783 11.3426
      vertex -68.2 -105 0
      vertex -68.2 -91.7376 11.4684
    endloop
  endfacet
  facet normal -1 -0 0
    outer loop
      vertex -68.2 -91 11.3
      vertex -68.2 -105 0
      vertex -68.2 -91.3783 11.3426
    endloop
  endfacet
  facet normal -1 -0 0
    outer loop
      vertex -68.2 -52.5 7
      vertex -68.2 -105 0
      vertex -68.2 -53.8073 7.05708
    endloop
  endfacet
  facet normal -1 0 0
    outer loop
      vertex -68.2 102 102.575
      vertex -68.2 105 152.175
      vertex -68.2 102 85
    endloop
  endfacet
  facet normal -1 0 0
    outer loop
      vertex -68.2 95.1 128.175
      vertex -68.2 105 152.175
      vertex -68.2 102 102.575
    endloop
  endfacet
  facet normal -1 -0 0
    outer loop
      vertex -68.2 105 152.175
      vertex -68.2 102 150.175
      vertex -68.2 102 152.175
    endloop
  endfacet
  facet normal -1 0 0
    outer loop
      vertex -68.2 94.9706 128.826
      vertex -68.2 102 150.175
      vertex -68.2 95.0673 128.507
    endloop
  endfacet
  facet normal -1 0 0
    outer loop
      vertex -68.2 94.8135 129.12
      vertex -68.2 102 150.175
      vertex -68.2 94.9706 128.826
    endloop
  endfacet
  facet normal -1 0 0
    outer loop
      vertex -68.2 94.6021 129.377
      vertex -68.2 102 150.175
      vertex -68.2 94.8135 129.12
    endloop
  endfacet
  facet normal -1 0 0
    outer loop
      vertex -68.2 94.3445 129.589
      vertex -68.2 102 150.175
      vertex -68.2 94.6021 129.377
    endloop
  endfacet
  facet normal -1 0 0
    outer loop
      vertex -68.2 94.0506 129.746
      vertex -68.2 102 150.175
      vertex -68.2 94.3445 129.589
    endloop
  endfacet
  facet normal -1 -0 0
    outer loop
      vertex -68.2 102 150.175
      vertex -68.2 94.0506 129.746
      vertex -68.2 95.4 150.175
    endloop
  endfacet
  facet normal -1 0 0
    outer loop
      vertex -68.2 93.7317 129.842
      vertex -68.2 95.4 150.175
      vertex -68.2 94.0506 129.746
    endloop
  endfacet
  facet normal -1 0 0
    outer loop
      vertex -68.2 93.4 129.875
      vertex -68.2 95.4 150.175
      vertex -68.2 93.7317 129.842
    endloop
  endfacet
  facet normal -1 0 0
    outer loop
      vertex -68.2 93.0683 129.842
      vertex -68.2 95.4 150.175
      vertex -68.2 93.4 129.875
    endloop
  endfacet
  facet normal -1 0 0
    outer loop
      vertex -68.2 92.7494 129.746
      vertex -68.2 95.4 150.175
      vertex -68.2 93.0683 129.842
    endloop
  endfacet
  facet normal -1 0 0
    outer loop
      vertex -68.2 77.1 141.175
      vertex -68.2 92.7494 129.746
      vertex -68.2 92.4555 129.589
    endloop
  endfacet
  facet normal -1 0 0
    outer loop
      vertex -68.2 77.1 141.175
      vertex -68.2 92.4555 129.589
      vertex -68.2 92.1979 129.377
    endloop
  endfacet
  facet normal -1 0 0
    outer loop
      vertex -68.2 77.1 141.175
      vertex -68.2 92.1979 129.377
      vertex -68.2 91.9865 129.12
    endloop
  endfacet
  facet normal -1 0 0
    outer loop
      vertex -68.2 77.1 141.175
      vertex -68.2 91.9865 129.12
      vertex -68.2 91.8294 128.826
    endloop
  endfacet
  facet normal -1 0 0
    outer loop
      vertex -68.2 77.1 141.175
      vertex -68.2 91.8294 128.826
      vertex -68.2 91.7327 128.507
    endloop
  endfacet
  facet normal -1 0 0
    outer loop
      vertex -68.2 77.1 141.175
      vertex -68.2 91.7327 128.507
      vertex -68.2 91.7 128.175
    endloop
  endfacet
  facet normal -1 0 0
    outer loop
      vertex -68.2 92.7494 129.746
      vertex -68.2 77.1 141.175
      vertex -68.2 95.4 150.175
    endloop
  endfacet
  facet normal -1 0 0
    outer loop
      vertex -68.2 77.0673 141.507
      vertex -68.2 95.4 150.175
      vertex -68.2 77.1 141.175
    endloop
  endfacet
  facet normal -1 0 0
    outer loop
      vertex -68.2 76.9706 141.826
      vertex -68.2 95.4 150.175
      vertex -68.2 77.0673 141.507
    endloop
  endfacet
  facet normal -1 0 0
    outer loop
      vertex -68.2 76.8135 142.12
      vertex -68.2 95.4 150.175
      vertex -68.2 76.9706 141.826
    endloop
  endfacet
  facet normal -1 0 0
    outer loop
      vertex -68.2 76.6021 142.377
      vertex -68.2 95.4 150.175
      vertex -68.2 76.8135 142.12
    endloop
  endfacet
  facet normal -1 0 0
    outer loop
      vertex -68.2 76.3445 142.589
      vertex -68.2 95.4 150.175
      vertex -68.2 76.6021 142.377
    endloop
  endfacet
  facet normal -1 0 0
    outer loop
      vertex -68.2 76.0506 142.746
      vertex -68.2 95.4 150.175
      vertex -68.2 76.3445 142.589
    endloop
  endfacet
  facet normal -1 0 0
    outer loop
      vertex -68.2 75.7317 142.842
      vertex -68.2 95.4 150.175
      vertex -68.2 76.0506 142.746
    endloop
  endfacet
  facet normal -1 0 0
    outer loop
      vertex -68.2 63.4 150.175
      vertex -68.2 75.7317 142.842
      vertex -68.2 75.4 142.875
    endloop
  endfacet
  facet normal -1 0 0
    outer loop
      vertex -68.2 63.4 150.175
      vertex -68.2 75.4 142.875
      vertex -68.2 75.0683 142.842
    endloop
  endfacet
  facet normal -1 0 0
    outer loop
      vertex -68.2 63.4 150.175
      vertex -68.2 75.0683 142.842
      vertex -68.2 74.7494 142.746
    endloop
  endfacet
  facet normal -1 0 0
    outer loop
      vertex -68.2 75.7317 142.842
      vertex -68.2 63.4 150.175
      vertex -68.2 95.4 150.175
    endloop
  endfacet
  facet normal -1 0 0
    outer loop
      vertex -68.2 74.4555 142.589
      vertex -68.2 63.4 150.175
      vertex -68.2 74.7494 142.746
    endloop
  endfacet
  facet normal -1 0 0
    outer loop
      vertex -68.2 74.1979 142.377
      vertex -68.2 63.4 150.175
      vertex -68.2 74.4555 142.589
    endloop
  endfacet
  facet normal -1 0 0
    outer loop
      vertex -68.2 73.9865 142.12
      vertex -68.2 63.4 150.175
      vertex -68.2 74.1979 142.377
    endloop
  endfacet
  facet normal -1 0 0
    outer loop
      vertex -68.2 73.8294 141.826
      vertex -68.2 63.4 150.175
      vertex -68.2 73.9865 142.12
    endloop
  endfacet
  facet normal -1 0 0
    outer loop
      vertex -68.2 73.7327 141.507
      vertex -68.2 63.4 150.175
      vertex -68.2 73.8294 141.826
    endloop
  endfacet
  facet normal -1 0 0
    outer loop
      vertex -68.2 63.4 150.175
      vertex -68.2 73.7327 141.507
      vertex -68.2 73.7 141.175
    endloop
  endfacet
  facet normal -1 0 0
    outer loop
      vertex -68.2 92.5316 13.7376
      vertex -68.2 105 0
      vertex -68.2 92.6574 13.3783
    endloop
  endfacet
  facet normal -1 0 0
    outer loop
      vertex -68.2 92.6574 75.3783
      vertex -68.2 102 85
      vertex -68.2 92.7 75
    endloop
  endfacet
  facet normal -1 0 0
    outer loop
      vertex -68.2 92.5316 75.7376
      vertex -68.2 102 85
      vertex -68.2 92.6574 75.3783
    endloop
  endfacet
  facet normal -1 0 0
    outer loop
      vertex -68.2 92.3291 76.0599
      vertex -68.2 102 85
      vertex -68.2 92.5316 75.7376
    endloop
  endfacet
  facet normal -1 0 0
    outer loop
      vertex -68.2 92.0599 76.3291
      vertex -68.2 102 85
      vertex -68.2 92.3291 76.0599
    endloop
  endfacet
  facet normal -1 0 0
    outer loop
      vertex -68.2 91.7376 76.5316
      vertex -68.2 102 85
      vertex -68.2 92.0599 76.3291
    endloop
  endfacet
  facet normal -1 0 0
    outer loop
      vertex -68.2 91.3783 76.6574
      vertex -68.2 102 85
      vertex -68.2 91.7376 76.5316
    endloop
  endfacet
  facet normal -1 0 0
    outer loop
      vertex -68.2 91 76.7
      vertex -68.2 102 85
      vertex -68.2 91.3783 76.6574
    endloop
  endfacet
  facet normal -1 0 0
    outer loop
      vertex -68.2 90.6217 76.6574
      vertex -68.2 102 85
      vertex -68.2 91 76.7
    endloop
  endfacet
  facet normal -1 0 0
    outer loop
      vertex -68.2 90.2624 76.5316
      vertex -68.2 102 85
      vertex -68.2 90.6217 76.6574
    endloop
  endfacet
  facet normal -1 0 0
    outer loop
      vertex -68.2 22.5459 85
      vertex -68.2 90.2624 76.5316
      vertex -68.2 89.9401 76.3291
    endloop
  endfacet
  facet normal -1 0 0
    outer loop
      vertex -68.2 89.9401 14.3291
      vertex -68.2 62.0929 23.3073
      vertex -68.2 61.9221 24.6047
    endloop
  endfacet
  facet normal -1 0 0
    outer loop
      vertex -68.2 89.9401 14.3291
      vertex -68.2 61.9221 24.6047
      vertex -68.2 61.6389 25.8823
    endloop
  endfacet
  facet normal -1 0 0
    outer loop
      vertex -68.2 90.2624 14.5316
      vertex -68.2 61.6389 25.8823
      vertex -68.2 61.2454 27.1303
    endloop
  endfacet
  facet normal -1 0 0
    outer loop
      vertex -68.2 90.2624 14.5316
      vertex -68.2 61.2454 27.1303
      vertex -68.2 60.7446 28.3393
    endloop
  endfacet
  facet normal -1 0 0
    outer loop
      vertex -68.2 90.6217 14.6574
      vertex -68.2 60.7446 28.3393
      vertex -68.2 60.1404 29.5
    endloop
  endfacet
  facet normal -1 0 0
    outer loop
      vertex -68.2 56.7918 33.4907
      vertex -68.2 89.9401 73.6709
      vertex -68.2 57.7566 32.6066
    endloop
  endfacet
  facet normal -1 0 0
    outer loop
      vertex -68.2 55.7536 34.2873
      vertex -68.2 89.9401 73.6709
      vertex -68.2 56.7918 33.4907
    endloop
  endfacet
  facet normal -1 -0 0
    outer loop
      vertex -68.2 89.9401 73.6709
      vertex -68.2 55.7536 34.2873
      vertex -68.2 89.6709 73.9401
    endloop
  endfacet
  facet normal -1 0 0
    outer loop
      vertex -68.2 54.65 34.9904
      vertex -68.2 89.6709 73.9401
      vertex -68.2 55.7536 34.2873
    endloop
  endfacet
  facet normal -1 -0 0
    outer loop
      vertex -68.2 89.6709 73.9401
      vertex -68.2 54.65 34.9904
      vertex -68.2 89.4684 74.2624
    endloop
  endfacet
  facet normal -1 0 0
    outer loop
      vertex -68.2 53.4893 35.5946
      vertex -68.2 89.4684 74.2624
      vertex -68.2 54.65 34.9904
    endloop
  endfacet
  facet normal -1 0 0
    outer loop
      vertex -68.2 52.2803 36.0954
      vertex -68.2 89.4684 74.2624
      vertex -68.2 53.4893 35.5946
    endloop
  endfacet
  facet normal -1 -0 0
    outer loop
      vertex -68.2 89.4684 74.2624
      vertex -68.2 52.2803 36.0954
      vertex -68.2 89.3426 74.6217
    endloop
  endfacet
  facet normal -1 0 0
    outer loop
      vertex -68.2 51.0323 36.4889
      vertex -68.2 89.3426 74.6217
      vertex -68.2 52.2803 36.0954
    endloop
  endfacet
  facet normal -1 0 0
    outer loop
      vertex -68.2 49.7547 36.7721
      vertex -68.2 89.3426 74.6217
      vertex -68.2 51.0323 36.4889
    endloop
  endfacet
  facet normal -1 -0 0
    outer loop
      vertex -68.2 89.3426 74.6217
      vertex -68.2 49.7547 36.7721
      vertex -68.2 89.3 75
    endloop
  endfacet
  facet normal -1 0 0
    outer loop
      vertex -68.2 22.5459 85
      vertex -68.2 89.3 75
      vertex -68.2 49.7547 36.7721
    endloop
  endfacet
  facet normal -1 0 0
    outer loop
      vertex -68.2 89.3 75
      vertex -68.2 22.5459 85
      vertex -68.2 89.3426 75.3783
    endloop
  endfacet
  facet normal -1 0 0
    outer loop
      vertex -68.2 89.3426 75.3783
      vertex -68.2 22.5459 85
      vertex -68.2 89.4684 75.7376
    endloop
  endfacet
  facet normal -1 0 0
    outer loop
      vertex -68.2 89.4684 75.7376
      vertex -68.2 22.5459 85
      vertex -68.2 89.6709 76.0599
    endloop
  endfacet
  facet normal -1 0 0
    outer loop
      vertex -68.2 22.5459 85
      vertex -68.2 49.7547 36.7721
      vertex -68.2 48.4573 36.9429
    endloop
  endfacet
  facet normal -1 0 0
    outer loop
      vertex -68.2 22.5459 85
      vertex -68.2 48.4573 36.9429
      vertex -68.2 47.15 37
    endloop
  endfacet
  facet normal -1 0 0
    outer loop
      vertex -68.2 22.5459 85
      vertex -68.2 47.15 37
      vertex -68.2 45.8427 36.9429
    endloop
  endfacet
  facet normal -1 0 0
    outer loop
      vertex -68.2 22.5459 85
      vertex -68.2 45.8427 36.9429
      vertex -68.2 44.5453 36.7721
    endloop
  endfacet
  facet normal -1 0 0
    outer loop
      vertex -68.2 22.5459 85
      vertex -68.2 44.5453 36.7721
      vertex -68.2 43.2677 36.4889
    endloop
  endfacet
  facet normal -1 0 0
    outer loop
      vertex -68.2 22.5459 85
      vertex -68.2 43.2677 36.4889
      vertex -68.2 42.0197 36.0954
    endloop
  endfacet
  facet normal -1 0 0
    outer loop
      vertex -68.2 22.5459 85
      vertex -68.2 42.0197 36.0954
      vertex -68.2 40.8107 35.5946
    endloop
  endfacet
  facet normal -1 0 0
    outer loop
      vertex -68.2 22.5459 85
      vertex -68.2 40.8107 35.5946
      vertex -68.2 39.65 34.9904
    endloop
  endfacet
  facet normal -1 0 0
    outer loop
      vertex -68.2 22.5459 85
      vertex -68.2 39.65 34.9904
      vertex -68.2 38.5464 34.2873
    endloop
  endfacet
  facet normal -1 0 0
    outer loop
      vertex -68.2 22.5459 85
      vertex -68.2 38.5464 34.2873
      vertex -68.2 37.5082 33.4907
    endloop
  endfacet
  facet normal -1 0 0
    outer loop
      vertex -68.2 90.2624 76.5316
      vertex -68.2 22.5459 85
      vertex -68.2 102 85
    endloop
  endfacet
  facet normal -1 0 0
    outer loop
      vertex -68.2 89.6709 76.0599
      vertex -68.2 22.5459 85
      vertex -68.2 89.9401 76.3291
    endloop
  endfacet
  facet normal -1 0 0
    outer loop
      vertex -68.2 36.5434 32.6066
      vertex -68.2 22.5459 85
      vertex -68.2 37.5082 33.4907
    endloop
  endfacet
  facet normal -1 0 0
    outer loop
      vertex -68.2 35.6593 31.6418
      vertex -68.2 22.5459 85
      vertex -68.2 36.5434 32.6066
    endloop
  endfacet
  facet normal -1 0 0
    outer loop
      vertex -68.2 34.8627 30.6036
      vertex -68.2 22.5459 85
      vertex -68.2 35.6593 31.6418
    endloop
  endfacet
  facet normal -1 0 0
    outer loop
      vertex -68.2 34.1596 29.5
      vertex -68.2 22.5459 85
      vertex -68.2 34.8627 30.6036
    endloop
  endfacet
  facet normal -1 0 0
    outer loop
      vertex -68.2 33.5554 28.3393
      vertex -68.2 22.5459 85
      vertex -68.2 34.1596 29.5
    endloop
  endfacet
  facet normal -1 0 0
    outer loop
      vertex -68.2 33.0546 27.1303
      vertex -68.2 22.5459 85
      vertex -68.2 33.5554 28.3393
    endloop
  endfacet
  facet normal -1 0 0
    outer loop
      vertex -68.2 32.6611 25.8823
      vertex -68.2 22.5459 85
      vertex -68.2 33.0546 27.1303
    endloop
  endfacet
  facet normal -1 0 0
    outer loop
      vertex -68.2 32.3779 24.6047
      vertex -68.2 22.5459 85
      vertex -68.2 32.6611 25.8823
    endloop
  endfacet
  facet normal -1 0 0
    outer loop
      vertex -68.2 32.2071 23.3073
      vertex -68.2 22.5459 85
      vertex -68.2 32.3779 24.6047
    endloop
  endfacet
  facet normal -1 0 0
    outer loop
      vertex -68.2 22.5459 85
      vertex -68.2 32.2071 23.3073
      vertex -68.2 32.15 22
    endloop
  endfacet
  facet normal -1 0 0
    outer loop
      vertex -68.2 32.15 22
      vertex -68.2 1.7 38
      vertex -68.2 1.65738 38.3783
    endloop
  endfacet
  facet normal -1 0 0
    outer loop
      vertex -68.2 32.15 22
      vertex -68.2 1.65738 38.3783
      vertex -68.2 1.53165 38.7376
    endloop
  endfacet
  facet normal -1 0 0
    outer loop
      vertex -68.2 32.15 22
      vertex -68.2 1.53165 38.7376
      vertex -68.2 7.41379 69.8679
    endloop
  endfacet
  facet normal -1 0 0
    outer loop
      vertex -68.2 1.32911 39.0599
      vertex -68.2 7.41379 69.8679
      vertex -68.2 1.53165 38.7376
    endloop
  endfacet
  facet normal -1 0 0
    outer loop
      vertex -68.2 1.05993 39.3291
      vertex -68.2 7.41379 69.8679
      vertex -68.2 1.32911 39.0599
    endloop
  endfacet
  facet normal -1 0 0
    outer loop
      vertex -68.2 0.737602 39.5316
      vertex -68.2 7.41379 69.8679
      vertex -68.2 1.05993 39.3291
    endloop
  endfacet
  facet normal -1 0 0
    outer loop
      vertex -68.2 0.378285 39.6574
      vertex -68.2 7.41379 69.8679
      vertex -68.2 0.737602 39.5316
    endloop
  endfacet
  facet normal -1 0 0
    outer loop
      vertex -68.2 0 39.7
      vertex -68.2 7.41379 69.8679
      vertex -68.2 0.378285 39.6574
    endloop
  endfacet
  facet normal -1 0 0
    outer loop
      vertex -68.2 -0.378285 39.6574
      vertex -68.2 7.41379 69.8679
      vertex -68.2 0 39.7
    endloop
  endfacet
  facet normal -1 0 0
    outer loop
      vertex -68.2 -0.737602 39.5316
      vertex -68.2 7.41379 69.8679
      vertex -68.2 -0.378285 39.6574
    endloop
  endfacet
  facet normal -1 0 0
    outer loop
      vertex -68.2 -1.05993 39.3291
      vertex -68.2 7.41379 69.8679
      vertex -68.2 -0.737602 39.5316
    endloop
  endfacet
  facet normal -1 0 0
    outer loop
      vertex -68.2 -7.71829 85
      vertex -68.2 -1.05993 39.3291
      vertex -68.2 -1.32911 39.0599
    endloop
  endfacet
  facet normal -1 0 0
    outer loop
      vertex -68.2 -7.71829 85
      vertex -68.2 -1.32911 39.0599
      vertex -68.2 -1.53165 38.7376
    endloop
  endfacet
  facet normal -1 0 0
    outer loop
      vertex -68.2 -7.71829 85
      vertex -68.2 -1.53165 38.7376
      vertex -68.2 -1.65738 38.3783
    endloop
  endfacet
  facet normal -1 0 0
    outer loop
      vertex -68.2 -1.05993 39.3291
      vertex -68.2 -7.71829 85
      vertex -68.2 7.41379 69.8679
    endloop
  endfacet
  facet normal -1 0 0
    outer loop
      vertex -68.2 -7.71829 85
      vertex -68.2 -1.65738 38.3783
      vertex -68.2 -1.7 38
    endloop
  endfacet
  facet normal -1 -0 0
    outer loop
      vertex -68.2 -8.42539 85.7071
      vertex -68.2 -9.13249 85
      vertex -68.2 -10.5467 87.8284
    endloop
  endfacet
  facet normal -1 0 0
    outer loop
      vertex -68.2 -38.4046 27.1303
      vertex -68.2 -1.65738 37.6217
      vertex -68.2 -38.0111 25.8823
    endloop
  endfacet
  facet normal -1 0 0
    outer loop
      vertex -68.2 -38.9054 28.3393
      vertex -68.2 -1.65738 37.6217
      vertex -68.2 -38.4046 27.1303
    endloop
  endfacet
  facet normal -1 -0 0
    outer loop
      vertex -68.2 -1.65738 37.6217
      vertex -68.2 -38.9054 28.3393
      vertex -68.2 -1.7 38
    endloop
  endfacet
  facet normal -1 0 0
    outer loop
      vertex -68.2 -1.7 38
      vertex -68.2 -38.9054 28.3393
      vertex -68.2 -39.5096 29.5
    endloop
  endfacet
  facet normal -1 0 0
    outer loop
      vertex -68.2 -41.0093 31.6418
      vertex -68.2 -1.7 38
      vertex -68.2 -40.2127 30.6036
    endloop
  endfacet
  facet normal -1 0 0
    outer loop
      vertex -68.2 -41.8934 32.6066
      vertex -68.2 -1.7 38
      vertex -68.2 -41.0093 31.6418
    endloop
  endfacet
  facet normal -1 0 0
    outer loop
      vertex -68.2 -1.7 38
      vertex -68.2 -20 82
      vertex -68.2 -13.3751 82
    endloop
  endfacet
  facet normal -1 0 0
    outer loop
      vertex -68.2 -42.8582 33.4907
      vertex -68.2 -1.7 38
      vertex -68.2 -41.8934 32.6066
    endloop
  endfacet
  facet normal -1 -0 0
    outer loop
      vertex -68.2 -1.7 38
      vertex -68.2 -42.8582 33.4907
      vertex -68.2 -20 82
    endloop
  endfacet
  facet normal -1 0 0
    outer loop
      vertex -68.2 -43.8964 34.2873
      vertex -68.2 -20 82
      vertex -68.2 -42.8582 33.4907
    endloop
  endfacet
  facet normal -1 0 0
    outer loop
      vertex -68.2 -45 34.9904
      vertex -68.2 -20 82
      vertex -68.2 -43.8964 34.2873
    endloop
  endfacet
  facet normal -1 0 0
    outer loop
      vertex -68.2 -46.1607 35.5946
      vertex -68.2 -20 82
      vertex -68.2 -45 34.9904
    endloop
  endfacet
  facet normal -1 0 0
    outer loop
      vertex -68.2 -47.3697 36.0954
      vertex -68.2 -20 82
      vertex -68.2 -46.1607 35.5946
    endloop
  endfacet
  facet normal -1 0 0
    outer loop
      vertex -68.2 -48.6177 36.4889
      vertex -68.2 -20 82
      vertex -68.2 -47.3697 36.0954
    endloop
  endfacet
  facet normal -1 0 0
    outer loop
      vertex -68.2 -49.8953 36.7721
      vertex -68.2 -20 82
      vertex -68.2 -48.6177 36.4889
    endloop
  endfacet
  facet normal -1 0 0
    outer loop
      vertex -68.2 -51.1927 36.9429
      vertex -68.2 -20 82
      vertex -68.2 -49.8953 36.7721
    endloop
  endfacet
  facet normal -1 0 0
    outer loop
      vertex -68.2 -52.5 37
      vertex -68.2 -20 82
      vertex -68.2 -51.1927 36.9429
    endloop
  endfacet
  facet normal -1 0 0
    outer loop
      vertex -68.2 -89.3 75
      vertex -68.2 -20 82
      vertex -68.2 -52.5 37
    endloop
  endfacet
  facet normal -1 0 0
    outer loop
      vertex -68.2 -89.3 75
      vertex -68.2 -52.5 37
      vertex -68.2 -53.8073 36.9429
    endloop
  endfacet
  facet normal -1 0 0
    outer loop
      vertex -68.2 -89.3 75
      vertex -68.2 -53.8073 36.9429
      vertex -68.2 -55.1047 36.7721
    endloop
  endfacet
  facet normal -1 0 0
    outer loop
      vertex -68.2 -89.3 75
      vertex -68.2 -55.1047 36.7721
      vertex -68.2 -56.3823 36.4889
    endloop
  endfacet
  facet normal -1 0 0
    outer loop
      vertex -68.2 -89.3 75
      vertex -68.2 -56.3823 36.4889
      vertex -68.2 -57.6303 36.0954
    endloop
  endfacet
  facet normal -1 0 0
    outer loop
      vertex -68.2 -89.3 75
      vertex -68.2 -57.6303 36.0954
      vertex -68.2 -58.8393 35.5946
    endloop
  endfacet
  facet normal -1 0 0
    outer loop
      vertex -68.2 -89.3 75
      vertex -68.2 -58.8393 35.5946
      vertex -68.2 -60 34.9904
    endloop
  endfacet
  facet normal -1 0 0
    outer loop
      vertex -68.2 -89.3 75
      vertex -68.2 -60 34.9904
      vertex -68.2 -61.1036 34.2873
    endloop
  endfacet
  facet normal -1 0 0
    outer loop
      vertex -68.2 -89.3 75
      vertex -68.2 -61.1036 34.2873
      vertex -68.2 -62.1418 33.4907
    endloop
  endfacet
  facet normal -1 0 0
    outer loop
      vertex -68.2 -89.3 75
      vertex -68.2 -62.1418 33.4907
      vertex -68.2 -63.1066 32.6066
    endloop
  endfacet
  facet normal -1 0 0
    outer loop
      vertex -68.2 -89.3 75
      vertex -68.2 -63.1066 32.6066
      vertex -68.2 -63.9907 31.6418
    endloop
  endfacet
  facet normal -1 -0 0
    outer loop
      vertex -68.2 -67.2721 19.3953
      vertex -68.2 -89.4684 13.7376
      vertex -68.2 -67.4429 20.6927
    endloop
  endfacet
  facet normal -1 0 0
    outer loop
      vertex -68.2 -89.6709 14.0599
      vertex -68.2 -67.4429 20.6927
      vertex -68.2 -89.4684 13.7376
    endloop
  endfacet
  facet normal -1 -0 0
    outer loop
      vertex -68.2 -67.4429 20.6927
      vertex -68.2 -89.6709 14.0599
      vertex -68.2 -67.5 22
    endloop
  endfacet
  facet normal -1 -0 0
    outer loop
      vertex -68.2 -67.5 22
      vertex -68.2 -89.6709 14.0599
      vertex -68.2 -67.4429 23.3073
    endloop
  endfacet
  facet normal -1 0 0
    outer loop
      vertex -68.2 -89.9401 14.3291
      vertex -68.2 -67.4429 23.3073
      vertex -68.2 -89.6709 14.0599
    endloop
  endfacet
  facet normal -1 -0 0
    outer loop
      vertex -68.2 -67.4429 23.3073
      vertex -68.2 -89.9401 14.3291
      vertex -68.2 -67.2721 24.6047
    endloop
  endfacet
  facet normal -1 0 0
    outer loop
      vertex -68.2 -90.2624 14.5316
      vertex -68.2 -67.2721 24.6047
      vertex -68.2 -89.9401 14.3291
    endloop
  endfacet
  facet normal -1 0 0
    outer loop
      vertex -68.2 -65.4904 29.5
      vertex -68.2 -89.3 75
      vertex -68.2 -64.7873 30.6036
    endloop
  endfacet
  facet normal -1 0 0
    outer loop
      vertex -68.2 -64.7873 30.6036
      vertex -68.2 -89.3 75
      vertex -68.2 -63.9907 31.6418
    endloop
  endfacet
  facet normal -1 0 0
    outer loop
      vertex -68.2 -89.3426 75.3783
      vertex -68.2 -20 82
      vertex -68.2 -89.3 75
    endloop
  endfacet
  facet normal -1 -0 0
    outer loop
      vertex -68.2 -20 82
      vertex -68.2 -89.3426 75.3783
      vertex -68.2 -20 85
    endloop
  endfacet
  facet normal -1 0 0
    outer loop
      vertex -68.2 -89.4684 75.7376
      vertex -68.2 -20 85
      vertex -68.2 -89.3426 75.3783
    endloop
  endfacet
  facet normal -1 0 0
    outer loop
      vertex -68.2 -89.6709 76.0599
      vertex -68.2 -20 85
      vertex -68.2 -89.4684 75.7376
    endloop
  endfacet
  facet normal -1 0 0
    outer loop
      vertex -68.2 -89.9401 76.3291
      vertex -68.2 -20 85
      vertex -68.2 -89.6709 76.0599
    endloop
  endfacet
  facet normal -1 0 0
    outer loop
      vertex -68.2 -90.2624 76.5316
      vertex -68.2 -20 85
      vertex -68.2 -89.9401 76.3291
    endloop
  endfacet
  facet normal -1 0 0
    outer loop
      vertex -68.2 -105 85
      vertex -68.2 -90.2624 76.5316
      vertex -68.2 -90.6217 76.6574
    endloop
  endfacet
  facet normal -1 0 0
    outer loop
      vertex -68.2 -105 85
      vertex -68.2 -90.6217 76.6574
      vertex -68.2 -91 76.7
    endloop
  endfacet
  facet normal -1 0 0
    outer loop
      vertex -68.2 -105 85
      vertex -68.2 -91 76.7
      vertex -68.2 -91.3783 76.6574
    endloop
  endfacet
  facet normal -1 0 0
    outer loop
      vertex -68.2 -90.2624 73.4684
      vertex -68.2 -96.6967 47.8033
      vertex -68.2 -90.6217 73.3426
    endloop
  endfacet
  facet normal -1 0 0
    outer loop
      vertex -68.2 -97.1791 48.2453
      vertex -68.2 -90.6217 73.3426
      vertex -68.2 -96.6967 47.8033
    endloop
  endfacet
  facet normal -1 0 0
    outer loop
      vertex -68.2 -97.6982 48.6436
      vertex -68.2 -90.6217 73.3426
      vertex -68.2 -97.1791 48.2453
    endloop
  endfacet
  facet normal -1 0 0
    outer loop
      vertex -68.2 -90.6217 73.3426
      vertex -68.2 -97.6982 48.6436
      vertex -68.2 -91 73.3
    endloop
  endfacet
  facet normal -1 0 0
    outer loop
      vertex -68.2 -98.25 48.9952
      vertex -68.2 -91 73.3
      vertex -68.2 -97.6982 48.6436
    endloop
  endfacet
  facet normal -1 -0 0
    outer loop
      vertex -68.2 -91 73.3
      vertex -68.2 -98.25 48.9952
      vertex -68.2 -91.3783 73.3426
    endloop
  endfacet
  facet normal -1 0 0
    outer loop
      vertex -68.2 -98.8304 49.2973
      vertex -68.2 -91.3783 73.3426
      vertex -68.2 -98.25 48.9952
    endloop
  endfacet
  facet normal -1 0 0
    outer loop
      vertex -68.2 -99.4348 49.5477
      vertex -68.2 -91.3783 73.3426
      vertex -68.2 -98.8304 49.2973
    endloop
  endfacet
  facet normal -1 -0 0
    outer loop
      vertex -68.2 -91.3783 73.3426
      vertex -68.2 -99.4348 49.5477
      vertex -68.2 -91.7376 73.4684
    endloop
  endfacet
  facet normal -1 0 0
    outer loop
      vertex -68.2 -100.059 49.7444
      vertex -68.2 -91.7376 73.4684
      vertex -68.2 -99.4348 49.5477
    endloop
  endfacet
  facet normal -1 0 0
    outer loop
      vertex -68.2 -100.698 49.8861
      vertex -68.2 -91.7376 73.4684
      vertex -68.2 -100.059 49.7444
    endloop
  endfacet
  facet normal -1 -0 0
    outer loop
      vertex -68.2 -91.7376 73.4684
      vertex -68.2 -100.698 49.8861
      vertex -68.2 -92.0599 73.6709
    endloop
  endfacet
  facet normal -1 0 0
    outer loop
      vertex -68.2 -101.346 49.9715
      vertex -68.2 -92.0599 73.6709
      vertex -68.2 -100.698 49.8861
    endloop
  endfacet
  facet normal -1 0 0
    outer loop
      vertex -68.2 -102 50
      vertex -68.2 -92.0599 73.6709
      vertex -68.2 -101.346 49.9715
    endloop
  endfacet
  facet normal -1 -0 0
    outer loop
      vertex -68.2 -92.0599 73.6709
      vertex -68.2 -102 50
      vertex -68.2 -92.3291 73.9401
    endloop
  endfacet
  facet normal -1 -0 0
    outer loop
      vertex -68.2 -92.3291 73.9401
      vertex -68.2 -102 50
      vertex -68.2 -92.5316 74.2624
    endloop
  endfacet
  facet normal -1 0 0
    outer loop
      vertex -68.2 -105 85
      vertex -68.2 -92.5316 74.2624
      vertex -68.2 -102 50
    endloop
  endfacet
  facet normal -1 0 0
    outer loop
      vertex -68.2 -92.5316 74.2624
      vertex -68.2 -105 85
      vertex -68.2 -92.6574 74.6217
    endloop
  endfacet
  facet normal -1 0 0
    outer loop
      vertex -68.2 -92.6574 74.6217
      vertex -68.2 -105 85
      vertex -68.2 -92.7 75
    endloop
  endfacet
  facet normal -1 0 0
    outer loop
      vertex -68.2 -92.7 75
      vertex -68.2 -105 85
      vertex -68.2 -92.6574 75.3783
    endloop
  endfacet
  facet normal -1 0 0
    outer loop
      vertex -68.2 -90.2624 76.5316
      vertex -68.2 -105 85
      vertex -68.2 -20 85
    endloop
  endfacet
  facet normal -1 0 0
    outer loop
      vertex -68.2 -91.7376 76.5316
      vertex -68.2 -105 85
      vertex -68.2 -91.3783 76.6574
    endloop
  endfacet
  facet normal -1 0 0
    outer loop
      vertex -68.2 -92.0599 76.3291
      vertex -68.2 -105 85
      vertex -68.2 -91.7376 76.5316
    endloop
  endfacet
  facet normal -1 0 0
    outer loop
      vertex -68.2 -92.3291 76.0599
      vertex -68.2 -105 85
      vertex -68.2 -92.0599 76.3291
    endloop
  endfacet
  facet normal -1 0 0
    outer loop
      vertex -68.2 -92.5316 75.7376
      vertex -68.2 -105 85
      vertex -68.2 -92.3291 76.0599
    endloop
  endfacet
  facet normal -1 0 0
    outer loop
      vertex -68.2 -92.6574 75.3783
      vertex -68.2 -105 85
      vertex -68.2 -92.5316 75.7376
    endloop
  endfacet
  facet normal -1 0 0
    outer loop
      vertex -68.2 -105 85
      vertex -68.2 -102 50
      vertex -68.2 -105 0
    endloop
  endfacet
  facet normal 1 0 0
    outer loop
      vertex 68.2 -20 85
      vertex 68.2 -105 85
      vertex 68.2 -20 82
    endloop
  endfacet
  facet normal 1 -0 0
    outer loop
      vertex 68.2 53.8 152.175
      vertex 68.2 105 0
      vertex 68.2 105 152.175
    endloop
  endfacet
  facet normal 1 0 0
    outer loop
      vertex 68.2 53.8 152.175
      vertex 68.2 -13.3751 85
      vertex 68.2 -13.3751 82
    endloop
  endfacet
  facet normal 1 0 0
    outer loop
      vertex 68.2 53.8 152.175
      vertex 68.2 -13.3751 82
      vertex 68.2 105 0
    endloop
  endfacet
  facet normal 1 0 0
    outer loop
      vertex 68.2 -105 0
      vertex 68.2 -13.3751 82
      vertex 68.2 -20 82
    endloop
  endfacet
  facet normal 1 0 0
    outer loop
      vertex 68.2 -105 0
      vertex 68.2 -20 82
      vertex 68.2 -105 85
    endloop
  endfacet
  facet normal 1 0 0
    outer loop
      vertex 68.2 -13.3751 82
      vertex 68.2 -105 0
      vertex 68.2 105 0
    endloop
  endfacet
  facet normal -0 0 1
    outer loop
      vertex -68.225 -13.3751 85
      vertex -68.2 -20 85
      vertex -68.2 -13.3751 85
    endloop
  endfacet
  facet normal 0 0 1
    outer loop
      vertex -68.2 -20 85
      vertex -68.225 -13.3751 85
      vertex -68.225 -20 85
    endloop
  endfacet
  facet normal 0 0 1
    outer loop
      vertex -65.2 -13.3751 85
      vertex -68.2 -20 85
      vertex -65.2 -20 85
    endloop
  endfacet
  facet normal -0 0 1
    outer loop
      vertex -65.2 -13.3751 85
      vertex 65.2 -20 85
      vertex 65.2 -13.3751 85
    endloop
  endfacet
  facet normal 0 0 1
    outer loop
      vertex 65.2 -20 85
      vertex -65.2 -13.3751 85
      vertex -65.2 -20 85
    endloop
  endfacet
  facet normal 0 0 1
    outer loop
      vertex 68.2 -13.3751 85
      vertex 65.2 -20 85
      vertex 68.2 -20 85
    endloop
  endfacet
  facet normal 0 0 1
    outer loop
      vertex 68.2 -13.3751 85
      vertex 65.2 -13.3751 85
      vertex 65.2 -20 85
    endloop
  endfacet
  facet normal 0 0 1
    outer loop
      vertex 65.2 -102 85
      vertex 68.2 -20 85
      vertex 65.2 -20 85
    endloop
  endfacet
  facet normal 0 0 1
    outer loop
      vertex 68.2 -20 85
      vertex 65.2 -102 85
      vertex 68.2 -105 85
    endloop
  endfacet
  facet normal -0 0 1
    outer loop
      vertex -65.2 -102 85
      vertex 68.2 -105 85
      vertex 65.2 -102 85
    endloop
  endfacet
  facet normal 0 0 1
    outer loop
      vertex -65.2 -13.3751 85
      vertex -68.2 -13.3751 85
      vertex -68.2 -20 85
    endloop
  endfacet
  facet normal 0 0 1
    outer loop
      vertex -65.2 -20 85
      vertex -68.2 -20 85
      vertex -65.2 -102 85
    endloop
  endfacet
  facet normal 0 0 1
    outer loop
      vertex -65.2 -102 85
      vertex -68.2 -105 85
      vertex 68.2 -105 85
    endloop
  endfacet
  facet normal 0 0 1
    outer loop
      vertex -68.2 -105 85
      vertex -65.2 -102 85
      vertex -68.2 -20 85
    endloop
  endfacet
  facet normal -0 0 1
    outer loop
      vertex 68.2 -13.3751 85
      vertex 68.225 -20 85
      vertex 68.225 -13.3751 85
    endloop
  endfacet
  facet normal 0 0 1
    outer loop
      vertex 68.225 -20 85
      vertex 68.2 -13.3751 85
      vertex 68.2 -20 85
    endloop
  endfacet
  facet normal -0 0 1
    outer loop
      vertex -68.2 102 85
      vertex -65.2 22.5459 85
      vertex -65.2 102 85
    endloop
  endfacet
  facet normal 0 0 1
    outer loop
      vertex -65.2 22.5459 85
      vertex -68.2 102 85
      vertex -68.2 22.5459 85
    endloop
  endfacet
  facet normal -0 0 1
    outer loop
      vertex -68.2 -7.71829 85
      vertex -65.2 -9.13249 85
      vertex -65.2 -7.71829 85
    endloop
  endfacet
  facet normal 0 0 1
    outer loop
      vertex -65.2 -9.13249 85
      vertex -68.2 -7.71829 85
      vertex -68.2 -9.13249 85
    endloop
  endfacet
  facet normal 0 0 -1
    outer loop
      vertex -68.2 -105 0
      vertex 68.2 105 0
      vertex 68.2 -105 0
    endloop
  endfacet
  facet normal -0 0 -1
    outer loop
      vertex 68.2 105 0
      vertex -68.2 -105 0
      vertex -68.2 105 0
    endloop
  endfacet
  facet normal 0 1 0
    outer loop
      vertex 65.2 -102 80
      vertex -65.2 -102 50
      vertex -65.2 -102 80
    endloop
  endfacet
  facet normal 0 1 0
    outer loop
      vertex -65.2 -102 50
      vertex -65.2 -102 35
      vertex -68.2 -102 50
    endloop
  endfacet
  facet normal 0 1 0
    outer loop
      vertex 65.2 -102 80
      vertex -65.2 -102 35
      vertex -65.2 -102 50
    endloop
  endfacet
  facet normal 0 1 -0
    outer loop
      vertex 65.2 -102 3
      vertex -65.2 -102 35
      vertex 65.2 -102 80
    endloop
  endfacet
  facet normal 0 1 0
    outer loop
      vertex -65.2 -102 35
      vertex 65.2 -102 3
      vertex -65.2 -102 3
    endloop
  endfacet
  facet normal 0 1 0
    outer loop
      vertex -68.2 -102 50
      vertex -65.2 -102 35
      vertex -68.2 -102 35
    endloop
  endfacet
  facet normal 0 1 -0
    outer loop
      vertex 65.2 -102 83
      vertex -65.2 -102 85
      vertex 65.2 -102 85
    endloop
  endfacet
  facet normal 0 1 0
    outer loop
      vertex -65.2 -102 85
      vertex 65.2 -102 83
      vertex -65.2 -102 83
    endloop
  endfacet
  facet normal 0 -1 0
    outer loop
      vertex -68.2 102 102.575
      vertex -68.2 102 85
      vertex -65.2 102 102.575
    endloop
  endfacet
  facet normal 0 -1 0
    outer loop
      vertex -65.2 102 147.175
      vertex 24.3958 102 147.165
      vertex 24.4008 102 147.175
    endloop
  endfacet
  facet normal 0 -1 0
    outer loop
      vertex -65.2 102 147.175
      vertex 24.1772 102 146.521
      vertex 24.3958 102 147.165
    endloop
  endfacet
  facet normal 0 -1 0
    outer loop
      vertex -65.2 102 147.175
      vertex 24.0445 102 145.854
      vertex 24.1772 102 146.521
    endloop
  endfacet
  facet normal 0 -1 0
    outer loop
      vertex -65.2 102 147.175
      vertex 24 102 145.175
      vertex 24.0445 102 145.854
    endloop
  endfacet
  facet normal 0 -1 0
    outer loop
      vertex -65.2 102 147.175
      vertex 24.0445 102 144.496
      vertex 24 102 145.175
    endloop
  endfacet
  facet normal 0 -1 0
    outer loop
      vertex -65.2 102 147.175
      vertex 24.1772 102 143.829
      vertex 24.0445 102 144.496
    endloop
  endfacet
  facet normal 0 -1 0
    outer loop
      vertex 24.1772 102 114.521
      vertex 24.1772 102 143.829
      vertex -65.2 102 147.175
    endloop
  endfacet
  facet normal 0 -1 0
    outer loop
      vertex 24.1772 102 143.829
      vertex 24.1772 102 114.521
      vertex 24.3958 102 143.185
    endloop
  endfacet
  facet normal -0 -1 0
    outer loop
      vertex 24.3958 102 115.165
      vertex 24.3958 102 143.185
      vertex 24.1772 102 114.521
    endloop
  endfacet
  facet normal -0 -1 0
    outer loop
      vertex 24.6967 102 115.775
      vertex 24.6967 102 142.575
      vertex 24.3958 102 115.165
    endloop
  endfacet
  facet normal 0 -1 0
    outer loop
      vertex 24.6967 102 142.575
      vertex 24.6967 102 115.775
      vertex 25.0746 102 142.01
    endloop
  endfacet
  facet normal -0 -1 0
    outer loop
      vertex 25.0746 102 116.341
      vertex 25.0746 102 142.01
      vertex 24.6967 102 115.775
    endloop
  endfacet
  facet normal 0 -1 0
    outer loop
      vertex 25.0746 102 142.01
      vertex 25.0746 102 116.341
      vertex 25.523 102 141.498
    endloop
  endfacet
  facet normal -0 -1 0
    outer loop
      vertex 25.523 102 116.852
      vertex 25.523 102 141.498
      vertex 25.0746 102 116.341
    endloop
  endfacet
  facet normal 0 -1 0
    outer loop
      vertex 25.523 102 141.498
      vertex 25.523 102 116.852
      vertex 26.0344 102 141.05
    endloop
  endfacet
  facet normal 0 -1 0
    outer loop
      vertex 33.3254 102 142.01
      vertex 35.3005 102 139.075
      vertex 35.9692 102 139.701
    endloop
  endfacet
  facet normal 0 -1 0
    outer loop
      vertex 32.2657 102 134.533
      vertex 29.2 102 139.975
      vertex 28.5213 102 140.02
    endloop
  endfacet
  facet normal -0 -1 0
    outer loop
      vertex 31.2 102 129.175
      vertex 26.0344 102 141.05
      vertex 25.523 102 116.852
    endloop
  endfacet
  facet normal 0 -1 0
    outer loop
      vertex 29.8787 102 140.02
      vertex 34.6742 102 138.406
      vertex 35.3005 102 139.075
    endloop
  endfacet
  facet normal 0 -1 0
    outer loop
      vertex 29.8787 102 140.02
      vertex 34.0931 102 137.698
      vertex 34.6742 102 138.406
    endloop
  endfacet
  facet normal 0 -1 0
    outer loop
      vertex 29.8787 102 140.02
      vertex 33.5594 102 136.953
      vertex 34.0931 102 137.698
    endloop
  endfacet
  facet normal 0 -1 0
    outer loop
      vertex 29.8787 102 140.02
      vertex 33.0756 102 136.175
      vertex 33.5594 102 136.953
    endloop
  endfacet
  facet normal 0 -1 0
    outer loop
      vertex 29.8787 102 140.02
      vertex 32.6438 102 135.367
      vertex 33.0756 102 136.175
    endloop
  endfacet
  facet normal 0 -1 0
    outer loop
      vertex 29.2 102 139.975
      vertex 32.2657 102 134.533
      vertex 32.6438 102 135.367
    endloop
  endfacet
  facet normal 0 -1 0
    outer loop
      vertex 28.5213 102 140.02
      vertex 31.943 102 133.675
      vertex 32.2657 102 134.533
    endloop
  endfacet
  facet normal 0 -1 0
    outer loop
      vertex 27.8541 102 140.152
      vertex 31.943 102 133.675
      vertex 28.5213 102 140.02
    endloop
  endfacet
  facet normal -0 -1 0
    outer loop
      vertex 31.943 102 133.675
      vertex 27.8541 102 140.152
      vertex 31.677 102 132.799
    endloop
  endfacet
  facet normal 0 -1 0
    outer loop
      vertex 26.0344 102 141.05
      vertex 31.23 102 130.091
      vertex 26.6 102 140.672
    endloop
  endfacet
  facet normal -0 -1 0
    outer loop
      vertex 31.3198 102 131.003
      vertex 26.6 102 140.672
      vertex 31.23 102 130.091
    endloop
  endfacet
  facet normal -0 -1 0
    outer loop
      vertex 31.677 102 132.799
      vertex 27.21 102 140.371
      vertex 31.469 102 131.906
    endloop
  endfacet
  facet normal 0 -1 0
    outer loop
      vertex 26.6 102 140.672
      vertex 31.469 102 131.906
      vertex 27.21 102 140.371
    endloop
  endfacet
  facet normal -0 -1 0
    outer loop
      vertex 31.469 102 131.906
      vertex 26.6 102 140.672
      vertex 31.3198 102 131.003
    endloop
  endfacet
  facet normal -0 -1 0
    outer loop
      vertex 26.0344 102 117.301
      vertex 31.2 102 129.175
      vertex 25.523 102 116.852
    endloop
  endfacet
  facet normal 0 -1 -0
    outer loop
      vertex 31.2 102 129.175
      vertex 26.0344 102 117.301
      vertex 31.23 102 128.26
    endloop
  endfacet
  facet normal 0 -1 -0
    outer loop
      vertex 31.23 102 128.26
      vertex 26.6 102 117.678
      vertex 31.3198 102 127.348
    endloop
  endfacet
  facet normal 0 -1 -0
    outer loop
      vertex 31.3198 102 127.348
      vertex 26.6 102 117.678
      vertex 31.469 102 126.444
    endloop
  endfacet
  facet normal 0 -1 -0
    outer loop
      vertex 31.469 102 126.444
      vertex 27.21 102 117.979
      vertex 31.677 102 125.552
    endloop
  endfacet
  facet normal -0 -1 0
    outer loop
      vertex 27.8541 102 118.198
      vertex 31.677 102 125.552
      vertex 27.21 102 117.979
    endloop
  endfacet
  facet normal -0 -1 0
    outer loop
      vertex 28.5213 102 118.331
      vertex 31.943 102 124.675
      vertex 27.8541 102 118.198
    endloop
  endfacet
  facet normal -0 -1 0
    outer loop
      vertex 29.2 102 118.375
      vertex 32.2657 102 123.818
      vertex 28.5213 102 118.331
    endloop
  endfacet
  facet normal 0 -1 0
    outer loop
      vertex 29.8787 102 118.331
      vertex 32.6438 102 122.983
      vertex 29.2 102 118.375
    endloop
  endfacet
  facet normal 0 -1 -0
    outer loop
      vertex 32.6438 102 122.983
      vertex 29.8787 102 118.331
      vertex 33.0756 102 122.175
    endloop
  endfacet
  facet normal 0 -1 -0
    outer loop
      vertex 33.0756 102 122.175
      vertex 30.5459 102 118.198
      vertex 33.5594 102 121.397
    endloop
  endfacet
  facet normal 0 -1 -0
    outer loop
      vertex 33.5594 102 121.397
      vertex 31.19 102 117.979
      vertex 34.0931 102 120.652
    endloop
  endfacet
  facet normal 0 -1 0
    outer loop
      vertex 31.19 102 117.979
      vertex 33.5594 102 121.397
      vertex 30.5459 102 118.198
    endloop
  endfacet
  facet normal 0 -1 0
    outer loop
      vertex 30.5459 102 118.198
      vertex 33.0756 102 122.175
      vertex 29.8787 102 118.331
    endloop
  endfacet
  facet normal 0 -1 -0
    outer loop
      vertex 32.2657 102 123.818
      vertex 29.2 102 118.375
      vertex 32.6438 102 122.983
    endloop
  endfacet
  facet normal 0 -1 -0
    outer loop
      vertex 31.943 102 124.675
      vertex 28.5213 102 118.331
      vertex 32.2657 102 123.818
    endloop
  endfacet
  facet normal 0 -1 -0
    outer loop
      vertex 31.677 102 125.552
      vertex 27.8541 102 118.198
      vertex 31.943 102 124.675
    endloop
  endfacet
  facet normal -0 -1 0
    outer loop
      vertex 27.21 102 117.979
      vertex 31.469 102 126.444
      vertex 26.6 102 117.678
    endloop
  endfacet
  facet normal -0 -1 0
    outer loop
      vertex 26.6 102 117.678
      vertex 31.23 102 128.26
      vertex 26.0344 102 117.301
    endloop
  endfacet
  facet normal 0 -1 0
    outer loop
      vertex 27.21 102 140.371
      vertex 31.677 102 132.799
      vertex 27.8541 102 140.152
    endloop
  endfacet
  facet normal -0 -1 0
    outer loop
      vertex 31.23 102 130.091
      vertex 26.0344 102 141.05
      vertex 31.2 102 129.175
    endloop
  endfacet
  facet normal 0 -1 0
    outer loop
      vertex 24.3958 102 143.185
      vertex 24.3958 102 115.165
      vertex 24.6967 102 142.575
    endloop
  endfacet
  facet normal 0 -1 0
    outer loop
      vertex -65.2 102 102.575
      vertex 24.1772 102 114.521
      vertex -65.2 102 147.175
    endloop
  endfacet
  facet normal 0 -1 0
    outer loop
      vertex 24.1772 102 114.521
      vertex -65.2 102 102.575
      vertex 24.0445 102 113.854
    endloop
  endfacet
  facet normal 0 -1 0
    outer loop
      vertex 24.0445 102 113.854
      vertex -65.2 102 102.575
      vertex 24 102 113.175
    endloop
  endfacet
  facet normal 0 -1 -0
    outer loop
      vertex 24 102 113.175
      vertex -65.2 102 102.575
      vertex 24.0445 102 112.496
    endloop
  endfacet
  facet normal 0 -1 -0
    outer loop
      vertex 24.0445 102 112.496
      vertex -65.2 102 102.575
      vertex 24.1772 102 111.829
    endloop
  endfacet
  facet normal 0 -1 -0
    outer loop
      vertex 24.1772 102 111.829
      vertex -65.2 102 102.575
      vertex 24.3958 102 111.185
    endloop
  endfacet
  facet normal 0 -1 0
    outer loop
      vertex -65.2 102 85
      vertex 24.3958 102 111.185
      vertex -65.2 102 102.575
    endloop
  endfacet
  facet normal 0 -1 -0
    outer loop
      vertex 24.3958 102 111.185
      vertex -65.2 102 85
      vertex 24.6967 102 110.575
    endloop
  endfacet
  facet normal 0 -1 -0
    outer loop
      vertex 24.6967 102 110.575
      vertex -65.2 102 85
      vertex 25.0746 102 110.01
    endloop
  endfacet
  facet normal 0 -1 0
    outer loop
      vertex -54 102 47
      vertex 25.0746 102 110.01
      vertex -65.2 102 85
    endloop
  endfacet
  facet normal 0 -1 -0
    outer loop
      vertex 25.0746 102 110.01
      vertex -54 102 47
      vertex 25.523 102 109.498
    endloop
  endfacet
  facet normal 0 -1 0
    outer loop
      vertex 27.21 102 108.371
      vertex 54 102 47
      vertex 27.8541 102 108.152
    endloop
  endfacet
  facet normal 0 -1 0
    outer loop
      vertex 26.6 102 108.672
      vertex 54 102 47
      vertex 27.21 102 108.371
    endloop
  endfacet
  facet normal 0 -1 0
    outer loop
      vertex 54 102 47
      vertex 26.6 102 108.672
      vertex -54 102 47
    endloop
  endfacet
  facet normal 0 -1 -0
    outer loop
      vertex 26.0344 102 109.05
      vertex -54 102 47
      vertex 26.6 102 108.672
    endloop
  endfacet
  facet normal 0 -1 -0
    outer loop
      vertex 25.523 102 109.498
      vertex -54 102 47
      vertex 26.0344 102 109.05
    endloop
  endfacet
  facet normal 0 -1 0
    outer loop
      vertex 42.4687 102 142.906
      vertex 33.9992 102 147.175
      vertex 34.0042 102 147.165
    endloop
  endfacet
  facet normal 0 -1 0
    outer loop
      vertex 33.9992 102 147.175
      vertex 45.2 102 143.175
      vertex 56.4008 102 147.175
    endloop
  endfacet
  facet normal 0 -1 0
    outer loop
      vertex 41.5765 102 142.698
      vertex 34.0042 102 147.165
      vertex 34.2228 102 146.521
    endloop
  endfacet
  facet normal 0 -1 0
    outer loop
      vertex 46.1156 102 143.145
      vertex 56.4008 102 147.175
      vertex 45.2 102 143.175
    endloop
  endfacet
  facet normal 0 -1 0
    outer loop
      vertex 40.6998 102 142.432
      vertex 34.2228 102 146.521
      vertex 34.3555 102 145.854
    endloop
  endfacet
  facet normal 0 -1 0
    outer loop
      vertex 47.0274 102 143.055
      vertex 56.4008 102 147.175
      vertex 46.1156 102 143.145
    endloop
  endfacet
  facet normal 0 -1 0
    outer loop
      vertex 39.8424 102 142.109
      vertex 34.3555 102 145.854
      vertex 34.4 102 145.175
    endloop
  endfacet
  facet normal 0 -1 0
    outer loop
      vertex 47.9313 102 142.906
      vertex 56.4008 102 147.175
      vertex 47.0274 102 143.055
    endloop
  endfacet
  facet normal 0 -1 0
    outer loop
      vertex 39.008 102 141.731
      vertex 34.4 102 145.175
      vertex 34.3555 102 144.496
    endloop
  endfacet
  facet normal 0 -1 0
    outer loop
      vertex 56.4008 102 147.175
      vertex 47.9313 102 142.906
      vertex 56.3958 102 147.165
    endloop
  endfacet
  facet normal 0 -1 0
    outer loop
      vertex 38.2 102 141.299
      vertex 34.3555 102 144.496
      vertex 34.2228 102 143.829
    endloop
  endfacet
  facet normal 0 -1 0
    outer loop
      vertex 48.8235 102 142.698
      vertex 56.3958 102 147.165
      vertex 47.9313 102 142.906
    endloop
  endfacet
  facet normal 0 -1 0
    outer loop
      vertex 37.422 102 140.816
      vertex 34.2228 102 143.829
      vertex 34.0042 102 143.185
    endloop
  endfacet
  facet normal 0 -1 0
    outer loop
      vertex 56.3958 102 147.165
      vertex 48.8235 102 142.698
      vertex 56.1772 102 146.521
    endloop
  endfacet
  facet normal 0 -1 0
    outer loop
      vertex 49.7002 102 142.432
      vertex 56.1772 102 146.521
      vertex 48.8235 102 142.698
    endloop
  endfacet
  facet normal 0 -1 0
    outer loop
      vertex 33.9992 102 147.175
      vertex 44.2844 102 143.145
      vertex 45.2 102 143.175
    endloop
  endfacet
  facet normal 0 -1 0
    outer loop
      vertex 33.9992 102 147.175
      vertex 43.3726 102 143.055
      vertex 44.2844 102 143.145
    endloop
  endfacet
  facet normal 0 -1 0
    outer loop
      vertex 33.9992 102 147.175
      vertex 42.4687 102 142.906
      vertex 43.3726 102 143.055
    endloop
  endfacet
  facet normal 0 -1 0
    outer loop
      vertex 34.0042 102 147.165
      vertex 41.5765 102 142.698
      vertex 42.4687 102 142.906
    endloop
  endfacet
  facet normal 0 -1 0
    outer loop
      vertex 36.6773 102 140.282
      vertex 34.0042 102 143.185
      vertex 33.7033 102 142.575
    endloop
  endfacet
  facet normal 0 -1 0
    outer loop
      vertex 34.2228 102 146.521
      vertex 40.6998 102 142.432
      vertex 41.5765 102 142.698
    endloop
  endfacet
  facet normal 0 -1 0
    outer loop
      vertex 34.3555 102 145.854
      vertex 39.8424 102 142.109
      vertex 40.6998 102 142.432
    endloop
  endfacet
  facet normal 0 -1 0
    outer loop
      vertex 35.9692 102 139.701
      vertex 33.7033 102 142.575
      vertex 33.3254 102 142.01
    endloop
  endfacet
  facet normal 0 -1 0
    outer loop
      vertex 34.4 102 145.175
      vertex 39.008 102 141.731
      vertex 39.8424 102 142.109
    endloop
  endfacet
  facet normal 0 -1 0
    outer loop
      vertex 35.3005 102 139.075
      vertex 33.3254 102 142.01
      vertex 32.877 102 141.498
    endloop
  endfacet
  facet normal 0 -1 0
    outer loop
      vertex 34.3555 102 144.496
      vertex 38.2 102 141.299
      vertex 39.008 102 141.731
    endloop
  endfacet
  facet normal 0 -1 0
    outer loop
      vertex 35.3005 102 139.075
      vertex 32.877 102 141.498
      vertex 32.3656 102 141.05
    endloop
  endfacet
  facet normal 0 -1 0
    outer loop
      vertex 34.2228 102 143.829
      vertex 37.422 102 140.816
      vertex 38.2 102 141.299
    endloop
  endfacet
  facet normal 0 -1 0
    outer loop
      vertex 35.3005 102 139.075
      vertex 32.3656 102 141.05
      vertex 31.8 102 140.672
    endloop
  endfacet
  facet normal 0 -1 0
    outer loop
      vertex 35.3005 102 139.075
      vertex 31.8 102 140.672
      vertex 31.19 102 140.371
    endloop
  endfacet
  facet normal 0 -1 0
    outer loop
      vertex 34.0042 102 143.185
      vertex 36.6773 102 140.282
      vertex 37.422 102 140.816
    endloop
  endfacet
  facet normal 0 -1 0
    outer loop
      vertex 35.3005 102 139.075
      vertex 31.19 102 140.371
      vertex 30.5459 102 140.152
    endloop
  endfacet
  facet normal 0 -1 0
    outer loop
      vertex 35.3005 102 139.075
      vertex 30.5459 102 140.152
      vertex 29.8787 102 140.02
    endloop
  endfacet
  facet normal 0 -1 0
    outer loop
      vertex 32.6438 102 135.367
      vertex 29.8787 102 140.02
      vertex 29.2 102 139.975
    endloop
  endfacet
  facet normal 0 -1 0
    outer loop
      vertex 33.7033 102 142.575
      vertex 35.9692 102 139.701
      vertex 36.6773 102 140.282
    endloop
  endfacet
  facet normal 0 -1 0
    outer loop
      vertex 56.1772 102 146.521
      vertex 49.7002 102 142.432
      vertex 56.0445 102 145.854
    endloop
  endfacet
  facet normal 0 -1 0
    outer loop
      vertex 50.5576 102 142.109
      vertex 56.0445 102 145.854
      vertex 49.7002 102 142.432
    endloop
  endfacet
  facet normal 0 -1 0
    outer loop
      vertex 56.0445 102 145.854
      vertex 50.5576 102 142.109
      vertex 56 102 145.175
    endloop
  endfacet
  facet normal 0 -1 0
    outer loop
      vertex 51.392 102 141.731
      vertex 56 102 145.175
      vertex 50.5576 102 142.109
    endloop
  endfacet
  facet normal 0 -1 -0
    outer loop
      vertex 56 102 145.175
      vertex 51.392 102 141.731
      vertex 56.0445 102 144.496
    endloop
  endfacet
  facet normal 0 -1 0
    outer loop
      vertex 52.2 102 141.299
      vertex 56.0445 102 144.496
      vertex 51.392 102 141.731
    endloop
  endfacet
  facet normal 0 -1 -0
    outer loop
      vertex 56.0445 102 144.496
      vertex 52.2 102 141.299
      vertex 56.1772 102 143.829
    endloop
  endfacet
  facet normal 0 -1 0
    outer loop
      vertex 52.978 102 140.816
      vertex 56.1772 102 143.829
      vertex 52.2 102 141.299
    endloop
  endfacet
  facet normal 0 -1 -0
    outer loop
      vertex 56.1772 102 143.829
      vertex 52.978 102 140.816
      vertex 56.3958 102 143.185
    endloop
  endfacet
  facet normal 0 -1 0
    outer loop
      vertex 53.7227 102 140.282
      vertex 56.3958 102 143.185
      vertex 52.978 102 140.816
    endloop
  endfacet
  facet normal 0 -1 -0
    outer loop
      vertex 56.3958 102 143.185
      vertex 53.7227 102 140.282
      vertex 56.6967 102 142.575
    endloop
  endfacet
  facet normal 0 -1 0
    outer loop
      vertex 54.4308 102 139.701
      vertex 56.6967 102 142.575
      vertex 53.7227 102 140.282
    endloop
  endfacet
  facet normal 0 -1 -0
    outer loop
      vertex 56.6967 102 142.575
      vertex 54.4308 102 139.701
      vertex 57.0746 102 142.01
    endloop
  endfacet
  facet normal 0 -1 0
    outer loop
      vertex 55.0995 102 139.075
      vertex 57.0746 102 142.01
      vertex 54.4308 102 139.701
    endloop
  endfacet
  facet normal 0 -1 -0
    outer loop
      vertex 57.0746 102 142.01
      vertex 55.0995 102 139.075
      vertex 57.523 102 141.498
    endloop
  endfacet
  facet normal 0 -1 -0
    outer loop
      vertex 57.523 102 141.498
      vertex 55.0995 102 139.075
      vertex 58.0344 102 141.05
    endloop
  endfacet
  facet normal 0 -1 0
    outer loop
      vertex 55.7258 102 138.406
      vertex 58.0344 102 141.05
      vertex 55.0995 102 139.075
    endloop
  endfacet
  facet normal 0 -1 -0
    outer loop
      vertex 58.0344 102 141.05
      vertex 55.7258 102 138.406
      vertex 58.6 102 140.672
    endloop
  endfacet
  facet normal 0 -1 0
    outer loop
      vertex 56.3069 102 137.698
      vertex 58.6 102 140.672
      vertex 55.7258 102 138.406
    endloop
  endfacet
  facet normal 0 -1 -0
    outer loop
      vertex 58.6 102 140.672
      vertex 56.3069 102 137.698
      vertex 59.21 102 140.371
    endloop
  endfacet
  facet normal 0 -1 0
    outer loop
      vertex 56.8406 102 136.953
      vertex 59.21 102 140.371
      vertex 56.3069 102 137.698
    endloop
  endfacet
  facet normal 0 -1 -0
    outer loop
      vertex 59.21 102 140.371
      vertex 56.8406 102 136.953
      vertex 59.8541 102 140.152
    endloop
  endfacet
  facet normal 0 -1 0
    outer loop
      vertex 57.3244 102 136.175
      vertex 59.8541 102 140.152
      vertex 56.8406 102 136.953
    endloop
  endfacet
  facet normal 0 -1 -0
    outer loop
      vertex 59.8541 102 140.152
      vertex 57.3244 102 136.175
      vertex 60.5213 102 140.02
    endloop
  endfacet
  facet normal 0 -1 0
    outer loop
      vertex 57.7562 102 135.367
      vertex 60.5213 102 140.02
      vertex 57.3244 102 136.175
    endloop
  endfacet
  facet normal 0 -1 -0
    outer loop
      vertex 60.5213 102 140.02
      vertex 57.7562 102 135.367
      vertex 61.2 102 139.975
    endloop
  endfacet
  facet normal 0 -1 0
    outer loop
      vertex 58.1343 102 134.533
      vertex 61.2 102 139.975
      vertex 57.7562 102 135.367
    endloop
  endfacet
  facet normal 0 -1 -0
    outer loop
      vertex 61.2 102 139.975
      vertex 58.1343 102 134.533
      vertex 61.8787 102 140.02
    endloop
  endfacet
  facet normal 0 -1 0
    outer loop
      vertex 58.457 102 133.675
      vertex 61.8787 102 140.02
      vertex 58.1343 102 134.533
    endloop
  endfacet
  facet normal 0 -1 -0
    outer loop
      vertex 61.8787 102 140.02
      vertex 58.457 102 133.675
      vertex 62.5459 102 140.152
    endloop
  endfacet
  facet normal 0 -1 0
    outer loop
      vertex 58.723 102 132.799
      vertex 62.5459 102 140.152
      vertex 58.457 102 133.675
    endloop
  endfacet
  facet normal 0 -1 -0
    outer loop
      vertex 62.5459 102 140.152
      vertex 58.723 102 132.799
      vertex 63.19 102 140.371
    endloop
  endfacet
  facet normal 0 -1 0
    outer loop
      vertex 58.931 102 131.906
      vertex 63.19 102 140.371
      vertex 58.723 102 132.799
    endloop
  endfacet
  facet normal 0 -1 -0
    outer loop
      vertex 63.19 102 140.371
      vertex 58.931 102 131.906
      vertex 63.8 102 140.672
    endloop
  endfacet
  facet normal 0 -1 0
    outer loop
      vertex 59.0802 102 131.003
      vertex 63.8 102 140.672
      vertex 58.931 102 131.906
    endloop
  endfacet
  facet normal 0 -1 0
    outer loop
      vertex 59.17 102 130.091
      vertex 63.8 102 140.672
      vertex 59.0802 102 131.003
    endloop
  endfacet
  facet normal 0 -1 -0
    outer loop
      vertex 63.8 102 140.672
      vertex 59.17 102 130.091
      vertex 64.3656 102 141.05
    endloop
  endfacet
  facet normal 0 -1 0
    outer loop
      vertex 59.2 102 129.175
      vertex 64.3656 102 141.05
      vertex 59.17 102 130.091
    endloop
  endfacet
  facet normal 0 -1 -0
    outer loop
      vertex 64.3656 102 141.05
      vertex 59.2 102 129.175
      vertex 64.877 102 141.498
    endloop
  endfacet
  facet normal 0 -1 0
    outer loop
      vertex 64.877 102 116.852
      vertex 64.877 102 141.498
      vertex 59.2 102 129.175
    endloop
  endfacet
  facet normal 0 -1 0
    outer loop
      vertex 64.3656 102 117.301
      vertex 59.2 102 129.175
      vertex 59.17 102 128.26
    endloop
  endfacet
  facet normal 0 -1 0
    outer loop
      vertex 63.8 102 117.678
      vertex 59.17 102 128.26
      vertex 59.0802 102 127.348
    endloop
  endfacet
  facet normal 0 -1 0
    outer loop
      vertex 63.8 102 117.678
      vertex 59.0802 102 127.348
      vertex 58.931 102 126.444
    endloop
  endfacet
  facet normal 0 -1 0
    outer loop
      vertex 63.19 102 117.979
      vertex 58.931 102 126.444
      vertex 58.723 102 125.552
    endloop
  endfacet
  facet normal 0 -1 0
    outer loop
      vertex 62.5459 102 118.198
      vertex 58.723 102 125.552
      vertex 58.457 102 124.675
    endloop
  endfacet
  facet normal 0 -1 0
    outer loop
      vertex 61.8787 102 118.331
      vertex 58.457 102 124.675
      vertex 58.1343 102 123.818
    endloop
  endfacet
  facet normal 0 -1 0
    outer loop
      vertex 57.0746 102 116.341
      vertex 55.0995 102 119.276
      vertex 54.4308 102 118.649
    endloop
  endfacet
  facet normal 0 -1 0
    outer loop
      vertex 60.5213 102 118.331
      vertex 55.7258 102 119.944
      vertex 55.0995 102 119.276
    endloop
  endfacet
  facet normal 0 -1 0
    outer loop
      vertex 60.5213 102 118.331
      vertex 56.3069 102 120.652
      vertex 55.7258 102 119.944
    endloop
  endfacet
  facet normal 0 -1 0
    outer loop
      vertex 60.5213 102 118.331
      vertex 56.8406 102 121.397
      vertex 56.3069 102 120.652
    endloop
  endfacet
  facet normal 0 -1 0
    outer loop
      vertex 60.5213 102 118.331
      vertex 57.3244 102 122.175
      vertex 56.8406 102 121.397
    endloop
  endfacet
  facet normal 0 -1 0
    outer loop
      vertex 60.5213 102 118.331
      vertex 57.7562 102 122.983
      vertex 57.3244 102 122.175
    endloop
  endfacet
  facet normal 0 -1 0
    outer loop
      vertex 61.2 102 118.375
      vertex 58.1343 102 123.818
      vertex 57.7562 102 122.983
    endloop
  endfacet
  facet normal 0 -1 0
    outer loop
      vertex 61.8787 102 118.331
      vertex 58.1343 102 123.818
      vertex 61.2 102 118.375
    endloop
  endfacet
  facet normal 0 -1 0
    outer loop
      vertex 58.457 102 124.675
      vertex 61.8787 102 118.331
      vertex 62.5459 102 118.198
    endloop
  endfacet
  facet normal 0 -1 0
    outer loop
      vertex 58.723 102 125.552
      vertex 62.5459 102 118.198
      vertex 63.19 102 117.979
    endloop
  endfacet
  facet normal 0 -1 0
    outer loop
      vertex 58.931 102 126.444
      vertex 63.19 102 117.979
      vertex 63.8 102 117.678
    endloop
  endfacet
  facet normal 0 -1 0
    outer loop
      vertex 59.17 102 128.26
      vertex 63.8 102 117.678
      vertex 64.3656 102 117.301
    endloop
  endfacet
  facet normal 0 -1 0
    outer loop
      vertex 64.877 102 116.852
      vertex 59.2 102 129.175
      vertex 64.3656 102 117.301
    endloop
  endfacet
  facet normal 0 -1 0
    outer loop
      vertex 64.877 102 141.498
      vertex 64.877 102 116.852
      vertex 65.2 102 141.867
    endloop
  endfacet
  facet normal 0 -1 -0
    outer loop
      vertex 65.2 102 141.867
      vertex 64.877 102 116.852
      vertex 65.2 102 116.484
    endloop
  endfacet
  facet normal 0 -1 0
    outer loop
      vertex -65.2 102 85
      vertex -65.2 102 102.575
      vertex -68.2 102 85
    endloop
  endfacet
  facet normal 0 -1 0
    outer loop
      vertex 27.8541 102 108.152
      vertex 54 102 47
      vertex 28.5213 102 108.02
    endloop
  endfacet
  facet normal 0 -1 0
    outer loop
      vertex 29.2 102 107.975
      vertex 54 102 47
      vertex 61.2 102 107.975
    endloop
  endfacet
  facet normal 0 -1 0
    outer loop
      vertex 28.5213 102 108.02
      vertex 54 102 47
      vertex 29.2 102 107.975
    endloop
  endfacet
  facet normal 0 -1 -0
    outer loop
      vertex 61.2 102 107.975
      vertex 54 102 47
      vertex 61.8787 102 108.02
    endloop
  endfacet
  facet normal 0 -1 -0
    outer loop
      vertex 61.8787 102 108.02
      vertex 54 102 47
      vertex 62.5459 102 108.152
    endloop
  endfacet
  facet normal 0 -1 -0
    outer loop
      vertex 62.5459 102 108.152
      vertex 54 102 47
      vertex 63.19 102 108.371
    endloop
  endfacet
  facet normal 0 -1 -0
    outer loop
      vertex 63.19 102 108.371
      vertex 54 102 47
      vertex 63.8 102 108.672
    endloop
  endfacet
  facet normal 0 -1 0
    outer loop
      vertex 61.4445 102 40.4135
      vertex 63.8 102 108.672
      vertex 54 102 47
    endloop
  endfacet
  facet normal 0 -1 -0
    outer loop
      vertex 63.8 102 108.672
      vertex 61.4445 102 40.4135
      vertex 64.3656 102 109.05
    endloop
  endfacet
  facet normal 0 -1 0
    outer loop
      vertex 61.7021 102 40.2021
      vertex 64.3656 102 109.05
      vertex 61.4445 102 40.4135
    endloop
  endfacet
  facet normal 0 -1 0
    outer loop
      vertex 60.8317 102 40.6673
      vertex 54 102 47
      vertex 60.5 102 40.7
    endloop
  endfacet
  facet normal 0 -1 0
    outer loop
      vertex 61.1506 102 40.5706
      vertex 54 102 47
      vertex 60.8317 102 40.6673
    endloop
  endfacet
  facet normal 0 -1 0
    outer loop
      vertex 61.4445 102 40.4135
      vertex 54 102 47
      vertex 61.1506 102 40.5706
    endloop
  endfacet
  facet normal 0 -1 -0
    outer loop
      vertex 64.3656 102 109.05
      vertex 61.7021 102 40.2021
      vertex 64.877 102 109.498
    endloop
  endfacet
  facet normal 0 -1 0
    outer loop
      vertex 61.9135 102 39.9445
      vertex 64.877 102 109.498
      vertex 61.7021 102 40.2021
    endloop
  endfacet
  facet normal 0 -1 -0
    outer loop
      vertex 64.877 102 109.498
      vertex 61.9135 102 39.9445
      vertex 65.2 102 109.867
    endloop
  endfacet
  facet normal 0 -1 0
    outer loop
      vertex 62.0706 102 39.6506
      vertex 65.2 102 109.867
      vertex 61.9135 102 39.9445
    endloop
  endfacet
  facet normal 0 -1 0
    outer loop
      vertex 62.1673 102 39.3317
      vertex 65.2 102 109.867
      vertex 62.0706 102 39.6506
    endloop
  endfacet
  facet normal 0 -1 0
    outer loop
      vertex 62.2 102 39
      vertex 65.2 102 109.867
      vertex 62.1673 102 39.3317
    endloop
  endfacet
  facet normal 0 -1 0
    outer loop
      vertex 60.5 102 12.7
      vertex 60.8317 102 37.3327
      vertex 60.5 102 37.3
    endloop
  endfacet
  facet normal 0 -1 0
    outer loop
      vertex 60.8317 102 12.6673
      vertex 60.8317 102 37.3327
      vertex 60.5 102 12.7
    endloop
  endfacet
  facet normal 0 -1 0
    outer loop
      vertex 60.8317 102 37.3327
      vertex 60.8317 102 12.6673
      vertex 61.1506 102 37.4294
    endloop
  endfacet
  facet normal 0 -1 0
    outer loop
      vertex 61.1506 102 12.5706
      vertex 61.1506 102 37.4294
      vertex 60.8317 102 12.6673
    endloop
  endfacet
  facet normal 0 -1 0
    outer loop
      vertex 61.1506 102 37.4294
      vertex 61.1506 102 12.5706
      vertex 61.4445 102 37.5865
    endloop
  endfacet
  facet normal 0 -1 0
    outer loop
      vertex 61.4445 102 12.4135
      vertex 61.4445 102 37.5865
      vertex 61.1506 102 12.5706
    endloop
  endfacet
  facet normal 0 -1 0
    outer loop
      vertex 61.4445 102 37.5865
      vertex 61.4445 102 12.4135
      vertex 61.7021 102 37.7979
    endloop
  endfacet
  facet normal 0 -1 0
    outer loop
      vertex 61.7021 102 12.2021
      vertex 61.7021 102 37.7979
      vertex 61.4445 102 12.4135
    endloop
  endfacet
  facet normal 0 -1 0
    outer loop
      vertex 61.7021 102 37.7979
      vertex 61.7021 102 12.2021
      vertex 61.9135 102 38.0555
    endloop
  endfacet
  facet normal 0 -1 0
    outer loop
      vertex 61.9135 102 11.9445
      vertex 61.9135 102 38.0555
      vertex 61.7021 102 12.2021
    endloop
  endfacet
  facet normal 0 -1 0
    outer loop
      vertex 61.9135 102 38.0555
      vertex 61.9135 102 11.9445
      vertex 62.0706 102 38.3494
    endloop
  endfacet
  facet normal 0 -1 0
    outer loop
      vertex 62.0706 102 11.6506
      vertex 62.0706 102 38.3494
      vertex 61.9135 102 11.9445
    endloop
  endfacet
  facet normal 0 -1 0
    outer loop
      vertex 62.0706 102 38.3494
      vertex 62.0706 102 11.6506
      vertex 62.1673 102 38.6683
    endloop
  endfacet
  facet normal 0 -1 0
    outer loop
      vertex 62.1673 102 11.3317
      vertex 62.1673 102 38.6683
      vertex 62.0706 102 11.6506
    endloop
  endfacet
  facet normal 0 -1 0
    outer loop
      vertex 65.2 102 3
      vertex 62.1673 102 38.6683
      vertex 62.1673 102 11.3317
    endloop
  endfacet
  facet normal 0 -1 0
    outer loop
      vertex 62.1673 102 38.6683
      vertex 65.2 102 3
      vertex 62.2 102 39
    endloop
  endfacet
  facet normal 0 -1 0
    outer loop
      vertex 65.2 102 3
      vertex 62.1673 102 11.3317
      vertex 62.2 102 11
    endloop
  endfacet
  facet normal 0 -1 0
    outer loop
      vertex 60.1683 102 9.33266
      vertex 65.2 102 3
      vertex 60.5 102 9.3
    endloop
  endfacet
  facet normal 0 -1 0
    outer loop
      vertex 60.5 102 9.3
      vertex 65.2 102 3
      vertex 60.8317 102 9.33266
    endloop
  endfacet
  facet normal 0 -1 0
    outer loop
      vertex 60.8317 102 9.33266
      vertex 65.2 102 3
      vertex 61.1506 102 9.4294
    endloop
  endfacet
  facet normal 0 -1 0
    outer loop
      vertex 61.1506 102 9.4294
      vertex 65.2 102 3
      vertex 61.4445 102 9.5865
    endloop
  endfacet
  facet normal 0 -1 0
    outer loop
      vertex 62.2 102 39
      vertex 65.2 102 3
      vertex 65.2 102 109.867
    endloop
  endfacet
  facet normal 0 -1 0
    outer loop
      vertex 62.1673 102 10.6683
      vertex 65.2 102 3
      vertex 62.2 102 11
    endloop
  endfacet
  facet normal 0 -1 0
    outer loop
      vertex 62.0706 102 10.3494
      vertex 65.2 102 3
      vertex 62.1673 102 10.6683
    endloop
  endfacet
  facet normal 0 -1 0
    outer loop
      vertex 61.9135 102 10.0555
      vertex 65.2 102 3
      vertex 62.0706 102 10.3494
    endloop
  endfacet
  facet normal 0 -1 0
    outer loop
      vertex 61.7021 102 9.79792
      vertex 65.2 102 3
      vertex 61.9135 102 10.0555
    endloop
  endfacet
  facet normal 0 -1 0
    outer loop
      vertex 61.4445 102 9.5865
      vertex 65.2 102 3
      vertex 61.7021 102 9.79792
    endloop
  endfacet
  facet normal 0 -1 0
    outer loop
      vertex 54 102 47
      vertex 60.1683 102 40.6673
      vertex 60.5 102 40.7
    endloop
  endfacet
  facet normal 0 -1 0
    outer loop
      vertex 54 102 47
      vertex 59.8494 102 40.5706
      vertex 60.1683 102 40.6673
    endloop
  endfacet
  facet normal 0 -1 0
    outer loop
      vertex 54 102 47
      vertex 59.5555 102 40.4135
      vertex 59.8494 102 40.5706
    endloop
  endfacet
  facet normal 0 -1 0
    outer loop
      vertex 54 102 47
      vertex 59.2979 102 40.2021
      vertex 59.5555 102 40.4135
    endloop
  endfacet
  facet normal 0 -1 0
    outer loop
      vertex 54 102 47
      vertex 59.0865 102 39.9445
      vertex 59.2979 102 40.2021
    endloop
  endfacet
  facet normal 0 -1 0
    outer loop
      vertex 54 102 47
      vertex 58.9294 102 39.6506
      vertex 59.0865 102 39.9445
    endloop
  endfacet
  facet normal 0 -1 0
    outer loop
      vertex 54 102 47
      vertex 58.8327 102 39.3317
      vertex 58.9294 102 39.6506
    endloop
  endfacet
  facet normal 0 -1 0
    outer loop
      vertex 54 102 47
      vertex 58.8 102 39
      vertex 58.8327 102 39.3317
    endloop
  endfacet
  facet normal 0 -1 0
    outer loop
      vertex 54 102 47
      vertex 58.8327 102 38.6683
      vertex 58.8 102 39
    endloop
  endfacet
  facet normal 0 -1 0
    outer loop
      vertex 54 102 47
      vertex 58.9294 102 38.3494
      vertex 58.8327 102 38.6683
    endloop
  endfacet
  facet normal 0 -1 0
    outer loop
      vertex 58.9294 102 11.6506
      vertex 58.9294 102 38.3494
      vertex 54 102 47
    endloop
  endfacet
  facet normal 0 -1 0
    outer loop
      vertex 60.1683 102 37.3327
      vertex 60.5 102 12.7
      vertex 60.5 102 37.3
    endloop
  endfacet
  facet normal 0 -1 0
    outer loop
      vertex 60.1683 102 12.6673
      vertex 60.1683 102 37.3327
      vertex 59.8494 102 37.4294
    endloop
  endfacet
  facet normal 0 -1 0
    outer loop
      vertex 59.8494 102 12.5706
      vertex 59.8494 102 37.4294
      vertex 59.5555 102 37.5865
    endloop
  endfacet
  facet normal 0 -1 0
    outer loop
      vertex 59.5555 102 12.4135
      vertex 59.5555 102 37.5865
      vertex 59.2979 102 37.7979
    endloop
  endfacet
  facet normal 0 -1 0
    outer loop
      vertex 59.2979 102 12.2021
      vertex 59.2979 102 37.7979
      vertex 59.0865 102 38.0555
    endloop
  endfacet
  facet normal 0 -1 0
    outer loop
      vertex 58.9294 102 38.3494
      vertex 58.9294 102 11.6506
      vertex 59.0865 102 38.0555
    endloop
  endfacet
  facet normal 0 -1 0
    outer loop
      vertex 60.1683 102 37.3327
      vertex 60.1683 102 12.6673
      vertex 60.5 102 12.7
    endloop
  endfacet
  facet normal 0 -1 0
    outer loop
      vertex 59.8494 102 37.4294
      vertex 59.8494 102 12.5706
      vertex 60.1683 102 12.6673
    endloop
  endfacet
  facet normal 0 -1 0
    outer loop
      vertex 59.5555 102 37.5865
      vertex 59.5555 102 12.4135
      vertex 59.8494 102 12.5706
    endloop
  endfacet
  facet normal 0 -1 0
    outer loop
      vertex 59.2979 102 37.7979
      vertex 59.2979 102 12.2021
      vertex 59.5555 102 12.4135
    endloop
  endfacet
  facet normal 0 -1 0
    outer loop
      vertex 59.0865 102 38.0555
      vertex 59.0865 102 11.9445
      vertex 59.2979 102 12.2021
    endloop
  endfacet
  facet normal 0 -1 -0
    outer loop
      vertex 59.0865 102 38.0555
      vertex 58.9294 102 11.6506
      vertex 59.0865 102 11.9445
    endloop
  endfacet
  facet normal 0 -1 0
    outer loop
      vertex 54 102 3
      vertex 58.9294 102 11.6506
      vertex 54 102 47
    endloop
  endfacet
  facet normal 0 -1 0
    outer loop
      vertex 58.9294 102 11.6506
      vertex 54 102 3
      vertex 58.8327 102 11.3317
    endloop
  endfacet
  facet normal 0 -1 0
    outer loop
      vertex 58.8327 102 11.3317
      vertex 54 102 3
      vertex 58.8 102 11
    endloop
  endfacet
  facet normal 0 -1 0
    outer loop
      vertex 65.2 102 3
      vertex 60.1683 102 9.33266
      vertex 54 102 3
    endloop
  endfacet
  facet normal 0 -1 -0
    outer loop
      vertex 59.8494 102 9.4294
      vertex 54 102 3
      vertex 60.1683 102 9.33266
    endloop
  endfacet
  facet normal 0 -1 -0
    outer loop
      vertex 59.5555 102 9.5865
      vertex 54 102 3
      vertex 59.8494 102 9.4294
    endloop
  endfacet
  facet normal 0 -1 -0
    outer loop
      vertex 59.2979 102 9.79792
      vertex 54 102 3
      vertex 59.5555 102 9.5865
    endloop
  endfacet
  facet normal 0 -1 -0
    outer loop
      vertex 59.0865 102 10.0555
      vertex 54 102 3
      vertex 59.2979 102 9.79792
    endloop
  endfacet
  facet normal 0 -1 -0
    outer loop
      vertex 58.9294 102 10.3494
      vertex 54 102 3
      vertex 59.0865 102 10.0555
    endloop
  endfacet
  facet normal 0 -1 -0
    outer loop
      vertex 58.8327 102 10.6683
      vertex 54 102 3
      vertex 58.9294 102 10.3494
    endloop
  endfacet
  facet normal 0 -1 -0
    outer loop
      vertex 58.8 102 11
      vertex 54 102 3
      vertex 58.8327 102 10.6683
    endloop
  endfacet
  facet normal 0 -1 0
    outer loop
      vertex -61.4445 102 40.4135
      vertex -54 102 47
      vertex -65.2 102 85
    endloop
  endfacet
  facet normal 0 -1 0
    outer loop
      vertex -54 102 47
      vertex -60.8317 102 40.6673
      vertex -60.5 102 40.7
    endloop
  endfacet
  facet normal 0 -1 0
    outer loop
      vertex -54 102 47
      vertex -61.1506 102 40.5706
      vertex -60.8317 102 40.6673
    endloop
  endfacet
  facet normal 0 -1 0
    outer loop
      vertex -54 102 47
      vertex -61.4445 102 40.4135
      vertex -61.1506 102 40.5706
    endloop
  endfacet
  facet normal 0 -1 0
    outer loop
      vertex -65.2 102 85
      vertex -61.7021 102 40.2021
      vertex -61.4445 102 40.4135
    endloop
  endfacet
  facet normal 0 -1 0
    outer loop
      vertex -65.2 102 85
      vertex -61.9135 102 39.9445
      vertex -61.7021 102 40.2021
    endloop
  endfacet
  facet normal 0 -1 0
    outer loop
      vertex -65.2 102 85
      vertex -62.0706 102 39.6506
      vertex -61.9135 102 39.9445
    endloop
  endfacet
  facet normal 0 -1 0
    outer loop
      vertex -65.2 102 85
      vertex -62.1673 102 39.3317
      vertex -62.0706 102 39.6506
    endloop
  endfacet
  facet normal 0 -1 0
    outer loop
      vertex -65.2 102 85
      vertex -62.2 102 39
      vertex -62.1673 102 39.3317
    endloop
  endfacet
  facet normal 0 -1 0
    outer loop
      vertex -60.8317 102 37.3327
      vertex -60.5 102 12.7
      vertex -60.5 102 37.3
    endloop
  endfacet
  facet normal 0 -1 0
    outer loop
      vertex -60.8317 102 12.6673
      vertex -60.8317 102 37.3327
      vertex -61.1506 102 37.4294
    endloop
  endfacet
  facet normal 0 -1 0
    outer loop
      vertex -61.1506 102 12.5706
      vertex -61.1506 102 37.4294
      vertex -61.4445 102 37.5865
    endloop
  endfacet
  facet normal 0 -1 0
    outer loop
      vertex -61.4445 102 12.4135
      vertex -61.4445 102 37.5865
      vertex -61.7021 102 37.7979
    endloop
  endfacet
  facet normal 0 -1 0
    outer loop
      vertex -61.7021 102 12.2021
      vertex -61.7021 102 37.7979
      vertex -61.9135 102 38.0555
    endloop
  endfacet
  facet normal 0 -1 0
    outer loop
      vertex -61.9135 102 11.9445
      vertex -61.9135 102 38.0555
      vertex -62.0706 102 38.3494
    endloop
  endfacet
  facet normal 0 -1 0
    outer loop
      vertex -62.0706 102 11.6506
      vertex -62.0706 102 38.3494
      vertex -62.1673 102 38.6683
    endloop
  endfacet
  facet normal 0 -1 0
    outer loop
      vertex -65.2 102 3
      vertex -62.1673 102 38.6683
      vertex -62.2 102 39
    endloop
  endfacet
  facet normal 0 -1 0
    outer loop
      vertex -65.2 102 3
      vertex -62.2 102 39
      vertex -65.2 102 85
    endloop
  endfacet
  facet normal 0 -1 0
    outer loop
      vertex -60.8317 102 37.3327
      vertex -60.8317 102 12.6673
      vertex -60.5 102 12.7
    endloop
  endfacet
  facet normal 0 -1 0
    outer loop
      vertex -61.1506 102 37.4294
      vertex -61.1506 102 12.5706
      vertex -60.8317 102 12.6673
    endloop
  endfacet
  facet normal 0 -1 0
    outer loop
      vertex -61.4445 102 37.5865
      vertex -61.4445 102 12.4135
      vertex -61.1506 102 12.5706
    endloop
  endfacet
  facet normal 0 -1 0
    outer loop
      vertex -61.7021 102 37.7979
      vertex -61.7021 102 12.2021
      vertex -61.4445 102 12.4135
    endloop
  endfacet
  facet normal 0 -1 0
    outer loop
      vertex -61.9135 102 38.0555
      vertex -61.9135 102 11.9445
      vertex -61.7021 102 12.2021
    endloop
  endfacet
  facet normal 0 -1 0
    outer loop
      vertex -62.0706 102 38.3494
      vertex -62.0706 102 11.6506
      vertex -61.9135 102 11.9445
    endloop
  endfacet
  facet normal 0 -1 -0
    outer loop
      vertex -62.1673 102 38.6683
      vertex -65.2 102 3
      vertex -62.1673 102 11.3317
    endloop
  endfacet
  facet normal 0 -1 0
    outer loop
      vertex -62.1673 102 38.6683
      vertex -62.1673 102 11.3317
      vertex -62.0706 102 11.6506
    endloop
  endfacet
  facet normal 0 -1 -0
    outer loop
      vertex -60.8317 102 9.33266
      vertex -65.2 102 3
      vertex -60.5 102 9.3
    endloop
  endfacet
  facet normal 0 -1 -0
    outer loop
      vertex -61.1506 102 9.4294
      vertex -65.2 102 3
      vertex -60.8317 102 9.33266
    endloop
  endfacet
  facet normal 0 -1 -0
    outer loop
      vertex -61.4445 102 9.5865
      vertex -65.2 102 3
      vertex -61.1506 102 9.4294
    endloop
  endfacet
  facet normal 0 -1 -0
    outer loop
      vertex -61.7021 102 9.79792
      vertex -65.2 102 3
      vertex -61.4445 102 9.5865
    endloop
  endfacet
  facet normal 0 -1 -0
    outer loop
      vertex -61.9135 102 10.0555
      vertex -65.2 102 3
      vertex -61.7021 102 9.79792
    endloop
  endfacet
  facet normal 0 -1 -0
    outer loop
      vertex -62.0706 102 10.3494
      vertex -65.2 102 3
      vertex -61.9135 102 10.0555
    endloop
  endfacet
  facet normal 0 -1 -0
    outer loop
      vertex -62.1673 102 10.6683
      vertex -65.2 102 3
      vertex -62.0706 102 10.3494
    endloop
  endfacet
  facet normal 0 -1 -0
    outer loop
      vertex -62.2 102 11
      vertex -65.2 102 3
      vertex -62.1673 102 10.6683
    endloop
  endfacet
  facet normal 0 -1 0
    outer loop
      vertex -62.1673 102 11.3317
      vertex -65.2 102 3
      vertex -62.2 102 11
    endloop
  endfacet
  facet normal 0 -1 0
    outer loop
      vertex -60.1683 102 40.6673
      vertex -54 102 47
      vertex -60.5 102 40.7
    endloop
  endfacet
  facet normal 0 -1 0
    outer loop
      vertex -59.8494 102 40.5706
      vertex -54 102 47
      vertex -60.1683 102 40.6673
    endloop
  endfacet
  facet normal 0 -1 0
    outer loop
      vertex -59.5555 102 40.4135
      vertex -54 102 47
      vertex -59.8494 102 40.5706
    endloop
  endfacet
  facet normal 0 -1 0
    outer loop
      vertex -59.2979 102 40.2021
      vertex -54 102 47
      vertex -59.5555 102 40.4135
    endloop
  endfacet
  facet normal 0 -1 0
    outer loop
      vertex -59.0865 102 39.9445
      vertex -54 102 47
      vertex -59.2979 102 40.2021
    endloop
  endfacet
  facet normal 0 -1 0
    outer loop
      vertex -58.9294 102 39.6506
      vertex -54 102 47
      vertex -59.0865 102 39.9445
    endloop
  endfacet
  facet normal 0 -1 0
    outer loop
      vertex -58.8327 102 39.3317
      vertex -54 102 47
      vertex -58.9294 102 39.6506
    endloop
  endfacet
  facet normal 0 -1 0
    outer loop
      vertex -58.8 102 39
      vertex -54 102 47
      vertex -58.8327 102 39.3317
    endloop
  endfacet
  facet normal 0 -1 0
    outer loop
      vertex -58.8327 102 38.6683
      vertex -54 102 47
      vertex -58.8 102 39
    endloop
  endfacet
  facet normal 0 -1 0
    outer loop
      vertex -58.9294 102 38.3494
      vertex -54 102 47
      vertex -58.8327 102 38.6683
    endloop
  endfacet
  facet normal 0 -1 0
    outer loop
      vertex -58.9294 102 11.6506
      vertex -58.9294 102 38.3494
      vertex -59.0865 102 38.0555
    endloop
  endfacet
  facet normal 0 -1 0
    outer loop
      vertex -60.5 102 12.7
      vertex -60.1683 102 37.3327
      vertex -60.5 102 37.3
    endloop
  endfacet
  facet normal 0 -1 0
    outer loop
      vertex -60.1683 102 12.6673
      vertex -60.1683 102 37.3327
      vertex -60.5 102 12.7
    endloop
  endfacet
  facet normal 0 -1 0
    outer loop
      vertex -60.1683 102 37.3327
      vertex -60.1683 102 12.6673
      vertex -59.8494 102 37.4294
    endloop
  endfacet
  facet normal 0 -1 0
    outer loop
      vertex -59.8494 102 12.5706
      vertex -59.8494 102 37.4294
      vertex -60.1683 102 12.6673
    endloop
  endfacet
  facet normal 0 -1 0
    outer loop
      vertex -59.8494 102 37.4294
      vertex -59.8494 102 12.5706
      vertex -59.5555 102 37.5865
    endloop
  endfacet
  facet normal 0 -1 0
    outer loop
      vertex -59.5555 102 12.4135
      vertex -59.5555 102 37.5865
      vertex -59.8494 102 12.5706
    endloop
  endfacet
  facet normal 0 -1 0
    outer loop
      vertex -59.5555 102 37.5865
      vertex -59.5555 102 12.4135
      vertex -59.2979 102 37.7979
    endloop
  endfacet
  facet normal 0 -1 0
    outer loop
      vertex -59.2979 102 12.2021
      vertex -59.2979 102 37.7979
      vertex -59.5555 102 12.4135
    endloop
  endfacet
  facet normal 0 -1 0
    outer loop
      vertex -59.2979 102 37.7979
      vertex -59.2979 102 12.2021
      vertex -59.0865 102 38.0555
    endloop
  endfacet
  facet normal 0 -1 0
    outer loop
      vertex -59.0865 102 11.9445
      vertex -59.0865 102 38.0555
      vertex -59.2979 102 12.2021
    endloop
  endfacet
  facet normal 0 -1 0
    outer loop
      vertex -58.9294 102 11.6506
      vertex -59.0865 102 38.0555
      vertex -59.0865 102 11.9445
    endloop
  endfacet
  facet normal 0 -1 0
    outer loop
      vertex -58.9294 102 38.3494
      vertex -58.9294 102 11.6506
      vertex -54 102 47
    endloop
  endfacet
  facet normal 0 -1 0
    outer loop
      vertex -54 102 3
      vertex -58.9294 102 11.6506
      vertex -58.8327 102 11.3317
    endloop
  endfacet
  facet normal 0 -1 0
    outer loop
      vertex -54 102 3
      vertex -58.8327 102 11.3317
      vertex -58.8 102 11
    endloop
  endfacet
  facet normal 0 -1 0
    outer loop
      vertex -54 102 3
      vertex -58.8 102 11
      vertex -58.8327 102 10.6683
    endloop
  endfacet
  facet normal 0 -1 0
    outer loop
      vertex -65.2 102 3
      vertex -60.1683 102 9.33266
      vertex -60.5 102 9.3
    endloop
  endfacet
  facet normal 0 -1 0
    outer loop
      vertex -54 102 3
      vertex -60.1683 102 9.33266
      vertex -65.2 102 3
    endloop
  endfacet
  facet normal 0 -1 0
    outer loop
      vertex -60.1683 102 9.33266
      vertex -54 102 3
      vertex -59.8494 102 9.4294
    endloop
  endfacet
  facet normal 0 -1 0
    outer loop
      vertex -59.8494 102 9.4294
      vertex -54 102 3
      vertex -59.5555 102 9.5865
    endloop
  endfacet
  facet normal 0 -1 0
    outer loop
      vertex -58.9294 102 11.6506
      vertex -54 102 3
      vertex -54 102 47
    endloop
  endfacet
  facet normal 0 -1 0
    outer loop
      vertex -58.9294 102 10.3494
      vertex -54 102 3
      vertex -58.8327 102 10.6683
    endloop
  endfacet
  facet normal 0 -1 0
    outer loop
      vertex -59.0865 102 10.0555
      vertex -54 102 3
      vertex -58.9294 102 10.3494
    endloop
  endfacet
  facet normal 0 -1 0
    outer loop
      vertex -59.2979 102 9.79792
      vertex -54 102 3
      vertex -59.0865 102 10.0555
    endloop
  endfacet
  facet normal 0 -1 0
    outer loop
      vertex -59.5555 102 9.5865
      vertex -54 102 3
      vertex -59.2979 102 9.79792
    endloop
  endfacet
  facet normal 0 -1 0
    outer loop
      vertex 57.7562 102 122.983
      vertex 60.5213 102 118.331
      vertex 61.2 102 118.375
    endloop
  endfacet
  facet normal 0 -1 0
    outer loop
      vertex 55.0995 102 119.276
      vertex 59.8541 102 118.198
      vertex 60.5213 102 118.331
    endloop
  endfacet
  facet normal 0 -1 0
    outer loop
      vertex 56.6967 102 115.775
      vertex 54.4308 102 118.649
      vertex 53.7227 102 118.068
    endloop
  endfacet
  facet normal 0 -1 0
    outer loop
      vertex 55.0995 102 119.276
      vertex 59.21 102 117.979
      vertex 59.8541 102 118.198
    endloop
  endfacet
  facet normal 0 -1 0
    outer loop
      vertex 55.0995 102 119.276
      vertex 58.6 102 117.678
      vertex 59.21 102 117.979
    endloop
  endfacet
  facet normal 0 -1 0
    outer loop
      vertex 56.3958 102 115.165
      vertex 53.7227 102 118.068
      vertex 52.978 102 117.535
    endloop
  endfacet
  facet normal 0 -1 0
    outer loop
      vertex 55.0995 102 119.276
      vertex 58.0344 102 117.301
      vertex 58.6 102 117.678
    endloop
  endfacet
  facet normal 0 -1 0
    outer loop
      vertex 56.1772 102 114.521
      vertex 52.978 102 117.535
      vertex 52.2 102 117.051
    endloop
  endfacet
  facet normal 0 -1 0
    outer loop
      vertex 55.0995 102 119.276
      vertex 57.523 102 116.852
      vertex 58.0344 102 117.301
    endloop
  endfacet
  facet normal 0 -1 0
    outer loop
      vertex 56.0445 102 113.854
      vertex 52.2 102 117.051
      vertex 51.392 102 116.619
    endloop
  endfacet
  facet normal 0 -1 0
    outer loop
      vertex 55.0995 102 119.276
      vertex 57.0746 102 116.341
      vertex 57.523 102 116.852
    endloop
  endfacet
  facet normal 0 -1 0
    outer loop
      vertex 56 102 113.175
      vertex 51.392 102 116.619
      vertex 50.5576 102 116.241
    endloop
  endfacet
  facet normal 0 -1 0
    outer loop
      vertex 56.0445 102 112.496
      vertex 50.5576 102 116.241
      vertex 49.7002 102 115.918
    endloop
  endfacet
  facet normal 0 -1 0
    outer loop
      vertex 54.4308 102 118.649
      vertex 56.6967 102 115.775
      vertex 57.0746 102 116.341
    endloop
  endfacet
  facet normal 0 -1 0
    outer loop
      vertex 56.1772 102 111.829
      vertex 49.7002 102 115.918
      vertex 48.8235 102 115.652
    endloop
  endfacet
  facet normal 0 -1 0
    outer loop
      vertex 56.3958 102 111.185
      vertex 48.8235 102 115.652
      vertex 47.9313 102 115.444
    endloop
  endfacet
  facet normal 0 -1 0
    outer loop
      vertex 56.6967 102 110.575
      vertex 47.9313 102 115.444
      vertex 47.0274 102 115.295
    endloop
  endfacet
  facet normal 0 -1 0
    outer loop
      vertex 56.6967 102 110.575
      vertex 47.0274 102 115.295
      vertex 46.1156 102 115.205
    endloop
  endfacet
  facet normal 0 -1 0
    outer loop
      vertex 53.7227 102 118.068
      vertex 56.3958 102 115.165
      vertex 56.6967 102 115.775
    endloop
  endfacet
  facet normal 0 -1 0
    outer loop
      vertex 57.0746 102 110.01
      vertex 46.1156 102 115.205
      vertex 45.2 102 115.175
    endloop
  endfacet
  facet normal 0 -1 -0
    outer loop
      vertex 40.6998 102 115.918
      vertex 34.2228 102 111.829
      vertex 41.5765 102 115.652
    endloop
  endfacet
  facet normal 0 -1 0
    outer loop
      vertex 34.0042 102 111.185
      vertex 41.5765 102 115.652
      vertex 34.2228 102 111.829
    endloop
  endfacet
  facet normal 0 -1 0
    outer loop
      vertex 52.978 102 117.535
      vertex 56.1772 102 114.521
      vertex 56.3958 102 115.165
    endloop
  endfacet
  facet normal 0 -1 -0
    outer loop
      vertex 41.5765 102 115.652
      vertex 34.0042 102 111.185
      vertex 42.4687 102 115.444
    endloop
  endfacet
  facet normal 0 -1 0
    outer loop
      vertex 52.2 102 117.051
      vertex 56.0445 102 113.854
      vertex 56.1772 102 114.521
    endloop
  endfacet
  facet normal 0 -1 0
    outer loop
      vertex 33.7033 102 110.575
      vertex 42.4687 102 115.444
      vertex 34.0042 102 111.185
    endloop
  endfacet
  facet normal 0 -1 0
    outer loop
      vertex 51.392 102 116.619
      vertex 56 102 113.175
      vertex 56.0445 102 113.854
    endloop
  endfacet
  facet normal 0 -1 -0
    outer loop
      vertex 42.4687 102 115.444
      vertex 33.7033 102 110.575
      vertex 43.3726 102 115.295
    endloop
  endfacet
  facet normal 0 -1 0
    outer loop
      vertex 50.5576 102 116.241
      vertex 56.0445 102 112.496
      vertex 56 102 113.175
    endloop
  endfacet
  facet normal 0 -1 -0
    outer loop
      vertex 43.3726 102 115.295
      vertex 33.7033 102 110.575
      vertex 44.2844 102 115.205
    endloop
  endfacet
  facet normal 0 -1 0
    outer loop
      vertex 49.7002 102 115.918
      vertex 56.1772 102 111.829
      vertex 56.0445 102 112.496
    endloop
  endfacet
  facet normal 0 -1 0
    outer loop
      vertex 33.3254 102 110.01
      vertex 44.2844 102 115.205
      vertex 33.7033 102 110.575
    endloop
  endfacet
  facet normal 0 -1 0
    outer loop
      vertex 48.8235 102 115.652
      vertex 56.3958 102 111.185
      vertex 56.1772 102 111.829
    endloop
  endfacet
  facet normal 0 -1 -0
    outer loop
      vertex 44.2844 102 115.205
      vertex 33.3254 102 110.01
      vertex 45.2 102 115.175
    endloop
  endfacet
  facet normal 0 -1 0
    outer loop
      vertex 47.9313 102 115.444
      vertex 56.6967 102 110.575
      vertex 56.3958 102 111.185
    endloop
  endfacet
  facet normal 0 -1 0
    outer loop
      vertex 57.0746 102 110.01
      vertex 45.2 102 115.175
      vertex 33.3254 102 110.01
    endloop
  endfacet
  facet normal 0 -1 0
    outer loop
      vertex 46.1156 102 115.205
      vertex 57.0746 102 110.01
      vertex 56.6967 102 110.575
    endloop
  endfacet
  facet normal 0 -1 0
    outer loop
      vertex 32.877 102 109.498
      vertex 57.0746 102 110.01
      vertex 33.3254 102 110.01
    endloop
  endfacet
  facet normal 0 -1 0
    outer loop
      vertex 32.877 102 109.498
      vertex 57.523 102 109.498
      vertex 57.0746 102 110.01
    endloop
  endfacet
  facet normal 0 -1 0
    outer loop
      vertex 32.3656 102 109.05
      vertex 57.523 102 109.498
      vertex 32.877 102 109.498
    endloop
  endfacet
  facet normal 0 -1 0
    outer loop
      vertex 32.3656 102 109.05
      vertex 58.0344 102 109.05
      vertex 57.523 102 109.498
    endloop
  endfacet
  facet normal 0 -1 0
    outer loop
      vertex 31.8 102 108.672
      vertex 58.0344 102 109.05
      vertex 32.3656 102 109.05
    endloop
  endfacet
  facet normal 0 -1 0
    outer loop
      vertex 31.8 102 108.672
      vertex 58.6 102 108.672
      vertex 58.0344 102 109.05
    endloop
  endfacet
  facet normal 0 -1 0
    outer loop
      vertex 31.19 102 108.371
      vertex 58.6 102 108.672
      vertex 31.8 102 108.672
    endloop
  endfacet
  facet normal 0 -1 0
    outer loop
      vertex 31.19 102 108.371
      vertex 59.21 102 108.371
      vertex 58.6 102 108.672
    endloop
  endfacet
  facet normal 0 -1 0
    outer loop
      vertex 30.5459 102 108.152
      vertex 59.21 102 108.371
      vertex 31.19 102 108.371
    endloop
  endfacet
  facet normal 0 -1 0
    outer loop
      vertex 30.5459 102 108.152
      vertex 59.8541 102 108.152
      vertex 59.21 102 108.371
    endloop
  endfacet
  facet normal 0 -1 0
    outer loop
      vertex 29.8787 102 108.02
      vertex 59.8541 102 108.152
      vertex 30.5459 102 108.152
    endloop
  endfacet
  facet normal 0 -1 0
    outer loop
      vertex 29.8787 102 108.02
      vertex 60.5213 102 108.02
      vertex 59.8541 102 108.152
    endloop
  endfacet
  facet normal 0 -1 0
    outer loop
      vertex 29.2 102 107.975
      vertex 60.5213 102 108.02
      vertex 29.8787 102 108.02
    endloop
  endfacet
  facet normal 0 -1 -0
    outer loop
      vertex 60.5213 102 108.02
      vertex 29.2 102 107.975
      vertex 61.2 102 107.975
    endloop
  endfacet
  facet normal 0 -1 0
    outer loop
      vertex 31.8 102 117.678
      vertex 34.0931 102 120.652
      vertex 31.19 102 117.979
    endloop
  endfacet
  facet normal 0 -1 -0
    outer loop
      vertex 34.0931 102 120.652
      vertex 31.8 102 117.678
      vertex 34.6742 102 119.944
    endloop
  endfacet
  facet normal 0 -1 0
    outer loop
      vertex 32.3656 102 117.301
      vertex 34.6742 102 119.944
      vertex 31.8 102 117.678
    endloop
  endfacet
  facet normal 0 -1 -0
    outer loop
      vertex 34.6742 102 119.944
      vertex 32.3656 102 117.301
      vertex 35.3005 102 119.276
    endloop
  endfacet
  facet normal 0 -1 0
    outer loop
      vertex 32.877 102 116.852
      vertex 35.3005 102 119.276
      vertex 32.3656 102 117.301
    endloop
  endfacet
  facet normal 0 -1 0
    outer loop
      vertex 33.3254 102 116.341
      vertex 35.3005 102 119.276
      vertex 32.877 102 116.852
    endloop
  endfacet
  facet normal 0 -1 -0
    outer loop
      vertex 35.3005 102 119.276
      vertex 33.3254 102 116.341
      vertex 35.9692 102 118.649
    endloop
  endfacet
  facet normal 0 -1 0
    outer loop
      vertex 33.7033 102 115.775
      vertex 35.9692 102 118.649
      vertex 33.3254 102 116.341
    endloop
  endfacet
  facet normal 0 -1 -0
    outer loop
      vertex 35.9692 102 118.649
      vertex 33.7033 102 115.775
      vertex 36.6773 102 118.068
    endloop
  endfacet
  facet normal 0 -1 0
    outer loop
      vertex 34.0042 102 115.165
      vertex 36.6773 102 118.068
      vertex 33.7033 102 115.775
    endloop
  endfacet
  facet normal 0 -1 -0
    outer loop
      vertex 36.6773 102 118.068
      vertex 34.0042 102 115.165
      vertex 37.422 102 117.535
    endloop
  endfacet
  facet normal 0 -1 0
    outer loop
      vertex 34.2228 102 114.521
      vertex 37.422 102 117.535
      vertex 34.0042 102 115.165
    endloop
  endfacet
  facet normal 0 -1 -0
    outer loop
      vertex 37.422 102 117.535
      vertex 34.2228 102 114.521
      vertex 38.2 102 117.051
    endloop
  endfacet
  facet normal 0 -1 0
    outer loop
      vertex 34.3555 102 113.854
      vertex 38.2 102 117.051
      vertex 34.2228 102 114.521
    endloop
  endfacet
  facet normal 0 -1 -0
    outer loop
      vertex 38.2 102 117.051
      vertex 34.3555 102 113.854
      vertex 39.008 102 116.619
    endloop
  endfacet
  facet normal 0 -1 0
    outer loop
      vertex 34.4 102 113.175
      vertex 39.008 102 116.619
      vertex 34.3555 102 113.854
    endloop
  endfacet
  facet normal 0 -1 -0
    outer loop
      vertex 39.008 102 116.619
      vertex 34.4 102 113.175
      vertex 39.8424 102 116.241
    endloop
  endfacet
  facet normal 0 -1 0
    outer loop
      vertex 34.3555 102 112.496
      vertex 39.8424 102 116.241
      vertex 34.4 102 113.175
    endloop
  endfacet
  facet normal 0 -1 0
    outer loop
      vertex 34.2228 102 111.829
      vertex 40.6998 102 115.918
      vertex 34.3555 102 112.496
    endloop
  endfacet
  facet normal 0 -1 -0
    outer loop
      vertex 39.8424 102 116.241
      vertex 34.3555 102 112.496
      vertex 40.6998 102 115.918
    endloop
  endfacet
  facet normal 0 -1 0
    outer loop
      vertex 59.2266 102 145.893
      vertex 56.4008 102 147.175
      vertex 56.3958 102 147.165
    endloop
  endfacet
  facet normal 0 -1 0
    outer loop
      vertex 56.4008 102 147.175
      vertex 60.4818 102 147.148
      vertex 60.5812 102 147.175
    endloop
  endfacet
  facet normal 0 -1 0
    outer loop
      vertex 56.4008 102 147.175
      vertex 60.15 102 146.994
      vertex 60.4818 102 147.148
    endloop
  endfacet
  facet normal 0 -1 0
    outer loop
      vertex 56.4008 102 147.175
      vertex 59.8501 102 146.784
      vertex 60.15 102 146.994
    endloop
  endfacet
  facet normal 0 -1 0
    outer loop
      vertex 56.4008 102 147.175
      vertex 59.5913 102 146.525
      vertex 59.8501 102 146.784
    endloop
  endfacet
  facet normal 0 -1 0
    outer loop
      vertex 59.2266 102 145.893
      vertex 56.3958 102 147.165
      vertex 56.1772 102 146.521
    endloop
  endfacet
  facet normal 0 -1 0
    outer loop
      vertex 56.4008 102 147.175
      vertex 59.3813 102 146.225
      vertex 59.5913 102 146.525
    endloop
  endfacet
  facet normal 0 -1 0
    outer loop
      vertex 56.4008 102 147.175
      vertex 59.2266 102 145.893
      vertex 59.3813 102 146.225
    endloop
  endfacet
  facet normal 0 -1 0
    outer loop
      vertex 59.1319 102 145.54
      vertex 56.1772 102 146.521
      vertex 56.0445 102 145.854
    endloop
  endfacet
  facet normal 0 -1 0
    outer loop
      vertex 56.1772 102 146.521
      vertex 59.1319 102 145.54
      vertex 59.2266 102 145.893
    endloop
  endfacet
  facet normal 0 -1 0
    outer loop
      vertex 59.1 102 145.175
      vertex 56.0445 102 145.854
      vertex 56 102 145.175
    endloop
  endfacet
  facet normal 0 -1 0
    outer loop
      vertex 56.0445 102 145.854
      vertex 59.1 102 145.175
      vertex 59.1319 102 145.54
    endloop
  endfacet
  facet normal 0 -1 0
    outer loop
      vertex 56.0445 102 144.496
      vertex 59.1 102 145.175
      vertex 56 102 145.175
    endloop
  endfacet
  facet normal 0 -1 -0
    outer loop
      vertex 59.1 102 145.175
      vertex 56.0445 102 144.496
      vertex 59.1319 102 144.81
    endloop
  endfacet
  facet normal 0 -1 0
    outer loop
      vertex 56.1772 102 143.829
      vertex 59.1319 102 144.81
      vertex 56.0445 102 144.496
    endloop
  endfacet
  facet normal 0 -1 -0
    outer loop
      vertex 59.1319 102 144.81
      vertex 56.1772 102 143.829
      vertex 59.2266 102 144.457
    endloop
  endfacet
  facet normal 0 -1 0
    outer loop
      vertex 56.3958 102 143.185
      vertex 59.2266 102 144.457
      vertex 56.1772 102 143.829
    endloop
  endfacet
  facet normal 0 -1 -0
    outer loop
      vertex 59.2266 102 144.457
      vertex 56.3958 102 143.185
      vertex 59.3813 102 144.125
    endloop
  endfacet
  facet normal 0 -1 0
    outer loop
      vertex 56.6967 102 142.575
      vertex 59.3813 102 144.125
      vertex 56.3958 102 143.185
    endloop
  endfacet
  facet normal 0 -1 0
    outer loop
      vertex 57.0746 102 142.01
      vertex 59.3813 102 144.125
      vertex 56.6967 102 142.575
    endloop
  endfacet
  facet normal 0 -1 -0
    outer loop
      vertex 59.3813 102 144.125
      vertex 57.0746 102 142.01
      vertex 59.5913 102 143.825
    endloop
  endfacet
  facet normal 0 -1 0
    outer loop
      vertex 57.523 102 141.498
      vertex 59.5913 102 143.825
      vertex 57.0746 102 142.01
    endloop
  endfacet
  facet normal 0 -1 -0
    outer loop
      vertex 59.5913 102 143.825
      vertex 57.523 102 141.498
      vertex 59.8501 102 143.566
    endloop
  endfacet
  facet normal 0 -1 0
    outer loop
      vertex 58.0344 102 141.05
      vertex 59.8501 102 143.566
      vertex 57.523 102 141.498
    endloop
  endfacet
  facet normal 0 -1 -0
    outer loop
      vertex 59.8501 102 143.566
      vertex 58.0344 102 141.05
      vertex 60.15 102 143.356
    endloop
  endfacet
  facet normal 0 -1 0
    outer loop
      vertex 61.9182 102 147.148
      vertex 65.2 102 147.175
      vertex 61.8188 102 147.175
    endloop
  endfacet
  facet normal 0 -1 0
    outer loop
      vertex 62.25 102 146.994
      vertex 65.2 102 147.175
      vertex 61.9182 102 147.148
    endloop
  endfacet
  facet normal 0 -1 0
    outer loop
      vertex 62.5499 102 146.784
      vertex 65.2 102 147.175
      vertex 62.25 102 146.994
    endloop
  endfacet
  facet normal 0 -1 0
    outer loop
      vertex 62.8087 102 146.525
      vertex 65.2 102 147.175
      vertex 62.5499 102 146.784
    endloop
  endfacet
  facet normal 0 -1 0
    outer loop
      vertex 63.0187 102 146.225
      vertex 65.2 102 147.175
      vertex 62.8087 102 146.525
    endloop
  endfacet
  facet normal 0 -1 0
    outer loop
      vertex 63.1734 102 145.893
      vertex 65.2 102 147.175
      vertex 63.0187 102 146.225
    endloop
  endfacet
  facet normal 0 -1 0
    outer loop
      vertex 63.2681 102 145.54
      vertex 65.2 102 147.175
      vertex 63.1734 102 145.893
    endloop
  endfacet
  facet normal 0 -1 0
    outer loop
      vertex 63.3 102 145.175
      vertex 65.2 102 147.175
      vertex 63.2681 102 145.54
    endloop
  endfacet
  facet normal 0 -1 0
    outer loop
      vertex 63.2681 102 144.81
      vertex 65.2 102 147.175
      vertex 63.3 102 145.175
    endloop
  endfacet
  facet normal 0 -1 0
    outer loop
      vertex 65.2 102 141.867
      vertex 63.2681 102 144.81
      vertex 63.1734 102 144.457
    endloop
  endfacet
  facet normal 0 -1 0
    outer loop
      vertex 65.2 102 141.867
      vertex 63.1734 102 144.457
      vertex 63.0187 102 144.125
    endloop
  endfacet
  facet normal 0 -1 0
    outer loop
      vertex 65.2 102 141.867
      vertex 63.0187 102 144.125
      vertex 62.8087 102 143.825
    endloop
  endfacet
  facet normal 0 -1 0
    outer loop
      vertex 58.6 102 140.672
      vertex 60.15 102 143.356
      vertex 58.0344 102 141.05
    endloop
  endfacet
  facet normal 0 -1 0
    outer loop
      vertex 59.21 102 140.371
      vertex 60.15 102 143.356
      vertex 58.6 102 140.672
    endloop
  endfacet
  facet normal 0 -1 0
    outer loop
      vertex 63.2681 102 144.81
      vertex 65.2 102 141.867
      vertex 65.2 102 147.175
    endloop
  endfacet
  facet normal 0 -1 0
    outer loop
      vertex 64.877 102 141.498
      vertex 62.8087 102 143.825
      vertex 62.5499 102 143.566
    endloop
  endfacet
  facet normal 0 -1 0
    outer loop
      vertex 64.3656 102 141.05
      vertex 62.5499 102 143.566
      vertex 62.25 102 143.356
    endloop
  endfacet
  facet normal 0 -1 0
    outer loop
      vertex 63.19 102 140.371
      vertex 62.25 102 143.356
      vertex 61.9182 102 143.202
    endloop
  endfacet
  facet normal 0 -1 0
    outer loop
      vertex 62.5459 102 140.152
      vertex 61.9182 102 143.202
      vertex 61.5647 102 143.107
    endloop
  endfacet
  facet normal 0 -1 -0
    outer loop
      vertex 60.15 102 143.356
      vertex 59.21 102 140.371
      vertex 60.4818 102 143.202
    endloop
  endfacet
  facet normal 0 -1 0
    outer loop
      vertex 59.8541 102 140.152
      vertex 60.4818 102 143.202
      vertex 59.21 102 140.371
    endloop
  endfacet
  facet normal 0 -1 -0
    outer loop
      vertex 60.4818 102 143.202
      vertex 59.8541 102 140.152
      vertex 60.8353 102 143.107
    endloop
  endfacet
  facet normal 0 -1 0
    outer loop
      vertex 62.5499 102 143.566
      vertex 64.3656 102 141.05
      vertex 64.877 102 141.498
    endloop
  endfacet
  facet normal 0 -1 0
    outer loop
      vertex 62.8087 102 143.825
      vertex 64.877 102 141.498
      vertex 65.2 102 141.867
    endloop
  endfacet
  facet normal 0 -1 0
    outer loop
      vertex 60.5213 102 140.02
      vertex 60.8353 102 143.107
      vertex 59.8541 102 140.152
    endloop
  endfacet
  facet normal 0 -1 0
    outer loop
      vertex 62.25 102 143.356
      vertex 63.8 102 140.672
      vertex 64.3656 102 141.05
    endloop
  endfacet
  facet normal 0 -1 -0
    outer loop
      vertex 60.8353 102 143.107
      vertex 60.5213 102 140.02
      vertex 61.2 102 143.075
    endloop
  endfacet
  facet normal 0 -1 0
    outer loop
      vertex 62.25 102 143.356
      vertex 63.19 102 140.371
      vertex 63.8 102 140.672
    endloop
  endfacet
  facet normal 0 -1 0
    outer loop
      vertex 61.2 102 139.975
      vertex 61.2 102 143.075
      vertex 60.5213 102 140.02
    endloop
  endfacet
  facet normal 0 -1 0
    outer loop
      vertex 61.9182 102 143.202
      vertex 62.5459 102 140.152
      vertex 63.19 102 140.371
    endloop
  endfacet
  facet normal -0 -1 0
    outer loop
      vertex 61.8787 102 140.02
      vertex 61.2 102 143.075
      vertex 61.2 102 139.975
    endloop
  endfacet
  facet normal 0 -1 0
    outer loop
      vertex 61.5647 102 143.107
      vertex 61.8787 102 140.02
      vertex 62.5459 102 140.152
    endloop
  endfacet
  facet normal 0 -1 0
    outer loop
      vertex 61.2 102 143.075
      vertex 61.8787 102 140.02
      vertex 61.5647 102 143.107
    endloop
  endfacet
  facet normal 0 -1 0
    outer loop
      vertex 29.2 102 115.275
      vertex 29.2 102 118.375
      vertex 28.5213 102 118.331
    endloop
  endfacet
  facet normal 0 -1 0
    outer loop
      vertex 28.8353 102 115.243
      vertex 28.5213 102 118.331
      vertex 27.8541 102 118.198
    endloop
  endfacet
  facet normal 0 -1 0
    outer loop
      vertex 29.2 102 118.375
      vertex 29.2 102 115.275
      vertex 29.8787 102 118.331
    endloop
  endfacet
  facet normal 0 -1 0
    outer loop
      vertex 28.4818 102 115.148
      vertex 27.8541 102 118.198
      vertex 27.21 102 117.979
    endloop
  endfacet
  facet normal 0 -1 0
    outer loop
      vertex 29.5647 102 115.243
      vertex 29.8787 102 118.331
      vertex 29.2 102 115.275
    endloop
  endfacet
  facet normal 0 -1 0
    outer loop
      vertex 28.15 102 114.994
      vertex 27.21 102 117.979
      vertex 26.6 102 117.678
    endloop
  endfacet
  facet normal 0 -1 -0
    outer loop
      vertex 29.8787 102 118.331
      vertex 29.5647 102 115.243
      vertex 30.5459 102 118.198
    endloop
  endfacet
  facet normal 0 -1 0
    outer loop
      vertex 28.15 102 114.994
      vertex 26.6 102 117.678
      vertex 26.0344 102 117.301
    endloop
  endfacet
  facet normal 0 -1 0
    outer loop
      vertex 29.9182 102 115.148
      vertex 30.5459 102 118.198
      vertex 29.5647 102 115.243
    endloop
  endfacet
  facet normal 0 -1 0
    outer loop
      vertex 27.8501 102 114.784
      vertex 26.0344 102 117.301
      vertex 25.523 102 116.852
    endloop
  endfacet
  facet normal 0 -1 -0
    outer loop
      vertex 30.5459 102 118.198
      vertex 29.9182 102 115.148
      vertex 31.19 102 117.979
    endloop
  endfacet
  facet normal 0 -1 0
    outer loop
      vertex 27.5913 102 114.525
      vertex 25.523 102 116.852
      vertex 25.0746 102 116.341
    endloop
  endfacet
  facet normal 0 -1 0
    outer loop
      vertex 30.25 102 114.994
      vertex 31.19 102 117.979
      vertex 29.9182 102 115.148
    endloop
  endfacet
  facet normal 0 -1 0
    outer loop
      vertex 27.3813 102 114.225
      vertex 25.0746 102 116.341
      vertex 24.6967 102 115.775
    endloop
  endfacet
  facet normal 0 -1 -0
    outer loop
      vertex 31.19 102 117.979
      vertex 30.25 102 114.994
      vertex 31.8 102 117.678
    endloop
  endfacet
  facet normal 0 -1 -0
    outer loop
      vertex 31.8 102 117.678
      vertex 30.25 102 114.994
      vertex 32.3656 102 117.301
    endloop
  endfacet
  facet normal 0 -1 0
    outer loop
      vertex 28.5213 102 118.331
      vertex 28.8353 102 115.243
      vertex 29.2 102 115.275
    endloop
  endfacet
  facet normal 0 -1 0
    outer loop
      vertex 27.3813 102 114.225
      vertex 24.6967 102 115.775
      vertex 24.3958 102 115.165
    endloop
  endfacet
  facet normal 0 -1 0
    outer loop
      vertex 27.8541 102 118.198
      vertex 28.4818 102 115.148
      vertex 28.8353 102 115.243
    endloop
  endfacet
  facet normal 0 -1 0
    outer loop
      vertex 27.21 102 117.979
      vertex 28.15 102 114.994
      vertex 28.4818 102 115.148
    endloop
  endfacet
  facet normal 0 -1 0
    outer loop
      vertex 26.0344 102 117.301
      vertex 27.8501 102 114.784
      vertex 28.15 102 114.994
    endloop
  endfacet
  facet normal 0 -1 0
    outer loop
      vertex 25.523 102 116.852
      vertex 27.5913 102 114.525
      vertex 27.8501 102 114.784
    endloop
  endfacet
  facet normal 0 -1 0
    outer loop
      vertex 27.2266 102 113.893
      vertex 24.3958 102 115.165
      vertex 24.1772 102 114.521
    endloop
  endfacet
  facet normal 0 -1 0
    outer loop
      vertex 25.0746 102 116.341
      vertex 27.3813 102 114.225
      vertex 27.5913 102 114.525
    endloop
  endfacet
  facet normal 0 -1 0
    outer loop
      vertex 24.3958 102 115.165
      vertex 27.2266 102 113.893
      vertex 27.3813 102 114.225
    endloop
  endfacet
  facet normal 0 -1 0
    outer loop
      vertex 27.1319 102 113.54
      vertex 24.1772 102 114.521
      vertex 24.0445 102 113.854
    endloop
  endfacet
  facet normal 0 -1 0
    outer loop
      vertex 24.1772 102 114.521
      vertex 27.1319 102 113.54
      vertex 27.2266 102 113.893
    endloop
  endfacet
  facet normal 0 -1 0
    outer loop
      vertex 27.1 102 113.175
      vertex 24.0445 102 113.854
      vertex 24 102 113.175
    endloop
  endfacet
  facet normal 0 -1 0
    outer loop
      vertex 24.0445 102 113.854
      vertex 27.1 102 113.175
      vertex 27.1319 102 113.54
    endloop
  endfacet
  facet normal 0 -1 0
    outer loop
      vertex 24.0445 102 112.496
      vertex 27.1 102 113.175
      vertex 24 102 113.175
    endloop
  endfacet
  facet normal 0 -1 -0
    outer loop
      vertex 27.1 102 113.175
      vertex 24.0445 102 112.496
      vertex 27.1319 102 112.81
    endloop
  endfacet
  facet normal 0 -1 0
    outer loop
      vertex 24.1772 102 111.829
      vertex 27.1319 102 112.81
      vertex 24.0445 102 112.496
    endloop
  endfacet
  facet normal 0 -1 -0
    outer loop
      vertex 27.1319 102 112.81
      vertex 24.1772 102 111.829
      vertex 27.2266 102 112.457
    endloop
  endfacet
  facet normal 0 -1 0
    outer loop
      vertex 24.3958 102 111.185
      vertex 27.2266 102 112.457
      vertex 24.1772 102 111.829
    endloop
  endfacet
  facet normal 0 -1 -0
    outer loop
      vertex 27.2266 102 112.457
      vertex 24.3958 102 111.185
      vertex 27.3813 102 112.125
    endloop
  endfacet
  facet normal 0 -1 0
    outer loop
      vertex 24.6967 102 110.575
      vertex 27.3813 102 112.125
      vertex 24.3958 102 111.185
    endloop
  endfacet
  facet normal 0 -1 0
    outer loop
      vertex 25.0746 102 110.01
      vertex 27.3813 102 112.125
      vertex 24.6967 102 110.575
    endloop
  endfacet
  facet normal 0 -1 -0
    outer loop
      vertex 27.3813 102 112.125
      vertex 25.0746 102 110.01
      vertex 27.5913 102 111.825
    endloop
  endfacet
  facet normal 0 -1 0
    outer loop
      vertex 25.523 102 109.498
      vertex 27.5913 102 111.825
      vertex 25.0746 102 110.01
    endloop
  endfacet
  facet normal 0 -1 -0
    outer loop
      vertex 27.5913 102 111.825
      vertex 25.523 102 109.498
      vertex 27.8501 102 111.566
    endloop
  endfacet
  facet normal 0 -1 0
    outer loop
      vertex 26.0344 102 109.05
      vertex 27.8501 102 111.566
      vertex 25.523 102 109.498
    endloop
  endfacet
  facet normal 0 -1 -0
    outer loop
      vertex 27.8501 102 111.566
      vertex 26.0344 102 109.05
      vertex 28.15 102 111.356
    endloop
  endfacet
  facet normal 0 -1 0
    outer loop
      vertex 30.5499 102 114.784
      vertex 32.3656 102 117.301
      vertex 30.25 102 114.994
    endloop
  endfacet
  facet normal 0 -1 -0
    outer loop
      vertex 32.3656 102 117.301
      vertex 30.5499 102 114.784
      vertex 32.877 102 116.852
    endloop
  endfacet
  facet normal 0 -1 0
    outer loop
      vertex 30.8087 102 114.525
      vertex 32.877 102 116.852
      vertex 30.5499 102 114.784
    endloop
  endfacet
  facet normal 0 -1 -0
    outer loop
      vertex 32.877 102 116.852
      vertex 30.8087 102 114.525
      vertex 33.3254 102 116.341
    endloop
  endfacet
  facet normal 0 -1 0
    outer loop
      vertex 31.0187 102 114.225
      vertex 33.3254 102 116.341
      vertex 30.8087 102 114.525
    endloop
  endfacet
  facet normal 0 -1 -0
    outer loop
      vertex 33.3254 102 116.341
      vertex 31.0187 102 114.225
      vertex 33.7033 102 115.775
    endloop
  endfacet
  facet normal 0 -1 -0
    outer loop
      vertex 33.7033 102 115.775
      vertex 31.0187 102 114.225
      vertex 34.0042 102 115.165
    endloop
  endfacet
  facet normal 0 -1 0
    outer loop
      vertex 31.1734 102 113.893
      vertex 34.0042 102 115.165
      vertex 31.0187 102 114.225
    endloop
  endfacet
  facet normal 0 -1 -0
    outer loop
      vertex 34.0042 102 115.165
      vertex 31.1734 102 113.893
      vertex 34.2228 102 114.521
    endloop
  endfacet
  facet normal 0 -1 0
    outer loop
      vertex 31.2681 102 113.54
      vertex 34.2228 102 114.521
      vertex 31.1734 102 113.893
    endloop
  endfacet
  facet normal 0 -1 -0
    outer loop
      vertex 34.2228 102 114.521
      vertex 31.2681 102 113.54
      vertex 34.3555 102 113.854
    endloop
  endfacet
  facet normal 0 -1 0
    outer loop
      vertex 31.3 102 113.175
      vertex 34.3555 102 113.854
      vertex 31.2681 102 113.54
    endloop
  endfacet
  facet normal 0 -1 0
    outer loop
      vertex 31.3 102 113.175
      vertex 34.4 102 113.175
      vertex 34.3555 102 113.854
    endloop
  endfacet
  facet normal 0 -1 0
    outer loop
      vertex 34.3555 102 112.496
      vertex 31.3 102 113.175
      vertex 31.2681 102 112.81
    endloop
  endfacet
  facet normal 0 -1 0
    outer loop
      vertex 31.3 102 113.175
      vertex 34.3555 102 112.496
      vertex 34.4 102 113.175
    endloop
  endfacet
  facet normal 0 -1 0
    outer loop
      vertex 34.2228 102 111.829
      vertex 31.2681 102 112.81
      vertex 31.1734 102 112.457
    endloop
  endfacet
  facet normal 0 -1 0
    outer loop
      vertex 34.0042 102 111.185
      vertex 31.1734 102 112.457
      vertex 31.0187 102 112.125
    endloop
  endfacet
  facet normal 0 -1 0
    outer loop
      vertex 31.2681 102 112.81
      vertex 34.2228 102 111.829
      vertex 34.3555 102 112.496
    endloop
  endfacet
  facet normal 0 -1 0
    outer loop
      vertex 33.3254 102 110.01
      vertex 31.0187 102 112.125
      vertex 30.8087 102 111.825
    endloop
  endfacet
  facet normal 0 -1 0
    outer loop
      vertex 32.877 102 109.498
      vertex 30.8087 102 111.825
      vertex 30.5499 102 111.566
    endloop
  endfacet
  facet normal 0 -1 0
    outer loop
      vertex 32.3656 102 109.05
      vertex 30.5499 102 111.566
      vertex 30.25 102 111.356
    endloop
  endfacet
  facet normal 0 -1 0
    outer loop
      vertex 31.19 102 108.371
      vertex 30.25 102 111.356
      vertex 29.9182 102 111.202
    endloop
  endfacet
  facet normal 0 -1 0
    outer loop
      vertex 31.1734 102 112.457
      vertex 34.0042 102 111.185
      vertex 34.2228 102 111.829
    endloop
  endfacet
  facet normal 0 -1 0
    outer loop
      vertex 30.5459 102 108.152
      vertex 29.9182 102 111.202
      vertex 29.5647 102 111.107
    endloop
  endfacet
  facet normal 0 -1 0
    outer loop
      vertex 29.8787 102 108.02
      vertex 29.5647 102 111.107
      vertex 29.2 102 111.075
    endloop
  endfacet
  facet normal 0 -1 0
    outer loop
      vertex 26.6 102 108.672
      vertex 28.15 102 111.356
      vertex 26.0344 102 109.05
    endloop
  endfacet
  facet normal 0 -1 0
    outer loop
      vertex 31.0187 102 112.125
      vertex 33.7033 102 110.575
      vertex 34.0042 102 111.185
    endloop
  endfacet
  facet normal 0 -1 0
    outer loop
      vertex 27.21 102 108.371
      vertex 28.15 102 111.356
      vertex 26.6 102 108.672
    endloop
  endfacet
  facet normal 0 -1 0
    outer loop
      vertex 31.0187 102 112.125
      vertex 33.3254 102 110.01
      vertex 33.7033 102 110.575
    endloop
  endfacet
  facet normal 0 -1 -0
    outer loop
      vertex 28.15 102 111.356
      vertex 27.21 102 108.371
      vertex 28.4818 102 111.202
    endloop
  endfacet
  facet normal 0 -1 0
    outer loop
      vertex 30.8087 102 111.825
      vertex 32.877 102 109.498
      vertex 33.3254 102 110.01
    endloop
  endfacet
  facet normal 0 -1 0
    outer loop
      vertex 27.8541 102 108.152
      vertex 28.4818 102 111.202
      vertex 27.21 102 108.371
    endloop
  endfacet
  facet normal 0 -1 0
    outer loop
      vertex 30.5499 102 111.566
      vertex 32.3656 102 109.05
      vertex 32.877 102 109.498
    endloop
  endfacet
  facet normal 0 -1 -0
    outer loop
      vertex 28.4818 102 111.202
      vertex 27.8541 102 108.152
      vertex 28.8353 102 111.107
    endloop
  endfacet
  facet normal 0 -1 0
    outer loop
      vertex 30.25 102 111.356
      vertex 31.8 102 108.672
      vertex 32.3656 102 109.05
    endloop
  endfacet
  facet normal 0 -1 0
    outer loop
      vertex 28.5213 102 108.02
      vertex 28.8353 102 111.107
      vertex 27.8541 102 108.152
    endloop
  endfacet
  facet normal 0 -1 0
    outer loop
      vertex 30.25 102 111.356
      vertex 31.19 102 108.371
      vertex 31.8 102 108.672
    endloop
  endfacet
  facet normal 0 -1 -0
    outer loop
      vertex 28.8353 102 111.107
      vertex 28.5213 102 108.02
      vertex 29.2 102 111.075
    endloop
  endfacet
  facet normal 0 -1 0
    outer loop
      vertex 29.9182 102 111.202
      vertex 30.5459 102 108.152
      vertex 31.19 102 108.371
    endloop
  endfacet
  facet normal 0 -1 0
    outer loop
      vertex 29.2 102 107.975
      vertex 29.2 102 111.075
      vertex 28.5213 102 108.02
    endloop
  endfacet
  facet normal 0 -1 0
    outer loop
      vertex 29.5647 102 111.107
      vertex 29.8787 102 108.02
      vertex 30.5459 102 108.152
    endloop
  endfacet
  facet normal 0 -1 0
    outer loop
      vertex 29.2 102 111.075
      vertex 29.2 102 107.975
      vertex 29.8787 102 108.02
    endloop
  endfacet
  facet normal 0 -1 0
    outer loop
      vertex 27.2266 102 145.893
      vertex 24.4008 102 147.175
      vertex 24.3958 102 147.165
    endloop
  endfacet
  facet normal 0 -1 0
    outer loop
      vertex 24.4008 102 147.175
      vertex 28.4818 102 147.148
      vertex 28.5812 102 147.175
    endloop
  endfacet
  facet normal 0 -1 0
    outer loop
      vertex 24.4008 102 147.175
      vertex 28.15 102 146.994
      vertex 28.4818 102 147.148
    endloop
  endfacet
  facet normal 0 -1 0
    outer loop
      vertex 24.4008 102 147.175
      vertex 27.8501 102 146.784
      vertex 28.15 102 146.994
    endloop
  endfacet
  facet normal 0 -1 0
    outer loop
      vertex 24.4008 102 147.175
      vertex 27.5913 102 146.525
      vertex 27.8501 102 146.784
    endloop
  endfacet
  facet normal 0 -1 0
    outer loop
      vertex 27.2266 102 145.893
      vertex 24.3958 102 147.165
      vertex 24.1772 102 146.521
    endloop
  endfacet
  facet normal 0 -1 0
    outer loop
      vertex 24.4008 102 147.175
      vertex 27.3813 102 146.225
      vertex 27.5913 102 146.525
    endloop
  endfacet
  facet normal 0 -1 0
    outer loop
      vertex 24.4008 102 147.175
      vertex 27.2266 102 145.893
      vertex 27.3813 102 146.225
    endloop
  endfacet
  facet normal 0 -1 0
    outer loop
      vertex 27.1319 102 145.54
      vertex 24.1772 102 146.521
      vertex 24.0445 102 145.854
    endloop
  endfacet
  facet normal 0 -1 0
    outer loop
      vertex 24.1772 102 146.521
      vertex 27.1319 102 145.54
      vertex 27.2266 102 145.893
    endloop
  endfacet
  facet normal 0 -1 0
    outer loop
      vertex 27.1 102 145.175
      vertex 24.0445 102 145.854
      vertex 24 102 145.175
    endloop
  endfacet
  facet normal 0 -1 0
    outer loop
      vertex 24.0445 102 145.854
      vertex 27.1 102 145.175
      vertex 27.1319 102 145.54
    endloop
  endfacet
  facet normal 0 -1 0
    outer loop
      vertex 24.0445 102 144.496
      vertex 27.1 102 145.175
      vertex 24 102 145.175
    endloop
  endfacet
  facet normal 0 -1 -0
    outer loop
      vertex 27.1 102 145.175
      vertex 24.0445 102 144.496
      vertex 27.1319 102 144.81
    endloop
  endfacet
  facet normal 0 -1 0
    outer loop
      vertex 24.1772 102 143.829
      vertex 27.1319 102 144.81
      vertex 24.0445 102 144.496
    endloop
  endfacet
  facet normal 0 -1 -0
    outer loop
      vertex 27.1319 102 144.81
      vertex 24.1772 102 143.829
      vertex 27.2266 102 144.457
    endloop
  endfacet
  facet normal 0 -1 0
    outer loop
      vertex 24.3958 102 143.185
      vertex 27.2266 102 144.457
      vertex 24.1772 102 143.829
    endloop
  endfacet
  facet normal 0 -1 -0
    outer loop
      vertex 27.2266 102 144.457
      vertex 24.3958 102 143.185
      vertex 27.3813 102 144.125
    endloop
  endfacet
  facet normal 0 -1 0
    outer loop
      vertex 24.6967 102 142.575
      vertex 27.3813 102 144.125
      vertex 24.3958 102 143.185
    endloop
  endfacet
  facet normal 0 -1 0
    outer loop
      vertex 25.0746 102 142.01
      vertex 27.3813 102 144.125
      vertex 24.6967 102 142.575
    endloop
  endfacet
  facet normal 0 -1 -0
    outer loop
      vertex 27.3813 102 144.125
      vertex 25.0746 102 142.01
      vertex 27.5913 102 143.825
    endloop
  endfacet
  facet normal 0 -1 0
    outer loop
      vertex 25.523 102 141.498
      vertex 27.5913 102 143.825
      vertex 25.0746 102 142.01
    endloop
  endfacet
  facet normal 0 -1 -0
    outer loop
      vertex 27.5913 102 143.825
      vertex 25.523 102 141.498
      vertex 27.8501 102 143.566
    endloop
  endfacet
  facet normal 0 -1 0
    outer loop
      vertex 26.0344 102 141.05
      vertex 27.8501 102 143.566
      vertex 25.523 102 141.498
    endloop
  endfacet
  facet normal 0 -1 -0
    outer loop
      vertex 27.8501 102 143.566
      vertex 26.0344 102 141.05
      vertex 28.15 102 143.356
    endloop
  endfacet
  facet normal 0 -1 0
    outer loop
      vertex 29.9182 102 147.148
      vertex 33.9992 102 147.175
      vertex 29.8188 102 147.175
    endloop
  endfacet
  facet normal 0 -1 0
    outer loop
      vertex 30.25 102 146.994
      vertex 33.9992 102 147.175
      vertex 29.9182 102 147.148
    endloop
  endfacet
  facet normal 0 -1 0
    outer loop
      vertex 30.5499 102 146.784
      vertex 33.9992 102 147.175
      vertex 30.25 102 146.994
    endloop
  endfacet
  facet normal 0 -1 0
    outer loop
      vertex 30.8087 102 146.525
      vertex 33.9992 102 147.175
      vertex 30.5499 102 146.784
    endloop
  endfacet
  facet normal 0 -1 0
    outer loop
      vertex 31.0187 102 146.225
      vertex 33.9992 102 147.175
      vertex 30.8087 102 146.525
    endloop
  endfacet
  facet normal 0 -1 0
    outer loop
      vertex 31.1734 102 145.893
      vertex 33.9992 102 147.175
      vertex 31.0187 102 146.225
    endloop
  endfacet
  facet normal 0 -1 -0
    outer loop
      vertex 33.9992 102 147.175
      vertex 31.1734 102 145.893
      vertex 34.0042 102 147.165
    endloop
  endfacet
  facet normal 0 -1 -0
    outer loop
      vertex 34.0042 102 147.165
      vertex 31.1734 102 145.893
      vertex 34.2228 102 146.521
    endloop
  endfacet
  facet normal 0 -1 0
    outer loop
      vertex 31.2681 102 145.54
      vertex 34.2228 102 146.521
      vertex 31.1734 102 145.893
    endloop
  endfacet
  facet normal 0 -1 -0
    outer loop
      vertex 34.2228 102 146.521
      vertex 31.2681 102 145.54
      vertex 34.3555 102 145.854
    endloop
  endfacet
  facet normal 0 -1 0
    outer loop
      vertex 31.3 102 145.175
      vertex 34.3555 102 145.854
      vertex 31.2681 102 145.54
    endloop
  endfacet
  facet normal 0 -1 0
    outer loop
      vertex 31.3 102 145.175
      vertex 34.4 102 145.175
      vertex 34.3555 102 145.854
    endloop
  endfacet
  facet normal 0 -1 0
    outer loop
      vertex 34.3555 102 144.496
      vertex 31.3 102 145.175
      vertex 31.2681 102 144.81
    endloop
  endfacet
  facet normal 0 -1 0
    outer loop
      vertex 31.3 102 145.175
      vertex 34.3555 102 144.496
      vertex 34.4 102 145.175
    endloop
  endfacet
  facet normal 0 -1 0
    outer loop
      vertex 34.2228 102 143.829
      vertex 31.2681 102 144.81
      vertex 31.1734 102 144.457
    endloop
  endfacet
  facet normal 0 -1 0
    outer loop
      vertex 34.0042 102 143.185
      vertex 31.1734 102 144.457
      vertex 31.0187 102 144.125
    endloop
  endfacet
  facet normal 0 -1 0
    outer loop
      vertex 31.2681 102 144.81
      vertex 34.2228 102 143.829
      vertex 34.3555 102 144.496
    endloop
  endfacet
  facet normal 0 -1 0
    outer loop
      vertex 33.3254 102 142.01
      vertex 31.0187 102 144.125
      vertex 30.8087 102 143.825
    endloop
  endfacet
  facet normal 0 -1 0
    outer loop
      vertex 32.877 102 141.498
      vertex 30.8087 102 143.825
      vertex 30.5499 102 143.566
    endloop
  endfacet
  facet normal 0 -1 0
    outer loop
      vertex 32.3656 102 141.05
      vertex 30.5499 102 143.566
      vertex 30.25 102 143.356
    endloop
  endfacet
  facet normal 0 -1 0
    outer loop
      vertex 31.19 102 140.371
      vertex 30.25 102 143.356
      vertex 29.9182 102 143.202
    endloop
  endfacet
  facet normal 0 -1 0
    outer loop
      vertex 31.1734 102 144.457
      vertex 34.0042 102 143.185
      vertex 34.2228 102 143.829
    endloop
  endfacet
  facet normal 0 -1 0
    outer loop
      vertex 30.5459 102 140.152
      vertex 29.9182 102 143.202
      vertex 29.5647 102 143.107
    endloop
  endfacet
  facet normal 0 -1 0
    outer loop
      vertex 29.8787 102 140.02
      vertex 29.5647 102 143.107
      vertex 29.2 102 143.075
    endloop
  endfacet
  facet normal 0 -1 0
    outer loop
      vertex 26.6 102 140.672
      vertex 28.15 102 143.356
      vertex 26.0344 102 141.05
    endloop
  endfacet
  facet normal 0 -1 0
    outer loop
      vertex 31.0187 102 144.125
      vertex 33.7033 102 142.575
      vertex 34.0042 102 143.185
    endloop
  endfacet
  facet normal 0 -1 0
    outer loop
      vertex 27.21 102 140.371
      vertex 28.15 102 143.356
      vertex 26.6 102 140.672
    endloop
  endfacet
  facet normal 0 -1 0
    outer loop
      vertex 31.0187 102 144.125
      vertex 33.3254 102 142.01
      vertex 33.7033 102 142.575
    endloop
  endfacet
  facet normal 0 -1 -0
    outer loop
      vertex 28.15 102 143.356
      vertex 27.21 102 140.371
      vertex 28.4818 102 143.202
    endloop
  endfacet
  facet normal 0 -1 0
    outer loop
      vertex 30.8087 102 143.825
      vertex 32.877 102 141.498
      vertex 33.3254 102 142.01
    endloop
  endfacet
  facet normal 0 -1 0
    outer loop
      vertex 27.8541 102 140.152
      vertex 28.4818 102 143.202
      vertex 27.21 102 140.371
    endloop
  endfacet
  facet normal 0 -1 0
    outer loop
      vertex 30.5499 102 143.566
      vertex 32.3656 102 141.05
      vertex 32.877 102 141.498
    endloop
  endfacet
  facet normal 0 -1 -0
    outer loop
      vertex 28.4818 102 143.202
      vertex 27.8541 102 140.152
      vertex 28.8353 102 143.107
    endloop
  endfacet
  facet normal 0 -1 0
    outer loop
      vertex 30.25 102 143.356
      vertex 31.8 102 140.672
      vertex 32.3656 102 141.05
    endloop
  endfacet
  facet normal 0 -1 0
    outer loop
      vertex 28.5213 102 140.02
      vertex 28.8353 102 143.107
      vertex 27.8541 102 140.152
    endloop
  endfacet
  facet normal 0 -1 0
    outer loop
      vertex 30.25 102 143.356
      vertex 31.19 102 140.371
      vertex 31.8 102 140.672
    endloop
  endfacet
  facet normal 0 -1 -0
    outer loop
      vertex 28.8353 102 143.107
      vertex 28.5213 102 140.02
      vertex 29.2 102 143.075
    endloop
  endfacet
  facet normal 0 -1 0
    outer loop
      vertex 29.9182 102 143.202
      vertex 30.5459 102 140.152
      vertex 31.19 102 140.371
    endloop
  endfacet
  facet normal 0 -1 0
    outer loop
      vertex 29.2 102 139.975
      vertex 29.2 102 143.075
      vertex 28.5213 102 140.02
    endloop
  endfacet
  facet normal 0 -1 0
    outer loop
      vertex 29.5647 102 143.107
      vertex 29.8787 102 140.02
      vertex 30.5459 102 140.152
    endloop
  endfacet
  facet normal 0 -1 0
    outer loop
      vertex 29.2 102 143.075
      vertex 29.2 102 139.975
      vertex 29.8787 102 140.02
    endloop
  endfacet
  facet normal 0 -1 0
    outer loop
      vertex 60.5213 102 118.331
      vertex 60.8353 102 115.243
      vertex 61.2 102 115.275
    endloop
  endfacet
  facet normal 0 -1 0
    outer loop
      vertex 59.3813 102 114.225
      vertex 56.6967 102 115.775
      vertex 56.3958 102 115.165
    endloop
  endfacet
  facet normal 0 -1 0
    outer loop
      vertex 57.0746 102 116.341
      vertex 60.4818 102 115.148
      vertex 60.8353 102 115.243
    endloop
  endfacet
  facet normal 0 -1 0
    outer loop
      vertex 57.0746 102 116.341
      vertex 60.15 102 114.994
      vertex 60.4818 102 115.148
    endloop
  endfacet
  facet normal 0 -1 0
    outer loop
      vertex 57.0746 102 116.341
      vertex 59.8501 102 114.784
      vertex 60.15 102 114.994
    endloop
  endfacet
  facet normal 0 -1 0
    outer loop
      vertex 57.0746 102 116.341
      vertex 59.5913 102 114.525
      vertex 59.8501 102 114.784
    endloop
  endfacet
  facet normal 0 -1 0
    outer loop
      vertex 59.2266 102 113.893
      vertex 56.3958 102 115.165
      vertex 56.1772 102 114.521
    endloop
  endfacet
  facet normal 0 -1 0
    outer loop
      vertex 57.0746 102 116.341
      vertex 59.3813 102 114.225
      vertex 59.5913 102 114.525
    endloop
  endfacet
  facet normal 0 -1 0
    outer loop
      vertex 56.3958 102 115.165
      vertex 59.2266 102 113.893
      vertex 59.3813 102 114.225
    endloop
  endfacet
  facet normal 0 -1 0
    outer loop
      vertex 59.1319 102 113.54
      vertex 56.1772 102 114.521
      vertex 56.0445 102 113.854
    endloop
  endfacet
  facet normal 0 -1 0
    outer loop
      vertex 56.1772 102 114.521
      vertex 59.1319 102 113.54
      vertex 59.2266 102 113.893
    endloop
  endfacet
  facet normal 0 -1 0
    outer loop
      vertex 59.1 102 113.175
      vertex 56.0445 102 113.854
      vertex 56 102 113.175
    endloop
  endfacet
  facet normal 0 -1 0
    outer loop
      vertex 56.0445 102 113.854
      vertex 59.1 102 113.175
      vertex 59.1319 102 113.54
    endloop
  endfacet
  facet normal 0 -1 0
    outer loop
      vertex 56.0445 102 112.496
      vertex 59.1 102 113.175
      vertex 56 102 113.175
    endloop
  endfacet
  facet normal 0 -1 -0
    outer loop
      vertex 59.1 102 113.175
      vertex 56.0445 102 112.496
      vertex 59.1319 102 112.81
    endloop
  endfacet
  facet normal 0 -1 0
    outer loop
      vertex 56.1772 102 111.829
      vertex 59.1319 102 112.81
      vertex 56.0445 102 112.496
    endloop
  endfacet
  facet normal 0 -1 -0
    outer loop
      vertex 59.1319 102 112.81
      vertex 56.1772 102 111.829
      vertex 59.2266 102 112.457
    endloop
  endfacet
  facet normal 0 -1 0
    outer loop
      vertex 56.3958 102 111.185
      vertex 59.2266 102 112.457
      vertex 56.1772 102 111.829
    endloop
  endfacet
  facet normal 0 -1 -0
    outer loop
      vertex 59.2266 102 112.457
      vertex 56.3958 102 111.185
      vertex 59.3813 102 112.125
    endloop
  endfacet
  facet normal 0 -1 0
    outer loop
      vertex 56.6967 102 110.575
      vertex 59.3813 102 112.125
      vertex 56.3958 102 111.185
    endloop
  endfacet
  facet normal 0 -1 0
    outer loop
      vertex 57.0746 102 110.01
      vertex 59.3813 102 112.125
      vertex 56.6967 102 110.575
    endloop
  endfacet
  facet normal 0 -1 -0
    outer loop
      vertex 59.3813 102 112.125
      vertex 57.0746 102 110.01
      vertex 59.5913 102 111.825
    endloop
  endfacet
  facet normal 0 -1 0
    outer loop
      vertex 57.523 102 109.498
      vertex 59.5913 102 111.825
      vertex 57.0746 102 110.01
    endloop
  endfacet
  facet normal 0 -1 -0
    outer loop
      vertex 59.5913 102 111.825
      vertex 57.523 102 109.498
      vertex 59.8501 102 111.566
    endloop
  endfacet
  facet normal 0 -1 0
    outer loop
      vertex 58.0344 102 109.05
      vertex 59.8501 102 111.566
      vertex 57.523 102 109.498
    endloop
  endfacet
  facet normal 0 -1 -0
    outer loop
      vertex 59.8501 102 111.566
      vertex 58.0344 102 109.05
      vertex 60.15 102 111.356
    endloop
  endfacet
  facet normal 0 -1 0
    outer loop
      vertex 61.2 102 115.275
      vertex 61.2 102 118.375
      vertex 60.5213 102 118.331
    endloop
  endfacet
  facet normal 0 -1 0
    outer loop
      vertex 60.8353 102 115.243
      vertex 60.5213 102 118.331
      vertex 59.8541 102 118.198
    endloop
  endfacet
  facet normal 0 -1 0
    outer loop
      vertex 61.2 102 118.375
      vertex 61.2 102 115.275
      vertex 61.8787 102 118.331
    endloop
  endfacet
  facet normal 0 -1 0
    outer loop
      vertex 60.8353 102 115.243
      vertex 59.8541 102 118.198
      vertex 59.21 102 117.979
    endloop
  endfacet
  facet normal 0 -1 0
    outer loop
      vertex 61.5647 102 115.243
      vertex 61.8787 102 118.331
      vertex 61.2 102 115.275
    endloop
  endfacet
  facet normal 0 -1 0
    outer loop
      vertex 60.8353 102 115.243
      vertex 59.21 102 117.979
      vertex 58.6 102 117.678
    endloop
  endfacet
  facet normal 0 -1 -0
    outer loop
      vertex 61.8787 102 118.331
      vertex 61.5647 102 115.243
      vertex 62.5459 102 118.198
    endloop
  endfacet
  facet normal 0 -1 0
    outer loop
      vertex 60.8353 102 115.243
      vertex 58.6 102 117.678
      vertex 58.0344 102 117.301
    endloop
  endfacet
  facet normal 0 -1 0
    outer loop
      vertex 61.9182 102 115.148
      vertex 62.5459 102 118.198
      vertex 61.5647 102 115.243
    endloop
  endfacet
  facet normal 0 -1 0
    outer loop
      vertex 60.8353 102 115.243
      vertex 58.0344 102 117.301
      vertex 57.523 102 116.852
    endloop
  endfacet
  facet normal 0 -1 -0
    outer loop
      vertex 62.5459 102 118.198
      vertex 61.9182 102 115.148
      vertex 63.19 102 117.979
    endloop
  endfacet
  facet normal 0 -1 0
    outer loop
      vertex 62.25 102 114.994
      vertex 63.19 102 117.979
      vertex 61.9182 102 115.148
    endloop
  endfacet
  facet normal 0 -1 0
    outer loop
      vertex 60.8353 102 115.243
      vertex 57.523 102 116.852
      vertex 57.0746 102 116.341
    endloop
  endfacet
  facet normal 0 -1 0
    outer loop
      vertex 59.3813 102 114.225
      vertex 57.0746 102 116.341
      vertex 56.6967 102 115.775
    endloop
  endfacet
  facet normal 0 -1 -0
    outer loop
      vertex 63.19 102 117.979
      vertex 62.25 102 114.994
      vertex 63.8 102 117.678
    endloop
  endfacet
  facet normal 0 -1 -0
    outer loop
      vertex 63.8 102 117.678
      vertex 62.25 102 114.994
      vertex 64.3656 102 117.301
    endloop
  endfacet
  facet normal 0 -1 0
    outer loop
      vertex 62.5499 102 114.784
      vertex 64.3656 102 117.301
      vertex 62.25 102 114.994
    endloop
  endfacet
  facet normal 0 -1 -0
    outer loop
      vertex 64.3656 102 117.301
      vertex 62.5499 102 114.784
      vertex 64.877 102 116.852
    endloop
  endfacet
  facet normal 0 -1 0
    outer loop
      vertex 62.8087 102 114.525
      vertex 64.877 102 116.852
      vertex 62.5499 102 114.784
    endloop
  endfacet
  facet normal 0 -1 -0
    outer loop
      vertex 64.877 102 116.852
      vertex 62.8087 102 114.525
      vertex 65.2 102 116.484
    endloop
  endfacet
  facet normal 0 -1 0
    outer loop
      vertex 63.0187 102 114.225
      vertex 65.2 102 116.484
      vertex 62.8087 102 114.525
    endloop
  endfacet
  facet normal 0 -1 0
    outer loop
      vertex 63.1734 102 113.893
      vertex 65.2 102 116.484
      vertex 63.0187 102 114.225
    endloop
  endfacet
  facet normal 0 -1 0
    outer loop
      vertex 63.2681 102 113.54
      vertex 65.2 102 116.484
      vertex 63.1734 102 113.893
    endloop
  endfacet
  facet normal 0 -1 0
    outer loop
      vertex 63.3 102 113.175
      vertex 65.2 102 116.484
      vertex 63.2681 102 113.54
    endloop
  endfacet
  facet normal 0 -1 0
    outer loop
      vertex 65.2 102 109.867
      vertex 63.3 102 113.175
      vertex 63.2681 102 112.81
    endloop
  endfacet
  facet normal 0 -1 0
    outer loop
      vertex 65.2 102 109.867
      vertex 63.2681 102 112.81
      vertex 63.1734 102 112.457
    endloop
  endfacet
  facet normal 0 -1 0
    outer loop
      vertex 65.2 102 109.867
      vertex 63.1734 102 112.457
      vertex 63.0187 102 112.125
    endloop
  endfacet
  facet normal 0 -1 0
    outer loop
      vertex 58.6 102 108.672
      vertex 60.15 102 111.356
      vertex 58.0344 102 109.05
    endloop
  endfacet
  facet normal 0 -1 0
    outer loop
      vertex 59.21 102 108.371
      vertex 60.15 102 111.356
      vertex 58.6 102 108.672
    endloop
  endfacet
  facet normal 0 -1 0
    outer loop
      vertex 63.3 102 113.175
      vertex 65.2 102 109.867
      vertex 65.2 102 116.484
    endloop
  endfacet
  facet normal 0 -1 0
    outer loop
      vertex 62.8087 102 111.825
      vertex 65.2 102 109.867
      vertex 63.0187 102 112.125
    endloop
  endfacet
  facet normal 0 -1 0
    outer loop
      vertex 64.877 102 109.498
      vertex 62.8087 102 111.825
      vertex 62.5499 102 111.566
    endloop
  endfacet
  facet normal 0 -1 0
    outer loop
      vertex 64.3656 102 109.05
      vertex 62.5499 102 111.566
      vertex 62.25 102 111.356
    endloop
  endfacet
  facet normal 0 -1 0
    outer loop
      vertex 63.19 102 108.371
      vertex 62.25 102 111.356
      vertex 61.9182 102 111.202
    endloop
  endfacet
  facet normal 0 -1 0
    outer loop
      vertex 62.5459 102 108.152
      vertex 61.9182 102 111.202
      vertex 61.5647 102 111.107
    endloop
  endfacet
  facet normal 0 -1 -0
    outer loop
      vertex 60.15 102 111.356
      vertex 59.21 102 108.371
      vertex 60.4818 102 111.202
    endloop
  endfacet
  facet normal 0 -1 0
    outer loop
      vertex 59.8541 102 108.152
      vertex 60.4818 102 111.202
      vertex 59.21 102 108.371
    endloop
  endfacet
  facet normal 0 -1 -0
    outer loop
      vertex 60.4818 102 111.202
      vertex 59.8541 102 108.152
      vertex 60.8353 102 111.107
    endloop
  endfacet
  facet normal 0 -1 0
    outer loop
      vertex 62.5499 102 111.566
      vertex 64.3656 102 109.05
      vertex 64.877 102 109.498
    endloop
  endfacet
  facet normal 0 -1 0
    outer loop
      vertex 62.8087 102 111.825
      vertex 64.877 102 109.498
      vertex 65.2 102 109.867
    endloop
  endfacet
  facet normal 0 -1 0
    outer loop
      vertex 60.5213 102 108.02
      vertex 60.8353 102 111.107
      vertex 59.8541 102 108.152
    endloop
  endfacet
  facet normal 0 -1 0
    outer loop
      vertex 62.25 102 111.356
      vertex 63.8 102 108.672
      vertex 64.3656 102 109.05
    endloop
  endfacet
  facet normal 0 -1 -0
    outer loop
      vertex 60.8353 102 111.107
      vertex 60.5213 102 108.02
      vertex 61.2 102 111.075
    endloop
  endfacet
  facet normal 0 -1 0
    outer loop
      vertex 62.25 102 111.356
      vertex 63.19 102 108.371
      vertex 63.8 102 108.672
    endloop
  endfacet
  facet normal 0 -1 0
    outer loop
      vertex 61.2 102 107.975
      vertex 61.2 102 111.075
      vertex 60.5213 102 108.02
    endloop
  endfacet
  facet normal 0 -1 0
    outer loop
      vertex 61.9182 102 111.202
      vertex 62.5459 102 108.152
      vertex 63.19 102 108.371
    endloop
  endfacet
  facet normal -0 -1 0
    outer loop
      vertex 61.8787 102 108.02
      vertex 61.2 102 111.075
      vertex 61.2 102 107.975
    endloop
  endfacet
  facet normal 0 -1 0
    outer loop
      vertex 61.5647 102 111.107
      vertex 61.8787 102 108.02
      vertex 62.5459 102 108.152
    endloop
  endfacet
  facet normal 0 -1 0
    outer loop
      vertex 61.2 102 111.075
      vertex 61.8787 102 108.02
      vertex 61.5647 102 111.107
    endloop
  endfacet
  facet normal 1 0 0
    outer loop
      vertex -65.2 -61.1036 34.2873
      vertex -65.2 -94.7556 44.4411
      vertex -65.2 -62.1418 33.4907
    endloop
  endfacet
  facet normal 1 0 0
    outer loop
      vertex -65.2 -65.4904 29.5
      vertex -65.2 -89.3426 13.3783
      vertex -65.2 -89.3 13
    endloop
  endfacet
  facet normal 1 -0 -0
    outer loop
      vertex -65.2 -94.6139 43.8024
      vertex -65.2 -62.1418 33.4907
      vertex -65.2 -94.7556 44.4411
    endloop
  endfacet
  facet normal 1 0 0
    outer loop
      vertex -65.2 -65.4904 29.5
      vertex -65.2 -89.4684 13.7376
      vertex -65.2 -89.3426 13.3783
    endloop
  endfacet
  facet normal 1 -0 -0
    outer loop
      vertex -65.2 -94.5285 43.1537
      vertex -65.2 -63.1066 32.6066
      vertex -65.2 -94.6139 43.8024
    endloop
  endfacet
  facet normal 1 -0 0
    outer loop
      vertex -65.2 -94.6139 41.1976
      vertex -65.2 -64.7873 30.6036
      vertex -65.2 -94.5285 41.8463
    endloop
  endfacet
  facet normal 1 0 0
    outer loop
      vertex -65.2 -95.2027 45.6696
      vertex -65.2 -89.6709 73.9401
      vertex -65.2 -89.9401 73.6709
    endloop
  endfacet
  facet normal 1 0 0
    outer loop
      vertex -65.2 -64.7873 30.6036
      vertex -65.2 -94.6139 41.1976
      vertex -65.2 -65.4904 29.5
    endloop
  endfacet
  facet normal 1 0 0
    outer loop
      vertex -65.2 -95.8564 46.8018
      vertex -65.2 -89.9401 73.6709
      vertex -65.2 -90.2624 73.4684
    endloop
  endfacet
  facet normal 1 -0 0
    outer loop
      vertex -65.2 -94.7556 40.5589
      vertex -65.2 -65.4904 29.5
      vertex -65.2 -94.6139 41.1976
    endloop
  endfacet
  facet normal 1 0 0
    outer loop
      vertex -65.2 -96.6967 47.8033
      vertex -65.2 -90.2624 73.4684
      vertex -65.2 -90.6217 73.3426
    endloop
  endfacet
  facet normal 1 0 0
    outer loop
      vertex -65.2 -65.4904 29.5
      vertex -65.2 -89.6709 14.0599
      vertex -65.2 -89.4684 13.7376
    endloop
  endfacet
  facet normal 1 0 0
    outer loop
      vertex -65.2 -97.6982 48.6436
      vertex -65.2 -90.6217 73.3426
      vertex -65.2 -91 73.3
    endloop
  endfacet
  facet normal 1 -0 0
    outer loop
      vertex -65.2 -94.9523 39.9348
      vertex -65.2 -65.4904 29.5
      vertex -65.2 -94.7556 40.5589
    endloop
  endfacet
  facet normal 1 0 0
    outer loop
      vertex -65.2 -98.25 48.9952
      vertex -65.2 -91 73.3
      vertex -65.2 -91.3783 73.3426
    endloop
  endfacet
  facet normal 1 -0 0
    outer loop
      vertex -65.2 -95.2027 39.3304
      vertex -65.2 -65.4904 29.5
      vertex -65.2 -94.9523 39.9348
    endloop
  endfacet
  facet normal 1 0 0
    outer loop
      vertex -65.2 -99.4348 49.5477
      vertex -65.2 -91.3783 73.3426
      vertex -65.2 -91.7376 73.4684
    endloop
  endfacet
  facet normal 1 0 0
    outer loop
      vertex -65.2 -65.4904 29.5
      vertex -65.2 -89.9401 14.3291
      vertex -65.2 -89.6709 14.0599
    endloop
  endfacet
  facet normal 1 0 0
    outer loop
      vertex -65.2 -100.698 49.8861
      vertex -65.2 -91.7376 73.4684
      vertex -65.2 -92.0599 73.6709
    endloop
  endfacet
  facet normal 1 -0 0
    outer loop
      vertex -65.2 -95.5048 38.75
      vertex -65.2 -65.4904 29.5
      vertex -65.2 -95.2027 39.3304
    endloop
  endfacet
  facet normal 1 0 0
    outer loop
      vertex -65.2 -102 50
      vertex -65.2 -92.0599 73.6709
      vertex -65.2 -92.3291 73.9401
    endloop
  endfacet
  facet normal 1 -0 0
    outer loop
      vertex -65.2 -95.8564 38.1982
      vertex -65.2 -65.4904 29.5
      vertex -65.2 -95.5048 38.75
    endloop
  endfacet
  facet normal 1 0 0
    outer loop
      vertex -65.2 -102 80
      vertex -65.2 -92.3291 73.9401
      vertex -65.2 -92.5316 74.2624
    endloop
  endfacet
  facet normal 1 0 0
    outer loop
      vertex -65.2 -65.4904 29.5
      vertex -65.2 -90.2624 14.5316
      vertex -65.2 -89.9401 14.3291
    endloop
  endfacet
  facet normal 1 0 0
    outer loop
      vertex -65.2 -102 80
      vertex -65.2 -92.5316 74.2624
      vertex -65.2 -92.6574 74.6217
    endloop
  endfacet
  facet normal 1 0 0
    outer loop
      vertex -65.2 -65.4904 29.5
      vertex -65.2 -95.8564 38.1982
      vertex -65.2 -90.2624 14.5316
    endloop
  endfacet
  facet normal 1 0 0
    outer loop
      vertex -65.2 -102 80
      vertex -65.2 -92.6574 74.6217
      vertex -65.2 -92.7 75
    endloop
  endfacet
  facet normal 1 -0 0
    outer loop
      vertex -65.2 -96.2547 37.6791
      vertex -65.2 -90.2624 14.5316
      vertex -65.2 -95.8564 38.1982
    endloop
  endfacet
  facet normal 1 0 0
    outer loop
      vertex -65.2 -1.53165 13.7376
      vertex -65.2 -37.5571 23.3073
      vertex -65.2 -37.5 22
    endloop
  endfacet
  facet normal 1 0 0
    outer loop
      vertex -65.2 -1.53165 38.7376
      vertex -65.2 -37.7279 24.6047
      vertex -65.2 -37.5571 23.3073
    endloop
  endfacet
  facet normal 1 0 0
    outer loop
      vertex -65.2 -1.53165 38.7376
      vertex -65.2 -38.0111 25.8823
      vertex -65.2 -37.7279 24.6047
    endloop
  endfacet
  facet normal 1 0 0
    outer loop
      vertex -65.2 -1.53165 38.7376
      vertex -65.2 -38.4046 27.1303
      vertex -65.2 -38.0111 25.8823
    endloop
  endfacet
  facet normal 1 0 0
    outer loop
      vertex -65.2 -1.53165 38.7376
      vertex -65.2 -38.9054 28.3393
      vertex -65.2 -38.4046 27.1303
    endloop
  endfacet
  facet normal 1 0 0
    outer loop
      vertex -65.2 -1.53165 38.7376
      vertex -65.2 -39.5096 29.5
      vertex -65.2 -38.9054 28.3393
    endloop
  endfacet
  facet normal 1 0 0
    outer loop
      vertex -65.2 -1.53165 38.7376
      vertex -65.2 -40.2127 30.6036
      vertex -65.2 -39.5096 29.5
    endloop
  endfacet
  facet normal 1 0 0
    outer loop
      vertex -65.2 -1.53165 38.7376
      vertex -65.2 -41.0093 31.6418
      vertex -65.2 -40.2127 30.6036
    endloop
  endfacet
  facet normal 1 0 0
    outer loop
      vertex -65.2 -1.53165 38.7376
      vertex -65.2 -41.8934 32.6066
      vertex -65.2 -41.0093 31.6418
    endloop
  endfacet
  facet normal 1 0 0
    outer loop
      vertex -65.2 -1.53165 38.7376
      vertex -65.2 -42.8582 33.4907
      vertex -65.2 -41.8934 32.6066
    endloop
  endfacet
  facet normal 1 0 0
    outer loop
      vertex -65.2 -17 80
      vertex -65.2 -43.8964 34.2873
      vertex -65.2 -42.8582 33.4907
    endloop
  endfacet
  facet normal 1 0 0
    outer loop
      vertex -65.2 -17 80
      vertex -65.2 -45 34.9904
      vertex -65.2 -43.8964 34.2873
    endloop
  endfacet
  facet normal 1 0 0
    outer loop
      vertex -65.2 -17 80
      vertex -65.2 -46.1607 35.5946
      vertex -65.2 -45 34.9904
    endloop
  endfacet
  facet normal 1 0 0
    outer loop
      vertex -65.2 -17 80
      vertex -65.2 -47.3697 36.0954
      vertex -65.2 -46.1607 35.5946
    endloop
  endfacet
  facet normal 1 0 0
    outer loop
      vertex -65.2 -17 80
      vertex -65.2 -48.6177 36.4889
      vertex -65.2 -47.3697 36.0954
    endloop
  endfacet
  facet normal 1 0 0
    outer loop
      vertex -65.2 -17 80
      vertex -65.2 -49.8953 36.7721
      vertex -65.2 -48.6177 36.4889
    endloop
  endfacet
  facet normal 1 0 0
    outer loop
      vertex -65.2 -17 80
      vertex -65.2 -51.1927 36.9429
      vertex -65.2 -49.8953 36.7721
    endloop
  endfacet
  facet normal 1 0 0
    outer loop
      vertex -65.2 -17 80
      vertex -65.2 -52.5 37
      vertex -65.2 -51.1927 36.9429
    endloop
  endfacet
  facet normal 1 -0 0
    outer loop
      vertex -65.2 -89.3 75
      vertex -65.2 -52.5 37
      vertex -65.2 -17 80
    endloop
  endfacet
  facet normal 1 0 0
    outer loop
      vertex -65.2 -52.5 37
      vertex -65.2 -89.3 75
      vertex -65.2 -53.8073 36.9429
    endloop
  endfacet
  facet normal 1 -0 0
    outer loop
      vertex -65.2 -89.3426 74.6217
      vertex -65.2 -53.8073 36.9429
      vertex -65.2 -89.3 75
    endloop
  endfacet
  facet normal 1 0 0
    outer loop
      vertex -65.2 -53.8073 36.9429
      vertex -65.2 -89.3426 74.6217
      vertex -65.2 -55.1047 36.7721
    endloop
  endfacet
  facet normal 1 0 0
    outer loop
      vertex -65.2 -55.1047 36.7721
      vertex -65.2 -89.3426 74.6217
      vertex -65.2 -56.3823 36.4889
    endloop
  endfacet
  facet normal 1 -0 0
    outer loop
      vertex -65.2 -89.4684 74.2624
      vertex -65.2 -56.3823 36.4889
      vertex -65.2 -89.3426 74.6217
    endloop
  endfacet
  facet normal 1 0 0
    outer loop
      vertex -65.2 -56.3823 36.4889
      vertex -65.2 -89.4684 74.2624
      vertex -65.2 -57.6303 36.0954
    endloop
  endfacet
  facet normal 1 -0 0
    outer loop
      vertex -65.2 -89.6709 73.9401
      vertex -65.2 -57.6303 36.0954
      vertex -65.2 -89.4684 74.2624
    endloop
  endfacet
  facet normal 1 0 0
    outer loop
      vertex -65.2 -57.6303 36.0954
      vertex -65.2 -89.6709 73.9401
      vertex -65.2 -58.8393 35.5946
    endloop
  endfacet
  facet normal 1 0 0
    outer loop
      vertex -65.2 -67.2721 24.6047
      vertex -65.2 -89.3 13
      vertex -65.2 -67.4429 23.3073
    endloop
  endfacet
  facet normal 1 0 0
    outer loop
      vertex -65.2 -66.9889 25.8823
      vertex -65.2 -89.3 13
      vertex -65.2 -67.2721 24.6047
    endloop
  endfacet
  facet normal 1 0 0
    outer loop
      vertex -65.2 -66.5954 27.1303
      vertex -65.2 -89.3 13
      vertex -65.2 -66.9889 25.8823
    endloop
  endfacet
  facet normal 1 0 0
    outer loop
      vertex -65.2 -66.0946 28.3393
      vertex -65.2 -89.3 13
      vertex -65.2 -66.5954 27.1303
    endloop
  endfacet
  facet normal 1 0 0
    outer loop
      vertex -65.2 -65.4904 29.5
      vertex -65.2 -89.3 13
      vertex -65.2 -66.0946 28.3393
    endloop
  endfacet
  facet normal 1 -0 -0
    outer loop
      vertex -65.2 -94.7556 44.4411
      vertex -65.2 -61.1036 34.2873
      vertex -65.2 -94.9523 45.0652
    endloop
  endfacet
  facet normal 1 -0 -0
    outer loop
      vertex -65.2 -94.9523 45.0652
      vertex -65.2 -61.1036 34.2873
      vertex -65.2 -95.2027 45.6696
    endloop
  endfacet
  facet normal 1 0 0
    outer loop
      vertex -65.2 -60 34.9904
      vertex -65.2 -95.2027 45.6696
      vertex -65.2 -61.1036 34.2873
    endloop
  endfacet
  facet normal 1 -0 0
    outer loop
      vertex -65.2 -95.2027 45.6696
      vertex -65.2 -60 34.9904
      vertex -65.2 -89.6709 73.9401
    endloop
  endfacet
  facet normal 1 0 0
    outer loop
      vertex -65.2 -58.8393 35.5946
      vertex -65.2 -89.6709 73.9401
      vertex -65.2 -60 34.9904
    endloop
  endfacet
  facet normal 1 0 0
    outer loop
      vertex -65.2 -17 80
      vertex -65.2 -89.3426 75.3783
      vertex -65.2 -89.3 75
    endloop
  endfacet
  facet normal 1 0 0
    outer loop
      vertex -65.2 -17 80
      vertex -65.2 -89.4684 75.7376
      vertex -65.2 -89.3426 75.3783
    endloop
  endfacet
  facet normal 1 0 0
    outer loop
      vertex -65.2 -17 80
      vertex -65.2 -89.6709 76.0599
      vertex -65.2 -89.4684 75.7376
    endloop
  endfacet
  facet normal 1 0 0
    outer loop
      vertex -65.2 -17 80
      vertex -65.2 -89.9401 76.3291
      vertex -65.2 -89.6709 76.0599
    endloop
  endfacet
  facet normal 1 0 0
    outer loop
      vertex -65.2 -17 80
      vertex -65.2 -90.2624 76.5316
      vertex -65.2 -89.9401 76.3291
    endloop
  endfacet
  facet normal 1 0 0
    outer loop
      vertex -65.2 -17 80
      vertex -65.2 -90.6217 76.6574
      vertex -65.2 -90.2624 76.5316
    endloop
  endfacet
  facet normal 1 -0 0
    outer loop
      vertex -65.2 -102 80
      vertex -65.2 -90.6217 76.6574
      vertex -65.2 -17 80
    endloop
  endfacet
  facet normal 1 0 0
    outer loop
      vertex -65.2 -90.2624 14.5316
      vertex -65.2 -96.2547 37.6791
      vertex -65.2 -90.6217 14.6574
    endloop
  endfacet
  facet normal 1 -0 0
    outer loop
      vertex -65.2 -94.5285 41.8463
      vertex -65.2 -64.7873 30.6036
      vertex -65.2 -94.5 42.5
    endloop
  endfacet
  facet normal 1 0 0
    outer loop
      vertex -65.2 -63.9907 31.6418
      vertex -65.2 -94.5 42.5
      vertex -65.2 -64.7873 30.6036
    endloop
  endfacet
  facet normal 1 -0 -0
    outer loop
      vertex -65.2 -94.5 42.5
      vertex -65.2 -63.9907 31.6418
      vertex -65.2 -94.5285 43.1537
    endloop
  endfacet
  facet normal 1 0 0
    outer loop
      vertex -65.2 -63.1066 32.6066
      vertex -65.2 -94.5285 43.1537
      vertex -65.2 -63.9907 31.6418
    endloop
  endfacet
  facet normal 1 0 0
    outer loop
      vertex -65.2 -62.1418 33.4907
      vertex -65.2 -94.6139 43.8024
      vertex -65.2 -63.1066 32.6066
    endloop
  endfacet
  facet normal 1 0 0
    outer loop
      vertex -65.2 -89.9401 73.6709
      vertex -65.2 -95.5048 46.25
      vertex -65.2 -95.2027 45.6696
    endloop
  endfacet
  facet normal 1 0 0
    outer loop
      vertex -65.2 -89.9401 73.6709
      vertex -65.2 -95.8564 46.8018
      vertex -65.2 -95.5048 46.25
    endloop
  endfacet
  facet normal 1 0 0
    outer loop
      vertex -65.2 -90.2624 73.4684
      vertex -65.2 -96.2547 47.3209
      vertex -65.2 -95.8564 46.8018
    endloop
  endfacet
  facet normal 1 0 0
    outer loop
      vertex -65.2 -102 80
      vertex -65.2 -92.7 75
      vertex -65.2 -92.6574 75.3783
    endloop
  endfacet
  facet normal 1 0 0
    outer loop
      vertex -65.2 -90.2624 73.4684
      vertex -65.2 -96.6967 47.8033
      vertex -65.2 -96.2547 47.3209
    endloop
  endfacet
  facet normal 1 0 0
    outer loop
      vertex -65.2 -90.6217 73.3426
      vertex -65.2 -97.1791 48.2453
      vertex -65.2 -96.6967 47.8033
    endloop
  endfacet
  facet normal 1 0 0
    outer loop
      vertex -65.2 -90.6217 73.3426
      vertex -65.2 -97.6982 48.6436
      vertex -65.2 -97.1791 48.2453
    endloop
  endfacet
  facet normal 1 0 0
    outer loop
      vertex -65.2 -91 73.3
      vertex -65.2 -98.25 48.9952
      vertex -65.2 -97.6982 48.6436
    endloop
  endfacet
  facet normal 1 0 0
    outer loop
      vertex -65.2 -91.3783 73.3426
      vertex -65.2 -98.8304 49.2973
      vertex -65.2 -98.25 48.9952
    endloop
  endfacet
  facet normal 1 0 0
    outer loop
      vertex -65.2 -91.3783 73.3426
      vertex -65.2 -99.4348 49.5477
      vertex -65.2 -98.8304 49.2973
    endloop
  endfacet
  facet normal 1 0 0
    outer loop
      vertex -65.2 -91.7376 73.4684
      vertex -65.2 -100.059 49.7444
      vertex -65.2 -99.4348 49.5477
    endloop
  endfacet
  facet normal 1 0 0
    outer loop
      vertex -65.2 -91.7376 73.4684
      vertex -65.2 -100.698 49.8861
      vertex -65.2 -100.059 49.7444
    endloop
  endfacet
  facet normal 1 0 0
    outer loop
      vertex -65.2 -92.0599 73.6709
      vertex -65.2 -101.346 49.9715
      vertex -65.2 -100.698 49.8861
    endloop
  endfacet
  facet normal 1 0 0
    outer loop
      vertex -65.2 -90.6217 76.6574
      vertex -65.2 -102 80
      vertex -65.2 -91 76.7
    endloop
  endfacet
  facet normal 1 0 0
    outer loop
      vertex -65.2 -102 80
      vertex -65.2 -91.3783 76.6574
      vertex -65.2 -91 76.7
    endloop
  endfacet
  facet normal 1 0 0
    outer loop
      vertex -65.2 -102 80
      vertex -65.2 -91.7376 76.5316
      vertex -65.2 -91.3783 76.6574
    endloop
  endfacet
  facet normal 1 0 0
    outer loop
      vertex -65.2 -102 80
      vertex -65.2 -92.0599 76.3291
      vertex -65.2 -91.7376 76.5316
    endloop
  endfacet
  facet normal 1 0 0
    outer loop
      vertex -65.2 -102 80
      vertex -65.2 -92.3291 76.0599
      vertex -65.2 -92.0599 76.3291
    endloop
  endfacet
  facet normal 1 0 0
    outer loop
      vertex -65.2 -102 80
      vertex -65.2 -92.5316 75.7376
      vertex -65.2 -92.3291 76.0599
    endloop
  endfacet
  facet normal 1 0 0
    outer loop
      vertex -65.2 -102 80
      vertex -65.2 -92.6574 75.3783
      vertex -65.2 -92.5316 75.7376
    endloop
  endfacet
  facet normal 1 0 0
    outer loop
      vertex -65.2 -92.3291 73.9401
      vertex -65.2 -102 80
      vertex -65.2 -102 50
    endloop
  endfacet
  facet normal 1 0 0
    outer loop
      vertex -65.2 -92.0599 73.6709
      vertex -65.2 -102 50
      vertex -65.2 -101.346 49.9715
    endloop
  endfacet
  facet normal 1 -0 0
    outer loop
      vertex -65.2 1.32911 36.9401
      vertex -65.2 32.3779 24.6047
      vertex -65.2 1.53165 37.2624
    endloop
  endfacet
  facet normal 1 0 0
    outer loop
      vertex -65.2 32.2071 23.3073
      vertex -65.2 1.65738 13.3783
      vertex -65.2 1.7 13
    endloop
  endfacet
  facet normal 1 0 0
    outer loop
      vertex -65.2 32.3779 24.6047
      vertex -65.2 1.32911 36.9401
      vertex -65.2 32.2071 23.3073
    endloop
  endfacet
  facet normal 1 0 0
    outer loop
      vertex -65.2 32.2071 23.3073
      vertex -65.2 1.53165 13.7376
      vertex -65.2 1.65738 13.3783
    endloop
  endfacet
  facet normal 1 0 0
    outer loop
      vertex -65.2 1.32911 14.0599
      vertex -65.2 32.2071 23.3073
      vertex -65.2 1.32911 36.9401
    endloop
  endfacet
  facet normal 1 0 0
    outer loop
      vertex -65.2 32.2071 23.3073
      vertex -65.2 1.32911 14.0599
      vertex -65.2 1.53165 13.7376
    endloop
  endfacet
  facet normal 1 -0 0
    outer loop
      vertex -65.2 1.05993 36.6709
      vertex -65.2 1.32911 14.0599
      vertex -65.2 1.32911 36.9401
    endloop
  endfacet
  facet normal 1 0 0
    outer loop
      vertex -65.2 1.05993 36.6709
      vertex -65.2 1.05993 14.3291
      vertex -65.2 1.32911 14.0599
    endloop
  endfacet
  facet normal 1 -0 0
    outer loop
      vertex -65.2 0.737602 36.4684
      vertex -65.2 1.05993 14.3291
      vertex -65.2 1.05993 36.6709
    endloop
  endfacet
  facet normal 1 0 0
    outer loop
      vertex -65.2 0.737602 36.4684
      vertex -65.2 0.737602 14.5316
      vertex -65.2 1.05993 14.3291
    endloop
  endfacet
  facet normal 1 -0 0
    outer loop
      vertex -65.2 0.378285 36.3426
      vertex -65.2 0.737602 14.5316
      vertex -65.2 0.737602 36.4684
    endloop
  endfacet
  facet normal 1 0 0
    outer loop
      vertex -65.2 0.378285 36.3426
      vertex -65.2 0.378285 14.6574
      vertex -65.2 0.737602 14.5316
    endloop
  endfacet
  facet normal 1 -0 0
    outer loop
      vertex -65.2 0 36.3
      vertex -65.2 0.378285 14.6574
      vertex -65.2 0.378285 36.3426
    endloop
  endfacet
  facet normal 1 0 0
    outer loop
      vertex -65.2 0 36.3
      vertex -65.2 0 14.7
      vertex -65.2 0.378285 14.6574
    endloop
  endfacet
  facet normal 1 0 0
    outer loop
      vertex -65.2 -0.378285 36.3426
      vertex -65.2 0 14.7
      vertex -65.2 0 36.3
    endloop
  endfacet
  facet normal 1 0 0
    outer loop
      vertex -65.2 -0.378285 36.3426
      vertex -65.2 -0.378285 14.6574
      vertex -65.2 0 14.7
    endloop
  endfacet
  facet normal 1 0 0
    outer loop
      vertex -65.2 -0.737602 36.4684
      vertex -65.2 -0.378285 14.6574
      vertex -65.2 -0.378285 36.3426
    endloop
  endfacet
  facet normal 1 0 0
    outer loop
      vertex -65.2 -0.737602 36.4684
      vertex -65.2 -0.737602 14.5316
      vertex -65.2 -0.378285 14.6574
    endloop
  endfacet
  facet normal 1 0 0
    outer loop
      vertex -65.2 -1.05993 36.6709
      vertex -65.2 -0.737602 14.5316
      vertex -65.2 -0.737602 36.4684
    endloop
  endfacet
  facet normal 1 0 0
    outer loop
      vertex -65.2 -1.05993 36.6709
      vertex -65.2 -1.05993 14.3291
      vertex -65.2 -0.737602 14.5316
    endloop
  endfacet
  facet normal 1 0 0
    outer loop
      vertex -65.2 -1.32911 36.9401
      vertex -65.2 -1.05993 14.3291
      vertex -65.2 -1.05993 36.6709
    endloop
  endfacet
  facet normal 1 0 0
    outer loop
      vertex -65.2 -1.32911 36.9401
      vertex -65.2 -1.32911 14.0599
      vertex -65.2 -1.05993 14.3291
    endloop
  endfacet
  facet normal 1 0 0
    outer loop
      vertex -65.2 -37.5571 23.3073
      vertex -65.2 -1.32911 36.9401
      vertex -65.2 -1.53165 37.2624
    endloop
  endfacet
  facet normal 1 -0 0
    outer loop
      vertex -65.2 -37.5571 23.3073
      vertex -65.2 -1.32911 14.0599
      vertex -65.2 -1.32911 36.9401
    endloop
  endfacet
  facet normal 1 0 0
    outer loop
      vertex -65.2 -37.5571 23.3073
      vertex -65.2 -1.53165 37.2624
      vertex -65.2 -1.65738 37.6217
    endloop
  endfacet
  facet normal 1 0 0
    outer loop
      vertex -65.2 -37.5571 23.3073
      vertex -65.2 -1.53165 13.7376
      vertex -65.2 -1.32911 14.0599
    endloop
  endfacet
  facet normal 1 0 0
    outer loop
      vertex -65.2 -37.5571 23.3073
      vertex -65.2 -1.65738 37.6217
      vertex -65.2 -1.7 38
    endloop
  endfacet
  facet normal 1 -0 0
    outer loop
      vertex -65.2 -37.5571 20.6927
      vertex -65.2 -1.53165 13.7376
      vertex -65.2 -37.5 22
    endloop
  endfacet
  facet normal 1 0 0
    outer loop
      vertex -65.2 34.8627 30.6036
      vertex -65.2 1.65738 38.3783
      vertex -65.2 1.7 38
    endloop
  endfacet
  facet normal 1 0 0
    outer loop
      vertex -65.2 37.5082 33.4907
      vertex -65.2 1.53165 38.7376
      vertex -65.2 1.65738 38.3783
    endloop
  endfacet
  facet normal 1 0 0
    outer loop
      vertex -65.2 7.41379 69.8679
      vertex -65.2 1.32911 39.0599
      vertex -65.2 1.53165 38.7376
    endloop
  endfacet
  facet normal 1 0 0
    outer loop
      vertex -65.2 7.41379 69.8679
      vertex -65.2 1.05993 39.3291
      vertex -65.2 1.32911 39.0599
    endloop
  endfacet
  facet normal 1 0 0
    outer loop
      vertex -65.2 7.41379 69.8679
      vertex -65.2 0.737602 39.5316
      vertex -65.2 1.05993 39.3291
    endloop
  endfacet
  facet normal 1 0 0
    outer loop
      vertex -65.2 7.41379 69.8679
      vertex -65.2 0.378285 39.6574
      vertex -65.2 0.737602 39.5316
    endloop
  endfacet
  facet normal 1 0 0
    outer loop
      vertex -65.2 7.41379 69.8679
      vertex -65.2 0 39.7
      vertex -65.2 0.378285 39.6574
    endloop
  endfacet
  facet normal 1 0 0
    outer loop
      vertex -65.2 7.41379 69.8679
      vertex -65.2 -0.378285 39.6574
      vertex -65.2 0 39.7
    endloop
  endfacet
  facet normal 1 0 0
    outer loop
      vertex -65.2 7.41379 69.8679
      vertex -65.2 -0.737602 39.5316
      vertex -65.2 -0.378285 39.6574
    endloop
  endfacet
  facet normal 1 0 0
    outer loop
      vertex -65.2 -17 80
      vertex -65.2 -0.737602 39.5316
      vertex -65.2 7.41379 69.8679
    endloop
  endfacet
  facet normal 1 0 0
    outer loop
      vertex -65.2 -0.737602 39.5316
      vertex -65.2 -17 80
      vertex -65.2 -1.05993 39.3291
    endloop
  endfacet
  facet normal 1 0 0
    outer loop
      vertex -65.2 -1.05993 39.3291
      vertex -65.2 -17 80
      vertex -65.2 -1.32911 39.0599
    endloop
  endfacet
  facet normal 1 0 0
    outer loop
      vertex -65.2 -42.8582 33.4907
      vertex -65.2 -1.32911 39.0599
      vertex -65.2 -17 80
    endloop
  endfacet
  facet normal 1 0 0
    outer loop
      vertex -65.2 -1.32911 39.0599
      vertex -65.2 -42.8582 33.4907
      vertex -65.2 -1.53165 38.7376
    endloop
  endfacet
  facet normal 1 -0 0
    outer loop
      vertex -65.2 -17 80
      vertex -65.2 7.41379 69.8679
      vertex -65.2 -13.3751 80.7574
    endloop
  endfacet
  facet normal 1 -0 0
    outer loop
      vertex -65.2 -13.3751 80.7574
      vertex -65.2 7.41379 69.8679
      vertex -65.2 -7.71829 85
    endloop
  endfacet
  facet normal 1 0 0
    outer loop
      vertex -65.2 92.3291 73.9401
      vertex -65.2 102 85
      vertex -65.2 92.5316 74.2624
    endloop
  endfacet
  facet normal 1 0 0
    outer loop
      vertex -65.2 102 3
      vertex -65.2 92.6574 13.3783
      vertex -65.2 92.7 13
    endloop
  endfacet
  facet normal 1 0 0
    outer loop
      vertex -65.2 102 85
      vertex -65.2 92.3291 73.9401
      vertex -65.2 102 3
    endloop
  endfacet
  facet normal 1 0 0
    outer loop
      vertex -65.2 102 3
      vertex -65.2 92.5316 13.7376
      vertex -65.2 92.6574 13.3783
    endloop
  endfacet
  facet normal 1 -0 0
    outer loop
      vertex -65.2 92.3291 14.0599
      vertex -65.2 102 3
      vertex -65.2 92.3291 73.9401
    endloop
  endfacet
  facet normal 1 0 0
    outer loop
      vertex -65.2 102 3
      vertex -65.2 92.3291 14.0599
      vertex -65.2 92.5316 13.7376
    endloop
  endfacet
  facet normal 1 -0 0
    outer loop
      vertex -65.2 92.0599 73.6709
      vertex -65.2 92.3291 14.0599
      vertex -65.2 92.3291 73.9401
    endloop
  endfacet
  facet normal 1 0 0
    outer loop
      vertex -65.2 92.0599 73.6709
      vertex -65.2 92.0599 14.3291
      vertex -65.2 92.3291 14.0599
    endloop
  endfacet
  facet normal 1 -0 0
    outer loop
      vertex -65.2 91.7376 73.4684
      vertex -65.2 92.0599 14.3291
      vertex -65.2 92.0599 73.6709
    endloop
  endfacet
  facet normal 1 0 0
    outer loop
      vertex -65.2 91.7376 73.4684
      vertex -65.2 91.7376 14.5316
      vertex -65.2 92.0599 14.3291
    endloop
  endfacet
  facet normal 1 -0 0
    outer loop
      vertex -65.2 91.3783 73.3426
      vertex -65.2 91.7376 14.5316
      vertex -65.2 91.7376 73.4684
    endloop
  endfacet
  facet normal 1 0 0
    outer loop
      vertex -65.2 91.3783 73.3426
      vertex -65.2 91.3783 14.6574
      vertex -65.2 91.7376 14.5316
    endloop
  endfacet
  facet normal 1 -0 0
    outer loop
      vertex -65.2 91 73.3
      vertex -65.2 91.3783 14.6574
      vertex -65.2 91.3783 73.3426
    endloop
  endfacet
  facet normal 1 0 0
    outer loop
      vertex -65.2 91 73.3
      vertex -65.2 91 14.7
      vertex -65.2 91.3783 14.6574
    endloop
  endfacet
  facet normal 1 0 0
    outer loop
      vertex -65.2 90.6217 73.3426
      vertex -65.2 91 14.7
      vertex -65.2 91 73.3
    endloop
  endfacet
  facet normal 1 0 0
    outer loop
      vertex -65.2 90.6217 73.3426
      vertex -65.2 90.6217 14.6574
      vertex -65.2 91 14.7
    endloop
  endfacet
  facet normal 1 0 0
    outer loop
      vertex -65.2 59.4373 30.6036
      vertex -65.2 90.6217 73.3426
      vertex -65.2 90.2624 73.4684
    endloop
  endfacet
  facet normal 1 0 0
    outer loop
      vertex -65.2 90.6217 73.3426
      vertex -65.2 60.1404 29.5
      vertex -65.2 90.6217 14.6574
    endloop
  endfacet
  facet normal 1 0 0
    outer loop
      vertex -65.2 57.7566 32.6066
      vertex -65.2 90.2624 73.4684
      vertex -65.2 89.9401 73.6709
    endloop
  endfacet
  facet normal 1 -0 -0
    outer loop
      vertex -65.2 60.7446 28.3393
      vertex -65.2 90.6217 14.6574
      vertex -65.2 60.1404 29.5
    endloop
  endfacet
  facet normal 1 0 0
    outer loop
      vertex -65.2 55.7536 34.2873
      vertex -65.2 89.9401 73.6709
      vertex -65.2 89.6709 73.9401
    endloop
  endfacet
  facet normal 1 0 0
    outer loop
      vertex -65.2 90.6217 14.6574
      vertex -65.2 60.7446 28.3393
      vertex -65.2 90.2624 14.5316
    endloop
  endfacet
  facet normal 1 0 0
    outer loop
      vertex -65.2 54.65 34.9904
      vertex -65.2 89.6709 73.9401
      vertex -65.2 89.4684 74.2624
    endloop
  endfacet
  facet normal 1 -0 -0
    outer loop
      vertex -65.2 61.2454 27.1303
      vertex -65.2 90.2624 14.5316
      vertex -65.2 60.7446 28.3393
    endloop
  endfacet
  facet normal 1 0 0
    outer loop
      vertex -65.2 52.2803 36.0954
      vertex -65.2 89.4684 74.2624
      vertex -65.2 89.3426 74.6217
    endloop
  endfacet
  facet normal 1 -0 -0
    outer loop
      vertex -65.2 61.6389 25.8823
      vertex -65.2 90.2624 14.5316
      vertex -65.2 61.2454 27.1303
    endloop
  endfacet
  facet normal 1 0 0
    outer loop
      vertex -65.2 49.7547 36.7721
      vertex -65.2 89.3426 74.6217
      vertex -65.2 89.3 75
    endloop
  endfacet
  facet normal 1 0 0
    outer loop
      vertex -65.2 90.2624 14.5316
      vertex -65.2 61.6389 25.8823
      vertex -65.2 89.9401 14.3291
    endloop
  endfacet
  facet normal 1 0 0
    outer loop
      vertex -65.2 92.6574 74.6217
      vertex -65.2 102 85
      vertex -65.2 92.7 75
    endloop
  endfacet
  facet normal 1 0 0
    outer loop
      vertex -65.2 102 85
      vertex -65.2 92.6574 75.3783
      vertex -65.2 92.7 75
    endloop
  endfacet
  facet normal 1 0 0
    outer loop
      vertex -65.2 102 85
      vertex -65.2 92.5316 75.7376
      vertex -65.2 92.6574 75.3783
    endloop
  endfacet
  facet normal 1 0 0
    outer loop
      vertex -65.2 102 85
      vertex -65.2 92.3291 76.0599
      vertex -65.2 92.5316 75.7376
    endloop
  endfacet
  facet normal 1 0 0
    outer loop
      vertex -65.2 102 85
      vertex -65.2 92.0599 76.3291
      vertex -65.2 92.3291 76.0599
    endloop
  endfacet
  facet normal 1 0 0
    outer loop
      vertex -65.2 102 85
      vertex -65.2 91.7376 76.5316
      vertex -65.2 92.0599 76.3291
    endloop
  endfacet
  facet normal 1 0 0
    outer loop
      vertex -65.2 102 85
      vertex -65.2 91.3783 76.6574
      vertex -65.2 91.7376 76.5316
    endloop
  endfacet
  facet normal 1 0 0
    outer loop
      vertex -65.2 102 85
      vertex -65.2 91 76.7
      vertex -65.2 91.3783 76.6574
    endloop
  endfacet
  facet normal 1 0 0
    outer loop
      vertex -65.2 102 85
      vertex -65.2 90.6217 76.6574
      vertex -65.2 91 76.7
    endloop
  endfacet
  facet normal 1 0 0
    outer loop
      vertex -65.2 102 85
      vertex -65.2 90.2624 76.5316
      vertex -65.2 90.6217 76.6574
    endloop
  endfacet
  facet normal 1 -0 0
    outer loop
      vertex -65.2 22.5459 85
      vertex -65.2 90.2624 76.5316
      vertex -65.2 102 85
    endloop
  endfacet
  facet normal 1 -0 -0
    outer loop
      vertex -65.2 61.9221 24.6047
      vertex -65.2 89.9401 14.3291
      vertex -65.2 61.6389 25.8823
    endloop
  endfacet
  facet normal 1 0 0
    outer loop
      vertex -65.2 22.5459 85
      vertex -65.2 89.3 75
      vertex -65.2 89.3426 75.3783
    endloop
  endfacet
  facet normal 1 0 0
    outer loop
      vertex -65.2 22.5459 85
      vertex -65.2 89.3426 75.3783
      vertex -65.2 89.4684 75.7376
    endloop
  endfacet
  facet normal 1 0 0
    outer loop
      vertex -65.2 89.4684 13.7376
      vertex -65.2 62.0929 20.6927
      vertex -65.2 89.3426 13.3783
    endloop
  endfacet
  facet normal 1 -0 0
    outer loop
      vertex -65.2 62.0929 20.6927
      vertex -65.2 89.4684 13.7376
      vertex -65.2 62.15 22
    endloop
  endfacet
  facet normal 1 0 0
    outer loop
      vertex -65.2 89.6709 14.0599
      vertex -65.2 62.15 22
      vertex -65.2 89.4684 13.7376
    endloop
  endfacet
  facet normal 1 -0 -0
    outer loop
      vertex -65.2 62.15 22
      vertex -65.2 89.6709 14.0599
      vertex -65.2 62.0929 23.3073
    endloop
  endfacet
  facet normal 1 0 0
    outer loop
      vertex -65.2 89.9401 14.3291
      vertex -65.2 62.0929 23.3073
      vertex -65.2 89.6709 14.0599
    endloop
  endfacet
  facet normal 1 -0 -0
    outer loop
      vertex -65.2 62.0929 23.3073
      vertex -65.2 89.9401 14.3291
      vertex -65.2 61.9221 24.6047
    endloop
  endfacet
  facet normal 1 0 0
    outer loop
      vertex -65.2 22.5459 85
      vertex -65.2 89.4684 75.7376
      vertex -65.2 89.6709 76.0599
    endloop
  endfacet
  facet normal 1 0 0
    outer loop
      vertex -65.2 90.6217 73.3426
      vertex -65.2 59.4373 30.6036
      vertex -65.2 60.1404 29.5
    endloop
  endfacet
  facet normal 1 0 0
    outer loop
      vertex -65.2 90.2624 73.4684
      vertex -65.2 58.6407 31.6418
      vertex -65.2 59.4373 30.6036
    endloop
  endfacet
  facet normal 1 0 0
    outer loop
      vertex -65.2 90.2624 73.4684
      vertex -65.2 57.7566 32.6066
      vertex -65.2 58.6407 31.6418
    endloop
  endfacet
  facet normal 1 0 0
    outer loop
      vertex -65.2 89.9401 73.6709
      vertex -65.2 56.7918 33.4907
      vertex -65.2 57.7566 32.6066
    endloop
  endfacet
  facet normal 1 0 0
    outer loop
      vertex -65.2 89.9401 73.6709
      vertex -65.2 55.7536 34.2873
      vertex -65.2 56.7918 33.4907
    endloop
  endfacet
  facet normal 1 0 0
    outer loop
      vertex -65.2 89.6709 73.9401
      vertex -65.2 54.65 34.9904
      vertex -65.2 55.7536 34.2873
    endloop
  endfacet
  facet normal 1 0 0
    outer loop
      vertex -65.2 89.4684 74.2624
      vertex -65.2 53.4893 35.5946
      vertex -65.2 54.65 34.9904
    endloop
  endfacet
  facet normal 1 0 0
    outer loop
      vertex -65.2 89.4684 74.2624
      vertex -65.2 52.2803 36.0954
      vertex -65.2 53.4893 35.5946
    endloop
  endfacet
  facet normal 1 0 0
    outer loop
      vertex -65.2 89.3426 74.6217
      vertex -65.2 51.0323 36.4889
      vertex -65.2 52.2803 36.0954
    endloop
  endfacet
  facet normal 1 0 0
    outer loop
      vertex -65.2 89.3426 74.6217
      vertex -65.2 49.7547 36.7721
      vertex -65.2 51.0323 36.4889
    endloop
  endfacet
  facet normal 1 0 0
    outer loop
      vertex -65.2 22.5459 85
      vertex -65.2 89.6709 76.0599
      vertex -65.2 89.9401 76.3291
    endloop
  endfacet
  facet normal 1 0 0
    outer loop
      vertex -65.2 89.3 75
      vertex -65.2 22.5459 85
      vertex -65.2 49.7547 36.7721
    endloop
  endfacet
  facet normal 1 0 0
    outer loop
      vertex -65.2 49.7547 36.7721
      vertex -65.2 22.5459 85
      vertex -65.2 48.4573 36.9429
    endloop
  endfacet
  facet normal 1 0 0
    outer loop
      vertex -65.2 48.4573 36.9429
      vertex -65.2 22.5459 85
      vertex -65.2 47.15 37
    endloop
  endfacet
  facet normal 1 0 0
    outer loop
      vertex -65.2 47.15 37
      vertex -65.2 22.5459 85
      vertex -65.2 45.8427 36.9429
    endloop
  endfacet
  facet normal 1 0 0
    outer loop
      vertex -65.2 45.8427 36.9429
      vertex -65.2 22.5459 85
      vertex -65.2 44.5453 36.7721
    endloop
  endfacet
  facet normal 1 0 0
    outer loop
      vertex -65.2 44.5453 36.7721
      vertex -65.2 22.5459 85
      vertex -65.2 43.2677 36.4889
    endloop
  endfacet
  facet normal 1 0 0
    outer loop
      vertex -65.2 43.2677 36.4889
      vertex -65.2 22.5459 85
      vertex -65.2 42.0197 36.0954
    endloop
  endfacet
  facet normal 1 -0 0
    outer loop
      vertex -65.2 7.41379 69.8679
      vertex -65.2 42.0197 36.0954
      vertex -65.2 22.5459 85
    endloop
  endfacet
  facet normal 1 0 0
    outer loop
      vertex -65.2 42.0197 36.0954
      vertex -65.2 7.41379 69.8679
      vertex -65.2 40.8107 35.5946
    endloop
  endfacet
  facet normal 1 0 0
    outer loop
      vertex -65.2 40.8107 35.5946
      vertex -65.2 7.41379 69.8679
      vertex -65.2 39.65 34.9904
    endloop
  endfacet
  facet normal 1 -0 0
    outer loop
      vertex -65.2 1.53165 37.2624
      vertex -65.2 33.0546 27.1303
      vertex -65.2 1.65738 37.6217
    endloop
  endfacet
  facet normal 1 0 0
    outer loop
      vertex -65.2 33.5554 28.3393
      vertex -65.2 1.65738 37.6217
      vertex -65.2 33.0546 27.1303
    endloop
  endfacet
  facet normal 1 -0 0
    outer loop
      vertex -65.2 1.65738 37.6217
      vertex -65.2 33.5554 28.3393
      vertex -65.2 1.7 38
    endloop
  endfacet
  facet normal 1 0 0
    outer loop
      vertex -65.2 34.1596 29.5
      vertex -65.2 1.7 38
      vertex -65.2 33.5554 28.3393
    endloop
  endfacet
  facet normal 1 0 0
    outer loop
      vertex -65.2 34.8627 30.6036
      vertex -65.2 1.7 38
      vertex -65.2 34.1596 29.5
    endloop
  endfacet
  facet normal 1 0 0
    outer loop
      vertex -65.2 1.65738 38.3783
      vertex -65.2 34.8627 30.6036
      vertex -65.2 35.6593 31.6418
    endloop
  endfacet
  facet normal 1 0 0
    outer loop
      vertex -65.2 1.65738 38.3783
      vertex -65.2 35.6593 31.6418
      vertex -65.2 36.5434 32.6066
    endloop
  endfacet
  facet normal 1 0 0
    outer loop
      vertex -65.2 1.65738 38.3783
      vertex -65.2 36.5434 32.6066
      vertex -65.2 37.5082 33.4907
    endloop
  endfacet
  facet normal 1 -0 0
    outer loop
      vertex -65.2 1.53165 38.7376
      vertex -65.2 37.5082 33.4907
      vertex -65.2 7.41379 69.8679
    endloop
  endfacet
  facet normal 1 0 0
    outer loop
      vertex -65.2 38.5464 34.2873
      vertex -65.2 7.41379 69.8679
      vertex -65.2 37.5082 33.4907
    endloop
  endfacet
  facet normal 1 0 0
    outer loop
      vertex -65.2 39.65 34.9904
      vertex -65.2 7.41379 69.8679
      vertex -65.2 38.5464 34.2873
    endloop
  endfacet
  facet normal 1 0 0
    outer loop
      vertex -65.2 90.2624 76.5316
      vertex -65.2 22.5459 85
      vertex -65.2 89.9401 76.3291
    endloop
  endfacet
  facet normal 1 0 0
    outer loop
      vertex -65.2 92.5316 74.2624
      vertex -65.2 102 85
      vertex -65.2 92.6574 74.6217
    endloop
  endfacet
  facet normal 1 -0 0
    outer loop
      vertex -65.2 92.6574 12.6217
      vertex -65.2 102 3
      vertex -65.2 92.7 13
    endloop
  endfacet
  facet normal 1 -0 0
    outer loop
      vertex -65.2 92.5316 12.2624
      vertex -65.2 102 3
      vertex -65.2 92.6574 12.6217
    endloop
  endfacet
  facet normal 1 -0 0
    outer loop
      vertex -65.2 92.3291 11.9401
      vertex -65.2 102 3
      vertex -65.2 92.5316 12.2624
    endloop
  endfacet
  facet normal 1 -0 0
    outer loop
      vertex -65.2 92.0599 11.6709
      vertex -65.2 102 3
      vertex -65.2 92.3291 11.9401
    endloop
  endfacet
  facet normal 1 -0 0
    outer loop
      vertex -65.2 91.7376 11.4684
      vertex -65.2 102 3
      vertex -65.2 92.0599 11.6709
    endloop
  endfacet
  facet normal 1 -0 0
    outer loop
      vertex -65.2 91.3783 11.3426
      vertex -65.2 102 3
      vertex -65.2 91.7376 11.4684
    endloop
  endfacet
  facet normal 1 -0 0
    outer loop
      vertex -65.2 91 11.3
      vertex -65.2 102 3
      vertex -65.2 91.3783 11.3426
    endloop
  endfacet
  facet normal 1 0 0
    outer loop
      vertex -65.2 90.6217 11.3426
      vertex -65.2 102 3
      vertex -65.2 91 11.3
    endloop
  endfacet
  facet normal 1 0 0
    outer loop
      vertex -65.2 90.2624 11.4684
      vertex -65.2 102 3
      vertex -65.2 90.6217 11.3426
    endloop
  endfacet
  facet normal 1 0 0
    outer loop
      vertex -65.2 55.7536 9.71272
      vertex -65.2 90.2624 11.4684
      vertex -65.2 89.9401 11.6709
    endloop
  endfacet
  facet normal 1 -0 0
    outer loop
      vertex -65.2 61.9221 19.3953
      vertex -65.2 89.3426 13.3783
      vertex -65.2 62.0929 20.6927
    endloop
  endfacet
  facet normal 1 -0 0
    outer loop
      vertex -65.2 61.6389 18.1177
      vertex -65.2 89.3426 13.3783
      vertex -65.2 61.9221 19.3953
    endloop
  endfacet
  facet normal 1 0 0
    outer loop
      vertex -65.2 89.3426 13.3783
      vertex -65.2 61.6389 18.1177
      vertex -65.2 89.3 13
    endloop
  endfacet
  facet normal 1 -0 0
    outer loop
      vertex -65.2 61.2454 16.8697
      vertex -65.2 89.3 13
      vertex -65.2 61.6389 18.1177
    endloop
  endfacet
  facet normal 1 0 0
    outer loop
      vertex -65.2 89.3 13
      vertex -65.2 61.2454 16.8697
      vertex -65.2 89.3426 12.6217
    endloop
  endfacet
  facet normal 1 -0 0
    outer loop
      vertex -65.2 60.7446 15.6607
      vertex -65.2 89.3426 12.6217
      vertex -65.2 61.2454 16.8697
    endloop
  endfacet
  facet normal 1 -0 0
    outer loop
      vertex -65.2 60.1404 14.5
      vertex -65.2 89.3426 12.6217
      vertex -65.2 60.7446 15.6607
    endloop
  endfacet
  facet normal 1 0 0
    outer loop
      vertex -65.2 89.3426 12.6217
      vertex -65.2 60.1404 14.5
      vertex -65.2 89.4684 12.2624
    endloop
  endfacet
  facet normal 1 -0 0
    outer loop
      vertex -65.2 59.4373 13.3964
      vertex -65.2 89.4684 12.2624
      vertex -65.2 60.1404 14.5
    endloop
  endfacet
  facet normal 1 0 0
    outer loop
      vertex -65.2 89.4684 12.2624
      vertex -65.2 59.4373 13.3964
      vertex -65.2 89.6709 11.9401
    endloop
  endfacet
  facet normal 1 -0 0
    outer loop
      vertex -65.2 58.6407 12.3582
      vertex -65.2 89.6709 11.9401
      vertex -65.2 59.4373 13.3964
    endloop
  endfacet
  facet normal 1 0 0
    outer loop
      vertex -65.2 57.7566 11.3934
      vertex -65.2 89.6709 11.9401
      vertex -65.2 58.6407 12.3582
    endloop
  endfacet
  facet normal 1 0 0
    outer loop
      vertex -65.2 89.6709 11.9401
      vertex -65.2 57.7566 11.3934
      vertex -65.2 89.9401 11.6709
    endloop
  endfacet
  facet normal 1 0 0
    outer loop
      vertex -65.2 56.7918 10.5093
      vertex -65.2 89.9401 11.6709
      vertex -65.2 57.7566 11.3934
    endloop
  endfacet
  facet normal 1 0 0
    outer loop
      vertex -65.2 55.7536 9.71272
      vertex -65.2 89.9401 11.6709
      vertex -65.2 56.7918 10.5093
    endloop
  endfacet
  facet normal 1 0 0
    outer loop
      vertex -65.2 90.2624 11.4684
      vertex -65.2 55.7536 9.71272
      vertex -65.2 54.65 9.00962
    endloop
  endfacet
  facet normal 1 0 0
    outer loop
      vertex -65.2 90.2624 11.4684
      vertex -65.2 54.65 9.00962
      vertex -65.2 102 3
    endloop
  endfacet
  facet normal 1 -0 0
    outer loop
      vertex -65.2 53.4893 8.40538
      vertex -65.2 102 3
      vertex -65.2 54.65 9.00962
    endloop
  endfacet
  facet normal 1 -0 0
    outer loop
      vertex -65.2 52.2803 7.90461
      vertex -65.2 102 3
      vertex -65.2 53.4893 8.40538
    endloop
  endfacet
  facet normal 1 -0 0
    outer loop
      vertex -65.2 51.0323 7.51111
      vertex -65.2 102 3
      vertex -65.2 52.2803 7.90461
    endloop
  endfacet
  facet normal 1 -0 0
    outer loop
      vertex -65.2 49.7547 7.22788
      vertex -65.2 102 3
      vertex -65.2 51.0323 7.51111
    endloop
  endfacet
  facet normal 1 -0 0
    outer loop
      vertex -65.2 48.4573 7.05708
      vertex -65.2 102 3
      vertex -65.2 49.7547 7.22788
    endloop
  endfacet
  facet normal 1 -0 0
    outer loop
      vertex -65.2 47.15 7
      vertex -65.2 102 3
      vertex -65.2 48.4573 7.05708
    endloop
  endfacet
  facet normal 1 0 0
    outer loop
      vertex -65.2 45.8427 7.05708
      vertex -65.2 102 3
      vertex -65.2 47.15 7
    endloop
  endfacet
  facet normal 1 0 0
    outer loop
      vertex -65.2 33.0546 27.1303
      vertex -65.2 1.53165 37.2624
      vertex -65.2 32.6611 25.8823
    endloop
  endfacet
  facet normal 1 0 0
    outer loop
      vertex -65.2 32.6611 25.8823
      vertex -65.2 1.53165 37.2624
      vertex -65.2 32.3779 24.6047
    endloop
  endfacet
  facet normal 1 0 0
    outer loop
      vertex -65.2 32.2071 23.3073
      vertex -65.2 1.7 13
      vertex -65.2 32.15 22
    endloop
  endfacet
  facet normal 1 0 0
    outer loop
      vertex -65.2 32.15 22
      vertex -65.2 1.7 13
      vertex -65.2 32.2071 20.6927
    endloop
  endfacet
  facet normal 1 0 0
    outer loop
      vertex -65.2 32.2071 20.6927
      vertex -65.2 1.7 13
      vertex -65.2 32.3779 19.3953
    endloop
  endfacet
  facet normal 1 0 0
    outer loop
      vertex -65.2 32.3779 19.3953
      vertex -65.2 1.7 13
      vertex -65.2 32.6611 18.1177
    endloop
  endfacet
  facet normal 1 0 0
    outer loop
      vertex -65.2 32.6611 18.1177
      vertex -65.2 1.7 13
      vertex -65.2 33.0546 16.8697
    endloop
  endfacet
  facet normal 1 0 0
    outer loop
      vertex -65.2 1.65738 12.6217
      vertex -65.2 33.0546 16.8697
      vertex -65.2 1.7 13
    endloop
  endfacet
  facet normal 1 0 0
    outer loop
      vertex -65.2 33.0546 16.8697
      vertex -65.2 1.65738 12.6217
      vertex -65.2 33.5554 15.6607
    endloop
  endfacet
  facet normal 1 0 0
    outer loop
      vertex -65.2 33.5554 15.6607
      vertex -65.2 1.65738 12.6217
      vertex -65.2 34.1596 14.5
    endloop
  endfacet
  facet normal 1 0 0
    outer loop
      vertex -65.2 1.53165 12.2624
      vertex -65.2 34.1596 14.5
      vertex -65.2 1.65738 12.6217
    endloop
  endfacet
  facet normal 1 0 0
    outer loop
      vertex -65.2 34.1596 14.5
      vertex -65.2 1.53165 12.2624
      vertex -65.2 34.8627 13.3964
    endloop
  endfacet
  facet normal 1 0 0
    outer loop
      vertex -65.2 1.32911 11.9401
      vertex -65.2 34.8627 13.3964
      vertex -65.2 1.53165 12.2624
    endloop
  endfacet
  facet normal 1 0 0
    outer loop
      vertex -65.2 34.8627 13.3964
      vertex -65.2 1.32911 11.9401
      vertex -65.2 35.6593 12.3582
    endloop
  endfacet
  facet normal 1 0 0
    outer loop
      vertex -65.2 35.6593 12.3582
      vertex -65.2 1.32911 11.9401
      vertex -65.2 36.5434 11.3934
    endloop
  endfacet
  facet normal 1 -0 0
    outer loop
      vertex -65.2 1.05993 11.6709
      vertex -65.2 36.5434 11.3934
      vertex -65.2 1.32911 11.9401
    endloop
  endfacet
  facet normal 1 0 0
    outer loop
      vertex -65.2 36.5434 11.3934
      vertex -65.2 1.05993 11.6709
      vertex -65.2 37.5082 10.5093
    endloop
  endfacet
  facet normal 1 0 0
    outer loop
      vertex -65.2 37.5082 10.5093
      vertex -65.2 1.05993 11.6709
      vertex -65.2 38.5464 9.71272
    endloop
  endfacet
  facet normal 1 -0 0
    outer loop
      vertex -65.2 0.737602 11.4684
      vertex -65.2 38.5464 9.71272
      vertex -65.2 1.05993 11.6709
    endloop
  endfacet
  facet normal 1 0 0
    outer loop
      vertex -65.2 38.5464 9.71272
      vertex -65.2 0.737602 11.4684
      vertex -65.2 39.65 9.00962
    endloop
  endfacet
  facet normal 1 0 0
    outer loop
      vertex -65.2 39.65 9.00962
      vertex -65.2 0.737602 11.4684
      vertex -65.2 40.8107 8.40538
    endloop
  endfacet
  facet normal 1 -0 0
    outer loop
      vertex -65.2 0.378285 11.3426
      vertex -65.2 40.8107 8.40538
      vertex -65.2 0.737602 11.4684
    endloop
  endfacet
  facet normal 1 0 0
    outer loop
      vertex -65.2 40.8107 8.40538
      vertex -65.2 0.378285 11.3426
      vertex -65.2 42.0197 7.90461
    endloop
  endfacet
  facet normal 1 0 0
    outer loop
      vertex -65.2 42.0197 7.90461
      vertex -65.2 0.378285 11.3426
      vertex -65.2 43.2677 7.51111
    endloop
  endfacet
  facet normal 1 -0 0
    outer loop
      vertex -65.2 0 11.3
      vertex -65.2 43.2677 7.51111
      vertex -65.2 0.378285 11.3426
    endloop
  endfacet
  facet normal 1 0 0
    outer loop
      vertex -65.2 43.2677 7.51111
      vertex -65.2 0 11.3
      vertex -65.2 44.5453 7.22788
    endloop
  endfacet
  facet normal 1 0 0
    outer loop
      vertex -65.2 -49.8953 7.22788
      vertex -65.2 44.5453 7.22788
      vertex -65.2 0 11.3
    endloop
  endfacet
  facet normal 1 0 0
    outer loop
      vertex -65.2 -13.3751 80.7574
      vertex -65.2 -7.71829 85
      vertex -65.2 -9.13249 85
    endloop
  endfacet
  facet normal 1 0 0
    outer loop
      vertex -65.2 -37.5571 23.3073
      vertex -65.2 -1.65738 38.3783
      vertex -65.2 -1.53165 38.7376
    endloop
  endfacet
  facet normal 1 0 0
    outer loop
      vertex -65.2 -37.5571 23.3073
      vertex -65.2 -1.7 38
      vertex -65.2 -1.65738 38.3783
    endloop
  endfacet
  facet normal 0 0 0
    outer loop
      vertex -65.2 -13.3751 85
      vertex -65.2 -13.3751 82
      vertex -65.2 -13.3751 80.7574
    endloop
  endfacet
  facet normal 1 -0 0
    outer loop
      vertex -65.2 -17 82
      vertex -65.2 -13.3751 80.7574
      vertex -65.2 -13.3751 82
    endloop
  endfacet
  facet normal 1 0 0
    outer loop
      vertex -65.2 -17 80
      vertex -65.2 -13.3751 80.7574
      vertex -65.2 -17 82
    endloop
  endfacet
  facet normal 1 0 0
    outer loop
      vertex -65.2 -1.53165 13.7376
      vertex -65.2 -37.5571 20.6927
      vertex -65.2 -1.65738 13.3783
    endloop
  endfacet
  facet normal 1 -0 0
    outer loop
      vertex -65.2 -37.7279 19.3953
      vertex -65.2 -1.65738 13.3783
      vertex -65.2 -37.5571 20.6927
    endloop
  endfacet
  facet normal 1 0 0
    outer loop
      vertex -65.2 -1.65738 13.3783
      vertex -65.2 -37.7279 19.3953
      vertex -65.2 -1.7 13
    endloop
  endfacet
  facet normal 1 -0 0
    outer loop
      vertex -65.2 -38.0111 18.1177
      vertex -65.2 -1.7 13
      vertex -65.2 -37.7279 19.3953
    endloop
  endfacet
  facet normal 1 -0 0
    outer loop
      vertex -65.2 -38.4046 16.8697
      vertex -65.2 -1.7 13
      vertex -65.2 -38.0111 18.1177
    endloop
  endfacet
  facet normal 1 0 0
    outer loop
      vertex -65.2 -1.7 13
      vertex -65.2 -38.4046 16.8697
      vertex -65.2 -1.65738 12.6217
    endloop
  endfacet
  facet normal 1 -0 0
    outer loop
      vertex -65.2 -38.9054 15.6607
      vertex -65.2 -1.65738 12.6217
      vertex -65.2 -38.4046 16.8697
    endloop
  endfacet
  facet normal 1 0 0
    outer loop
      vertex -65.2 -1.65738 12.6217
      vertex -65.2 -38.9054 15.6607
      vertex -65.2 -1.53165 12.2624
    endloop
  endfacet
  facet normal 1 -0 0
    outer loop
      vertex -65.2 -39.5096 14.5
      vertex -65.2 -1.53165 12.2624
      vertex -65.2 -38.9054 15.6607
    endloop
  endfacet
  facet normal 1 -0 0
    outer loop
      vertex -65.2 -40.2127 13.3964
      vertex -65.2 -1.53165 12.2624
      vertex -65.2 -39.5096 14.5
    endloop
  endfacet
  facet normal 1 0 0
    outer loop
      vertex -65.2 -1.53165 12.2624
      vertex -65.2 -40.2127 13.3964
      vertex -65.2 -1.32911 11.9401
    endloop
  endfacet
  facet normal 1 -0 0
    outer loop
      vertex -65.2 -41.0093 12.3582
      vertex -65.2 -1.32911 11.9401
      vertex -65.2 -40.2127 13.3964
    endloop
  endfacet
  facet normal 1 0 0
    outer loop
      vertex -65.2 -41.8934 11.3934
      vertex -65.2 -1.32911 11.9401
      vertex -65.2 -41.0093 12.3582
    endloop
  endfacet
  facet normal 1 0 0
    outer loop
      vertex -65.2 -1.32911 11.9401
      vertex -65.2 -41.8934 11.3934
      vertex -65.2 -1.05993 11.6709
    endloop
  endfacet
  facet normal 1 0 0
    outer loop
      vertex -65.2 -42.8582 10.5093
      vertex -65.2 -1.05993 11.6709
      vertex -65.2 -41.8934 11.3934
    endloop
  endfacet
  facet normal 1 0 0
    outer loop
      vertex -65.2 -43.8964 9.71272
      vertex -65.2 -1.05993 11.6709
      vertex -65.2 -42.8582 10.5093
    endloop
  endfacet
  facet normal 1 0 0
    outer loop
      vertex -65.2 -1.05993 11.6709
      vertex -65.2 -43.8964 9.71272
      vertex -65.2 -0.737602 11.4684
    endloop
  endfacet
  facet normal 1 0 0
    outer loop
      vertex -65.2 -45 9.00962
      vertex -65.2 -0.737602 11.4684
      vertex -65.2 -43.8964 9.71272
    endloop
  endfacet
  facet normal 1 0 0
    outer loop
      vertex -65.2 -46.1607 8.40538
      vertex -65.2 -0.737602 11.4684
      vertex -65.2 -45 9.00962
    endloop
  endfacet
  facet normal 1 0 0
    outer loop
      vertex -65.2 -0.737602 11.4684
      vertex -65.2 -46.1607 8.40538
      vertex -65.2 -0.378285 11.3426
    endloop
  endfacet
  facet normal 1 0 0
    outer loop
      vertex -65.2 -47.3697 7.90461
      vertex -65.2 -0.378285 11.3426
      vertex -65.2 -46.1607 8.40538
    endloop
  endfacet
  facet normal 1 0 0
    outer loop
      vertex -65.2 -48.6177 7.51111
      vertex -65.2 -0.378285 11.3426
      vertex -65.2 -47.3697 7.90461
    endloop
  endfacet
  facet normal 1 0 0
    outer loop
      vertex -65.2 -0.378285 11.3426
      vertex -65.2 -48.6177 7.51111
      vertex -65.2 0 11.3
    endloop
  endfacet
  facet normal 1 0 0
    outer loop
      vertex -65.2 -49.8953 7.22788
      vertex -65.2 0 11.3
      vertex -65.2 -48.6177 7.51111
    endloop
  endfacet
  facet normal 1 0 0
    outer loop
      vertex -65.2 44.5453 7.22788
      vertex -65.2 -49.8953 7.22788
      vertex -65.2 45.8427 7.05708
    endloop
  endfacet
  facet normal 1 0 0
    outer loop
      vertex -65.2 -51.1927 7.05708
      vertex -65.2 45.8427 7.05708
      vertex -65.2 -49.8953 7.22788
    endloop
  endfacet
  facet normal 1 0 0
    outer loop
      vertex -65.2 45.8427 7.05708
      vertex -65.2 -51.1927 7.05708
      vertex -65.2 102 3
    endloop
  endfacet
  facet normal 1 0 0
    outer loop
      vertex -65.2 -102 3
      vertex -65.2 -51.1927 7.05708
      vertex -65.2 -52.5 7
    endloop
  endfacet
  facet normal 1 0 0
    outer loop
      vertex -65.2 -67.4429 23.3073
      vertex -65.2 -89.3 13
      vertex -65.2 -67.5 22
    endloop
  endfacet
  facet normal 1 0 0
    outer loop
      vertex -65.2 -67.5 22
      vertex -65.2 -89.3 13
      vertex -65.2 -67.4429 20.6927
    endloop
  endfacet
  facet normal 1 0 0
    outer loop
      vertex -65.2 -67.4429 20.6927
      vertex -65.2 -89.3 13
      vertex -65.2 -67.2721 19.3953
    endloop
  endfacet
  facet normal 1 0 0
    outer loop
      vertex -65.2 -67.2721 19.3953
      vertex -65.2 -89.3 13
      vertex -65.2 -66.9889 18.1177
    endloop
  endfacet
  facet normal 1 0 0
    outer loop
      vertex -65.2 -66.9889 18.1177
      vertex -65.2 -89.3 13
      vertex -65.2 -66.5954 16.8697
    endloop
  endfacet
  facet normal 1 0 0
    outer loop
      vertex -65.2 -89.3 13
      vertex -65.2 -66.0946 15.6607
      vertex -65.2 -66.5954 16.8697
    endloop
  endfacet
  facet normal 1 0 0
    outer loop
      vertex -65.2 -89.3426 12.6217
      vertex -65.2 -66.0946 15.6607
      vertex -65.2 -89.3 13
    endloop
  endfacet
  facet normal 1 0 0
    outer loop
      vertex -65.2 -66.0946 15.6607
      vertex -65.2 -89.3426 12.6217
      vertex -65.2 -65.4904 14.5
    endloop
  endfacet
  facet normal 1 0 0
    outer loop
      vertex -65.2 -89.4684 12.2624
      vertex -65.2 -65.4904 14.5
      vertex -65.2 -89.3426 12.6217
    endloop
  endfacet
  facet normal 1 0 0
    outer loop
      vertex -65.2 -65.4904 14.5
      vertex -65.2 -89.4684 12.2624
      vertex -65.2 -64.7873 13.3964
    endloop
  endfacet
  facet normal 1 0 0
    outer loop
      vertex -65.2 -89.6709 11.9401
      vertex -65.2 -64.7873 13.3964
      vertex -65.2 -89.4684 12.2624
    endloop
  endfacet
  facet normal 1 0 0
    outer loop
      vertex -65.2 -64.7873 13.3964
      vertex -65.2 -89.6709 11.9401
      vertex -65.2 -63.9907 12.3582
    endloop
  endfacet
  facet normal 1 0 0
    outer loop
      vertex -65.2 -63.9907 12.3582
      vertex -65.2 -89.6709 11.9401
      vertex -65.2 -63.1066 11.3934
    endloop
  endfacet
  facet normal 1 -0 0
    outer loop
      vertex -65.2 -89.9401 11.6709
      vertex -65.2 -63.1066 11.3934
      vertex -65.2 -89.6709 11.9401
    endloop
  endfacet
  facet normal 1 0 0
    outer loop
      vertex -65.2 -63.1066 11.3934
      vertex -65.2 -89.9401 11.6709
      vertex -65.2 -62.1418 10.5093
    endloop
  endfacet
  facet normal 1 0 0
    outer loop
      vertex -65.2 -62.1418 10.5093
      vertex -65.2 -89.9401 11.6709
      vertex -65.2 -61.1036 9.71272
    endloop
  endfacet
  facet normal 1 -0 0
    outer loop
      vertex -65.2 -90.2624 11.4684
      vertex -65.2 -61.1036 9.71272
      vertex -65.2 -89.9401 11.6709
    endloop
  endfacet
  facet normal 1 0 0
    outer loop
      vertex -65.2 -61.1036 9.71272
      vertex -65.2 -90.2624 11.4684
      vertex -65.2 -60 9.00962
    endloop
  endfacet
  facet normal 1 0 0
    outer loop
      vertex -65.2 -102 3
      vertex -65.2 -60 9.00962
      vertex -65.2 -90.2624 11.4684
    endloop
  endfacet
  facet normal 1 0 0
    outer loop
      vertex -65.2 -60 9.00962
      vertex -65.2 -102 3
      vertex -65.2 -58.8393 8.40538
    endloop
  endfacet
  facet normal 1 0 0
    outer loop
      vertex -65.2 -58.8393 8.40538
      vertex -65.2 -102 3
      vertex -65.2 -57.6303 7.90461
    endloop
  endfacet
  facet normal 1 0 0
    outer loop
      vertex -65.2 -57.6303 7.90461
      vertex -65.2 -102 3
      vertex -65.2 -56.3823 7.51111
    endloop
  endfacet
  facet normal 1 0 0
    outer loop
      vertex -65.2 -56.3823 7.51111
      vertex -65.2 -102 3
      vertex -65.2 -55.1047 7.22788
    endloop
  endfacet
  facet normal 1 0 0
    outer loop
      vertex -65.2 -102 3
      vertex -65.2 -90.2624 11.4684
      vertex -65.2 -90.6217 11.3426
    endloop
  endfacet
  facet normal 1 0 0
    outer loop
      vertex -65.2 -102 3
      vertex -65.2 -90.6217 11.3426
      vertex -65.2 -91 11.3
    endloop
  endfacet
  facet normal 1 0 0
    outer loop
      vertex -65.2 -102 3
      vertex -65.2 -91 11.3
      vertex -65.2 -91.3783 11.3426
    endloop
  endfacet
  facet normal 1 -0 0
    outer loop
      vertex -65.2 -96.6967 37.1967
      vertex -65.2 -90.6217 14.6574
      vertex -65.2 -96.2547 37.6791
    endloop
  endfacet
  facet normal 1 -0 0
    outer loop
      vertex -65.2 -97.1791 36.7547
      vertex -65.2 -90.6217 14.6574
      vertex -65.2 -96.6967 37.1967
    endloop
  endfacet
  facet normal 1 0 0
    outer loop
      vertex -65.2 -90.6217 14.6574
      vertex -65.2 -97.1791 36.7547
      vertex -65.2 -91 14.7
    endloop
  endfacet
  facet normal 1 -0 0
    outer loop
      vertex -65.2 -97.6982 36.3564
      vertex -65.2 -91 14.7
      vertex -65.2 -97.1791 36.7547
    endloop
  endfacet
  facet normal 1 -0 0
    outer loop
      vertex -65.2 -98.25 36.0048
      vertex -65.2 -91 14.7
      vertex -65.2 -97.6982 36.3564
    endloop
  endfacet
  facet normal 1 0 0
    outer loop
      vertex -65.2 -91 14.7
      vertex -65.2 -98.25 36.0048
      vertex -65.2 -91.3783 14.6574
    endloop
  endfacet
  facet normal 1 -0 0
    outer loop
      vertex -65.2 -98.8304 35.7027
      vertex -65.2 -91.3783 14.6574
      vertex -65.2 -98.25 36.0048
    endloop
  endfacet
  facet normal 1 -0 0
    outer loop
      vertex -65.2 -99.4348 35.4523
      vertex -65.2 -91.3783 14.6574
      vertex -65.2 -98.8304 35.7027
    endloop
  endfacet
  facet normal 1 0 0
    outer loop
      vertex -65.2 -91.3783 14.6574
      vertex -65.2 -99.4348 35.4523
      vertex -65.2 -91.7376 14.5316
    endloop
  endfacet
  facet normal 1 -0 0
    outer loop
      vertex -65.2 -100.059 35.2556
      vertex -65.2 -91.7376 14.5316
      vertex -65.2 -99.4348 35.4523
    endloop
  endfacet
  facet normal 1 0 0
    outer loop
      vertex -65.2 -91.7376 14.5316
      vertex -65.2 -100.059 35.2556
      vertex -65.2 -92.0599 14.3291
    endloop
  endfacet
  facet normal 1 -0 0
    outer loop
      vertex -65.2 -100.698 35.1139
      vertex -65.2 -92.0599 14.3291
      vertex -65.2 -100.059 35.2556
    endloop
  endfacet
  facet normal 1 -0 0
    outer loop
      vertex -65.2 -101.346 35.0285
      vertex -65.2 -92.0599 14.3291
      vertex -65.2 -100.698 35.1139
    endloop
  endfacet
  facet normal 1 0 0
    outer loop
      vertex -65.2 -92.0599 14.3291
      vertex -65.2 -101.346 35.0285
      vertex -65.2 -92.3291 14.0599
    endloop
  endfacet
  facet normal 1 -0 0
    outer loop
      vertex -65.2 -102 35
      vertex -65.2 -92.3291 14.0599
      vertex -65.2 -101.346 35.0285
    endloop
  endfacet
  facet normal 1 0 0
    outer loop
      vertex -65.2 -92.3291 14.0599
      vertex -65.2 -102 35
      vertex -65.2 -92.5316 13.7376
    endloop
  endfacet
  facet normal 1 0 0
    outer loop
      vertex -65.2 -92.5316 13.7376
      vertex -65.2 -102 35
      vertex -65.2 -92.6574 13.3783
    endloop
  endfacet
  facet normal 1 0 0
    outer loop
      vertex -65.2 -102 3
      vertex -65.2 -92.6574 13.3783
      vertex -65.2 -102 35
    endloop
  endfacet
  facet normal 1 0 0
    outer loop
      vertex -65.2 -92.6574 13.3783
      vertex -65.2 -102 3
      vertex -65.2 -92.7 13
    endloop
  endfacet
  facet normal 1 0 0
    outer loop
      vertex -65.2 -92.7 13
      vertex -65.2 -102 3
      vertex -65.2 -92.6574 12.6217
    endloop
  endfacet
  facet normal 1 0 0
    outer loop
      vertex -65.2 -51.1927 7.05708
      vertex -65.2 -102 3
      vertex -65.2 102 3
    endloop
  endfacet
  facet normal 1 0 0
    outer loop
      vertex -65.2 -53.8073 7.05708
      vertex -65.2 -102 3
      vertex -65.2 -52.5 7
    endloop
  endfacet
  facet normal 1 0 0
    outer loop
      vertex -65.2 -55.1047 7.22788
      vertex -65.2 -102 3
      vertex -65.2 -53.8073 7.05708
    endloop
  endfacet
  facet normal 1 0 0
    outer loop
      vertex -65.2 -91.7376 11.4684
      vertex -65.2 -102 3
      vertex -65.2 -91.3783 11.3426
    endloop
  endfacet
  facet normal 1 0 0
    outer loop
      vertex -65.2 -92.0599 11.6709
      vertex -65.2 -102 3
      vertex -65.2 -91.7376 11.4684
    endloop
  endfacet
  facet normal 1 0 0
    outer loop
      vertex -65.2 -92.3291 11.9401
      vertex -65.2 -102 3
      vertex -65.2 -92.0599 11.6709
    endloop
  endfacet
  facet normal 1 0 0
    outer loop
      vertex -65.2 -92.5316 12.2624
      vertex -65.2 -102 3
      vertex -65.2 -92.3291 11.9401
    endloop
  endfacet
  facet normal 1 0 0
    outer loop
      vertex -65.2 -92.6574 12.6217
      vertex -65.2 -102 3
      vertex -65.2 -92.5316 12.2624
    endloop
  endfacet
  facet normal 1 -0 0
    outer loop
      vertex -65.2 -102 85
      vertex -65.2 -20 83
      vertex -65.2 -20 85
    endloop
  endfacet
  facet normal 1 0 0
    outer loop
      vertex -65.2 -20 83
      vertex -65.2 -102 85
      vertex -65.2 -102 83
    endloop
  endfacet
  facet normal -1 0 0
    outer loop
      vertex 65.2 -13.3751 80.7574
      vertex 65.2 102 109.867
      vertex 65.2 102 3
    endloop
  endfacet
  facet normal -1 0 -0
    outer loop
      vertex 65.2 53.8 147.175
      vertex 65.2 102 109.867
      vertex 65.2 -13.3751 80.7574
    endloop
  endfacet
  facet normal -1 0 0
    outer loop
      vertex 65.2 102 116.484
      vertex 65.2 53.8 147.175
      vertex 65.2 102 141.867
    endloop
  endfacet
  facet normal -1 0 0
    outer loop
      vertex 65.2 102 141.867
      vertex 65.2 53.8 147.175
      vertex 65.2 102 147.175
    endloop
  endfacet
  facet normal -1 -0 0
    outer loop
      vertex 65.2 53.8 147.175
      vertex 65.2 -13.3751 80.7574
      vertex 65.2 53.8 147.933
    endloop
  endfacet
  facet normal -1 0 0
    outer loop
      vertex 65.2 102 109.867
      vertex 65.2 53.8 147.175
      vertex 65.2 102 116.484
    endloop
  endfacet
  facet normal 0 0 0
    outer loop
      vertex 65.2 -13.3751 80.7574
      vertex 65.2 -13.3751 82
      vertex 65.2 -13.3751 85
    endloop
  endfacet
  facet normal -1 0 0
    outer loop
      vertex 65.2 -17 82
      vertex 65.2 -13.3751 80.7574
      vertex 65.2 -17 80
    endloop
  endfacet
  facet normal -1 0 0
    outer loop
      vertex 65.2 102 3
      vertex 65.2 -17 80
      vertex 65.2 -13.3751 80.7574
    endloop
  endfacet
  facet normal -1 0 0
    outer loop
      vertex 65.2 -102 3
      vertex 65.2 -17 80
      vertex 65.2 102 3
    endloop
  endfacet
  facet normal -1 -0 0
    outer loop
      vertex 65.2 -17 80
      vertex 65.2 -102 3
      vertex 65.2 -102 80
    endloop
  endfacet
  facet normal -1 0 0
    outer loop
      vertex 65.2 -13.3751 80.7574
      vertex 65.2 -17 82
      vertex 65.2 -13.3751 82
    endloop
  endfacet
  facet normal -1 0 0
    outer loop
      vertex 65.2 -102 83
      vertex 65.2 -20 85
      vertex 65.2 -20 83
    endloop
  endfacet
  facet normal -1 -0 0
    outer loop
      vertex 65.2 -20 85
      vertex 65.2 -102 83
      vertex 65.2 -102 85
    endloop
  endfacet
  facet normal 0 0 1
    outer loop
      vertex 54 105 3
      vertex -54 105 3
      vertex 54 102 3
    endloop
  endfacet
  facet normal -0 0 1
    outer loop
      vertex 54 102 3
      vertex 65.2 -102 3
      vertex 65.2 102 3
    endloop
  endfacet
  facet normal 0 0 1
    outer loop
      vertex -54 102 3
      vertex 54 102 3
      vertex -54 105 3
    endloop
  endfacet
  facet normal 0 0 1
    outer loop
      vertex 54 102 3
      vertex -54 102 3
      vertex 65.2 -102 3
    endloop
  endfacet
  facet normal 0 0 1
    outer loop
      vertex -65.2 -102 3
      vertex -54 102 3
      vertex -65.2 102 3
    endloop
  endfacet
  facet normal 0 0 1
    outer loop
      vertex -54 102 3
      vertex -65.2 -102 3
      vertex 65.2 -102 3
    endloop
  endfacet
  facet normal -0 0 1
    outer loop
      vertex -54.9327 -93.0683 83
      vertex -48.6 -98 83
      vertex -48.6 -85.4 83
    endloop
  endfacet
  facet normal 0 0 1
    outer loop
      vertex -48.6 -98 83
      vertex -54.9327 -93.0683 83
      vertex -54.9 -93.4 83
    endloop
  endfacet
  facet normal 0 0 1
    outer loop
      vertex -48.6 -85.4 83
      vertex -55.0294 -92.7494 83
      vertex -54.9327 -93.0683 83
    endloop
  endfacet
  facet normal 0 0 1
    outer loop
      vertex -48.6 -85.4 83
      vertex -55.1865 -92.4555 83
      vertex -55.0294 -92.7494 83
    endloop
  endfacet
  facet normal 0 0 1
    outer loop
      vertex -48.6 -85.4 83
      vertex -55.3979 -92.1979 83
      vertex -55.1865 -92.4555 83
    endloop
  endfacet
  facet normal 0 0 1
    outer loop
      vertex -48.6 -85.4 83
      vertex -55.6555 -91.9865 83
      vertex -55.3979 -92.1979 83
    endloop
  endfacet
  facet normal 0 0 1
    outer loop
      vertex -48.6 -85.4 83
      vertex -55.9494 -91.8294 83
      vertex -55.6555 -91.9865 83
    endloop
  endfacet
  facet normal 0 0 1
    outer loop
      vertex -48.6 -85.4 83
      vertex -56.2683 -91.7327 83
      vertex -55.9494 -91.8294 83
    endloop
  endfacet
  facet normal -0 0 1
    outer loop
      vertex -61.2 -85.4 83
      vertex -56.2683 -91.7327 83
      vertex -48.6 -85.4 83
    endloop
  endfacet
  facet normal 0 0 1
    outer loop
      vertex -56.2683 -91.7327 83
      vertex -61.2 -85.4 83
      vertex -56.6 -91.7 83
    endloop
  endfacet
  facet normal 0 0 1
    outer loop
      vertex -56.6 -91.7 83
      vertex -61.2 -85.4 83
      vertex -56.9317 -91.7327 83
    endloop
  endfacet
  facet normal 0 0 1
    outer loop
      vertex -56.9317 -91.7327 83
      vertex -61.2 -85.4 83
      vertex -57.2506 -91.8294 83
    endloop
  endfacet
  facet normal 0 0 1
    outer loop
      vertex -58.2673 -93.0683 83
      vertex -61.2 -85.4 83
      vertex -58.3 -93.4 83
    endloop
  endfacet
  facet normal 0 0 1
    outer loop
      vertex -58.1706 -92.7494 83
      vertex -61.2 -85.4 83
      vertex -58.2673 -93.0683 83
    endloop
  endfacet
  facet normal 0 0 1
    outer loop
      vertex -58.0135 -92.4555 83
      vertex -61.2 -85.4 83
      vertex -58.1706 -92.7494 83
    endloop
  endfacet
  facet normal 0 0 1
    outer loop
      vertex -57.8021 -92.1979 83
      vertex -61.2 -85.4 83
      vertex -58.0135 -92.4555 83
    endloop
  endfacet
  facet normal 0 0 1
    outer loop
      vertex -57.5445 -91.9865 83
      vertex -61.2 -85.4 83
      vertex -57.8021 -92.1979 83
    endloop
  endfacet
  facet normal 0 0 1
    outer loop
      vertex -57.2506 -91.8294 83
      vertex -61.2 -85.4 83
      vertex -57.5445 -91.9865 83
    endloop
  endfacet
  facet normal 0 0 1
    outer loop
      vertex -48.6 -24 83
      vertex -54.9327 -28.9317 83
      vertex -48.6 -36.6 83
    endloop
  endfacet
  facet normal -0 0 1
    outer loop
      vertex -55.0294 -29.2506 83
      vertex -48.6 -36.6 83
      vertex -54.9327 -28.9317 83
    endloop
  endfacet
  facet normal -0 0 1
    outer loop
      vertex -55.1865 -29.5445 83
      vertex -48.6 -36.6 83
      vertex -55.0294 -29.2506 83
    endloop
  endfacet
  facet normal -0 0 1
    outer loop
      vertex -55.3979 -29.8021 83
      vertex -48.6 -36.6 83
      vertex -55.1865 -29.5445 83
    endloop
  endfacet
  facet normal -0 0 1
    outer loop
      vertex -55.6555 -30.0135 83
      vertex -48.6 -36.6 83
      vertex -55.3979 -29.8021 83
    endloop
  endfacet
  facet normal -0 0 1
    outer loop
      vertex -55.9494 -30.1706 83
      vertex -48.6 -36.6 83
      vertex -55.6555 -30.0135 83
    endloop
  endfacet
  facet normal -0 0 1
    outer loop
      vertex -56.2683 -30.2673 83
      vertex -48.6 -36.6 83
      vertex -55.9494 -30.1706 83
    endloop
  endfacet
  facet normal 0 0 1
    outer loop
      vertex -61.2 -36.6 83
      vertex -56.2683 -30.2673 83
      vertex -56.6 -30.3 83
    endloop
  endfacet
  facet normal 0 0 1
    outer loop
      vertex -61.2 -36.6 83
      vertex -56.6 -30.3 83
      vertex -56.9317 -30.2673 83
    endloop
  endfacet
  facet normal 0 0 1
    outer loop
      vertex -61.2 -36.6 83
      vertex -56.9317 -30.2673 83
      vertex -57.2506 -30.1706 83
    endloop
  endfacet
  facet normal 0 0 1
    outer loop
      vertex -61.2 -36.6 83
      vertex -57.2506 -30.1706 83
      vertex -57.5445 -30.0135 83
    endloop
  endfacet
  facet normal 0 0 1
    outer loop
      vertex -56.2683 -30.2673 83
      vertex -61.2 -36.6 83
      vertex -48.6 -36.6 83
    endloop
  endfacet
  facet normal 0 0 1
    outer loop
      vertex -57.8021 -29.8021 83
      vertex -61.2 -36.6 83
      vertex -57.5445 -30.0135 83
    endloop
  endfacet
  facet normal 0 0 1
    outer loop
      vertex -58.0135 -29.5445 83
      vertex -61.2 -36.6 83
      vertex -57.8021 -29.8021 83
    endloop
  endfacet
  facet normal 0 0 1
    outer loop
      vertex -58.1706 -29.2506 83
      vertex -61.2 -36.6 83
      vertex -58.0135 -29.5445 83
    endloop
  endfacet
  facet normal 0 0 1
    outer loop
      vertex -58.2673 -28.9317 83
      vertex -61.2 -36.6 83
      vertex -58.1706 -29.2506 83
    endloop
  endfacet
  facet normal 0 0 1
    outer loop
      vertex -61.2 -36.6 83
      vertex -58.2673 -28.9317 83
      vertex -58.3 -28.6 83
    endloop
  endfacet
  facet normal 0 0 1
    outer loop
      vertex 61.2 -85.4 83
      vertex 58.2673 -93.0683 83
      vertex 58.3 -93.4 83
    endloop
  endfacet
  facet normal 0 0 1
    outer loop
      vertex 61.2 -85.4 83
      vertex 58.1706 -92.7494 83
      vertex 58.2673 -93.0683 83
    endloop
  endfacet
  facet normal 0 0 1
    outer loop
      vertex 61.2 -85.4 83
      vertex 58.0135 -92.4555 83
      vertex 58.1706 -92.7494 83
    endloop
  endfacet
  facet normal 0 0 1
    outer loop
      vertex 61.2 -85.4 83
      vertex 57.8021 -92.1979 83
      vertex 58.0135 -92.4555 83
    endloop
  endfacet
  facet normal 0 0 1
    outer loop
      vertex 61.2 -85.4 83
      vertex 57.5445 -91.9865 83
      vertex 57.8021 -92.1979 83
    endloop
  endfacet
  facet normal 0 0 1
    outer loop
      vertex 61.2 -85.4 83
      vertex 57.2506 -91.8294 83
      vertex 57.5445 -91.9865 83
    endloop
  endfacet
  facet normal 0 0 1
    outer loop
      vertex 61.2 -85.4 83
      vertex 56.9317 -91.7327 83
      vertex 57.2506 -91.8294 83
    endloop
  endfacet
  facet normal 0 0 1
    outer loop
      vertex 61.2 -85.4 83
      vertex 56.6 -91.7 83
      vertex 56.9317 -91.7327 83
    endloop
  endfacet
  facet normal 0 0 1
    outer loop
      vertex 61.2 -85.4 83
      vertex 56.2683 -91.7327 83
      vertex 56.6 -91.7 83
    endloop
  endfacet
  facet normal -0 0 1
    outer loop
      vertex 48.6 -85.4 83
      vertex 56.2683 -91.7327 83
      vertex 61.2 -85.4 83
    endloop
  endfacet
  facet normal 0 0 1
    outer loop
      vertex 56.2683 -91.7327 83
      vertex 48.6 -85.4 83
      vertex 55.9494 -91.8294 83
    endloop
  endfacet
  facet normal 0 0 1
    outer loop
      vertex 55.9494 -91.8294 83
      vertex 48.6 -85.4 83
      vertex 55.6555 -91.9865 83
    endloop
  endfacet
  facet normal 0 0 1
    outer loop
      vertex 48.6 -98 83
      vertex 54.9327 -93.0683 83
      vertex 48.6 -85.4 83
    endloop
  endfacet
  facet normal 0 0 1
    outer loop
      vertex 55.0294 -92.7494 83
      vertex 48.6 -85.4 83
      vertex 54.9327 -93.0683 83
    endloop
  endfacet
  facet normal 0 0 1
    outer loop
      vertex 55.1865 -92.4555 83
      vertex 48.6 -85.4 83
      vertex 55.0294 -92.7494 83
    endloop
  endfacet
  facet normal 0 0 1
    outer loop
      vertex 55.3979 -92.1979 83
      vertex 48.6 -85.4 83
      vertex 55.1865 -92.4555 83
    endloop
  endfacet
  facet normal 0 0 1
    outer loop
      vertex 55.6555 -91.9865 83
      vertex 48.6 -85.4 83
      vertex 55.3979 -92.1979 83
    endloop
  endfacet
  facet normal 0 0 1
    outer loop
      vertex 65.2 -20 83
      vertex 61.2 -36.6 83
      vertex 65.2 -102 83
    endloop
  endfacet
  facet normal 0 0 1
    outer loop
      vertex 65.2 -20 83
      vertex 58.3 -28.6 83
      vertex 61.2 -36.6 83
    endloop
  endfacet
  facet normal 0 0 1
    outer loop
      vertex 65.2 -20 83
      vertex 58.2673 -28.2683 83
      vertex 58.3 -28.6 83
    endloop
  endfacet
  facet normal 0 0 1
    outer loop
      vertex 65.2 -20 83
      vertex 58.1706 -27.9494 83
      vertex 58.2673 -28.2683 83
    endloop
  endfacet
  facet normal 0 0 1
    outer loop
      vertex 65.2 -20 83
      vertex 58.0135 -27.6555 83
      vertex 58.1706 -27.9494 83
    endloop
  endfacet
  facet normal 0 0 1
    outer loop
      vertex 65.2 -20 83
      vertex 57.8021 -27.3979 83
      vertex 58.0135 -27.6555 83
    endloop
  endfacet
  facet normal 0 0 1
    outer loop
      vertex 65.2 -20 83
      vertex 57.5445 -27.1865 83
      vertex 57.8021 -27.3979 83
    endloop
  endfacet
  facet normal 0 0 1
    outer loop
      vertex 65.2 -20 83
      vertex 57.2506 -27.0294 83
      vertex 57.5445 -27.1865 83
    endloop
  endfacet
  facet normal 0 0 1
    outer loop
      vertex 65.2 -20 83
      vertex 56.9317 -26.9327 83
      vertex 57.2506 -27.0294 83
    endloop
  endfacet
  facet normal 0 0 1
    outer loop
      vertex 65.2 -20 83
      vertex 56.6 -26.9 83
      vertex 56.9317 -26.9327 83
    endloop
  endfacet
  facet normal -0 0 1
    outer loop
      vertex 48.6 -24 83
      vertex 56.6 -26.9 83
      vertex 65.2 -20 83
    endloop
  endfacet
  facet normal 0 0 1
    outer loop
      vertex 56.6 -26.9 83
      vertex 48.6 -24 83
      vertex 56.2683 -26.9327 83
    endloop
  endfacet
  facet normal 0 0 1
    outer loop
      vertex 56.2683 -26.9327 83
      vertex 48.6 -24 83
      vertex 55.9494 -27.0294 83
    endloop
  endfacet
  facet normal 0 0 1
    outer loop
      vertex 54.9327 -28.2683 83
      vertex 48.6 -24 83
      vertex 54.9 -28.6 83
    endloop
  endfacet
  facet normal 0 0 1
    outer loop
      vertex 55.0294 -27.9494 83
      vertex 48.6 -24 83
      vertex 54.9327 -28.2683 83
    endloop
  endfacet
  facet normal 0 0 1
    outer loop
      vertex 55.1865 -27.6555 83
      vertex 48.6 -24 83
      vertex 55.0294 -27.9494 83
    endloop
  endfacet
  facet normal 0 0 1
    outer loop
      vertex 55.3979 -27.3979 83
      vertex 48.6 -24 83
      vertex 55.1865 -27.6555 83
    endloop
  endfacet
  facet normal 0 0 1
    outer loop
      vertex 55.6555 -27.1865 83
      vertex 48.6 -24 83
      vertex 55.3979 -27.3979 83
    endloop
  endfacet
  facet normal 0 0 1
    outer loop
      vertex 55.9494 -27.0294 83
      vertex 48.6 -24 83
      vertex 55.6555 -27.1865 83
    endloop
  endfacet
  facet normal 0 0 1
    outer loop
      vertex 65.2 -20 83
      vertex -48.6 -24 83
      vertex 48.6 -24 83
    endloop
  endfacet
  facet normal 0 0 1
    outer loop
      vertex -54.9327 -28.9317 83
      vertex -48.6 -24 83
      vertex -54.9 -28.6 83
    endloop
  endfacet
  facet normal 0 0 1
    outer loop
      vertex -48.6 -24 83
      vertex -54.9327 -28.2683 83
      vertex -54.9 -28.6 83
    endloop
  endfacet
  facet normal 0 0 1
    outer loop
      vertex -48.6 -24 83
      vertex -55.0294 -27.9494 83
      vertex -54.9327 -28.2683 83
    endloop
  endfacet
  facet normal 0 0 1
    outer loop
      vertex -48.6 -24 83
      vertex -55.1865 -27.6555 83
      vertex -55.0294 -27.9494 83
    endloop
  endfacet
  facet normal 0 0 1
    outer loop
      vertex -48.6 -24 83
      vertex -55.3979 -27.3979 83
      vertex -55.1865 -27.6555 83
    endloop
  endfacet
  facet normal 0 0 1
    outer loop
      vertex -48.6 -24 83
      vertex -55.6555 -27.1865 83
      vertex -55.3979 -27.3979 83
    endloop
  endfacet
  facet normal 0 0 1
    outer loop
      vertex -48.6 -24 83
      vertex -55.9494 -27.0294 83
      vertex -55.6555 -27.1865 83
    endloop
  endfacet
  facet normal 0 0 1
    outer loop
      vertex -48.6 -24 83
      vertex -56.2683 -26.9327 83
      vertex -55.9494 -27.0294 83
    endloop
  endfacet
  facet normal 0 0 1
    outer loop
      vertex -48.6 -24 83
      vertex -56.6 -26.9 83
      vertex -56.2683 -26.9327 83
    endloop
  endfacet
  facet normal 0 0 1
    outer loop
      vertex -65.2 -20 83
      vertex -56.6 -26.9 83
      vertex -48.6 -24 83
    endloop
  endfacet
  facet normal 0 0 1
    outer loop
      vertex -56.6 -26.9 83
      vertex -65.2 -20 83
      vertex -56.9317 -26.9327 83
    endloop
  endfacet
  facet normal 0 0 1
    outer loop
      vertex -65.2 -20 83
      vertex -58.3 -28.6 83
      vertex -58.2673 -28.2683 83
    endloop
  endfacet
  facet normal 0 0 1
    outer loop
      vertex -65.2 -20 83
      vertex -58.2673 -28.2683 83
      vertex -58.1706 -27.9494 83
    endloop
  endfacet
  facet normal 0 0 1
    outer loop
      vertex -61.2 -36.6 83
      vertex -65.2 -20 83
      vertex -61.2 -85.4 83
    endloop
  endfacet
  facet normal 0 0 1
    outer loop
      vertex -58.3 -28.6 83
      vertex -65.2 -20 83
      vertex -61.2 -36.6 83
    endloop
  endfacet
  facet normal 0 0 1
    outer loop
      vertex -58.0135 -27.6555 83
      vertex -65.2 -20 83
      vertex -58.1706 -27.9494 83
    endloop
  endfacet
  facet normal 0 0 1
    outer loop
      vertex -57.8021 -27.3979 83
      vertex -65.2 -20 83
      vertex -58.0135 -27.6555 83
    endloop
  endfacet
  facet normal 0 0 1
    outer loop
      vertex -57.5445 -27.1865 83
      vertex -65.2 -20 83
      vertex -57.8021 -27.3979 83
    endloop
  endfacet
  facet normal 0 0 1
    outer loop
      vertex -57.2506 -27.0294 83
      vertex -65.2 -20 83
      vertex -57.5445 -27.1865 83
    endloop
  endfacet
  facet normal 0 0 1
    outer loop
      vertex -56.9317 -26.9327 83
      vertex -65.2 -20 83
      vertex -57.2506 -27.0294 83
    endloop
  endfacet
  facet normal -0 0 1
    outer loop
      vertex -65.2 -20 83
      vertex -48.6 -24 83
      vertex 65.2 -20 83
    endloop
  endfacet
  facet normal -0 0 1
    outer loop
      vertex 61.2 -85.4 83
      vertex 65.2 -102 83
      vertex 61.2 -36.6 83
    endloop
  endfacet
  facet normal -0 0 1
    outer loop
      vertex 58.3 -93.4 83
      vertex 65.2 -102 83
      vertex 61.2 -85.4 83
    endloop
  endfacet
  facet normal -0 0 1
    outer loop
      vertex 58.2673 -93.7317 83
      vertex 65.2 -102 83
      vertex 58.3 -93.4 83
    endloop
  endfacet
  facet normal -0 0 1
    outer loop
      vertex 58.1706 -94.0506 83
      vertex 65.2 -102 83
      vertex 58.2673 -93.7317 83
    endloop
  endfacet
  facet normal -0 0 1
    outer loop
      vertex 58.0135 -94.3445 83
      vertex 65.2 -102 83
      vertex 58.1706 -94.0506 83
    endloop
  endfacet
  facet normal -0 0 1
    outer loop
      vertex 57.8021 -94.6021 83
      vertex 65.2 -102 83
      vertex 58.0135 -94.3445 83
    endloop
  endfacet
  facet normal -0 0 1
    outer loop
      vertex 57.5445 -94.8135 83
      vertex 65.2 -102 83
      vertex 57.8021 -94.6021 83
    endloop
  endfacet
  facet normal -0 0 1
    outer loop
      vertex 57.2506 -94.9706 83
      vertex 65.2 -102 83
      vertex 57.5445 -94.8135 83
    endloop
  endfacet
  facet normal -0 0 1
    outer loop
      vertex 56.9317 -95.0673 83
      vertex 65.2 -102 83
      vertex 57.2506 -94.9706 83
    endloop
  endfacet
  facet normal -0 0 1
    outer loop
      vertex 56.6 -95.1 83
      vertex 65.2 -102 83
      vertex 56.9317 -95.0673 83
    endloop
  endfacet
  facet normal 0 0 1
    outer loop
      vertex 48.6 -98 83
      vertex 56.6 -95.1 83
      vertex 56.2683 -95.0673 83
    endloop
  endfacet
  facet normal 0 0 1
    outer loop
      vertex 48.6 -98 83
      vertex 56.2683 -95.0673 83
      vertex 55.9494 -94.9706 83
    endloop
  endfacet
  facet normal 0 0 1
    outer loop
      vertex 48.6 -98 83
      vertex 55.9494 -94.9706 83
      vertex 55.6555 -94.8135 83
    endloop
  endfacet
  facet normal 0 0 1
    outer loop
      vertex 54.9327 -93.0683 83
      vertex 48.6 -98 83
      vertex 54.9 -93.4 83
    endloop
  endfacet
  facet normal 0 0 1
    outer loop
      vertex 54.9 -93.4 83
      vertex 48.6 -98 83
      vertex 54.9327 -93.7317 83
    endloop
  endfacet
  facet normal 0 0 1
    outer loop
      vertex 54.9327 -93.7317 83
      vertex 48.6 -98 83
      vertex 55.0294 -94.0506 83
    endloop
  endfacet
  facet normal 0 0 1
    outer loop
      vertex 55.0294 -94.0506 83
      vertex 48.6 -98 83
      vertex 55.1865 -94.3445 83
    endloop
  endfacet
  facet normal 0 0 1
    outer loop
      vertex 48.6 -98 83
      vertex 55.3979 -94.6021 83
      vertex 55.1865 -94.3445 83
    endloop
  endfacet
  facet normal 0 0 1
    outer loop
      vertex 48.6 -98 83
      vertex 55.6555 -94.8135 83
      vertex 55.3979 -94.6021 83
    endloop
  endfacet
  facet normal 0 0 1
    outer loop
      vertex 56.6 -95.1 83
      vertex 48.6 -98 83
      vertex 65.2 -102 83
    endloop
  endfacet
  facet normal -0 0 1
    outer loop
      vertex -48.6 -98 83
      vertex 65.2 -102 83
      vertex 48.6 -98 83
    endloop
  endfacet
  facet normal -0 0 1
    outer loop
      vertex -54.9327 -93.7317 83
      vertex -48.6 -98 83
      vertex -54.9 -93.4 83
    endloop
  endfacet
  facet normal -0 0 1
    outer loop
      vertex -55.0294 -94.0506 83
      vertex -48.6 -98 83
      vertex -54.9327 -93.7317 83
    endloop
  endfacet
  facet normal -0 0 1
    outer loop
      vertex -55.1865 -94.3445 83
      vertex -48.6 -98 83
      vertex -55.0294 -94.0506 83
    endloop
  endfacet
  facet normal -0 0 1
    outer loop
      vertex -55.3979 -94.6021 83
      vertex -48.6 -98 83
      vertex -55.1865 -94.3445 83
    endloop
  endfacet
  facet normal -0 0 1
    outer loop
      vertex -55.6555 -94.8135 83
      vertex -48.6 -98 83
      vertex -55.3979 -94.6021 83
    endloop
  endfacet
  facet normal -0 0 1
    outer loop
      vertex -55.9494 -94.9706 83
      vertex -48.6 -98 83
      vertex -55.6555 -94.8135 83
    endloop
  endfacet
  facet normal -0 0 1
    outer loop
      vertex -56.2683 -95.0673 83
      vertex -48.6 -98 83
      vertex -55.9494 -94.9706 83
    endloop
  endfacet
  facet normal -0 0 1
    outer loop
      vertex -56.6 -95.1 83
      vertex -48.6 -98 83
      vertex -56.2683 -95.0673 83
    endloop
  endfacet
  facet normal 0 0 1
    outer loop
      vertex -65.2 -102 83
      vertex -56.6 -95.1 83
      vertex -56.9317 -95.0673 83
    endloop
  endfacet
  facet normal 0 0 1
    outer loop
      vertex -65.2 -102 83
      vertex -56.9317 -95.0673 83
      vertex -57.2506 -94.9706 83
    endloop
  endfacet
  facet normal 0 0 1
    outer loop
      vertex -65.2 -102 83
      vertex -58.3 -93.4 83
      vertex -61.2 -85.4 83
    endloop
  endfacet
  facet normal 0 0 1
    outer loop
      vertex -58.3 -93.4 83
      vertex -65.2 -102 83
      vertex -58.2673 -93.7317 83
    endloop
  endfacet
  facet normal 0 0 1
    outer loop
      vertex -48.6 -98 83
      vertex -65.2 -102 83
      vertex 65.2 -102 83
    endloop
  endfacet
  facet normal 0 0 1
    outer loop
      vertex -56.6 -95.1 83
      vertex -65.2 -102 83
      vertex -48.6 -98 83
    endloop
  endfacet
  facet normal 0 0 1
    outer loop
      vertex -57.5445 -94.8135 83
      vertex -65.2 -102 83
      vertex -57.2506 -94.9706 83
    endloop
  endfacet
  facet normal 0 0 1
    outer loop
      vertex -57.8021 -94.6021 83
      vertex -65.2 -102 83
      vertex -57.5445 -94.8135 83
    endloop
  endfacet
  facet normal 0 0 1
    outer loop
      vertex -58.0135 -94.3445 83
      vertex -65.2 -102 83
      vertex -57.8021 -94.6021 83
    endloop
  endfacet
  facet normal 0 0 1
    outer loop
      vertex -58.1706 -94.0506 83
      vertex -65.2 -102 83
      vertex -58.0135 -94.3445 83
    endloop
  endfacet
  facet normal 0 0 1
    outer loop
      vertex -58.2673 -93.7317 83
      vertex -65.2 -102 83
      vertex -58.1706 -94.0506 83
    endloop
  endfacet
  facet normal 0 0 1
    outer loop
      vertex -65.2 -102 83
      vertex -61.2 -85.4 83
      vertex -65.2 -20 83
    endloop
  endfacet
  facet normal -0 0 1
    outer loop
      vertex 58.2673 -28.9317 83
      vertex 61.2 -36.6 83
      vertex 58.3 -28.6 83
    endloop
  endfacet
  facet normal -0 0 1
    outer loop
      vertex 58.1706 -29.2506 83
      vertex 61.2 -36.6 83
      vertex 58.2673 -28.9317 83
    endloop
  endfacet
  facet normal -0 0 1
    outer loop
      vertex 58.0135 -29.5445 83
      vertex 61.2 -36.6 83
      vertex 58.1706 -29.2506 83
    endloop
  endfacet
  facet normal -0 0 1
    outer loop
      vertex 57.8021 -29.8021 83
      vertex 61.2 -36.6 83
      vertex 58.0135 -29.5445 83
    endloop
  endfacet
  facet normal -0 0 1
    outer loop
      vertex 57.5445 -30.0135 83
      vertex 61.2 -36.6 83
      vertex 57.8021 -29.8021 83
    endloop
  endfacet
  facet normal -0 0 1
    outer loop
      vertex 57.2506 -30.1706 83
      vertex 61.2 -36.6 83
      vertex 57.5445 -30.0135 83
    endloop
  endfacet
  facet normal -0 0 1
    outer loop
      vertex 56.9317 -30.2673 83
      vertex 61.2 -36.6 83
      vertex 57.2506 -30.1706 83
    endloop
  endfacet
  facet normal -0 0 1
    outer loop
      vertex 56.6 -30.3 83
      vertex 61.2 -36.6 83
      vertex 56.9317 -30.2673 83
    endloop
  endfacet
  facet normal 0 0 1
    outer loop
      vertex 56.2683 -30.2673 83
      vertex 61.2 -36.6 83
      vertex 56.6 -30.3 83
    endloop
  endfacet
  facet normal 0 0 1
    outer loop
      vertex 48.6 -36.6 83
      vertex 56.2683 -30.2673 83
      vertex 55.9494 -30.1706 83
    endloop
  endfacet
  facet normal 0 0 1
    outer loop
      vertex 48.6 -36.6 83
      vertex 55.9494 -30.1706 83
      vertex 55.6555 -30.0135 83
    endloop
  endfacet
  facet normal 0 0 1
    outer loop
      vertex 48.6 -36.6 83
      vertex 55.6555 -30.0135 83
      vertex 55.3979 -29.8021 83
    endloop
  endfacet
  facet normal 0 0 1
    outer loop
      vertex 48.6 -24 83
      vertex 54.9327 -28.9317 83
      vertex 54.9 -28.6 83
    endloop
  endfacet
  facet normal 0 0 1
    outer loop
      vertex 48.6 -36.6 83
      vertex 54.9327 -28.9317 83
      vertex 48.6 -24 83
    endloop
  endfacet
  facet normal 0 0 1
    outer loop
      vertex 54.9327 -28.9317 83
      vertex 48.6 -36.6 83
      vertex 55.0294 -29.2506 83
    endloop
  endfacet
  facet normal 0 0 1
    outer loop
      vertex 55.0294 -29.2506 83
      vertex 48.6 -36.6 83
      vertex 55.1865 -29.5445 83
    endloop
  endfacet
  facet normal 0 0 1
    outer loop
      vertex 55.1865 -29.5445 83
      vertex 48.6 -36.6 83
      vertex 55.3979 -29.8021 83
    endloop
  endfacet
  facet normal 0 0 1
    outer loop
      vertex 56.2683 -30.2673 83
      vertex 48.6 -36.6 83
      vertex 61.2 -36.6 83
    endloop
  endfacet
  facet normal 1 -0 0
    outer loop
      vertex -48.6 -98 83
      vertex -48.6 -85.4 80
      vertex -48.6 -85.4 83
    endloop
  endfacet
  facet normal 1 0 0
    outer loop
      vertex -48.6 -85.4 80
      vertex -48.6 -98 83
      vertex -48.6 -98 80
    endloop
  endfacet
  facet normal 0 0 -1
    outer loop
      vertex -54.9327 -28.9317 80
      vertex -48.6 -24 80
      vertex -48.6 -36.6 80
    endloop
  endfacet
  facet normal 0 0 -1
    outer loop
      vertex -48.6 -24 80
      vertex -54.9327 -28.9317 80
      vertex -54.9 -28.6 80
    endloop
  endfacet
  facet normal 0 0 -1
    outer loop
      vertex -48.6 -36.6 80
      vertex -55.0294 -29.2506 80
      vertex -54.9327 -28.9317 80
    endloop
  endfacet
  facet normal 0 0 -1
    outer loop
      vertex -48.6 -36.6 80
      vertex -55.1865 -29.5445 80
      vertex -55.0294 -29.2506 80
    endloop
  endfacet
  facet normal 0 0 -1
    outer loop
      vertex -48.6 -36.6 80
      vertex -55.3979 -29.8021 80
      vertex -55.1865 -29.5445 80
    endloop
  endfacet
  facet normal 0 0 -1
    outer loop
      vertex -48.6 -36.6 80
      vertex -55.6555 -30.0135 80
      vertex -55.3979 -29.8021 80
    endloop
  endfacet
  facet normal 0 0 -1
    outer loop
      vertex -48.6 -36.6 80
      vertex -55.9494 -30.1706 80
      vertex -55.6555 -30.0135 80
    endloop
  endfacet
  facet normal 0 0 -1
    outer loop
      vertex -48.6 -36.6 80
      vertex -56.2683 -30.2673 80
      vertex -55.9494 -30.1706 80
    endloop
  endfacet
  facet normal 0 0 -1
    outer loop
      vertex -61.2 -36.6 80
      vertex -56.2683 -30.2673 80
      vertex -48.6 -36.6 80
    endloop
  endfacet
  facet normal 0 0 -1
    outer loop
      vertex -56.2683 -30.2673 80
      vertex -61.2 -36.6 80
      vertex -56.6 -30.3 80
    endloop
  endfacet
  facet normal -0 0 -1
    outer loop
      vertex -56.6 -30.3 80
      vertex -61.2 -36.6 80
      vertex -56.9317 -30.2673 80
    endloop
  endfacet
  facet normal -0 0 -1
    outer loop
      vertex -56.9317 -30.2673 80
      vertex -61.2 -36.6 80
      vertex -57.2506 -30.1706 80
    endloop
  endfacet
  facet normal -0 0 -1
    outer loop
      vertex -58.2673 -28.9317 80
      vertex -61.2 -36.6 80
      vertex -58.3 -28.6 80
    endloop
  endfacet
  facet normal -0 0 -1
    outer loop
      vertex -58.1706 -29.2506 80
      vertex -61.2 -36.6 80
      vertex -58.2673 -28.9317 80
    endloop
  endfacet
  facet normal -0 0 -1
    outer loop
      vertex -58.0135 -29.5445 80
      vertex -61.2 -36.6 80
      vertex -58.1706 -29.2506 80
    endloop
  endfacet
  facet normal -0 0 -1
    outer loop
      vertex -57.8021 -29.8021 80
      vertex -61.2 -36.6 80
      vertex -58.0135 -29.5445 80
    endloop
  endfacet
  facet normal -0 0 -1
    outer loop
      vertex -57.5445 -30.0135 80
      vertex -61.2 -36.6 80
      vertex -57.8021 -29.8021 80
    endloop
  endfacet
  facet normal -0 0 -1
    outer loop
      vertex -57.2506 -30.1706 80
      vertex -61.2 -36.6 80
      vertex -57.5445 -30.0135 80
    endloop
  endfacet
  facet normal 0 0 -1
    outer loop
      vertex -48.6 -98 80
      vertex -54.9327 -93.0683 80
      vertex -48.6 -85.4 80
    endloop
  endfacet
  facet normal 0 0 -1
    outer loop
      vertex -55.0294 -92.7494 80
      vertex -48.6 -85.4 80
      vertex -54.9327 -93.0683 80
    endloop
  endfacet
  facet normal 0 0 -1
    outer loop
      vertex -55.1865 -92.4555 80
      vertex -48.6 -85.4 80
      vertex -55.0294 -92.7494 80
    endloop
  endfacet
  facet normal 0 0 -1
    outer loop
      vertex -55.3979 -92.1979 80
      vertex -48.6 -85.4 80
      vertex -55.1865 -92.4555 80
    endloop
  endfacet
  facet normal 0 0 -1
    outer loop
      vertex -55.6555 -91.9865 80
      vertex -48.6 -85.4 80
      vertex -55.3979 -92.1979 80
    endloop
  endfacet
  facet normal 0 0 -1
    outer loop
      vertex -55.9494 -91.8294 80
      vertex -48.6 -85.4 80
      vertex -55.6555 -91.9865 80
    endloop
  endfacet
  facet normal 0 0 -1
    outer loop
      vertex -56.2683 -91.7327 80
      vertex -48.6 -85.4 80
      vertex -55.9494 -91.8294 80
    endloop
  endfacet
  facet normal 0 0 -1
    outer loop
      vertex -61.2 -85.4 80
      vertex -56.2683 -91.7327 80
      vertex -56.6 -91.7 80
    endloop
  endfacet
  facet normal 0 0 -1
    outer loop
      vertex -61.2 -85.4 80
      vertex -56.6 -91.7 80
      vertex -56.9317 -91.7327 80
    endloop
  endfacet
  facet normal 0 0 -1
    outer loop
      vertex -61.2 -85.4 80
      vertex -56.9317 -91.7327 80
      vertex -57.2506 -91.8294 80
    endloop
  endfacet
  facet normal 0 0 -1
    outer loop
      vertex -61.2 -85.4 80
      vertex -57.2506 -91.8294 80
      vertex -57.5445 -91.9865 80
    endloop
  endfacet
  facet normal 0 0 -1
    outer loop
      vertex -56.2683 -91.7327 80
      vertex -61.2 -85.4 80
      vertex -48.6 -85.4 80
    endloop
  endfacet
  facet normal 0 0 -1
    outer loop
      vertex -57.8021 -92.1979 80
      vertex -61.2 -85.4 80
      vertex -57.5445 -91.9865 80
    endloop
  endfacet
  facet normal 0 0 -1
    outer loop
      vertex -58.0135 -92.4555 80
      vertex -61.2 -85.4 80
      vertex -57.8021 -92.1979 80
    endloop
  endfacet
  facet normal 0 0 -1
    outer loop
      vertex -58.1706 -92.7494 80
      vertex -61.2 -85.4 80
      vertex -58.0135 -92.4555 80
    endloop
  endfacet
  facet normal 0 0 -1
    outer loop
      vertex -58.2673 -93.0683 80
      vertex -61.2 -85.4 80
      vertex -58.1706 -92.7494 80
    endloop
  endfacet
  facet normal 0 0 -1
    outer loop
      vertex -61.2 -85.4 80
      vertex -58.2673 -93.0683 80
      vertex -58.3 -93.4 80
    endloop
  endfacet
  facet normal 0 0 -1
    outer loop
      vertex 61.2 -36.6 80
      vertex 58.2673 -28.9317 80
      vertex 58.3 -28.6 80
    endloop
  endfacet
  facet normal 0 0 -1
    outer loop
      vertex 61.2 -36.6 80
      vertex 58.1706 -29.2506 80
      vertex 58.2673 -28.9317 80
    endloop
  endfacet
  facet normal 0 0 -1
    outer loop
      vertex 61.2 -36.6 80
      vertex 58.0135 -29.5445 80
      vertex 58.1706 -29.2506 80
    endloop
  endfacet
  facet normal 0 0 -1
    outer loop
      vertex 61.2 -36.6 80
      vertex 57.8021 -29.8021 80
      vertex 58.0135 -29.5445 80
    endloop
  endfacet
  facet normal 0 0 -1
    outer loop
      vertex 61.2 -36.6 80
      vertex 57.5445 -30.0135 80
      vertex 57.8021 -29.8021 80
    endloop
  endfacet
  facet normal 0 0 -1
    outer loop
      vertex 61.2 -36.6 80
      vertex 57.2506 -30.1706 80
      vertex 57.5445 -30.0135 80
    endloop
  endfacet
  facet normal 0 0 -1
    outer loop
      vertex 61.2 -36.6 80
      vertex 56.9317 -30.2673 80
      vertex 57.2506 -30.1706 80
    endloop
  endfacet
  facet normal 0 0 -1
    outer loop
      vertex 61.2 -36.6 80
      vertex 56.6 -30.3 80
      vertex 56.9317 -30.2673 80
    endloop
  endfacet
  facet normal 0 0 -1
    outer loop
      vertex 61.2 -36.6 80
      vertex 56.2683 -30.2673 80
      vertex 56.6 -30.3 80
    endloop
  endfacet
  facet normal 0 0 -1
    outer loop
      vertex 48.6 -36.6 80
      vertex 56.2683 -30.2673 80
      vertex 61.2 -36.6 80
    endloop
  endfacet
  facet normal -0 0 -1
    outer loop
      vertex 56.2683 -30.2673 80
      vertex 48.6 -36.6 80
      vertex 55.9494 -30.1706 80
    endloop
  endfacet
  facet normal -0 0 -1
    outer loop
      vertex 55.9494 -30.1706 80
      vertex 48.6 -36.6 80
      vertex 55.6555 -30.0135 80
    endloop
  endfacet
  facet normal 0 0 -1
    outer loop
      vertex 48.6 -24 80
      vertex 54.9327 -28.9317 80
      vertex 48.6 -36.6 80
    endloop
  endfacet
  facet normal -0 0 -1
    outer loop
      vertex 55.0294 -29.2506 80
      vertex 48.6 -36.6 80
      vertex 54.9327 -28.9317 80
    endloop
  endfacet
  facet normal -0 0 -1
    outer loop
      vertex 55.1865 -29.5445 80
      vertex 48.6 -36.6 80
      vertex 55.0294 -29.2506 80
    endloop
  endfacet
  facet normal -0 0 -1
    outer loop
      vertex 55.3979 -29.8021 80
      vertex 48.6 -36.6 80
      vertex 55.1865 -29.5445 80
    endloop
  endfacet
  facet normal -0 0 -1
    outer loop
      vertex 55.6555 -30.0135 80
      vertex 48.6 -36.6 80
      vertex 55.3979 -29.8021 80
    endloop
  endfacet
  facet normal 0 0 -1
    outer loop
      vertex 61.2 -36.6 80
      vertex 65.2 -102 80
      vertex 61.2 -85.4 80
    endloop
  endfacet
  facet normal 0 0 -1
    outer loop
      vertex 65.2 -102 80
      vertex 58.3 -93.4 80
      vertex 61.2 -85.4 80
    endloop
  endfacet
  facet normal 0 0 -1
    outer loop
      vertex 65.2 -102 80
      vertex 58.2673 -93.7317 80
      vertex 58.3 -93.4 80
    endloop
  endfacet
  facet normal 0 0 -1
    outer loop
      vertex 65.2 -102 80
      vertex 58.1706 -94.0506 80
      vertex 58.2673 -93.7317 80
    endloop
  endfacet
  facet normal 0 0 -1
    outer loop
      vertex 65.2 -102 80
      vertex 58.0135 -94.3445 80
      vertex 58.1706 -94.0506 80
    endloop
  endfacet
  facet normal 0 0 -1
    outer loop
      vertex 65.2 -102 80
      vertex 57.8021 -94.6021 80
      vertex 58.0135 -94.3445 80
    endloop
  endfacet
  facet normal 0 0 -1
    outer loop
      vertex 65.2 -102 80
      vertex 57.5445 -94.8135 80
      vertex 57.8021 -94.6021 80
    endloop
  endfacet
  facet normal 0 0 -1
    outer loop
      vertex 65.2 -102 80
      vertex 57.2506 -94.9706 80
      vertex 57.5445 -94.8135 80
    endloop
  endfacet
  facet normal 0 0 -1
    outer loop
      vertex 65.2 -102 80
      vertex 56.9317 -95.0673 80
      vertex 57.2506 -94.9706 80
    endloop
  endfacet
  facet normal 0 0 -1
    outer loop
      vertex 65.2 -102 80
      vertex 56.6 -95.1 80
      vertex 56.9317 -95.0673 80
    endloop
  endfacet
  facet normal 0 0 -1
    outer loop
      vertex 48.6 -98 80
      vertex 56.6 -95.1 80
      vertex 65.2 -102 80
    endloop
  endfacet
  facet normal -0 0 -1
    outer loop
      vertex 56.6 -95.1 80
      vertex 48.6 -98 80
      vertex 56.2683 -95.0673 80
    endloop
  endfacet
  facet normal -0 0 -1
    outer loop
      vertex 56.2683 -95.0673 80
      vertex 48.6 -98 80
      vertex 55.9494 -94.9706 80
    endloop
  endfacet
  facet normal -0 0 -1
    outer loop
      vertex 54.9327 -93.7317 80
      vertex 48.6 -98 80
      vertex 54.9 -93.4 80
    endloop
  endfacet
  facet normal -0 0 -1
    outer loop
      vertex 55.0294 -94.0506 80
      vertex 48.6 -98 80
      vertex 54.9327 -93.7317 80
    endloop
  endfacet
  facet normal -0 0 -1
    outer loop
      vertex 55.1865 -94.3445 80
      vertex 48.6 -98 80
      vertex 55.0294 -94.0506 80
    endloop
  endfacet
  facet normal -0 0 -1
    outer loop
      vertex 55.3979 -94.6021 80
      vertex 48.6 -98 80
      vertex 55.1865 -94.3445 80
    endloop
  endfacet
  facet normal -0 0 -1
    outer loop
      vertex 55.6555 -94.8135 80
      vertex 48.6 -98 80
      vertex 55.3979 -94.6021 80
    endloop
  endfacet
  facet normal -0 0 -1
    outer loop
      vertex 55.9494 -94.9706 80
      vertex 48.6 -98 80
      vertex 55.6555 -94.8135 80
    endloop
  endfacet
  facet normal 0 0 -1
    outer loop
      vertex 65.2 -102 80
      vertex -48.6 -98 80
      vertex 48.6 -98 80
    endloop
  endfacet
  facet normal 0 0 -1
    outer loop
      vertex -54.9327 -93.0683 80
      vertex -48.6 -98 80
      vertex -54.9 -93.4 80
    endloop
  endfacet
  facet normal 0 0 -1
    outer loop
      vertex -48.6 -98 80
      vertex -54.9327 -93.7317 80
      vertex -54.9 -93.4 80
    endloop
  endfacet
  facet normal 0 0 -1
    outer loop
      vertex -48.6 -98 80
      vertex -55.0294 -94.0506 80
      vertex -54.9327 -93.7317 80
    endloop
  endfacet
  facet normal 0 0 -1
    outer loop
      vertex -48.6 -98 80
      vertex -55.1865 -94.3445 80
      vertex -55.0294 -94.0506 80
    endloop
  endfacet
  facet normal 0 0 -1
    outer loop
      vertex -48.6 -98 80
      vertex -55.3979 -94.6021 80
      vertex -55.1865 -94.3445 80
    endloop
  endfacet
  facet normal 0 0 -1
    outer loop
      vertex -48.6 -98 80
      vertex -55.6555 -94.8135 80
      vertex -55.3979 -94.6021 80
    endloop
  endfacet
  facet normal 0 0 -1
    outer loop
      vertex -48.6 -98 80
      vertex -55.9494 -94.9706 80
      vertex -55.6555 -94.8135 80
    endloop
  endfacet
  facet normal 0 0 -1
    outer loop
      vertex -48.6 -98 80
      vertex -56.2683 -95.0673 80
      vertex -55.9494 -94.9706 80
    endloop
  endfacet
  facet normal 0 0 -1
    outer loop
      vertex -48.6 -98 80
      vertex -56.6 -95.1 80
      vertex -56.2683 -95.0673 80
    endloop
  endfacet
  facet normal 0 0 -1
    outer loop
      vertex -65.2 -102 80
      vertex -56.6 -95.1 80
      vertex -48.6 -98 80
    endloop
  endfacet
  facet normal -0 0 -1
    outer loop
      vertex -56.6 -95.1 80
      vertex -65.2 -102 80
      vertex -56.9317 -95.0673 80
    endloop
  endfacet
  facet normal 0 0 -1
    outer loop
      vertex -65.2 -102 80
      vertex -58.3 -93.4 80
      vertex -58.2673 -93.7317 80
    endloop
  endfacet
  facet normal 0 0 -1
    outer loop
      vertex -65.2 -102 80
      vertex -58.2673 -93.7317 80
      vertex -58.1706 -94.0506 80
    endloop
  endfacet
  facet normal -0 0 -1
    outer loop
      vertex -61.2 -85.4 80
      vertex -65.2 -102 80
      vertex -61.2 -36.6 80
    endloop
  endfacet
  facet normal -0 0 -1
    outer loop
      vertex -58.3 -93.4 80
      vertex -65.2 -102 80
      vertex -61.2 -85.4 80
    endloop
  endfacet
  facet normal -0 0 -1
    outer loop
      vertex -58.0135 -94.3445 80
      vertex -65.2 -102 80
      vertex -58.1706 -94.0506 80
    endloop
  endfacet
  facet normal -0 0 -1
    outer loop
      vertex -57.8021 -94.6021 80
      vertex -65.2 -102 80
      vertex -58.0135 -94.3445 80
    endloop
  endfacet
  facet normal -0 0 -1
    outer loop
      vertex -57.5445 -94.8135 80
      vertex -65.2 -102 80
      vertex -57.8021 -94.6021 80
    endloop
  endfacet
  facet normal -0 0 -1
    outer loop
      vertex -57.2506 -94.9706 80
      vertex -65.2 -102 80
      vertex -57.5445 -94.8135 80
    endloop
  endfacet
  facet normal -0 0 -1
    outer loop
      vertex -56.9317 -95.0673 80
      vertex -65.2 -102 80
      vertex -57.2506 -94.9706 80
    endloop
  endfacet
  facet normal 0 0 -1
    outer loop
      vertex -65.2 -102 80
      vertex -48.6 -98 80
      vertex 65.2 -102 80
    endloop
  endfacet
  facet normal 0 0 -1
    outer loop
      vertex 65.2 -102 80
      vertex 61.2 -36.6 80
      vertex 65.2 -17 80
    endloop
  endfacet
  facet normal 0 0 -1
    outer loop
      vertex 58.3 -28.6 80
      vertex 65.2 -17 80
      vertex 61.2 -36.6 80
    endloop
  endfacet
  facet normal 0 0 -1
    outer loop
      vertex 58.2673 -28.2683 80
      vertex 65.2 -17 80
      vertex 58.3 -28.6 80
    endloop
  endfacet
  facet normal 0 0 -1
    outer loop
      vertex 58.1706 -27.9494 80
      vertex 65.2 -17 80
      vertex 58.2673 -28.2683 80
    endloop
  endfacet
  facet normal 0 0 -1
    outer loop
      vertex 58.0135 -27.6555 80
      vertex 65.2 -17 80
      vertex 58.1706 -27.9494 80
    endloop
  endfacet
  facet normal 0 0 -1
    outer loop
      vertex 57.8021 -27.3979 80
      vertex 65.2 -17 80
      vertex 58.0135 -27.6555 80
    endloop
  endfacet
  facet normal 0 0 -1
    outer loop
      vertex 57.5445 -27.1865 80
      vertex 65.2 -17 80
      vertex 57.8021 -27.3979 80
    endloop
  endfacet
  facet normal 0 0 -1
    outer loop
      vertex 57.2506 -27.0294 80
      vertex 65.2 -17 80
      vertex 57.5445 -27.1865 80
    endloop
  endfacet
  facet normal 0 0 -1
    outer loop
      vertex 56.9317 -26.9327 80
      vertex 65.2 -17 80
      vertex 57.2506 -27.0294 80
    endloop
  endfacet
  facet normal 0 0 -1
    outer loop
      vertex 56.6 -26.9 80
      vertex 65.2 -17 80
      vertex 56.9317 -26.9327 80
    endloop
  endfacet
  facet normal 0 0 -1
    outer loop
      vertex 56.2683 -26.9327 80
      vertex 65.2 -17 80
      vertex 56.6 -26.9 80
    endloop
  endfacet
  facet normal 0 0 -1
    outer loop
      vertex 48.6 -24 80
      vertex 56.2683 -26.9327 80
      vertex 55.9494 -27.0294 80
    endloop
  endfacet
  facet normal 0 0 -1
    outer loop
      vertex 48.6 -24 80
      vertex 55.9494 -27.0294 80
      vertex 55.6555 -27.1865 80
    endloop
  endfacet
  facet normal 0 0 -1
    outer loop
      vertex 48.6 -24 80
      vertex 55.6555 -27.1865 80
      vertex 55.3979 -27.3979 80
    endloop
  endfacet
  facet normal 0 0 -1
    outer loop
      vertex 54.9327 -28.9317 80
      vertex 48.6 -24 80
      vertex 54.9 -28.6 80
    endloop
  endfacet
  facet normal 0 0 -1
    outer loop
      vertex 54.9 -28.6 80
      vertex 48.6 -24 80
      vertex 54.9327 -28.2683 80
    endloop
  endfacet
  facet normal 0 0 -1
    outer loop
      vertex 54.9327 -28.2683 80
      vertex 48.6 -24 80
      vertex 55.0294 -27.9494 80
    endloop
  endfacet
  facet normal 0 0 -1
    outer loop
      vertex 55.0294 -27.9494 80
      vertex 48.6 -24 80
      vertex 55.1865 -27.6555 80
    endloop
  endfacet
  facet normal 0 0 -1
    outer loop
      vertex 48.6 -24 80
      vertex 55.3979 -27.3979 80
      vertex 55.1865 -27.6555 80
    endloop
  endfacet
  facet normal 0 0 -1
    outer loop
      vertex 56.2683 -26.9327 80
      vertex 48.6 -24 80
      vertex 65.2 -17 80
    endloop
  endfacet
  facet normal 0 0 -1
    outer loop
      vertex -48.6 -24 80
      vertex 65.2 -17 80
      vertex 48.6 -24 80
    endloop
  endfacet
  facet normal 0 0 -1
    outer loop
      vertex -54.9327 -28.2683 80
      vertex -48.6 -24 80
      vertex -54.9 -28.6 80
    endloop
  endfacet
  facet normal 0 0 -1
    outer loop
      vertex -55.0294 -27.9494 80
      vertex -48.6 -24 80
      vertex -54.9327 -28.2683 80
    endloop
  endfacet
  facet normal 0 0 -1
    outer loop
      vertex -55.1865 -27.6555 80
      vertex -48.6 -24 80
      vertex -55.0294 -27.9494 80
    endloop
  endfacet
  facet normal 0 0 -1
    outer loop
      vertex -55.3979 -27.3979 80
      vertex -48.6 -24 80
      vertex -55.1865 -27.6555 80
    endloop
  endfacet
  facet normal 0 0 -1
    outer loop
      vertex -55.6555 -27.1865 80
      vertex -48.6 -24 80
      vertex -55.3979 -27.3979 80
    endloop
  endfacet
  facet normal 0 0 -1
    outer loop
      vertex -55.9494 -27.0294 80
      vertex -48.6 -24 80
      vertex -55.6555 -27.1865 80
    endloop
  endfacet
  facet normal 0 0 -1
    outer loop
      vertex -56.2683 -26.9327 80
      vertex -48.6 -24 80
      vertex -55.9494 -27.0294 80
    endloop
  endfacet
  facet normal 0 0 -1
    outer loop
      vertex -56.6 -26.9 80
      vertex -48.6 -24 80
      vertex -56.2683 -26.9327 80
    endloop
  endfacet
  facet normal 0 0 -1
    outer loop
      vertex -65.2 -17 80
      vertex -56.6 -26.9 80
      vertex -56.9317 -26.9327 80
    endloop
  endfacet
  facet normal 0 0 -1
    outer loop
      vertex -65.2 -17 80
      vertex -56.9317 -26.9327 80
      vertex -57.2506 -27.0294 80
    endloop
  endfacet
  facet normal 0 0 -1
    outer loop
      vertex -65.2 -17 80
      vertex -58.3 -28.6 80
      vertex -61.2 -36.6 80
    endloop
  endfacet
  facet normal 0 0 -1
    outer loop
      vertex -58.3 -28.6 80
      vertex -65.2 -17 80
      vertex -58.2673 -28.2683 80
    endloop
  endfacet
  facet normal 0 0 -1
    outer loop
      vertex -48.6 -24 80
      vertex -65.2 -17 80
      vertex 65.2 -17 80
    endloop
  endfacet
  facet normal 0 0 -1
    outer loop
      vertex -56.6 -26.9 80
      vertex -65.2 -17 80
      vertex -48.6 -24 80
    endloop
  endfacet
  facet normal 0 0 -1
    outer loop
      vertex -57.5445 -27.1865 80
      vertex -65.2 -17 80
      vertex -57.2506 -27.0294 80
    endloop
  endfacet
  facet normal 0 0 -1
    outer loop
      vertex -57.8021 -27.3979 80
      vertex -65.2 -17 80
      vertex -57.5445 -27.1865 80
    endloop
  endfacet
  facet normal 0 0 -1
    outer loop
      vertex -58.0135 -27.6555 80
      vertex -65.2 -17 80
      vertex -57.8021 -27.3979 80
    endloop
  endfacet
  facet normal 0 0 -1
    outer loop
      vertex -58.1706 -27.9494 80
      vertex -65.2 -17 80
      vertex -58.0135 -27.6555 80
    endloop
  endfacet
  facet normal 0 0 -1
    outer loop
      vertex -58.2673 -28.2683 80
      vertex -65.2 -17 80
      vertex -58.1706 -27.9494 80
    endloop
  endfacet
  facet normal 0 0 -1
    outer loop
      vertex -65.2 -17 80
      vertex -61.2 -36.6 80
      vertex -65.2 -102 80
    endloop
  endfacet
  facet normal 0 0 -1
    outer loop
      vertex 58.2673 -93.0683 80
      vertex 61.2 -85.4 80
      vertex 58.3 -93.4 80
    endloop
  endfacet
  facet normal 0 0 -1
    outer loop
      vertex 58.1706 -92.7494 80
      vertex 61.2 -85.4 80
      vertex 58.2673 -93.0683 80
    endloop
  endfacet
  facet normal 0 0 -1
    outer loop
      vertex 58.0135 -92.4555 80
      vertex 61.2 -85.4 80
      vertex 58.1706 -92.7494 80
    endloop
  endfacet
  facet normal 0 0 -1
    outer loop
      vertex 57.8021 -92.1979 80
      vertex 61.2 -85.4 80
      vertex 58.0135 -92.4555 80
    endloop
  endfacet
  facet normal 0 0 -1
    outer loop
      vertex 57.5445 -91.9865 80
      vertex 61.2 -85.4 80
      vertex 57.8021 -92.1979 80
    endloop
  endfacet
  facet normal 0 0 -1
    outer loop
      vertex 57.2506 -91.8294 80
      vertex 61.2 -85.4 80
      vertex 57.5445 -91.9865 80
    endloop
  endfacet
  facet normal 0 0 -1
    outer loop
      vertex 56.9317 -91.7327 80
      vertex 61.2 -85.4 80
      vertex 57.2506 -91.8294 80
    endloop
  endfacet
  facet normal 0 0 -1
    outer loop
      vertex 56.6 -91.7 80
      vertex 61.2 -85.4 80
      vertex 56.9317 -91.7327 80
    endloop
  endfacet
  facet normal 0 0 -1
    outer loop
      vertex 56.2683 -91.7327 80
      vertex 61.2 -85.4 80
      vertex 56.6 -91.7 80
    endloop
  endfacet
  facet normal 0 0 -1
    outer loop
      vertex 48.6 -85.4 80
      vertex 56.2683 -91.7327 80
      vertex 55.9494 -91.8294 80
    endloop
  endfacet
  facet normal 0 0 -1
    outer loop
      vertex 48.6 -85.4 80
      vertex 55.9494 -91.8294 80
      vertex 55.6555 -91.9865 80
    endloop
  endfacet
  facet normal 0 0 -1
    outer loop
      vertex 48.6 -85.4 80
      vertex 55.6555 -91.9865 80
      vertex 55.3979 -92.1979 80
    endloop
  endfacet
  facet normal 0 0 -1
    outer loop
      vertex 48.6 -98 80
      vertex 54.9327 -93.0683 80
      vertex 54.9 -93.4 80
    endloop
  endfacet
  facet normal 0 0 -1
    outer loop
      vertex 48.6 -85.4 80
      vertex 54.9327 -93.0683 80
      vertex 48.6 -98 80
    endloop
  endfacet
  facet normal 0 0 -1
    outer loop
      vertex 54.9327 -93.0683 80
      vertex 48.6 -85.4 80
      vertex 55.0294 -92.7494 80
    endloop
  endfacet
  facet normal 0 0 -1
    outer loop
      vertex 55.0294 -92.7494 80
      vertex 48.6 -85.4 80
      vertex 55.1865 -92.4555 80
    endloop
  endfacet
  facet normal 0 0 -1
    outer loop
      vertex 55.1865 -92.4555 80
      vertex 48.6 -85.4 80
      vertex 55.3979 -92.1979 80
    endloop
  endfacet
  facet normal 0 0 -1
    outer loop
      vertex 56.2683 -91.7327 80
      vertex 48.6 -85.4 80
      vertex 61.2 -85.4 80
    endloop
  endfacet
  facet normal 0 1 -0
    outer loop
      vertex -48.6 -85.4 80
      vertex -61.2 -85.4 83
      vertex -48.6 -85.4 83
    endloop
  endfacet
  facet normal 0 1 0
    outer loop
      vertex -61.2 -85.4 83
      vertex -48.6 -85.4 80
      vertex -61.2 -85.4 80
    endloop
  endfacet
  facet normal 1 -0 0
    outer loop
      vertex -48.6 -36.6 83
      vertex -48.6 -24 80
      vertex -48.6 -24 83
    endloop
  endfacet
  facet normal 1 0 0
    outer loop
      vertex -48.6 -24 80
      vertex -48.6 -36.6 83
      vertex -48.6 -36.6 80
    endloop
  endfacet
  facet normal 0 -1 0
    outer loop
      vertex -61.2 -36.6 80
      vertex -48.6 -36.6 83
      vertex -61.2 -36.6 83
    endloop
  endfacet
  facet normal 0 -1 -0
    outer loop
      vertex -48.6 -36.6 83
      vertex -61.2 -36.6 80
      vertex -48.6 -36.6 80
    endloop
  endfacet
  facet normal -1 0 0
    outer loop
      vertex 48.6 -98 80
      vertex 48.6 -85.4 83
      vertex 48.6 -85.4 80
    endloop
  endfacet
  facet normal -1 -0 0
    outer loop
      vertex 48.6 -85.4 83
      vertex 48.6 -98 80
      vertex 48.6 -98 83
    endloop
  endfacet
  facet normal 0 1 -0
    outer loop
      vertex 61.2 -85.4 80
      vertex 48.6 -85.4 83
      vertex 61.2 -85.4 83
    endloop
  endfacet
  facet normal 0 1 0
    outer loop
      vertex 48.6 -85.4 83
      vertex 61.2 -85.4 80
      vertex 48.6 -85.4 80
    endloop
  endfacet
  facet normal -1 0 0
    outer loop
      vertex 48.6 -36.6 80
      vertex 48.6 -24 83
      vertex 48.6 -24 80
    endloop
  endfacet
  facet normal -1 -0 0
    outer loop
      vertex 48.6 -24 83
      vertex 48.6 -36.6 80
      vertex 48.6 -36.6 83
    endloop
  endfacet
  facet normal 0 -1 0
    outer loop
      vertex 48.6 -36.6 80
      vertex 61.2 -36.6 83
      vertex 48.6 -36.6 83
    endloop
  endfacet
  facet normal 0 -1 -0
    outer loop
      vertex 61.2 -36.6 83
      vertex 48.6 -36.6 80
      vertex 61.2 -36.6 80
    endloop
  endfacet
  facet normal 0 1 -0
    outer loop
      vertex 65.2 -17 80
      vertex -65.2 -17 82
      vertex 65.2 -17 82
    endloop
  endfacet
  facet normal 0 1 0
    outer loop
      vertex -65.2 -17 82
      vertex 65.2 -17 80
      vertex -65.2 -17 80
    endloop
  endfacet
  facet normal 1 -0 0
    outer loop
      vertex -61.2 -85.4 83
      vertex -61.2 -36.6 80
      vertex -61.2 -36.6 83
    endloop
  endfacet
  facet normal 1 0 0
    outer loop
      vertex -61.2 -36.6 80
      vertex -61.2 -85.4 83
      vertex -61.2 -85.4 80
    endloop
  endfacet
  facet normal 0 -1 0
    outer loop
      vertex -48.6 -24 80
      vertex 48.6 -24 83
      vertex -48.6 -24 83
    endloop
  endfacet
  facet normal 0 -1 -0
    outer loop
      vertex 48.6 -24 83
      vertex -48.6 -24 80
      vertex 48.6 -24 80
    endloop
  endfacet
  facet normal -1 0 0
    outer loop
      vertex 61.2 -85.4 80
      vertex 61.2 -36.6 83
      vertex 61.2 -36.6 80
    endloop
  endfacet
  facet normal -1 -0 0
    outer loop
      vertex 61.2 -36.6 83
      vertex 61.2 -85.4 80
      vertex 61.2 -85.4 83
    endloop
  endfacet
  facet normal 0 1 -0
    outer loop
      vertex 48.6 -98 80
      vertex -48.6 -98 83
      vertex 48.6 -98 83
    endloop
  endfacet
  facet normal 0 1 0
    outer loop
      vertex -48.6 -98 83
      vertex 48.6 -98 80
      vertex -48.6 -98 80
    endloop
  endfacet
  facet normal -0.881912 -0.471413 3.36184e-18
    outer loop
      vertex -55.0294 -92.7494 80
      vertex -55.1865 -92.4555 83
      vertex -55.1865 -92.4555 80
    endloop
  endfacet
  facet normal -0.881912 -0.471413 3.36184e-18
    outer loop
      vertex -55.1865 -92.4555 83
      vertex -55.0294 -92.7494 80
      vertex -55.0294 -92.7494 83
    endloop
  endfacet
  facet normal -0.773021 -0.634381 -1.66405e-18
    outer loop
      vertex -55.1865 -92.4555 80
      vertex -55.3979 -92.1979 83
      vertex -55.3979 -92.1979 80
    endloop
  endfacet
  facet normal -0.773021 -0.634381 -1.66405e-18
    outer loop
      vertex -55.3979 -92.1979 83
      vertex -55.1865 -92.4555 80
      vertex -55.1865 -92.4555 83
    endloop
  endfacet
  facet normal -0.290182 -0.956971 0
    outer loop
      vertex -56.2683 -91.7327 80
      vertex -55.9494 -91.8294 83
      vertex -56.2683 -91.7327 83
    endloop
  endfacet
  facet normal -0.290182 -0.956971 -0
    outer loop
      vertex -55.9494 -91.8294 83
      vertex -56.2683 -91.7327 80
      vertex -55.9494 -91.8294 80
    endloop
  endfacet
  facet normal 0.471413 -0.881912 0
    outer loop
      vertex -57.5445 -91.9865 80
      vertex -57.2506 -91.8294 83
      vertex -57.5445 -91.9865 83
    endloop
  endfacet
  facet normal 0.471413 -0.881912 0
    outer loop
      vertex -57.2506 -91.8294 83
      vertex -57.5445 -91.9865 80
      vertex -57.2506 -91.8294 80
    endloop
  endfacet
  facet normal 0.956971 -0.290182 4.64306e-19
    outer loop
      vertex -58.2673 -93.0683 83
      vertex -58.1706 -92.7494 80
      vertex -58.1706 -92.7494 83
    endloop
  endfacet
  facet normal 0.956971 -0.290182 4.64306e-19
    outer loop
      vertex -58.1706 -92.7494 80
      vertex -58.2673 -93.0683 83
      vertex -58.2673 -93.0683 80
    endloop
  endfacet
  facet normal -0.995176 0.0981075 3.46463e-19
    outer loop
      vertex -54.9327 -93.7317 80
      vertex -54.9 -93.4 83
      vertex -54.9 -93.4 80
    endloop
  endfacet
  facet normal -0.995176 0.0981075 3.46463e-19
    outer loop
      vertex -54.9 -93.4 83
      vertex -54.9327 -93.7317 80
      vertex -54.9327 -93.7317 83
    endloop
  endfacet
  facet normal -0.290182 0.956971 0
    outer loop
      vertex -55.9494 -94.9706 80
      vertex -56.2683 -95.0673 83
      vertex -55.9494 -94.9706 83
    endloop
  endfacet
  facet normal -0.290182 0.956971 0
    outer loop
      vertex -56.2683 -95.0673 83
      vertex -55.9494 -94.9706 80
      vertex -56.2683 -95.0673 80
    endloop
  endfacet
  facet normal -0.956971 -0.290182 -9.15055e-20
    outer loop
      vertex -54.9327 -93.0683 80
      vertex -55.0294 -92.7494 83
      vertex -55.0294 -92.7494 80
    endloop
  endfacet
  facet normal -0.956971 -0.290182 -9.15055e-20
    outer loop
      vertex -55.0294 -92.7494 83
      vertex -54.9327 -93.0683 80
      vertex -54.9327 -93.0683 83
    endloop
  endfacet
  facet normal -0.634381 -0.773021 0
    outer loop
      vertex -55.6555 -91.9865 80
      vertex -55.3979 -92.1979 83
      vertex -55.6555 -91.9865 83
    endloop
  endfacet
  facet normal -0.634381 -0.773021 -0
    outer loop
      vertex -55.3979 -92.1979 83
      vertex -55.6555 -91.9865 80
      vertex -55.3979 -92.1979 80
    endloop
  endfacet
  facet normal 0.0981075 -0.995176 0
    outer loop
      vertex -56.9317 -91.7327 80
      vertex -56.6 -91.7 83
      vertex -56.9317 -91.7327 83
    endloop
  endfacet
  facet normal 0.0981075 -0.995176 0
    outer loop
      vertex -56.6 -91.7 83
      vertex -56.9317 -91.7327 80
      vertex -56.6 -91.7 80
    endloop
  endfacet
  facet normal -0.471413 -0.881912 0
    outer loop
      vertex -55.9494 -91.8294 80
      vertex -55.6555 -91.9865 83
      vertex -55.9494 -91.8294 83
    endloop
  endfacet
  facet normal -0.471413 -0.881912 -0
    outer loop
      vertex -55.6555 -91.9865 83
      vertex -55.9494 -91.8294 80
      vertex -55.6555 -91.9865 80
    endloop
  endfacet
  facet normal 0.995176 0.0981075 -3.46463e-19
    outer loop
      vertex -58.2673 -93.7317 83
      vertex -58.3 -93.4 80
      vertex -58.3 -93.4 83
    endloop
  endfacet
  facet normal 0.995176 0.0981075 -3.46463e-19
    outer loop
      vertex -58.3 -93.4 80
      vertex -58.2673 -93.7317 83
      vertex -58.2673 -93.7317 80
    endloop
  endfacet
  facet normal 0.881912 -0.471413 -3.36184e-18
    outer loop
      vertex -58.1706 -92.7494 83
      vertex -58.0135 -92.4555 80
      vertex -58.0135 -92.4555 83
    endloop
  endfacet
  facet normal 0.881912 -0.471413 -3.36184e-18
    outer loop
      vertex -58.0135 -92.4555 80
      vertex -58.1706 -92.7494 83
      vertex -58.1706 -92.7494 80
    endloop
  endfacet
  facet normal 0.634381 -0.773021 0
    outer loop
      vertex -57.8021 -92.1979 80
      vertex -57.5445 -91.9865 83
      vertex -57.8021 -92.1979 83
    endloop
  endfacet
  facet normal 0.634381 -0.773021 0
    outer loop
      vertex -57.5445 -91.9865 83
      vertex -57.8021 -92.1979 80
      vertex -57.5445 -91.9865 80
    endloop
  endfacet
  facet normal 0.290182 -0.956971 0
    outer loop
      vertex -57.2506 -91.8294 80
      vertex -56.9317 -91.7327 83
      vertex -57.2506 -91.8294 83
    endloop
  endfacet
  facet normal 0.290182 -0.956971 0
    outer loop
      vertex -56.9317 -91.7327 83
      vertex -57.2506 -91.8294 80
      vertex -56.9317 -91.7327 80
    endloop
  endfacet
  facet normal 0.773021 -0.634381 1.66405e-18
    outer loop
      vertex -58.0135 -92.4555 83
      vertex -57.8021 -92.1979 80
      vertex -57.8021 -92.1979 83
    endloop
  endfacet
  facet normal 0.773021 -0.634381 1.66405e-18
    outer loop
      vertex -57.8021 -92.1979 80
      vertex -58.0135 -92.4555 83
      vertex -58.0135 -92.4555 80
    endloop
  endfacet
  facet normal -0.995176 -0.0981075 -5.5739e-19
    outer loop
      vertex -54.9 -93.4 80
      vertex -54.9327 -93.0683 83
      vertex -54.9327 -93.0683 80
    endloop
  endfacet
  facet normal -0.995176 -0.0981075 -5.5739e-19
    outer loop
      vertex -54.9327 -93.0683 83
      vertex -54.9 -93.4 80
      vertex -54.9 -93.4 83
    endloop
  endfacet
  facet normal -0.634381 0.773021 0
    outer loop
      vertex -55.3979 -94.6021 80
      vertex -55.6555 -94.8135 83
      vertex -55.3979 -94.6021 83
    endloop
  endfacet
  facet normal -0.634381 0.773021 0
    outer loop
      vertex -55.6555 -94.8135 83
      vertex -55.3979 -94.6021 80
      vertex -55.6555 -94.8135 80
    endloop
  endfacet
  facet normal -0.881912 0.471413 -3.36184e-18
    outer loop
      vertex -55.1865 -94.3445 80
      vertex -55.0294 -94.0506 83
      vertex -55.0294 -94.0506 80
    endloop
  endfacet
  facet normal -0.881912 0.471413 -3.36184e-18
    outer loop
      vertex -55.0294 -94.0506 83
      vertex -55.1865 -94.3445 80
      vertex -55.1865 -94.3445 83
    endloop
  endfacet
  facet normal 0.0981075 0.995176 -0
    outer loop
      vertex -56.6 -95.1 80
      vertex -56.9317 -95.0673 83
      vertex -56.6 -95.1 83
    endloop
  endfacet
  facet normal 0.0981075 0.995176 0
    outer loop
      vertex -56.9317 -95.0673 83
      vertex -56.6 -95.1 80
      vertex -56.9317 -95.0673 80
    endloop
  endfacet
  facet normal -0.0981075 -0.995176 0
    outer loop
      vertex -56.6 -91.7 80
      vertex -56.2683 -91.7327 83
      vertex -56.6 -91.7 83
    endloop
  endfacet
  facet normal -0.0981075 -0.995176 -0
    outer loop
      vertex -56.2683 -91.7327 83
      vertex -56.6 -91.7 80
      vertex -56.2683 -91.7327 80
    endloop
  endfacet
  facet normal 0.995176 -0.0981075 5.5739e-19
    outer loop
      vertex -58.3 -93.4 83
      vertex -58.2673 -93.0683 80
      vertex -58.2673 -93.0683 83
    endloop
  endfacet
  facet normal 0.995176 -0.0981075 5.5739e-19
    outer loop
      vertex -58.2673 -93.0683 80
      vertex -58.3 -93.4 83
      vertex -58.3 -93.4 80
    endloop
  endfacet
  facet normal 0.956971 0.290182 -4.64306e-19
    outer loop
      vertex -58.1706 -94.0506 83
      vertex -58.2673 -93.7317 80
      vertex -58.2673 -93.7317 83
    endloop
  endfacet
  facet normal 0.956971 0.290182 -4.64306e-19
    outer loop
      vertex -58.2673 -93.7317 80
      vertex -58.1706 -94.0506 83
      vertex -58.1706 -94.0506 80
    endloop
  endfacet
  facet normal -0.773021 0.634381 1.66405e-18
    outer loop
      vertex -55.3979 -94.6021 80
      vertex -55.1865 -94.3445 83
      vertex -55.1865 -94.3445 80
    endloop
  endfacet
  facet normal -0.773021 0.634381 1.66405e-18
    outer loop
      vertex -55.1865 -94.3445 83
      vertex -55.3979 -94.6021 80
      vertex -55.3979 -94.6021 83
    endloop
  endfacet
  facet normal -0.956971 0.290182 9.15055e-20
    outer loop
      vertex -55.0294 -94.0506 80
      vertex -54.9327 -93.7317 83
      vertex -54.9327 -93.7317 80
    endloop
  endfacet
  facet normal -0.956971 0.290182 9.15055e-20
    outer loop
      vertex -54.9327 -93.7317 83
      vertex -55.0294 -94.0506 80
      vertex -55.0294 -94.0506 83
    endloop
  endfacet
  facet normal 0.290182 0.956971 -0
    outer loop
      vertex -56.9317 -95.0673 80
      vertex -57.2506 -94.9706 83
      vertex -56.9317 -95.0673 83
    endloop
  endfacet
  facet normal 0.290182 0.956971 0
    outer loop
      vertex -57.2506 -94.9706 83
      vertex -56.9317 -95.0673 80
      vertex -57.2506 -94.9706 80
    endloop
  endfacet
  facet normal -0.0981075 0.995176 0
    outer loop
      vertex -56.2683 -95.0673 80
      vertex -56.6 -95.1 83
      vertex -56.2683 -95.0673 83
    endloop
  endfacet
  facet normal -0.0981075 0.995176 0
    outer loop
      vertex -56.6 -95.1 83
      vertex -56.2683 -95.0673 80
      vertex -56.6 -95.1 80
    endloop
  endfacet
  facet normal 0.881912 0.471413 3.36184e-18
    outer loop
      vertex -58.0135 -94.3445 83
      vertex -58.1706 -94.0506 80
      vertex -58.1706 -94.0506 83
    endloop
  endfacet
  facet normal 0.881912 0.471413 3.36184e-18
    outer loop
      vertex -58.1706 -94.0506 80
      vertex -58.0135 -94.3445 83
      vertex -58.0135 -94.3445 80
    endloop
  endfacet
  facet normal 0.634381 0.773021 -0
    outer loop
      vertex -57.5445 -94.8135 80
      vertex -57.8021 -94.6021 83
      vertex -57.5445 -94.8135 83
    endloop
  endfacet
  facet normal 0.634381 0.773021 0
    outer loop
      vertex -57.8021 -94.6021 83
      vertex -57.5445 -94.8135 80
      vertex -57.8021 -94.6021 80
    endloop
  endfacet
  facet normal 0.773021 0.634381 -1.66405e-18
    outer loop
      vertex -57.8021 -94.6021 83
      vertex -58.0135 -94.3445 80
      vertex -58.0135 -94.3445 83
    endloop
  endfacet
  facet normal 0.773021 0.634381 -1.66405e-18
    outer loop
      vertex -58.0135 -94.3445 80
      vertex -57.8021 -94.6021 83
      vertex -57.8021 -94.6021 80
    endloop
  endfacet
  facet normal -0.471413 0.881912 0
    outer loop
      vertex -55.6555 -94.8135 80
      vertex -55.9494 -94.9706 83
      vertex -55.6555 -94.8135 83
    endloop
  endfacet
  facet normal -0.471413 0.881912 0
    outer loop
      vertex -55.9494 -94.9706 83
      vertex -55.6555 -94.8135 80
      vertex -55.9494 -94.9706 80
    endloop
  endfacet
  facet normal 0.471413 0.881912 -0
    outer loop
      vertex -57.2506 -94.9706 80
      vertex -57.5445 -94.8135 83
      vertex -57.2506 -94.9706 83
    endloop
  endfacet
  facet normal 0.471413 0.881912 0
    outer loop
      vertex -57.5445 -94.8135 83
      vertex -57.2506 -94.9706 80
      vertex -57.5445 -94.8135 80
    endloop
  endfacet
  facet normal -0.471413 -0.881912 0
    outer loop
      vertex -55.9494 -27.0294 80
      vertex -55.6555 -27.1865 83
      vertex -55.9494 -27.0294 83
    endloop
  endfacet
  facet normal -0.471413 -0.881912 -0
    outer loop
      vertex -55.6555 -27.1865 83
      vertex -55.9494 -27.0294 80
      vertex -55.6555 -27.1865 80
    endloop
  endfacet
  facet normal 0.995176 -0.0981075 3.98983e-19
    outer loop
      vertex -58.3 -28.6 83
      vertex -58.2673 -28.2683 80
      vertex -58.2673 -28.2683 83
    endloop
  endfacet
  facet normal 0.995176 -0.0981075 3.98983e-19
    outer loop
      vertex -58.2673 -28.2683 80
      vertex -58.3 -28.6 83
      vertex -58.3 -28.6 80
    endloop
  endfacet
  facet normal -0.995176 0.0981075 3.46463e-19
    outer loop
      vertex -54.9327 -28.9317 80
      vertex -54.9 -28.6 83
      vertex -54.9 -28.6 80
    endloop
  endfacet
  facet normal -0.995176 0.0981075 3.46463e-19
    outer loop
      vertex -54.9 -28.6 83
      vertex -54.9327 -28.9317 80
      vertex -54.9327 -28.9317 83
    endloop
  endfacet
  facet normal 0.0981075 0.995176 -0
    outer loop
      vertex -56.6 -30.3 80
      vertex -56.9317 -30.2673 83
      vertex -56.6 -30.3 83
    endloop
  endfacet
  facet normal 0.0981075 0.995176 0
    outer loop
      vertex -56.9317 -30.2673 83
      vertex -56.6 -30.3 80
      vertex -56.9317 -30.2673 80
    endloop
  endfacet
  facet normal 0.471413 -0.881912 0
    outer loop
      vertex -57.5445 -27.1865 80
      vertex -57.2506 -27.0294 83
      vertex -57.5445 -27.1865 83
    endloop
  endfacet
  facet normal 0.471413 -0.881912 0
    outer loop
      vertex -57.2506 -27.0294 83
      vertex -57.5445 -27.1865 80
      vertex -57.2506 -27.0294 80
    endloop
  endfacet
  facet normal 0.956971 -0.290182 4.64306e-19
    outer loop
      vertex -58.2673 -28.2683 83
      vertex -58.1706 -27.9494 80
      vertex -58.1706 -27.9494 83
    endloop
  endfacet
  facet normal 0.956971 -0.290182 4.64306e-19
    outer loop
      vertex -58.1706 -27.9494 80
      vertex -58.2673 -28.2683 83
      vertex -58.2673 -28.2683 80
    endloop
  endfacet
  facet normal 0.773021 0.634381 -2.03346e-20
    outer loop
      vertex -57.8021 -29.8021 83
      vertex -58.0135 -29.5445 80
      vertex -58.0135 -29.5445 83
    endloop
  endfacet
  facet normal 0.773021 0.634381 -2.03346e-20
    outer loop
      vertex -58.0135 -29.5445 80
      vertex -57.8021 -29.8021 83
      vertex -57.8021 -29.8021 80
    endloop
  endfacet
  facet normal -0.881912 -0.471413 2.46376e-18
    outer loop
      vertex -55.0294 -27.9494 80
      vertex -55.1865 -27.6555 83
      vertex -55.1865 -27.6555 80
    endloop
  endfacet
  facet normal -0.881912 -0.471413 2.46376e-18
    outer loop
      vertex -55.1865 -27.6555 83
      vertex -55.0294 -27.9494 80
      vertex -55.0294 -27.9494 83
    endloop
  endfacet
  facet normal -0.773021 -0.634381 -2.03346e-20
    outer loop
      vertex -55.1865 -27.6555 80
      vertex -55.3979 -27.3979 83
      vertex -55.3979 -27.3979 80
    endloop
  endfacet
  facet normal -0.773021 -0.634381 -2.03346e-20
    outer loop
      vertex -55.3979 -27.3979 83
      vertex -55.1865 -27.6555 80
      vertex -55.1865 -27.6555 83
    endloop
  endfacet
  facet normal -0.634381 -0.773021 0
    outer loop
      vertex -55.6555 -27.1865 80
      vertex -55.3979 -27.3979 83
      vertex -55.6555 -27.1865 83
    endloop
  endfacet
  facet normal -0.634381 -0.773021 -0
    outer loop
      vertex -55.3979 -27.3979 83
      vertex -55.6555 -27.1865 80
      vertex -55.3979 -27.3979 80
    endloop
  endfacet
  facet normal -0.290182 -0.956971 0
    outer loop
      vertex -56.2683 -26.9327 80
      vertex -55.9494 -27.0294 83
      vertex -56.2683 -26.9327 83
    endloop
  endfacet
  facet normal -0.290182 -0.956971 -0
    outer loop
      vertex -55.9494 -27.0294 83
      vertex -56.2683 -26.9327 80
      vertex -55.9494 -27.0294 80
    endloop
  endfacet
  facet normal 0.0981075 -0.995176 0
    outer loop
      vertex -56.9317 -26.9327 80
      vertex -56.6 -26.9 83
      vertex -56.9317 -26.9327 83
    endloop
  endfacet
  facet normal 0.0981075 -0.995176 0
    outer loop
      vertex -56.6 -26.9 83
      vertex -56.9317 -26.9327 80
      vertex -56.6 -26.9 80
    endloop
  endfacet
  facet normal -0.0981075 -0.995176 0
    outer loop
      vertex -56.6 -26.9 80
      vertex -56.2683 -26.9327 83
      vertex -56.6 -26.9 83
    endloop
  endfacet
  facet normal -0.0981075 -0.995176 -0
    outer loop
      vertex -56.2683 -26.9327 83
      vertex -56.6 -26.9 80
      vertex -56.2683 -26.9327 80
    endloop
  endfacet
  facet normal 0.995176 0.0981075 -3.46463e-19
    outer loop
      vertex -58.2673 -28.9317 83
      vertex -58.3 -28.6 80
      vertex -58.3 -28.6 83
    endloop
  endfacet
  facet normal 0.995176 0.0981075 -3.46463e-19
    outer loop
      vertex -58.3 -28.6 80
      vertex -58.2673 -28.9317 83
      vertex -58.2673 -28.9317 80
    endloop
  endfacet
  facet normal 0.881912 -0.471413 -2.46376e-18
    outer loop
      vertex -58.1706 -27.9494 83
      vertex -58.0135 -27.6555 80
      vertex -58.0135 -27.6555 83
    endloop
  endfacet
  facet normal 0.881912 -0.471413 -2.46376e-18
    outer loop
      vertex -58.0135 -27.6555 80
      vertex -58.1706 -27.9494 83
      vertex -58.1706 -27.9494 80
    endloop
  endfacet
  facet normal 0.634381 -0.773021 0
    outer loop
      vertex -57.8021 -27.3979 80
      vertex -57.5445 -27.1865 83
      vertex -57.8021 -27.3979 83
    endloop
  endfacet
  facet normal 0.634381 -0.773021 0
    outer loop
      vertex -57.5445 -27.1865 83
      vertex -57.8021 -27.3979 80
      vertex -57.5445 -27.1865 80
    endloop
  endfacet
  facet normal 0.290182 -0.956971 0
    outer loop
      vertex -57.2506 -27.0294 80
      vertex -56.9317 -26.9327 83
      vertex -57.2506 -27.0294 83
    endloop
  endfacet
  facet normal 0.290182 -0.956971 0
    outer loop
      vertex -56.9317 -26.9327 83
      vertex -57.2506 -27.0294 80
      vertex -56.9317 -26.9327 80
    endloop
  endfacet
  facet normal 0.773021 -0.634381 2.03346e-20
    outer loop
      vertex -58.0135 -27.6555 83
      vertex -57.8021 -27.3979 80
      vertex -57.8021 -27.3979 83
    endloop
  endfacet
  facet normal 0.773021 -0.634381 2.03346e-20
    outer loop
      vertex -57.8021 -27.3979 80
      vertex -58.0135 -27.6555 83
      vertex -58.0135 -27.6555 80
    endloop
  endfacet
  facet normal -0.995176 -0.0981075 -3.98983e-19
    outer loop
      vertex -54.9 -28.6 80
      vertex -54.9327 -28.2683 83
      vertex -54.9327 -28.2683 80
    endloop
  endfacet
  facet normal -0.995176 -0.0981075 -3.98983e-19
    outer loop
      vertex -54.9327 -28.2683 83
      vertex -54.9 -28.6 80
      vertex -54.9 -28.6 83
    endloop
  endfacet
  facet normal -0.290182 0.956971 0
    outer loop
      vertex -55.9494 -30.1706 80
      vertex -56.2683 -30.2673 83
      vertex -55.9494 -30.1706 83
    endloop
  endfacet
  facet normal -0.290182 0.956971 0
    outer loop
      vertex -56.2683 -30.2673 83
      vertex -55.9494 -30.1706 80
      vertex -56.2683 -30.2673 80
    endloop
  endfacet
  facet normal -0.881912 0.471413 -2.46376e-18
    outer loop
      vertex -55.1865 -29.5445 80
      vertex -55.0294 -29.2506 83
      vertex -55.0294 -29.2506 80
    endloop
  endfacet
  facet normal -0.881912 0.471413 -2.46376e-18
    outer loop
      vertex -55.0294 -29.2506 83
      vertex -55.1865 -29.5445 80
      vertex -55.1865 -29.5445 83
    endloop
  endfacet
  facet normal -0.956971 0.290182 9.15055e-20
    outer loop
      vertex -55.0294 -29.2506 80
      vertex -54.9327 -28.9317 83
      vertex -54.9327 -28.9317 80
    endloop
  endfacet
  facet normal -0.956971 0.290182 9.15055e-20
    outer loop
      vertex -54.9327 -28.9317 83
      vertex -55.0294 -29.2506 80
      vertex -55.0294 -29.2506 83
    endloop
  endfacet
  facet normal -0.471413 0.881912 0
    outer loop
      vertex -55.6555 -30.0135 80
      vertex -55.9494 -30.1706 83
      vertex -55.6555 -30.0135 83
    endloop
  endfacet
  facet normal -0.471413 0.881912 0
    outer loop
      vertex -55.9494 -30.1706 83
      vertex -55.6555 -30.0135 80
      vertex -55.9494 -30.1706 80
    endloop
  endfacet
  facet normal -0.634381 0.773021 0
    outer loop
      vertex -55.3979 -29.8021 80
      vertex -55.6555 -30.0135 83
      vertex -55.3979 -29.8021 83
    endloop
  endfacet
  facet normal -0.634381 0.773021 0
    outer loop
      vertex -55.6555 -30.0135 83
      vertex -55.3979 -29.8021 80
      vertex -55.6555 -30.0135 80
    endloop
  endfacet
  facet normal -0.0981075 0.995176 0
    outer loop
      vertex -56.2683 -30.2673 80
      vertex -56.6 -30.3 83
      vertex -56.2683 -30.2673 83
    endloop
  endfacet
  facet normal -0.0981075 0.995176 0
    outer loop
      vertex -56.6 -30.3 83
      vertex -56.2683 -30.2673 80
      vertex -56.6 -30.3 80
    endloop
  endfacet
  facet normal 0.290182 0.956971 -0
    outer loop
      vertex -56.9317 -30.2673 80
      vertex -57.2506 -30.1706 83
      vertex -56.9317 -30.2673 83
    endloop
  endfacet
  facet normal 0.290182 0.956971 0
    outer loop
      vertex -57.2506 -30.1706 83
      vertex -56.9317 -30.2673 80
      vertex -57.2506 -30.1706 80
    endloop
  endfacet
  facet normal 0.471413 0.881912 -0
    outer loop
      vertex -57.2506 -30.1706 80
      vertex -57.5445 -30.0135 83
      vertex -57.2506 -30.1706 83
    endloop
  endfacet
  facet normal 0.471413 0.881912 0
    outer loop
      vertex -57.5445 -30.0135 83
      vertex -57.2506 -30.1706 80
      vertex -57.5445 -30.0135 80
    endloop
  endfacet
  facet normal 0.956971 0.290182 -4.64306e-19
    outer loop
      vertex -58.1706 -29.2506 83
      vertex -58.2673 -28.9317 80
      vertex -58.2673 -28.9317 83
    endloop
  endfacet
  facet normal 0.956971 0.290182 -4.64306e-19
    outer loop
      vertex -58.2673 -28.9317 80
      vertex -58.1706 -29.2506 83
      vertex -58.1706 -29.2506 80
    endloop
  endfacet
  facet normal -0.956971 -0.290182 -9.15055e-20
    outer loop
      vertex -54.9327 -28.2683 80
      vertex -55.0294 -27.9494 83
      vertex -55.0294 -27.9494 80
    endloop
  endfacet
  facet normal -0.956971 -0.290182 -9.15055e-20
    outer loop
      vertex -55.0294 -27.9494 83
      vertex -54.9327 -28.2683 80
      vertex -54.9327 -28.2683 83
    endloop
  endfacet
  facet normal -0.773021 0.634381 2.03346e-20
    outer loop
      vertex -55.3979 -29.8021 80
      vertex -55.1865 -29.5445 83
      vertex -55.1865 -29.5445 80
    endloop
  endfacet
  facet normal -0.773021 0.634381 2.03346e-20
    outer loop
      vertex -55.1865 -29.5445 83
      vertex -55.3979 -29.8021 80
      vertex -55.3979 -29.8021 83
    endloop
  endfacet
  facet normal 0.881912 0.471413 2.46376e-18
    outer loop
      vertex -58.0135 -29.5445 83
      vertex -58.1706 -29.2506 80
      vertex -58.1706 -29.2506 83
    endloop
  endfacet
  facet normal 0.881912 0.471413 2.46376e-18
    outer loop
      vertex -58.1706 -29.2506 80
      vertex -58.0135 -29.5445 83
      vertex -58.0135 -29.5445 80
    endloop
  endfacet
  facet normal 0.634381 0.773021 -0
    outer loop
      vertex -57.5445 -30.0135 80
      vertex -57.8021 -29.8021 83
      vertex -57.5445 -30.0135 83
    endloop
  endfacet
  facet normal 0.634381 0.773021 0
    outer loop
      vertex -57.8021 -29.8021 83
      vertex -57.5445 -30.0135 80
      vertex -57.8021 -29.8021 80
    endloop
  endfacet
  facet normal -0.995176 -0.0981075 -5.5739e-19
    outer loop
      vertex 58.3 -93.4 80
      vertex 58.2673 -93.0683 83
      vertex 58.2673 -93.0683 80
    endloop
  endfacet
  facet normal -0.995176 -0.0981075 -5.5739e-19
    outer loop
      vertex 58.2673 -93.0683 83
      vertex 58.3 -93.4 80
      vertex 58.3 -93.4 83
    endloop
  endfacet
  facet normal 0.995176 -0.0981075 5.5739e-19
    outer loop
      vertex 54.9 -93.4 83
      vertex 54.9327 -93.0683 80
      vertex 54.9327 -93.0683 83
    endloop
  endfacet
  facet normal 0.995176 -0.0981075 5.5739e-19
    outer loop
      vertex 54.9327 -93.0683 80
      vertex 54.9 -93.4 83
      vertex 54.9 -93.4 80
    endloop
  endfacet
  facet normal 0.0981075 -0.995176 0
    outer loop
      vertex 56.2683 -91.7327 80
      vertex 56.6 -91.7 83
      vertex 56.2683 -91.7327 83
    endloop
  endfacet
  facet normal 0.0981075 -0.995176 0
    outer loop
      vertex 56.6 -91.7 83
      vertex 56.2683 -91.7327 80
      vertex 56.6 -91.7 80
    endloop
  endfacet
  facet normal -0.634381 -0.773021 0
    outer loop
      vertex 57.5445 -91.9865 80
      vertex 57.8021 -92.1979 83
      vertex 57.5445 -91.9865 83
    endloop
  endfacet
  facet normal -0.634381 -0.773021 -0
    outer loop
      vertex 57.8021 -92.1979 83
      vertex 57.5445 -91.9865 80
      vertex 57.8021 -92.1979 80
    endloop
  endfacet
  facet normal 0.634381 -0.773021 0
    outer loop
      vertex 55.3979 -92.1979 80
      vertex 55.6555 -91.9865 83
      vertex 55.3979 -92.1979 83
    endloop
  endfacet
  facet normal 0.634381 -0.773021 0
    outer loop
      vertex 55.6555 -91.9865 83
      vertex 55.3979 -92.1979 80
      vertex 55.6555 -91.9865 80
    endloop
  endfacet
  facet normal 0.471413 -0.881912 0
    outer loop
      vertex 55.6555 -91.9865 80
      vertex 55.9494 -91.8294 83
      vertex 55.6555 -91.9865 83
    endloop
  endfacet
  facet normal 0.471413 -0.881912 0
    outer loop
      vertex 55.9494 -91.8294 83
      vertex 55.6555 -91.9865 80
      vertex 55.9494 -91.8294 80
    endloop
  endfacet
  facet normal -0.881912 -0.471413 3.36184e-18
    outer loop
      vertex 58.1706 -92.7494 80
      vertex 58.0135 -92.4555 83
      vertex 58.0135 -92.4555 80
    endloop
  endfacet
  facet normal -0.881912 -0.471413 3.36184e-18
    outer loop
      vertex 58.0135 -92.4555 83
      vertex 58.1706 -92.7494 80
      vertex 58.1706 -92.7494 83
    endloop
  endfacet
  facet normal -0.956971 -0.290182 -4.64306e-19
    outer loop
      vertex 58.2673 -93.0683 80
      vertex 58.1706 -92.7494 83
      vertex 58.1706 -92.7494 80
    endloop
  endfacet
  facet normal -0.956971 -0.290182 -4.64306e-19
    outer loop
      vertex 58.1706 -92.7494 83
      vertex 58.2673 -93.0683 80
      vertex 58.2673 -93.0683 83
    endloop
  endfacet
  facet normal -0.773021 -0.634381 -1.66405e-18
    outer loop
      vertex 58.0135 -92.4555 80
      vertex 57.8021 -92.1979 83
      vertex 57.8021 -92.1979 80
    endloop
  endfacet
  facet normal -0.773021 -0.634381 -1.66405e-18
    outer loop
      vertex 57.8021 -92.1979 83
      vertex 58.0135 -92.4555 80
      vertex 58.0135 -92.4555 83
    endloop
  endfacet
  facet normal -0.290182 -0.956971 0
    outer loop
      vertex 56.9317 -91.7327 80
      vertex 57.2506 -91.8294 83
      vertex 56.9317 -91.7327 83
    endloop
  endfacet
  facet normal -0.290182 -0.956971 -0
    outer loop
      vertex 57.2506 -91.8294 83
      vertex 56.9317 -91.7327 80
      vertex 57.2506 -91.8294 80
    endloop
  endfacet
  facet normal -0.0981075 -0.995176 0
    outer loop
      vertex 56.6 -91.7 80
      vertex 56.9317 -91.7327 83
      vertex 56.6 -91.7 83
    endloop
  endfacet
  facet normal -0.0981075 -0.995176 -0
    outer loop
      vertex 56.9317 -91.7327 83
      vertex 56.6 -91.7 80
      vertex 56.9317 -91.7327 80
    endloop
  endfacet
  facet normal -0.471413 -0.881912 0
    outer loop
      vertex 57.2506 -91.8294 80
      vertex 57.5445 -91.9865 83
      vertex 57.2506 -91.8294 83
    endloop
  endfacet
  facet normal -0.471413 -0.881912 -0
    outer loop
      vertex 57.5445 -91.9865 83
      vertex 57.2506 -91.8294 80
      vertex 57.5445 -91.9865 80
    endloop
  endfacet
  facet normal 0.881912 -0.471413 -3.36184e-18
    outer loop
      vertex 55.0294 -92.7494 83
      vertex 55.1865 -92.4555 80
      vertex 55.1865 -92.4555 83
    endloop
  endfacet
  facet normal 0.881912 -0.471413 -3.36184e-18
    outer loop
      vertex 55.1865 -92.4555 80
      vertex 55.0294 -92.7494 83
      vertex 55.0294 -92.7494 80
    endloop
  endfacet
  facet normal 0.773021 -0.634381 1.66405e-18
    outer loop
      vertex 55.1865 -92.4555 83
      vertex 55.3979 -92.1979 80
      vertex 55.3979 -92.1979 83
    endloop
  endfacet
  facet normal 0.773021 -0.634381 1.66405e-18
    outer loop
      vertex 55.3979 -92.1979 80
      vertex 55.1865 -92.4555 83
      vertex 55.1865 -92.4555 80
    endloop
  endfacet
  facet normal 0.956971 -0.290182 9.15055e-20
    outer loop
      vertex 54.9327 -93.0683 83
      vertex 55.0294 -92.7494 80
      vertex 55.0294 -92.7494 83
    endloop
  endfacet
  facet normal 0.956971 -0.290182 9.15055e-20
    outer loop
      vertex 55.0294 -92.7494 80
      vertex 54.9327 -93.0683 83
      vertex 54.9327 -93.0683 80
    endloop
  endfacet
  facet normal 0.290182 -0.956971 0
    outer loop
      vertex 55.9494 -91.8294 80
      vertex 56.2683 -91.7327 83
      vertex 55.9494 -91.8294 83
    endloop
  endfacet
  facet normal 0.290182 -0.956971 0
    outer loop
      vertex 56.2683 -91.7327 83
      vertex 55.9494 -91.8294 80
      vertex 56.2683 -91.7327 80
    endloop
  endfacet
  facet normal -0.995176 0.0981075 3.46463e-19
    outer loop
      vertex 58.2673 -93.7317 80
      vertex 58.3 -93.4 83
      vertex 58.3 -93.4 80
    endloop
  endfacet
  facet normal -0.995176 0.0981075 3.46463e-19
    outer loop
      vertex 58.3 -93.4 83
      vertex 58.2673 -93.7317 80
      vertex 58.2673 -93.7317 83
    endloop
  endfacet
  facet normal -0.0981075 0.995176 0
    outer loop
      vertex 56.9317 -95.0673 80
      vertex 56.6 -95.1 83
      vertex 56.9317 -95.0673 83
    endloop
  endfacet
  facet normal -0.0981075 0.995176 0
    outer loop
      vertex 56.6 -95.1 83
      vertex 56.9317 -95.0673 80
      vertex 56.6 -95.1 80
    endloop
  endfacet
  facet normal -0.881912 0.471413 -3.36184e-18
    outer loop
      vertex 58.0135 -94.3445 80
      vertex 58.1706 -94.0506 83
      vertex 58.1706 -94.0506 80
    endloop
  endfacet
  facet normal -0.881912 0.471413 -3.36184e-18
    outer loop
      vertex 58.1706 -94.0506 83
      vertex 58.0135 -94.3445 80
      vertex 58.0135 -94.3445 83
    endloop
  endfacet
  facet normal 0.634381 0.773021 -0
    outer loop
      vertex 55.6555 -94.8135 80
      vertex 55.3979 -94.6021 83
      vertex 55.6555 -94.8135 83
    endloop
  endfacet
  facet normal 0.634381 0.773021 0
    outer loop
      vertex 55.3979 -94.6021 83
      vertex 55.6555 -94.8135 80
      vertex 55.3979 -94.6021 80
    endloop
  endfacet
  facet normal 0.290182 0.956971 -0
    outer loop
      vertex 56.2683 -95.0673 80
      vertex 55.9494 -94.9706 83
      vertex 56.2683 -95.0673 83
    endloop
  endfacet
  facet normal 0.290182 0.956971 0
    outer loop
      vertex 55.9494 -94.9706 83
      vertex 56.2683 -95.0673 80
      vertex 55.9494 -94.9706 80
    endloop
  endfacet
  facet normal 0.881912 0.471413 3.36184e-18
    outer loop
      vertex 55.1865 -94.3445 83
      vertex 55.0294 -94.0506 80
      vertex 55.0294 -94.0506 83
    endloop
  endfacet
  facet normal 0.881912 0.471413 3.36184e-18
    outer loop
      vertex 55.0294 -94.0506 80
      vertex 55.1865 -94.3445 83
      vertex 55.1865 -94.3445 80
    endloop
  endfacet
  facet normal 0.773021 0.634381 -1.66405e-18
    outer loop
      vertex 55.3979 -94.6021 83
      vertex 55.1865 -94.3445 80
      vertex 55.1865 -94.3445 83
    endloop
  endfacet
  facet normal 0.773021 0.634381 -1.66405e-18
    outer loop
      vertex 55.1865 -94.3445 80
      vertex 55.3979 -94.6021 83
      vertex 55.3979 -94.6021 80
    endloop
  endfacet
  facet normal 0.995176 0.0981075 -3.46463e-19
    outer loop
      vertex 54.9327 -93.7317 83
      vertex 54.9 -93.4 80
      vertex 54.9 -93.4 83
    endloop
  endfacet
  facet normal 0.995176 0.0981075 -3.46463e-19
    outer loop
      vertex 54.9 -93.4 80
      vertex 54.9327 -93.7317 83
      vertex 54.9327 -93.7317 80
    endloop
  endfacet
  facet normal -0.290182 0.956971 0
    outer loop
      vertex 57.2506 -94.9706 80
      vertex 56.9317 -95.0673 83
      vertex 57.2506 -94.9706 83
    endloop
  endfacet
  facet normal -0.290182 0.956971 0
    outer loop
      vertex 56.9317 -95.0673 83
      vertex 57.2506 -94.9706 80
      vertex 56.9317 -95.0673 80
    endloop
  endfacet
  facet normal -0.471413 0.881912 0
    outer loop
      vertex 57.5445 -94.8135 80
      vertex 57.2506 -94.9706 83
      vertex 57.5445 -94.8135 83
    endloop
  endfacet
  facet normal -0.471413 0.881912 0
    outer loop
      vertex 57.2506 -94.9706 83
      vertex 57.5445 -94.8135 80
      vertex 57.2506 -94.9706 80
    endloop
  endfacet
  facet normal -0.773021 0.634381 1.66405e-18
    outer loop
      vertex 57.8021 -94.6021 80
      vertex 58.0135 -94.3445 83
      vertex 58.0135 -94.3445 80
    endloop
  endfacet
  facet normal -0.773021 0.634381 1.66405e-18
    outer loop
      vertex 58.0135 -94.3445 83
      vertex 57.8021 -94.6021 80
      vertex 57.8021 -94.6021 83
    endloop
  endfacet
  facet normal -0.956971 0.290182 4.64306e-19
    outer loop
      vertex 58.1706 -94.0506 80
      vertex 58.2673 -93.7317 83
      vertex 58.2673 -93.7317 80
    endloop
  endfacet
  facet normal -0.956971 0.290182 4.64306e-19
    outer loop
      vertex 58.2673 -93.7317 83
      vertex 58.1706 -94.0506 80
      vertex 58.1706 -94.0506 83
    endloop
  endfacet
  facet normal 0.471413 0.881912 -0
    outer loop
      vertex 55.9494 -94.9706 80
      vertex 55.6555 -94.8135 83
      vertex 55.9494 -94.9706 83
    endloop
  endfacet
  facet normal 0.471413 0.881912 0
    outer loop
      vertex 55.6555 -94.8135 83
      vertex 55.9494 -94.9706 80
      vertex 55.6555 -94.8135 80
    endloop
  endfacet
  facet normal 0.0981075 0.995176 -0
    outer loop
      vertex 56.6 -95.1 80
      vertex 56.2683 -95.0673 83
      vertex 56.6 -95.1 83
    endloop
  endfacet
  facet normal 0.0981075 0.995176 0
    outer loop
      vertex 56.2683 -95.0673 83
      vertex 56.6 -95.1 80
      vertex 56.2683 -95.0673 80
    endloop
  endfacet
  facet normal 0.956971 0.290182 -9.15055e-20
    outer loop
      vertex 55.0294 -94.0506 83
      vertex 54.9327 -93.7317 80
      vertex 54.9327 -93.7317 83
    endloop
  endfacet
  facet normal 0.956971 0.290182 -9.15055e-20
    outer loop
      vertex 54.9327 -93.7317 80
      vertex 55.0294 -94.0506 83
      vertex 55.0294 -94.0506 80
    endloop
  endfacet
  facet normal -0.634381 0.773021 0
    outer loop
      vertex 57.8021 -94.6021 80
      vertex 57.5445 -94.8135 83
      vertex 57.8021 -94.6021 83
    endloop
  endfacet
  facet normal -0.634381 0.773021 0
    outer loop
      vertex 57.5445 -94.8135 83
      vertex 57.8021 -94.6021 80
      vertex 57.5445 -94.8135 80
    endloop
  endfacet
  facet normal -0.995176 -0.0981075 -3.98983e-19
    outer loop
      vertex 58.3 -28.6 80
      vertex 58.2673 -28.2683 83
      vertex 58.2673 -28.2683 80
    endloop
  endfacet
  facet normal -0.995176 -0.0981075 -3.98983e-19
    outer loop
      vertex 58.2673 -28.2683 83
      vertex 58.3 -28.6 80
      vertex 58.3 -28.6 83
    endloop
  endfacet
  facet normal 0.995176 -0.0981075 3.98983e-19
    outer loop
      vertex 54.9 -28.6 83
      vertex 54.9327 -28.2683 80
      vertex 54.9327 -28.2683 83
    endloop
  endfacet
  facet normal 0.995176 -0.0981075 3.98983e-19
    outer loop
      vertex 54.9327 -28.2683 80
      vertex 54.9 -28.6 83
      vertex 54.9 -28.6 80
    endloop
  endfacet
  facet normal -0.0981075 -0.995176 0
    outer loop
      vertex 56.6 -26.9 80
      vertex 56.9317 -26.9327 83
      vertex 56.6 -26.9 83
    endloop
  endfacet
  facet normal -0.0981075 -0.995176 -0
    outer loop
      vertex 56.9317 -26.9327 83
      vertex 56.6 -26.9 80
      vertex 56.9317 -26.9327 80
    endloop
  endfacet
  facet normal -0.0981075 0.995176 0
    outer loop
      vertex 56.9317 -30.2673 80
      vertex 56.6 -30.3 83
      vertex 56.9317 -30.2673 83
    endloop
  endfacet
  facet normal -0.0981075 0.995176 0
    outer loop
      vertex 56.6 -30.3 83
      vertex 56.9317 -30.2673 80
      vertex 56.6 -30.3 80
    endloop
  endfacet
  facet normal -0.773021 -0.634381 -2.03346e-20
    outer loop
      vertex 58.0135 -27.6555 80
      vertex 57.8021 -27.3979 83
      vertex 57.8021 -27.3979 80
    endloop
  endfacet
  facet normal -0.773021 -0.634381 -2.03346e-20
    outer loop
      vertex 57.8021 -27.3979 83
      vertex 58.0135 -27.6555 80
      vertex 58.0135 -27.6555 83
    endloop
  endfacet
  facet normal 0.634381 -0.773021 0
    outer loop
      vertex 55.3979 -27.3979 80
      vertex 55.6555 -27.1865 83
      vertex 55.3979 -27.3979 83
    endloop
  endfacet
  facet normal 0.634381 -0.773021 0
    outer loop
      vertex 55.6555 -27.1865 83
      vertex 55.3979 -27.3979 80
      vertex 55.6555 -27.1865 80
    endloop
  endfacet
  facet normal 0.290182 -0.956971 0
    outer loop
      vertex 55.9494 -27.0294 80
      vertex 56.2683 -26.9327 83
      vertex 55.9494 -27.0294 83
    endloop
  endfacet
  facet normal 0.290182 -0.956971 0
    outer loop
      vertex 56.2683 -26.9327 83
      vertex 55.9494 -27.0294 80
      vertex 56.2683 -26.9327 80
    endloop
  endfacet
  facet normal -0.881912 0.471413 -2.46376e-18
    outer loop
      vertex 58.0135 -29.5445 80
      vertex 58.1706 -29.2506 83
      vertex 58.1706 -29.2506 80
    endloop
  endfacet
  facet normal -0.881912 0.471413 -2.46376e-18
    outer loop
      vertex 58.1706 -29.2506 83
      vertex 58.0135 -29.5445 80
      vertex 58.0135 -29.5445 83
    endloop
  endfacet
  facet normal -0.881912 -0.471413 2.46376e-18
    outer loop
      vertex 58.1706 -27.9494 80
      vertex 58.0135 -27.6555 83
      vertex 58.0135 -27.6555 80
    endloop
  endfacet
  facet normal -0.881912 -0.471413 2.46376e-18
    outer loop
      vertex 58.0135 -27.6555 83
      vertex 58.1706 -27.9494 80
      vertex 58.1706 -27.9494 83
    endloop
  endfacet
  facet normal -0.956971 -0.290182 -4.64306e-19
    outer loop
      vertex 58.2673 -28.2683 80
      vertex 58.1706 -27.9494 83
      vertex 58.1706 -27.9494 80
    endloop
  endfacet
  facet normal -0.956971 -0.290182 -4.64306e-19
    outer loop
      vertex 58.1706 -27.9494 83
      vertex 58.2673 -28.2683 80
      vertex 58.2673 -28.2683 83
    endloop
  endfacet
  facet normal -0.471413 -0.881912 0
    outer loop
      vertex 57.2506 -27.0294 80
      vertex 57.5445 -27.1865 83
      vertex 57.2506 -27.0294 83
    endloop
  endfacet
  facet normal -0.471413 -0.881912 -0
    outer loop
      vertex 57.5445 -27.1865 83
      vertex 57.2506 -27.0294 80
      vertex 57.5445 -27.1865 80
    endloop
  endfacet
  facet normal -0.290182 -0.956971 0
    outer loop
      vertex 56.9317 -26.9327 80
      vertex 57.2506 -27.0294 83
      vertex 56.9317 -26.9327 83
    endloop
  endfacet
  facet normal -0.290182 -0.956971 -0
    outer loop
      vertex 57.2506 -27.0294 83
      vertex 56.9317 -26.9327 80
      vertex 57.2506 -27.0294 80
    endloop
  endfacet
  facet normal -0.634381 -0.773021 0
    outer loop
      vertex 57.5445 -27.1865 80
      vertex 57.8021 -27.3979 83
      vertex 57.5445 -27.1865 83
    endloop
  endfacet
  facet normal -0.634381 -0.773021 -0
    outer loop
      vertex 57.8021 -27.3979 83
      vertex 57.5445 -27.1865 80
      vertex 57.8021 -27.3979 80
    endloop
  endfacet
  facet normal 0.881912 -0.471413 -2.46376e-18
    outer loop
      vertex 55.0294 -27.9494 83
      vertex 55.1865 -27.6555 80
      vertex 55.1865 -27.6555 83
    endloop
  endfacet
  facet normal 0.881912 -0.471413 -2.46376e-18
    outer loop
      vertex 55.1865 -27.6555 80
      vertex 55.0294 -27.9494 83
      vertex 55.0294 -27.9494 80
    endloop
  endfacet
  facet normal 0.773021 -0.634381 2.03346e-20
    outer loop
      vertex 55.1865 -27.6555 83
      vertex 55.3979 -27.3979 80
      vertex 55.3979 -27.3979 83
    endloop
  endfacet
  facet normal 0.773021 -0.634381 2.03346e-20
    outer loop
      vertex 55.3979 -27.3979 80
      vertex 55.1865 -27.6555 83
      vertex 55.1865 -27.6555 80
    endloop
  endfacet
  facet normal 0.956971 -0.290182 9.15055e-20
    outer loop
      vertex 54.9327 -28.2683 83
      vertex 55.0294 -27.9494 80
      vertex 55.0294 -27.9494 83
    endloop
  endfacet
  facet normal 0.956971 -0.290182 9.15055e-20
    outer loop
      vertex 55.0294 -27.9494 80
      vertex 54.9327 -28.2683 83
      vertex 54.9327 -28.2683 80
    endloop
  endfacet
  facet normal 0.471413 -0.881912 0
    outer loop
      vertex 55.6555 -27.1865 80
      vertex 55.9494 -27.0294 83
      vertex 55.6555 -27.1865 83
    endloop
  endfacet
  facet normal 0.471413 -0.881912 0
    outer loop
      vertex 55.9494 -27.0294 83
      vertex 55.6555 -27.1865 80
      vertex 55.9494 -27.0294 80
    endloop
  endfacet
  facet normal 0.0981075 -0.995176 0
    outer loop
      vertex 56.2683 -26.9327 80
      vertex 56.6 -26.9 83
      vertex 56.2683 -26.9327 83
    endloop
  endfacet
  facet normal 0.0981075 -0.995176 0
    outer loop
      vertex 56.6 -26.9 83
      vertex 56.2683 -26.9327 80
      vertex 56.6 -26.9 80
    endloop
  endfacet
  facet normal -0.956971 0.290182 4.64306e-19
    outer loop
      vertex 58.1706 -29.2506 80
      vertex 58.2673 -28.9317 83
      vertex 58.2673 -28.9317 80
    endloop
  endfacet
  facet normal -0.956971 0.290182 4.64306e-19
    outer loop
      vertex 58.2673 -28.9317 83
      vertex 58.1706 -29.2506 80
      vertex 58.1706 -29.2506 83
    endloop
  endfacet
  facet normal -0.995176 0.0981075 3.46463e-19
    outer loop
      vertex 58.2673 -28.9317 80
      vertex 58.3 -28.6 83
      vertex 58.3 -28.6 80
    endloop
  endfacet
  facet normal -0.995176 0.0981075 3.46463e-19
    outer loop
      vertex 58.3 -28.6 83
      vertex 58.2673 -28.9317 80
      vertex 58.2673 -28.9317 83
    endloop
  endfacet
  facet normal -0.634381 0.773021 0
    outer loop
      vertex 57.8021 -29.8021 80
      vertex 57.5445 -30.0135 83
      vertex 57.8021 -29.8021 83
    endloop
  endfacet
  facet normal -0.634381 0.773021 0
    outer loop
      vertex 57.5445 -30.0135 83
      vertex 57.8021 -29.8021 80
      vertex 57.5445 -30.0135 80
    endloop
  endfacet
  facet normal 0.0981075 0.995176 -0
    outer loop
      vertex 56.6 -30.3 80
      vertex 56.2683 -30.2673 83
      vertex 56.6 -30.3 83
    endloop
  endfacet
  facet normal 0.0981075 0.995176 0
    outer loop
      vertex 56.2683 -30.2673 83
      vertex 56.6 -30.3 80
      vertex 56.2683 -30.2673 80
    endloop
  endfacet
  facet normal 0.290182 0.956971 -0
    outer loop
      vertex 56.2683 -30.2673 80
      vertex 55.9494 -30.1706 83
      vertex 56.2683 -30.2673 83
    endloop
  endfacet
  facet normal 0.290182 0.956971 0
    outer loop
      vertex 55.9494 -30.1706 83
      vertex 56.2683 -30.2673 80
      vertex 55.9494 -30.1706 80
    endloop
  endfacet
  facet normal 0.634381 0.773021 -0
    outer loop
      vertex 55.6555 -30.0135 80
      vertex 55.3979 -29.8021 83
      vertex 55.6555 -30.0135 83
    endloop
  endfacet
  facet normal 0.634381 0.773021 0
    outer loop
      vertex 55.3979 -29.8021 83
      vertex 55.6555 -30.0135 80
      vertex 55.3979 -29.8021 80
    endloop
  endfacet
  facet normal 0.956971 0.290182 -9.15055e-20
    outer loop
      vertex 55.0294 -29.2506 83
      vertex 54.9327 -28.9317 80
      vertex 54.9327 -28.9317 83
    endloop
  endfacet
  facet normal 0.956971 0.290182 -9.15055e-20
    outer loop
      vertex 54.9327 -28.9317 80
      vertex 55.0294 -29.2506 83
      vertex 55.0294 -29.2506 80
    endloop
  endfacet
  facet normal 0.995176 0.0981075 -3.46463e-19
    outer loop
      vertex 54.9327 -28.9317 83
      vertex 54.9 -28.6 80
      vertex 54.9 -28.6 83
    endloop
  endfacet
  facet normal 0.995176 0.0981075 -3.46463e-19
    outer loop
      vertex 54.9 -28.6 80
      vertex 54.9327 -28.9317 83
      vertex 54.9327 -28.9317 80
    endloop
  endfacet
  facet normal -0.471413 0.881912 0
    outer loop
      vertex 57.5445 -30.0135 80
      vertex 57.2506 -30.1706 83
      vertex 57.5445 -30.0135 83
    endloop
  endfacet
  facet normal -0.471413 0.881912 0
    outer loop
      vertex 57.2506 -30.1706 83
      vertex 57.5445 -30.0135 80
      vertex 57.2506 -30.1706 80
    endloop
  endfacet
  facet normal -0.290182 0.956971 0
    outer loop
      vertex 57.2506 -30.1706 80
      vertex 56.9317 -30.2673 83
      vertex 57.2506 -30.1706 83
    endloop
  endfacet
  facet normal -0.290182 0.956971 0
    outer loop
      vertex 56.9317 -30.2673 83
      vertex 57.2506 -30.1706 80
      vertex 56.9317 -30.2673 80
    endloop
  endfacet
  facet normal -0.773021 0.634381 2.03346e-20
    outer loop
      vertex 57.8021 -29.8021 80
      vertex 58.0135 -29.5445 83
      vertex 58.0135 -29.5445 80
    endloop
  endfacet
  facet normal -0.773021 0.634381 2.03346e-20
    outer loop
      vertex 58.0135 -29.5445 83
      vertex 57.8021 -29.8021 80
      vertex 57.8021 -29.8021 83
    endloop
  endfacet
  facet normal 0.471413 0.881912 -0
    outer loop
      vertex 55.9494 -30.1706 80
      vertex 55.6555 -30.0135 83
      vertex 55.9494 -30.1706 83
    endloop
  endfacet
  facet normal 0.471413 0.881912 0
    outer loop
      vertex 55.6555 -30.0135 83
      vertex 55.9494 -30.1706 80
      vertex 55.6555 -30.0135 80
    endloop
  endfacet
  facet normal 0.773021 0.634381 -2.03346e-20
    outer loop
      vertex 55.3979 -29.8021 83
      vertex 55.1865 -29.5445 80
      vertex 55.1865 -29.5445 83
    endloop
  endfacet
  facet normal 0.773021 0.634381 -2.03346e-20
    outer loop
      vertex 55.1865 -29.5445 80
      vertex 55.3979 -29.8021 83
      vertex 55.3979 -29.8021 80
    endloop
  endfacet
  facet normal 0.881912 0.471413 2.46376e-18
    outer loop
      vertex 55.1865 -29.5445 83
      vertex 55.0294 -29.2506 80
      vertex 55.0294 -29.2506 83
    endloop
  endfacet
  facet normal 0.881912 0.471413 2.46376e-18
    outer loop
      vertex 55.0294 -29.2506 80
      vertex 55.1865 -29.5445 83
      vertex 55.1865 -29.5445 80
    endloop
  endfacet
  facet normal 0 -0.707107 0.707107
    outer loop
      vertex -65.2 -13.3751 85
      vertex -68.2 -10.5467 87.8284
      vertex -68.2 -13.3751 85
    endloop
  endfacet
  facet normal -0.000553913 -0.708602 0.705608
    outer loop
      vertex 43.2 50.9716 149.347
      vertex 52.7225 49.0682 147.443
      vertex 53.2 49.0977 147.473
    endloop
  endfacet
  facet normal -0.000291755 -0.707947 0.706265
    outer loop
      vertex 43.2 50.9716 149.347
      vertex 52.6067 49.0463 147.421
      vertex 52.7225 49.0682 147.443
    endloop
  endfacet
  facet normal 0.000873597 -0.705098 0.709109
    outer loop
      vertex 43.2 50.9716 149.347
      vertex 52.2594 48.9805 147.356
      vertex 52.6067 49.0463 147.421
    endloop
  endfacet
  facet normal -0.00052472 -0.708282 0.70593
    outer loop
      vertex 43.2 50.9716 149.347
      vertex 52.1508 48.9447 147.32
      vertex 52.2594 48.9805 147.356
    endloop
  endfacet
  facet normal -0.000436363 -0.708087 0.706125
    outer loop
      vertex 43.2 50.9716 149.347
      vertex 51.825 48.8372 147.212
      vertex 52.1508 48.9447 147.32
    endloop
  endfacet
  facet normal 0.000674151 -0.705843 0.708368
    outer loop
      vertex 43.2 50.9716 149.347
      vertex 51.5305 48.6914 147.067
      vertex 51.825 48.8372 147.212
    endloop
  endfacet
  facet normal -0.0010339 -0.708962 0.705246
    outer loop
      vertex 43.2 50.9716 149.347
      vertex 51.4323 48.6428 147.018
      vertex 51.5305 48.6914 147.067
    endloop
  endfacet
  facet normal -0.00022612 -0.707537 0.706677
    outer loop
      vertex 43.2 50.9716 149.347
      vertex 51.3476 48.5829 146.958
      vertex 51.4323 48.6428 147.018
    endloop
  endfacet
  facet normal -0.00014456 -0.707398 0.706816
    outer loop
      vertex 43.2 50.9716 149.347
      vertex 51.0934 48.4031 146.778
      vertex 51.3476 48.5829 146.958
    endloop
  endfacet
  facet normal 0.000201101 -0.706867 0.707347
    outer loop
      vertex 43.2 50.9716 149.347
      vertex 50.8872 48.1949 146.57
      vertex 51.0934 48.4031 146.778
    endloop
  endfacet
  facet normal 0.00110662 -0.705611 0.708598
    outer loop
      vertex 43.2 50.9716 149.347
      vertex 50.8184 48.1255 146.501
      vertex 50.8872 48.1949 146.57
    endloop
  endfacet
  facet normal -0.000558802 -0.707842 0.706371
    outer loop
      vertex 43.2 50.9716 149.347
      vertex 50.6158 47.8183 146.193
      vertex 50.8184 48.1255 146.501
    endloop
  endfacet
  facet normal 0.00291723 -0.703744 0.710447
    outer loop
      vertex 43.2 50.9716 149.347
      vertex 50.5848 47.7364 146.112
      vertex 50.6158 47.8183 146.193
    endloop
  endfacet
  facet normal -0.000557048 -0.70772 0.706492
    outer loop
      vertex 43.2 50.9716 149.347
      vertex 50.4918 47.4909 145.866
      vertex 50.5848 47.7364 146.112
    endloop
  endfacet
  facet normal -0.000255547 -0.707405 0.706809
    outer loop
      vertex 43.2 50.9716 149.347
      vertex 50.45 47.1532 145.528
      vertex 50.4918 47.4909 145.866
    endloop
  endfacet
  facet normal 0.000534715 -0.706654 0.707559
    outer loop
      vertex 43.2 50.9716 149.347
      vertex 50.4813 46.8999 145.275
      vertex 50.45 47.1532 145.528
    endloop
  endfacet
  facet normal 0.00205065 -0.705296 0.70891
    outer loop
      vertex 43.2 50.9716 149.347
      vertex 50.4918 46.8155 145.191
      vertex 50.4813 46.8999 145.275
    endloop
  endfacet
  facet normal -0.000953185 -0.707934 0.706278
    outer loop
      vertex 43.2 50.9716 149.347
      vertex 50.6158 46.4881 144.863
      vertex 50.4918 46.8155 145.191
    endloop
  endfacet
  facet normal 0.0005425 -0.706697 0.707516
    outer loop
      vertex 43.2 50.9716 149.347
      vertex 50.8184 46.1809 144.556
      vertex 50.6158 46.4881 144.863
    endloop
  endfacet
  facet normal 0.00693209 -0.701579 0.712558
    outer loop
      vertex 43.2 50.9716 149.347
      vertex 50.8872 46.1115 144.487
      vertex 50.8184 46.1809 144.556
    endloop
  endfacet
  facet normal -0.00459579 -0.710717 0.703463
    outer loop
      vertex 43.2 50.9716 149.347
      vertex 51.0934 45.9033 144.278
      vertex 50.8872 46.1115 144.487
    endloop
  endfacet
  facet normal 6.63306e-05 -0.707104 0.70711
    outer loop
      vertex 51.0934 -5.47841 92.8967
      vertex 51.0934 45.9033 144.278
      vertex 43.2 50.9716 149.347
    endloop
  endfacet
  facet normal -0.00222137 -0.707102 0.707108
    outer loop
      vertex 51.0934 45.9033 144.278
      vertex 51.0934 -5.47841 92.8967
      vertex 51.3476 45.7235 144.099
    endloop
  endfacet
  facet normal -0.00088878 -0.707109 0.707104
    outer loop
      vertex 52.7225 45.2382 143.613
      vertex 53.2 -4.78379 93.5913
      vertex 53.2 45.2086 143.584
    endloop
  endfacet
  facet normal 0.000458981 -0.707104 0.707109
    outer loop
      vertex 52.7225 -4.81334 93.5618
      vertex 52.7225 45.2382 143.613
      vertex 52.2594 45.3259 143.701
    endloop
  endfacet
  facet normal 0.0013025 -0.707106 0.707107
    outer loop
      vertex 52.2594 -4.90106 93.4741
      vertex 52.2594 45.3259 143.701
      vertex 52.1508 45.3617 143.737
    endloop
  endfacet
  facet normal -0.00108661 -0.707109 0.707104
    outer loop
      vertex 52.2594 -4.90106 93.4741
      vertex 52.1508 45.3617 143.737
      vertex 51.825 45.4692 143.844
    endloop
  endfacet
  facet normal 0.000482358 -0.707105 0.707109
    outer loop
      vertex 51.825 -5.04431 93.3308
      vertex 51.825 45.4692 143.844
      vertex 51.5305 45.615 143.99
    endloop
  endfacet
  facet normal 0.00288937 -0.707095 0.707113
    outer loop
      vertex 51.825 -5.04431 93.3308
      vertex 51.5305 45.615 143.99
      vertex 51.4323 45.6636 144.039
    endloop
  endfacet
  facet normal 0.000828114 -0.707111 0.707102
    outer loop
      vertex 51.3476 45.7235 144.099
      vertex 51.0934 -5.47841 92.8967
      vertex 51.4323 45.6636 144.039
    endloop
  endfacet
  facet normal 7.37456e-05 -0.707104 0.707109
    outer loop
      vertex 52.7225 45.2382 143.613
      vertex 52.7225 -4.81334 93.5618
      vertex 53.2 -4.78379 93.5913
    endloop
  endfacet
  facet normal 3.0378e-05 -0.707106 0.707107
    outer loop
      vertex 52.2594 45.3259 143.701
      vertex 52.2594 -4.90106 93.4741
      vertex 52.7225 -4.81334 93.5618
    endloop
  endfacet
  facet normal 0.000128191 -0.707104 0.70711
    outer loop
      vertex 51.825 45.4692 143.844
      vertex 52.1508 -4.93688 93.4383
      vertex 52.2594 -4.90106 93.4741
    endloop
  endfacet
  facet normal -0.000153357 -0.707105 0.707109
    outer loop
      vertex 51.825 45.4692 143.844
      vertex 51.825 -5.04431 93.3308
      vertex 52.1508 -4.93688 93.4383
    endloop
  endfacet
  facet normal 4.9832e-05 -0.707109 0.707105
    outer loop
      vertex 51.4323 45.6636 144.039
      vertex 51.5305 -5.19013 93.185
      vertex 51.825 -5.04431 93.3308
    endloop
  endfacet
  facet normal 1.85624e-06 -0.707109 0.707105
    outer loop
      vertex 51.4323 45.6636 144.039
      vertex 51.4323 -5.23873 93.1364
      vertex 51.5305 -5.19013 93.185
    endloop
  endfacet
  facet normal -3.90768e-05 -0.707109 0.707105
    outer loop
      vertex 51.4323 45.6636 144.039
      vertex 51.0934 -5.47841 92.8967
      vertex 51.4323 -5.23873 93.1364
    endloop
  endfacet
  facet normal 1.31829e-06 -0.707109 0.707105
    outer loop
      vertex 43.2 -10.5467 87.8284
      vertex 51.0934 -5.47841 92.8967
      vertex 43.2 50.9716 149.347
    endloop
  endfacet
  facet normal -0.000272035 -0.706896 0.707318
    outer loop
      vertex 51.0934 -5.47841 92.8967
      vertex 43.2 -10.5467 87.8284
      vertex 50.8184 -5.75607 92.6191
    endloop
  endfacet
  facet normal -1.1093e-05 -0.707103 0.70711
    outer loop
      vertex 50.8184 -5.75607 92.6191
      vertex 43.2 -10.5467 87.8284
      vertex 50.7678 -5.83287 92.5423
    endloop
  endfacet
  facet normal 2.135e-05 -0.707129 0.707084
    outer loop
      vertex 50.7678 -5.83287 92.5423
      vertex 43.2 -10.5467 87.8284
      vertex 50.6158 -6.06326 92.3119
    endloop
  endfacet
  facet normal 8.28883e-05 -0.70718 0.707033
    outer loop
      vertex 50.6158 -6.06326 92.3119
      vertex 43.2 -10.5467 87.8284
      vertex 50.5228 -6.30882 92.0663
    endloop
  endfacet
  facet normal -0.000322755 -0.70683 0.707384
    outer loop
      vertex 50.5228 -6.30882 92.0663
      vertex 43.2 -10.5467 87.8284
      vertex 50.4918 -6.39067 91.9845
    endloop
  endfacet
  facet normal 3.12194e-05 -0.70714 0.707073
    outer loop
      vertex 50.4918 -6.39067 91.9845
      vertex 43.2 -10.5467 87.8284
      vertex 50.45 -6.72834 91.6468
    endloop
  endfacet
  facet normal -6.98531e-05 -0.707034 0.70718
    outer loop
      vertex 43.2 -10.5467 87.8284
      vertex 50.5848 -7.31156 91.0636
      vertex 50.4918 -7.066 91.3091
    endloop
  endfacet
  facet normal -7.44521e-07 -0.707107 0.707107
    outer loop
      vertex 43.2 -10.5467 87.8284
      vertex 50.6665 -7.47021 90.9049
      vertex 50.6158 -7.39341 90.9817
    endloop
  endfacet
  facet normal -1.96472e-05 -0.707078 0.707135
    outer loop
      vertex 43.2 -10.5467 87.8284
      vertex 51.7268 -8.36376 90.0114
      vertex 51.4323 -8.21794 90.1572
    endloop
  endfacet
  facet normal -3.0727e-05 -0.707055 0.707159
    outer loop
      vertex 43.2 -10.5467 87.8284
      vertex 51.9336 -8.44817 89.927
      vertex 51.825 -8.41236 89.9628
    endloop
  endfacet
  facet normal -3.61347e-07 -0.707108 0.707106
    outer loop
      vertex 43.2 -10.5467 87.8284
      vertex 52.6067 -8.62141 89.7537
      vertex 52.2594 -8.55561 89.8195
    endloop
  endfacet
  facet normal -4.5943e-05 -0.706999 0.707214
    outer loop
      vertex 52.7225 -8.64334 89.7318
      vertex 43.2 -10.5467 87.8284
      vertex 53.2 -8.67288 89.7023
    endloop
  endfacet
  facet normal -9.55417e-05 -0.706875 0.707338
    outer loop
      vertex 52.6067 -8.62141 89.7537
      vertex 43.2 -10.5467 87.8284
      vertex 52.7225 -8.64334 89.7318
    endloop
  endfacet
  facet normal 5.16023e-05 -0.707226 0.706988
    outer loop
      vertex 51.9336 -8.44817 89.927
      vertex 43.2 -10.5467 87.8284
      vertex 52.2594 -8.55561 89.8195
    endloop
  endfacet
  facet normal -3.2793e-06 -0.70711 0.707103
    outer loop
      vertex 51.7268 -8.36376 90.0114
      vertex 43.2 -10.5467 87.8284
      vertex 51.825 -8.41236 89.9628
    endloop
  endfacet
  facet normal 1.54293e-05 -0.70714 0.707073
    outer loop
      vertex 51.0934 -7.97827 90.3969
      vertex 43.2 -10.5467 87.8284
      vertex 51.4323 -8.21794 90.1572
    endloop
  endfacet
  facet normal -4.23473e-05 -0.707051 0.707162
    outer loop
      vertex 50.8184 -7.70061 90.6745
      vertex 43.2 -10.5467 87.8284
      vertex 51.0934 -7.97827 90.3969
    endloop
  endfacet
  facet normal -7.44731e-07 -0.707107 0.707107
    outer loop
      vertex 50.6665 -7.47021 90.9049
      vertex 43.2 -10.5467 87.8284
      vertex 50.8184 -7.70061 90.6745
    endloop
  endfacet
  facet normal 0.000157332 -0.707293 0.706921
    outer loop
      vertex 50.5848 -7.31156 91.0636
      vertex 43.2 -10.5467 87.8284
      vertex 50.6158 -7.39341 90.9817
    endloop
  endfacet
  facet normal 3.77519e-05 -0.707146 0.707067
    outer loop
      vertex 50.45 -6.72834 91.6468
      vertex 43.2 -10.5467 87.8284
      vertex 50.4918 -7.066 91.3091
    endloop
  endfacet
  facet normal 0 -0.707057 0.707157
    outer loop
      vertex 43.2 50.9716 149.347
      vertex -68.2 53.8 152.175
      vertex -68.2 50.9716 149.347
    endloop
  endfacet
  facet normal 0 -0.707057 0.707157
    outer loop
      vertex -68.2 53.8 152.175
      vertex 43.2 50.9716 149.347
      vertex 68.2 53.8 152.175
    endloop
  endfacet
  facet normal 9.71662e-06 -0.7071 0.707114
    outer loop
      vertex 53.2 49.0977 147.473
      vertex 68.2 53.8 152.175
      vertex 43.2 50.9716 149.347
    endloop
  endfacet
  facet normal 0.000620009 -0.708072 0.70614
    outer loop
      vertex 53.6775 49.0682 147.443
      vertex 68.2 53.8 152.175
      vertex 53.2 49.0977 147.473
    endloop
  endfacet
  facet normal 0.000382465 -0.707708 0.706505
    outer loop
      vertex 53.7933 49.0463 147.421
      vertex 68.2 53.8 152.175
      vertex 53.6775 49.0682 147.443
    endloop
  endfacet
  facet normal -0.00104236 -0.705548 0.708662
    outer loop
      vertex 54.1406 48.9805 147.356
      vertex 68.2 53.8 152.175
      vertex 53.7933 49.0463 147.421
    endloop
  endfacet
  facet normal 0.00067526 -0.708054 0.706158
    outer loop
      vertex 54.2492 48.9447 147.32
      vertex 68.2 53.8 152.175
      vertex 54.1406 48.9805 147.356
    endloop
  endfacet
  facet normal 0.000563827 -0.707894 0.706318
    outer loop
      vertex 54.575 48.8372 147.212
      vertex 68.2 53.8 152.175
      vertex 54.2492 48.9447 147.32
    endloop
  endfacet
  facet normal -0.00082146 -0.705992 0.708219
    outer loop
      vertex 54.8695 48.6914 147.067
      vertex 68.2 53.8 152.175
      vertex 54.575 48.8372 147.212
    endloop
  endfacet
  facet normal 0.00127199 -0.708723 0.705486
    outer loop
      vertex 54.9677 48.6428 147.018
      vertex 68.2 53.8 152.175
      vertex 54.8695 48.6914 147.067
    endloop
  endfacet
  facet normal 0.000303346 -0.707482 0.706731
    outer loop
      vertex 55.0524 48.5829 146.958
      vertex 68.2 53.8 152.175
      vertex 54.9677 48.6428 147.018
    endloop
  endfacet
  facet normal 0.000203315 -0.707356 0.706857
    outer loop
      vertex 55.3066 48.4031 146.778
      vertex 68.2 53.8 152.175
      vertex 55.0524 48.5829 146.958
    endloop
  endfacet
  facet normal -0.000204943 -0.706868 0.707345
    outer loop
      vertex 55.5128 48.1949 146.57
      vertex 68.2 53.8 152.175
      vertex 55.3066 48.4031 146.778
    endloop
  endfacet
  facet normal -0.00125077 -0.705683 0.708527
    outer loop
      vertex 55.5816 48.1255 146.501
      vertex 68.2 53.8 152.175
      vertex 55.5128 48.1949 146.57
    endloop
  endfacet
  facet normal 0.000659626 -0.707809 0.706404
    outer loop
      vertex 55.7842 47.8183 146.193
      vertex 68.2 53.8 152.175
      vertex 55.5816 48.1255 146.501
    endloop
  endfacet
  facet normal -0.00319548 -0.703797 0.710394
    outer loop
      vertex 55.8152 47.7364 146.112
      vertex 68.2 53.8 152.175
      vertex 55.7842 47.8183 146.193
    endloop
  endfacet
  facet normal 0.000623144 -0.707708 0.706505
    outer loop
      vertex 55.9082 47.4909 145.866
      vertex 68.2 53.8 152.175
      vertex 55.8152 47.7364 146.112
    endloop
  endfacet
  facet normal 0.000308443 -0.707402 0.706812
    outer loop
      vertex 55.95 47.1532 145.528
      vertex 68.2 53.8 152.175
      vertex 55.9082 47.4909 145.866
    endloop
  endfacet
  facet normal -0.000499758 -0.706657 0.707556
    outer loop
      vertex 55.9187 46.8999 145.275
      vertex 68.2 53.8 152.175
      vertex 55.95 47.1532 145.528
    endloop
  endfacet
  facet normal -0.00202329 -0.705297 0.708909
    outer loop
      vertex 55.9082 46.8155 145.191
      vertex 68.2 53.8 152.175
      vertex 55.9187 46.8999 145.275
    endloop
  endfacet
  facet normal 0.000973765 -0.707938 0.706274
    outer loop
      vertex 55.7842 46.4881 144.863
      vertex 68.2 53.8 152.175
      vertex 55.9082 46.8155 145.191
    endloop
  endfacet
  facet normal -0.000452835 -0.706727 0.707486
    outer loop
      vertex 55.5816 46.1809 144.556
      vertex 68.2 53.8 152.175
      vertex 55.7842 46.4881 144.863
    endloop
  endfacet
  facet normal -0.00616042 -0.701969 0.712181
    outer loop
      vertex 55.5128 46.1115 144.487
      vertex 68.2 53.8 152.175
      vertex 55.5816 46.1809 144.556
    endloop
  endfacet
  facet normal 0.0041676 -0.710508 0.703677
    outer loop
      vertex 55.3066 45.9033 144.278
      vertex 68.2 53.8 152.175
      vertex 55.5128 46.1115 144.487
    endloop
  endfacet
  facet normal 0.00222137 -0.707102 0.707108
    outer loop
      vertex 55.3066 -5.47841 92.8967
      vertex 55.3066 45.9033 144.278
      vertex 55.0524 45.7235 144.099
    endloop
  endfacet
  facet normal -0.000828114 -0.707111 0.707102
    outer loop
      vertex 55.3066 -5.47841 92.8967
      vertex 55.0524 45.7235 144.099
      vertex 54.9677 45.6636 144.039
    endloop
  endfacet
  facet normal 0.339551 -0.93592 -0.093592
    outer loop
      vertex 54.1406 45.3259 143.701
      vertex 54.575 45.4692 143.844
      vertex 54.2492 45.3617 143.737
    endloop
  endfacet
  facet normal 0.00088878 -0.707109 0.707104
    outer loop
      vertex 53.2 -4.78379 93.5913
      vertex 53.6775 45.2382 143.613
      vertex 53.2 45.2086 143.584
    endloop
  endfacet
  facet normal -7.37456e-05 -0.707104 0.707109
    outer loop
      vertex 53.6775 -4.81334 93.5618
      vertex 53.6775 45.2382 143.613
      vertex 53.2 -4.78379 93.5913
    endloop
  endfacet
  facet normal -0.000458981 -0.707104 0.707109
    outer loop
      vertex 53.6775 45.2382 143.613
      vertex 53.6775 -4.81334 93.5618
      vertex 54.1406 45.3259 143.701
    endloop
  endfacet
  facet normal -3.0378e-05 -0.707106 0.707107
    outer loop
      vertex 54.1406 -4.90106 93.4741
      vertex 54.1406 45.3259 143.701
      vertex 53.6775 -4.81334 93.5618
    endloop
  endfacet
  facet normal 0.000488055 -0.707106 0.707107
    outer loop
      vertex 54.1406 45.3259 143.701
      vertex 54.1406 -4.90106 93.4741
      vertex 54.575 45.4692 143.844
    endloop
  endfacet
  facet normal -0.000128191 -0.707104 0.70711
    outer loop
      vertex 54.2492 -4.93688 93.4383
      vertex 54.575 45.4692 143.844
      vertex 54.1406 -4.90106 93.4741
    endloop
  endfacet
  facet normal 0.000153357 -0.707105 0.707109
    outer loop
      vertex 54.575 -5.04431 93.3308
      vertex 54.575 45.4692 143.844
      vertex 54.2492 -4.93688 93.4383
    endloop
  endfacet
  facet normal -0.000482358 -0.707105 0.707109
    outer loop
      vertex 54.575 45.4692 143.844
      vertex 54.575 -5.04431 93.3308
      vertex 54.8695 45.615 143.99
    endloop
  endfacet
  facet normal -0.00288937 -0.707095 0.707113
    outer loop
      vertex 54.8695 45.615 143.99
      vertex 54.575 -5.04431 93.3308
      vertex 54.9677 45.6636 144.039
    endloop
  endfacet
  facet normal -4.9832e-05 -0.707109 0.707105
    outer loop
      vertex 54.8695 -5.19013 93.185
      vertex 54.9677 45.6636 144.039
      vertex 54.575 -5.04431 93.3308
    endloop
  endfacet
  facet normal -1.85624e-06 -0.707109 0.707105
    outer loop
      vertex 54.9677 -5.23873 93.1364
      vertex 54.9677 45.6636 144.039
      vertex 54.8695 -5.19013 93.185
    endloop
  endfacet
  facet normal 3.90768e-05 -0.707109 0.707105
    outer loop
      vertex 55.3066 -5.47841 92.8967
      vertex 54.9677 45.6636 144.039
      vertex 54.9677 -5.23873 93.1364
    endloop
  endfacet
  facet normal -1.99086e-05 -0.707104 0.70711
    outer loop
      vertex 55.3066 45.9033 144.278
      vertex 55.3066 -5.47841 92.8967
      vertex 68.2 53.8 152.175
    endloop
  endfacet
  facet normal 0.00023934 -0.706912 0.707302
    outer loop
      vertex 68.2 -13.3751 85
      vertex 55.3066 -5.47841 92.8967
      vertex 55.5816 -5.75607 92.6191
    endloop
  endfacet
  facet normal 6.51407e-06 -0.707105 0.707109
    outer loop
      vertex 68.2 -13.3751 85
      vertex 55.5816 -5.75607 92.6191
      vertex 55.6322 -5.83287 92.5423
    endloop
  endfacet
  facet normal -2.39707e-05 -0.70713 0.707084
    outer loop
      vertex 68.2 -13.3751 85
      vertex 55.6322 -5.83287 92.5423
      vertex 55.7842 -6.06326 92.3119
    endloop
  endfacet
  facet normal -0.000120314 -0.707187 0.707026
    outer loop
      vertex 65.2 -13.3751 85
      vertex 55.7842 -6.06326 92.3119
      vertex 55.8772 -6.30882 92.0663
    endloop
  endfacet
  facet normal 0.000461559 -0.706803 0.70741
    outer loop
      vertex 65.2 -13.3751 85
      vertex 55.8772 -6.30882 92.0663
      vertex 55.9082 -6.39067 91.9845
    endloop
  endfacet
  facet normal -4.61911e-05 -0.707141 0.707073
    outer loop
      vertex 65.2 -13.3751 85
      vertex 55.9082 -6.39067 91.9845
      vertex 55.95 -6.72834 91.6468
    endloop
  endfacet
  facet normal -5.24636e-05 -0.707145 0.707068
    outer loop
      vertex 65.2 -13.3751 85
      vertex 55.95 -6.72834 91.6468
      vertex 55.9082 -7.066 91.3091
    endloop
  endfacet
  facet normal -0.000220532 -0.707281 0.706933
    outer loop
      vertex 65.2 -13.3751 85
      vertex 55.8152 -7.31156 91.0636
      vertex 55.7842 -7.39341 90.9817
    endloop
  endfacet
  facet normal 2.05428e-06 -0.707109 0.707105
    outer loop
      vertex 65.2 -13.3751 85
      vertex 54.6732 -8.36376 90.0114
      vertex 54.575 -8.41236 89.9628
    endloop
  endfacet
  facet normal -7.3843e-05 -0.707192 0.707021
    outer loop
      vertex 65.2 -13.3751 85
      vertex 54.4664 -8.44817 89.927
      vertex 54.1406 -8.55561 89.8195
    endloop
  endfacet
  facet normal 0.000126173 -0.706956 0.707257
    outer loop
      vertex 65.2 -13.3751 85
      vertex 53.7933 -8.62141 89.7537
      vertex 53.6775 -8.64334 89.7318
    endloop
  endfacet
  facet normal -2.30184e-06 -0.707116 0.707098
    outer loop
      vertex 65.2 -13.3751 85
      vertex 53.2 -8.67288 89.7023
      vertex 43.2 -10.5467 87.8284
    endloop
  endfacet
  facet normal 0 -0.707107 0.707107
    outer loop
      vertex -68.2 -10.5467 87.8284
      vertex -65.2 -13.3751 85
      vertex 43.2 -10.5467 87.8284
    endloop
  endfacet
  facet normal 0 -0.707107 0.707107
    outer loop
      vertex 65.2 -13.3751 85
      vertex 43.2 -10.5467 87.8284
      vertex -65.2 -13.3751 85
    endloop
  endfacet
  facet normal 5.18047e-05 -0.707047 0.707167
    outer loop
      vertex 53.2 -8.67288 89.7023
      vertex 65.2 -13.3751 85
      vertex 53.6775 -8.64334 89.7318
    endloop
  endfacet
  facet normal 1.93742e-07 -0.707107 0.707106
    outer loop
      vertex 53.7933 -8.62141 89.7537
      vertex 65.2 -13.3751 85
      vertex 54.1406 -8.55561 89.8195
    endloop
  endfacet
  facet normal 3.98214e-05 -0.707068 0.707145
    outer loop
      vertex 54.4664 -8.44817 89.927
      vertex 65.2 -13.3751 85
      vertex 54.575 -8.41236 89.9628
    endloop
  endfacet
  facet normal 2.55941e-05 -0.707084 0.707129
    outer loop
      vertex 54.6732 -8.36376 90.0114
      vertex 65.2 -13.3751 85
      vertex 54.9677 -8.21794 90.1572
    endloop
  endfacet
  facet normal -2.44318e-05 -0.707134 0.70708
    outer loop
      vertex 65.2 -13.3751 85
      vertex 55.3066 -7.97827 90.3969
      vertex 54.9677 -8.21794 90.1572
    endloop
  endfacet
  facet normal 5.73672e-05 -0.707059 0.707155
    outer loop
      vertex 65.2 -13.3751 85
      vertex 55.5816 -7.70061 90.6745
      vertex 55.3066 -7.97827 90.3969
    endloop
  endfacet
  facet normal 5.2929e-07 -0.707107 0.707107
    outer loop
      vertex 65.2 -13.3751 85
      vertex 55.7335 -7.47021 90.9049
      vertex 55.5816 -7.70061 90.6745
    endloop
  endfacet
  facet normal 5.29087e-07 -0.707107 0.707107
    outer loop
      vertex 65.2 -13.3751 85
      vertex 55.7842 -7.39341 90.9817
      vertex 55.7335 -7.47021 90.9049
    endloop
  endfacet
  facet normal 9.33254e-05 -0.707038 0.707175
    outer loop
      vertex 55.8152 -7.31156 91.0636
      vertex 65.2 -13.3751 85
      vertex 55.9082 -7.066 91.3091
    endloop
  endfacet
  facet normal 6.11763e-17 -0.70711 0.707104
    outer loop
      vertex 55.7842 -6.06326 92.3119
      vertex 65.2 -13.3751 85
      vertex 68.2 -13.3751 85
    endloop
  endfacet
  facet normal 1.19312e-06 -0.707106 0.707107
    outer loop
      vertex 55.3066 -5.47841 92.8967
      vertex 68.2 -13.3751 85
      vertex 68.2 53.8 152.175
    endloop
  endfacet
  facet normal 0 0.707556 -0.706657
    outer loop
      vertex 65.2 53.8 147.933
      vertex 43.2 53.0929 147.225
      vertex -68.2 53.8 147.933
    endloop
  endfacet
  facet normal 3.29771e-05 0.707044 -0.70717
    outer loop
      vertex 65.2 53.8 147.933
      vertex 53.2 51.2191 145.352
      vertex 43.2 53.0929 147.225
    endloop
  endfacet
  facet normal -0.000457794 0.708184 -0.706028
    outer loop
      vertex 65.2 53.8 147.933
      vertex 53.6775 51.1895 145.322
      vertex 53.2 51.2191 145.352
    endloop
  endfacet
  facet normal 0.000638831 0.705763 -0.708447
    outer loop
      vertex 65.2 53.8 147.933
      vertex 53.9862 51.131 145.264
      vertex 53.6775 51.1895 145.322
    endloop
  endfacet
  facet normal -0.00202922 0.711355 -0.70283
    outer loop
      vertex 65.2 53.8 147.933
      vertex 54.1406 51.1018 145.234
      vertex 53.9862 51.131 145.264
    endloop
  endfacet
  facet normal 0.000549331 0.706085 -0.708127
    outer loop
      vertex 65.2 53.8 147.933
      vertex 54.4302 51.0063 145.139
      vertex 54.1406 51.1018 145.234
    endloop
  endfacet
  facet normal -0.00041823 0.70795 -0.706262
    outer loop
      vertex 65.2 53.8 147.933
      vertex 54.575 50.9585 145.091
      vertex 54.4302 51.0063 145.139
    endloop
  endfacet
  facet normal -0.000356968 0.707836 -0.706377
    outer loop
      vertex 65.2 53.8 147.933
      vertex 54.7059 50.8937 145.026
      vertex 54.575 50.9585 145.091
    endloop
  endfacet
  facet normal 0.000612502 0.706085 -0.708126
    outer loop
      vertex 65.2 53.8 147.933
      vertex 54.9677 50.7641 144.897
      vertex 54.7059 50.8937 145.026
    endloop
  endfacet
  facet normal -0.000180038 0.707422 -0.706792
    outer loop
      vertex 65.2 53.8 147.933
      vertex 55.1936 50.6043 144.737
      vertex 54.9677 50.7641 144.897
    endloop
  endfacet
  facet normal -0.000180013 0.707422 -0.706792
    outer loop
      vertex 65.2 53.8 147.933
      vertex 55.3066 50.5244 144.657
      vertex 55.1936 50.6043 144.737
    endloop
  endfacet
  facet normal -0.000929335 0.708552 -0.705658
    outer loop
      vertex 65.2 53.8 147.933
      vertex 55.3983 50.4319 144.564
      vertex 55.3066 50.5244 144.657
    endloop
  endfacet
  facet normal 0.000146409 0.706988 -0.707225
    outer loop
      vertex 65.2 53.8 147.933
      vertex 55.5816 50.2468 144.379
      vertex 55.3983 50.4319 144.564
    endloop
  endfacet
  facet normal 0.000184083 0.706937 -0.707276
    outer loop
      vertex 65.2 53.8 147.933
      vertex 55.7842 49.9396 144.072
      vertex 55.5816 50.2468 144.379
    endloop
  endfacet
  facet normal 0.000384072 0.706693 -0.70752
    outer loop
      vertex 65.2 53.8 147.933
      vertex 55.8669 49.7213 143.854
      vertex 55.7842 49.9396 144.072
    endloop
  endfacet
  facet normal 0.00026264 0.706832 -0.707381
    outer loop
      vertex 65.2 53.8 147.933
      vertex 55.9082 49.6122 143.745
      vertex 55.8669 49.7213 143.854
    endloop
  endfacet
  facet normal -0.000253632 0.707405 -0.706808
    outer loop
      vertex 65.2 53.8 147.933
      vertex 55.95 49.2745 143.407
      vertex 55.9082 49.6122 143.745
    endloop
  endfacet
  facet normal -0.00159202 0.70877 -0.705438
    outer loop
      vertex 65.2 53.8 147.933
      vertex 55.9361 49.162 143.294
      vertex 55.95 49.2745 143.407
    endloop
  endfacet
  facet normal 0.000416768 0.706767 -0.707447
    outer loop
      vertex 65.2 53.8 147.933
      vertex 55.9082 48.9368 143.069
      vertex 55.9361 49.162 143.294
    endloop
  endfacet
  facet normal 0.000640379 0.706553 -0.70766
    outer loop
      vertex 65.2 53.8 147.933
      vertex 55.7842 48.6094 142.742
      vertex 55.9082 48.9368 143.069
    endloop
  endfacet
  facet normal 0.000446184 0.706729 -0.707484
    outer loop
      vertex 65.2 53.8 147.933
      vertex 55.5816 48.3022 142.435
      vertex 55.7842 48.6094 142.742
    endloop
  endfacet
  facet normal 0.000537391 0.706649 -0.707564
    outer loop
      vertex 65.2 53.8 147.933
      vertex 55.3983 48.1171 142.25
      vertex 55.5816 48.3022 142.435
    endloop
  endfacet
  facet normal -0.00516159 0.711541 -0.702626
    outer loop
      vertex 65.2 53.8 147.933
      vertex 55.3066 48.0246 142.157
      vertex 55.3983 48.1171 142.25
    endloop
  endfacet
  facet normal 4.36066e-05 0.707106 -0.707107
    outer loop
      vertex 55.3066 -3.35709 90.7754
      vertex 55.3066 48.0246 142.157
      vertex 65.2 53.8 147.933
    endloop
  endfacet
  facet normal 0.000626634 0.707106 -0.707107
    outer loop
      vertex 55.3066 48.0246 142.157
      vertex 55.3066 -3.35709 90.7754
      vertex 55.1936 47.9447 142.077
    endloop
  endfacet
  facet normal 0.283375 -0.95425 0.095425
    outer loop
      vertex 54.575 47.5905 141.723
      vertex 54.1406 47.4472 141.58
      vertex 54.4302 47.5427 141.675
    endloop
  endfacet
  facet normal 0.00074084 0.707103 -0.70711
    outer loop
      vertex 53.6775 47.3595 141.492
      vertex 53.2 -2.66247 91.47
      vertex 53.2 47.33 141.462
    endloop
  endfacet
  facet normal 0.000458096 0.707107 -0.707107
    outer loop
      vertex 53.6775 -2.69201 91.4405
      vertex 53.6775 47.3595 141.492
      vertex 54.1406 47.4472 141.58
    endloop
  endfacet
  facet normal -0.00048954 0.707109 -0.707105
    outer loop
      vertex 54.1406 -2.77974 91.3528
      vertex 54.1406 47.4472 141.58
      vertex 54.575 47.5905 141.723
    endloop
  endfacet
  facet normal 0.00108031 0.707106 -0.707106
    outer loop
      vertex 54.575 -2.92299 91.2095
      vertex 54.575 47.5905 141.723
      vertex 54.7059 47.6553 141.788
    endloop
  endfacet
  facet normal -0.00162409 0.707109 -0.707102
    outer loop
      vertex 54.575 -2.92299 91.2095
      vertex 54.7059 47.6553 141.788
      vertex 54.9677 47.7849 141.917
    endloop
  endfacet
  facet normal 0.000626911 0.707106 -0.707107
    outer loop
      vertex 55.1936 47.9447 142.077
      vertex 55.3066 -3.35709 90.7754
      vertex 54.9677 47.7849 141.917
    endloop
  endfacet
  facet normal 5.92253e-05 0.707107 -0.707107
    outer loop
      vertex 53.6775 47.3595 141.492
      vertex 53.6775 -2.69201 91.4405
      vertex 53.2 -2.66247 91.47
    endloop
  endfacet
  facet normal 4.65003e-05 0.707109 -0.707105
    outer loop
      vertex 54.1406 47.4472 141.58
      vertex 54.1406 -2.77974 91.3528
      vertex 53.6775 -2.69201 91.4405
    endloop
  endfacet
  facet normal -1.84647e-07 0.707107 -0.707107
    outer loop
      vertex 54.575 47.5905 141.723
      vertex 54.4302 -2.87524 91.2573
      vertex 54.1406 -2.77974 91.3528
    endloop
  endfacet
  facet normal -0.000244121 0.707107 -0.707107
    outer loop
      vertex 54.575 47.5905 141.723
      vertex 54.575 -2.92299 91.2095
      vertex 54.4302 -2.87524 91.2573
    endloop
  endfacet
  facet normal 5.11304e-05 0.707104 -0.70711
    outer loop
      vertex 54.9677 47.7849 141.917
      vertex 54.7059 -2.9878 91.1447
      vertex 54.575 -2.92299 91.2095
    endloop
  endfacet
  facet normal 2.41898e-05 0.707104 -0.70711
    outer loop
      vertex 54.9677 47.7849 141.917
      vertex 54.9677 -3.11741 91.0151
      vertex 54.7059 -2.9878 91.1447
    endloop
  endfacet
  facet normal -4.57577e-05 0.707104 -0.70711
    outer loop
      vertex 54.9677 47.7849 141.917
      vertex 55.3066 -3.35709 90.7754
      vertex 54.9677 -3.11741 91.0151
    endloop
  endfacet
  facet normal -0.000104015 0.707119 -0.707095
    outer loop
      vertex 65.2 53.8 147.933
      vertex 55.5816 -3.63474 90.4977
      vertex 55.3066 -3.35709 90.7754
    endloop
  endfacet
  facet normal 9.74082e-06 0.707109 -0.707104
    outer loop
      vertex 65.2 -13.3751 80.7574
      vertex 55.5816 -3.63474 90.4977
      vertex 65.2 53.8 147.933
    endloop
  endfacet
  facet normal -0.00103917 0.706591 -0.707621
    outer loop
      vertex 55.5816 -3.63474 90.4977
      vertex 65.2 -13.3751 80.7574
      vertex 55.7166 -3.83954 90.293
    endloop
  endfacet
  facet normal -8.87092e-06 0.707104 -0.70711
    outer loop
      vertex 55.7166 -3.83954 90.293
      vertex 65.2 -13.3751 80.7574
      vertex 55.7842 -3.94194 90.1906
    endloop
  endfacet
  facet normal 0.000622133 0.707419 -0.706795
    outer loop
      vertex 55.7842 -3.94194 90.1906
      vertex 65.2 -13.3751 80.7574
      vertex 55.8255 -4.05108 90.0814
    endloop
  endfacet
  facet normal 0.000157525 0.707185 -0.707028
    outer loop
      vertex 55.8255 -4.05108 90.0814
      vertex 65.2 -13.3751 80.7574
      vertex 55.9082 -4.26935 89.8631
    endloop
  endfacet
  facet normal -0.000159171 0.707024 -0.70719
    outer loop
      vertex 55.9082 -4.26935 89.8631
      vertex 65.2 -13.3751 80.7574
      vertex 55.95 -4.60702 89.5255
    endloop
  endfacet
  facet normal 4.79034e-07 0.707107 -0.707107
    outer loop
      vertex 65.2 -13.3751 80.7574
      vertex 55.6491 -5.47689 88.6556
      vertex 55.7842 -5.27209 88.8604
    endloop
  endfacet
  facet normal -3.24182e-05 0.707085 -0.707129
    outer loop
      vertex 65.2 -13.3751 80.7574
      vertex 54.8368 -6.16143 87.9711
      vertex 54.9677 -6.09662 88.0359
    endloop
  endfacet
  facet normal -8.80933e-07 0.707108 -0.707105
    outer loop
      vertex 65.2 -13.3751 80.7574
      vertex 54.2854 -6.38654 87.746
      vertex 54.575 -6.29104 87.8415
    endloop
  endfacet
  facet normal -0.000140598 0.706994 -0.707219
    outer loop
      vertex 65.2 -13.3751 80.7574
      vertex 53.9862 -6.46353 87.669
      vertex 54.1406 -6.43429 87.6982
    endloop
  endfacet
  facet normal 8.03565e-05 0.707175 -0.707038
    outer loop
      vertex 65.2 -13.3751 80.7574
      vertex 53.2 -6.55156 87.5809
      vertex 53.6775 -6.52202 87.6105
    endloop
  endfacet
  facet normal 0 0.707107 -0.707107
    outer loop
      vertex 43.2 -8.42539 85.7071
      vertex -65.2 -9.13249 85
      vertex -68.2 -8.42539 85.7071
    endloop
  endfacet
  facet normal 6.96906e-05 0.707144 -0.707069
    outer loop
      vertex 55.95 -4.60702 89.5255
      vertex 65.2 -13.3751 80.7574
      vertex 55.9082 -4.94468 89.1878
    endloop
  endfacet
  facet normal -0.000173927 0.70701 -0.707203
    outer loop
      vertex 65.2 -13.3751 80.7574
      vertex 55.8669 -5.05382 89.0787
      vertex 55.9082 -4.94468 89.1878
    endloop
  endfacet
  facet normal 6.36352e-05 0.707143 -0.70707
    outer loop
      vertex 65.2 -13.3751 80.7574
      vertex 55.7842 -5.27209 88.8604
      vertex 55.8669 -5.05382 89.0787
    endloop
  endfacet
  facet normal 4.79159e-07 0.707107 -0.707107
    outer loop
      vertex 55.6491 -5.47689 88.6556
      vertex 65.2 -13.3751 80.7574
      vertex 55.5816 -5.57929 88.5532
    endloop
  endfacet
  facet normal -5.68449e-05 0.707071 -0.707142
    outer loop
      vertex 65.2 -13.3751 80.7574
      vertex 55.3066 -5.85694 88.2756
      vertex 55.5816 -5.57929 88.5532
    endloop
  endfacet
  facet normal 2.02355e-05 0.707122 -0.707092
    outer loop
      vertex 65.2 -13.3751 80.7574
      vertex 54.9677 -6.09662 88.0359
      vertex 55.3066 -5.85694 88.2756
    endloop
  endfacet
  facet normal -1.66347e-05 0.707096 -0.707117
    outer loop
      vertex 54.8368 -6.16143 87.9711
      vertex 65.2 -13.3751 80.7574
      vertex 54.575 -6.29104 87.8415
    endloop
  endfacet
  facet normal 0.000160254 0.707234 -0.70698
    outer loop
      vertex 54.2854 -6.38654 87.746
      vertex 65.2 -13.3751 80.7574
      vertex 54.1406 -6.43429 87.6982
    endloop
  endfacet
  facet normal 1.70749e-05 0.707122 -0.707091
    outer loop
      vertex 53.9862 -6.46353 87.669
      vertex 65.2 -13.3751 80.7574
      vertex 53.6775 -6.52202 87.6105
    endloop
  endfacet
  facet normal -1.01133e-06 0.707104 -0.70711
    outer loop
      vertex 53.2 -6.55156 87.5809
      vertex 65.2 -13.3751 80.7574
      vertex 43.2 -8.42539 85.7071
    endloop
  endfacet
  facet normal 0 0.707106 -0.707107
    outer loop
      vertex -65.2 -13.3751 80.7574
      vertex 43.2 -8.42539 85.7071
      vertex 65.2 -13.3751 80.7574
    endloop
  endfacet
  facet normal 1.08719e-08 0.707106 -0.707108
    outer loop
      vertex 43.2 -8.42539 85.7071
      vertex -65.2 -13.3751 80.7574
      vertex -65.2 -9.13249 85
    endloop
  endfacet
  facet normal -8.65651e-20 0.707556 -0.706657
    outer loop
      vertex -68.2 53.8 147.933
      vertex 43.2 53.0929 147.225
      vertex -68.2 53.0929 147.225
    endloop
  endfacet
  facet normal 0.000458459 0.708179 -0.706033
    outer loop
      vertex 52.7225 51.1895 145.322
      vertex 43.2 53.0929 147.225
      vertex 53.2 51.2191 145.352
    endloop
  endfacet
  facet normal -0.000574684 0.705593 -0.708617
    outer loop
      vertex 52.4138 51.131 145.264
      vertex 43.2 53.0929 147.225
      vertex 52.7225 51.1895 145.322
    endloop
  endfacet
  facet normal 0.00196043 0.711534 -0.702649
    outer loop
      vertex 52.2594 51.1018 145.234
      vertex 43.2 53.0929 147.225
      vertex 52.4138 51.131 145.264
    endloop
  endfacet
  facet normal -0.000484334 0.705986 -0.708225
    outer loop
      vertex 51.9698 51.0063 145.139
      vertex 43.2 53.0929 147.225
      vertex 52.2594 51.1018 145.234
    endloop
  endfacet
  facet normal 0.000436697 0.707922 -0.70629
    outer loop
      vertex 51.825 50.9585 145.091
      vertex 43.2 53.0929 147.225
      vertex 51.9698 51.0063 145.139
    endloop
  endfacet
  facet normal 0.00038156 0.707811 -0.706402
    outer loop
      vertex 51.6941 50.8937 145.026
      vertex 43.2 53.0929 147.225
      vertex 51.825 50.9585 145.091
    endloop
  endfacet
  facet normal -0.000546419 0.706018 -0.708193
    outer loop
      vertex 51.4323 50.7641 144.897
      vertex 43.2 53.0929 147.225
      vertex 51.6941 50.8937 145.026
    endloop
  endfacet
  facet normal 0.00022783 0.707388 -0.706825
    outer loop
      vertex 51.2064 50.6043 144.737
      vertex 43.2 53.0929 147.225
      vertex 51.4323 50.7641 144.897
    endloop
  endfacet
  facet normal 0.000227799 0.707388 -0.706825
    outer loop
      vertex 51.0934 50.5244 144.657
      vertex 43.2 53.0929 147.225
      vertex 51.2064 50.6043 144.737
    endloop
  endfacet
  facet normal 0.000972284 0.70853 -0.70568
    outer loop
      vertex 51.0017 50.4319 144.564
      vertex 43.2 53.0929 147.225
      vertex 51.0934 50.5244 144.657
    endloop
  endfacet
  facet normal -9.74188e-05 0.706964 -0.70725
    outer loop
      vertex 50.8184 50.2468 144.379
      vertex 43.2 53.0929 147.225
      vertex 51.0017 50.4319 144.564
    endloop
  endfacet
  facet normal -0.000130572 0.70692 -0.707294
    outer loop
      vertex 50.6158 49.9396 144.072
      vertex 43.2 53.0929 147.225
      vertex 50.8184 50.2468 144.379
    endloop
  endfacet
  facet normal -0.000331435 0.706683 -0.70753
    outer loop
      vertex 50.5331 49.7213 143.854
      vertex 43.2 53.0929 147.225
      vertex 50.6158 49.9396 144.072
    endloop
  endfacet
  facet normal -0.000204621 0.706821 -0.707392
    outer loop
      vertex 50.4918 49.6122 143.745
      vertex 43.2 53.0929 147.225
      vertex 50.5331 49.7213 143.854
    endloop
  endfacet
  facet normal 0.000347074 0.707399 -0.706814
    outer loop
      vertex 50.45 49.2745 143.407
      vertex 43.2 53.0929 147.225
      vertex 50.4918 49.6122 143.745
    endloop
  endfacet
  facet normal 0.0018078 0.708783 -0.705424
    outer loop
      vertex 50.4639 49.162 143.294
      vertex 43.2 53.0929 147.225
      vertex 50.45 49.2745 143.407
    endloop
  endfacet
  facet normal -0.000374869 0.706769 -0.707444
    outer loop
      vertex 50.4918 48.9368 143.069
      vertex 43.2 53.0929 147.225
      vertex 50.4639 49.162 143.294
    endloop
  endfacet
  facet normal -0.000616068 0.706557 -0.707655
    outer loop
      vertex 50.6158 48.6094 142.742
      vertex 43.2 53.0929 147.225
      vertex 50.4918 48.9368 143.069
    endloop
  endfacet
  facet normal -0.000383797 0.70675 -0.707463
    outer loop
      vertex 50.8184 48.3022 142.435
      vertex 43.2 53.0929 147.225
      vertex 50.6158 48.6094 142.742
    endloop
  endfacet
  facet normal -0.000464787 0.706685 -0.707528
    outer loop
      vertex 51.0017 48.1171 142.25
      vertex 43.2 53.0929 147.225
      vertex 50.8184 48.3022 142.435
    endloop
  endfacet
  facet normal 0.00677522 0.712326 -0.701816
    outer loop
      vertex 51.0934 48.0246 142.157
      vertex 43.2 53.0929 147.225
      vertex 51.0017 48.1171 142.25
    endloop
  endfacet
  facet normal -0.000626634 0.707106 -0.707107
    outer loop
      vertex 51.0934 -3.35709 90.7754
      vertex 51.0934 48.0246 142.157
      vertex 51.2064 47.9447 142.077
    endloop
  endfacet
  facet normal -0.000626911 0.707106 -0.707107
    outer loop
      vertex 51.0934 -3.35709 90.7754
      vertex 51.2064 47.9447 142.077
      vertex 51.4323 47.7849 141.917
    endloop
  endfacet
  facet normal -0.283375 -0.95425 0.095425
    outer loop
      vertex 52.2594 47.4472 141.58
      vertex 51.825 47.5905 141.723
      vertex 51.9698 47.5427 141.675
    endloop
  endfacet
  facet normal -0.00074084 0.707103 -0.70711
    outer loop
      vertex 53.2 -2.66247 91.47
      vertex 52.7225 47.3595 141.492
      vertex 53.2 47.33 141.462
    endloop
  endfacet
  facet normal -5.92253e-05 0.707107 -0.707107
    outer loop
      vertex 52.7225 -2.69201 91.4405
      vertex 52.7225 47.3595 141.492
      vertex 53.2 -2.66247 91.47
    endloop
  endfacet
  facet normal -0.000458096 0.707107 -0.707107
    outer loop
      vertex 52.7225 47.3595 141.492
      vertex 52.7225 -2.69201 91.4405
      vertex 52.2594 47.4472 141.58
    endloop
  endfacet
  facet normal -4.65003e-05 0.707109 -0.707105
    outer loop
      vertex 52.2594 -2.77974 91.3528
      vertex 52.2594 47.4472 141.58
      vertex 52.7225 -2.69201 91.4405
    endloop
  endfacet
  facet normal 0.00048954 0.707109 -0.707105
    outer loop
      vertex 52.2594 47.4472 141.58
      vertex 52.2594 -2.77974 91.3528
      vertex 51.825 47.5905 141.723
    endloop
  endfacet
  facet normal 1.84647e-07 0.707107 -0.707107
    outer loop
      vertex 51.9698 -2.87524 91.2573
      vertex 51.825 47.5905 141.723
      vertex 52.2594 -2.77974 91.3528
    endloop
  endfacet
  facet normal 0.000244121 0.707107 -0.707107
    outer loop
      vertex 51.825 -2.92299 91.2095
      vertex 51.825 47.5905 141.723
      vertex 51.9698 -2.87524 91.2573
    endloop
  endfacet
  facet normal -0.00108031 0.707106 -0.707106
    outer loop
      vertex 51.825 47.5905 141.723
      vertex 51.825 -2.92299 91.2095
      vertex 51.6941 47.6553 141.788
    endloop
  endfacet
  facet normal 0.00162409 0.707109 -0.707102
    outer loop
      vertex 51.6941 47.6553 141.788
      vertex 51.825 -2.92299 91.2095
      vertex 51.4323 47.7849 141.917
    endloop
  endfacet
  facet normal -5.11304e-05 0.707104 -0.70711
    outer loop
      vertex 51.6941 -2.9878 91.1447
      vertex 51.4323 47.7849 141.917
      vertex 51.825 -2.92299 91.2095
    endloop
  endfacet
  facet normal -2.41898e-05 0.707104 -0.70711
    outer loop
      vertex 51.4323 -3.11741 91.0151
      vertex 51.4323 47.7849 141.917
      vertex 51.6941 -2.9878 91.1447
    endloop
  endfacet
  facet normal 4.57577e-05 0.707104 -0.70711
    outer loop
      vertex 51.0934 -3.35709 90.7754
      vertex 51.4323 47.7849 141.917
      vertex 51.4323 -3.11741 91.0151
    endloop
  endfacet
  facet normal 2.60794e-05 0.707106 -0.707107
    outer loop
      vertex 51.0934 48.0246 142.157
      vertex 51.0934 -3.35709 90.7754
      vertex 43.2 53.0929 147.225
    endloop
  endfacet
  facet normal -0.000224546 0.707282 -0.706932
    outer loop
      vertex 43.2 -8.42539 85.7071
      vertex 51.0934 -3.35709 90.7754
      vertex 50.8184 -3.63474 90.4977
    endloop
  endfacet
  facet normal 0.000363046 0.706814 -0.707399
    outer loop
      vertex 43.2 -8.42539 85.7071
      vertex 50.8184 -3.63474 90.4977
      vertex 50.6834 -3.83954 90.293
    endloop
  endfacet
  facet normal 7.93431e-06 0.707104 -0.707109
    outer loop
      vertex 43.2 -8.42539 85.7071
      vertex 50.6834 -3.83954 90.293
      vertex 50.6158 -3.94194 90.1906
    endloop
  endfacet
  facet normal -0.000298452 0.707357 -0.706856
    outer loop
      vertex 43.2 -8.42539 85.7071
      vertex 50.6158 -3.94194 90.1906
      vertex 50.5745 -4.05108 90.0814
    endloop
  endfacet
  facet normal -7.55909e-05 0.70717 -0.707044
    outer loop
      vertex 43.2 -8.42539 85.7071
      vertex 50.5745 -4.05108 90.0814
      vertex 50.4918 -4.26935 89.8631
    endloop
  endfacet
  facet normal 8.57263e-05 0.707028 -0.707185
    outer loop
      vertex 43.2 -8.42539 85.7071
      vertex 50.4918 -4.26935 89.8631
      vertex 50.45 -4.60702 89.5255
    endloop
  endfacet
  facet normal -3.86676e-05 0.707146 -0.707067
    outer loop
      vertex 43.2 -8.42539 85.7071
      vertex 50.45 -4.60702 89.5255
      vertex 50.4918 -4.94468 89.1878
    endloop
  endfacet
  facet normal -4.46124e-15 0.707107 -0.707107
    outer loop
      vertex 43.2 -8.42539 85.7071
      vertex 50.7509 -5.47689 88.6556
      vertex 50.8184 -5.57929 88.5532
    endloop
  endfacet
  facet normal 1.17346e-05 0.707091 -0.707122
    outer loop
      vertex 43.2 -8.42539 85.7071
      vertex 51.5632 -6.16143 87.9711
      vertex 51.825 -6.29104 87.8415
    endloop
  endfacet
  facet normal -9.76198e-05 0.707329 -0.706885
    outer loop
      vertex 43.2 -8.42539 85.7071
      vertex 52.1146 -6.38654 87.746
      vertex 52.2594 -6.43429 87.6982
    endloop
  endfacet
  facet normal 2.87836e-06 0.707105 -0.707109
    outer loop
      vertex 51.0934 -3.35709 90.7754
      vertex 43.2 -8.42539 85.7071
      vertex 43.2 53.0929 147.225
    endloop
  endfacet
  facet normal 0.000103975 0.706997 -0.707217
    outer loop
      vertex 50.5331 -5.05382 89.0787
      vertex 43.2 -8.42539 85.7071
      vertex 50.4918 -4.94468 89.1878
    endloop
  endfacet
  facet normal -3.55894e-05 0.707149 -0.707065
    outer loop
      vertex 50.6158 -5.27209 88.8604
      vertex 43.2 -8.42539 85.7071
      vertex 50.5331 -5.05382 89.0787
    endloop
  endfacet
  facet normal 9.29321e-15 0.707107 -0.707107
    outer loop
      vertex 50.7509 -5.47689 88.6556
      vertex 43.2 -8.42539 85.7071
      vertex 50.6158 -5.27209 88.8604
    endloop
  endfacet
  facet normal 3.47253e-05 0.70706 -0.707153
    outer loop
      vertex 51.0934 -5.85694 88.2756
      vertex 43.2 -8.42539 85.7071
      vertex 50.8184 -5.57929 88.5532
    endloop
  endfacet
  facet normal -1.00815e-05 0.707129 -0.707084
    outer loop
      vertex 51.4323 -6.09662 88.0359
      vertex 43.2 -8.42539 85.7071
      vertex 51.0934 -5.85694 88.2756
    endloop
  endfacet
  facet normal 2.12824e-05 0.707074 -0.70714
    outer loop
      vertex 51.5632 -6.16143 87.9711
      vertex 43.2 -8.42539 85.7071
      vertex 51.4323 -6.09662 88.0359
    endloop
  endfacet
  facet normal 2.34182e-06 0.70711 -0.707103
    outer loop
      vertex 52.1146 -6.38654 87.746
      vertex 43.2 -8.42539 85.7071
      vertex 51.825 -6.29104 87.8415
    endloop
  endfacet
  facet normal 9.84316e-05 0.706883 -0.707331
    outer loop
      vertex 52.4138 -6.46353 87.669
      vertex 43.2 -8.42539 85.7071
      vertex 52.2594 -6.43429 87.6982
    endloop
  endfacet
  facet normal -1.06746e-05 0.707139 -0.707075
    outer loop
      vertex 52.7225 -6.52202 87.6105
      vertex 43.2 -8.42539 85.7071
      vertex 52.4138 -6.46353 87.669
    endloop
  endfacet
  facet normal -6.73079e-05 0.707281 -0.706933
    outer loop
      vertex 43.2 -8.42539 85.7071
      vertex 52.7225 -6.52202 87.6105
      vertex 53.2 -6.55156 87.5809
    endloop
  endfacet
  facet normal 5.52045e-18 0.707107 -0.707107
    outer loop
      vertex -68.2 -8.42539 85.7071
      vertex -65.2 -9.13249 85
      vertex -68.2 -9.13249 85
    endloop
  endfacet
  facet normal 0 -1 0
    outer loop
      vertex -65.2 -13.3751 80.7574
      vertex 65.2 -13.3751 85
      vertex -65.2 -13.3751 85
    endloop
  endfacet
  facet normal 0 -1 -0
    outer loop
      vertex 65.2 -13.3751 85
      vertex -65.2 -13.3751 80.7574
      vertex 65.2 -13.3751 80.7574
    endloop
  endfacet
  facet normal 0 0 1
    outer loop
      vertex 68.2 105 152.175
      vertex 65.2 98.4 152.175
      vertex 68.2 53.8 152.175
    endloop
  endfacet
  facet normal 0 0 1
    outer loop
      vertex 68.2 105 152.175
      vertex 65.1692 98.8699 152.175
      vertex 65.2 98.4 152.175
    endloop
  endfacet
  facet normal 0 0 1
    outer loop
      vertex 68.2 105 152.175
      vertex 65.0773 99.3317 152.175
      vertex 65.1692 98.8699 152.175
    endloop
  endfacet
  facet normal 0 0 1
    outer loop
      vertex 68.2 105 152.175
      vertex 64.9259 99.7777 152.175
      vertex 65.0773 99.3317 152.175
    endloop
  endfacet
  facet normal 0 0 1
    outer loop
      vertex 68.2 105 152.175
      vertex 64.7177 100.2 152.175
      vertex 64.9259 99.7777 152.175
    endloop
  endfacet
  facet normal 0 0 1
    outer loop
      vertex 68.2 105 152.175
      vertex 64.4561 100.592 152.175
      vertex 64.7177 100.2 152.175
    endloop
  endfacet
  facet normal 0 0 1
    outer loop
      vertex 68.2 105 152.175
      vertex 64.1456 100.946 152.175
      vertex 64.4561 100.592 152.175
    endloop
  endfacet
  facet normal 0 0 1
    outer loop
      vertex 68.2 105 152.175
      vertex 63.7915 101.256 152.175
      vertex 64.1456 100.946 152.175
    endloop
  endfacet
  facet normal 0 0 1
    outer loop
      vertex 68.2 105 152.175
      vertex 63.4 101.518 152.175
      vertex 63.7915 101.256 152.175
    endloop
  endfacet
  facet normal 0 0 1
    outer loop
      vertex 68.2 105 152.175
      vertex 62.9776 101.726 152.175
      vertex 63.4 101.518 152.175
    endloop
  endfacet
  facet normal 0 0 1
    outer loop
      vertex 68.2 105 152.175
      vertex 62.5317 101.877 152.175
      vertex 62.9776 101.726 152.175
    endloop
  endfacet
  facet normal 0 0 1
    outer loop
      vertex 68.2 105 152.175
      vertex 62.0699 101.969 152.175
      vertex 62.5317 101.877 152.175
    endloop
  endfacet
  facet normal 0 0 1
    outer loop
      vertex 68.2 105 152.175
      vertex 61.6 102 152.175
      vertex 62.0699 101.969 152.175
    endloop
  endfacet
  facet normal -0 0 1
    outer loop
      vertex -68.2 105 152.175
      vertex 61.6 102 152.175
      vertex 68.2 105 152.175
    endloop
  endfacet
  facet normal 0 0 1
    outer loop
      vertex 61.6 102 152.175
      vertex -68.2 105 152.175
      vertex -68.2 102 152.175
    endloop
  endfacet
  facet normal -0 0 1
    outer loop
      vertex 65.2 60.4 152.175
      vertex 68.2 53.8 152.175
      vertex 65.2 98.4 152.175
    endloop
  endfacet
  facet normal -0 0 1
    outer loop
      vertex 65.1692 59.9301 152.175
      vertex 68.2 53.8 152.175
      vertex 65.2 60.4 152.175
    endloop
  endfacet
  facet normal -0 0 1
    outer loop
      vertex 65.0773 59.4683 152.175
      vertex 68.2 53.8 152.175
      vertex 65.1692 59.9301 152.175
    endloop
  endfacet
  facet normal -0 0 1
    outer loop
      vertex 64.9259 59.0223 152.175
      vertex 68.2 53.8 152.175
      vertex 65.0773 59.4683 152.175
    endloop
  endfacet
  facet normal -0 0 1
    outer loop
      vertex 64.7177 58.6 152.175
      vertex 68.2 53.8 152.175
      vertex 64.9259 59.0223 152.175
    endloop
  endfacet
  facet normal -0 0 1
    outer loop
      vertex 64.4561 58.2085 152.175
      vertex 68.2 53.8 152.175
      vertex 64.7177 58.6 152.175
    endloop
  endfacet
  facet normal -0 0 1
    outer loop
      vertex 64.1456 57.8544 152.175
      vertex 68.2 53.8 152.175
      vertex 64.4561 58.2085 152.175
    endloop
  endfacet
  facet normal -0 0 1
    outer loop
      vertex 63.7915 57.5439 152.175
      vertex 68.2 53.8 152.175
      vertex 64.1456 57.8544 152.175
    endloop
  endfacet
  facet normal -0 0 1
    outer loop
      vertex 63.4 57.2823 152.175
      vertex 68.2 53.8 152.175
      vertex 63.7915 57.5439 152.175
    endloop
  endfacet
  facet normal -0 0 1
    outer loop
      vertex 62.9776 57.074 152.175
      vertex 68.2 53.8 152.175
      vertex 63.4 57.2823 152.175
    endloop
  endfacet
  facet normal -0 0 1
    outer loop
      vertex 62.5317 56.9227 152.175
      vertex 68.2 53.8 152.175
      vertex 62.9776 57.074 152.175
    endloop
  endfacet
  facet normal -0 0 1
    outer loop
      vertex 62.0699 56.8308 152.175
      vertex 68.2 53.8 152.175
      vertex 62.5317 56.9227 152.175
    endloop
  endfacet
  facet normal -0 0 1
    outer loop
      vertex 61.6 56.8 152.175
      vertex 68.2 53.8 152.175
      vertex 62.0699 56.8308 152.175
    endloop
  endfacet
  facet normal 0 0 1
    outer loop
      vertex -68.2 53.8 152.175
      vertex 61.6 56.8 152.175
      vertex -68.2 56.8 152.175
    endloop
  endfacet
  facet normal 0 0 1
    outer loop
      vertex 61.6 56.8 152.175
      vertex -68.2 53.8 152.175
      vertex 68.2 53.8 152.175
    endloop
  endfacet
  facet normal -0 0 -1
    outer loop
      vertex 33.9992 102 147.175
      vertex 29.8188 101.4 147.175
      vertex 29.8188 102 147.175
    endloop
  endfacet
  facet normal -0 0 -1
    outer loop
      vertex 48.6 63.4 147.175
      vertex -65.2 57.4 147.175
      vertex -65.2 63.4 147.175
    endloop
  endfacet
  facet normal 0 0 -1
    outer loop
      vertex 65.2 102 147.175
      vertex 58.2673 93.0683 147.175
      vertex 58.3 93.4 147.175
    endloop
  endfacet
  facet normal 0 0 -1
    outer loop
      vertex 58.6 85.4 147.175
      vertex 58.1706 92.7494 147.175
      vertex 58.2673 93.0683 147.175
    endloop
  endfacet
  facet normal 0 0 -1
    outer loop
      vertex 58.6 85.4 147.175
      vertex 58.0135 92.4555 147.175
      vertex 58.1706 92.7494 147.175
    endloop
  endfacet
  facet normal 0 0 -1
    outer loop
      vertex 58.6 85.4 147.175
      vertex 57.8021 92.1979 147.175
      vertex 58.0135 92.4555 147.175
    endloop
  endfacet
  facet normal 0 0 -1
    outer loop
      vertex 58.6 85.4 147.175
      vertex 57.5445 91.9865 147.175
      vertex 57.8021 92.1979 147.175
    endloop
  endfacet
  facet normal 0 0 -1
    outer loop
      vertex 58.6 85.4 147.175
      vertex 57.2506 91.8294 147.175
      vertex 57.5445 91.9865 147.175
    endloop
  endfacet
  facet normal 0 0 -1
    outer loop
      vertex 58.6 85.4 147.175
      vertex 56.9317 91.7327 147.175
      vertex 57.2506 91.8294 147.175
    endloop
  endfacet
  facet normal 0 0 -1
    outer loop
      vertex 58.6 85.4 147.175
      vertex 56.6 91.7 147.175
      vertex 56.9317 91.7327 147.175
    endloop
  endfacet
  facet normal 0 0 -1
    outer loop
      vertex 58.6 85.4 147.175
      vertex 56.2683 91.7327 147.175
      vertex 56.6 91.7 147.175
    endloop
  endfacet
  facet normal 0 0 -1
    outer loop
      vertex 58.6 85.4 147.175
      vertex 55.9494 91.8294 147.175
      vertex 56.2683 91.7327 147.175
    endloop
  endfacet
  facet normal 0 0 -1
    outer loop
      vertex 48.6 85.4 147.175
      vertex 55.9494 91.8294 147.175
      vertex 58.6 85.4 147.175
    endloop
  endfacet
  facet normal -0 0 -1
    outer loop
      vertex 55.9494 91.8294 147.175
      vertex 48.6 85.4 147.175
      vertex 55.6555 91.9865 147.175
    endloop
  endfacet
  facet normal -0 0 -1
    outer loop
      vertex 55.6555 91.9865 147.175
      vertex 48.6 85.4 147.175
      vertex 55.3979 92.1979 147.175
    endloop
  endfacet
  facet normal -0 0 -1
    outer loop
      vertex 55.3979 92.1979 147.175
      vertex 48.6 85.4 147.175
      vertex 55.1865 92.4555 147.175
    endloop
  endfacet
  facet normal 0 0 -1
    outer loop
      vertex 55.0294 92.7494 147.175
      vertex 48.6 95.4 147.175
      vertex 54.9327 93.0683 147.175
    endloop
  endfacet
  facet normal 0 0 -1
    outer loop
      vertex 48.6 95.4 147.175
      vertex 55.0294 92.7494 147.175
      vertex 48.6 85.4 147.175
    endloop
  endfacet
  facet normal -0 0 -1
    outer loop
      vertex 55.1865 92.4555 147.175
      vertex 48.6 85.4 147.175
      vertex 55.0294 92.7494 147.175
    endloop
  endfacet
  facet normal 0 0 -1
    outer loop
      vertex 58.6 73.4 147.175
      vertex 65.2 102 147.175
      vertex 65.2 53.8 147.175
    endloop
  endfacet
  facet normal 0 0 -1
    outer loop
      vertex 58.2673 93.0683 147.175
      vertex 65.2 102 147.175
      vertex 58.6 85.4 147.175
    endloop
  endfacet
  facet normal 0 0 -1
    outer loop
      vertex 58.2673 93.7317 147.175
      vertex 65.2 102 147.175
      vertex 58.3 93.4 147.175
    endloop
  endfacet
  facet normal 0 0 -1
    outer loop
      vertex 65.2 102 147.175
      vertex 58.6 73.4 147.175
      vertex 58.6 85.4 147.175
    endloop
  endfacet
  facet normal 0 0 -1
    outer loop
      vertex 58.2673 65.7317 147.175
      vertex 65.2 53.8 147.175
      vertex 58.3 65.4 147.175
    endloop
  endfacet
  facet normal 0 0 -1
    outer loop
      vertex 65.2 53.8 147.175
      vertex 58.2673 65.0683 147.175
      vertex 58.3 65.4 147.175
    endloop
  endfacet
  facet normal 0 0 -1
    outer loop
      vertex 65.2 53.8 147.175
      vertex 58.1706 64.7494 147.175
      vertex 58.2673 65.0683 147.175
    endloop
  endfacet
  facet normal 0 0 -1
    outer loop
      vertex 65.2 53.8 147.175
      vertex 58.0135 64.4555 147.175
      vertex 58.1706 64.7494 147.175
    endloop
  endfacet
  facet normal 0 0 -1
    outer loop
      vertex 65.2 53.8 147.175
      vertex 57.8021 64.1979 147.175
      vertex 58.0135 64.4555 147.175
    endloop
  endfacet
  facet normal 0 0 -1
    outer loop
      vertex 65.2 53.8 147.175
      vertex 57.5445 63.9865 147.175
      vertex 57.8021 64.1979 147.175
    endloop
  endfacet
  facet normal 0 0 -1
    outer loop
      vertex 65.2 53.8 147.175
      vertex 57.2506 63.8294 147.175
      vertex 57.5445 63.9865 147.175
    endloop
  endfacet
  facet normal 0 0 -1
    outer loop
      vertex 65.2 53.8 147.175
      vertex 56.9317 63.7327 147.175
      vertex 57.2506 63.8294 147.175
    endloop
  endfacet
  facet normal 0 0 -1
    outer loop
      vertex 65.2 53.8 147.175
      vertex 56.6 63.7 147.175
      vertex 56.9317 63.7327 147.175
    endloop
  endfacet
  facet normal 0 0 -1
    outer loop
      vertex 65.2 53.8 147.175
      vertex 56.2683 63.7327 147.175
      vertex 56.6 63.7 147.175
    endloop
  endfacet
  facet normal 0 0 -1
    outer loop
      vertex 48.6 63.4 147.175
      vertex 56.2683 63.7327 147.175
      vertex 65.2 53.8 147.175
    endloop
  endfacet
  facet normal -0 0 -1
    outer loop
      vertex 56.2683 63.7327 147.175
      vertex 48.6 63.4 147.175
      vertex 55.9494 63.8294 147.175
    endloop
  endfacet
  facet normal -0 0 -1
    outer loop
      vertex 55.9494 63.8294 147.175
      vertex 48.6 63.4 147.175
      vertex 55.6555 63.9865 147.175
    endloop
  endfacet
  facet normal -0 0 -1
    outer loop
      vertex 54.9327 65.0683 147.175
      vertex 48.6 63.4 147.175
      vertex 54.9 65.4 147.175
    endloop
  endfacet
  facet normal -0 0 -1
    outer loop
      vertex 55.0294 64.7494 147.175
      vertex 48.6 63.4 147.175
      vertex 54.9327 65.0683 147.175
    endloop
  endfacet
  facet normal -0 0 -1
    outer loop
      vertex 55.1865 64.4555 147.175
      vertex 48.6 63.4 147.175
      vertex 55.0294 64.7494 147.175
    endloop
  endfacet
  facet normal -0 0 -1
    outer loop
      vertex 55.3979 64.1979 147.175
      vertex 48.6 63.4 147.175
      vertex 55.1865 64.4555 147.175
    endloop
  endfacet
  facet normal -0 0 -1
    outer loop
      vertex 55.6555 63.9865 147.175
      vertex 48.6 63.4 147.175
      vertex 55.3979 64.1979 147.175
    endloop
  endfacet
  facet normal 0 0 -1
    outer loop
      vertex -68.2 53.8 147.175
      vertex 48.6 63.4 147.175
      vertex 65.2 53.8 147.175
    endloop
  endfacet
  facet normal 0 0 -1
    outer loop
      vertex 48.6 63.4 147.175
      vertex -68.2 53.8 147.175
      vertex -65.2 57.4 147.175
    endloop
  endfacet
  facet normal -0 0 -1
    outer loop
      vertex -65.2 57.4 147.175
      vertex -68.2 53.8 147.175
      vertex -68.2 57.4 147.175
    endloop
  endfacet
  facet normal -0 0 -1
    outer loop
      vertex 65.2 102 147.175
      vertex 61.8188 101.4 147.175
      vertex 61.8188 102 147.175
    endloop
  endfacet
  facet normal 0 0 -1
    outer loop
      vertex 65.2 102 147.175
      vertex 58.2673 93.7317 147.175
      vertex 61.8188 101.4 147.175
    endloop
  endfacet
  facet normal 0 0 -1
    outer loop
      vertex 58.1706 94.0506 147.175
      vertex 61.8188 101.4 147.175
      vertex 58.2673 93.7317 147.175
    endloop
  endfacet
  facet normal 0 0 -1
    outer loop
      vertex 58.0135 94.3445 147.175
      vertex 61.8188 101.4 147.175
      vertex 58.1706 94.0506 147.175
    endloop
  endfacet
  facet normal -0 0 -1
    outer loop
      vertex 61.8188 101.4 147.175
      vertex 58.0135 94.3445 147.175
      vertex 60.5812 101.4 147.175
    endloop
  endfacet
  facet normal 0 0 -1
    outer loop
      vertex 57.8021 94.6021 147.175
      vertex 60.5812 101.4 147.175
      vertex 58.0135 94.3445 147.175
    endloop
  endfacet
  facet normal 0 0 -1
    outer loop
      vertex 57.5445 94.8135 147.175
      vertex 60.5812 101.4 147.175
      vertex 57.8021 94.6021 147.175
    endloop
  endfacet
  facet normal 0 0 -1
    outer loop
      vertex 57.2506 94.9706 147.175
      vertex 60.5812 101.4 147.175
      vertex 57.5445 94.8135 147.175
    endloop
  endfacet
  facet normal 0 0 -1
    outer loop
      vertex 56.9317 95.0673 147.175
      vertex 60.5812 101.4 147.175
      vertex 57.2506 94.9706 147.175
    endloop
  endfacet
  facet normal -0 0 -1
    outer loop
      vertex 60.5812 101.4 147.175
      vertex 56.9317 95.0673 147.175
      vertex 56.4008 102 147.175
    endloop
  endfacet
  facet normal 0 0 -1
    outer loop
      vertex 56.4008 102 147.175
      vertex 56.9317 95.0673 147.175
      vertex 56.6 95.1 147.175
    endloop
  endfacet
  facet normal 0 0 -1
    outer loop
      vertex 60.5812 101.4 147.175
      vertex 56.4008 102 147.175
      vertex 60.5812 102 147.175
    endloop
  endfacet
  facet normal 0 0 -1
    outer loop
      vertex 56.2683 95.0673 147.175
      vertex 56.4008 102 147.175
      vertex 56.6 95.1 147.175
    endloop
  endfacet
  facet normal 0 0 -1
    outer loop
      vertex 55.9494 94.9706 147.175
      vertex 56.4008 102 147.175
      vertex 56.2683 95.0673 147.175
    endloop
  endfacet
  facet normal 0 0 -1
    outer loop
      vertex 55.6555 94.8135 147.175
      vertex 56.4008 102 147.175
      vertex 55.9494 94.9706 147.175
    endloop
  endfacet
  facet normal 0 0 -1
    outer loop
      vertex 48.6 95.4 147.175
      vertex 55.6555 94.8135 147.175
      vertex 55.3979 94.6021 147.175
    endloop
  endfacet
  facet normal 0 0 -1
    outer loop
      vertex 48.6 95.4 147.175
      vertex 55.3979 94.6021 147.175
      vertex 55.1865 94.3445 147.175
    endloop
  endfacet
  facet normal 0 0 -1
    outer loop
      vertex 48.6 95.4 147.175
      vertex 55.1865 94.3445 147.175
      vertex 55.0294 94.0506 147.175
    endloop
  endfacet
  facet normal 0 0 -1
    outer loop
      vertex 48.6 95.4 147.175
      vertex 55.0294 94.0506 147.175
      vertex 54.9327 93.7317 147.175
    endloop
  endfacet
  facet normal 0 0 -1
    outer loop
      vertex 54.9327 93.0683 147.175
      vertex 48.6 95.4 147.175
      vertex 54.9 93.4 147.175
    endloop
  endfacet
  facet normal 0 0 -1
    outer loop
      vertex 54.9 93.4 147.175
      vertex 48.6 95.4 147.175
      vertex 54.9327 93.7317 147.175
    endloop
  endfacet
  facet normal 0 0 -1
    outer loop
      vertex 55.6555 94.8135 147.175
      vertex 48.6 95.4 147.175
      vertex 56.4008 102 147.175
    endloop
  endfacet
  facet normal 0 0 -1
    outer loop
      vertex 48.6 95.4 147.175
      vertex 33.9992 102 147.175
      vertex 56.4008 102 147.175
    endloop
  endfacet
  facet normal 0 0 -1
    outer loop
      vertex 48.6 95.4 147.175
      vertex 29.8188 101.4 147.175
      vertex 33.9992 102 147.175
    endloop
  endfacet
  facet normal 0 0 -1
    outer loop
      vertex 48.6 95.4 147.175
      vertex 28.5812 101.4 147.175
      vertex 29.8188 101.4 147.175
    endloop
  endfacet
  facet normal 0 0 -1
    outer loop
      vertex 28.5812 101.4 147.175
      vertex 24.4008 102 147.175
      vertex 28.5812 102 147.175
    endloop
  endfacet
  facet normal 0 0 -1
    outer loop
      vertex 48.6 95.4 147.175
      vertex 24.4008 102 147.175
      vertex 28.5812 101.4 147.175
    endloop
  endfacet
  facet normal 0 0 -1
    outer loop
      vertex -65.2 95.4 147.175
      vertex 24.4008 102 147.175
      vertex 48.6 95.4 147.175
    endloop
  endfacet
  facet normal -0 0 -1
    outer loop
      vertex 24.4008 102 147.175
      vertex -65.2 95.4 147.175
      vertex -65.2 102 147.175
    endloop
  endfacet
  facet normal 0 0 -1
    outer loop
      vertex 65.2 53.8 147.175
      vertex 58.2673 65.7317 147.175
      vertex 58.6 73.4 147.175
    endloop
  endfacet
  facet normal 0 0 -1
    outer loop
      vertex 58.1706 66.0506 147.175
      vertex 58.6 73.4 147.175
      vertex 58.2673 65.7317 147.175
    endloop
  endfacet
  facet normal 0 0 -1
    outer loop
      vertex 58.0135 66.3445 147.175
      vertex 58.6 73.4 147.175
      vertex 58.1706 66.0506 147.175
    endloop
  endfacet
  facet normal 0 0 -1
    outer loop
      vertex 57.8021 66.6021 147.175
      vertex 58.6 73.4 147.175
      vertex 58.0135 66.3445 147.175
    endloop
  endfacet
  facet normal 0 0 -1
    outer loop
      vertex 57.5445 66.8135 147.175
      vertex 58.6 73.4 147.175
      vertex 57.8021 66.6021 147.175
    endloop
  endfacet
  facet normal 0 0 -1
    outer loop
      vertex 57.2506 66.9706 147.175
      vertex 58.6 73.4 147.175
      vertex 57.5445 66.8135 147.175
    endloop
  endfacet
  facet normal 0 0 -1
    outer loop
      vertex 56.9317 67.0673 147.175
      vertex 58.6 73.4 147.175
      vertex 57.2506 66.9706 147.175
    endloop
  endfacet
  facet normal 0 0 -1
    outer loop
      vertex 56.6 67.1 147.175
      vertex 58.6 73.4 147.175
      vertex 56.9317 67.0673 147.175
    endloop
  endfacet
  facet normal 0 0 -1
    outer loop
      vertex 56.2683 67.0673 147.175
      vertex 58.6 73.4 147.175
      vertex 56.6 67.1 147.175
    endloop
  endfacet
  facet normal 0 0 -1
    outer loop
      vertex 55.9494 66.9706 147.175
      vertex 58.6 73.4 147.175
      vertex 56.2683 67.0673 147.175
    endloop
  endfacet
  facet normal 0 0 -1
    outer loop
      vertex 48.6 73.4 147.175
      vertex 55.9494 66.9706 147.175
      vertex 55.6555 66.8135 147.175
    endloop
  endfacet
  facet normal 0 0 -1
    outer loop
      vertex 48.6 73.4 147.175
      vertex 55.6555 66.8135 147.175
      vertex 55.3979 66.6021 147.175
    endloop
  endfacet
  facet normal 0 0 -1
    outer loop
      vertex 48.6 73.4 147.175
      vertex 55.3979 66.6021 147.175
      vertex 55.1865 66.3445 147.175
    endloop
  endfacet
  facet normal 0 0 -1
    outer loop
      vertex 48.6 73.4 147.175
      vertex 55.1865 66.3445 147.175
      vertex 55.0294 66.0506 147.175
    endloop
  endfacet
  facet normal 0 0 -1
    outer loop
      vertex 48.6 63.4 147.175
      vertex 54.9327 65.7317 147.175
      vertex 54.9 65.4 147.175
    endloop
  endfacet
  facet normal 0 0 -1
    outer loop
      vertex 48.6 63.4 147.175
      vertex 55.0294 66.0506 147.175
      vertex 54.9327 65.7317 147.175
    endloop
  endfacet
  facet normal 0 0 -1
    outer loop
      vertex 48.6 73.4 147.175
      vertex 55.0294 66.0506 147.175
      vertex 48.6 63.4 147.175
    endloop
  endfacet
  facet normal 0 0 -1
    outer loop
      vertex 55.9494 66.9706 147.175
      vertex 48.6 73.4 147.175
      vertex 58.6 73.4 147.175
    endloop
  endfacet
  facet normal 0 -1 0
    outer loop
      vertex -68.2 53.8 147.175
      vertex 65.2 53.8 147.933
      vertex -68.2 53.8 147.933
    endloop
  endfacet
  facet normal 0 -1 -0
    outer loop
      vertex 65.2 53.8 147.933
      vertex -68.2 53.8 147.175
      vertex 65.2 53.8 147.175
    endloop
  endfacet
  facet normal -1 0 0
    outer loop
      vertex -68.225 -20 82
      vertex -68.225 -13.3751 85
      vertex -68.225 -13.3751 82
    endloop
  endfacet
  facet normal -1 -0 0
    outer loop
      vertex -68.225 -13.3751 85
      vertex -68.225 -20 82
      vertex -68.225 -20 85
    endloop
  endfacet
  facet normal 1 -0 0
    outer loop
      vertex 68.225 -20 85
      vertex 68.225 -13.3751 82
      vertex 68.225 -13.3751 85
    endloop
  endfacet
  facet normal 1 0 0
    outer loop
      vertex 68.225 -13.3751 82
      vertex 68.225 -20 85
      vertex 68.225 -20 82
    endloop
  endfacet
  facet normal 0 1 -0
    outer loop
      vertex 68.225 -13.3751 82
      vertex 68.2 -13.3751 85
      vertex 68.225 -13.3751 85
    endloop
  endfacet
  facet normal 0 1 0
    outer loop
      vertex 68.2 -13.3751 85
      vertex 68.225 -13.3751 82
      vertex 68.2 -13.3751 82
    endloop
  endfacet
  facet normal 0 1 -0
    outer loop
      vertex -68.2 -13.3751 82
      vertex -68.225 -13.3751 85
      vertex -68.2 -13.3751 85
    endloop
  endfacet
  facet normal 0 1 0
    outer loop
      vertex -68.225 -13.3751 85
      vertex -68.2 -13.3751 82
      vertex -68.225 -13.3751 82
    endloop
  endfacet
  facet normal 0 1 -0
    outer loop
      vertex 65.2 -13.3751 82
      vertex -65.2 -13.3751 85
      vertex 65.2 -13.3751 85
    endloop
  endfacet
  facet normal 0 1 0
    outer loop
      vertex -65.2 -13.3751 85
      vertex 65.2 -13.3751 82
      vertex -65.2 -13.3751 82
    endloop
  endfacet
  facet normal 0 0 -1
    outer loop
      vertex -68.225 -20 82
      vertex -68.2 -13.3751 82
      vertex -68.2 -20 82
    endloop
  endfacet
  facet normal -0 0 -1
    outer loop
      vertex -68.2 -13.3751 82
      vertex -68.225 -20 82
      vertex -68.225 -13.3751 82
    endloop
  endfacet
  facet normal 0 0 -1
    outer loop
      vertex 68.2 -20 82
      vertex 68.225 -13.3751 82
      vertex 68.225 -20 82
    endloop
  endfacet
  facet normal -0 0 -1
    outer loop
      vertex 68.225 -13.3751 82
      vertex 68.2 -20 82
      vertex 68.2 -13.3751 82
    endloop
  endfacet
  facet normal 0 0 -1
    outer loop
      vertex -65.2 -17 82
      vertex 65.2 -13.3751 82
      vertex 65.2 -17 82
    endloop
  endfacet
  facet normal -0 0 -1
    outer loop
      vertex 65.2 -13.3751 82
      vertex -65.2 -17 82
      vertex -65.2 -13.3751 82
    endloop
  endfacet
  facet normal 0 -1 0
    outer loop
      vertex 68.2 -20 82
      vertex 68.225 -20 85
      vertex 68.2 -20 85
    endloop
  endfacet
  facet normal 0 -1 -0
    outer loop
      vertex 68.225 -20 85
      vertex 68.2 -20 82
      vertex 68.225 -20 82
    endloop
  endfacet
  facet normal 0 -1 0
    outer loop
      vertex -68.225 -20 82
      vertex -68.2 -20 85
      vertex -68.225 -20 85
    endloop
  endfacet
  facet normal 0 -1 -0
    outer loop
      vertex -68.2 -20 85
      vertex -68.225 -20 82
      vertex -68.2 -20 82
    endloop
  endfacet
  facet normal 0 -1 0
    outer loop
      vertex -65.2 -20 83
      vertex 65.2 -20 85
      vertex -65.2 -20 85
    endloop
  endfacet
  facet normal 0 -1 -0
    outer loop
      vertex 65.2 -20 85
      vertex -65.2 -20 83
      vertex 65.2 -20 83
    endloop
  endfacet
  facet normal 0.997859 -0 0.0653973
    outer loop
      vertex 34.3555 105 113.854
      vertex 34.4 107 113.175
      vertex 34.3555 107 113.854
    endloop
  endfacet
  facet normal 0.997859 0 0.0653973
    outer loop
      vertex 34.4 107 113.175
      vertex 34.3555 105 113.854
      vertex 34.4 105 113.175
    endloop
  endfacet
  facet normal 0.980778 -0 0.195126
    outer loop
      vertex 34.2228 105 114.521
      vertex 34.3555 107 113.854
      vertex 34.2228 107 114.521
    endloop
  endfacet
  facet normal 0.980778 0 0.195126
    outer loop
      vertex 34.3555 107 113.854
      vertex 34.2228 105 114.521
      vertex 34.3555 105 113.854
    endloop
  endfacet
  facet normal -0.064694 6.07759e-19 0.997905
    outer loop
      vertex 28.5213 107 118.331
      vertex 29.2 105 118.375
      vertex 29.2 107 118.375
    endloop
  endfacet
  facet normal -0.064694 6.07759e-19 0.997905
    outer loop
      vertex 29.2 105 118.375
      vertex 28.5213 107 118.331
      vertex 28.5213 105 118.331
    endloop
  endfacet
  facet normal 0.659773 3.06683e-18 0.751465
    outer loop
      vertex 32.3656 107 117.301
      vertex 32.877 105 116.852
      vertex 32.877 107 116.852
    endloop
  endfacet
  facet normal 0.659773 3.06683e-18 0.751465
    outer loop
      vertex 32.877 105 116.852
      vertex 32.3656 107 117.301
      vertex 32.3656 105 117.301
    endloop
  endfacet
  facet normal -0.442503 -9.70284e-18 0.896767
    outer loop
      vertex 26.6 107 117.678
      vertex 27.21 105 117.979
      vertex 27.21 107 117.979
    endloop
  endfacet
  facet normal -0.442503 -9.70284e-18 0.896767
    outer loop
      vertex 27.21 105 117.979
      vertex 26.6 107 117.678
      vertex 26.6 105 117.678
    endloop
  endfacet
  facet normal 0.831212 0 -0.555956
    outer loop
      vertex 33.7033 105 110.575
      vertex 33.3254 107 110.01
      vertex 33.7033 107 110.575
    endloop
  endfacet
  facet normal 0.831212 0 -0.555956
    outer loop
      vertex 33.3254 107 110.01
      vertex 33.7033 105 110.575
      vertex 33.3254 105 110.01
    endloop
  endfacet
  facet normal 0.896825 -0 0.442385
    outer loop
      vertex 33.7033 105 115.775
      vertex 34.0042 107 115.165
      vertex 33.7033 107 115.775
    endloop
  endfacet
  facet normal 0.896825 0 0.442385
    outer loop
      vertex 34.0042 107 115.165
      vertex 33.7033 105 115.775
      vertex 34.0042 105 115.165
    endloop
  endfacet
  facet normal 0.321911 -1.01996e-17 0.94677
    outer loop
      vertex 30.5459 107 118.198
      vertex 31.19 105 117.979
      vertex 31.19 107 117.979
    endloop
  endfacet
  facet normal 0.321911 -1.01996e-17 0.94677
    outer loop
      vertex 31.19 105 117.979
      vertex 30.5459 107 118.198
      vertex 30.5459 105 118.198
    endloop
  endfacet
  facet normal 0.442503 9.70284e-18 0.896767
    outer loop
      vertex 31.19 107 117.979
      vertex 31.8 105 117.678
      vertex 31.8 107 117.678
    endloop
  endfacet
  facet normal 0.442503 9.70284e-18 0.896767
    outer loop
      vertex 31.8 105 117.678
      vertex 31.19 107 117.979
      vertex 31.19 105 117.979
    endloop
  endfacet
  facet normal -0.831666 0 0.555277
    outer loop
      vertex 24.6967 105 115.775
      vertex 25.0746 107 116.341
      vertex 24.6967 107 115.775
    endloop
  endfacet
  facet normal -0.831666 0 0.555277
    outer loop
      vertex 25.0746 107 116.341
      vertex 24.6967 105 115.775
      vertex 25.0746 105 116.341
    endloop
  endfacet
  facet normal -0.321911 -9.54217e-18 0.94677
    outer loop
      vertex 27.21 107 117.979
      vertex 27.8541 105 118.198
      vertex 27.8541 107 118.198
    endloop
  endfacet
  facet normal -0.321911 -9.54217e-18 0.94677
    outer loop
      vertex 27.8541 105 118.198
      vertex 27.21 107 117.979
      vertex 27.21 105 117.979
    endloop
  endfacet
  facet normal 0.896825 0 -0.442385
    outer loop
      vertex 34.0042 105 111.185
      vertex 33.7033 107 110.575
      vertex 34.0042 107 111.185
    endloop
  endfacet
  facet normal 0.896825 0 -0.442385
    outer loop
      vertex 33.7033 107 110.575
      vertex 34.0042 105 111.185
      vertex 33.7033 105 110.575
    endloop
  endfacet
  facet normal -0.831212 0 -0.555956
    outer loop
      vertex 25.0746 105 110.01
      vertex 24.6967 107 110.575
      vertex 25.0746 107 110.01
    endloop
  endfacet
  facet normal -0.831212 -0 -0.555956
    outer loop
      vertex 24.6967 107 110.575
      vertex 25.0746 105 110.01
      vertex 24.6967 105 110.575
    endloop
  endfacet
  facet normal 0.19408 3.15334e-18 -0.980986
    outer loop
      vertex 29.8787 105 108.02
      vertex 30.5459 107 108.152
      vertex 30.5459 105 108.152
    endloop
  endfacet
  facet normal 0.19408 3.15334e-18 -0.980986
    outer loop
      vertex 30.5459 107 108.152
      vertex 29.8787 105 108.02
      vertex 29.8787 107 108.02
    endloop
  endfacet
  facet normal 0.946934 -0 0.321428
    outer loop
      vertex 34.0042 105 115.165
      vertex 34.2228 107 114.521
      vertex 34.0042 107 115.165
    endloop
  endfacet
  facet normal 0.946934 0 0.321428
    outer loop
      vertex 34.2228 107 114.521
      vertex 34.0042 105 115.165
      vertex 34.2228 105 114.521
    endloop
  endfacet
  facet normal 0.751647 -0 0.659566
    outer loop
      vertex 32.877 105 116.852
      vertex 33.3254 107 116.341
      vertex 32.877 107 116.852
    endloop
  endfacet
  facet normal 0.751647 0 0.659566
    outer loop
      vertex 33.3254 107 116.341
      vertex 32.877 105 116.852
      vertex 33.3254 105 116.341
    endloop
  endfacet
  facet normal 0.831666 -0 0.555277
    outer loop
      vertex 33.3254 105 116.341
      vertex 33.7033 107 115.775
      vertex 33.3254 107 116.341
    endloop
  endfacet
  facet normal 0.831666 0 0.555277
    outer loop
      vertex 33.7033 107 115.775
      vertex 33.3254 105 116.341
      vertex 33.7033 105 115.775
    endloop
  endfacet
  facet normal 0.195494 -1.52393e-18 0.980705
    outer loop
      vertex 29.8787 107 118.331
      vertex 30.5459 105 118.198
      vertex 30.5459 107 118.198
    endloop
  endfacet
  facet normal 0.195494 -1.52393e-18 0.980705
    outer loop
      vertex 30.5459 105 118.198
      vertex 29.8787 107 118.331
      vertex 29.8787 105 118.331
    endloop
  endfacet
  facet normal 0.064694 -6.07759e-19 0.997905
    outer loop
      vertex 29.2 107 118.375
      vertex 29.8787 105 118.331
      vertex 29.8787 107 118.331
    endloop
  endfacet
  facet normal 0.064694 -6.07759e-19 0.997905
    outer loop
      vertex 29.8787 105 118.331
      vertex 29.2 107 118.375
      vertex 29.2 105 118.375
    endloop
  endfacet
  facet normal 0.554632 9.66999e-19 0.832096
    outer loop
      vertex 31.8 107 117.678
      vertex 32.3656 105 117.301
      vertex 32.3656 107 117.301
    endloop
  endfacet
  facet normal 0.554632 9.66999e-19 0.832096
    outer loop
      vertex 32.3656 105 117.301
      vertex 31.8 107 117.678
      vertex 31.8 105 117.678
    endloop
  endfacet
  facet normal -0.980778 0 0.195126
    outer loop
      vertex 24.0445 105 113.854
      vertex 24.1772 107 114.521
      vertex 24.0445 107 113.854
    endloop
  endfacet
  facet normal -0.980778 0 0.195126
    outer loop
      vertex 24.1772 107 114.521
      vertex 24.0445 105 113.854
      vertex 24.1772 105 114.521
    endloop
  endfacet
  facet normal 0 1 0
    outer loop
      vertex 29.2 107 115.275
      vertex 29.2 107 118.375
      vertex 29.8787 107 118.331
    endloop
  endfacet
  facet normal 0 1 0
    outer loop
      vertex 29.5647 107 115.243
      vertex 29.8787 107 118.331
      vertex 30.5459 107 118.198
    endloop
  endfacet
  facet normal 0 1 0
    outer loop
      vertex 29.2 107 118.375
      vertex 29.2 107 115.275
      vertex 28.5213 107 118.331
    endloop
  endfacet
  facet normal 0 1 0
    outer loop
      vertex 29.9182 107 115.148
      vertex 30.5459 107 118.198
      vertex 31.19 107 117.979
    endloop
  endfacet
  facet normal 0 1 -0
    outer loop
      vertex 28.8353 107 115.243
      vertex 28.5213 107 118.331
      vertex 29.2 107 115.275
    endloop
  endfacet
  facet normal 0 1 0
    outer loop
      vertex 30.25 107 114.994
      vertex 31.19 107 117.979
      vertex 31.8 107 117.678
    endloop
  endfacet
  facet normal 0 1 0
    outer loop
      vertex 28.5213 107 118.331
      vertex 28.8353 107 115.243
      vertex 27.8541 107 118.198
    endloop
  endfacet
  facet normal 0 1 0
    outer loop
      vertex 30.25 107 114.994
      vertex 31.8 107 117.678
      vertex 32.3656 107 117.301
    endloop
  endfacet
  facet normal 0 1 -0
    outer loop
      vertex 28.4818 107 115.148
      vertex 27.8541 107 118.198
      vertex 28.8353 107 115.243
    endloop
  endfacet
  facet normal 0 1 0
    outer loop
      vertex 30.5499 107 114.784
      vertex 32.3656 107 117.301
      vertex 32.877 107 116.852
    endloop
  endfacet
  facet normal 0 1 0
    outer loop
      vertex 27.8541 107 118.198
      vertex 28.4818 107 115.148
      vertex 27.21 107 117.979
    endloop
  endfacet
  facet normal 0 1 0
    outer loop
      vertex 30.8087 107 114.525
      vertex 32.877 107 116.852
      vertex 33.3254 107 116.341
    endloop
  endfacet
  facet normal 0 1 -0
    outer loop
      vertex 28.15 107 114.994
      vertex 27.21 107 117.979
      vertex 28.4818 107 115.148
    endloop
  endfacet
  facet normal 0 1 0
    outer loop
      vertex 31.0187 107 114.225
      vertex 33.3254 107 116.341
      vertex 33.7033 107 115.775
    endloop
  endfacet
  facet normal 0 1 0
    outer loop
      vertex 27.21 107 117.979
      vertex 28.15 107 114.994
      vertex 26.6 107 117.678
    endloop
  endfacet
  facet normal 0 1 0
    outer loop
      vertex 26.6 107 117.678
      vertex 28.15 107 114.994
      vertex 26.0344 107 117.301
    endloop
  endfacet
  facet normal 0 1 0
    outer loop
      vertex 29.8787 107 118.331
      vertex 29.5647 107 115.243
      vertex 29.2 107 115.275
    endloop
  endfacet
  facet normal 0 1 0
    outer loop
      vertex 31.0187 107 114.225
      vertex 33.7033 107 115.775
      vertex 34.0042 107 115.165
    endloop
  endfacet
  facet normal 0 1 0
    outer loop
      vertex 30.5459 107 118.198
      vertex 29.9182 107 115.148
      vertex 29.5647 107 115.243
    endloop
  endfacet
  facet normal 0 1 0
    outer loop
      vertex 31.19 107 117.979
      vertex 30.25 107 114.994
      vertex 29.9182 107 115.148
    endloop
  endfacet
  facet normal 0 1 0
    outer loop
      vertex 32.3656 107 117.301
      vertex 30.5499 107 114.784
      vertex 30.25 107 114.994
    endloop
  endfacet
  facet normal 0 1 0
    outer loop
      vertex 32.877 107 116.852
      vertex 30.8087 107 114.525
      vertex 30.5499 107 114.784
    endloop
  endfacet
  facet normal 0 1 0
    outer loop
      vertex 31.1734 107 113.893
      vertex 34.0042 107 115.165
      vertex 34.2228 107 114.521
    endloop
  endfacet
  facet normal 0 1 0
    outer loop
      vertex 33.3254 107 116.341
      vertex 31.0187 107 114.225
      vertex 30.8087 107 114.525
    endloop
  endfacet
  facet normal 0 1 0
    outer loop
      vertex 34.0042 107 115.165
      vertex 31.1734 107 113.893
      vertex 31.0187 107 114.225
    endloop
  endfacet
  facet normal 0 1 0
    outer loop
      vertex 31.2681 107 113.54
      vertex 34.2228 107 114.521
      vertex 34.3555 107 113.854
    endloop
  endfacet
  facet normal 0 1 0
    outer loop
      vertex 34.2228 107 114.521
      vertex 31.2681 107 113.54
      vertex 31.1734 107 113.893
    endloop
  endfacet
  facet normal 0 1 0
    outer loop
      vertex 31.3 107 113.175
      vertex 34.3555 107 113.854
      vertex 34.4 107 113.175
    endloop
  endfacet
  facet normal 0 1 0
    outer loop
      vertex 34.3555 107 113.854
      vertex 31.3 107 113.175
      vertex 31.2681 107 113.54
    endloop
  endfacet
  facet normal 0 1 -0
    outer loop
      vertex 34.3555 107 112.496
      vertex 31.3 107 113.175
      vertex 34.4 107 113.175
    endloop
  endfacet
  facet normal 0 1 0
    outer loop
      vertex 31.3 107 113.175
      vertex 34.3555 107 112.496
      vertex 31.2681 107 112.81
    endloop
  endfacet
  facet normal 0 1 -0
    outer loop
      vertex 34.2228 107 111.829
      vertex 31.2681 107 112.81
      vertex 34.3555 107 112.496
    endloop
  endfacet
  facet normal 0 1 0
    outer loop
      vertex 31.2681 107 112.81
      vertex 34.2228 107 111.829
      vertex 31.1734 107 112.457
    endloop
  endfacet
  facet normal 0 1 -0
    outer loop
      vertex 34.0042 107 111.185
      vertex 31.1734 107 112.457
      vertex 34.2228 107 111.829
    endloop
  endfacet
  facet normal 0 1 0
    outer loop
      vertex 31.1734 107 112.457
      vertex 34.0042 107 111.185
      vertex 31.0187 107 112.125
    endloop
  endfacet
  facet normal 0 1 -0
    outer loop
      vertex 33.7033 107 110.575
      vertex 31.0187 107 112.125
      vertex 34.0042 107 111.185
    endloop
  endfacet
  facet normal 0 1 -0
    outer loop
      vertex 33.3254 107 110.01
      vertex 31.0187 107 112.125
      vertex 33.7033 107 110.575
    endloop
  endfacet
  facet normal 0 1 0
    outer loop
      vertex 31.0187 107 112.125
      vertex 33.3254 107 110.01
      vertex 30.8087 107 111.825
    endloop
  endfacet
  facet normal 0 1 -0
    outer loop
      vertex 32.877 107 109.498
      vertex 30.8087 107 111.825
      vertex 33.3254 107 110.01
    endloop
  endfacet
  facet normal 0 1 0
    outer loop
      vertex 30.8087 107 111.825
      vertex 32.877 107 109.498
      vertex 30.5499 107 111.566
    endloop
  endfacet
  facet normal 0 1 -0
    outer loop
      vertex 32.3656 107 109.05
      vertex 30.5499 107 111.566
      vertex 32.877 107 109.498
    endloop
  endfacet
  facet normal 0 1 0
    outer loop
      vertex 30.5499 107 111.566
      vertex 32.3656 107 109.05
      vertex 30.25 107 111.356
    endloop
  endfacet
  facet normal 0 1 -0
    outer loop
      vertex 27.8501 107 114.784
      vertex 26.0344 107 117.301
      vertex 28.15 107 114.994
    endloop
  endfacet
  facet normal 0 1 0
    outer loop
      vertex 26.0344 107 117.301
      vertex 27.8501 107 114.784
      vertex 25.523 107 116.852
    endloop
  endfacet
  facet normal 0 1 -0
    outer loop
      vertex 27.5913 107 114.525
      vertex 25.523 107 116.852
      vertex 27.8501 107 114.784
    endloop
  endfacet
  facet normal 0 1 0
    outer loop
      vertex 25.523 107 116.852
      vertex 27.5913 107 114.525
      vertex 25.0746 107 116.341
    endloop
  endfacet
  facet normal 0 1 -0
    outer loop
      vertex 27.3813 107 114.225
      vertex 25.0746 107 116.341
      vertex 27.5913 107 114.525
    endloop
  endfacet
  facet normal 0 1 0
    outer loop
      vertex 25.0746 107 116.341
      vertex 27.3813 107 114.225
      vertex 24.6967 107 115.775
    endloop
  endfacet
  facet normal 0 1 0
    outer loop
      vertex 24.6967 107 115.775
      vertex 27.3813 107 114.225
      vertex 24.3958 107 115.165
    endloop
  endfacet
  facet normal 0 1 -0
    outer loop
      vertex 27.2266 107 113.893
      vertex 24.3958 107 115.165
      vertex 27.3813 107 114.225
    endloop
  endfacet
  facet normal 0 1 0
    outer loop
      vertex 24.3958 107 115.165
      vertex 27.2266 107 113.893
      vertex 24.1772 107 114.521
    endloop
  endfacet
  facet normal 0 1 -0
    outer loop
      vertex 27.1319 107 113.54
      vertex 24.1772 107 114.521
      vertex 27.2266 107 113.893
    endloop
  endfacet
  facet normal 0 1 0
    outer loop
      vertex 24.1772 107 114.521
      vertex 27.1319 107 113.54
      vertex 24.0445 107 113.854
    endloop
  endfacet
  facet normal 0 1 -0
    outer loop
      vertex 27.1 107 113.175
      vertex 24.0445 107 113.854
      vertex 27.1319 107 113.54
    endloop
  endfacet
  facet normal 0 1 0
    outer loop
      vertex 27.1 107 113.175
      vertex 24 107 113.175
      vertex 24.0445 107 113.854
    endloop
  endfacet
  facet normal 0 1 0
    outer loop
      vertex 24.0445 107 112.496
      vertex 27.1 107 113.175
      vertex 27.1319 107 112.81
    endloop
  endfacet
  facet normal 0 1 0
    outer loop
      vertex 27.1 107 113.175
      vertex 24.0445 107 112.496
      vertex 24 107 113.175
    endloop
  endfacet
  facet normal 0 1 0
    outer loop
      vertex 24.1772 107 111.829
      vertex 27.1319 107 112.81
      vertex 27.2266 107 112.457
    endloop
  endfacet
  facet normal 0 1 0
    outer loop
      vertex 24.3958 107 111.185
      vertex 27.2266 107 112.457
      vertex 27.3813 107 112.125
    endloop
  endfacet
  facet normal 0 1 0
    outer loop
      vertex 27.1319 107 112.81
      vertex 24.1772 107 111.829
      vertex 24.0445 107 112.496
    endloop
  endfacet
  facet normal 0 1 0
    outer loop
      vertex 25.0746 107 110.01
      vertex 27.3813 107 112.125
      vertex 27.5913 107 111.825
    endloop
  endfacet
  facet normal 0 1 0
    outer loop
      vertex 25.523 107 109.498
      vertex 27.5913 107 111.825
      vertex 27.8501 107 111.566
    endloop
  endfacet
  facet normal 0 1 0
    outer loop
      vertex 26.0344 107 109.05
      vertex 27.8501 107 111.566
      vertex 28.15 107 111.356
    endloop
  endfacet
  facet normal 0 1 0
    outer loop
      vertex 27.21 107 108.371
      vertex 28.15 107 111.356
      vertex 28.4818 107 111.202
    endloop
  endfacet
  facet normal 0 1 0
    outer loop
      vertex 27.2266 107 112.457
      vertex 24.3958 107 111.185
      vertex 24.1772 107 111.829
    endloop
  endfacet
  facet normal 0 1 0
    outer loop
      vertex 27.8541 107 108.152
      vertex 28.4818 107 111.202
      vertex 28.8353 107 111.107
    endloop
  endfacet
  facet normal 0 1 0
    outer loop
      vertex 28.5213 107 108.02
      vertex 28.8353 107 111.107
      vertex 29.2 107 111.075
    endloop
  endfacet
  facet normal 0 1 -0
    outer loop
      vertex 31.8 107 108.672
      vertex 30.25 107 111.356
      vertex 32.3656 107 109.05
    endloop
  endfacet
  facet normal 0 1 0
    outer loop
      vertex 27.3813 107 112.125
      vertex 24.6967 107 110.575
      vertex 24.3958 107 111.185
    endloop
  endfacet
  facet normal 0 1 -0
    outer loop
      vertex 31.19 107 108.371
      vertex 30.25 107 111.356
      vertex 31.8 107 108.672
    endloop
  endfacet
  facet normal 0 1 0
    outer loop
      vertex 27.3813 107 112.125
      vertex 25.0746 107 110.01
      vertex 24.6967 107 110.575
    endloop
  endfacet
  facet normal 0 1 0
    outer loop
      vertex 30.25 107 111.356
      vertex 31.19 107 108.371
      vertex 29.9182 107 111.202
    endloop
  endfacet
  facet normal 0 1 0
    outer loop
      vertex 27.5913 107 111.825
      vertex 25.523 107 109.498
      vertex 25.0746 107 110.01
    endloop
  endfacet
  facet normal 0 1 -0
    outer loop
      vertex 30.5459 107 108.152
      vertex 29.9182 107 111.202
      vertex 31.19 107 108.371
    endloop
  endfacet
  facet normal 0 1 0
    outer loop
      vertex 27.8501 107 111.566
      vertex 26.0344 107 109.05
      vertex 25.523 107 109.498
    endloop
  endfacet
  facet normal 0 1 0
    outer loop
      vertex 29.9182 107 111.202
      vertex 30.5459 107 108.152
      vertex 29.5647 107 111.107
    endloop
  endfacet
  facet normal 0 1 0
    outer loop
      vertex 28.15 107 111.356
      vertex 26.6 107 108.672
      vertex 26.0344 107 109.05
    endloop
  endfacet
  facet normal 0 1 -0
    outer loop
      vertex 29.8787 107 108.02
      vertex 29.5647 107 111.107
      vertex 30.5459 107 108.152
    endloop
  endfacet
  facet normal 0 1 0
    outer loop
      vertex 28.15 107 111.356
      vertex 27.21 107 108.371
      vertex 26.6 107 108.672
    endloop
  endfacet
  facet normal 0 1 0
    outer loop
      vertex 29.5647 107 111.107
      vertex 29.8787 107 108.02
      vertex 29.2 107 111.075
    endloop
  endfacet
  facet normal 0 1 0
    outer loop
      vertex 28.4818 107 111.202
      vertex 27.8541 107 108.152
      vertex 27.21 107 108.371
    endloop
  endfacet
  facet normal 0 1 0
    outer loop
      vertex 29.2 107 107.975
      vertex 29.2 107 111.075
      vertex 29.8787 107 108.02
    endloop
  endfacet
  facet normal 0 1 0
    outer loop
      vertex 28.8353 107 111.107
      vertex 28.5213 107 108.02
      vertex 27.8541 107 108.152
    endloop
  endfacet
  facet normal 0 1 0
    outer loop
      vertex 29.2 107 111.075
      vertex 29.2 107 107.975
      vertex 28.5213 107 108.02
    endloop
  endfacet
  facet normal -0.554632 -9.66999e-19 0.832096
    outer loop
      vertex 26.0344 107 117.301
      vertex 26.6 105 117.678
      vertex 26.6 107 117.678
    endloop
  endfacet
  facet normal -0.554632 -9.66999e-19 0.832096
    outer loop
      vertex 26.6 105 117.678
      vertex 26.0344 107 117.301
      vertex 26.0344 105 117.301
    endloop
  endfacet
  facet normal -0.659773 -3.06683e-18 0.751465
    outer loop
      vertex 25.523 107 116.852
      vertex 26.0344 105 117.301
      vertex 26.0344 107 117.301
    endloop
  endfacet
  facet normal -0.659773 -3.06683e-18 0.751465
    outer loop
      vertex 26.0344 105 117.301
      vertex 25.523 107 116.852
      vertex 25.523 105 116.852
    endloop
  endfacet
  facet normal -0.751647 0 0.659566
    outer loop
      vertex 25.0746 105 116.341
      vertex 25.523 107 116.852
      vertex 25.0746 107 116.341
    endloop
  endfacet
  facet normal -0.751647 0 0.659566
    outer loop
      vertex 25.523 107 116.852
      vertex 25.0746 105 116.341
      vertex 25.523 105 116.852
    endloop
  endfacet
  facet normal -0.195494 1.52393e-18 0.980705
    outer loop
      vertex 27.8541 107 118.198
      vertex 28.5213 105 118.331
      vertex 28.5213 107 118.331
    endloop
  endfacet
  facet normal -0.195494 1.52393e-18 0.980705
    outer loop
      vertex 28.5213 105 118.331
      vertex 27.8541 107 118.198
      vertex 27.8541 105 118.198
    endloop
  endfacet
  facet normal 0.55565 -7.44081e-18 -0.831417
    outer loop
      vertex 31.8 105 108.672
      vertex 32.3656 107 109.05
      vertex 32.3656 105 109.05
    endloop
  endfacet
  facet normal 0.55565 -7.44081e-18 -0.831417
    outer loop
      vertex 32.3656 107 109.05
      vertex 31.8 105 108.672
      vertex 31.8 107 108.672
    endloop
  endfacet
  facet normal -0.658942 -4.6944e-18 -0.752194
    outer loop
      vertex 25.523 105 109.498
      vertex 26.0344 107 109.05
      vertex 26.0344 105 109.05
    endloop
  endfacet
  facet normal -0.658942 -4.6944e-18 -0.752194
    outer loop
      vertex 26.0344 107 109.05
      vertex 25.523 105 109.498
      vertex 25.523 107 109.498
    endloop
  endfacet
  facet normal -0.980778 0 -0.195126
    outer loop
      vertex 24.1772 105 111.829
      vertex 24.0445 107 112.496
      vertex 24.1772 107 111.829
    endloop
  endfacet
  facet normal -0.980778 -0 -0.195126
    outer loop
      vertex 24.0445 107 112.496
      vertex 24.1772 105 111.829
      vertex 24.0445 105 112.496
    endloop
  endfacet
  facet normal 0.066158 -9.04079e-19 -0.997809
    outer loop
      vertex 29.2 105 107.975
      vertex 29.8787 107 108.02
      vertex 29.8787 105 108.02
    endloop
  endfacet
  facet normal 0.066158 -9.04079e-19 -0.997809
    outer loop
      vertex 29.8787 107 108.02
      vertex 29.2 105 107.975
      vertex 29.2 107 107.975
    endloop
  endfacet
  facet normal -0.896825 0 0.442385
    outer loop
      vertex 24.3958 105 115.165
      vertex 24.6967 107 115.775
      vertex 24.3958 107 115.165
    endloop
  endfacet
  facet normal -0.896825 0 0.442385
    outer loop
      vertex 24.6967 107 115.775
      vertex 24.3958 105 115.165
      vertex 24.6967 105 115.775
    endloop
  endfacet
  facet normal -0.946934 0 0.321428
    outer loop
      vertex 24.1772 105 114.521
      vertex 24.3958 107 115.165
      vertex 24.1772 107 114.521
    endloop
  endfacet
  facet normal -0.946934 0 0.321428
    outer loop
      vertex 24.3958 107 115.165
      vertex 24.1772 105 114.521
      vertex 24.3958 105 115.165
    endloop
  endfacet
  facet normal -0.997859 0 0.0653973
    outer loop
      vertex 24 105 113.175
      vertex 24.0445 107 113.854
      vertex 24 107 113.175
    endloop
  endfacet
  facet normal -0.997859 0 0.0653973
    outer loop
      vertex 24.0445 107 113.854
      vertex 24 105 113.175
      vertex 24.0445 105 113.854
    endloop
  endfacet
  facet normal -0.997859 0 -0.0653973
    outer loop
      vertex 24.0445 105 112.496
      vertex 24 107 113.175
      vertex 24.0445 107 112.496
    endloop
  endfacet
  facet normal -0.997859 -0 -0.0653973
    outer loop
      vertex 24 107 113.175
      vertex 24.0445 105 112.496
      vertex 24 105 113.175
    endloop
  endfacet
  facet normal 0.752285 0 -0.658837
    outer loop
      vertex 33.3254 105 110.01
      vertex 32.877 107 109.498
      vertex 33.3254 107 110.01
    endloop
  endfacet
  facet normal 0.752285 0 -0.658837
    outer loop
      vertex 32.877 107 109.498
      vertex 33.3254 105 110.01
      vertex 32.877 105 109.498
    endloop
  endfacet
  facet normal 0.658942 4.6944e-18 -0.752194
    outer loop
      vertex 32.3656 105 109.05
      vertex 32.877 107 109.498
      vertex 32.877 105 109.498
    endloop
  endfacet
  facet normal 0.658942 4.6944e-18 -0.752194
    outer loop
      vertex 32.877 107 109.498
      vertex 32.3656 105 109.05
      vertex 32.3656 107 109.05
    endloop
  endfacet
  facet normal 0.980778 0 -0.195126
    outer loop
      vertex 34.3555 105 112.496
      vertex 34.2228 107 111.829
      vertex 34.3555 107 112.496
    endloop
  endfacet
  facet normal 0.980778 0 -0.195126
    outer loop
      vertex 34.2228 107 111.829
      vertex 34.3555 105 112.496
      vertex 34.2228 105 111.829
    endloop
  endfacet
  facet normal 0.997859 0 -0.0653973
    outer loop
      vertex 34.4 105 113.175
      vertex 34.3555 107 112.496
      vertex 34.4 107 113.175
    endloop
  endfacet
  facet normal 0.997859 0 -0.0653973
    outer loop
      vertex 34.3555 107 112.496
      vertex 34.4 105 113.175
      vertex 34.3555 105 112.496
    endloop
  endfacet
  facet normal -0.752285 0 -0.658837
    outer loop
      vertex 25.523 105 109.498
      vertex 25.0746 107 110.01
      vertex 25.523 107 109.498
    endloop
  endfacet
  facet normal -0.752285 -0 -0.658837
    outer loop
      vertex 25.0746 107 110.01
      vertex 25.523 105 109.498
      vertex 25.0746 105 110.01
    endloop
  endfacet
  facet normal -0.946934 0 -0.321428
    outer loop
      vertex 24.3958 105 111.185
      vertex 24.1772 107 111.829
      vertex 24.3958 107 111.185
    endloop
  endfacet
  facet normal -0.946934 -0 -0.321428
    outer loop
      vertex 24.1772 107 111.829
      vertex 24.3958 105 111.185
      vertex 24.1772 105 111.829
    endloop
  endfacet
  facet normal -0.896825 0 -0.442385
    outer loop
      vertex 24.6967 105 110.575
      vertex 24.3958 107 111.185
      vertex 24.6967 107 110.575
    endloop
  endfacet
  facet normal -0.896825 -0 -0.442385
    outer loop
      vertex 24.3958 107 111.185
      vertex 24.6967 105 110.575
      vertex 24.3958 105 111.185
    endloop
  endfacet
  facet normal 0.321911 1.01996e-17 -0.94677
    outer loop
      vertex 30.5459 105 108.152
      vertex 31.19 107 108.371
      vertex 31.19 105 108.371
    endloop
  endfacet
  facet normal 0.321911 1.01996e-17 -0.94677
    outer loop
      vertex 31.19 107 108.371
      vertex 30.5459 105 108.152
      vertex 30.5459 107 108.152
    endloop
  endfacet
  facet normal 0.442503 -9.70284e-18 -0.896767
    outer loop
      vertex 31.19 105 108.371
      vertex 31.8 107 108.672
      vertex 31.8 105 108.672
    endloop
  endfacet
  facet normal 0.442503 -9.70284e-18 -0.896767
    outer loop
      vertex 31.8 107 108.672
      vertex 31.19 105 108.371
      vertex 31.19 107 108.371
    endloop
  endfacet
  facet normal 0.946934 0 -0.321428
    outer loop
      vertex 34.2228 105 111.829
      vertex 34.0042 107 111.185
      vertex 34.2228 107 111.829
    endloop
  endfacet
  facet normal 0.946934 0 -0.321428
    outer loop
      vertex 34.0042 107 111.185
      vertex 34.2228 105 111.829
      vertex 34.0042 105 111.185
    endloop
  endfacet
  facet normal -0.442503 9.70284e-18 -0.896767
    outer loop
      vertex 26.6 105 108.672
      vertex 27.21 107 108.371
      vertex 27.21 105 108.371
    endloop
  endfacet
  facet normal -0.442503 9.70284e-18 -0.896767
    outer loop
      vertex 27.21 107 108.371
      vertex 26.6 105 108.672
      vertex 26.6 107 108.672
    endloop
  endfacet
  facet normal -0.066158 9.04079e-19 -0.997809
    outer loop
      vertex 28.5213 105 108.02
      vertex 29.2 107 107.975
      vertex 29.2 105 107.975
    endloop
  endfacet
  facet normal -0.066158 9.04079e-19 -0.997809
    outer loop
      vertex 29.2 107 107.975
      vertex 28.5213 105 108.02
      vertex 28.5213 107 108.02
    endloop
  endfacet
  facet normal -0.55565 7.44081e-18 -0.831417
    outer loop
      vertex 26.0344 105 109.05
      vertex 26.6 107 108.672
      vertex 26.6 105 108.672
    endloop
  endfacet
  facet normal -0.55565 7.44081e-18 -0.831417
    outer loop
      vertex 26.6 107 108.672
      vertex 26.0344 105 109.05
      vertex 26.0344 107 109.05
    endloop
  endfacet
  facet normal -0.321911 9.54217e-18 -0.94677
    outer loop
      vertex 27.21 105 108.371
      vertex 27.8541 107 108.152
      vertex 27.8541 105 108.152
    endloop
  endfacet
  facet normal -0.321911 9.54217e-18 -0.94677
    outer loop
      vertex 27.8541 107 108.152
      vertex 27.21 105 108.371
      vertex 27.21 107 108.371
    endloop
  endfacet
  facet normal -0.19408 -3.15334e-18 -0.980986
    outer loop
      vertex 27.8541 105 108.152
      vertex 28.5213 107 108.02
      vertex 28.5213 105 108.02
    endloop
  endfacet
  facet normal -0.19408 -3.15334e-18 -0.980986
    outer loop
      vertex 28.5213 107 108.02
      vertex 27.8541 105 108.152
      vertex 27.8541 107 108.152
    endloop
  endfacet
  facet normal 0.997859 -0 0.0653973
    outer loop
      vertex 34.3555 105 145.854
      vertex 34.4 107 145.175
      vertex 34.3555 107 145.854
    endloop
  endfacet
  facet normal 0.997859 0 0.0653973
    outer loop
      vertex 34.4 107 145.175
      vertex 34.3555 105 145.854
      vertex 34.4 105 145.175
    endloop
  endfacet
  facet normal 0.896825 -0 0.442385
    outer loop
      vertex 33.7033 105 147.775
      vertex 34.0042 107 147.165
      vertex 33.7033 107 147.775
    endloop
  endfacet
  facet normal 0.896825 0 0.442385
    outer loop
      vertex 34.0042 107 147.165
      vertex 33.7033 105 147.775
      vertex 34.0042 105 147.165
    endloop
  endfacet
  facet normal 0.321911 -1.01996e-17 0.94677
    outer loop
      vertex 30.5459 107 150.198
      vertex 31.19 105 149.979
      vertex 31.19 107 149.979
    endloop
  endfacet
  facet normal 0.321911 -1.01996e-17 0.94677
    outer loop
      vertex 31.19 105 149.979
      vertex 30.5459 107 150.198
      vertex 30.5459 105 150.198
    endloop
  endfacet
  facet normal -0.442503 4.17402e-18 0.896767
    outer loop
      vertex 26.6 107 149.678
      vertex 27.21 105 149.979
      vertex 27.21 107 149.979
    endloop
  endfacet
  facet normal -0.442503 4.17402e-18 0.896767
    outer loop
      vertex 27.21 105 149.979
      vertex 26.6 107 149.678
      vertex 26.6 105 149.678
    endloop
  endfacet
  facet normal -0.946934 0 0.321428
    outer loop
      vertex 24.1772 105 146.521
      vertex 24.3958 107 147.165
      vertex 24.1772 107 146.521
    endloop
  endfacet
  facet normal -0.946934 0 0.321428
    outer loop
      vertex 24.3958 107 147.165
      vertex 24.1772 105 146.521
      vertex 24.3958 105 147.165
    endloop
  endfacet
  facet normal 0.997859 0 -0.0653973
    outer loop
      vertex 34.4 105 145.175
      vertex 34.3555 107 144.496
      vertex 34.4 107 145.175
    endloop
  endfacet
  facet normal 0.997859 0 -0.0653973
    outer loop
      vertex 34.3555 107 144.496
      vertex 34.4 105 145.175
      vertex 34.3555 105 144.496
    endloop
  endfacet
  facet normal 0.442503 -3.17783e-18 -0.896767
    outer loop
      vertex 31.19 105 140.371
      vertex 31.8 107 140.672
      vertex 31.8 105 140.672
    endloop
  endfacet
  facet normal 0.442503 -3.17783e-18 -0.896767
    outer loop
      vertex 31.8 107 140.672
      vertex 31.19 105 140.371
      vertex 31.19 107 140.371
    endloop
  endfacet
  facet normal 0.659773 6.39254e-18 0.751465
    outer loop
      vertex 32.3656 107 149.301
      vertex 32.877 105 148.852
      vertex 32.877 107 148.852
    endloop
  endfacet
  facet normal 0.659773 6.39254e-18 0.751465
    outer loop
      vertex 32.877 105 148.852
      vertex 32.3656 107 149.301
      vertex 32.3656 105 149.301
    endloop
  endfacet
  facet normal 0.831666 -0 0.555277
    outer loop
      vertex 33.3254 105 148.341
      vertex 33.7033 107 147.775
      vertex 33.3254 107 148.341
    endloop
  endfacet
  facet normal 0.831666 0 0.555277
    outer loop
      vertex 33.7033 107 147.775
      vertex 33.3254 105 148.341
      vertex 33.7033 105 147.775
    endloop
  endfacet
  facet normal -0.064694 7.22337e-19 0.997905
    outer loop
      vertex 28.5213 107 150.331
      vertex 29.2 105 150.375
      vertex 29.2 107 150.375
    endloop
  endfacet
  facet normal -0.064694 7.22337e-19 0.997905
    outer loop
      vertex 29.2 105 150.375
      vertex 28.5213 107 150.331
      vertex 28.5213 105 150.331
    endloop
  endfacet
  facet normal 0 1 0
    outer loop
      vertex 29.2 107 147.275
      vertex 29.2 107 150.375
      vertex 29.8787 107 150.331
    endloop
  endfacet
  facet normal 0 1 0
    outer loop
      vertex 29.5647 107 147.243
      vertex 29.8787 107 150.331
      vertex 30.5459 107 150.198
    endloop
  endfacet
  facet normal 0 1 0
    outer loop
      vertex 29.2 107 150.375
      vertex 29.2 107 147.275
      vertex 28.5213 107 150.331
    endloop
  endfacet
  facet normal 0 1 0
    outer loop
      vertex 29.9182 107 147.148
      vertex 30.5459 107 150.198
      vertex 31.19 107 149.979
    endloop
  endfacet
  facet normal 0 1 -0
    outer loop
      vertex 28.8353 107 147.243
      vertex 28.5213 107 150.331
      vertex 29.2 107 147.275
    endloop
  endfacet
  facet normal 0 1 0
    outer loop
      vertex 30.25 107 146.994
      vertex 31.19 107 149.979
      vertex 31.8 107 149.678
    endloop
  endfacet
  facet normal 0 1 0
    outer loop
      vertex 28.5213 107 150.331
      vertex 28.8353 107 147.243
      vertex 27.8541 107 150.198
    endloop
  endfacet
  facet normal 0 1 0
    outer loop
      vertex 30.25 107 146.994
      vertex 31.8 107 149.678
      vertex 32.3656 107 149.301
    endloop
  endfacet
  facet normal 0 1 -0
    outer loop
      vertex 28.4818 107 147.148
      vertex 27.8541 107 150.198
      vertex 28.8353 107 147.243
    endloop
  endfacet
  facet normal 0 1 0
    outer loop
      vertex 30.5499 107 146.784
      vertex 32.3656 107 149.301
      vertex 32.877 107 148.852
    endloop
  endfacet
  facet normal 0 1 0
    outer loop
      vertex 27.8541 107 150.198
      vertex 28.4818 107 147.148
      vertex 27.21 107 149.979
    endloop
  endfacet
  facet normal 0 1 0
    outer loop
      vertex 30.8087 107 146.525
      vertex 32.877 107 148.852
      vertex 33.3254 107 148.341
    endloop
  endfacet
  facet normal 0 1 -0
    outer loop
      vertex 28.15 107 146.994
      vertex 27.21 107 149.979
      vertex 28.4818 107 147.148
    endloop
  endfacet
  facet normal 0 1 0
    outer loop
      vertex 31.0187 107 146.225
      vertex 33.3254 107 148.341
      vertex 33.7033 107 147.775
    endloop
  endfacet
  facet normal 0 1 0
    outer loop
      vertex 27.21 107 149.979
      vertex 28.15 107 146.994
      vertex 26.6 107 149.678
    endloop
  endfacet
  facet normal 0 1 0
    outer loop
      vertex 26.6 107 149.678
      vertex 28.15 107 146.994
      vertex 26.0344 107 149.301
    endloop
  endfacet
  facet normal 0 1 0
    outer loop
      vertex 29.8787 107 150.331
      vertex 29.5647 107 147.243
      vertex 29.2 107 147.275
    endloop
  endfacet
  facet normal 0 1 0
    outer loop
      vertex 31.0187 107 146.225
      vertex 33.7033 107 147.775
      vertex 34.0042 107 147.165
    endloop
  endfacet
  facet normal 0 1 0
    outer loop
      vertex 30.5459 107 150.198
      vertex 29.9182 107 147.148
      vertex 29.5647 107 147.243
    endloop
  endfacet
  facet normal 0 1 0
    outer loop
      vertex 31.19 107 149.979
      vertex 30.25 107 146.994
      vertex 29.9182 107 147.148
    endloop
  endfacet
  facet normal 0 1 0
    outer loop
      vertex 32.3656 107 149.301
      vertex 30.5499 107 146.784
      vertex 30.25 107 146.994
    endloop
  endfacet
  facet normal 0 1 0
    outer loop
      vertex 32.877 107 148.852
      vertex 30.8087 107 146.525
      vertex 30.5499 107 146.784
    endloop
  endfacet
  facet normal 0 1 0
    outer loop
      vertex 31.1734 107 145.893
      vertex 34.0042 107 147.165
      vertex 34.2228 107 146.521
    endloop
  endfacet
  facet normal 0 1 0
    outer loop
      vertex 33.3254 107 148.341
      vertex 31.0187 107 146.225
      vertex 30.8087 107 146.525
    endloop
  endfacet
  facet normal 0 1 0
    outer loop
      vertex 34.0042 107 147.165
      vertex 31.1734 107 145.893
      vertex 31.0187 107 146.225
    endloop
  endfacet
  facet normal 0 1 0
    outer loop
      vertex 31.2681 107 145.54
      vertex 34.2228 107 146.521
      vertex 34.3555 107 145.854
    endloop
  endfacet
  facet normal 0 1 0
    outer loop
      vertex 34.2228 107 146.521
      vertex 31.2681 107 145.54
      vertex 31.1734 107 145.893
    endloop
  endfacet
  facet normal 0 1 0
    outer loop
      vertex 31.3 107 145.175
      vertex 34.3555 107 145.854
      vertex 34.4 107 145.175
    endloop
  endfacet
  facet normal 0 1 0
    outer loop
      vertex 34.3555 107 145.854
      vertex 31.3 107 145.175
      vertex 31.2681 107 145.54
    endloop
  endfacet
  facet normal 0 1 -0
    outer loop
      vertex 34.3555 107 144.496
      vertex 31.3 107 145.175
      vertex 34.4 107 145.175
    endloop
  endfacet
  facet normal 0 1 0
    outer loop
      vertex 31.3 107 145.175
      vertex 34.3555 107 144.496
      vertex 31.2681 107 144.81
    endloop
  endfacet
  facet normal 0 1 -0
    outer loop
      vertex 34.2228 107 143.829
      vertex 31.2681 107 144.81
      vertex 34.3555 107 144.496
    endloop
  endfacet
  facet normal 0 1 0
    outer loop
      vertex 31.2681 107 144.81
      vertex 34.2228 107 143.829
      vertex 31.1734 107 144.457
    endloop
  endfacet
  facet normal 0 1 -0
    outer loop
      vertex 34.0042 107 143.185
      vertex 31.1734 107 144.457
      vertex 34.2228 107 143.829
    endloop
  endfacet
  facet normal 0 1 0
    outer loop
      vertex 31.1734 107 144.457
      vertex 34.0042 107 143.185
      vertex 31.0187 107 144.125
    endloop
  endfacet
  facet normal 0 1 -0
    outer loop
      vertex 33.7033 107 142.575
      vertex 31.0187 107 144.125
      vertex 34.0042 107 143.185
    endloop
  endfacet
  facet normal 0 1 -0
    outer loop
      vertex 33.3254 107 142.01
      vertex 31.0187 107 144.125
      vertex 33.7033 107 142.575
    endloop
  endfacet
  facet normal 0 1 0
    outer loop
      vertex 31.0187 107 144.125
      vertex 33.3254 107 142.01
      vertex 30.8087 107 143.825
    endloop
  endfacet
  facet normal 0 1 -0
    outer loop
      vertex 32.877 107 141.498
      vertex 30.8087 107 143.825
      vertex 33.3254 107 142.01
    endloop
  endfacet
  facet normal 0 1 0
    outer loop
      vertex 30.8087 107 143.825
      vertex 32.877 107 141.498
      vertex 30.5499 107 143.566
    endloop
  endfacet
  facet normal 0 1 -0
    outer loop
      vertex 32.3656 107 141.05
      vertex 30.5499 107 143.566
      vertex 32.877 107 141.498
    endloop
  endfacet
  facet normal 0 1 0
    outer loop
      vertex 30.5499 107 143.566
      vertex 32.3656 107 141.05
      vertex 30.25 107 143.356
    endloop
  endfacet
  facet normal 0 1 -0
    outer loop
      vertex 27.8501 107 146.784
      vertex 26.0344 107 149.301
      vertex 28.15 107 146.994
    endloop
  endfacet
  facet normal 0 1 0
    outer loop
      vertex 26.0344 107 149.301
      vertex 27.8501 107 146.784
      vertex 25.523 107 148.852
    endloop
  endfacet
  facet normal 0 1 -0
    outer loop
      vertex 27.5913 107 146.525
      vertex 25.523 107 148.852
      vertex 27.8501 107 146.784
    endloop
  endfacet
  facet normal 0 1 0
    outer loop
      vertex 25.523 107 148.852
      vertex 27.5913 107 146.525
      vertex 25.0746 107 148.341
    endloop
  endfacet
  facet normal 0 1 -0
    outer loop
      vertex 27.3813 107 146.225
      vertex 25.0746 107 148.341
      vertex 27.5913 107 146.525
    endloop
  endfacet
  facet normal 0 1 0
    outer loop
      vertex 25.0746 107 148.341
      vertex 27.3813 107 146.225
      vertex 24.6967 107 147.775
    endloop
  endfacet
  facet normal 0 1 0
    outer loop
      vertex 24.6967 107 147.775
      vertex 27.3813 107 146.225
      vertex 24.3958 107 147.165
    endloop
  endfacet
  facet normal 0 1 -0
    outer loop
      vertex 27.2266 107 145.893
      vertex 24.3958 107 147.165
      vertex 27.3813 107 146.225
    endloop
  endfacet
  facet normal 0 1 0
    outer loop
      vertex 24.3958 107 147.165
      vertex 27.2266 107 145.893
      vertex 24.1772 107 146.521
    endloop
  endfacet
  facet normal 0 1 -0
    outer loop
      vertex 27.1319 107 145.54
      vertex 24.1772 107 146.521
      vertex 27.2266 107 145.893
    endloop
  endfacet
  facet normal 0 1 0
    outer loop
      vertex 24.1772 107 146.521
      vertex 27.1319 107 145.54
      vertex 24.0445 107 145.854
    endloop
  endfacet
  facet normal 0 1 -0
    outer loop
      vertex 27.1 107 145.175
      vertex 24.0445 107 145.854
      vertex 27.1319 107 145.54
    endloop
  endfacet
  facet normal 0 1 0
    outer loop
      vertex 27.1 107 145.175
      vertex 24 107 145.175
      vertex 24.0445 107 145.854
    endloop
  endfacet
  facet normal 0 1 0
    outer loop
      vertex 24.0445 107 144.496
      vertex 27.1 107 145.175
      vertex 27.1319 107 144.81
    endloop
  endfacet
  facet normal 0 1 0
    outer loop
      vertex 27.1 107 145.175
      vertex 24.0445 107 144.496
      vertex 24 107 145.175
    endloop
  endfacet
  facet normal 0 1 0
    outer loop
      vertex 24.1772 107 143.829
      vertex 27.1319 107 144.81
      vertex 27.2266 107 144.457
    endloop
  endfacet
  facet normal 0 1 0
    outer loop
      vertex 24.3958 107 143.185
      vertex 27.2266 107 144.457
      vertex 27.3813 107 144.125
    endloop
  endfacet
  facet normal 0 1 0
    outer loop
      vertex 27.1319 107 144.81
      vertex 24.1772 107 143.829
      vertex 24.0445 107 144.496
    endloop
  endfacet
  facet normal 0 1 0
    outer loop
      vertex 25.0746 107 142.01
      vertex 27.3813 107 144.125
      vertex 27.5913 107 143.825
    endloop
  endfacet
  facet normal 0 1 0
    outer loop
      vertex 25.523 107 141.498
      vertex 27.5913 107 143.825
      vertex 27.8501 107 143.566
    endloop
  endfacet
  facet normal 0 1 0
    outer loop
      vertex 26.0344 107 141.05
      vertex 27.8501 107 143.566
      vertex 28.15 107 143.356
    endloop
  endfacet
  facet normal 0 1 0
    outer loop
      vertex 27.21 107 140.371
      vertex 28.15 107 143.356
      vertex 28.4818 107 143.202
    endloop
  endfacet
  facet normal 0 1 0
    outer loop
      vertex 27.2266 107 144.457
      vertex 24.3958 107 143.185
      vertex 24.1772 107 143.829
    endloop
  endfacet
  facet normal 0 1 0
    outer loop
      vertex 27.8541 107 140.152
      vertex 28.4818 107 143.202
      vertex 28.8353 107 143.107
    endloop
  endfacet
  facet normal 0 1 0
    outer loop
      vertex 28.5213 107 140.02
      vertex 28.8353 107 143.107
      vertex 29.2 107 143.075
    endloop
  endfacet
  facet normal 0 1 -0
    outer loop
      vertex 31.8 107 140.672
      vertex 30.25 107 143.356
      vertex 32.3656 107 141.05
    endloop
  endfacet
  facet normal 0 1 0
    outer loop
      vertex 27.3813 107 144.125
      vertex 24.6967 107 142.575
      vertex 24.3958 107 143.185
    endloop
  endfacet
  facet normal 0 1 -0
    outer loop
      vertex 31.19 107 140.371
      vertex 30.25 107 143.356
      vertex 31.8 107 140.672
    endloop
  endfacet
  facet normal 0 1 0
    outer loop
      vertex 27.3813 107 144.125
      vertex 25.0746 107 142.01
      vertex 24.6967 107 142.575
    endloop
  endfacet
  facet normal 0 1 0
    outer loop
      vertex 30.25 107 143.356
      vertex 31.19 107 140.371
      vertex 29.9182 107 143.202
    endloop
  endfacet
  facet normal 0 1 0
    outer loop
      vertex 27.5913 107 143.825
      vertex 25.523 107 141.498
      vertex 25.0746 107 142.01
    endloop
  endfacet
  facet normal 0 1 -0
    outer loop
      vertex 30.5459 107 140.152
      vertex 29.9182 107 143.202
      vertex 31.19 107 140.371
    endloop
  endfacet
  facet normal 0 1 0
    outer loop
      vertex 27.8501 107 143.566
      vertex 26.0344 107 141.05
      vertex 25.523 107 141.498
    endloop
  endfacet
  facet normal 0 1 0
    outer loop
      vertex 29.9182 107 143.202
      vertex 30.5459 107 140.152
      vertex 29.5647 107 143.107
    endloop
  endfacet
  facet normal 0 1 0
    outer loop
      vertex 28.15 107 143.356
      vertex 26.6 107 140.672
      vertex 26.0344 107 141.05
    endloop
  endfacet
  facet normal 0 1 -0
    outer loop
      vertex 29.8787 107 140.02
      vertex 29.5647 107 143.107
      vertex 30.5459 107 140.152
    endloop
  endfacet
  facet normal 0 1 0
    outer loop
      vertex 28.15 107 143.356
      vertex 27.21 107 140.371
      vertex 26.6 107 140.672
    endloop
  endfacet
  facet normal 0 1 0
    outer loop
      vertex 29.5647 107 143.107
      vertex 29.8787 107 140.02
      vertex 29.2 107 143.075
    endloop
  endfacet
  facet normal 0 1 0
    outer loop
      vertex 28.4818 107 143.202
      vertex 27.8541 107 140.152
      vertex 27.21 107 140.371
    endloop
  endfacet
  facet normal 0 1 0
    outer loop
      vertex 29.2 107 139.975
      vertex 29.2 107 143.075
      vertex 29.8787 107 140.02
    endloop
  endfacet
  facet normal 0 1 0
    outer loop
      vertex 28.8353 107 143.107
      vertex 28.5213 107 140.02
      vertex 27.8541 107 140.152
    endloop
  endfacet
  facet normal 0 1 0
    outer loop
      vertex 29.2 107 143.075
      vertex 29.2 107 139.975
      vertex 28.5213 107 140.02
    endloop
  endfacet
  facet normal -0.997859 0 -0.0653973
    outer loop
      vertex 24.0445 105 144.496
      vertex 24 107 145.175
      vertex 24.0445 107 144.496
    endloop
  endfacet
  facet normal -0.997859 -0 -0.0653973
    outer loop
      vertex 24 107 145.175
      vertex 24.0445 105 144.496
      vertex 24 105 145.175
    endloop
  endfacet
  facet normal 0.896825 0 -0.442385
    outer loop
      vertex 34.0042 105 143.185
      vertex 33.7033 107 142.575
      vertex 34.0042 107 143.185
    endloop
  endfacet
  facet normal 0.896825 0 -0.442385
    outer loop
      vertex 33.7033 107 142.575
      vertex 34.0042 105 143.185
      vertex 33.7033 105 142.575
    endloop
  endfacet
  facet normal 0.658942 -1.96348e-18 -0.752194
    outer loop
      vertex 32.3656 105 141.05
      vertex 32.877 107 141.498
      vertex 32.877 105 141.498
    endloop
  endfacet
  facet normal 0.658942 -1.96348e-18 -0.752194
    outer loop
      vertex 32.877 107 141.498
      vertex 32.3656 105 141.05
      vertex 32.3656 107 141.05
    endloop
  endfacet
  facet normal 0.946934 -0 0.321428
    outer loop
      vertex 34.0042 105 147.165
      vertex 34.2228 107 146.521
      vertex 34.0042 107 147.165
    endloop
  endfacet
  facet normal 0.946934 0 0.321428
    outer loop
      vertex 34.2228 107 146.521
      vertex 34.0042 105 147.165
      vertex 34.2228 105 146.521
    endloop
  endfacet
  facet normal 0.751647 -0 0.659566
    outer loop
      vertex 32.877 105 148.852
      vertex 33.3254 107 148.341
      vertex 32.877 107 148.852
    endloop
  endfacet
  facet normal 0.751647 0 0.659566
    outer loop
      vertex 33.3254 107 148.341
      vertex 32.877 105 148.852
      vertex 33.3254 105 148.341
    endloop
  endfacet
  facet normal -0.980778 0 0.195126
    outer loop
      vertex 24.0445 105 145.854
      vertex 24.1772 107 146.521
      vertex 24.0445 107 145.854
    endloop
  endfacet
  facet normal -0.980778 0 0.195126
    outer loop
      vertex 24.1772 107 146.521
      vertex 24.0445 105 145.854
      vertex 24.1772 105 146.521
    endloop
  endfacet
  facet normal -0.831666 0 0.555277
    outer loop
      vertex 24.6967 105 147.775
      vertex 25.0746 107 148.341
      vertex 24.6967 107 147.775
    endloop
  endfacet
  facet normal -0.831666 0 0.555277
    outer loop
      vertex 25.0746 107 148.341
      vertex 24.6967 105 147.775
      vertex 25.0746 105 148.341
    endloop
  endfacet
  facet normal -0.751647 0 0.659566
    outer loop
      vertex 25.0746 105 148.341
      vertex 25.523 107 148.852
      vertex 25.0746 107 148.341
    endloop
  endfacet
  facet normal -0.751647 0 0.659566
    outer loop
      vertex 25.523 107 148.852
      vertex 25.0746 105 148.341
      vertex 25.523 105 148.852
    endloop
  endfacet
  facet normal 0.980778 0 -0.195126
    outer loop
      vertex 34.3555 105 144.496
      vertex 34.2228 107 143.829
      vertex 34.3555 107 144.496
    endloop
  endfacet
  facet normal 0.980778 0 -0.195126
    outer loop
      vertex 34.2228 107 143.829
      vertex 34.3555 105 144.496
      vertex 34.2228 105 143.829
    endloop
  endfacet
  facet normal 0.752285 0 -0.658837
    outer loop
      vertex 33.3254 105 142.01
      vertex 32.877 107 141.498
      vertex 33.3254 107 142.01
    endloop
  endfacet
  facet normal 0.752285 0 -0.658837
    outer loop
      vertex 32.877 107 141.498
      vertex 33.3254 105 142.01
      vertex 32.877 105 141.498
    endloop
  endfacet
  facet normal -0.980778 0 -0.195126
    outer loop
      vertex 24.1772 105 143.829
      vertex 24.0445 107 144.496
      vertex 24.1772 107 143.829
    endloop
  endfacet
  facet normal -0.980778 -0 -0.195126
    outer loop
      vertex 24.0445 107 144.496
      vertex 24.1772 105 143.829
      vertex 24.0445 105 144.496
    endloop
  endfacet
  facet normal -0.946934 0 -0.321428
    outer loop
      vertex 24.3958 105 143.185
      vertex 24.1772 107 143.829
      vertex 24.3958 107 143.185
    endloop
  endfacet
  facet normal -0.946934 -0 -0.321428
    outer loop
      vertex 24.1772 107 143.829
      vertex 24.3958 105 143.185
      vertex 24.1772 105 143.829
    endloop
  endfacet
  facet normal 0.066158 -7.90758e-19 -0.997809
    outer loop
      vertex 29.2 105 139.975
      vertex 29.8787 107 140.02
      vertex 29.8787 105 140.02
    endloop
  endfacet
  facet normal 0.066158 -7.90758e-19 -0.997809
    outer loop
      vertex 29.8787 107 140.02
      vertex 29.2 105 139.975
      vertex 29.2 107 139.975
    endloop
  endfacet
  facet normal 0.19408 -2.705e-18 -0.980986
    outer loop
      vertex 29.8787 105 140.02
      vertex 30.5459 107 140.152
      vertex 30.5459 105 140.152
    endloop
  endfacet
  facet normal 0.19408 -2.705e-18 -0.980986
    outer loop
      vertex 30.5459 107 140.152
      vertex 29.8787 105 140.02
      vertex 29.8787 107 140.02
    endloop
  endfacet
  facet normal 0.980778 -0 0.195126
    outer loop
      vertex 34.2228 105 146.521
      vertex 34.3555 107 145.854
      vertex 34.2228 107 146.521
    endloop
  endfacet
  facet normal 0.980778 0 0.195126
    outer loop
      vertex 34.3555 107 145.854
      vertex 34.2228 105 146.521
      vertex 34.3555 105 145.854
    endloop
  endfacet
  facet normal 0.195494 4.33273e-18 0.980705
    outer loop
      vertex 29.8787 107 150.331
      vertex 30.5459 105 150.198
      vertex 30.5459 107 150.198
    endloop
  endfacet
  facet normal 0.195494 4.33273e-18 0.980705
    outer loop
      vertex 30.5459 105 150.198
      vertex 29.8787 107 150.331
      vertex 29.8787 105 150.331
    endloop
  endfacet
  facet normal 0.064694 -7.22337e-19 0.997905
    outer loop
      vertex 29.2 107 150.375
      vertex 29.8787 105 150.331
      vertex 29.8787 107 150.331
    endloop
  endfacet
  facet normal 0.064694 -7.22337e-19 0.997905
    outer loop
      vertex 29.8787 105 150.331
      vertex 29.2 107 150.375
      vertex 29.2 105 150.375
    endloop
  endfacet
  facet normal 0.554632 -7.45685e-18 0.832096
    outer loop
      vertex 31.8 107 149.678
      vertex 32.3656 105 149.301
      vertex 32.3656 107 149.301
    endloop
  endfacet
  facet normal 0.554632 -7.45685e-18 0.832096
    outer loop
      vertex 32.3656 105 149.301
      vertex 31.8 107 149.678
      vertex 31.8 105 149.678
    endloop
  endfacet
  facet normal 0.442503 -4.17402e-18 0.896767
    outer loop
      vertex 31.19 107 149.979
      vertex 31.8 105 149.678
      vertex 31.8 107 149.678
    endloop
  endfacet
  facet normal 0.442503 -4.17402e-18 0.896767
    outer loop
      vertex 31.8 105 149.678
      vertex 31.19 107 149.979
      vertex 31.19 105 149.979
    endloop
  endfacet
  facet normal -0.997859 0 0.0653973
    outer loop
      vertex 24 105 145.175
      vertex 24.0445 107 145.854
      vertex 24 107 145.175
    endloop
  endfacet
  facet normal -0.997859 0 0.0653973
    outer loop
      vertex 24.0445 107 145.854
      vertex 24 105 145.175
      vertex 24.0445 105 145.854
    endloop
  endfacet
  facet normal -0.896825 0 0.442385
    outer loop
      vertex 24.3958 105 147.165
      vertex 24.6967 107 147.775
      vertex 24.3958 107 147.165
    endloop
  endfacet
  facet normal -0.896825 0 0.442385
    outer loop
      vertex 24.6967 107 147.775
      vertex 24.3958 105 147.165
      vertex 24.6967 105 147.775
    endloop
  endfacet
  facet normal -0.195494 -4.33273e-18 0.980705
    outer loop
      vertex 27.8541 107 150.198
      vertex 28.5213 105 150.331
      vertex 28.5213 107 150.331
    endloop
  endfacet
  facet normal -0.195494 -4.33273e-18 0.980705
    outer loop
      vertex 28.5213 105 150.331
      vertex 27.8541 107 150.198
      vertex 27.8541 105 150.198
    endloop
  endfacet
  facet normal -0.321911 -9.54217e-18 0.94677
    outer loop
      vertex 27.21 107 149.979
      vertex 27.8541 105 150.198
      vertex 27.8541 107 150.198
    endloop
  endfacet
  facet normal -0.321911 -9.54217e-18 0.94677
    outer loop
      vertex 27.8541 105 150.198
      vertex 27.21 107 149.979
      vertex 27.21 105 149.979
    endloop
  endfacet
  facet normal -0.554632 7.45685e-18 0.832096
    outer loop
      vertex 26.0344 107 149.301
      vertex 26.6 105 149.678
      vertex 26.6 107 149.678
    endloop
  endfacet
  facet normal -0.554632 7.45685e-18 0.832096
    outer loop
      vertex 26.6 105 149.678
      vertex 26.0344 107 149.301
      vertex 26.0344 105 149.301
    endloop
  endfacet
  facet normal -0.659773 -6.39254e-18 0.751465
    outer loop
      vertex 25.523 107 148.852
      vertex 26.0344 105 149.301
      vertex 26.0344 107 149.301
    endloop
  endfacet
  facet normal -0.659773 -6.39254e-18 0.751465
    outer loop
      vertex 26.0344 105 149.301
      vertex 25.523 107 148.852
      vertex 25.523 105 148.852
    endloop
  endfacet
  facet normal 0.946934 0 -0.321428
    outer loop
      vertex 34.2228 105 143.829
      vertex 34.0042 107 143.185
      vertex 34.2228 107 143.829
    endloop
  endfacet
  facet normal 0.946934 0 -0.321428
    outer loop
      vertex 34.0042 107 143.185
      vertex 34.2228 105 143.829
      vertex 34.0042 105 143.185
    endloop
  endfacet
  facet normal 0.55565 9.86131e-19 -0.831417
    outer loop
      vertex 31.8 105 140.672
      vertex 32.3656 107 141.05
      vertex 32.3656 105 141.05
    endloop
  endfacet
  facet normal 0.55565 9.86131e-19 -0.831417
    outer loop
      vertex 32.3656 107 141.05
      vertex 31.8 105 140.672
      vertex 31.8 107 140.672
    endloop
  endfacet
  facet normal 0.831212 0 -0.555956
    outer loop
      vertex 33.7033 105 142.575
      vertex 33.3254 107 142.01
      vertex 33.7033 107 142.575
    endloop
  endfacet
  facet normal 0.831212 0 -0.555956
    outer loop
      vertex 33.3254 107 142.01
      vertex 33.7033 105 142.575
      vertex 33.3254 105 142.01
    endloop
  endfacet
  facet normal -0.321911 5.37867e-19 -0.94677
    outer loop
      vertex 27.21 105 140.371
      vertex 27.8541 107 140.152
      vertex 27.8541 105 140.152
    endloop
  endfacet
  facet normal -0.321911 5.37867e-19 -0.94677
    outer loop
      vertex 27.8541 107 140.152
      vertex 27.21 105 140.371
      vertex 27.21 107 140.371
    endloop
  endfacet
  facet normal -0.066158 7.90758e-19 -0.997809
    outer loop
      vertex 28.5213 105 140.02
      vertex 29.2 107 139.975
      vertex 29.2 105 139.975
    endloop
  endfacet
  facet normal -0.066158 7.90758e-19 -0.997809
    outer loop
      vertex 29.2 107 139.975
      vertex 28.5213 105 140.02
      vertex 28.5213 107 140.02
    endloop
  endfacet
  facet normal -0.752285 0 -0.658837
    outer loop
      vertex 25.523 105 141.498
      vertex 25.0746 107 142.01
      vertex 25.523 107 141.498
    endloop
  endfacet
  facet normal -0.752285 -0 -0.658837
    outer loop
      vertex 25.0746 107 142.01
      vertex 25.523 105 141.498
      vertex 25.0746 105 142.01
    endloop
  endfacet
  facet normal -0.831212 0 -0.555956
    outer loop
      vertex 25.0746 105 142.01
      vertex 24.6967 107 142.575
      vertex 25.0746 107 142.01
    endloop
  endfacet
  facet normal -0.831212 -0 -0.555956
    outer loop
      vertex 24.6967 107 142.575
      vertex 25.0746 105 142.01
      vertex 24.6967 105 142.575
    endloop
  endfacet
  facet normal -0.896825 0 -0.442385
    outer loop
      vertex 24.6967 105 142.575
      vertex 24.3958 107 143.185
      vertex 24.6967 107 142.575
    endloop
  endfacet
  facet normal -0.896825 -0 -0.442385
    outer loop
      vertex 24.3958 107 143.185
      vertex 24.6967 105 142.575
      vertex 24.3958 105 143.185
    endloop
  endfacet
  facet normal 0.321911 -1.1853e-18 -0.94677
    outer loop
      vertex 30.5459 105 140.152
      vertex 31.19 107 140.371
      vertex 31.19 105 140.371
    endloop
  endfacet
  facet normal 0.321911 -1.1853e-18 -0.94677
    outer loop
      vertex 31.19 107 140.371
      vertex 30.5459 105 140.152
      vertex 30.5459 107 140.152
    endloop
  endfacet
  facet normal -0.19408 2.705e-18 -0.980986
    outer loop
      vertex 27.8541 105 140.152
      vertex 28.5213 107 140.02
      vertex 28.5213 105 140.02
    endloop
  endfacet
  facet normal -0.19408 2.705e-18 -0.980986
    outer loop
      vertex 28.5213 107 140.02
      vertex 27.8541 105 140.152
      vertex 27.8541 107 140.152
    endloop
  endfacet
  facet normal -0.658942 1.96348e-18 -0.752194
    outer loop
      vertex 25.523 105 141.498
      vertex 26.0344 107 141.05
      vertex 26.0344 105 141.05
    endloop
  endfacet
  facet normal -0.658942 1.96348e-18 -0.752194
    outer loop
      vertex 26.0344 107 141.05
      vertex 25.523 105 141.498
      vertex 25.523 107 141.498
    endloop
  endfacet
  facet normal -0.55565 -9.86131e-19 -0.831417
    outer loop
      vertex 26.0344 105 141.05
      vertex 26.6 107 140.672
      vertex 26.6 105 140.672
    endloop
  endfacet
  facet normal -0.55565 -9.86131e-19 -0.831417
    outer loop
      vertex 26.6 107 140.672
      vertex 26.0344 105 141.05
      vertex 26.0344 107 141.05
    endloop
  endfacet
  facet normal -0.442503 3.17783e-18 -0.896767
    outer loop
      vertex 26.6 105 140.672
      vertex 27.21 107 140.371
      vertex 27.21 105 140.371
    endloop
  endfacet
  facet normal -0.442503 3.17783e-18 -0.896767
    outer loop
      vertex 27.21 107 140.371
      vertex 26.6 105 140.672
      vertex 26.6 107 140.672
    endloop
  endfacet
  facet normal 0.997859 -0 0.0653973
    outer loop
      vertex 66.3555 105 113.854
      vertex 66.4 107 113.175
      vertex 66.3555 107 113.854
    endloop
  endfacet
  facet normal 0.997859 0 0.0653973
    outer loop
      vertex 66.4 107 113.175
      vertex 66.3555 105 113.854
      vertex 66.4 105 113.175
    endloop
  endfacet
  facet normal 0.896825 -0 0.442385
    outer loop
      vertex 65.7033 105 115.775
      vertex 66.0042 107 115.165
      vertex 65.7033 107 115.775
    endloop
  endfacet
  facet normal 0.896825 0 0.442385
    outer loop
      vertex 66.0042 107 115.165
      vertex 65.7033 105 115.775
      vertex 66.0042 105 115.165
    endloop
  endfacet
  facet normal 0.321911 8.89473e-18 0.94677
    outer loop
      vertex 62.5459 107 118.198
      vertex 63.19 105 117.979
      vertex 63.19 107 117.979
    endloop
  endfacet
  facet normal 0.321911 8.89473e-18 0.94677
    outer loop
      vertex 63.19 105 117.979
      vertex 62.5459 107 118.198
      vertex 62.5459 105 118.198
    endloop
  endfacet
  facet normal -0.442503 -9.70284e-18 0.896767
    outer loop
      vertex 58.6 107 117.678
      vertex 59.21 105 117.979
      vertex 59.21 107 117.979
    endloop
  endfacet
  facet normal -0.442503 -9.70284e-18 0.896767
    outer loop
      vertex 59.21 105 117.979
      vertex 58.6 107 117.678
      vertex 58.6 105 117.678
    endloop
  endfacet
  facet normal -0.946934 0 0.321428
    outer loop
      vertex 56.1772 105 114.521
      vertex 56.3958 107 115.165
      vertex 56.1772 107 114.521
    endloop
  endfacet
  facet normal -0.946934 0 0.321428
    outer loop
      vertex 56.3958 107 115.165
      vertex 56.1772 105 114.521
      vertex 56.3958 105 115.165
    endloop
  endfacet
  facet normal 0.997859 0 -0.0653973
    outer loop
      vertex 66.4 105 113.175
      vertex 66.3555 107 112.496
      vertex 66.4 107 113.175
    endloop
  endfacet
  facet normal 0.997859 0 -0.0653973
    outer loop
      vertex 66.3555 107 112.496
      vertex 66.4 105 113.175
      vertex 66.3555 105 112.496
    endloop
  endfacet
  facet normal 0.442503 -9.70284e-18 -0.896767
    outer loop
      vertex 63.19 105 108.371
      vertex 63.8 107 108.672
      vertex 63.8 105 108.672
    endloop
  endfacet
  facet normal 0.442503 -9.70284e-18 -0.896767
    outer loop
      vertex 63.8 107 108.672
      vertex 63.19 105 108.371
      vertex 63.19 107 108.371
    endloop
  endfacet
  facet normal 0.659773 4.20195e-18 0.751465
    outer loop
      vertex 64.3656 107 117.301
      vertex 64.877 105 116.852
      vertex 64.877 107 116.852
    endloop
  endfacet
  facet normal 0.659773 4.20195e-18 0.751465
    outer loop
      vertex 64.877 105 116.852
      vertex 64.3656 107 117.301
      vertex 64.3656 105 117.301
    endloop
  endfacet
  facet normal 0.831666 -0 0.555277
    outer loop
      vertex 65.3254 105 116.341
      vertex 65.7033 107 115.775
      vertex 65.3254 107 116.341
    endloop
  endfacet
  facet normal 0.831666 0 0.555277
    outer loop
      vertex 65.7033 107 115.775
      vertex 65.3254 105 116.341
      vertex 65.7033 105 115.775
    endloop
  endfacet
  facet normal -0.064694 3.22561e-19 0.997905
    outer loop
      vertex 60.5213 107 118.331
      vertex 61.2 105 118.375
      vertex 61.2 107 118.375
    endloop
  endfacet
  facet normal -0.064694 3.22561e-19 0.997905
    outer loop
      vertex 61.2 105 118.375
      vertex 60.5213 107 118.331
      vertex 60.5213 105 118.331
    endloop
  endfacet
  facet normal 0 1 0
    outer loop
      vertex 61.2 107 115.275
      vertex 61.2 107 118.375
      vertex 61.8787 107 118.331
    endloop
  endfacet
  facet normal 0 1 0
    outer loop
      vertex 61.5647 107 115.243
      vertex 61.8787 107 118.331
      vertex 62.5459 107 118.198
    endloop
  endfacet
  facet normal 0 1 0
    outer loop
      vertex 61.2 107 118.375
      vertex 61.2 107 115.275
      vertex 60.5213 107 118.331
    endloop
  endfacet
  facet normal 0 1 0
    outer loop
      vertex 61.9182 107 115.148
      vertex 62.5459 107 118.198
      vertex 63.19 107 117.979
    endloop
  endfacet
  facet normal 0 1 -0
    outer loop
      vertex 60.8353 107 115.243
      vertex 60.5213 107 118.331
      vertex 61.2 107 115.275
    endloop
  endfacet
  facet normal 0 1 0
    outer loop
      vertex 62.25 107 114.994
      vertex 63.19 107 117.979
      vertex 63.8 107 117.678
    endloop
  endfacet
  facet normal 0 1 0
    outer loop
      vertex 60.5213 107 118.331
      vertex 60.8353 107 115.243
      vertex 59.8541 107 118.198
    endloop
  endfacet
  facet normal 0 1 0
    outer loop
      vertex 62.25 107 114.994
      vertex 63.8 107 117.678
      vertex 64.3656 107 117.301
    endloop
  endfacet
  facet normal 0 1 -0
    outer loop
      vertex 60.4818 107 115.148
      vertex 59.8541 107 118.198
      vertex 60.8353 107 115.243
    endloop
  endfacet
  facet normal 0 1 0
    outer loop
      vertex 62.5499 107 114.784
      vertex 64.3656 107 117.301
      vertex 64.877 107 116.852
    endloop
  endfacet
  facet normal 0 1 0
    outer loop
      vertex 59.8541 107 118.198
      vertex 60.4818 107 115.148
      vertex 59.21 107 117.979
    endloop
  endfacet
  facet normal 0 1 0
    outer loop
      vertex 62.8087 107 114.525
      vertex 64.877 107 116.852
      vertex 65.3254 107 116.341
    endloop
  endfacet
  facet normal 0 1 -0
    outer loop
      vertex 60.15 107 114.994
      vertex 59.21 107 117.979
      vertex 60.4818 107 115.148
    endloop
  endfacet
  facet normal 0 1 0
    outer loop
      vertex 63.0187 107 114.225
      vertex 65.3254 107 116.341
      vertex 65.7033 107 115.775
    endloop
  endfacet
  facet normal 0 1 0
    outer loop
      vertex 59.21 107 117.979
      vertex 60.15 107 114.994
      vertex 58.6 107 117.678
    endloop
  endfacet
  facet normal 0 1 0
    outer loop
      vertex 58.6 107 117.678
      vertex 60.15 107 114.994
      vertex 58.0344 107 117.301
    endloop
  endfacet
  facet normal 0 1 0
    outer loop
      vertex 61.8787 107 118.331
      vertex 61.5647 107 115.243
      vertex 61.2 107 115.275
    endloop
  endfacet
  facet normal 0 1 0
    outer loop
      vertex 63.0187 107 114.225
      vertex 65.7033 107 115.775
      vertex 66.0042 107 115.165
    endloop
  endfacet
  facet normal 0 1 0
    outer loop
      vertex 62.5459 107 118.198
      vertex 61.9182 107 115.148
      vertex 61.5647 107 115.243
    endloop
  endfacet
  facet normal 0 1 0
    outer loop
      vertex 63.19 107 117.979
      vertex 62.25 107 114.994
      vertex 61.9182 107 115.148
    endloop
  endfacet
  facet normal 0 1 0
    outer loop
      vertex 64.3656 107 117.301
      vertex 62.5499 107 114.784
      vertex 62.25 107 114.994
    endloop
  endfacet
  facet normal 0 1 0
    outer loop
      vertex 64.877 107 116.852
      vertex 62.8087 107 114.525
      vertex 62.5499 107 114.784
    endloop
  endfacet
  facet normal 0 1 0
    outer loop
      vertex 63.1734 107 113.893
      vertex 66.0042 107 115.165
      vertex 66.2228 107 114.521
    endloop
  endfacet
  facet normal 0 1 0
    outer loop
      vertex 65.3254 107 116.341
      vertex 63.0187 107 114.225
      vertex 62.8087 107 114.525
    endloop
  endfacet
  facet normal 0 1 0
    outer loop
      vertex 66.0042 107 115.165
      vertex 63.1734 107 113.893
      vertex 63.0187 107 114.225
    endloop
  endfacet
  facet normal 0 1 0
    outer loop
      vertex 63.2681 107 113.54
      vertex 66.2228 107 114.521
      vertex 66.3555 107 113.854
    endloop
  endfacet
  facet normal 0 1 0
    outer loop
      vertex 66.2228 107 114.521
      vertex 63.2681 107 113.54
      vertex 63.1734 107 113.893
    endloop
  endfacet
  facet normal 0 1 0
    outer loop
      vertex 63.3 107 113.175
      vertex 66.3555 107 113.854
      vertex 66.4 107 113.175
    endloop
  endfacet
  facet normal 0 1 0
    outer loop
      vertex 66.3555 107 113.854
      vertex 63.3 107 113.175
      vertex 63.2681 107 113.54
    endloop
  endfacet
  facet normal 0 1 -0
    outer loop
      vertex 66.3555 107 112.496
      vertex 63.3 107 113.175
      vertex 66.4 107 113.175
    endloop
  endfacet
  facet normal 0 1 0
    outer loop
      vertex 63.3 107 113.175
      vertex 66.3555 107 112.496
      vertex 63.2681 107 112.81
    endloop
  endfacet
  facet normal 0 1 -0
    outer loop
      vertex 66.2228 107 111.829
      vertex 63.2681 107 112.81
      vertex 66.3555 107 112.496
    endloop
  endfacet
  facet normal 0 1 0
    outer loop
      vertex 63.2681 107 112.81
      vertex 66.2228 107 111.829
      vertex 63.1734 107 112.457
    endloop
  endfacet
  facet normal 0 1 -0
    outer loop
      vertex 66.0042 107 111.185
      vertex 63.1734 107 112.457
      vertex 66.2228 107 111.829
    endloop
  endfacet
  facet normal 0 1 0
    outer loop
      vertex 63.1734 107 112.457
      vertex 66.0042 107 111.185
      vertex 63.0187 107 112.125
    endloop
  endfacet
  facet normal 0 1 -0
    outer loop
      vertex 65.7033 107 110.575
      vertex 63.0187 107 112.125
      vertex 66.0042 107 111.185
    endloop
  endfacet
  facet normal 0 1 -0
    outer loop
      vertex 65.3254 107 110.01
      vertex 63.0187 107 112.125
      vertex 65.7033 107 110.575
    endloop
  endfacet
  facet normal 0 1 0
    outer loop
      vertex 63.0187 107 112.125
      vertex 65.3254 107 110.01
      vertex 62.8087 107 111.825
    endloop
  endfacet
  facet normal 0 1 -0
    outer loop
      vertex 64.877 107 109.498
      vertex 62.8087 107 111.825
      vertex 65.3254 107 110.01
    endloop
  endfacet
  facet normal 0 1 0
    outer loop
      vertex 62.8087 107 111.825
      vertex 64.877 107 109.498
      vertex 62.5499 107 111.566
    endloop
  endfacet
  facet normal 0 1 -0
    outer loop
      vertex 64.3656 107 109.05
      vertex 62.5499 107 111.566
      vertex 64.877 107 109.498
    endloop
  endfacet
  facet normal 0 1 0
    outer loop
      vertex 62.5499 107 111.566
      vertex 64.3656 107 109.05
      vertex 62.25 107 111.356
    endloop
  endfacet
  facet normal 0 1 -0
    outer loop
      vertex 59.8501 107 114.784
      vertex 58.0344 107 117.301
      vertex 60.15 107 114.994
    endloop
  endfacet
  facet normal 0 1 0
    outer loop
      vertex 58.0344 107 117.301
      vertex 59.8501 107 114.784
      vertex 57.523 107 116.852
    endloop
  endfacet
  facet normal 0 1 -0
    outer loop
      vertex 59.5913 107 114.525
      vertex 57.523 107 116.852
      vertex 59.8501 107 114.784
    endloop
  endfacet
  facet normal 0 1 0
    outer loop
      vertex 57.523 107 116.852
      vertex 59.5913 107 114.525
      vertex 57.0746 107 116.341
    endloop
  endfacet
  facet normal 0 1 -0
    outer loop
      vertex 59.3813 107 114.225
      vertex 57.0746 107 116.341
      vertex 59.5913 107 114.525
    endloop
  endfacet
  facet normal 0 1 0
    outer loop
      vertex 57.0746 107 116.341
      vertex 59.3813 107 114.225
      vertex 56.6967 107 115.775
    endloop
  endfacet
  facet normal 0 1 0
    outer loop
      vertex 56.6967 107 115.775
      vertex 59.3813 107 114.225
      vertex 56.3958 107 115.165
    endloop
  endfacet
  facet normal 0 1 -0
    outer loop
      vertex 59.2266 107 113.893
      vertex 56.3958 107 115.165
      vertex 59.3813 107 114.225
    endloop
  endfacet
  facet normal 0 1 0
    outer loop
      vertex 56.3958 107 115.165
      vertex 59.2266 107 113.893
      vertex 56.1772 107 114.521
    endloop
  endfacet
  facet normal 0 1 -0
    outer loop
      vertex 59.1319 107 113.54
      vertex 56.1772 107 114.521
      vertex 59.2266 107 113.893
    endloop
  endfacet
  facet normal 0 1 0
    outer loop
      vertex 56.1772 107 114.521
      vertex 59.1319 107 113.54
      vertex 56.0445 107 113.854
    endloop
  endfacet
  facet normal 0 1 -0
    outer loop
      vertex 59.1 107 113.175
      vertex 56.0445 107 113.854
      vertex 59.1319 107 113.54
    endloop
  endfacet
  facet normal 0 1 0
    outer loop
      vertex 59.1 107 113.175
      vertex 56 107 113.175
      vertex 56.0445 107 113.854
    endloop
  endfacet
  facet normal 0 1 0
    outer loop
      vertex 56.0445 107 112.496
      vertex 59.1 107 113.175
      vertex 59.1319 107 112.81
    endloop
  endfacet
  facet normal 0 1 0
    outer loop
      vertex 59.1 107 113.175
      vertex 56.0445 107 112.496
      vertex 56 107 113.175
    endloop
  endfacet
  facet normal 0 1 0
    outer loop
      vertex 56.1772 107 111.829
      vertex 59.1319 107 112.81
      vertex 59.2266 107 112.457
    endloop
  endfacet
  facet normal 0 1 0
    outer loop
      vertex 56.3958 107 111.185
      vertex 59.2266 107 112.457
      vertex 59.3813 107 112.125
    endloop
  endfacet
  facet normal 0 1 0
    outer loop
      vertex 59.1319 107 112.81
      vertex 56.1772 107 111.829
      vertex 56.0445 107 112.496
    endloop
  endfacet
  facet normal 0 1 0
    outer loop
      vertex 57.0746 107 110.01
      vertex 59.3813 107 112.125
      vertex 59.5913 107 111.825
    endloop
  endfacet
  facet normal 0 1 0
    outer loop
      vertex 57.523 107 109.498
      vertex 59.5913 107 111.825
      vertex 59.8501 107 111.566
    endloop
  endfacet
  facet normal 0 1 0
    outer loop
      vertex 58.0344 107 109.05
      vertex 59.8501 107 111.566
      vertex 60.15 107 111.356
    endloop
  endfacet
  facet normal 0 1 0
    outer loop
      vertex 59.21 107 108.371
      vertex 60.15 107 111.356
      vertex 60.4818 107 111.202
    endloop
  endfacet
  facet normal 0 1 0
    outer loop
      vertex 59.2266 107 112.457
      vertex 56.3958 107 111.185
      vertex 56.1772 107 111.829
    endloop
  endfacet
  facet normal 0 1 0
    outer loop
      vertex 59.8541 107 108.152
      vertex 60.4818 107 111.202
      vertex 60.8353 107 111.107
    endloop
  endfacet
  facet normal 0 1 0
    outer loop
      vertex 60.5213 107 108.02
      vertex 60.8353 107 111.107
      vertex 61.2 107 111.075
    endloop
  endfacet
  facet normal 0 1 -0
    outer loop
      vertex 63.8 107 108.672
      vertex 62.25 107 111.356
      vertex 64.3656 107 109.05
    endloop
  endfacet
  facet normal 0 1 0
    outer loop
      vertex 59.3813 107 112.125
      vertex 56.6967 107 110.575
      vertex 56.3958 107 111.185
    endloop
  endfacet
  facet normal 0 1 -0
    outer loop
      vertex 63.19 107 108.371
      vertex 62.25 107 111.356
      vertex 63.8 107 108.672
    endloop
  endfacet
  facet normal 0 1 0
    outer loop
      vertex 59.3813 107 112.125
      vertex 57.0746 107 110.01
      vertex 56.6967 107 110.575
    endloop
  endfacet
  facet normal 0 1 0
    outer loop
      vertex 62.25 107 111.356
      vertex 63.19 107 108.371
      vertex 61.9182 107 111.202
    endloop
  endfacet
  facet normal 0 1 0
    outer loop
      vertex 59.5913 107 111.825
      vertex 57.523 107 109.498
      vertex 57.0746 107 110.01
    endloop
  endfacet
  facet normal 0 1 -0
    outer loop
      vertex 62.5459 107 108.152
      vertex 61.9182 107 111.202
      vertex 63.19 107 108.371
    endloop
  endfacet
  facet normal 0 1 0
    outer loop
      vertex 59.8501 107 111.566
      vertex 58.0344 107 109.05
      vertex 57.523 107 109.498
    endloop
  endfacet
  facet normal 0 1 0
    outer loop
      vertex 61.9182 107 111.202
      vertex 62.5459 107 108.152
      vertex 61.5647 107 111.107
    endloop
  endfacet
  facet normal 0 1 0
    outer loop
      vertex 60.15 107 111.356
      vertex 58.6 107 108.672
      vertex 58.0344 107 109.05
    endloop
  endfacet
  facet normal 0 1 -0
    outer loop
      vertex 61.8787 107 108.02
      vertex 61.5647 107 111.107
      vertex 62.5459 107 108.152
    endloop
  endfacet
  facet normal 0 1 0
    outer loop
      vertex 60.15 107 111.356
      vertex 59.21 107 108.371
      vertex 58.6 107 108.672
    endloop
  endfacet
  facet normal 0 1 0
    outer loop
      vertex 61.5647 107 111.107
      vertex 61.8787 107 108.02
      vertex 61.2 107 111.075
    endloop
  endfacet
  facet normal 0 1 0
    outer loop
      vertex 60.4818 107 111.202
      vertex 59.8541 107 108.152
      vertex 59.21 107 108.371
    endloop
  endfacet
  facet normal 0 1 0
    outer loop
      vertex 61.2 107 107.975
      vertex 61.2 107 111.075
      vertex 61.8787 107 108.02
    endloop
  endfacet
  facet normal 0 1 0
    outer loop
      vertex 60.8353 107 111.107
      vertex 60.5213 107 108.02
      vertex 59.8541 107 108.152
    endloop
  endfacet
  facet normal 0 1 0
    outer loop
      vertex 61.2 107 111.075
      vertex 61.2 107 107.975
      vertex 60.5213 107 108.02
    endloop
  endfacet
  facet normal -0.997859 0 -0.0653973
    outer loop
      vertex 56.0445 105 112.496
      vertex 56 107 113.175
      vertex 56.0445 107 112.496
    endloop
  endfacet
  facet normal -0.997859 -0 -0.0653973
    outer loop
      vertex 56 107 113.175
      vertex 56.0445 105 112.496
      vertex 56 105 113.175
    endloop
  endfacet
  facet normal 0.896825 0 -0.442385
    outer loop
      vertex 66.0042 105 111.185
      vertex 65.7033 107 110.575
      vertex 66.0042 107 111.185
    endloop
  endfacet
  facet normal 0.896825 0 -0.442385
    outer loop
      vertex 65.7033 107 110.575
      vertex 66.0042 105 111.185
      vertex 65.7033 105 110.575
    endloop
  endfacet
  facet normal 0.946934 -0 0.321428
    outer loop
      vertex 66.0042 105 115.165
      vertex 66.2228 107 114.521
      vertex 66.0042 107 115.165
    endloop
  endfacet
  facet normal 0.946934 0 0.321428
    outer loop
      vertex 66.2228 107 114.521
      vertex 66.0042 105 115.165
      vertex 66.2228 105 114.521
    endloop
  endfacet
  facet normal 0.751647 -0 0.659566
    outer loop
      vertex 64.877 105 116.852
      vertex 65.3254 107 116.341
      vertex 64.877 107 116.852
    endloop
  endfacet
  facet normal 0.751647 0 0.659566
    outer loop
      vertex 65.3254 107 116.341
      vertex 64.877 105 116.852
      vertex 65.3254 105 116.341
    endloop
  endfacet
  facet normal -0.980778 0 0.195126
    outer loop
      vertex 56.0445 105 113.854
      vertex 56.1772 107 114.521
      vertex 56.0445 107 113.854
    endloop
  endfacet
  facet normal -0.980778 0 0.195126
    outer loop
      vertex 56.1772 107 114.521
      vertex 56.0445 105 113.854
      vertex 56.1772 105 114.521
    endloop
  endfacet
  facet normal -0.831666 0 0.555277
    outer loop
      vertex 56.6967 105 115.775
      vertex 57.0746 107 116.341
      vertex 56.6967 107 115.775
    endloop
  endfacet
  facet normal -0.831666 0 0.555277
    outer loop
      vertex 57.0746 107 116.341
      vertex 56.6967 105 115.775
      vertex 57.0746 105 116.341
    endloop
  endfacet
  facet normal -0.751647 0 0.659566
    outer loop
      vertex 57.0746 105 116.341
      vertex 57.523 107 116.852
      vertex 57.0746 107 116.341
    endloop
  endfacet
  facet normal -0.751647 0 0.659566
    outer loop
      vertex 57.523 107 116.852
      vertex 57.0746 105 116.341
      vertex 57.523 105 116.852
    endloop
  endfacet
  facet normal 0.752285 0 -0.658837
    outer loop
      vertex 65.3254 105 110.01
      vertex 64.877 107 109.498
      vertex 65.3254 107 110.01
    endloop
  endfacet
  facet normal 0.752285 0 -0.658837
    outer loop
      vertex 64.877 107 109.498
      vertex 65.3254 105 110.01
      vertex 64.877 105 109.498
    endloop
  endfacet
  facet normal -0.980778 0 -0.195126
    outer loop
      vertex 56.1772 105 111.829
      vertex 56.0445 107 112.496
      vertex 56.1772 107 111.829
    endloop
  endfacet
  facet normal -0.980778 -0 -0.195126
    outer loop
      vertex 56.0445 107 112.496
      vertex 56.1772 105 111.829
      vertex 56.0445 105 112.496
    endloop
  endfacet
  facet normal -0.946934 0 -0.321428
    outer loop
      vertex 56.3958 105 111.185
      vertex 56.1772 107 111.829
      vertex 56.3958 107 111.185
    endloop
  endfacet
  facet normal -0.946934 -0 -0.321428
    outer loop
      vertex 56.1772 107 111.829
      vertex 56.3958 105 111.185
      vertex 56.1772 105 111.829
    endloop
  endfacet
  facet normal 0.066158 -9.04079e-19 -0.997809
    outer loop
      vertex 61.2 105 107.975
      vertex 61.8787 107 108.02
      vertex 61.8787 105 108.02
    endloop
  endfacet
  facet normal 0.066158 -9.04079e-19 -0.997809
    outer loop
      vertex 61.8787 107 108.02
      vertex 61.2 105 107.975
      vertex 61.2 107 107.975
    endloop
  endfacet
  facet normal 0.19408 3.15334e-18 -0.980986
    outer loop
      vertex 61.8787 105 108.02
      vertex 62.5459 107 108.152
      vertex 62.5459 105 108.152
    endloop
  endfacet
  facet normal 0.19408 3.15334e-18 -0.980986
    outer loop
      vertex 62.5459 107 108.152
      vertex 61.8787 105 108.02
      vertex 61.8787 107 108.02
    endloop
  endfacet
  facet normal 0.980778 -0 0.195126
    outer loop
      vertex 66.2228 105 114.521
      vertex 66.3555 107 113.854
      vertex 66.2228 107 114.521
    endloop
  endfacet
  facet normal 0.980778 0 0.195126
    outer loop
      vertex 66.3555 107 113.854
      vertex 66.2228 105 114.521
      vertex 66.3555 105 113.854
    endloop
  endfacet
  facet normal 0.195494 -1.52393e-18 0.980705
    outer loop
      vertex 61.8787 107 118.331
      vertex 62.5459 105 118.198
      vertex 62.5459 107 118.198
    endloop
  endfacet
  facet normal 0.195494 -1.52393e-18 0.980705
    outer loop
      vertex 62.5459 105 118.198
      vertex 61.8787 107 118.331
      vertex 61.8787 105 118.331
    endloop
  endfacet
  facet normal 0.064694 -6.07759e-19 0.997905
    outer loop
      vertex 61.2 107 118.375
      vertex 61.8787 105 118.331
      vertex 61.8787 107 118.331
    endloop
  endfacet
  facet normal 0.064694 -6.07759e-19 0.997905
    outer loop
      vertex 61.8787 105 118.331
      vertex 61.2 107 118.375
      vertex 61.2 105 118.375
    endloop
  endfacet
  facet normal 0.554632 6.19078e-18 0.832096
    outer loop
      vertex 63.8 107 117.678
      vertex 64.3656 105 117.301
      vertex 64.3656 107 117.301
    endloop
  endfacet
  facet normal 0.554632 6.19078e-18 0.832096
    outer loop
      vertex 64.3656 105 117.301
      vertex 63.8 107 117.678
      vertex 63.8 105 117.678
    endloop
  endfacet
  facet normal 0.442503 9.70284e-18 0.896767
    outer loop
      vertex 63.19 107 117.979
      vertex 63.8 105 117.678
      vertex 63.8 107 117.678
    endloop
  endfacet
  facet normal 0.442503 9.70284e-18 0.896767
    outer loop
      vertex 63.8 105 117.678
      vertex 63.19 107 117.979
      vertex 63.19 105 117.979
    endloop
  endfacet
  facet normal -0.997859 0 0.0653973
    outer loop
      vertex 56 105 113.175
      vertex 56.0445 107 113.854
      vertex 56 107 113.175
    endloop
  endfacet
  facet normal -0.997859 0 0.0653973
    outer loop
      vertex 56.0445 107 113.854
      vertex 56 105 113.175
      vertex 56.0445 105 113.854
    endloop
  endfacet
  facet normal -0.896825 0 0.442385
    outer loop
      vertex 56.3958 105 115.165
      vertex 56.6967 107 115.775
      vertex 56.3958 107 115.165
    endloop
  endfacet
  facet normal -0.896825 0 0.442385
    outer loop
      vertex 56.6967 107 115.775
      vertex 56.3958 105 115.165
      vertex 56.6967 105 115.775
    endloop
  endfacet
  facet normal -0.195494 2.50502e-18 0.980705
    outer loop
      vertex 59.8541 107 118.198
      vertex 60.5213 105 118.331
      vertex 60.5213 107 118.331
    endloop
  endfacet
  facet normal -0.195494 2.50502e-18 0.980705
    outer loop
      vertex 60.5213 105 118.331
      vertex 59.8541 107 118.198
      vertex 59.8541 105 118.198
    endloop
  endfacet
  facet normal -0.321911 1.01996e-17 0.94677
    outer loop
      vertex 59.21 107 117.979
      vertex 59.8541 105 118.198
      vertex 59.8541 107 118.198
    endloop
  endfacet
  facet normal -0.321911 1.01996e-17 0.94677
    outer loop
      vertex 59.8541 105 118.198
      vertex 59.21 107 117.979
      vertex 59.21 105 117.979
    endloop
  endfacet
  facet normal -0.554632 -6.19078e-18 0.832096
    outer loop
      vertex 58.0344 107 117.301
      vertex 58.6 105 117.678
      vertex 58.6 107 117.678
    endloop
  endfacet
  facet normal -0.554632 -6.19078e-18 0.832096
    outer loop
      vertex 58.6 105 117.678
      vertex 58.0344 107 117.301
      vertex 58.0344 105 117.301
    endloop
  endfacet
  facet normal -0.659773 -4.20195e-18 0.751465
    outer loop
      vertex 57.523 107 116.852
      vertex 58.0344 105 117.301
      vertex 58.0344 107 117.301
    endloop
  endfacet
  facet normal -0.659773 -4.20195e-18 0.751465
    outer loop
      vertex 58.0344 105 117.301
      vertex 57.523 107 116.852
      vertex 57.523 105 116.852
    endloop
  endfacet
  facet normal 0.980778 0 -0.195126
    outer loop
      vertex 66.3555 105 112.496
      vertex 66.2228 107 111.829
      vertex 66.3555 107 112.496
    endloop
  endfacet
  facet normal 0.980778 0 -0.195126
    outer loop
      vertex 66.2228 107 111.829
      vertex 66.3555 105 112.496
      vertex 66.2228 105 111.829
    endloop
  endfacet
  facet normal 0.946934 0 -0.321428
    outer loop
      vertex 66.2228 105 111.829
      vertex 66.0042 107 111.185
      vertex 66.2228 107 111.829
    endloop
  endfacet
  facet normal 0.946934 0 -0.321428
    outer loop
      vertex 66.0042 107 111.185
      vertex 66.2228 105 111.829
      vertex 66.0042 105 111.185
    endloop
  endfacet
  facet normal 0.55565 5.12987e-18 -0.831417
    outer loop
      vertex 63.8 105 108.672
      vertex 64.3656 107 109.05
      vertex 64.3656 105 109.05
    endloop
  endfacet
  facet normal 0.55565 5.12987e-18 -0.831417
    outer loop
      vertex 64.3656 107 109.05
      vertex 63.8 105 108.672
      vertex 63.8 107 108.672
    endloop
  endfacet
  facet normal 0.831212 0 -0.555956
    outer loop
      vertex 65.7033 105 110.575
      vertex 65.3254 107 110.01
      vertex 65.7033 107 110.575
    endloop
  endfacet
  facet normal 0.831212 0 -0.555956
    outer loop
      vertex 65.3254 107 110.01
      vertex 65.7033 105 110.575
      vertex 65.3254 105 110.01
    endloop
  endfacet
  facet normal -0.066158 -1.23782e-18 -0.997809
    outer loop
      vertex 60.5213 105 108.02
      vertex 61.2 107 107.975
      vertex 61.2 105 107.975
    endloop
  endfacet
  facet normal -0.066158 -1.23782e-18 -0.997809
    outer loop
      vertex 61.2 107 107.975
      vertex 60.5213 105 108.02
      vertex 60.5213 107 108.02
    endloop
  endfacet
  facet normal -0.752285 0 -0.658837
    outer loop
      vertex 57.523 105 109.498
      vertex 57.0746 107 110.01
      vertex 57.523 107 109.498
    endloop
  endfacet
  facet normal -0.752285 -0 -0.658837
    outer loop
      vertex 57.0746 107 110.01
      vertex 57.523 105 109.498
      vertex 57.0746 105 110.01
    endloop
  endfacet
  facet normal -0.831212 0 -0.555956
    outer loop
      vertex 57.0746 105 110.01
      vertex 56.6967 107 110.575
      vertex 57.0746 107 110.01
    endloop
  endfacet
  facet normal -0.831212 -0 -0.555956
    outer loop
      vertex 56.6967 107 110.575
      vertex 57.0746 105 110.01
      vertex 56.6967 105 110.575
    endloop
  endfacet
  facet normal -0.896825 0 -0.442385
    outer loop
      vertex 56.6967 105 110.575
      vertex 56.3958 107 111.185
      vertex 56.6967 107 110.575
    endloop
  endfacet
  facet normal -0.896825 -0 -0.442385
    outer loop
      vertex 56.3958 107 111.185
      vertex 56.6967 105 110.575
      vertex 56.3958 105 111.185
    endloop
  endfacet
  facet normal 0.321911 -8.89473e-18 -0.94677
    outer loop
      vertex 62.5459 105 108.152
      vertex 63.19 107 108.371
      vertex 63.19 105 108.371
    endloop
  endfacet
  facet normal 0.321911 -8.89473e-18 -0.94677
    outer loop
      vertex 63.19 107 108.371
      vertex 62.5459 105 108.152
      vertex 62.5459 107 108.152
    endloop
  endfacet
  facet normal 0.658942 -1.67444e-18 -0.752194
    outer loop
      vertex 64.3656 105 109.05
      vertex 64.877 107 109.498
      vertex 64.877 105 109.498
    endloop
  endfacet
  facet normal 0.658942 -1.67444e-18 -0.752194
    outer loop
      vertex 64.877 107 109.498
      vertex 64.3656 105 109.05
      vertex 64.3656 107 109.05
    endloop
  endfacet
  facet normal -0.19408 1.09097e-18 -0.980986
    outer loop
      vertex 59.8541 105 108.152
      vertex 60.5213 107 108.02
      vertex 60.5213 105 108.02
    endloop
  endfacet
  facet normal -0.19408 1.09097e-18 -0.980986
    outer loop
      vertex 60.5213 107 108.02
      vertex 59.8541 105 108.152
      vertex 59.8541 107 108.152
    endloop
  endfacet
  facet normal -0.658942 1.67444e-18 -0.752194
    outer loop
      vertex 57.523 105 109.498
      vertex 58.0344 107 109.05
      vertex 58.0344 105 109.05
    endloop
  endfacet
  facet normal -0.658942 1.67444e-18 -0.752194
    outer loop
      vertex 58.0344 107 109.05
      vertex 57.523 105 109.498
      vertex 57.523 107 109.498
    endloop
  endfacet
  facet normal -0.55565 -5.12987e-18 -0.831417
    outer loop
      vertex 58.0344 105 109.05
      vertex 58.6 107 108.672
      vertex 58.6 105 108.672
    endloop
  endfacet
  facet normal -0.55565 -5.12987e-18 -0.831417
    outer loop
      vertex 58.6 107 108.672
      vertex 58.0344 105 109.05
      vertex 58.0344 107 109.05
    endloop
  endfacet
  facet normal -0.321911 -1.01996e-17 -0.94677
    outer loop
      vertex 59.21 105 108.371
      vertex 59.8541 107 108.152
      vertex 59.8541 105 108.152
    endloop
  endfacet
  facet normal -0.321911 -1.01996e-17 -0.94677
    outer loop
      vertex 59.8541 107 108.152
      vertex 59.21 105 108.371
      vertex 59.21 107 108.371
    endloop
  endfacet
  facet normal -0.442503 9.70284e-18 -0.896767
    outer loop
      vertex 58.6 105 108.672
      vertex 59.21 107 108.371
      vertex 59.21 105 108.371
    endloop
  endfacet
  facet normal -0.442503 9.70284e-18 -0.896767
    outer loop
      vertex 59.21 107 108.371
      vertex 58.6 105 108.672
      vertex 58.6 107 108.672
    endloop
  endfacet
  facet normal 0.997859 -0 0.0653973
    outer loop
      vertex 66.3555 105 145.854
      vertex 66.4 107 145.175
      vertex 66.3555 107 145.854
    endloop
  endfacet
  facet normal 0.997859 0 0.0653973
    outer loop
      vertex 66.4 107 145.175
      vertex 66.3555 105 145.854
      vertex 66.4 105 145.175
    endloop
  endfacet
  facet normal 0.896825 -0 0.442385
    outer loop
      vertex 65.7033 105 147.775
      vertex 66.0042 107 147.165
      vertex 65.7033 107 147.775
    endloop
  endfacet
  facet normal 0.896825 0 0.442385
    outer loop
      vertex 66.0042 107 147.165
      vertex 65.7033 105 147.775
      vertex 66.0042 105 147.165
    endloop
  endfacet
  facet normal 0.321911 8.89473e-18 0.94677
    outer loop
      vertex 62.5459 107 150.198
      vertex 63.19 105 149.979
      vertex 63.19 107 149.979
    endloop
  endfacet
  facet normal 0.321911 8.89473e-18 0.94677
    outer loop
      vertex 63.19 105 149.979
      vertex 62.5459 107 150.198
      vertex 62.5459 105 150.198
    endloop
  endfacet
  facet normal -0.442503 4.17402e-18 0.896767
    outer loop
      vertex 58.6 107 149.678
      vertex 59.21 105 149.979
      vertex 59.21 107 149.979
    endloop
  endfacet
  facet normal -0.442503 4.17402e-18 0.896767
    outer loop
      vertex 59.21 105 149.979
      vertex 58.6 107 149.678
      vertex 58.6 105 149.678
    endloop
  endfacet
  facet normal -0.946934 0 0.321428
    outer loop
      vertex 56.1772 105 146.521
      vertex 56.3958 107 147.165
      vertex 56.1772 107 146.521
    endloop
  endfacet
  facet normal -0.946934 0 0.321428
    outer loop
      vertex 56.3958 107 147.165
      vertex 56.1772 105 146.521
      vertex 56.3958 105 147.165
    endloop
  endfacet
  facet normal 0.659773 7.53762e-18 0.751465
    outer loop
      vertex 64.3656 107 149.301
      vertex 64.877 105 148.852
      vertex 64.877 107 148.852
    endloop
  endfacet
  facet normal 0.659773 7.53762e-18 0.751465
    outer loop
      vertex 64.877 105 148.852
      vertex 64.3656 107 149.301
      vertex 64.3656 105 149.301
    endloop
  endfacet
  facet normal 0.831666 -0 0.555277
    outer loop
      vertex 65.3254 105 148.341
      vertex 65.7033 107 147.775
      vertex 65.3254 107 148.341
    endloop
  endfacet
  facet normal 0.831666 0 0.555277
    outer loop
      vertex 65.7033 107 147.775
      vertex 65.3254 105 148.341
      vertex 65.7033 105 147.775
    endloop
  endfacet
  facet normal -0.064694 4.35893e-19 0.997905
    outer loop
      vertex 60.5213 107 150.331
      vertex 61.2 105 150.375
      vertex 61.2 107 150.375
    endloop
  endfacet
  facet normal -0.064694 4.35893e-19 0.997905
    outer loop
      vertex 61.2 105 150.375
      vertex 60.5213 107 150.331
      vertex 60.5213 105 150.331
    endloop
  endfacet
  facet normal 0.442503 -4.17402e-18 0.896767
    outer loop
      vertex 63.19 107 149.979
      vertex 63.8 105 149.678
      vertex 63.8 107 149.678
    endloop
  endfacet
  facet normal 0.442503 -4.17402e-18 0.896767
    outer loop
      vertex 63.8 105 149.678
      vertex 63.19 107 149.979
      vertex 63.19 105 149.979
    endloop
  endfacet
  facet normal 0 1 0
    outer loop
      vertex 61.2 107 147.275
      vertex 61.2 107 150.375
      vertex 61.8787 107 150.331
    endloop
  endfacet
  facet normal 0 1 0
    outer loop
      vertex 61.5647 107 147.243
      vertex 61.8787 107 150.331
      vertex 62.5459 107 150.198
    endloop
  endfacet
  facet normal 0 1 0
    outer loop
      vertex 61.2 107 150.375
      vertex 61.2 107 147.275
      vertex 60.5213 107 150.331
    endloop
  endfacet
  facet normal 0 1 0
    outer loop
      vertex 61.9182 107 147.148
      vertex 62.5459 107 150.198
      vertex 63.19 107 149.979
    endloop
  endfacet
  facet normal 0 1 -0
    outer loop
      vertex 60.8353 107 147.243
      vertex 60.5213 107 150.331
      vertex 61.2 107 147.275
    endloop
  endfacet
  facet normal 0 1 0
    outer loop
      vertex 62.25 107 146.994
      vertex 63.19 107 149.979
      vertex 63.8 107 149.678
    endloop
  endfacet
  facet normal 0 1 0
    outer loop
      vertex 60.5213 107 150.331
      vertex 60.8353 107 147.243
      vertex 59.8541 107 150.198
    endloop
  endfacet
  facet normal 0 1 0
    outer loop
      vertex 62.25 107 146.994
      vertex 63.8 107 149.678
      vertex 64.3656 107 149.301
    endloop
  endfacet
  facet normal 0 1 -0
    outer loop
      vertex 60.4818 107 147.148
      vertex 59.8541 107 150.198
      vertex 60.8353 107 147.243
    endloop
  endfacet
  facet normal 0 1 0
    outer loop
      vertex 62.5499 107 146.784
      vertex 64.3656 107 149.301
      vertex 64.877 107 148.852
    endloop
  endfacet
  facet normal 0 1 0
    outer loop
      vertex 59.8541 107 150.198
      vertex 60.4818 107 147.148
      vertex 59.21 107 149.979
    endloop
  endfacet
  facet normal 0 1 0
    outer loop
      vertex 62.8087 107 146.525
      vertex 64.877 107 148.852
      vertex 65.3254 107 148.341
    endloop
  endfacet
  facet normal 0 1 -0
    outer loop
      vertex 60.15 107 146.994
      vertex 59.21 107 149.979
      vertex 60.4818 107 147.148
    endloop
  endfacet
  facet normal 0 1 0
    outer loop
      vertex 63.0187 107 146.225
      vertex 65.3254 107 148.341
      vertex 65.7033 107 147.775
    endloop
  endfacet
  facet normal 0 1 0
    outer loop
      vertex 59.21 107 149.979
      vertex 60.15 107 146.994
      vertex 58.6 107 149.678
    endloop
  endfacet
  facet normal 0 1 0
    outer loop
      vertex 58.6 107 149.678
      vertex 60.15 107 146.994
      vertex 58.0344 107 149.301
    endloop
  endfacet
  facet normal 0 1 0
    outer loop
      vertex 61.8787 107 150.331
      vertex 61.5647 107 147.243
      vertex 61.2 107 147.275
    endloop
  endfacet
  facet normal 0 1 0
    outer loop
      vertex 63.0187 107 146.225
      vertex 65.7033 107 147.775
      vertex 66.0042 107 147.165
    endloop
  endfacet
  facet normal 0 1 0
    outer loop
      vertex 62.5459 107 150.198
      vertex 61.9182 107 147.148
      vertex 61.5647 107 147.243
    endloop
  endfacet
  facet normal 0 1 0
    outer loop
      vertex 63.19 107 149.979
      vertex 62.25 107 146.994
      vertex 61.9182 107 147.148
    endloop
  endfacet
  facet normal 0 1 0
    outer loop
      vertex 64.3656 107 149.301
      vertex 62.5499 107 146.784
      vertex 62.25 107 146.994
    endloop
  endfacet
  facet normal 0 1 0
    outer loop
      vertex 64.877 107 148.852
      vertex 62.8087 107 146.525
      vertex 62.5499 107 146.784
    endloop
  endfacet
  facet normal 0 1 0
    outer loop
      vertex 63.1734 107 145.893
      vertex 66.0042 107 147.165
      vertex 66.2228 107 146.521
    endloop
  endfacet
  facet normal 0 1 0
    outer loop
      vertex 65.3254 107 148.341
      vertex 63.0187 107 146.225
      vertex 62.8087 107 146.525
    endloop
  endfacet
  facet normal 0 1 0
    outer loop
      vertex 66.0042 107 147.165
      vertex 63.1734 107 145.893
      vertex 63.0187 107 146.225
    endloop
  endfacet
  facet normal 0 1 0
    outer loop
      vertex 63.2681 107 145.54
      vertex 66.2228 107 146.521
      vertex 66.3555 107 145.854
    endloop
  endfacet
  facet normal 0 1 0
    outer loop
      vertex 66.2228 107 146.521
      vertex 63.2681 107 145.54
      vertex 63.1734 107 145.893
    endloop
  endfacet
  facet normal 0 1 0
    outer loop
      vertex 63.3 107 145.175
      vertex 66.3555 107 145.854
      vertex 66.4 107 145.175
    endloop
  endfacet
  facet normal 0 1 0
    outer loop
      vertex 66.3555 107 145.854
      vertex 63.3 107 145.175
      vertex 63.2681 107 145.54
    endloop
  endfacet
  facet normal 0 1 -0
    outer loop
      vertex 66.3555 107 144.496
      vertex 63.3 107 145.175
      vertex 66.4 107 145.175
    endloop
  endfacet
  facet normal 0 1 0
    outer loop
      vertex 63.3 107 145.175
      vertex 66.3555 107 144.496
      vertex 63.2681 107 144.81
    endloop
  endfacet
  facet normal 0 1 -0
    outer loop
      vertex 66.2228 107 143.829
      vertex 63.2681 107 144.81
      vertex 66.3555 107 144.496
    endloop
  endfacet
  facet normal 0 1 0
    outer loop
      vertex 63.2681 107 144.81
      vertex 66.2228 107 143.829
      vertex 63.1734 107 144.457
    endloop
  endfacet
  facet normal 0 1 -0
    outer loop
      vertex 66.0042 107 143.185
      vertex 63.1734 107 144.457
      vertex 66.2228 107 143.829
    endloop
  endfacet
  facet normal 0 1 0
    outer loop
      vertex 63.1734 107 144.457
      vertex 66.0042 107 143.185
      vertex 63.0187 107 144.125
    endloop
  endfacet
  facet normal 0 1 -0
    outer loop
      vertex 65.7033 107 142.575
      vertex 63.0187 107 144.125
      vertex 66.0042 107 143.185
    endloop
  endfacet
  facet normal 0 1 -0
    outer loop
      vertex 65.3254 107 142.01
      vertex 63.0187 107 144.125
      vertex 65.7033 107 142.575
    endloop
  endfacet
  facet normal 0 1 0
    outer loop
      vertex 63.0187 107 144.125
      vertex 65.3254 107 142.01
      vertex 62.8087 107 143.825
    endloop
  endfacet
  facet normal 0 1 -0
    outer loop
      vertex 64.877 107 141.498
      vertex 62.8087 107 143.825
      vertex 65.3254 107 142.01
    endloop
  endfacet
  facet normal 0 1 0
    outer loop
      vertex 62.8087 107 143.825
      vertex 64.877 107 141.498
      vertex 62.5499 107 143.566
    endloop
  endfacet
  facet normal 0 1 -0
    outer loop
      vertex 64.3656 107 141.05
      vertex 62.5499 107 143.566
      vertex 64.877 107 141.498
    endloop
  endfacet
  facet normal 0 1 0
    outer loop
      vertex 62.5499 107 143.566
      vertex 64.3656 107 141.05
      vertex 62.25 107 143.356
    endloop
  endfacet
  facet normal 0 1 -0
    outer loop
      vertex 59.8501 107 146.784
      vertex 58.0344 107 149.301
      vertex 60.15 107 146.994
    endloop
  endfacet
  facet normal 0 1 0
    outer loop
      vertex 58.0344 107 149.301
      vertex 59.8501 107 146.784
      vertex 57.523 107 148.852
    endloop
  endfacet
  facet normal 0 1 -0
    outer loop
      vertex 59.5913 107 146.525
      vertex 57.523 107 148.852
      vertex 59.8501 107 146.784
    endloop
  endfacet
  facet normal 0 1 0
    outer loop
      vertex 57.523 107 148.852
      vertex 59.5913 107 146.525
      vertex 57.0746 107 148.341
    endloop
  endfacet
  facet normal 0 1 -0
    outer loop
      vertex 59.3813 107 146.225
      vertex 57.0746 107 148.341
      vertex 59.5913 107 146.525
    endloop
  endfacet
  facet normal 0 1 0
    outer loop
      vertex 57.0746 107 148.341
      vertex 59.3813 107 146.225
      vertex 56.6967 107 147.775
    endloop
  endfacet
  facet normal 0 1 0
    outer loop
      vertex 56.6967 107 147.775
      vertex 59.3813 107 146.225
      vertex 56.3958 107 147.165
    endloop
  endfacet
  facet normal 0 1 -0
    outer loop
      vertex 59.2266 107 145.893
      vertex 56.3958 107 147.165
      vertex 59.3813 107 146.225
    endloop
  endfacet
  facet normal 0 1 0
    outer loop
      vertex 56.3958 107 147.165
      vertex 59.2266 107 145.893
      vertex 56.1772 107 146.521
    endloop
  endfacet
  facet normal 0 1 -0
    outer loop
      vertex 59.1319 107 145.54
      vertex 56.1772 107 146.521
      vertex 59.2266 107 145.893
    endloop
  endfacet
  facet normal 0 1 0
    outer loop
      vertex 56.1772 107 146.521
      vertex 59.1319 107 145.54
      vertex 56.0445 107 145.854
    endloop
  endfacet
  facet normal 0 1 -0
    outer loop
      vertex 59.1 107 145.175
      vertex 56.0445 107 145.854
      vertex 59.1319 107 145.54
    endloop
  endfacet
  facet normal 0 1 0
    outer loop
      vertex 59.1 107 145.175
      vertex 56 107 145.175
      vertex 56.0445 107 145.854
    endloop
  endfacet
  facet normal 0 1 0
    outer loop
      vertex 56.0445 107 144.496
      vertex 59.1 107 145.175
      vertex 59.1319 107 144.81
    endloop
  endfacet
  facet normal 0 1 0
    outer loop
      vertex 59.1 107 145.175
      vertex 56.0445 107 144.496
      vertex 56 107 145.175
    endloop
  endfacet
  facet normal 0 1 0
    outer loop
      vertex 56.1772 107 143.829
      vertex 59.1319 107 144.81
      vertex 59.2266 107 144.457
    endloop
  endfacet
  facet normal 0 1 0
    outer loop
      vertex 56.3958 107 143.185
      vertex 59.2266 107 144.457
      vertex 59.3813 107 144.125
    endloop
  endfacet
  facet normal 0 1 0
    outer loop
      vertex 59.1319 107 144.81
      vertex 56.1772 107 143.829
      vertex 56.0445 107 144.496
    endloop
  endfacet
  facet normal 0 1 0
    outer loop
      vertex 57.0746 107 142.01
      vertex 59.3813 107 144.125
      vertex 59.5913 107 143.825
    endloop
  endfacet
  facet normal 0 1 0
    outer loop
      vertex 57.523 107 141.498
      vertex 59.5913 107 143.825
      vertex 59.8501 107 143.566
    endloop
  endfacet
  facet normal 0 1 0
    outer loop
      vertex 58.0344 107 141.05
      vertex 59.8501 107 143.566
      vertex 60.15 107 143.356
    endloop
  endfacet
  facet normal 0 1 0
    outer loop
      vertex 59.21 107 140.371
      vertex 60.15 107 143.356
      vertex 60.4818 107 143.202
    endloop
  endfacet
  facet normal 0 1 0
    outer loop
      vertex 59.2266 107 144.457
      vertex 56.3958 107 143.185
      vertex 56.1772 107 143.829
    endloop
  endfacet
  facet normal 0 1 0
    outer loop
      vertex 59.8541 107 140.152
      vertex 60.4818 107 143.202
      vertex 60.8353 107 143.107
    endloop
  endfacet
  facet normal 0 1 0
    outer loop
      vertex 60.5213 107 140.02
      vertex 60.8353 107 143.107
      vertex 61.2 107 143.075
    endloop
  endfacet
  facet normal 0 1 -0
    outer loop
      vertex 63.8 107 140.672
      vertex 62.25 107 143.356
      vertex 64.3656 107 141.05
    endloop
  endfacet
  facet normal 0 1 0
    outer loop
      vertex 59.3813 107 144.125
      vertex 56.6967 107 142.575
      vertex 56.3958 107 143.185
    endloop
  endfacet
  facet normal 0 1 -0
    outer loop
      vertex 63.19 107 140.371
      vertex 62.25 107 143.356
      vertex 63.8 107 140.672
    endloop
  endfacet
  facet normal 0 1 0
    outer loop
      vertex 59.3813 107 144.125
      vertex 57.0746 107 142.01
      vertex 56.6967 107 142.575
    endloop
  endfacet
  facet normal 0 1 0
    outer loop
      vertex 62.25 107 143.356
      vertex 63.19 107 140.371
      vertex 61.9182 107 143.202
    endloop
  endfacet
  facet normal 0 1 0
    outer loop
      vertex 59.5913 107 143.825
      vertex 57.523 107 141.498
      vertex 57.0746 107 142.01
    endloop
  endfacet
  facet normal 0 1 -0
    outer loop
      vertex 62.5459 107 140.152
      vertex 61.9182 107 143.202
      vertex 63.19 107 140.371
    endloop
  endfacet
  facet normal 0 1 0
    outer loop
      vertex 59.8501 107 143.566
      vertex 58.0344 107 141.05
      vertex 57.523 107 141.498
    endloop
  endfacet
  facet normal 0 1 0
    outer loop
      vertex 61.9182 107 143.202
      vertex 62.5459 107 140.152
      vertex 61.5647 107 143.107
    endloop
  endfacet
  facet normal 0 1 0
    outer loop
      vertex 60.15 107 143.356
      vertex 58.6 107 140.672
      vertex 58.0344 107 141.05
    endloop
  endfacet
  facet normal 0 1 -0
    outer loop
      vertex 61.8787 107 140.02
      vertex 61.5647 107 143.107
      vertex 62.5459 107 140.152
    endloop
  endfacet
  facet normal 0 1 0
    outer loop
      vertex 60.15 107 143.356
      vertex 59.21 107 140.371
      vertex 58.6 107 140.672
    endloop
  endfacet
  facet normal 0 1 0
    outer loop
      vertex 61.5647 107 143.107
      vertex 61.8787 107 140.02
      vertex 61.2 107 143.075
    endloop
  endfacet
  facet normal 0 1 0
    outer loop
      vertex 60.4818 107 143.202
      vertex 59.8541 107 140.152
      vertex 59.21 107 140.371
    endloop
  endfacet
  facet normal 0 1 0
    outer loop
      vertex 61.2 107 139.975
      vertex 61.2 107 143.075
      vertex 61.8787 107 140.02
    endloop
  endfacet
  facet normal 0 1 0
    outer loop
      vertex 60.8353 107 143.107
      vertex 60.5213 107 140.02
      vertex 59.8541 107 140.152
    endloop
  endfacet
  facet normal 0 1 0
    outer loop
      vertex 61.2 107 143.075
      vertex 61.2 107 139.975
      vertex 60.5213 107 140.02
    endloop
  endfacet
  facet normal -0.831666 0 0.555277
    outer loop
      vertex 56.6967 105 147.775
      vertex 57.0746 107 148.341
      vertex 56.6967 107 147.775
    endloop
  endfacet
  facet normal -0.831666 0 0.555277
    outer loop
      vertex 57.0746 107 148.341
      vertex 56.6967 105 147.775
      vertex 57.0746 105 148.341
    endloop
  endfacet
  facet normal -0.321911 1.01996e-17 0.94677
    outer loop
      vertex 59.21 107 149.979
      vertex 59.8541 105 150.198
      vertex 59.8541 107 150.198
    endloop
  endfacet
  facet normal -0.321911 1.01996e-17 0.94677
    outer loop
      vertex 59.8541 105 150.198
      vertex 59.21 107 149.979
      vertex 59.21 105 149.979
    endloop
  endfacet
  facet normal 0.55565 -6.85311e-18 -0.831417
    outer loop
      vertex 63.8 105 140.672
      vertex 64.3656 107 141.05
      vertex 64.3656 105 141.05
    endloop
  endfacet
  facet normal 0.55565 -6.85311e-18 -0.831417
    outer loop
      vertex 64.3656 107 141.05
      vertex 63.8 105 140.672
      vertex 63.8 107 140.672
    endloop
  endfacet
  facet normal 0.946934 -0 0.321428
    outer loop
      vertex 66.0042 105 147.165
      vertex 66.2228 107 146.521
      vertex 66.0042 107 147.165
    endloop
  endfacet
  facet normal 0.946934 0 0.321428
    outer loop
      vertex 66.2228 107 146.521
      vertex 66.0042 105 147.165
      vertex 66.2228 105 146.521
    endloop
  endfacet
  facet normal 0.751647 -0 0.659566
    outer loop
      vertex 64.877 105 148.852
      vertex 65.3254 107 148.341
      vertex 64.877 107 148.852
    endloop
  endfacet
  facet normal 0.751647 0 0.659566
    outer loop
      vertex 65.3254 107 148.341
      vertex 64.877 105 148.852
      vertex 65.3254 105 148.341
    endloop
  endfacet
  facet normal 0.195494 4.33273e-18 0.980705
    outer loop
      vertex 61.8787 107 150.331
      vertex 62.5459 105 150.198
      vertex 62.5459 107 150.198
    endloop
  endfacet
  facet normal 0.195494 4.33273e-18 0.980705
    outer loop
      vertex 62.5459 105 150.198
      vertex 61.8787 107 150.331
      vertex 61.8787 105 150.331
    endloop
  endfacet
  facet normal 0.064694 -7.22337e-19 0.997905
    outer loop
      vertex 61.2 107 150.375
      vertex 61.8787 105 150.331
      vertex 61.8787 107 150.331
    endloop
  endfacet
  facet normal 0.064694 -7.22337e-19 0.997905
    outer loop
      vertex 61.8787 105 150.331
      vertex 61.2 107 150.375
      vertex 61.2 105 150.375
    endloop
  endfacet
  facet normal 0.554632 -2.23307e-18 0.832096
    outer loop
      vertex 63.8 107 149.678
      vertex 64.3656 105 149.301
      vertex 64.3656 107 149.301
    endloop
  endfacet
  facet normal 0.554632 -2.23307e-18 0.832096
    outer loop
      vertex 64.3656 105 149.301
      vertex 63.8 107 149.678
      vertex 63.8 105 149.678
    endloop
  endfacet
  facet normal -0.980778 0 0.195126
    outer loop
      vertex 56.0445 105 145.854
      vertex 56.1772 107 146.521
      vertex 56.0445 107 145.854
    endloop
  endfacet
  facet normal -0.980778 0 0.195126
    outer loop
      vertex 56.1772 107 146.521
      vertex 56.0445 105 145.854
      vertex 56.1772 105 146.521
    endloop
  endfacet
  facet normal -0.195494 -3.35164e-18 0.980705
    outer loop
      vertex 59.8541 107 150.198
      vertex 60.5213 105 150.331
      vertex 60.5213 107 150.331
    endloop
  endfacet
  facet normal -0.195494 -3.35164e-18 0.980705
    outer loop
      vertex 60.5213 105 150.331
      vertex 59.8541 107 150.198
      vertex 59.8541 105 150.198
    endloop
  endfacet
  facet normal -0.659773 -7.53762e-18 0.751465
    outer loop
      vertex 57.523 107 148.852
      vertex 58.0344 105 149.301
      vertex 58.0344 107 149.301
    endloop
  endfacet
  facet normal -0.659773 -7.53762e-18 0.751465
    outer loop
      vertex 58.0344 105 149.301
      vertex 57.523 107 148.852
      vertex 57.523 105 148.852
    endloop
  endfacet
  facet normal -0.751647 0 0.659566
    outer loop
      vertex 57.0746 105 148.341
      vertex 57.523 107 148.852
      vertex 57.0746 107 148.341
    endloop
  endfacet
  facet normal -0.751647 0 0.659566
    outer loop
      vertex 57.523 107 148.852
      vertex 57.0746 105 148.341
      vertex 57.523 105 148.852
    endloop
  endfacet
  facet normal -0.554632 2.23307e-18 0.832096
    outer loop
      vertex 58.0344 107 149.301
      vertex 58.6 105 149.678
      vertex 58.6 107 149.678
    endloop
  endfacet
  facet normal -0.554632 2.23307e-18 0.832096
    outer loop
      vertex 58.6 105 149.678
      vertex 58.0344 107 149.301
      vertex 58.0344 105 149.301
    endloop
  endfacet
  facet normal 0.946934 0 -0.321428
    outer loop
      vertex 66.2228 105 143.829
      vertex 66.0042 107 143.185
      vertex 66.2228 107 143.829
    endloop
  endfacet
  facet normal 0.946934 0 -0.321428
    outer loop
      vertex 66.0042 107 143.185
      vertex 66.2228 105 143.829
      vertex 66.0042 105 143.185
    endloop
  endfacet
  facet normal -0.980778 0 -0.195126
    outer loop
      vertex 56.1772 105 143.829
      vertex 56.0445 107 144.496
      vertex 56.1772 107 143.829
    endloop
  endfacet
  facet normal -0.980778 -0 -0.195126
    outer loop
      vertex 56.0445 107 144.496
      vertex 56.1772 105 143.829
      vertex 56.0445 105 144.496
    endloop
  endfacet
  facet normal 0.066158 -7.90758e-19 -0.997809
    outer loop
      vertex 61.2 105 139.975
      vertex 61.8787 107 140.02
      vertex 61.8787 105 140.02
    endloop
  endfacet
  facet normal 0.066158 -7.90758e-19 -0.997809
    outer loop
      vertex 61.8787 107 140.02
      vertex 61.2 105 139.975
      vertex 61.2 107 139.975
    endloop
  endfacet
  facet normal 0.19408 -2.705e-18 -0.980986
    outer loop
      vertex 61.8787 105 140.02
      vertex 62.5459 107 140.152
      vertex 62.5459 105 140.152
    endloop
  endfacet
  facet normal 0.19408 -2.705e-18 -0.980986
    outer loop
      vertex 62.5459 107 140.152
      vertex 61.8787 105 140.02
      vertex 61.8787 107 140.02
    endloop
  endfacet
  facet normal 0.980778 -0 0.195126
    outer loop
      vertex 66.2228 105 146.521
      vertex 66.3555 107 145.854
      vertex 66.2228 107 146.521
    endloop
  endfacet
  facet normal 0.980778 0 0.195126
    outer loop
      vertex 66.3555 107 145.854
      vertex 66.2228 105 146.521
      vertex 66.3555 105 145.854
    endloop
  endfacet
  facet normal -0.997859 0 0.0653973
    outer loop
      vertex 56 105 145.175
      vertex 56.0445 107 145.854
      vertex 56 107 145.175
    endloop
  endfacet
  facet normal -0.997859 0 0.0653973
    outer loop
      vertex 56.0445 107 145.854
      vertex 56 105 145.175
      vertex 56.0445 105 145.854
    endloop
  endfacet
  facet normal -0.997859 0 -0.0653973
    outer loop
      vertex 56.0445 105 144.496
      vertex 56 107 145.175
      vertex 56.0445 107 144.496
    endloop
  endfacet
  facet normal -0.997859 -0 -0.0653973
    outer loop
      vertex 56 107 145.175
      vertex 56.0445 105 144.496
      vertex 56 105 145.175
    endloop
  endfacet
  facet normal -0.896825 0 0.442385
    outer loop
      vertex 56.3958 105 147.165
      vertex 56.6967 107 147.775
      vertex 56.3958 107 147.165
    endloop
  endfacet
  facet normal -0.896825 0 0.442385
    outer loop
      vertex 56.6967 107 147.775
      vertex 56.3958 105 147.165
      vertex 56.6967 105 147.775
    endloop
  endfacet
  facet normal 0.980778 0 -0.195126
    outer loop
      vertex 66.3555 105 144.496
      vertex 66.2228 107 143.829
      vertex 66.3555 107 144.496
    endloop
  endfacet
  facet normal 0.980778 0 -0.195126
    outer loop
      vertex 66.2228 107 143.829
      vertex 66.3555 105 144.496
      vertex 66.2228 105 143.829
    endloop
  endfacet
  facet normal 0.997859 0 -0.0653973
    outer loop
      vertex 66.4 105 145.175
      vertex 66.3555 107 144.496
      vertex 66.4 107 145.175
    endloop
  endfacet
  facet normal 0.997859 0 -0.0653973
    outer loop
      vertex 66.3555 107 144.496
      vertex 66.4 105 145.175
      vertex 66.3555 105 144.496
    endloop
  endfacet
  facet normal 0.896825 0 -0.442385
    outer loop
      vertex 66.0042 105 143.185
      vertex 65.7033 107 142.575
      vertex 66.0042 107 143.185
    endloop
  endfacet
  facet normal 0.896825 0 -0.442385
    outer loop
      vertex 65.7033 107 142.575
      vertex 66.0042 105 143.185
      vertex 65.7033 105 142.575
    endloop
  endfacet
  facet normal 0.658942 -8.33231e-18 -0.752194
    outer loop
      vertex 64.3656 105 141.05
      vertex 64.877 107 141.498
      vertex 64.877 105 141.498
    endloop
  endfacet
  facet normal 0.658942 -8.33231e-18 -0.752194
    outer loop
      vertex 64.877 107 141.498
      vertex 64.3656 105 141.05
      vertex 64.3656 107 141.05
    endloop
  endfacet
  facet normal 0.752285 0 -0.658837
    outer loop
      vertex 65.3254 105 142.01
      vertex 64.877 107 141.498
      vertex 65.3254 107 142.01
    endloop
  endfacet
  facet normal 0.752285 0 -0.658837
    outer loop
      vertex 64.877 107 141.498
      vertex 65.3254 105 142.01
      vertex 64.877 105 141.498
    endloop
  endfacet
  facet normal 0.831212 0 -0.555956
    outer loop
      vertex 65.7033 105 142.575
      vertex 65.3254 107 142.01
      vertex 65.7033 107 142.575
    endloop
  endfacet
  facet normal 0.831212 0 -0.555956
    outer loop
      vertex 65.3254 107 142.01
      vertex 65.7033 105 142.575
      vertex 65.3254 105 142.01
    endloop
  endfacet
  facet normal -0.19408 -3.25297e-18 -0.980986
    outer loop
      vertex 59.8541 105 140.152
      vertex 60.5213 107 140.02
      vertex 60.5213 105 140.02
    endloop
  endfacet
  facet normal -0.19408 -3.25297e-18 -0.980986
    outer loop
      vertex 60.5213 107 140.02
      vertex 59.8541 105 140.152
      vertex 59.8541 107 140.152
    endloop
  endfacet
  facet normal -0.896825 0 -0.442385
    outer loop
      vertex 56.6967 105 142.575
      vertex 56.3958 107 143.185
      vertex 56.6967 107 142.575
    endloop
  endfacet
  facet normal -0.896825 -0 -0.442385
    outer loop
      vertex 56.3958 107 143.185
      vertex 56.6967 105 142.575
      vertex 56.3958 105 143.185
    endloop
  endfacet
  facet normal -0.946934 0 -0.321428
    outer loop
      vertex 56.3958 105 143.185
      vertex 56.1772 107 143.829
      vertex 56.3958 107 143.185
    endloop
  endfacet
  facet normal -0.946934 -0 -0.321428
    outer loop
      vertex 56.1772 107 143.829
      vertex 56.3958 105 143.185
      vertex 56.1772 105 143.829
    endloop
  endfacet
  facet normal 0.321911 1.19526e-19 -0.94677
    outer loop
      vertex 62.5459 105 140.152
      vertex 63.19 107 140.371
      vertex 63.19 105 140.371
    endloop
  endfacet
  facet normal 0.321911 1.19526e-19 -0.94677
    outer loop
      vertex 63.19 107 140.371
      vertex 62.5459 105 140.152
      vertex 62.5459 107 140.152
    endloop
  endfacet
  facet normal 0.442503 -3.17783e-18 -0.896767
    outer loop
      vertex 63.19 105 140.371
      vertex 63.8 107 140.672
      vertex 63.8 105 140.672
    endloop
  endfacet
  facet normal 0.442503 -3.17783e-18 -0.896767
    outer loop
      vertex 63.8 107 140.672
      vertex 63.19 105 140.371
      vertex 63.19 107 140.371
    endloop
  endfacet
  facet normal -0.442503 3.17783e-18 -0.896767
    outer loop
      vertex 58.6 105 140.672
      vertex 59.21 107 140.371
      vertex 59.21 105 140.371
    endloop
  endfacet
  facet normal -0.442503 3.17783e-18 -0.896767
    outer loop
      vertex 59.21 107 140.371
      vertex 58.6 105 140.672
      vertex 58.6 107 140.672
    endloop
  endfacet
  facet normal -0.066158 1.19797e-18 -0.997809
    outer loop
      vertex 60.5213 105 140.02
      vertex 61.2 107 139.975
      vertex 61.2 105 139.975
    endloop
  endfacet
  facet normal -0.066158 1.19797e-18 -0.997809
    outer loop
      vertex 61.2 107 139.975
      vertex 60.5213 105 140.02
      vertex 60.5213 107 140.02
    endloop
  endfacet
  facet normal -0.831212 0 -0.555956
    outer loop
      vertex 57.0746 105 142.01
      vertex 56.6967 107 142.575
      vertex 57.0746 107 142.01
    endloop
  endfacet
  facet normal -0.831212 -0 -0.555956
    outer loop
      vertex 56.6967 107 142.575
      vertex 57.0746 105 142.01
      vertex 56.6967 105 142.575
    endloop
  endfacet
  facet normal -0.752285 0 -0.658837
    outer loop
      vertex 57.523 105 141.498
      vertex 57.0746 107 142.01
      vertex 57.523 107 141.498
    endloop
  endfacet
  facet normal -0.752285 -0 -0.658837
    outer loop
      vertex 57.0746 107 142.01
      vertex 57.523 105 141.498
      vertex 57.0746 105 142.01
    endloop
  endfacet
  facet normal -0.658942 8.33231e-18 -0.752194
    outer loop
      vertex 57.523 105 141.498
      vertex 58.0344 107 141.05
      vertex 58.0344 105 141.05
    endloop
  endfacet
  facet normal -0.658942 8.33231e-18 -0.752194
    outer loop
      vertex 58.0344 107 141.05
      vertex 57.523 105 141.498
      vertex 57.523 107 141.498
    endloop
  endfacet
  facet normal -0.55565 6.85311e-18 -0.831417
    outer loop
      vertex 58.0344 105 141.05
      vertex 58.6 107 140.672
      vertex 58.6 105 140.672
    endloop
  endfacet
  facet normal -0.55565 6.85311e-18 -0.831417
    outer loop
      vertex 58.6 107 140.672
      vertex 58.0344 105 141.05
      vertex 58.0344 107 141.05
    endloop
  endfacet
  facet normal -0.321911 1.1853e-18 -0.94677
    outer loop
      vertex 59.21 105 140.371
      vertex 59.8541 107 140.152
      vertex 59.8541 105 140.152
    endloop
  endfacet
  facet normal -0.321911 1.1853e-18 -0.94677
    outer loop
      vertex 59.8541 107 140.152
      vertex 59.21 105 140.371
      vertex 59.21 107 140.371
    endloop
  endfacet
  facet normal -5.50967e-18 -0.793368 0.608743
    outer loop
      vertex -68.2 -41.0093 12.3582
      vertex -65.2 -40.2127 13.3964
      vertex -68.2 -40.2127 13.3964
    endloop
  endfacet
  facet normal -5.50967e-18 -0.793368 0.608743
    outer loop
      vertex -65.2 -40.2127 13.3964
      vertex -68.2 -41.0093 12.3582
      vertex -65.2 -41.0093 12.3582
    endloop
  endfacet
  facet normal 5.8548e-18 -0.923875 -0.382694
    outer loop
      vertex -68.2 -38.4046 27.1303
      vertex -65.2 -38.9054 28.3393
      vertex -68.2 -38.9054 28.3393
    endloop
  endfacet
  facet normal 5.8548e-18 -0.923875 -0.382694
    outer loop
      vertex -65.2 -38.9054 28.3393
      vertex -68.2 -38.4046 27.1303
      vertex -65.2 -38.4046 27.1303
    endloop
  endfacet
  facet normal 0 -0.461735 -0.887018
    outer loop
      vertex -68.2 -46.1607 35.5946
      vertex -65.2 -45 34.9904
      vertex -65.2 -46.1607 35.5946
    endloop
  endfacet
  facet normal -0 -0.461735 -0.887018
    outer loop
      vertex -65.2 -45 34.9904
      vertex -68.2 -46.1607 35.5946
      vertex -68.2 -45 34.9904
    endloop
  endfacet
  facet normal -0 0.130522 0.991445
    outer loop
      vertex -68.2 -53.8073 7.05708
      vertex -65.2 -55.1047 7.22788
      vertex -65.2 -53.8073 7.05708
    endloop
  endfacet
  facet normal 0 0.130522 0.991445
    outer loop
      vertex -65.2 -55.1047 7.22788
      vertex -68.2 -53.8073 7.05708
      vertex -68.2 -55.1047 7.22788
    endloop
  endfacet
  facet normal 0 0.382694 -0.923875
    outer loop
      vertex -68.2 -58.8393 35.5946
      vertex -65.2 -57.6303 36.0954
      vertex -65.2 -58.8393 35.5946
    endloop
  endfacet
  facet normal 0 0.382694 -0.923875
    outer loop
      vertex -65.2 -57.6303 36.0954
      vertex -68.2 -58.8393 35.5946
      vertex -68.2 -57.6303 36.0954
    endloop
  endfacet
  facet normal 8.85176e-18 0.887018 -0.461735
    outer loop
      vertex -65.2 -66.0946 28.3393
      vertex -68.2 -65.4904 29.5
      vertex -65.2 -65.4904 29.5
    endloop
  endfacet
  facet normal 8.85176e-18 0.887018 -0.461735
    outer loop
      vertex -68.2 -65.4904 29.5
      vertex -65.2 -66.0946 28.3393
      vertex -68.2 -66.0946 28.3393
    endloop
  endfacet
  facet normal 0 -0.461759 0.887005
    outer loop
      vertex -68.2 -45 9.00962
      vertex -65.2 -46.1607 8.40538
      vertex -65.2 -45 9.00962
    endloop
  endfacet
  facet normal 0 -0.461759 0.887005
    outer loop
      vertex -65.2 -46.1607 8.40538
      vertex -68.2 -45 9.00962
      vertex -68.2 -46.1607 8.40538
    endloop
  endfacet
  facet normal -2.0196e-19 -0.999047 0.0436362
    outer loop
      vertex -68.2 -37.5571 20.6927
      vertex -65.2 -37.5 22
      vertex -68.2 -37.5 22
    endloop
  endfacet
  facet normal -2.0196e-19 -0.999047 0.0436362
    outer loop
      vertex -65.2 -37.5 22
      vertex -68.2 -37.5571 20.6927
      vertex -65.2 -37.5571 20.6927
    endloop
  endfacet
  facet normal 0 -0.6756 -0.737268
    outer loop
      vertex -68.2 -42.8582 33.4907
      vertex -65.2 -41.8934 32.6066
      vertex -65.2 -42.8582 33.4907
    endloop
  endfacet
  facet normal -0 -0.6756 -0.737268
    outer loop
      vertex -65.2 -41.8934 32.6066
      vertex -68.2 -42.8582 33.4907
      vertex -68.2 -41.8934 32.6066
    endloop
  endfacet
  facet normal -4.28065e-18 -0.976302 -0.216413
    outer loop
      vertex -68.2 -37.7279 24.6047
      vertex -65.2 -38.0111 25.8823
      vertex -68.2 -38.0111 25.8823
    endloop
  endfacet
  facet normal -4.28065e-18 -0.976302 -0.216413
    outer loop
      vertex -65.2 -38.0111 25.8823
      vertex -68.2 -37.7279 24.6047
      vertex -65.2 -37.7279 24.6047
    endloop
  endfacet
  facet normal -0 0.382674 0.923883
    outer loop
      vertex -68.2 -57.6303 7.90461
      vertex -65.2 -58.8393 8.40538
      vertex -65.2 -57.6303 7.90461
    endloop
  endfacet
  facet normal 0 0.382674 0.923883
    outer loop
      vertex -65.2 -58.8393 8.40538
      vertex -68.2 -57.6303 7.90461
      vertex -68.2 -58.8393 8.40538
    endloop
  endfacet
  facet normal -2.32674e-18 0.976302 -0.216413
    outer loop
      vertex -65.2 -67.2721 24.6047
      vertex -68.2 -66.9889 25.8823
      vertex -65.2 -66.9889 25.8823
    endloop
  endfacet
  facet normal -2.32674e-18 0.976302 -0.216413
    outer loop
      vertex -68.2 -66.9889 25.8823
      vertex -65.2 -67.2721 24.6047
      vertex -68.2 -67.2721 24.6047
    endloop
  endfacet
  facet normal -1.36981e-17 0.737268 -0.6756
    outer loop
      vertex -65.2 -63.9907 31.6418
      vertex -68.2 -63.1066 32.6066
      vertex -65.2 -63.1066 32.6066
    endloop
  endfacet
  facet normal -1.36981e-17 0.737268 -0.6756
    outer loop
      vertex -68.2 -63.1066 32.6066
      vertex -65.2 -63.9907 31.6418
      vertex -68.2 -63.9907 31.6418
    endloop
  endfacet
  facet normal 0 0.216413 -0.976302
    outer loop
      vertex -68.2 -56.3823 36.4889
      vertex -65.2 -55.1047 36.7721
      vertex -65.2 -56.3823 36.4889
    endloop
  endfacet
  facet normal 0 0.216413 -0.976302
    outer loop
      vertex -65.2 -55.1047 36.7721
      vertex -68.2 -56.3823 36.4889
      vertex -68.2 -55.1047 36.7721
    endloop
  endfacet
  facet normal 0 -0.130522 0.991445
    outer loop
      vertex -68.2 -49.8953 7.22788
      vertex -65.2 -51.1927 7.05708
      vertex -65.2 -49.8953 7.22788
    endloop
  endfacet
  facet normal 0 -0.130522 0.991445
    outer loop
      vertex -65.2 -51.1927 7.05708
      vertex -68.2 -49.8953 7.22788
      vertex -68.2 -51.1927 7.05708
    endloop
  endfacet
  facet normal 0 -0.216434 0.976297
    outer loop
      vertex -68.2 -48.6177 7.51111
      vertex -65.2 -49.8953 7.22788
      vertex -65.2 -48.6177 7.51111
    endloop
  endfacet
  facet normal 0 -0.216434 0.976297
    outer loop
      vertex -65.2 -49.8953 7.22788
      vertex -68.2 -48.6177 7.51111
      vertex -68.2 -49.8953 7.22788
    endloop
  endfacet
  facet normal 0 -0.300711 0.953715
    outer loop
      vertex -68.2 -47.3697 7.90461
      vertex -65.2 -48.6177 7.51111
      vertex -65.2 -47.3697 7.90461
    endloop
  endfacet
  facet normal 0 -0.300711 0.953715
    outer loop
      vertex -65.2 -48.6177 7.51111
      vertex -68.2 -47.3697 7.90461
      vertex -68.2 -48.6177 7.51111
    endloop
  endfacet
  facet normal -1.96092e-18 -0.887018 0.461735
    outer loop
      vertex -68.2 -39.5096 14.5
      vertex -65.2 -38.9054 15.6607
      vertex -68.2 -38.9054 15.6607
    endloop
  endfacet
  facet normal -1.96092e-18 -0.887018 0.461735
    outer loop
      vertex -65.2 -38.9054 15.6607
      vertex -68.2 -39.5096 14.5
      vertex -65.2 -39.5096 14.5
    endloop
  endfacet
  facet normal 2.0196e-19 -0.999047 -0.0436362
    outer loop
      vertex -68.2 -37.5 22
      vertex -65.2 -37.5571 23.3073
      vertex -68.2 -37.5571 23.3073
    endloop
  endfacet
  facet normal 2.0196e-19 -0.999047 -0.0436362
    outer loop
      vertex -65.2 -37.5571 23.3073
      vertex -68.2 -37.5 22
      vertex -65.2 -37.5 22
    endloop
  endfacet
  facet normal -5.49578e-18 -0.923875 0.382694
    outer loop
      vertex -68.2 -38.9054 15.6607
      vertex -65.2 -38.4046 16.8697
      vertex -68.2 -38.4046 16.8697
    endloop
  endfacet
  facet normal -5.49578e-18 -0.923875 0.382694
    outer loop
      vertex -65.2 -38.4046 16.8697
      vertex -68.2 -38.9054 15.6607
      vertex -65.2 -38.9054 15.6607
    endloop
  endfacet
  facet normal 4.28065e-18 -0.976302 0.216413
    outer loop
      vertex -68.2 -38.0111 18.1177
      vertex -65.2 -37.7279 19.3953
      vertex -68.2 -37.7279 19.3953
    endloop
  endfacet
  facet normal 4.28065e-18 -0.976302 0.216413
    outer loop
      vertex -65.2 -37.7279 19.3953
      vertex -68.2 -38.0111 18.1177
      vertex -65.2 -38.0111 18.1177
    endloop
  endfacet
  facet normal 0 -0.382694 -0.923875
    outer loop
      vertex -68.2 -47.3697 36.0954
      vertex -65.2 -46.1607 35.5946
      vertex -65.2 -47.3697 36.0954
    endloop
  endfacet
  facet normal -0 -0.382694 -0.923875
    outer loop
      vertex -65.2 -46.1607 35.5946
      vertex -68.2 -47.3697 36.0954
      vertex -68.2 -46.1607 35.5946
    endloop
  endfacet
  facet normal 0 -0.300711 -0.953715
    outer loop
      vertex -68.2 -48.6177 36.4889
      vertex -65.2 -47.3697 36.0954
      vertex -65.2 -48.6177 36.4889
    endloop
  endfacet
  facet normal -0 -0.300711 -0.953715
    outer loop
      vertex -65.2 -47.3697 36.0954
      vertex -68.2 -48.6177 36.4889
      vertex -68.2 -47.3697 36.0954
    endloop
  endfacet
  facet normal 0 -0.537316 -0.843381
    outer loop
      vertex -68.2 -45 34.9904
      vertex -65.2 -43.8964 34.2873
      vertex -65.2 -45 34.9904
    endloop
  endfacet
  facet normal -0 -0.537316 -0.843381
    outer loop
      vertex -65.2 -43.8964 34.2873
      vertex -68.2 -45 34.9904
      vertex -68.2 -43.8964 34.2873
    endloop
  endfacet
  facet normal 0 -0.608743 -0.793368
    outer loop
      vertex -68.2 -43.8964 34.2873
      vertex -65.2 -42.8582 33.4907
      vertex -65.2 -43.8964 34.2873
    endloop
  endfacet
  facet normal -0 -0.608743 -0.793368
    outer loop
      vertex -65.2 -42.8582 33.4907
      vertex -68.2 -43.8964 34.2873
      vertex -68.2 -42.8582 33.4907
    endloop
  endfacet
  facet normal 3.41083e-18 -0.953715 -0.300711
    outer loop
      vertex -68.2 -38.0111 25.8823
      vertex -65.2 -38.4046 27.1303
      vertex -68.2 -38.4046 27.1303
    endloop
  endfacet
  facet normal 3.41083e-18 -0.953715 -0.300711
    outer loop
      vertex -65.2 -38.4046 27.1303
      vertex -68.2 -38.0111 25.8823
      vertex -65.2 -38.0111 25.8823
    endloop
  endfacet
  facet normal 3.05518e-18 -0.991445 -0.130522
    outer loop
      vertex -68.2 -37.5571 23.3073
      vertex -65.2 -37.7279 24.6047
      vertex -68.2 -37.7279 24.6047
    endloop
  endfacet
  facet normal 3.05518e-18 -0.991445 -0.130522
    outer loop
      vertex -65.2 -37.7279 24.6047
      vertex -68.2 -37.5571 23.3073
      vertex -65.2 -37.5571 23.3073
    endloop
  endfacet
  facet normal 1.26217e-17 -0.843381 -0.537316
    outer loop
      vertex -68.2 -39.5096 29.5
      vertex -65.2 -40.2127 30.6036
      vertex -68.2 -40.2127 30.6036
    endloop
  endfacet
  facet normal 1.26217e-17 -0.843381 -0.537316
    outer loop
      vertex -65.2 -40.2127 30.6036
      vertex -68.2 -39.5096 29.5
      vertex -65.2 -39.5096 29.5
    endloop
  endfacet
  facet normal 5.50967e-18 -0.793368 -0.608743
    outer loop
      vertex -68.2 -40.2127 30.6036
      vertex -65.2 -41.0093 31.6418
      vertex -68.2 -41.0093 31.6418
    endloop
  endfacet
  facet normal 5.50967e-18 -0.793368 -0.608743
    outer loop
      vertex -65.2 -41.0093 31.6418
      vertex -68.2 -40.2127 30.6036
      vertex -65.2 -40.2127 30.6036
    endloop
  endfacet
  facet normal 1.13789e-17 -0.887018 -0.461735
    outer loop
      vertex -68.2 -38.9054 28.3393
      vertex -65.2 -39.5096 29.5
      vertex -68.2 -39.5096 29.5
    endloop
  endfacet
  facet normal 1.13789e-17 -0.887018 -0.461735
    outer loop
      vertex -65.2 -39.5096 29.5
      vertex -68.2 -38.9054 28.3393
      vertex -65.2 -38.9054 28.3393
    endloop
  endfacet
  facet normal 1.36981e-17 -0.737268 -0.6756
    outer loop
      vertex -68.2 -41.0093 31.6418
      vertex -65.2 -41.8934 32.6066
      vertex -68.2 -41.8934 32.6066
    endloop
  endfacet
  facet normal 1.36981e-17 -0.737268 -0.6756
    outer loop
      vertex -65.2 -41.8934 32.6066
      vertex -68.2 -41.0093 31.6418
      vertex -65.2 -41.0093 31.6418
    endloop
  endfacet
  facet normal -0 0.043621 0.999048
    outer loop
      vertex -68.2 -52.5 7
      vertex -65.2 -53.8073 7.05708
      vertex -65.2 -52.5 7
    endloop
  endfacet
  facet normal 0 0.043621 0.999048
    outer loop
      vertex -65.2 -53.8073 7.05708
      vertex -68.2 -52.5 7
      vertex -68.2 -53.8073 7.05708
    endloop
  endfacet
  facet normal -0 0.300711 0.953715
    outer loop
      vertex -68.2 -56.3823 7.51111
      vertex -65.2 -57.6303 7.90461
      vertex -65.2 -56.3823 7.51111
    endloop
  endfacet
  facet normal 0 0.300711 0.953715
    outer loop
      vertex -65.2 -57.6303 7.90461
      vertex -68.2 -56.3823 7.51111
      vertex -68.2 -57.6303 7.90461
    endloop
  endfacet
  facet normal -0 0.6756 0.737268
    outer loop
      vertex -68.2 -62.1418 10.5093
      vertex -65.2 -63.1066 11.3934
      vertex -65.2 -62.1418 10.5093
    endloop
  endfacet
  facet normal 0 0.6756 0.737268
    outer loop
      vertex -65.2 -63.1066 11.3934
      vertex -68.2 -62.1418 10.5093
      vertex -68.2 -63.1066 11.3934
    endloop
  endfacet
  facet normal 2.32674e-18 0.976302 0.216413
    outer loop
      vertex -65.2 -66.9889 18.1177
      vertex -68.2 -67.2721 19.3953
      vertex -65.2 -67.2721 19.3953
    endloop
  endfacet
  facet normal 2.32674e-18 0.976302 0.216413
    outer loop
      vertex -68.2 -67.2721 19.3953
      vertex -65.2 -66.9889 18.1177
      vertex -68.2 -66.9889 18.1177
    endloop
  endfacet
  facet normal 3.41083e-18 0.953715 0.300711
    outer loop
      vertex -65.2 -66.5954 16.8697
      vertex -68.2 -66.9889 18.1177
      vertex -65.2 -66.9889 18.1177
    endloop
  endfacet
  facet normal 3.41083e-18 0.953715 0.300711
    outer loop
      vertex -68.2 -66.9889 18.1177
      vertex -65.2 -66.5954 16.8697
      vertex -68.2 -66.5954 16.8697
    endloop
  endfacet
  facet normal 5.50967e-18 0.793368 0.608743
    outer loop
      vertex -65.2 -63.9907 12.3582
      vertex -68.2 -64.7873 13.3964
      vertex -65.2 -64.7873 13.3964
    endloop
  endfacet
  facet normal 5.50967e-18 0.793368 0.608743
    outer loop
      vertex -68.2 -64.7873 13.3964
      vertex -65.2 -63.9907 12.3582
      vertex -68.2 -63.9907 12.3582
    endloop
  endfacet
  facet normal 1.00117e-17 0.887018 0.461735
    outer loop
      vertex -65.2 -65.4904 14.5
      vertex -68.2 -66.0946 15.6607
      vertex -65.2 -66.0946 15.6607
    endloop
  endfacet
  facet normal 1.00117e-17 0.887018 0.461735
    outer loop
      vertex -68.2 -66.0946 15.6607
      vertex -65.2 -65.4904 14.5
      vertex -68.2 -65.4904 14.5
    endloop
  endfacet
  facet normal -3.05518e-18 0.991445 -0.130522
    outer loop
      vertex -65.2 -67.4429 23.3073
      vertex -68.2 -67.2721 24.6047
      vertex -65.2 -67.2721 24.6047
    endloop
  endfacet
  facet normal -3.05518e-18 0.991445 -0.130522
    outer loop
      vertex -68.2 -67.2721 24.6047
      vertex -65.2 -67.4429 23.3073
      vertex -68.2 -67.4429 23.3073
    endloop
  endfacet
  facet normal -5.8548e-18 0.923875 -0.382694
    outer loop
      vertex -65.2 -66.5954 27.1303
      vertex -68.2 -66.0946 28.3393
      vertex -65.2 -66.0946 28.3393
    endloop
  endfacet
  facet normal -5.8548e-18 0.923875 -0.382694
    outer loop
      vertex -68.2 -66.0946 28.3393
      vertex -65.2 -66.5954 27.1303
      vertex -68.2 -66.5954 27.1303
    endloop
  endfacet
  facet normal -3.41083e-18 0.953715 -0.300711
    outer loop
      vertex -65.2 -66.9889 25.8823
      vertex -68.2 -66.5954 27.1303
      vertex -65.2 -66.5954 27.1303
    endloop
  endfacet
  facet normal -3.41083e-18 0.953715 -0.300711
    outer loop
      vertex -68.2 -66.5954 27.1303
      vertex -65.2 -66.9889 25.8823
      vertex -68.2 -66.9889 25.8823
    endloop
  endfacet
  facet normal 5.2061e-18 0.843381 -0.537316
    outer loop
      vertex -65.2 -65.4904 29.5
      vertex -68.2 -64.7873 30.6036
      vertex -65.2 -64.7873 30.6036
    endloop
  endfacet
  facet normal 5.2061e-18 0.843381 -0.537316
    outer loop
      vertex -68.2 -64.7873 30.6036
      vertex -65.2 -65.4904 29.5
      vertex -68.2 -65.4904 29.5
    endloop
  endfacet
  facet normal -5.50967e-18 0.793368 -0.608743
    outer loop
      vertex -65.2 -64.7873 30.6036
      vertex -68.2 -63.9907 31.6418
      vertex -65.2 -63.9907 31.6418
    endloop
  endfacet
  facet normal -5.50967e-18 0.793368 -0.608743
    outer loop
      vertex -68.2 -63.9907 31.6418
      vertex -65.2 -64.7873 30.6036
      vertex -68.2 -64.7873 30.6036
    endloop
  endfacet
  facet normal 0 0.300711 -0.953715
    outer loop
      vertex -68.2 -57.6303 36.0954
      vertex -65.2 -56.3823 36.4889
      vertex -65.2 -57.6303 36.0954
    endloop
  endfacet
  facet normal 0 0.300711 -0.953715
    outer loop
      vertex -65.2 -56.3823 36.4889
      vertex -68.2 -57.6303 36.0954
      vertex -68.2 -56.3823 36.4889
    endloop
  endfacet
  facet normal 0 0.130522 -0.991445
    outer loop
      vertex -68.2 -55.1047 36.7721
      vertex -65.2 -53.8073 36.9429
      vertex -65.2 -55.1047 36.7721
    endloop
  endfacet
  facet normal 0 0.130522 -0.991445
    outer loop
      vertex -65.2 -53.8073 36.9429
      vertex -68.2 -55.1047 36.7721
      vertex -68.2 -53.8073 36.9429
    endloop
  endfacet
  facet normal 0 0.537316 -0.843381
    outer loop
      vertex -68.2 -61.1036 34.2873
      vertex -65.2 -60 34.9904
      vertex -65.2 -61.1036 34.2873
    endloop
  endfacet
  facet normal 0 0.537316 -0.843381
    outer loop
      vertex -65.2 -60 34.9904
      vertex -68.2 -61.1036 34.2873
      vertex -68.2 -60 34.9904
    endloop
  endfacet
  facet normal 0 0.608743 -0.793368
    outer loop
      vertex -68.2 -62.1418 33.4907
      vertex -65.2 -61.1036 34.2873
      vertex -65.2 -62.1418 33.4907
    endloop
  endfacet
  facet normal 0 0.608743 -0.793368
    outer loop
      vertex -65.2 -61.1036 34.2873
      vertex -68.2 -62.1418 33.4907
      vertex -68.2 -61.1036 34.2873
    endloop
  endfacet
  facet normal 0 0.461735 -0.887018
    outer loop
      vertex -68.2 -60 34.9904
      vertex -65.2 -58.8393 35.5946
      vertex -65.2 -60 34.9904
    endloop
  endfacet
  facet normal 0 0.461735 -0.887018
    outer loop
      vertex -65.2 -58.8393 35.5946
      vertex -68.2 -60 34.9904
      vertex -68.2 -58.8393 35.5946
    endloop
  endfacet
  facet normal 0 0.6756 -0.737268
    outer loop
      vertex -68.2 -63.1066 32.6066
      vertex -65.2 -62.1418 33.4907
      vertex -65.2 -63.1066 32.6066
    endloop
  endfacet
  facet normal 0 0.6756 -0.737268
    outer loop
      vertex -65.2 -62.1418 33.4907
      vertex -68.2 -63.1066 32.6066
      vertex -68.2 -62.1418 33.4907
    endloop
  endfacet
  facet normal 0 -0.382674 0.923883
    outer loop
      vertex -68.2 -46.1607 8.40538
      vertex -65.2 -47.3697 7.90461
      vertex -65.2 -46.1607 8.40538
    endloop
  endfacet
  facet normal 0 -0.382674 0.923883
    outer loop
      vertex -65.2 -47.3697 7.90461
      vertex -68.2 -46.1607 8.40538
      vertex -68.2 -47.3697 7.90461
    endloop
  endfacet
  facet normal 0 -0.537316 0.843381
    outer loop
      vertex -68.2 -43.8964 9.71272
      vertex -65.2 -45 9.00962
      vertex -65.2 -43.8964 9.71272
    endloop
  endfacet
  facet normal 0 -0.537316 0.843381
    outer loop
      vertex -65.2 -45 9.00962
      vertex -68.2 -43.8964 9.71272
      vertex -68.2 -45 9.00962
    endloop
  endfacet
  facet normal -1.36981e-17 -0.737268 0.6756
    outer loop
      vertex -68.2 -41.8934 11.3934
      vertex -65.2 -41.0093 12.3582
      vertex -68.2 -41.0093 12.3582
    endloop
  endfacet
  facet normal -1.36981e-17 -0.737268 0.6756
    outer loop
      vertex -65.2 -41.0093 12.3582
      vertex -68.2 -41.8934 11.3934
      vertex -65.2 -41.8934 11.3934
    endloop
  endfacet
  facet normal 0 -0.608733 0.793375
    outer loop
      vertex -68.2 -42.8582 10.5093
      vertex -65.2 -43.8964 9.71272
      vertex -65.2 -42.8582 10.5093
    endloop
  endfacet
  facet normal 0 -0.608733 0.793375
    outer loop
      vertex -65.2 -43.8964 9.71272
      vertex -68.2 -42.8582 10.5093
      vertex -68.2 -43.8964 9.71272
    endloop
  endfacet
  facet normal -1.26217e-17 -0.843381 0.537316
    outer loop
      vertex -68.2 -40.2127 13.3964
      vertex -65.2 -39.5096 14.5
      vertex -68.2 -39.5096 14.5
    endloop
  endfacet
  facet normal -1.26217e-17 -0.843381 0.537316
    outer loop
      vertex -65.2 -39.5096 14.5
      vertex -68.2 -40.2127 13.3964
      vertex -65.2 -40.2127 13.3964
    endloop
  endfacet
  facet normal -3.41083e-18 -0.953715 0.300711
    outer loop
      vertex -68.2 -38.4046 16.8697
      vertex -65.2 -38.0111 18.1177
      vertex -68.2 -38.0111 18.1177
    endloop
  endfacet
  facet normal -3.41083e-18 -0.953715 0.300711
    outer loop
      vertex -65.2 -38.0111 18.1177
      vertex -68.2 -38.4046 16.8697
      vertex -65.2 -38.4046 16.8697
    endloop
  endfacet
  facet normal -3.05518e-18 -0.991445 0.130522
    outer loop
      vertex -68.2 -37.7279 19.3953
      vertex -65.2 -37.5571 20.6927
      vertex -68.2 -37.5571 20.6927
    endloop
  endfacet
  facet normal -3.05518e-18 -0.991445 0.130522
    outer loop
      vertex -65.2 -37.5571 20.6927
      vertex -68.2 -37.7279 19.3953
      vertex -65.2 -37.7279 19.3953
    endloop
  endfacet
  facet normal 0 -0.0436362 -0.999047
    outer loop
      vertex -68.2 -52.5 37
      vertex -65.2 -51.1927 36.9429
      vertex -65.2 -52.5 37
    endloop
  endfacet
  facet normal -0 -0.0436362 -0.999047
    outer loop
      vertex -65.2 -51.1927 36.9429
      vertex -68.2 -52.5 37
      vertex -68.2 -51.1927 36.9429
    endloop
  endfacet
  facet normal 0 -0.216413 -0.976302
    outer loop
      vertex -68.2 -49.8953 36.7721
      vertex -65.2 -48.6177 36.4889
      vertex -65.2 -49.8953 36.7721
    endloop
  endfacet
  facet normal -0 -0.216413 -0.976302
    outer loop
      vertex -65.2 -48.6177 36.4889
      vertex -68.2 -49.8953 36.7721
      vertex -68.2 -48.6177 36.4889
    endloop
  endfacet
  facet normal 0 -0.043621 0.999048
    outer loop
      vertex -68.2 -51.1927 7.05708
      vertex -65.2 -52.5 7
      vertex -65.2 -51.1927 7.05708
    endloop
  endfacet
  facet normal 0 -0.043621 0.999048
    outer loop
      vertex -65.2 -52.5 7
      vertex -68.2 -51.1927 7.05708
      vertex -68.2 -52.5 7
    endloop
  endfacet
  facet normal 1.39473e-18 0.999047 0.0436362
    outer loop
      vertex -65.2 -67.4429 20.6927
      vertex -68.2 -67.5 22
      vertex -65.2 -67.5 22
    endloop
  endfacet
  facet normal 1.39473e-18 0.999047 0.0436362
    outer loop
      vertex -68.2 -67.5 22
      vertex -65.2 -67.4429 20.6927
      vertex -68.2 -67.4429 20.6927
    endloop
  endfacet
  facet normal -0 0.216434 0.976297
    outer loop
      vertex -68.2 -55.1047 7.22788
      vertex -65.2 -56.3823 7.51111
      vertex -65.2 -55.1047 7.22788
    endloop
  endfacet
  facet normal 0 0.216434 0.976297
    outer loop
      vertex -65.2 -56.3823 7.51111
      vertex -68.2 -55.1047 7.22788
      vertex -68.2 -56.3823 7.51111
    endloop
  endfacet
  facet normal 3.05518e-18 0.991445 0.130522
    outer loop
      vertex -65.2 -67.2721 19.3953
      vertex -68.2 -67.4429 20.6927
      vertex -65.2 -67.4429 20.6927
    endloop
  endfacet
  facet normal 3.05518e-18 0.991445 0.130522
    outer loop
      vertex -68.2 -67.4429 20.6927
      vertex -65.2 -67.2721 19.3953
      vertex -68.2 -67.2721 19.3953
    endloop
  endfacet
  facet normal 5.49578e-18 0.923875 0.382694
    outer loop
      vertex -65.2 -66.0946 15.6607
      vertex -68.2 -66.5954 16.8697
      vertex -65.2 -66.5954 16.8697
    endloop
  endfacet
  facet normal 5.49578e-18 0.923875 0.382694
    outer loop
      vertex -68.2 -66.5954 16.8697
      vertex -65.2 -66.0946 15.6607
      vertex -68.2 -66.0946 15.6607
    endloop
  endfacet
  facet normal 1.36981e-17 0.737268 0.6756
    outer loop
      vertex -65.2 -63.1066 11.3934
      vertex -68.2 -63.9907 12.3582
      vertex -65.2 -63.9907 12.3582
    endloop
  endfacet
  facet normal 1.36981e-17 0.737268 0.6756
    outer loop
      vertex -68.2 -63.9907 12.3582
      vertex -65.2 -63.1066 11.3934
      vertex -68.2 -63.1066 11.3934
    endloop
  endfacet
  facet normal -5.2061e-18 0.843381 0.537316
    outer loop
      vertex -65.2 -64.7873 13.3964
      vertex -68.2 -65.4904 14.5
      vertex -65.2 -65.4904 14.5
    endloop
  endfacet
  facet normal -5.2061e-18 0.843381 0.537316
    outer loop
      vertex -68.2 -65.4904 14.5
      vertex -65.2 -64.7873 13.3964
      vertex -68.2 -64.7873 13.3964
    endloop
  endfacet
  facet normal -1.39473e-18 0.999047 -0.0436362
    outer loop
      vertex -65.2 -67.5 22
      vertex -68.2 -67.4429 23.3073
      vertex -65.2 -67.4429 23.3073
    endloop
  endfacet
  facet normal -1.39473e-18 0.999047 -0.0436362
    outer loop
      vertex -68.2 -67.4429 23.3073
      vertex -65.2 -67.5 22
      vertex -68.2 -67.5 22
    endloop
  endfacet
  facet normal 0 0.0436362 -0.999047
    outer loop
      vertex -68.2 -53.8073 36.9429
      vertex -65.2 -52.5 37
      vertex -65.2 -53.8073 36.9429
    endloop
  endfacet
  facet normal 0 0.0436362 -0.999047
    outer loop
      vertex -65.2 -52.5 37
      vertex -68.2 -53.8073 36.9429
      vertex -68.2 -52.5 37
    endloop
  endfacet
  facet normal 0 -0.6756 0.737268
    outer loop
      vertex -68.2 -41.8934 11.3934
      vertex -65.2 -42.8582 10.5093
      vertex -65.2 -41.8934 11.3934
    endloop
  endfacet
  facet normal 0 -0.6756 0.737268
    outer loop
      vertex -65.2 -42.8582 10.5093
      vertex -68.2 -41.8934 11.3934
      vertex -68.2 -42.8582 10.5093
    endloop
  endfacet
  facet normal 0 -0.130522 -0.991445
    outer loop
      vertex -68.2 -51.1927 36.9429
      vertex -65.2 -49.8953 36.7721
      vertex -65.2 -51.1927 36.9429
    endloop
  endfacet
  facet normal -0 -0.130522 -0.991445
    outer loop
      vertex -65.2 -49.8953 36.7721
      vertex -68.2 -51.1927 36.9429
      vertex -68.2 -49.8953 36.7721
    endloop
  endfacet
  facet normal -0 0.461759 0.887005
    outer loop
      vertex -68.2 -58.8393 8.40538
      vertex -65.2 -60 9.00962
      vertex -65.2 -58.8393 8.40538
    endloop
  endfacet
  facet normal 0 0.461759 0.887005
    outer loop
      vertex -65.2 -60 9.00962
      vertex -68.2 -58.8393 8.40538
      vertex -68.2 -60 9.00962
    endloop
  endfacet
  facet normal -0 0.537316 0.843381
    outer loop
      vertex -68.2 -60 9.00962
      vertex -65.2 -61.1036 9.71272
      vertex -65.2 -60 9.00962
    endloop
  endfacet
  facet normal 0 0.537316 0.843381
    outer loop
      vertex -65.2 -61.1036 9.71272
      vertex -68.2 -60 9.00962
      vertex -68.2 -61.1036 9.71272
    endloop
  endfacet
  facet normal -0 0.608733 0.793375
    outer loop
      vertex -68.2 -61.1036 9.71272
      vertex -65.2 -62.1418 10.5093
      vertex -65.2 -61.1036 9.71272
    endloop
  endfacet
  facet normal 0 0.608733 0.793375
    outer loop
      vertex -65.2 -62.1418 10.5093
      vertex -68.2 -61.1036 9.71272
      vertex -68.2 -62.1418 10.5093
    endloop
  endfacet
  facet normal 0 -0.537316 0.843381
    outer loop
      vertex -68.2 55.7536 9.71272
      vertex -65.2 54.65 9.00962
      vertex -65.2 55.7536 9.71272
    endloop
  endfacet
  facet normal 0 -0.537316 0.843381
    outer loop
      vertex -65.2 54.65 9.00962
      vertex -68.2 55.7536 9.71272
      vertex -68.2 54.65 9.00962
    endloop
  endfacet
  facet normal 5.8548e-18 -0.923875 -0.382694
    outer loop
      vertex -68.2 61.2454 27.1303
      vertex -65.2 60.7446 28.3393
      vertex -68.2 60.7446 28.3393
    endloop
  endfacet
  facet normal 5.8548e-18 -0.923875 -0.382694
    outer loop
      vertex -65.2 60.7446 28.3393
      vertex -68.2 61.2454 27.1303
      vertex -65.2 61.2454 27.1303
    endloop
  endfacet
  facet normal 0 -0.382694 -0.923875
    outer loop
      vertex -68.2 52.2803 36.0954
      vertex -65.2 53.4893 35.5946
      vertex -65.2 52.2803 36.0954
    endloop
  endfacet
  facet normal -0 -0.382694 -0.923875
    outer loop
      vertex -65.2 53.4893 35.5946
      vertex -68.2 52.2803 36.0954
      vertex -68.2 53.4893 35.5946
    endloop
  endfacet
  facet normal -0 0.043621 0.999048
    outer loop
      vertex -68.2 47.15 7
      vertex -65.2 45.8427 7.05708
      vertex -65.2 47.15 7
    endloop
  endfacet
  facet normal 0 0.043621 0.999048
    outer loop
      vertex -65.2 45.8427 7.05708
      vertex -68.2 47.15 7
      vertex -68.2 45.8427 7.05708
    endloop
  endfacet
  facet normal -3.05518e-18 -0.991445 0.130522
    outer loop
      vertex -68.2 61.9221 19.3953
      vertex -65.2 62.0929 20.6927
      vertex -68.2 62.0929 20.6927
    endloop
  endfacet
  facet normal -3.05518e-18 -0.991445 0.130522
    outer loop
      vertex -65.2 62.0929 20.6927
      vertex -68.2 61.9221 19.3953
      vertex -65.2 61.9221 19.3953
    endloop
  endfacet
  facet normal -1.26217e-17 -0.843381 0.537316
    outer loop
      vertex -68.2 59.4373 13.3964
      vertex -65.2 60.1404 14.5
      vertex -68.2 60.1404 14.5
    endloop
  endfacet
  facet normal -1.26217e-17 -0.843381 0.537316
    outer loop
      vertex -65.2 60.1404 14.5
      vertex -68.2 59.4373 13.3964
      vertex -65.2 59.4373 13.3964
    endloop
  endfacet
  facet normal 0 -0.6756 -0.737268
    outer loop
      vertex -68.2 56.7918 33.4907
      vertex -65.2 57.7566 32.6066
      vertex -65.2 56.7918 33.4907
    endloop
  endfacet
  facet normal -0 -0.6756 -0.737268
    outer loop
      vertex -65.2 57.7566 32.6066
      vertex -68.2 56.7918 33.4907
      vertex -68.2 57.7566 32.6066
    endloop
  endfacet
  facet normal -4.28065e-18 -0.976302 -0.216413
    outer loop
      vertex -68.2 61.9221 24.6047
      vertex -65.2 61.6389 25.8823
      vertex -68.2 61.6389 25.8823
    endloop
  endfacet
  facet normal -4.28065e-18 -0.976302 -0.216413
    outer loop
      vertex -65.2 61.6389 25.8823
      vertex -68.2 61.9221 24.6047
      vertex -65.2 61.9221 24.6047
    endloop
  endfacet
  facet normal 1.96092e-18 0.887018 0.461735
    outer loop
      vertex -65.2 34.1596 14.5
      vertex -68.2 33.5554 15.6607
      vertex -65.2 33.5554 15.6607
    endloop
  endfacet
  facet normal 1.96092e-18 0.887018 0.461735
    outer loop
      vertex -68.2 33.5554 15.6607
      vertex -65.2 34.1596 14.5
      vertex -68.2 34.1596 14.5
    endloop
  endfacet
  facet normal -1.36981e-17 0.737268 -0.6756
    outer loop
      vertex -65.2 35.6593 31.6418
      vertex -68.2 36.5434 32.6066
      vertex -65.2 36.5434 32.6066
    endloop
  endfacet
  facet normal -1.36981e-17 0.737268 -0.6756
    outer loop
      vertex -68.2 36.5434 32.6066
      vertex -65.2 35.6593 31.6418
      vertex -68.2 35.6593 31.6418
    endloop
  endfacet
  facet normal 0 -0.130522 0.991445
    outer loop
      vertex -68.2 49.7547 7.22788
      vertex -65.2 48.4573 7.05708
      vertex -65.2 49.7547 7.22788
    endloop
  endfacet
  facet normal 0 -0.130522 0.991445
    outer loop
      vertex -65.2 48.4573 7.05708
      vertex -68.2 49.7547 7.22788
      vertex -68.2 48.4573 7.05708
    endloop
  endfacet
  facet normal 0 -0.300711 0.953715
    outer loop
      vertex -68.2 52.2803 7.90461
      vertex -65.2 51.0323 7.51111
      vertex -65.2 52.2803 7.90461
    endloop
  endfacet
  facet normal 0 -0.300711 0.953715
    outer loop
      vertex -65.2 51.0323 7.51111
      vertex -68.2 52.2803 7.90461
      vertex -68.2 51.0323 7.51111
    endloop
  endfacet
  facet normal 0 -0.6756 0.737268
    outer loop
      vertex -68.2 57.7566 11.3934
      vertex -65.2 56.7918 10.5093
      vertex -65.2 57.7566 11.3934
    endloop
  endfacet
  facet normal 0 -0.6756 0.737268
    outer loop
      vertex -65.2 56.7918 10.5093
      vertex -68.2 57.7566 11.3934
      vertex -68.2 56.7918 10.5093
    endloop
  endfacet
  facet normal -6.54524e-18 -0.737268 0.6756
    outer loop
      vertex -68.2 57.7566 11.3934
      vertex -65.2 58.6407 12.3582
      vertex -68.2 58.6407 12.3582
    endloop
  endfacet
  facet normal -6.54524e-18 -0.737268 0.6756
    outer loop
      vertex -65.2 58.6407 12.3582
      vertex -68.2 57.7566 11.3934
      vertex -65.2 57.7566 11.3934
    endloop
  endfacet
  facet normal -2.0196e-19 -0.999047 0.0436362
    outer loop
      vertex -68.2 62.0929 20.6927
      vertex -65.2 62.15 22
      vertex -68.2 62.15 22
    endloop
  endfacet
  facet normal -2.0196e-19 -0.999047 0.0436362
    outer loop
      vertex -65.2 62.15 22
      vertex -68.2 62.0929 20.6927
      vertex -65.2 62.0929 20.6927
    endloop
  endfacet
  facet normal -3.41083e-18 -0.953715 0.300711
    outer loop
      vertex -68.2 61.2454 16.8697
      vertex -65.2 61.6389 18.1177
      vertex -68.2 61.6389 18.1177
    endloop
  endfacet
  facet normal -3.41083e-18 -0.953715 0.300711
    outer loop
      vertex -65.2 61.6389 18.1177
      vertex -68.2 61.2454 16.8697
      vertex -65.2 61.2454 16.8697
    endloop
  endfacet
  facet normal -1.96092e-18 -0.887018 0.461735
    outer loop
      vertex -68.2 60.1404 14.5
      vertex -65.2 60.7446 15.6607
      vertex -68.2 60.7446 15.6607
    endloop
  endfacet
  facet normal -1.96092e-18 -0.887018 0.461735
    outer loop
      vertex -65.2 60.7446 15.6607
      vertex -68.2 60.1404 14.5
      vertex -65.2 60.1404 14.5
    endloop
  endfacet
  facet normal 7.07005e-18 -0.793368 0.608743
    outer loop
      vertex -68.2 58.6407 12.3582
      vertex -65.2 59.4373 13.3964
      vertex -68.2 59.4373 13.3964
    endloop
  endfacet
  facet normal 7.07005e-18 -0.793368 0.608743
    outer loop
      vertex -65.2 59.4373 13.3964
      vertex -68.2 58.6407 12.3582
      vertex -65.2 58.6407 12.3582
    endloop
  endfacet
  facet normal 0 -0.0436362 -0.999047
    outer loop
      vertex -68.2 47.15 37
      vertex -65.2 48.4573 36.9429
      vertex -65.2 47.15 37
    endloop
  endfacet
  facet normal -0 -0.0436362 -0.999047
    outer loop
      vertex -65.2 48.4573 36.9429
      vertex -68.2 47.15 37
      vertex -68.2 48.4573 36.9429
    endloop
  endfacet
  facet normal 0 -0.300711 -0.953715
    outer loop
      vertex -68.2 51.0323 36.4889
      vertex -65.2 52.2803 36.0954
      vertex -65.2 51.0323 36.4889
    endloop
  endfacet
  facet normal -0 -0.300711 -0.953715
    outer loop
      vertex -65.2 52.2803 36.0954
      vertex -68.2 51.0323 36.4889
      vertex -68.2 52.2803 36.0954
    endloop
  endfacet
  facet normal 0 -0.216413 -0.976302
    outer loop
      vertex -68.2 49.7547 36.7721
      vertex -65.2 51.0323 36.4889
      vertex -65.2 49.7547 36.7721
    endloop
  endfacet
  facet normal -0 -0.216413 -0.976302
    outer loop
      vertex -65.2 51.0323 36.4889
      vertex -68.2 49.7547 36.7721
      vertex -68.2 51.0323 36.4889
    endloop
  endfacet
  facet normal 0 -0.461735 -0.887018
    outer loop
      vertex -68.2 53.4893 35.5946
      vertex -65.2 54.65 34.9904
      vertex -65.2 53.4893 35.5946
    endloop
  endfacet
  facet normal -0 -0.461735 -0.887018
    outer loop
      vertex -65.2 54.65 34.9904
      vertex -68.2 53.4893 35.5946
      vertex -68.2 54.65 34.9904
    endloop
  endfacet
  facet normal 0 -0.537316 -0.843381
    outer loop
      vertex -68.2 54.65 34.9904
      vertex -65.2 55.7536 34.2873
      vertex -65.2 54.65 34.9904
    endloop
  endfacet
  facet normal -0 -0.537316 -0.843381
    outer loop
      vertex -65.2 55.7536 34.2873
      vertex -68.2 54.65 34.9904
      vertex -68.2 55.7536 34.2873
    endloop
  endfacet
  facet normal 3.41083e-18 -0.953715 -0.300711
    outer loop
      vertex -68.2 61.6389 25.8823
      vertex -65.2 61.2454 27.1303
      vertex -68.2 61.2454 27.1303
    endloop
  endfacet
  facet normal 3.41083e-18 -0.953715 -0.300711
    outer loop
      vertex -65.2 61.2454 27.1303
      vertex -68.2 61.6389 25.8823
      vertex -65.2 61.6389 25.8823
    endloop
  endfacet
  facet normal 3.05518e-18 -0.991445 -0.130522
    outer loop
      vertex -68.2 62.0929 23.3073
      vertex -65.2 61.9221 24.6047
      vertex -68.2 61.9221 24.6047
    endloop
  endfacet
  facet normal 3.05518e-18 -0.991445 -0.130522
    outer loop
      vertex -65.2 61.9221 24.6047
      vertex -68.2 62.0929 23.3073
      vertex -65.2 62.0929 23.3073
    endloop
  endfacet
  facet normal 1.26217e-17 -0.843381 -0.537316
    outer loop
      vertex -68.2 60.1404 29.5
      vertex -65.2 59.4373 30.6036
      vertex -68.2 59.4373 30.6036
    endloop
  endfacet
  facet normal 1.26217e-17 -0.843381 -0.537316
    outer loop
      vertex -65.2 59.4373 30.6036
      vertex -68.2 60.1404 29.5
      vertex -65.2 60.1404 29.5
    endloop
  endfacet
  facet normal -7.07005e-18 -0.793368 -0.608743
    outer loop
      vertex -68.2 59.4373 30.6036
      vertex -65.2 58.6407 31.6418
      vertex -68.2 58.6407 31.6418
    endloop
  endfacet
  facet normal -7.07005e-18 -0.793368 -0.608743
    outer loop
      vertex -65.2 58.6407 31.6418
      vertex -68.2 59.4373 30.6036
      vertex -65.2 59.4373 30.6036
    endloop
  endfacet
  facet normal 1.13789e-17 -0.887018 -0.461735
    outer loop
      vertex -68.2 60.7446 28.3393
      vertex -65.2 60.1404 29.5
      vertex -68.2 60.1404 29.5
    endloop
  endfacet
  facet normal 1.13789e-17 -0.887018 -0.461735
    outer loop
      vertex -65.2 60.1404 29.5
      vertex -68.2 60.7446 28.3393
      vertex -65.2 60.7446 28.3393
    endloop
  endfacet
  facet normal 6.54524e-18 -0.737268 -0.6756
    outer loop
      vertex -68.2 58.6407 31.6418
      vertex -65.2 57.7566 32.6066
      vertex -68.2 57.7566 32.6066
    endloop
  endfacet
  facet normal 6.54524e-18 -0.737268 -0.6756
    outer loop
      vertex -65.2 57.7566 32.6066
      vertex -68.2 58.6407 31.6418
      vertex -65.2 58.6407 31.6418
    endloop
  endfacet
  facet normal 0 -0.043621 0.999048
    outer loop
      vertex -68.2 48.4573 7.05708
      vertex -65.2 47.15 7
      vertex -65.2 48.4573 7.05708
    endloop
  endfacet
  facet normal 0 -0.043621 0.999048
    outer loop
      vertex -65.2 47.15 7
      vertex -68.2 48.4573 7.05708
      vertex -68.2 47.15 7
    endloop
  endfacet
  facet normal -0 0.216434 0.976297
    outer loop
      vertex -68.2 44.5453 7.22788
      vertex -65.2 43.2677 7.51111
      vertex -65.2 44.5453 7.22788
    endloop
  endfacet
  facet normal 0 0.216434 0.976297
    outer loop
      vertex -65.2 43.2677 7.51111
      vertex -68.2 44.5453 7.22788
      vertex -68.2 43.2677 7.51111
    endloop
  endfacet
  facet normal 0 -0.216434 0.976297
    outer loop
      vertex -68.2 51.0323 7.51111
      vertex -65.2 49.7547 7.22788
      vertex -65.2 51.0323 7.51111
    endloop
  endfacet
  facet normal 0 -0.216434 0.976297
    outer loop
      vertex -65.2 49.7547 7.22788
      vertex -68.2 51.0323 7.51111
      vertex -68.2 49.7547 7.22788
    endloop
  endfacet
  facet normal 0 -0.608733 0.793375
    outer loop
      vertex -68.2 56.7918 10.5093
      vertex -65.2 55.7536 9.71272
      vertex -65.2 56.7918 10.5093
    endloop
  endfacet
  facet normal 0 -0.608733 0.793375
    outer loop
      vertex -65.2 55.7536 9.71272
      vertex -68.2 56.7918 10.5093
      vertex -68.2 55.7536 9.71272
    endloop
  endfacet
  facet normal 2.0196e-19 -0.999047 -0.0436362
    outer loop
      vertex -68.2 62.15 22
      vertex -65.2 62.0929 23.3073
      vertex -68.2 62.0929 23.3073
    endloop
  endfacet
  facet normal 2.0196e-19 -0.999047 -0.0436362
    outer loop
      vertex -65.2 62.0929 23.3073
      vertex -68.2 62.15 22
      vertex -65.2 62.15 22
    endloop
  endfacet
  facet normal 4.28065e-18 -0.976302 0.216413
    outer loop
      vertex -68.2 61.6389 18.1177
      vertex -65.2 61.9221 19.3953
      vertex -68.2 61.9221 19.3953
    endloop
  endfacet
  facet normal 4.28065e-18 -0.976302 0.216413
    outer loop
      vertex -65.2 61.9221 19.3953
      vertex -68.2 61.6389 18.1177
      vertex -65.2 61.6389 18.1177
    endloop
  endfacet
  facet normal -5.49578e-18 -0.923875 0.382694
    outer loop
      vertex -68.2 60.7446 15.6607
      vertex -65.2 61.2454 16.8697
      vertex -68.2 61.2454 16.8697
    endloop
  endfacet
  facet normal -5.49578e-18 -0.923875 0.382694
    outer loop
      vertex -65.2 61.2454 16.8697
      vertex -68.2 60.7446 15.6607
      vertex -65.2 60.7446 15.6607
    endloop
  endfacet
  facet normal 0 -0.130522 -0.991445
    outer loop
      vertex -68.2 48.4573 36.9429
      vertex -65.2 49.7547 36.7721
      vertex -65.2 48.4573 36.9429
    endloop
  endfacet
  facet normal -0 -0.130522 -0.991445
    outer loop
      vertex -65.2 49.7547 36.7721
      vertex -68.2 48.4573 36.9429
      vertex -68.2 49.7547 36.7721
    endloop
  endfacet
  facet normal 0 -0.608743 -0.793368
    outer loop
      vertex -68.2 55.7536 34.2873
      vertex -65.2 56.7918 33.4907
      vertex -65.2 55.7536 34.2873
    endloop
  endfacet
  facet normal -0 -0.608743 -0.793368
    outer loop
      vertex -65.2 56.7918 33.4907
      vertex -68.2 55.7536 34.2873
      vertex -68.2 56.7918 33.4907
    endloop
  endfacet
  facet normal -0 0.130522 0.991445
    outer loop
      vertex -68.2 45.8427 7.05708
      vertex -65.2 44.5453 7.22788
      vertex -65.2 45.8427 7.05708
    endloop
  endfacet
  facet normal 0 0.130522 0.991445
    outer loop
      vertex -65.2 44.5453 7.22788
      vertex -68.2 45.8427 7.05708
      vertex -68.2 44.5453 7.22788
    endloop
  endfacet
  facet normal 5.50967e-18 0.793368 0.608743
    outer loop
      vertex -65.2 35.6593 12.3582
      vertex -68.2 34.8627 13.3964
      vertex -65.2 34.8627 13.3964
    endloop
  endfacet
  facet normal 5.50967e-18 0.793368 0.608743
    outer loop
      vertex -68.2 34.8627 13.3964
      vertex -65.2 35.6593 12.3582
      vertex -68.2 35.6593 12.3582
    endloop
  endfacet
  facet normal -0 0.382674 0.923883
    outer loop
      vertex -68.2 42.0197 7.90461
      vertex -65.2 40.8107 8.40538
      vertex -65.2 42.0197 7.90461
    endloop
  endfacet
  facet normal 0 0.382674 0.923883
    outer loop
      vertex -65.2 40.8107 8.40538
      vertex -68.2 42.0197 7.90461
      vertex -68.2 40.8107 8.40538
    endloop
  endfacet
  facet normal -5.8548e-18 0.923875 -0.382694
    outer loop
      vertex -65.2 33.0546 27.1303
      vertex -68.2 33.5554 28.3393
      vertex -65.2 33.5554 28.3393
    endloop
  endfacet
  facet normal -5.8548e-18 0.923875 -0.382694
    outer loop
      vertex -68.2 33.5554 28.3393
      vertex -65.2 33.0546 27.1303
      vertex -68.2 33.0546 27.1303
    endloop
  endfacet
  facet normal -3.05518e-18 0.991445 -0.130522
    outer loop
      vertex -65.2 32.2071 23.3073
      vertex -68.2 32.3779 24.6047
      vertex -65.2 32.3779 24.6047
    endloop
  endfacet
  facet normal -3.05518e-18 0.991445 -0.130522
    outer loop
      vertex -68.2 32.3779 24.6047
      vertex -65.2 32.2071 23.3073
      vertex -68.2 32.2071 23.3073
    endloop
  endfacet
  facet normal 0 0.382694 -0.923875
    outer loop
      vertex -68.2 40.8107 35.5946
      vertex -65.2 42.0197 36.0954
      vertex -65.2 40.8107 35.5946
    endloop
  endfacet
  facet normal 0 0.382694 -0.923875
    outer loop
      vertex -65.2 42.0197 36.0954
      vertex -68.2 40.8107 35.5946
      vertex -68.2 42.0197 36.0954
    endloop
  endfacet
  facet normal 0 0.6756 -0.737268
    outer loop
      vertex -68.2 36.5434 32.6066
      vertex -65.2 37.5082 33.4907
      vertex -65.2 36.5434 32.6066
    endloop
  endfacet
  facet normal 0 0.6756 -0.737268
    outer loop
      vertex -65.2 37.5082 33.4907
      vertex -68.2 36.5434 32.6066
      vertex -68.2 37.5082 33.4907
    endloop
  endfacet
  facet normal 3.05518e-18 0.991445 0.130522
    outer loop
      vertex -65.2 32.3779 19.3953
      vertex -68.2 32.2071 20.6927
      vertex -65.2 32.2071 20.6927
    endloop
  endfacet
  facet normal 3.05518e-18 0.991445 0.130522
    outer loop
      vertex -68.2 32.2071 20.6927
      vertex -65.2 32.3779 19.3953
      vertex -68.2 32.3779 19.3953
    endloop
  endfacet
  facet normal 5.49578e-18 0.923875 0.382694
    outer loop
      vertex -65.2 33.5554 15.6607
      vertex -68.2 33.0546 16.8697
      vertex -65.2 33.0546 16.8697
    endloop
  endfacet
  facet normal 5.49578e-18 0.923875 0.382694
    outer loop
      vertex -68.2 33.0546 16.8697
      vertex -65.2 33.5554 15.6607
      vertex -68.2 33.5554 15.6607
    endloop
  endfacet
  facet normal 3.41083e-18 0.953715 0.300711
    outer loop
      vertex -65.2 33.0546 16.8697
      vertex -68.2 32.6611 18.1177
      vertex -65.2 32.6611 18.1177
    endloop
  endfacet
  facet normal 3.41083e-18 0.953715 0.300711
    outer loop
      vertex -68.2 32.6611 18.1177
      vertex -65.2 33.0546 16.8697
      vertex -68.2 33.0546 16.8697
    endloop
  endfacet
  facet normal 0 -0.461759 0.887005
    outer loop
      vertex -68.2 54.65 9.00962
      vertex -65.2 53.4893 8.40538
      vertex -65.2 54.65 9.00962
    endloop
  endfacet
  facet normal 0 -0.461759 0.887005
    outer loop
      vertex -65.2 53.4893 8.40538
      vertex -68.2 54.65 9.00962
      vertex -68.2 53.4893 8.40538
    endloop
  endfacet
  facet normal 0 -0.382674 0.923883
    outer loop
      vertex -68.2 53.4893 8.40538
      vertex -65.2 52.2803 7.90461
      vertex -65.2 53.4893 8.40538
    endloop
  endfacet
  facet normal 0 -0.382674 0.923883
    outer loop
      vertex -65.2 52.2803 7.90461
      vertex -68.2 53.4893 8.40538
      vertex -68.2 52.2803 7.90461
    endloop
  endfacet
  facet normal -0 0.608733 0.793375
    outer loop
      vertex -68.2 38.5464 9.71272
      vertex -65.2 37.5082 10.5093
      vertex -65.2 38.5464 9.71272
    endloop
  endfacet
  facet normal 0 0.608733 0.793375
    outer loop
      vertex -65.2 37.5082 10.5093
      vertex -68.2 38.5464 9.71272
      vertex -68.2 37.5082 10.5093
    endloop
  endfacet
  facet normal -0 0.300711 0.953715
    outer loop
      vertex -68.2 43.2677 7.51111
      vertex -65.2 42.0197 7.90461
      vertex -65.2 43.2677 7.51111
    endloop
  endfacet
  facet normal 0 0.300711 0.953715
    outer loop
      vertex -65.2 42.0197 7.90461
      vertex -68.2 43.2677 7.51111
      vertex -68.2 42.0197 7.90461
    endloop
  endfacet
  facet normal -1.26217e-17 0.843381 -0.537316
    outer loop
      vertex -65.2 34.1596 29.5
      vertex -68.2 34.8627 30.6036
      vertex -65.2 34.8627 30.6036
    endloop
  endfacet
  facet normal -1.26217e-17 0.843381 -0.537316
    outer loop
      vertex -68.2 34.8627 30.6036
      vertex -65.2 34.1596 29.5
      vertex -68.2 34.1596 29.5
    endloop
  endfacet
  facet normal -1.13789e-17 0.887018 -0.461735
    outer loop
      vertex -65.2 33.5554 28.3393
      vertex -68.2 34.1596 29.5
      vertex -65.2 34.1596 29.5
    endloop
  endfacet
  facet normal -1.13789e-17 0.887018 -0.461735
    outer loop
      vertex -68.2 34.1596 29.5
      vertex -65.2 33.5554 28.3393
      vertex -68.2 33.5554 28.3393
    endloop
  endfacet
  facet normal -3.41083e-18 0.953715 -0.300711
    outer loop
      vertex -65.2 32.6611 25.8823
      vertex -68.2 33.0546 27.1303
      vertex -65.2 33.0546 27.1303
    endloop
  endfacet
  facet normal -3.41083e-18 0.953715 -0.300711
    outer loop
      vertex -68.2 33.0546 27.1303
      vertex -65.2 32.6611 25.8823
      vertex -68.2 32.6611 25.8823
    endloop
  endfacet
  facet normal 4.28065e-18 0.976302 -0.216413
    outer loop
      vertex -65.2 32.3779 24.6047
      vertex -68.2 32.6611 25.8823
      vertex -65.2 32.6611 25.8823
    endloop
  endfacet
  facet normal 4.28065e-18 0.976302 -0.216413
    outer loop
      vertex -68.2 32.6611 25.8823
      vertex -65.2 32.3779 24.6047
      vertex -68.2 32.3779 24.6047
    endloop
  endfacet
  facet normal 0 0.0436362 -0.999047
    outer loop
      vertex -68.2 45.8427 36.9429
      vertex -65.2 47.15 37
      vertex -65.2 45.8427 36.9429
    endloop
  endfacet
  facet normal 0 0.0436362 -0.999047
    outer loop
      vertex -65.2 47.15 37
      vertex -68.2 45.8427 36.9429
      vertex -68.2 47.15 37
    endloop
  endfacet
  facet normal 0 0.216413 -0.976302
    outer loop
      vertex -68.2 43.2677 36.4889
      vertex -65.2 44.5453 36.7721
      vertex -65.2 43.2677 36.4889
    endloop
  endfacet
  facet normal 0 0.216413 -0.976302
    outer loop
      vertex -65.2 44.5453 36.7721
      vertex -68.2 43.2677 36.4889
      vertex -68.2 44.5453 36.7721
    endloop
  endfacet
  facet normal 0 0.300711 -0.953715
    outer loop
      vertex -68.2 42.0197 36.0954
      vertex -65.2 43.2677 36.4889
      vertex -65.2 42.0197 36.0954
    endloop
  endfacet
  facet normal 0 0.300711 -0.953715
    outer loop
      vertex -65.2 43.2677 36.4889
      vertex -68.2 42.0197 36.0954
      vertex -68.2 43.2677 36.4889
    endloop
  endfacet
  facet normal 0 0.537316 -0.843381
    outer loop
      vertex -68.2 38.5464 34.2873
      vertex -65.2 39.65 34.9904
      vertex -65.2 38.5464 34.2873
    endloop
  endfacet
  facet normal 0 0.537316 -0.843381
    outer loop
      vertex -65.2 39.65 34.9904
      vertex -68.2 38.5464 34.2873
      vertex -68.2 39.65 34.9904
    endloop
  endfacet
  facet normal 0 0.461735 -0.887018
    outer loop
      vertex -68.2 39.65 34.9904
      vertex -65.2 40.8107 35.5946
      vertex -65.2 39.65 34.9904
    endloop
  endfacet
  facet normal 0 0.461735 -0.887018
    outer loop
      vertex -65.2 40.8107 35.5946
      vertex -68.2 39.65 34.9904
      vertex -68.2 40.8107 35.5946
    endloop
  endfacet
  facet normal 0 0.608743 -0.793368
    outer loop
      vertex -68.2 37.5082 33.4907
      vertex -65.2 38.5464 34.2873
      vertex -65.2 37.5082 33.4907
    endloop
  endfacet
  facet normal 0 0.608743 -0.793368
    outer loop
      vertex -65.2 38.5464 34.2873
      vertex -68.2 37.5082 33.4907
      vertex -68.2 38.5464 34.2873
    endloop
  endfacet
  facet normal -4.28065e-18 0.976302 0.216413
    outer loop
      vertex -65.2 32.6611 18.1177
      vertex -68.2 32.3779 19.3953
      vertex -65.2 32.3779 19.3953
    endloop
  endfacet
  facet normal -4.28065e-18 0.976302 0.216413
    outer loop
      vertex -68.2 32.3779 19.3953
      vertex -65.2 32.6611 18.1177
      vertex -68.2 32.6611 18.1177
    endloop
  endfacet
  facet normal -0 0.6756 0.737268
    outer loop
      vertex -68.2 37.5082 10.5093
      vertex -65.2 36.5434 11.3934
      vertex -65.2 37.5082 10.5093
    endloop
  endfacet
  facet normal 0 0.6756 0.737268
    outer loop
      vertex -65.2 36.5434 11.3934
      vertex -68.2 37.5082 10.5093
      vertex -68.2 36.5434 11.3934
    endloop
  endfacet
  facet normal 1.26217e-17 0.843381 0.537316
    outer loop
      vertex -65.2 34.8627 13.3964
      vertex -68.2 34.1596 14.5
      vertex -65.2 34.1596 14.5
    endloop
  endfacet
  facet normal 1.26217e-17 0.843381 0.537316
    outer loop
      vertex -68.2 34.1596 14.5
      vertex -65.2 34.8627 13.3964
      vertex -68.2 34.8627 13.3964
    endloop
  endfacet
  facet normal -0 0.461759 0.887005
    outer loop
      vertex -68.2 40.8107 8.40538
      vertex -65.2 39.65 9.00962
      vertex -65.2 40.8107 8.40538
    endloop
  endfacet
  facet normal 0 0.461759 0.887005
    outer loop
      vertex -65.2 39.65 9.00962
      vertex -68.2 40.8107 8.40538
      vertex -68.2 39.65 9.00962
    endloop
  endfacet
  facet normal -0 0.537316 0.843381
    outer loop
      vertex -68.2 39.65 9.00962
      vertex -65.2 38.5464 9.71272
      vertex -65.2 39.65 9.00962
    endloop
  endfacet
  facet normal 0 0.537316 0.843381
    outer loop
      vertex -65.2 38.5464 9.71272
      vertex -68.2 39.65 9.00962
      vertex -68.2 38.5464 9.71272
    endloop
  endfacet
  facet normal -5.50967e-18 0.793368 -0.608743
    outer loop
      vertex -65.2 34.8627 30.6036
      vertex -68.2 35.6593 31.6418
      vertex -65.2 35.6593 31.6418
    endloop
  endfacet
  facet normal -5.50967e-18 0.793368 -0.608743
    outer loop
      vertex -68.2 35.6593 31.6418
      vertex -65.2 34.8627 30.6036
      vertex -68.2 34.8627 30.6036
    endloop
  endfacet
  facet normal 2.0196e-19 0.999047 0.0436362
    outer loop
      vertex -65.2 32.2071 20.6927
      vertex -68.2 32.15 22
      vertex -65.2 32.15 22
    endloop
  endfacet
  facet normal 2.0196e-19 0.999047 0.0436362
    outer loop
      vertex -68.2 32.15 22
      vertex -65.2 32.2071 20.6927
      vertex -68.2 32.2071 20.6927
    endloop
  endfacet
  facet normal -2.0196e-19 0.999047 -0.0436362
    outer loop
      vertex -65.2 32.15 22
      vertex -68.2 32.2071 23.3073
      vertex -65.2 32.2071 23.3073
    endloop
  endfacet
  facet normal -2.0196e-19 0.999047 -0.0436362
    outer loop
      vertex -68.2 32.2071 23.3073
      vertex -65.2 32.15 22
      vertex -68.2 32.15 22
    endloop
  endfacet
  facet normal 0 0.130522 -0.991445
    outer loop
      vertex -68.2 44.5453 36.7721
      vertex -65.2 45.8427 36.9429
      vertex -65.2 44.5453 36.7721
    endloop
  endfacet
  facet normal 0 0.130522 -0.991445
    outer loop
      vertex -65.2 45.8427 36.9429
      vertex -68.2 44.5453 36.7721
      vertex -68.2 45.8427 36.9429
    endloop
  endfacet
  facet normal 1.36981e-17 0.737268 0.6756
    outer loop
      vertex -65.2 36.5434 11.3934
      vertex -68.2 35.6593 12.3582
      vertex -65.2 35.6593 12.3582
    endloop
  endfacet
  facet normal 1.36981e-17 0.737268 0.6756
    outer loop
      vertex -68.2 35.6593 12.3582
      vertex -65.2 36.5434 11.3934
      vertex -68.2 36.5434 11.3934
    endloop
  endfacet
  facet normal 0 -0.0435367 0.999052
    outer loop
      vertex -68.2 -101.346 35.0285
      vertex -65.2 -102 35
      vertex -65.2 -101.346 35.0285
    endloop
  endfacet
  facet normal 0 -0.0435367 0.999052
    outer loop
      vertex -65.2 -102 35
      vertex -68.2 -101.346 35.0285
      vertex -68.2 -102 35
    endloop
  endfacet
  facet normal 0 -0.0435367 -0.999052
    outer loop
      vertex -68.2 -102 50
      vertex -65.2 -101.346 49.9715
      vertex -65.2 -102 50
    endloop
  endfacet
  facet normal -0 -0.0435367 -0.999052
    outer loop
      vertex -65.2 -101.346 49.9715
      vertex -68.2 -102 50
      vertex -68.2 -101.346 49.9715
    endloop
  endfacet
  facet normal -3.16726e-19 -0.999051 -0.0435566
    outer loop
      vertex -68.2 -94.5 42.5
      vertex -65.2 -94.5285 43.1537
      vertex -68.2 -94.5285 43.1537
    endloop
  endfacet
  facet normal -3.16726e-19 -0.999051 -0.0435566
    outer loop
      vertex -65.2 -94.5285 43.1537
      vertex -68.2 -94.5 42.5
      vertex -65.2 -94.5 42.5
    endloop
  endfacet
  facet normal 2.52019e-18 -0.737306 -0.675559
    outer loop
      vertex -68.2 -96.2547 47.3209
      vertex -65.2 -96.6967 47.8033
      vertex -68.2 -96.6967 47.8033
    endloop
  endfacet
  facet normal 2.52019e-18 -0.737306 -0.675559
    outer loop
      vertex -65.2 -96.6967 47.8033
      vertex -68.2 -96.2547 47.3209
      vertex -65.2 -96.2547 47.3209
    endloop
  endfacet
  facet normal -6.98118e-18 -0.923853 -0.382748
    outer loop
      vertex -68.2 -94.9523 45.0652
      vertex -65.2 -95.2027 45.6696
      vertex -68.2 -95.2027 45.6696
    endloop
  endfacet
  facet normal -6.98118e-18 -0.923853 -0.382748
    outer loop
      vertex -65.2 -95.2027 45.6696
      vertex -68.2 -94.9523 45.0652
      vertex -65.2 -94.9523 45.0652
    endloop
  endfacet
  facet normal -2.52019e-18 -0.737306 0.675559
    outer loop
      vertex -68.2 -96.6967 37.1967
      vertex -65.2 -96.2547 37.6791
      vertex -68.2 -96.2547 37.6791
    endloop
  endfacet
  facet normal -2.52019e-18 -0.737306 0.675559
    outer loop
      vertex -65.2 -96.2547 37.6791
      vertex -68.2 -96.6967 37.1967
      vertex -65.2 -96.6967 37.1967
    endloop
  endfacet
  facet normal 6.98118e-18 -0.923853 0.382748
    outer loop
      vertex -68.2 -95.2027 39.3304
      vertex -65.2 -94.9523 39.9348
      vertex -68.2 -94.9523 39.9348
    endloop
  endfacet
  facet normal 6.98118e-18 -0.923853 0.382748
    outer loop
      vertex -65.2 -94.9523 39.9348
      vertex -68.2 -95.2027 39.3304
      vertex -65.2 -95.2027 39.3304
    endloop
  endfacet
  facet normal 0 -0.53737 -0.843347
    outer loop
      vertex -68.2 -98.25 48.9952
      vertex -65.2 -97.6982 48.6436
      vertex -65.2 -98.25 48.9952
    endloop
  endfacet
  facet normal -0 -0.53737 -0.843347
    outer loop
      vertex -65.2 -97.6982 48.6436
      vertex -68.2 -98.25 48.9952
      vertex -68.2 -97.6982 48.6436
    endloop
  endfacet
  facet normal 0 -0.608743 -0.793368
    outer loop
      vertex -68.2 -97.6982 48.6436
      vertex -65.2 -97.1791 48.2453
      vertex -65.2 -97.6982 48.6436
    endloop
  endfacet
  facet normal -0 -0.608743 -0.793368
    outer loop
      vertex -65.2 -97.1791 48.2453
      vertex -68.2 -97.6982 48.6436
      vertex -68.2 -97.1791 48.2453
    endloop
  endfacet
  facet normal -1.80913e-18 -0.976263 -0.216591
    outer loop
      vertex -68.2 -94.6139 43.8024
      vertex -65.2 -94.7556 44.4411
      vertex -68.2 -94.7556 44.4411
    endloop
  endfacet
  facet normal -1.80913e-18 -0.976263 -0.216591
    outer loop
      vertex -65.2 -94.7556 44.4411
      vertex -68.2 -94.6139 43.8024
      vertex -65.2 -94.6139 43.8024
    endloop
  endfacet
  facet normal 0 -0.13066 0.991427
    outer loop
      vertex -68.2 -100.698 35.1139
      vertex -65.2 -101.346 35.0285
      vertex -65.2 -100.698 35.1139
    endloop
  endfacet
  facet normal 0 -0.13066 0.991427
    outer loop
      vertex -65.2 -101.346 35.0285
      vertex -68.2 -100.698 35.1139
      vertex -68.2 -101.346 35.0285
    endloop
  endfacet
  facet normal 0 -0.300554 0.953765
    outer loop
      vertex -68.2 -99.4348 35.4523
      vertex -65.2 -100.059 35.2556
      vertex -65.2 -99.4348 35.4523
    endloop
  endfacet
  facet normal 0 -0.300554 0.953765
    outer loop
      vertex -65.2 -100.059 35.2556
      vertex -68.2 -99.4348 35.4523
      vertex -68.2 -100.059 35.2556
    endloop
  endfacet
  facet normal 0 -0.608743 0.793368
    outer loop
      vertex -68.2 -97.1791 36.7547
      vertex -65.2 -97.6982 36.3564
      vertex -65.2 -97.1791 36.7547
    endloop
  endfacet
  facet normal 0 -0.608743 0.793368
    outer loop
      vertex -65.2 -97.6982 36.3564
      vertex -68.2 -97.1791 36.7547
      vertex -68.2 -97.6982 36.3564
    endloop
  endfacet
  facet normal 0 -0.675559 0.737306
    outer loop
      vertex -68.2 -96.6967 37.1967
      vertex -65.2 -97.1791 36.7547
      vertex -65.2 -96.6967 37.1967
    endloop
  endfacet
  facet normal 0 -0.675559 0.737306
    outer loop
      vertex -65.2 -97.1791 36.7547
      vertex -68.2 -96.6967 37.1967
      vertex -68.2 -97.1791 36.7547
    endloop
  endfacet
  facet normal 1.80913e-18 -0.976263 0.216591
    outer loop
      vertex -68.2 -94.7556 40.5589
      vertex -65.2 -94.6139 41.1976
      vertex -68.2 -94.6139 41.1976
    endloop
  endfacet
  facet normal 1.80913e-18 -0.976263 0.216591
    outer loop
      vertex -65.2 -94.6139 41.1976
      vertex -68.2 -94.7556 40.5589
      vertex -65.2 -94.7556 40.5589
    endloop
  endfacet
  facet normal -3.25853e-18 -0.953751 0.300597
    outer loop
      vertex -68.2 -94.9523 39.9348
      vertex -65.2 -94.7556 40.5589
      vertex -68.2 -94.7556 40.5589
    endloop
  endfacet
  facet normal -3.25853e-18 -0.953751 0.300597
    outer loop
      vertex -65.2 -94.7556 40.5589
      vertex -68.2 -94.9523 39.9348
      vertex -65.2 -94.9523 39.9348
    endloop
  endfacet
  facet normal 3.25886e-18 -0.843347 0.53737
    outer loop
      vertex -68.2 -95.8564 38.1982
      vertex -65.2 -95.5048 38.75
      vertex -68.2 -95.5048 38.75
    endloop
  endfacet
  facet normal 3.25886e-18 -0.843347 0.53737
    outer loop
      vertex -65.2 -95.5048 38.75
      vertex -68.2 -95.8564 38.1982
      vertex -65.2 -95.8564 38.1982
    endloop
  endfacet
  facet normal -1.73295e-18 -0.887034 0.461704
    outer loop
      vertex -68.2 -95.5048 38.75
      vertex -65.2 -95.2027 39.3304
      vertex -68.2 -95.2027 39.3304
    endloop
  endfacet
  facet normal -1.73295e-18 -0.887034 0.461704
    outer loop
      vertex -65.2 -95.2027 39.3304
      vertex -68.2 -95.5048 38.75
      vertex -65.2 -95.5048 38.75
    endloop
  endfacet
  facet normal -1.85036e-18 -0.793368 0.608743
    outer loop
      vertex -68.2 -96.2547 37.6791
      vertex -65.2 -95.8564 38.1982
      vertex -68.2 -95.8564 38.1982
    endloop
  endfacet
  facet normal -1.85036e-18 -0.793368 0.608743
    outer loop
      vertex -65.2 -95.8564 38.1982
      vertex -68.2 -96.2547 37.6791
      vertex -65.2 -96.2547 37.6791
    endloop
  endfacet
  facet normal 0 -0.300554 -0.953765
    outer loop
      vertex -68.2 -100.059 49.7444
      vertex -65.2 -99.4348 49.5477
      vertex -65.2 -100.059 49.7444
    endloop
  endfacet
  facet normal -0 -0.300554 -0.953765
    outer loop
      vertex -65.2 -99.4348 49.5477
      vertex -68.2 -100.059 49.7444
      vertex -68.2 -99.4348 49.5477
    endloop
  endfacet
  facet normal 0 -0.461704 -0.887034
    outer loop
      vertex -68.2 -98.8304 49.2973
      vertex -65.2 -98.25 48.9952
      vertex -65.2 -98.8304 49.2973
    endloop
  endfacet
  facet normal -0 -0.461704 -0.887034
    outer loop
      vertex -65.2 -98.25 48.9952
      vertex -68.2 -98.8304 49.2973
      vertex -68.2 -98.25 48.9952
    endloop
  endfacet
  facet normal 0 -0.13066 -0.991427
    outer loop
      vertex -68.2 -101.346 49.9715
      vertex -65.2 -100.698 49.8861
      vertex -65.2 -101.346 49.9715
    endloop
  endfacet
  facet normal -0 -0.13066 -0.991427
    outer loop
      vertex -65.2 -100.698 49.8861
      vertex -68.2 -101.346 49.9715
      vertex -68.2 -100.698 49.8861
    endloop
  endfacet
  facet normal -3.25886e-18 -0.843347 -0.53737
    outer loop
      vertex -68.2 -95.5048 46.25
      vertex -65.2 -95.8564 46.8018
      vertex -68.2 -95.8564 46.8018
    endloop
  endfacet
  facet normal -3.25886e-18 -0.843347 -0.53737
    outer loop
      vertex -65.2 -95.8564 46.8018
      vertex -68.2 -95.5048 46.25
      vertex -65.2 -95.5048 46.25
    endloop
  endfacet
  facet normal -5.71336e-19 -0.991445 -0.130522
    outer loop
      vertex -68.2 -94.5285 43.1537
      vertex -65.2 -94.6139 43.8024
      vertex -68.2 -94.6139 43.8024
    endloop
  endfacet
  facet normal -5.71336e-19 -0.991445 -0.130522
    outer loop
      vertex -65.2 -94.6139 43.8024
      vertex -68.2 -94.5285 43.1537
      vertex -65.2 -94.5285 43.1537
    endloop
  endfacet
  facet normal 0 -0.216494 0.976284
    outer loop
      vertex -68.2 -100.059 35.2556
      vertex -65.2 -100.698 35.1139
      vertex -65.2 -100.059 35.2556
    endloop
  endfacet
  facet normal 0 -0.216494 0.976284
    outer loop
      vertex -65.2 -100.698 35.1139
      vertex -68.2 -100.059 35.2556
      vertex -68.2 -100.698 35.1139
    endloop
  endfacet
  facet normal 0 -0.382748 0.923853
    outer loop
      vertex -68.2 -98.8304 35.7027
      vertex -65.2 -99.4348 35.4523
      vertex -65.2 -98.8304 35.7027
    endloop
  endfacet
  facet normal 0 -0.382748 0.923853
    outer loop
      vertex -65.2 -99.4348 35.4523
      vertex -68.2 -98.8304 35.7027
      vertex -68.2 -99.4348 35.4523
    endloop
  endfacet
  facet normal 0 -0.461704 0.887034
    outer loop
      vertex -68.2 -98.25 36.0048
      vertex -65.2 -98.8304 35.7027
      vertex -65.2 -98.25 36.0048
    endloop
  endfacet
  facet normal 0 -0.461704 0.887034
    outer loop
      vertex -65.2 -98.8304 35.7027
      vertex -68.2 -98.25 36.0048
      vertex -68.2 -98.8304 35.7027
    endloop
  endfacet
  facet normal 0 -0.53737 0.843347
    outer loop
      vertex -68.2 -97.6982 36.3564
      vertex -65.2 -98.25 36.0048
      vertex -65.2 -97.6982 36.3564
    endloop
  endfacet
  facet normal 0 -0.53737 0.843347
    outer loop
      vertex -65.2 -98.25 36.0048
      vertex -68.2 -97.6982 36.3564
      vertex -68.2 -98.25 36.0048
    endloop
  endfacet
  facet normal 5.71336e-19 -0.991445 0.130522
    outer loop
      vertex -68.2 -94.6139 41.1976
      vertex -65.2 -94.5285 41.8463
      vertex -68.2 -94.5285 41.8463
    endloop
  endfacet
  facet normal 5.71336e-19 -0.991445 0.130522
    outer loop
      vertex -65.2 -94.5285 41.8463
      vertex -68.2 -94.6139 41.1976
      vertex -65.2 -94.6139 41.1976
    endloop
  endfacet
  facet normal 3.16726e-19 -0.999051 0.0435566
    outer loop
      vertex -68.2 -94.5285 41.8463
      vertex -65.2 -94.5 42.5
      vertex -68.2 -94.5 42.5
    endloop
  endfacet
  facet normal 3.16726e-19 -0.999051 0.0435566
    outer loop
      vertex -65.2 -94.5 42.5
      vertex -68.2 -94.5285 41.8463
      vertex -65.2 -94.5285 41.8463
    endloop
  endfacet
  facet normal 0 -0.675559 -0.737306
    outer loop
      vertex -68.2 -97.1791 48.2453
      vertex -65.2 -96.6967 47.8033
      vertex -65.2 -97.1791 48.2453
    endloop
  endfacet
  facet normal -0 -0.675559 -0.737306
    outer loop
      vertex -65.2 -96.6967 47.8033
      vertex -68.2 -97.1791 48.2453
      vertex -68.2 -96.6967 47.8033
    endloop
  endfacet
  facet normal 0 -0.382748 -0.923853
    outer loop
      vertex -68.2 -99.4348 49.5477
      vertex -65.2 -98.8304 49.2973
      vertex -65.2 -99.4348 49.5477
    endloop
  endfacet
  facet normal -0 -0.382748 -0.923853
    outer loop
      vertex -65.2 -98.8304 49.2973
      vertex -68.2 -99.4348 49.5477
      vertex -68.2 -98.8304 49.2973
    endloop
  endfacet
  facet normal 0 -0.216494 -0.976284
    outer loop
      vertex -68.2 -100.698 49.8861
      vertex -65.2 -100.059 49.7444
      vertex -65.2 -100.698 49.8861
    endloop
  endfacet
  facet normal -0 -0.216494 -0.976284
    outer loop
      vertex -65.2 -100.059 49.7444
      vertex -68.2 -100.698 49.8861
      vertex -68.2 -100.059 49.7444
    endloop
  endfacet
  facet normal 1.85036e-18 -0.793368 -0.608743
    outer loop
      vertex -68.2 -95.8564 46.8018
      vertex -65.2 -96.2547 47.3209
      vertex -68.2 -96.2547 47.3209
    endloop
  endfacet
  facet normal 1.85036e-18 -0.793368 -0.608743
    outer loop
      vertex -65.2 -96.2547 47.3209
      vertex -68.2 -95.8564 46.8018
      vertex -65.2 -95.8564 46.8018
    endloop
  endfacet
  facet normal 1.73295e-18 -0.887034 -0.461704
    outer loop
      vertex -68.2 -95.2027 45.6696
      vertex -65.2 -95.5048 46.25
      vertex -68.2 -95.5048 46.25
    endloop
  endfacet
  facet normal 1.73295e-18 -0.887034 -0.461704
    outer loop
      vertex -65.2 -95.5048 46.25
      vertex -68.2 -95.2027 45.6696
      vertex -65.2 -95.2027 45.6696
    endloop
  endfacet
  facet normal 3.25853e-18 -0.953751 -0.300597
    outer loop
      vertex -68.2 -94.7556 44.4411
      vertex -65.2 -94.9523 45.0652
      vertex -68.2 -94.9523 45.0652
    endloop
  endfacet
  facet normal 3.25853e-18 -0.953751 -0.300597
    outer loop
      vertex -65.2 -94.9523 45.0652
      vertex -68.2 -94.7556 44.4411
      vertex -65.2 -94.7556 44.4411
    endloop
  endfacet
  facet normal -0.99619 -0.0616665 -0.0616642
    outer loop
      vertex 55.95 -4.60702 89.5255
      vertex 55.9082 -6.39067 91.9845
      vertex 55.9082 -4.26935 89.8631
    endloop
  endfacet
  facet normal -0.996191 -0.061656 -0.0616566
    outer loop
      vertex 55.9082 -6.39067 91.9845
      vertex 55.95 -4.60702 89.5255
      vertex 55.95 -6.72834 91.6468
    endloop
  endfacet
  facet normal -0.966033 -0.182729 -0.18273
    outer loop
      vertex 55.8255 -4.05108 90.0814
      vertex 55.7842 -6.06326 92.3119
      vertex 55.7842 -3.94194 90.1906
    endloop
  endfacet
  facet normal -0.965967 -0.182912 -0.182895
    outer loop
      vertex 55.7842 -6.06326 92.3119
      vertex 55.8255 -4.05108 90.0814
      vertex 55.8772 -6.30882 92.0663
    endloop
  endfacet
  facet normal 0.99619 -0.0616665 -0.0616642
    outer loop
      vertex 50.4918 -6.39067 91.9845
      vertex 50.45 -4.60702 89.5255
      vertex 50.4918 -4.26935 89.8631
    endloop
  endfacet
  facet normal 0.996191 -0.061656 -0.0616566
    outer loop
      vertex 50.45 -4.60702 89.5255
      vertex 50.4918 -6.39067 91.9845
      vertex 50.45 -6.72834 91.6468
    endloop
  endfacet
  facet normal 0.0871119 -0.704415 -0.704422
    outer loop
      vertex 52.7225 -4.81334 93.5618
      vertex 53.2 -2.66247 91.47
      vertex 53.2 -4.78379 93.5913
    endloop
  endfacet
  facet normal 0.0870972 -0.704415 -0.704425
    outer loop
      vertex 53.2 -2.66247 91.47
      vertex 52.7225 -4.81334 93.5618
      vertex 52.7225 -2.69201 91.4405
    endloop
  endfacet
  facet normal 0.422583 0.640865 0.640871
    outer loop
      vertex 51.9336 -8.44817 89.927
      vertex 51.825 -6.29104 87.8415
      vertex 51.825 -8.41236 89.9628
    endloop
  endfacet
  facet normal 0.422656 0.640843 0.640845
    outer loop
      vertex 51.825 -6.29104 87.8415
      vertex 51.9336 -8.44817 89.927
      vertex 52.1146 -6.38654 87.746
    endloop
  endfacet
  facet normal -0.573411 -0.579297 -0.579323
    outer loop
      vertex 54.7059 -2.9878 91.1447
      vertex 54.9677 -5.23873 93.1364
      vertex 54.8695 -5.19013 93.185
    endloop
  endfacet
  facet normal -0.573524 -0.579251 -0.579257
    outer loop
      vertex 54.9677 -5.23873 93.1364
      vertex 54.7059 -2.9878 91.1447
      vertex 54.9677 -3.11741 91.0151
    endloop
  endfacet
  facet normal 0.707183 -0.499944 -0.499949
    outer loop
      vertex 51.4323 -5.23873 93.1364
      vertex 51.0934 -3.35709 90.7754
      vertex 51.4323 -3.11741 91.0151
    endloop
  endfacet
  facet normal 0.707183 -0.499944 -0.499949
    outer loop
      vertex 51.0934 -3.35709 90.7754
      vertex 51.4323 -5.23873 93.1364
      vertex 51.0934 -5.47841 92.8967
    endloop
  endfacet
  facet normal 0.258728 -0.683025 -0.683035
    outer loop
      vertex 52.2594 -4.90106 93.4741
      vertex 52.7225 -2.69201 91.4405
      vertex 52.7225 -4.81334 93.5618
    endloop
  endfacet
  facet normal 0.258742 -0.683024 -0.68303
    outer loop
      vertex 52.7225 -2.69201 91.4405
      vertex 52.2594 -4.90106 93.4741
      vertex 52.2594 -2.77974 91.3528
    endloop
  endfacet
  facet normal -0.906337 -0.298789 -0.298795
    outer loop
      vertex 55.6322 -5.83287 92.5423
      vertex 55.5816 -3.63474 90.4977
      vertex 55.7166 -3.83954 90.293
    endloop
  endfacet
  facet normal -0.906456 -0.298616 -0.298606
    outer loop
      vertex 55.5816 -3.63474 90.4977
      vertex 55.6322 -5.83287 92.5423
      vertex 55.5816 -5.75607 92.6191
    endloop
  endfacet
  facet normal -0.965939 -0.182983 -0.182975
    outer loop
      vertex 55.9082 -4.26935 89.8631
      vertex 55.8772 -6.30882 92.0663
      vertex 55.8255 -4.05108 90.0814
    endloop
  endfacet
  facet normal -0.965939 -0.18298 -0.182973
    outer loop
      vertex 55.8772 -6.30882 92.0663
      vertex 55.9082 -4.26935 89.8631
      vertex 55.9082 -6.39067 91.9845
    endloop
  endfacet
  facet normal -0.707183 -0.499944 -0.499949
    outer loop
      vertex 55.3066 -3.35709 90.7754
      vertex 54.9677 -5.23873 93.1364
      vertex 54.9677 -3.11741 91.0151
    endloop
  endfacet
  facet normal -0.707183 -0.499944 -0.499949
    outer loop
      vertex 54.9677 -5.23873 93.1364
      vertex 55.3066 -3.35709 90.7754
      vertex 55.3066 -5.47841 92.8967
    endloop
  endfacet
  facet normal -0.258728 -0.683025 -0.683035
    outer loop
      vertex 53.6775 -2.69201 91.4405
      vertex 54.1406 -4.90106 93.4741
      vertex 53.6775 -4.81334 93.5618
    endloop
  endfacet
  facet normal -0.258742 -0.683024 -0.68303
    outer loop
      vertex 54.1406 -4.90106 93.4741
      vertex 53.6775 -2.69201 91.4405
      vertex 54.1406 -2.77974 91.3528
    endloop
  endfacet
  facet normal 0.90624 -0.298947 -0.298932
    outer loop
      vertex 50.6158 -6.06326 92.3119
      vertex 50.6834 -3.83954 90.293
      vertex 50.7678 -5.83287 92.5423
    endloop
  endfacet
  facet normal 0.906137 -0.299094 -0.299097
    outer loop
      vertex 50.6834 -3.83954 90.293
      vertex 50.6158 -6.06326 92.3119
      vertex 50.6158 -3.94194 90.1906
    endloop
  endfacet
  facet normal 0.966033 -0.182729 -0.18273
    outer loop
      vertex 50.6158 -6.06326 92.3119
      vertex 50.5745 -4.05108 90.0814
      vertex 50.6158 -3.94194 90.1906
    endloop
  endfacet
  facet normal 0.965967 -0.182912 -0.182895
    outer loop
      vertex 50.5745 -4.05108 90.0814
      vertex 50.6158 -6.06326 92.3119
      vertex 50.5228 -6.30882 92.0663
    endloop
  endfacet
  facet normal 0.573568 -0.57923 -0.579235
    outer loop
      vertex 51.5305 -5.19013 93.185
      vertex 51.825 -2.92299 91.2095
      vertex 51.825 -5.04431 93.3308
    endloop
  endfacet
  facet normal 0.573538 -0.579241 -0.579253
    outer loop
      vertex 51.825 -2.92299 91.2095
      vertex 51.5305 -5.19013 93.185
      vertex 51.6941 -2.9878 91.1447
    endloop
  endfacet
  facet normal 0.422632 -0.640849 -0.640855
    outer loop
      vertex 52.1508 -4.93688 93.4383
      vertex 52.2594 -2.77974 91.3528
      vertex 52.2594 -4.90106 93.4741
    endloop
  endfacet
  facet normal 0.422656 -0.640842 -0.640846
    outer loop
      vertex 52.2594 -2.77974 91.3528
      vertex 52.1508 -4.93688 93.4383
      vertex 51.9698 -2.87524 91.2573
    endloop
  endfacet
  facet normal -0.906376 0.298731 0.298734
    outer loop
      vertex 55.5816 -7.70061 90.6745
      vertex 55.6491 -5.47689 88.6556
      vertex 55.5816 -5.57929 88.5532
    endloop
  endfacet
  facet normal -0.90635 0.298769 0.298777
    outer loop
      vertex 55.6491 -5.47689 88.6556
      vertex 55.5816 -7.70061 90.6745
      vertex 55.7335 -7.47021 90.9049
    endloop
  endfacet
  facet normal -0.996191 0.0616569 0.0616575
    outer loop
      vertex 55.9082 -4.94468 89.1878
      vertex 55.95 -6.72834 91.6468
      vertex 55.95 -4.60702 89.5255
    endloop
  endfacet
  facet normal -0.996191 0.0616569 0.0616575
    outer loop
      vertex 55.95 -6.72834 91.6468
      vertex 55.9082 -4.94468 89.1878
      vertex 55.9082 -7.066 91.3091
    endloop
  endfacet
  facet normal 0.0870972 0.704416 0.704423
    outer loop
      vertex 53.2 -8.67288 89.7023
      vertex 52.7225 -6.52202 87.6105
      vertex 52.7225 -8.64334 89.7318
    endloop
  endfacet
  facet normal 0.0872436 0.704424 0.704397
    outer loop
      vertex 52.7225 -6.52202 87.6105
      vertex 53.2 -8.67288 89.7023
      vertex 53.2 -6.55156 87.5809
    endloop
  endfacet
  facet normal 0.966003 0.182807 0.182809
    outer loop
      vertex 50.4918 -7.066 91.3091
      vertex 50.5331 -5.05382 89.0787
      vertex 50.4918 -4.94468 89.1878
    endloop
  endfacet
  facet normal 0.965954 0.182945 0.182932
    outer loop
      vertex 50.5331 -5.05382 89.0787
      vertex 50.4918 -7.066 91.3091
      vertex 50.5848 -7.31156 91.0636
    endloop
  endfacet
  facet normal -0.0870972 0.704416 0.704423
    outer loop
      vertex 53.6775 -6.52202 87.6105
      vertex 53.2 -8.67288 89.7023
      vertex 53.6775 -8.64334 89.7318
    endloop
  endfacet
  facet normal -0.0872436 0.704424 0.704397
    outer loop
      vertex 53.2 -8.67288 89.7023
      vertex 53.6775 -6.52202 87.6105
      vertex 53.2 -6.55156 87.5809
    endloop
  endfacet
  facet normal -0.906137 -0.299094 -0.299097
    outer loop
      vertex 55.7842 -6.06326 92.3119
      vertex 55.7166 -3.83954 90.293
      vertex 55.7842 -3.94194 90.1906
    endloop
  endfacet
  facet normal -0.90624 -0.298947 -0.298932
    outer loop
      vertex 55.7166 -3.83954 90.293
      vertex 55.7842 -6.06326 92.3119
      vertex 55.6322 -5.83287 92.5423
    endloop
  endfacet
  facet normal -0.819118 -0.405612 -0.405616
    outer loop
      vertex 55.5816 -3.63474 90.4977
      vertex 55.3066 -5.47841 92.8967
      vertex 55.3066 -3.35709 90.7754
    endloop
  endfacet
  facet normal -0.819075 -0.405665 -0.405651
    outer loop
      vertex 55.3066 -5.47841 92.8967
      vertex 55.5816 -3.63474 90.4977
      vertex 55.5816 -5.75607 92.6191
    endloop
  endfacet
  facet normal -0.422745 -0.640808 -0.640822
    outer loop
      vertex 54.4302 -2.87524 91.2573
      vertex 54.575 -5.04431 93.3308
      vertex 54.2492 -4.93688 93.4383
    endloop
  endfacet
  facet normal -0.422838 -0.640781 -0.640787
    outer loop
      vertex 54.575 -5.04431 93.3308
      vertex 54.4302 -2.87524 91.2573
      vertex 54.575 -2.92299 91.2095
    endloop
  endfacet
  facet normal -0.0871119 -0.704415 -0.704422
    outer loop
      vertex 53.2 -2.66247 91.47
      vertex 53.6775 -4.81334 93.5618
      vertex 53.2 -4.78379 93.5913
    endloop
  endfacet
  facet normal -0.0870972 -0.704415 -0.704425
    outer loop
      vertex 53.6775 -4.81334 93.5618
      vertex 53.2 -2.66247 91.47
      vertex 53.6775 -2.69201 91.4405
    endloop
  endfacet
  facet normal 0.819118 -0.405612 -0.405616
    outer loop
      vertex 51.0934 -5.47841 92.8967
      vertex 50.8184 -3.63474 90.4977
      vertex 51.0934 -3.35709 90.7754
    endloop
  endfacet
  facet normal 0.819075 -0.405665 -0.405651
    outer loop
      vertex 50.8184 -3.63474 90.4977
      vertex 51.0934 -5.47841 92.8967
      vertex 50.8184 -5.75607 92.6191
    endloop
  endfacet
  facet normal 0.906456 -0.298616 -0.298606
    outer loop
      vertex 50.7678 -5.83287 92.5423
      vertex 50.8184 -3.63474 90.4977
      vertex 50.8184 -5.75607 92.6191
    endloop
  endfacet
  facet normal 0.906337 -0.298789 -0.298795
    outer loop
      vertex 50.8184 -3.63474 90.4977
      vertex 50.7678 -5.83287 92.5423
      vertex 50.6834 -3.83954 90.293
    endloop
  endfacet
  facet normal 0.965939 -0.182983 -0.182975
    outer loop
      vertex 50.5228 -6.30882 92.0663
      vertex 50.4918 -4.26935 89.8631
      vertex 50.5745 -4.05108 90.0814
    endloop
  endfacet
  facet normal 0.965939 -0.18298 -0.182973
    outer loop
      vertex 50.4918 -4.26935 89.8631
      vertex 50.5228 -6.30882 92.0663
      vertex 50.4918 -6.39067 91.9845
    endloop
  endfacet
  facet normal 0.573411 -0.579297 -0.579323
    outer loop
      vertex 51.4323 -5.23873 93.1364
      vertex 51.6941 -2.9878 91.1447
      vertex 51.5305 -5.19013 93.185
    endloop
  endfacet
  facet normal 0.573524 -0.579251 -0.579257
    outer loop
      vertex 51.6941 -2.9878 91.1447
      vertex 51.4323 -5.23873 93.1364
      vertex 51.4323 -3.11741 91.0151
    endloop
  endfacet
  facet normal 0.422745 -0.640808 -0.640822
    outer loop
      vertex 51.825 -5.04431 93.3308
      vertex 51.9698 -2.87524 91.2573
      vertex 52.1508 -4.93688 93.4383
    endloop
  endfacet
  facet normal 0.422838 -0.640781 -0.640787
    outer loop
      vertex 51.9698 -2.87524 91.2573
      vertex 51.825 -5.04431 93.3308
      vertex 51.825 -2.92299 91.2095
    endloop
  endfacet
  facet normal -0.965939 0.182983 0.182975
    outer loop
      vertex 55.7842 -5.27209 88.8604
      vertex 55.8152 -7.31156 91.0636
      vertex 55.8669 -5.05382 89.0787
    endloop
  endfacet
  facet normal -0.965979 0.182871 0.182873
    outer loop
      vertex 55.8152 -7.31156 91.0636
      vertex 55.7842 -5.27209 88.8604
      vertex 55.7842 -7.39341 90.9817
    endloop
  endfacet
  facet normal -0.906256 0.298921 0.298908
    outer loop
      vertex 55.7335 -7.47021 90.9049
      vertex 55.7842 -5.27209 88.8604
      vertex 55.6491 -5.47689 88.6556
    endloop
  endfacet
  facet normal -0.906137 0.299094 0.299097
    outer loop
      vertex 55.7842 -5.27209 88.8604
      vertex 55.7335 -7.47021 90.9049
      vertex 55.7842 -7.39341 90.9817
    endloop
  endfacet
  facet normal -0.422761 0.640803 0.640816
    outer loop
      vertex 54.2854 -6.38654 87.746
      vertex 54.1406 -8.55561 89.8195
      vertex 54.4664 -8.44817 89.927
    endloop
  endfacet
  facet normal -0.422838 0.640781 0.640787
    outer loop
      vertex 54.1406 -8.55561 89.8195
      vertex 54.2854 -6.38654 87.746
      vertex 54.1406 -6.43429 87.6982
    endloop
  endfacet
  facet normal 0.707183 0.499943 0.49995
    outer loop
      vertex 51.0934 -7.97827 90.3969
      vertex 51.4323 -6.09662 88.0359
      vertex 51.0934 -5.85694 88.2756
    endloop
  endfacet
  facet normal 0.707175 0.499949 0.499954
    outer loop
      vertex 51.4323 -6.09662 88.0359
      vertex 51.0934 -7.97827 90.3969
      vertex 51.4323 -8.21794 90.1572
    endloop
  endfacet
  facet normal 0.81907 0.405661 0.405665
    outer loop
      vertex 50.8184 -7.70061 90.6745
      vertex 51.0934 -5.85694 88.2756
      vertex 50.8184 -5.57929 88.5532
    endloop
  endfacet
  facet normal 0.819075 0.405655 0.405661
    outer loop
      vertex 51.0934 -5.85694 88.2756
      vertex 50.8184 -7.70061 90.6745
      vertex 51.0934 -7.97827 90.3969
    endloop
  endfacet
  facet normal 0.906137 0.299094 0.299097
    outer loop
      vertex 50.6665 -7.47021 90.9049
      vertex 50.6158 -5.27209 88.8604
      vertex 50.6158 -7.39341 90.9817
    endloop
  endfacet
  facet normal 0.906256 0.298921 0.298908
    outer loop
      vertex 50.6158 -5.27209 88.8604
      vertex 50.6665 -7.47021 90.9049
      vertex 50.7509 -5.47689 88.6556
    endloop
  endfacet
  facet normal 0.996191 0.0616569 0.0616575
    outer loop
      vertex 50.45 -6.72834 91.6468
      vertex 50.4918 -4.94468 89.1878
      vertex 50.45 -4.60702 89.5255
    endloop
  endfacet
  facet normal 0.996191 0.0616569 0.0616575
    outer loop
      vertex 50.4918 -4.94468 89.1878
      vertex 50.45 -6.72834 91.6468
      vertex 50.4918 -7.066 91.3091
    endloop
  endfacet
  facet normal -0.258539 0.683039 0.683093
    outer loop
      vertex 53.9862 -6.46353 87.669
      vertex 53.6775 -8.64334 89.7318
      vertex 53.7933 -8.62141 89.7537
    endloop
  endfacet
  facet normal -0.258844 0.683005 0.683011
    outer loop
      vertex 53.6775 -8.64334 89.7318
      vertex 53.9862 -6.46353 87.669
      vertex 53.6775 -6.52202 87.6105
    endloop
  endfacet
  facet normal -0.422632 -0.640849 -0.640855
    outer loop
      vertex 54.1406 -2.77974 91.3528
      vertex 54.2492 -4.93688 93.4383
      vertex 54.1406 -4.90106 93.4741
    endloop
  endfacet
  facet normal -0.422656 -0.640842 -0.640846
    outer loop
      vertex 54.2492 -4.93688 93.4383
      vertex 54.1406 -2.77974 91.3528
      vertex 54.4302 -2.87524 91.2573
    endloop
  endfacet
  facet normal -0.573568 -0.57923 -0.579235
    outer loop
      vertex 54.575 -2.92299 91.2095
      vertex 54.8695 -5.19013 93.185
      vertex 54.575 -5.04431 93.3308
    endloop
  endfacet
  facet normal -0.573538 -0.579241 -0.579253
    outer loop
      vertex 54.8695 -5.19013 93.185
      vertex 54.575 -2.92299 91.2095
      vertex 54.7059 -2.9878 91.1447
    endloop
  endfacet
  facet normal -0.573568 0.57923 0.579235
    outer loop
      vertex 54.9677 -6.09662 88.0359
      vertex 54.6732 -8.36376 90.0114
      vertex 54.9677 -8.21794 90.1572
    endloop
  endfacet
  facet normal -0.573538 0.579241 0.579253
    outer loop
      vertex 54.6732 -8.36376 90.0114
      vertex 54.9677 -6.09662 88.0359
      vertex 54.8368 -6.16143 87.9711
    endloop
  endfacet
  facet normal -0.966003 0.182807 0.182809
    outer loop
      vertex 55.8669 -5.05382 89.0787
      vertex 55.9082 -7.066 91.3091
      vertex 55.9082 -4.94468 89.1878
    endloop
  endfacet
  facet normal -0.965954 0.182945 0.182932
    outer loop
      vertex 55.9082 -7.066 91.3091
      vertex 55.8669 -5.05382 89.0787
      vertex 55.8152 -7.31156 91.0636
    endloop
  endfacet
  facet normal 0.573568 0.57923 0.579235
    outer loop
      vertex 51.7268 -8.36376 90.0114
      vertex 51.4323 -6.09662 88.0359
      vertex 51.4323 -8.21794 90.1572
    endloop
  endfacet
  facet normal 0.573538 0.579241 0.579253
    outer loop
      vertex 51.4323 -6.09662 88.0359
      vertex 51.7268 -8.36376 90.0114
      vertex 51.5632 -6.16143 87.9711
    endloop
  endfacet
  facet normal 0.90635 0.298769 0.298777
    outer loop
      vertex 50.8184 -7.70061 90.6745
      vertex 50.7509 -5.47689 88.6556
      vertex 50.6665 -7.47021 90.9049
    endloop
  endfacet
  facet normal 0.906376 0.298731 0.298734
    outer loop
      vertex 50.7509 -5.47689 88.6556
      vertex 50.8184 -7.70061 90.6745
      vertex 50.8184 -5.57929 88.5532
    endloop
  endfacet
  facet normal -0.573411 0.579297 0.579323
    outer loop
      vertex 54.8368 -6.16143 87.9711
      vertex 54.575 -8.41236 89.9628
      vertex 54.6732 -8.36376 90.0114
    endloop
  endfacet
  facet normal -0.573524 0.579251 0.579257
    outer loop
      vertex 54.575 -8.41236 89.9628
      vertex 54.8368 -6.16143 87.9711
      vertex 54.575 -6.29104 87.8415
    endloop
  endfacet
  facet normal -0.422583 0.640865 0.640871
    outer loop
      vertex 54.575 -6.29104 87.8415
      vertex 54.4664 -8.44817 89.927
      vertex 54.575 -8.41236 89.9628
    endloop
  endfacet
  facet normal -0.422656 0.640843 0.640845
    outer loop
      vertex 54.4664 -8.44817 89.927
      vertex 54.575 -6.29104 87.8415
      vertex 54.2854 -6.38654 87.746
    endloop
  endfacet
  facet normal -0.25881 0.683011 0.683018
    outer loop
      vertex 54.1406 -6.43429 87.6982
      vertex 53.7933 -8.62141 89.7537
      vertex 54.1406 -8.55561 89.8195
    endloop
  endfacet
  facet normal -0.258539 0.683039 0.683093
    outer loop
      vertex 53.7933 -8.62141 89.7537
      vertex 54.1406 -6.43429 87.6982
      vertex 53.9862 -6.46353 87.669
    endloop
  endfacet
  facet normal -0.707183 0.499943 0.49995
    outer loop
      vertex 54.9677 -6.09662 88.0359
      vertex 55.3066 -7.97827 90.3969
      vertex 55.3066 -5.85694 88.2756
    endloop
  endfacet
  facet normal -0.707175 0.499949 0.499954
    outer loop
      vertex 55.3066 -7.97827 90.3969
      vertex 54.9677 -6.09662 88.0359
      vertex 54.9677 -8.21794 90.1572
    endloop
  endfacet
  facet normal -0.81907 0.405661 0.405665
    outer loop
      vertex 55.3066 -5.85694 88.2756
      vertex 55.5816 -7.70061 90.6745
      vertex 55.5816 -5.57929 88.5532
    endloop
  endfacet
  facet normal -0.819075 0.405655 0.405661
    outer loop
      vertex 55.5816 -7.70061 90.6745
      vertex 55.3066 -5.85694 88.2756
      vertex 55.3066 -7.97827 90.3969
    endloop
  endfacet
  facet normal 0.25881 0.683011 0.683018
    outer loop
      vertex 52.6067 -8.62141 89.7537
      vertex 52.2594 -6.43429 87.6982
      vertex 52.2594 -8.55561 89.8195
    endloop
  endfacet
  facet normal 0.258539 0.683039 0.683093
    outer loop
      vertex 52.2594 -6.43429 87.6982
      vertex 52.6067 -8.62141 89.7537
      vertex 52.4138 -6.46353 87.669
    endloop
  endfacet
  facet normal 0.258539 0.683039 0.683093
    outer loop
      vertex 52.7225 -8.64334 89.7318
      vertex 52.4138 -6.46353 87.669
      vertex 52.6067 -8.62141 89.7537
    endloop
  endfacet
  facet normal 0.258844 0.683005 0.683011
    outer loop
      vertex 52.4138 -6.46353 87.669
      vertex 52.7225 -8.64334 89.7318
      vertex 52.7225 -6.52202 87.6105
    endloop
  endfacet
  facet normal 0.422761 0.640803 0.640816
    outer loop
      vertex 52.2594 -8.55561 89.8195
      vertex 52.1146 -6.38654 87.746
      vertex 51.9336 -8.44817 89.927
    endloop
  endfacet
  facet normal 0.422838 0.640781 0.640787
    outer loop
      vertex 52.1146 -6.38654 87.746
      vertex 52.2594 -8.55561 89.8195
      vertex 52.2594 -6.43429 87.6982
    endloop
  endfacet
  facet normal 0.965939 0.182983 0.182975
    outer loop
      vertex 50.5848 -7.31156 91.0636
      vertex 50.6158 -5.27209 88.8604
      vertex 50.5331 -5.05382 89.0787
    endloop
  endfacet
  facet normal 0.965979 0.182871 0.182873
    outer loop
      vertex 50.6158 -5.27209 88.8604
      vertex 50.5848 -7.31156 91.0636
      vertex 50.6158 -7.39341 90.9817
    endloop
  endfacet
  facet normal 0.573411 0.579297 0.579323
    outer loop
      vertex 51.825 -8.41236 89.9628
      vertex 51.5632 -6.16143 87.9711
      vertex 51.7268 -8.36376 90.0114
    endloop
  endfacet
  facet normal 0.573524 0.579251 0.579257
    outer loop
      vertex 51.5632 -6.16143 87.9711
      vertex 51.825 -8.41236 89.9628
      vertex 51.825 -6.29104 87.8415
    endloop
  endfacet
  facet normal -0.996195 -0.061622 -0.0616307
    outer loop
      vertex 55.95 49.2745 143.407
      vertex 55.9082 47.4909 145.866
      vertex 55.9082 49.6122 143.745
    endloop
  endfacet
  facet normal -0.996195 -0.061622 -0.0616307
    outer loop
      vertex 55.9082 47.4909 145.866
      vertex 55.95 49.2745 143.407
      vertex 55.95 47.1532 145.528
    endloop
  endfacet
  facet normal -0.086453 0.70441 0.704509
    outer loop
      vertex 53.6775 47.3595 141.492
      vertex 53.2 45.2086 143.584
      vertex 53.6775 45.2382 143.613
    endloop
  endfacet
  facet normal -0.0877705 0.704477 0.704278
    outer loop
      vertex 53.2 45.2086 143.584
      vertex 53.6775 47.3595 141.492
      vertex 53.2 47.33 141.462
    endloop
  endfacet
  facet normal 0.996195 -0.061622 -0.0616307
    outer loop
      vertex 50.4918 47.4909 145.866
      vertex 50.45 49.2745 143.407
      vertex 50.4918 49.6122 143.745
    endloop
  endfacet
  facet normal 0.996195 -0.061622 -0.0616307
    outer loop
      vertex 50.45 49.2745 143.407
      vertex 50.4918 47.4909 145.866
      vertex 50.45 47.1532 145.528
    endloop
  endfacet
  facet normal -0.257341 -0.683236 -0.683348
    outer loop
      vertex 53.9862 51.131 145.264
      vertex 54.1406 48.9805 147.356
      vertex 53.7933 49.0463 147.421
    endloop
  endfacet
  facet normal -0.261671 -0.682582 -0.682356
    outer loop
      vertex 54.1406 48.9805 147.356
      vertex 53.9862 51.131 145.264
      vertex 54.1406 51.1018 145.234
    endloop
  endfacet
  facet normal 0.996181 0.061731 0.0617406
    outer loop
      vertex 50.4813 46.8999 145.275
      vertex 50.4918 48.9368 143.069
      vertex 50.4639 49.162 143.294
    endloop
  endfacet
  facet normal 0.996135 0.0621208 0.0621003
    outer loop
      vertex 50.4918 48.9368 143.069
      vertex 50.4813 46.8999 145.275
      vertex 50.4918 46.8155 145.191
    endloop
  endfacet
  facet normal -0.996181 0.061731 0.0617406
    outer loop
      vertex 55.9082 48.9368 143.069
      vertex 55.9187 46.8999 145.275
      vertex 55.9361 49.162 143.294
    endloop
  endfacet
  facet normal -0.996135 0.0621208 0.0621003
    outer loop
      vertex 55.9187 46.8999 145.275
      vertex 55.9082 48.9368 143.069
      vertex 55.9082 46.8155 145.191
    endloop
  endfacet
  facet normal -0.574991 -0.578704 -0.578349
    outer loop
      vertex 54.7059 50.8937 145.026
      vertex 54.9677 48.6428 147.018
      vertex 54.8695 48.6914 147.067
    endloop
  endfacet
  facet normal -0.572617 -0.579662 -0.579744
    outer loop
      vertex 54.9677 48.6428 147.018
      vertex 54.7059 50.8937 145.026
      vertex 54.9677 50.7641 144.897
    endloop
  endfacet
  facet normal -0.906244 -0.298983 -0.298884
    outer loop
      vertex 55.7842 49.9396 144.072
      vertex 55.5816 48.1255 146.501
      vertex 55.5816 50.2468 144.379
    endloop
  endfacet
  facet normal -0.906507 -0.298513 -0.298555
    outer loop
      vertex 55.5816 48.1255 146.501
      vertex 55.7842 49.9396 144.072
      vertex 55.7842 47.8183 146.193
    endloop
  endfacet
  facet normal 0.707449 -0.499722 -0.499793
    outer loop
      vertex 51.3476 48.5829 146.958
      vertex 51.4323 50.7641 144.897
      vertex 51.4323 48.6428 147.018
    endloop
  endfacet
  facet normal 0.707471 -0.499708 -0.499777
    outer loop
      vertex 51.4323 50.7641 144.897
      vertex 51.3476 48.5829 146.958
      vertex 51.2064 50.6043 144.737
    endloop
  endfacet
  facet normal 0.906244 -0.298983 -0.298884
    outer loop
      vertex 50.8184 48.1255 146.501
      vertex 50.6158 49.9396 144.072
      vertex 50.8184 50.2468 144.379
    endloop
  endfacet
  facet normal 0.906507 -0.298513 -0.298555
    outer loop
      vertex 50.6158 49.9396 144.072
      vertex 50.8184 48.1255 146.501
      vertex 50.6158 47.8183 146.193
    endloop
  endfacet
  facet normal 0.423504 -0.64067 -0.640458
    outer loop
      vertex 52.1508 48.9447 147.32
      vertex 52.2594 51.1018 145.234
      vertex 52.2594 48.9805 147.356
    endloop
  endfacet
  facet normal 0.421747 -0.641194 -0.641092
    outer loop
      vertex 52.2594 51.1018 145.234
      vertex 52.1508 48.9447 147.32
      vertex 51.9698 51.0063 145.139
    endloop
  endfacet
  facet normal 0.086453 0.70441 0.704509
    outer loop
      vertex 53.2 45.2086 143.584
      vertex 52.7225 47.3595 141.492
      vertex 52.7225 45.2382 143.613
    endloop
  endfacet
  facet normal 0.0877705 0.704477 0.704278
    outer loop
      vertex 52.7225 47.3595 141.492
      vertex 53.2 45.2086 143.584
      vertex 53.2 47.33 141.462
    endloop
  endfacet
  facet normal -0.423504 0.640665 0.640463
    outer loop
      vertex 54.4302 47.5427 141.675
      vertex 54.1406 45.3259 143.701
      vertex 54.2492 45.3617 143.737
    endloop
  endfacet
  facet normal -0.421747 0.641098 0.641189
    outer loop
      vertex 54.1406 45.3259 143.701
      vertex 54.4302 47.5427 141.675
      vertex 54.1406 47.4472 141.58
    endloop
  endfacet
  facet normal 0.0877707 -0.704311 -0.704444
    outer loop
      vertex 52.7225 49.0682 147.443
      vertex 53.2 51.2191 145.352
      vertex 53.2 49.0977 147.473
    endloop
  endfacet
  facet normal 0.0879171 -0.704319 -0.704419
    outer loop
      vertex 53.2 51.2191 145.352
      vertex 52.7225 49.0682 147.443
      vertex 52.7225 51.1895 145.322
    endloop
  endfacet
  facet normal -0.707471 -0.499708 -0.499777
    outer loop
      vertex 55.0524 48.5829 146.958
      vertex 54.9677 50.7641 144.897
      vertex 55.1936 50.6043 144.737
    endloop
  endfacet
  facet normal -0.707449 -0.499722 -0.499793
    outer loop
      vertex 54.9677 50.7641 144.897
      vertex 55.0524 48.5829 146.958
      vertex 54.9677 48.6428 147.018
    endloop
  endfacet
  facet normal -0.965962 -0.182904 -0.18293
    outer loop
      vertex 55.9082 47.4909 145.866
      vertex 55.8669 49.7213 143.854
      vertex 55.9082 49.6122 143.745
    endloop
  endfacet
  facet normal -0.966012 -0.18278 -0.182791
    outer loop
      vertex 55.8669 49.7213 143.854
      vertex 55.9082 47.4909 145.866
      vertex 55.8152 47.7364 146.112
    endloop
  endfacet
  facet normal -0.996222 0.0614036 0.0614122
    outer loop
      vertex 55.9361 49.162 143.294
      vertex 55.95 47.1532 145.528
      vertex 55.95 49.2745 143.407
    endloop
  endfacet
  facet normal -0.9962 0.0615913 0.0615809
    outer loop
      vertex 55.95 47.1532 145.528
      vertex 55.9361 49.162 143.294
      vertex 55.9187 46.8999 145.275
    endloop
  endfacet
  facet normal -0.707314 -0.499818 -0.499889
    outer loop
      vertex 55.3066 48.4031 146.778
      vertex 55.1936 50.6043 144.737
      vertex 55.3066 50.5244 144.657
    endloop
  endfacet
  facet normal -0.707408 -0.499756 -0.499817
    outer loop
      vertex 55.1936 50.6043 144.737
      vertex 55.3066 48.4031 146.778
      vertex 55.0524 48.5829 146.958
    endloop
  endfacet
  facet normal -0.819578 -0.405121 -0.405178
    outer loop
      vertex 55.3983 50.4319 144.564
      vertex 55.3066 48.4031 146.778
      vertex 55.3066 50.5244 144.657
    endloop
  endfacet
  facet normal -0.818981 -0.405763 -0.405741
    outer loop
      vertex 55.3066 48.4031 146.778
      vertex 55.3983 50.4319 144.564
      vertex 55.5128 48.1949 146.57
    endloop
  endfacet
  facet normal 0.258924 -0.682945 -0.683041
    outer loop
      vertex 52.6067 49.0463 147.421
      vertex 52.7225 51.1895 145.322
      vertex 52.7225 49.0682 147.443
    endloop
  endfacet
  facet normal 0.257832 -0.683119 -0.68328
    outer loop
      vertex 52.7225 51.1895 145.322
      vertex 52.6067 49.0463 147.421
      vertex 52.4138 51.131 145.264
    endloop
  endfacet
  facet normal 0.819578 -0.405121 -0.405178
    outer loop
      vertex 51.0934 48.4031 146.778
      vertex 51.0017 50.4319 144.564
      vertex 51.0934 50.5244 144.657
    endloop
  endfacet
  facet normal 0.818981 -0.405763 -0.405741
    outer loop
      vertex 51.0017 50.4319 144.564
      vertex 51.0934 48.4031 146.778
      vertex 50.8872 48.1949 146.57
    endloop
  endfacet
  facet normal 0.707471 0.499824 0.499661
    outer loop
      vertex 51.3476 45.7235 144.099
      vertex 51.4323 47.7849 141.917
      vertex 51.2064 47.9447 142.077
    endloop
  endfacet
  facet normal 0.707449 0.49984 0.499675
    outer loop
      vertex 51.4323 47.7849 141.917
      vertex 51.3476 45.7235 144.099
      vertex 51.4323 45.6636 144.039
    endloop
  endfacet
  facet normal 0.707314 0.499818 0.499889
    outer loop
      vertex 51.0934 45.9033 144.278
      vertex 51.2064 47.9447 142.077
      vertex 51.0934 48.0246 142.157
    endloop
  endfacet
  facet normal 0.706424 0.500494 0.50047
    outer loop
      vertex 51.2064 47.9447 142.077
      vertex 51.0934 45.9033 144.278
      vertex 51.3476 45.7235 144.099
    endloop
  endfacet
  facet normal 0.574991 0.578622 0.578431
    outer loop
      vertex 51.5305 45.615 143.99
      vertex 51.4323 47.7849 141.917
      vertex 51.4323 45.6636 144.039
    endloop
  endfacet
  facet normal 0.572617 0.579716 0.579689
    outer loop
      vertex 51.4323 47.7849 141.917
      vertex 51.5305 45.615 143.99
      vertex 51.6941 47.6553 141.788
    endloop
  endfacet
  facet normal -0.42205 0.640998 0.641089
    outer loop
      vertex 54.575 47.5905 141.723
      vertex 54.2492 45.3617 143.737
      vertex 54.575 45.4692 143.844
    endloop
  endfacet
  facet normal -0.423746 0.640597 0.640371
    outer loop
      vertex 54.2492 45.3617 143.737
      vertex 54.575 47.5905 141.723
      vertex 54.4302 47.5427 141.675
    endloop
  endfacet
  facet normal -0.96592 0.183059 0.182999
    outer loop
      vertex 55.7842 48.6094 142.742
      vertex 55.9082 46.8155 145.191
      vertex 55.9082 48.9368 143.069
    endloop
  endfacet
  facet normal -0.966018 0.182755 0.182781
    outer loop
      vertex 55.9082 46.8155 145.191
      vertex 55.7842 48.6094 142.742
      vertex 55.7842 46.4881 144.863
    endloop
  endfacet
  facet normal -0.81907 0.405683 0.405642
    outer loop
      vertex 55.5128 46.1115 144.487
      vertex 55.5816 48.3022 142.435
      vertex 55.3983 48.1171 142.25
    endloop
  endfacet
  facet normal -0.81807 0.406642 0.406699
    outer loop
      vertex 55.5816 48.3022 142.435
      vertex 55.5128 46.1115 144.487
      vertex 55.5816 46.1809 144.556
    endloop
  endfacet
  facet normal -0.81907 -0.40568 -0.405644
    outer loop
      vertex 55.5816 50.2468 144.379
      vertex 55.5128 48.1949 146.57
      vertex 55.3983 50.4319 144.564
    endloop
  endfacet
  facet normal -0.81807 -0.406737 -0.406603
    outer loop
      vertex 55.5128 48.1949 146.57
      vertex 55.5816 50.2468 144.379
      vertex 55.5816 48.1255 146.501
    endloop
  endfacet
  facet normal 0.965641 -0.183749 -0.183775
    outer loop
      vertex 50.5848 47.7364 146.112
      vertex 50.6158 49.9396 144.072
      vertex 50.6158 47.8183 146.193
    endloop
  endfacet
  facet normal 0.965899 -0.1831 -0.18307
    outer loop
      vertex 50.6158 49.9396 144.072
      vertex 50.5848 47.7364 146.112
      vertex 50.5331 49.7213 143.854
    endloop
  endfacet
  facet normal 0.966012 -0.18278 -0.182791
    outer loop
      vertex 50.4918 47.4909 145.866
      vertex 50.5331 49.7213 143.854
      vertex 50.5848 47.7364 146.112
    endloop
  endfacet
  facet normal 0.965962 -0.182904 -0.18293
    outer loop
      vertex 50.5331 49.7213 143.854
      vertex 50.4918 47.4909 145.866
      vertex 50.4918 49.6122 143.745
    endloop
  endfacet
  facet normal 0.423665 -0.640462 -0.640559
    outer loop
      vertex 51.825 48.8372 147.212
      vertex 51.9698 51.0063 145.139
      vertex 52.1508 48.9447 147.32
    endloop
  endfacet
  facet normal 0.423746 -0.640439 -0.640529
    outer loop
      vertex 51.9698 51.0063 145.139
      vertex 51.825 48.8372 147.212
      vertex 51.825 50.9585 145.091
    endloop
  endfacet
  facet normal 0.574991 -0.578704 -0.578349
    outer loop
      vertex 51.4323 48.6428 147.018
      vertex 51.6941 50.8937 145.026
      vertex 51.5305 48.6914 147.067
    endloop
  endfacet
  facet normal 0.572617 -0.579662 -0.579744
    outer loop
      vertex 51.6941 50.8937 145.026
      vertex 51.4323 48.6428 147.018
      vertex 51.4323 50.7641 144.897
    endloop
  endfacet
  facet normal 0.81907 -0.40568 -0.405644
    outer loop
      vertex 50.8872 48.1949 146.57
      vertex 50.8184 50.2468 144.379
      vertex 51.0017 50.4319 144.564
    endloop
  endfacet
  facet normal 0.81807 -0.406737 -0.406603
    outer loop
      vertex 50.8184 50.2468 144.379
      vertex 50.8872 48.1949 146.57
      vertex 50.8184 48.1255 146.501
    endloop
  endfacet
  facet normal 0.707408 -0.499756 -0.499817
    outer loop
      vertex 51.0934 48.4031 146.778
      vertex 51.2064 50.6043 144.737
      vertex 51.3476 48.5829 146.958
    endloop
  endfacet
  facet normal 0.707314 -0.499818 -0.499889
    outer loop
      vertex 51.2064 50.6043 144.737
      vertex 51.0934 48.4031 146.778
      vertex 51.0934 50.5244 144.657
    endloop
  endfacet
  facet normal 0.996222 0.0614036 0.0614122
    outer loop
      vertex 50.45 47.1532 145.528
      vertex 50.4639 49.162 143.294
      vertex 50.45 49.2745 143.407
    endloop
  endfacet
  facet normal 0.9962 0.0615913 0.0615809
    outer loop
      vertex 50.4639 49.162 143.294
      vertex 50.45 47.1532 145.528
      vertex 50.4813 46.8999 145.275
    endloop
  endfacet
  facet normal 0.906244 0.298912 0.298955
    outer loop
      vertex 50.6158 46.4881 144.863
      vertex 50.8184 48.3022 142.435
      vertex 50.6158 48.6094 142.742
    endloop
  endfacet
  facet normal 0.906244 0.298912 0.298955
    outer loop
      vertex 50.8184 48.3022 142.435
      vertex 50.6158 46.4881 144.863
      vertex 50.8184 46.1809 144.556
    endloop
  endfacet
  facet normal -0.259114 0.682909 0.683005
    outer loop
      vertex 54.1406 47.4472 141.58
      vertex 53.6775 45.2382 143.613
      vertex 54.1406 45.3259 143.701
    endloop
  endfacet
  facet normal -0.259114 0.682909 0.683005
    outer loop
      vertex 53.6775 45.2382 143.613
      vertex 54.1406 47.4472 141.58
      vertex 53.6775 47.3595 141.492
    endloop
  endfacet
  facet normal 0.42205 0.640998 0.641089
    outer loop
      vertex 52.1508 45.3617 143.737
      vertex 51.825 47.5905 141.723
      vertex 51.825 45.4692 143.844
    endloop
  endfacet
  facet normal 0.423746 0.640597 0.640371
    outer loop
      vertex 51.825 47.5905 141.723
      vertex 52.1508 45.3617 143.737
      vertex 51.9698 47.5427 141.675
    endloop
  endfacet
  facet normal -0.573805 0.57906 0.579169
    outer loop
      vertex 54.7059 47.6553 141.788
      vertex 54.575 45.4692 143.844
      vertex 54.8695 45.615 143.99
    endloop
  endfacet
  facet normal -0.574102 0.578927 0.579008
    outer loop
      vertex 54.575 45.4692 143.844
      vertex 54.7059 47.6553 141.788
      vertex 54.575 47.5905 141.723
    endloop
  endfacet
  facet normal -0.906244 0.298912 0.298955
    outer loop
      vertex 55.5816 48.3022 142.435
      vertex 55.7842 46.4881 144.863
      vertex 55.7842 48.6094 142.742
    endloop
  endfacet
  facet normal -0.906244 0.298912 0.298955
    outer loop
      vertex 55.7842 46.4881 144.863
      vertex 55.5816 48.3022 142.435
      vertex 55.5816 46.1809 144.556
    endloop
  endfacet
  facet normal -0.965899 -0.1831 -0.18307
    outer loop
      vertex 55.8152 47.7364 146.112
      vertex 55.7842 49.9396 144.072
      vertex 55.8669 49.7213 143.854
    endloop
  endfacet
  facet normal -0.965641 -0.183749 -0.183775
    outer loop
      vertex 55.7842 49.9396 144.072
      vertex 55.8152 47.7364 146.112
      vertex 55.7842 47.8183 146.193
    endloop
  endfacet
  facet normal -0.423665 -0.640462 -0.640559
    outer loop
      vertex 54.4302 51.0063 145.139
      vertex 54.575 48.8372 147.212
      vertex 54.2492 48.9447 147.32
    endloop
  endfacet
  facet normal -0.423746 -0.640439 -0.640529
    outer loop
      vertex 54.575 48.8372 147.212
      vertex 54.4302 51.0063 145.139
      vertex 54.575 50.9585 145.091
    endloop
  endfacet
  facet normal -0.423504 -0.64067 -0.640458
    outer loop
      vertex 54.1406 51.1018 145.234
      vertex 54.2492 48.9447 147.32
      vertex 54.1406 48.9805 147.356
    endloop
  endfacet
  facet normal -0.421747 -0.641194 -0.641092
    outer loop
      vertex 54.2492 48.9447 147.32
      vertex 54.1406 51.1018 145.234
      vertex 54.4302 51.0063 145.139
    endloop
  endfacet
  facet normal -0.258924 -0.682945 -0.683041
    outer loop
      vertex 53.6775 51.1895 145.322
      vertex 53.7933 49.0463 147.421
      vertex 53.6775 49.0682 147.443
    endloop
  endfacet
  facet normal -0.257832 -0.683119 -0.68328
    outer loop
      vertex 53.7933 49.0463 147.421
      vertex 53.6775 51.1895 145.322
      vertex 53.9862 51.131 145.264
    endloop
  endfacet
  facet normal 0.572484 -0.579727 -0.579809
    outer loop
      vertex 51.5305 48.6914 147.067
      vertex 51.825 50.9585 145.091
      vertex 51.825 48.8372 147.212
    endloop
  endfacet
  facet normal 0.574102 -0.579094 -0.578841
    outer loop
      vertex 51.825 50.9585 145.091
      vertex 51.5305 48.6914 147.067
      vertex 51.6941 50.8937 145.026
    endloop
  endfacet
  facet normal 0.257341 -0.683236 -0.683348
    outer loop
      vertex 52.2594 48.9805 147.356
      vertex 52.4138 51.131 145.264
      vertex 52.6067 49.0463 147.421
    endloop
  endfacet
  facet normal 0.261671 -0.682582 -0.682356
    outer loop
      vertex 52.4138 51.131 145.264
      vertex 52.2594 48.9805 147.356
      vertex 52.2594 51.1018 145.234
    endloop
  endfacet
  facet normal 0.81807 0.406642 0.406699
    outer loop
      vertex 50.8872 46.1115 144.487
      vertex 50.8184 48.3022 142.435
      vertex 50.8184 46.1809 144.556
    endloop
  endfacet
  facet normal 0.81907 0.405683 0.405642
    outer loop
      vertex 50.8184 48.3022 142.435
      vertex 50.8872 46.1115 144.487
      vertex 51.0017 48.1171 142.25
    endloop
  endfacet
  facet normal 0.819628 0.405074 0.405124
    outer loop
      vertex 51.0934 45.9033 144.278
      vertex 51.0017 48.1171 142.25
      vertex 50.8872 46.1115 144.487
    endloop
  endfacet
  facet normal 0.819578 0.405121 0.405178
    outer loop
      vertex 51.0017 48.1171 142.25
      vertex 51.0934 45.9033 144.278
      vertex 51.0934 48.0246 142.157
    endloop
  endfacet
  facet normal 0.96592 0.183059 0.182999
    outer loop
      vertex 50.4918 46.8155 145.191
      vertex 50.6158 48.6094 142.742
      vertex 50.4918 48.9368 143.069
    endloop
  endfacet
  facet normal 0.966018 0.182755 0.182781
    outer loop
      vertex 50.6158 48.6094 142.742
      vertex 50.4918 46.8155 145.191
      vertex 50.6158 46.4881 144.863
    endloop
  endfacet
  facet normal 0.259114 0.682909 0.683005
    outer loop
      vertex 52.7225 45.2382 143.613
      vertex 52.2594 47.4472 141.58
      vertex 52.2594 45.3259 143.701
    endloop
  endfacet
  facet normal 0.259114 0.682909 0.683005
    outer loop
      vertex 52.2594 47.4472 141.58
      vertex 52.7225 45.2382 143.613
      vertex 52.7225 47.3595 141.492
    endloop
  endfacet
  facet normal 0.573805 0.57906 0.579169
    outer loop
      vertex 51.825 45.4692 143.844
      vertex 51.6941 47.6553 141.788
      vertex 51.5305 45.615 143.99
    endloop
  endfacet
  facet normal 0.574102 0.578927 0.579008
    outer loop
      vertex 51.6941 47.6553 141.788
      vertex 51.825 45.4692 143.844
      vertex 51.825 47.5905 141.723
    endloop
  endfacet
  facet normal 0.423504 0.640665 0.640463
    outer loop
      vertex 52.2594 45.3259 143.701
      vertex 51.9698 47.5427 141.675
      vertex 52.1508 45.3617 143.737
    endloop
  endfacet
  facet normal 0.421747 0.641098 0.641189
    outer loop
      vertex 51.9698 47.5427 141.675
      vertex 52.2594 45.3259 143.701
      vertex 52.2594 47.4472 141.58
    endloop
  endfacet
  facet normal -0.707471 0.499824 0.499661
    outer loop
      vertex 54.9677 47.7849 141.917
      vertex 55.0524 45.7235 144.099
      vertex 55.1936 47.9447 142.077
    endloop
  endfacet
  facet normal -0.707449 0.49984 0.499675
    outer loop
      vertex 55.0524 45.7235 144.099
      vertex 54.9677 47.7849 141.917
      vertex 54.9677 45.6636 144.039
    endloop
  endfacet
  facet normal -0.574991 0.578622 0.578431
    outer loop
      vertex 54.9677 47.7849 141.917
      vertex 54.8695 45.615 143.99
      vertex 54.9677 45.6636 144.039
    endloop
  endfacet
  facet normal -0.572617 0.579716 0.579689
    outer loop
      vertex 54.8695 45.615 143.99
      vertex 54.9677 47.7849 141.917
      vertex 54.7059 47.6553 141.788
    endloop
  endfacet
  facet normal -0.707314 0.499818 0.499889
    outer loop
      vertex 55.1936 47.9447 142.077
      vertex 55.3066 45.9033 144.278
      vertex 55.3066 48.0246 142.157
    endloop
  endfacet
  facet normal -0.706424 0.500494 0.50047
    outer loop
      vertex 55.3066 45.9033 144.278
      vertex 55.1936 47.9447 142.077
      vertex 55.0524 45.7235 144.099
    endloop
  endfacet
  facet normal -0.819578 0.405121 0.405178
    outer loop
      vertex 55.3066 45.9033 144.278
      vertex 55.3983 48.1171 142.25
      vertex 55.3066 48.0246 142.157
    endloop
  endfacet
  facet normal -0.819628 0.405074 0.405124
    outer loop
      vertex 55.3983 48.1171 142.25
      vertex 55.3066 45.9033 144.278
      vertex 55.5128 46.1115 144.487
    endloop
  endfacet
  facet normal -0.572484 -0.579727 -0.579809
    outer loop
      vertex 54.575 50.9585 145.091
      vertex 54.8695 48.6914 147.067
      vertex 54.575 48.8372 147.212
    endloop
  endfacet
  facet normal -0.574102 -0.579094 -0.578841
    outer loop
      vertex 54.8695 48.6914 147.067
      vertex 54.575 50.9585 145.091
      vertex 54.7059 50.8937 145.026
    endloop
  endfacet
  facet normal -0.0877707 -0.704311 -0.704444
    outer loop
      vertex 53.2 51.2191 145.352
      vertex 53.6775 49.0682 147.443
      vertex 53.2 49.0977 147.473
    endloop
  endfacet
  facet normal -0.0879171 -0.704319 -0.704419
    outer loop
      vertex 53.6775 49.0682 147.443
      vertex 53.2 51.2191 145.352
      vertex 53.6775 51.1895 145.322
    endloop
  endfacet
  facet normal -1 0 0
    outer loop
      vertex 48.6 63.4 147.175
      vertex 48.6 73.4 150.175
      vertex 48.6 73.4 147.175
    endloop
  endfacet
  facet normal -1 -0 0
    outer loop
      vertex 48.6 73.4 150.175
      vertex 48.6 63.4 147.175
      vertex 48.6 63.4 150.175
    endloop
  endfacet
  facet normal 0 1 -0
    outer loop
      vertex 58.6 73.4 147.175
      vertex 48.6 73.4 150.175
      vertex 58.6 73.4 150.175
    endloop
  endfacet
  facet normal 0 1 0
    outer loop
      vertex 48.6 73.4 150.175
      vertex 58.6 73.4 147.175
      vertex 48.6 73.4 147.175
    endloop
  endfacet
  facet normal -1 0 0
    outer loop
      vertex 48.6 85.4 147.175
      vertex 48.6 95.4 150.175
      vertex 48.6 95.4 147.175
    endloop
  endfacet
  facet normal -1 -0 0
    outer loop
      vertex 48.6 95.4 150.175
      vertex 48.6 85.4 147.175
      vertex 48.6 85.4 150.175
    endloop
  endfacet
  facet normal 0 -1 0
    outer loop
      vertex 48.6 85.4 147.175
      vertex 58.6 85.4 150.175
      vertex 48.6 85.4 150.175
    endloop
  endfacet
  facet normal 0 -1 -0
    outer loop
      vertex 58.6 85.4 150.175
      vertex 48.6 85.4 147.175
      vertex 58.6 85.4 147.175
    endloop
  endfacet
  facet normal -1 0 0
    outer loop
      vertex 58.6 73.4 147.175
      vertex 58.6 85.4 150.175
      vertex 58.6 85.4 147.175
    endloop
  endfacet
  facet normal -1 -0 0
    outer loop
      vertex 58.6 85.4 150.175
      vertex 58.6 73.4 147.175
      vertex 58.6 73.4 150.175
    endloop
  endfacet
  facet normal 0 -1 0
    outer loop
      vertex -65.2 95.4 147.175
      vertex 48.6 95.4 150.175
      vertex -65.2 95.4 150.175
    endloop
  endfacet
  facet normal 0 -1 -0
    outer loop
      vertex 48.6 95.4 150.175
      vertex -65.2 95.4 147.175
      vertex 48.6 95.4 147.175
    endloop
  endfacet
  facet normal 0 0 0
    outer loop
      vertex 48.6 95.4 150.175
      vertex -68.2 95.4 150.175
      vertex -65.2 95.4 150.175
    endloop
  endfacet
  facet normal 0 1 -0
    outer loop
      vertex 48.6 63.4 147.175
      vertex -65.2 63.4 150.175
      vertex 48.6 63.4 150.175
    endloop
  endfacet
  facet normal 0 1 0
    outer loop
      vertex -65.2 63.4 150.175
      vertex 48.6 63.4 147.175
      vertex -65.2 63.4 147.175
    endloop
  endfacet
  facet normal 0 0 -0
    outer loop
      vertex -65.2 63.4 150.175
      vertex -68.2 63.4 150.175
      vertex 48.6 63.4 150.175
    endloop
  endfacet
  facet normal -0.995176 -0.0981075 -3.46463e-19
    outer loop
      vertex 58.3 65.4 147.175
      vertex 58.2673 65.7317 150.175
      vertex 58.2673 65.7317 147.175
    endloop
  endfacet
  facet normal -0.995176 -0.0981075 -3.46463e-19
    outer loop
      vertex 58.2673 65.7317 150.175
      vertex 58.3 65.4 147.175
      vertex 58.3 65.4 150.175
    endloop
  endfacet
  facet normal 0.995176 -0.0981075 3.46463e-19
    outer loop
      vertex 54.9 65.4 150.175
      vertex 54.9327 65.7317 147.175
      vertex 54.9327 65.7317 150.175
    endloop
  endfacet
  facet normal 0.995176 -0.0981075 3.46463e-19
    outer loop
      vertex 54.9327 65.7317 147.175
      vertex 54.9 65.4 150.175
      vertex 54.9 65.4 147.175
    endloop
  endfacet
  facet normal -0.0981075 -0.995176 0
    outer loop
      vertex 56.6 67.1 147.175
      vertex 56.9317 67.0673 150.175
      vertex 56.6 67.1 150.175
    endloop
  endfacet
  facet normal -0.0981075 -0.995176 -0
    outer loop
      vertex 56.9317 67.0673 150.175
      vertex 56.6 67.1 147.175
      vertex 56.9317 67.0673 147.175
    endloop
  endfacet
  facet normal -0.0981075 0.995176 0
    outer loop
      vertex 56.9317 63.7327 147.175
      vertex 56.6 63.7 150.175
      vertex 56.9317 63.7327 150.175
    endloop
  endfacet
  facet normal -0.0981075 0.995176 0
    outer loop
      vertex 56.6 63.7 150.175
      vertex 56.9317 63.7327 147.175
      vertex 56.6 63.7 147.175
    endloop
  endfacet
  facet normal -0.773021 -0.634381 -1.66405e-18
    outer loop
      vertex 58.0135 66.3445 147.175
      vertex 57.8021 66.6021 150.175
      vertex 57.8021 66.6021 147.175
    endloop
  endfacet
  facet normal -0.773021 -0.634381 -1.66405e-18
    outer loop
      vertex 57.8021 66.6021 150.175
      vertex 58.0135 66.3445 147.175
      vertex 58.0135 66.3445 150.175
    endloop
  endfacet
  facet normal 0.634381 -0.773021 0
    outer loop
      vertex 55.3979 66.6021 147.175
      vertex 55.6555 66.8135 150.175
      vertex 55.3979 66.6021 150.175
    endloop
  endfacet
  facet normal 0.634381 -0.773021 0
    outer loop
      vertex 55.6555 66.8135 150.175
      vertex 55.3979 66.6021 147.175
      vertex 55.6555 66.8135 147.175
    endloop
  endfacet
  facet normal 0.290182 -0.956971 0
    outer loop
      vertex 55.9494 66.9706 147.175
      vertex 56.2683 67.0673 150.175
      vertex 55.9494 66.9706 150.175
    endloop
  endfacet
  facet normal 0.290182 -0.956971 0
    outer loop
      vertex 56.2683 67.0673 150.175
      vertex 55.9494 66.9706 147.175
      vertex 56.2683 67.0673 147.175
    endloop
  endfacet
  facet normal -0.881912 0.471413 -3.36184e-18
    outer loop
      vertex 58.0135 64.4555 147.175
      vertex 58.1706 64.7494 150.175
      vertex 58.1706 64.7494 147.175
    endloop
  endfacet
  facet normal -0.881912 0.471413 -3.36184e-18
    outer loop
      vertex 58.1706 64.7494 150.175
      vertex 58.0135 64.4555 147.175
      vertex 58.0135 64.4555 150.175
    endloop
  endfacet
  facet normal -0.881912 -0.471413 3.36184e-18
    outer loop
      vertex 58.1706 66.0506 147.175
      vertex 58.0135 66.3445 150.175
      vertex 58.0135 66.3445 147.175
    endloop
  endfacet
  facet normal -0.881912 -0.471413 3.36184e-18
    outer loop
      vertex 58.0135 66.3445 150.175
      vertex 58.1706 66.0506 147.175
      vertex 58.1706 66.0506 150.175
    endloop
  endfacet
  facet normal -0.956971 -0.290182 -4.64306e-19
    outer loop
      vertex 58.2673 65.7317 147.175
      vertex 58.1706 66.0506 150.175
      vertex 58.1706 66.0506 147.175
    endloop
  endfacet
  facet normal -0.956971 -0.290182 -4.64306e-19
    outer loop
      vertex 58.1706 66.0506 150.175
      vertex 58.2673 65.7317 147.175
      vertex 58.2673 65.7317 150.175
    endloop
  endfacet
  facet normal -0.471413 -0.881912 0
    outer loop
      vertex 57.2506 66.9706 147.175
      vertex 57.5445 66.8135 150.175
      vertex 57.2506 66.9706 150.175
    endloop
  endfacet
  facet normal -0.471413 -0.881912 -0
    outer loop
      vertex 57.5445 66.8135 150.175
      vertex 57.2506 66.9706 147.175
      vertex 57.5445 66.8135 147.175
    endloop
  endfacet
  facet normal -0.290182 -0.956971 0
    outer loop
      vertex 56.9317 67.0673 147.175
      vertex 57.2506 66.9706 150.175
      vertex 56.9317 67.0673 150.175
    endloop
  endfacet
  facet normal -0.290182 -0.956971 -0
    outer loop
      vertex 57.2506 66.9706 150.175
      vertex 56.9317 67.0673 147.175
      vertex 57.2506 66.9706 147.175
    endloop
  endfacet
  facet normal -0.634381 -0.773021 0
    outer loop
      vertex 57.5445 66.8135 147.175
      vertex 57.8021 66.6021 150.175
      vertex 57.5445 66.8135 150.175
    endloop
  endfacet
  facet normal -0.634381 -0.773021 -0
    outer loop
      vertex 57.8021 66.6021 150.175
      vertex 57.5445 66.8135 147.175
      vertex 57.8021 66.6021 147.175
    endloop
  endfacet
  facet normal 0.881912 -0.471413 -3.36184e-18
    outer loop
      vertex 55.0294 66.0506 150.175
      vertex 55.1865 66.3445 147.175
      vertex 55.1865 66.3445 150.175
    endloop
  endfacet
  facet normal 0.881912 -0.471413 -3.36184e-18
    outer loop
      vertex 55.1865 66.3445 147.175
      vertex 55.0294 66.0506 150.175
      vertex 55.0294 66.0506 147.175
    endloop
  endfacet
  facet normal 0.773021 -0.634381 1.66405e-18
    outer loop
      vertex 55.1865 66.3445 150.175
      vertex 55.3979 66.6021 147.175
      vertex 55.3979 66.6021 150.175
    endloop
  endfacet
  facet normal 0.773021 -0.634381 1.66405e-18
    outer loop
      vertex 55.3979 66.6021 147.175
      vertex 55.1865 66.3445 150.175
      vertex 55.1865 66.3445 147.175
    endloop
  endfacet
  facet normal 0.956971 -0.290182 9.15055e-20
    outer loop
      vertex 54.9327 65.7317 150.175
      vertex 55.0294 66.0506 147.175
      vertex 55.0294 66.0506 150.175
    endloop
  endfacet
  facet normal 0.956971 -0.290182 9.15055e-20
    outer loop
      vertex 55.0294 66.0506 147.175
      vertex 54.9327 65.7317 150.175
      vertex 54.9327 65.7317 147.175
    endloop
  endfacet
  facet normal 0.471413 -0.881912 0
    outer loop
      vertex 55.6555 66.8135 147.175
      vertex 55.9494 66.9706 150.175
      vertex 55.6555 66.8135 150.175
    endloop
  endfacet
  facet normal 0.471413 -0.881912 0
    outer loop
      vertex 55.9494 66.9706 150.175
      vertex 55.6555 66.8135 147.175
      vertex 55.9494 66.9706 147.175
    endloop
  endfacet
  facet normal 0.0981075 -0.995176 0
    outer loop
      vertex 56.2683 67.0673 147.175
      vertex 56.6 67.1 150.175
      vertex 56.2683 67.0673 150.175
    endloop
  endfacet
  facet normal 0.0981075 -0.995176 0
    outer loop
      vertex 56.6 67.1 150.175
      vertex 56.2683 67.0673 147.175
      vertex 56.6 67.1 147.175
    endloop
  endfacet
  facet normal -0.956971 0.290182 4.64306e-19
    outer loop
      vertex 58.1706 64.7494 147.175
      vertex 58.2673 65.0683 150.175
      vertex 58.2673 65.0683 147.175
    endloop
  endfacet
  facet normal -0.956971 0.290182 4.64306e-19
    outer loop
      vertex 58.2673 65.0683 150.175
      vertex 58.1706 64.7494 147.175
      vertex 58.1706 64.7494 150.175
    endloop
  endfacet
  facet normal -0.995176 0.0981075 5.5739e-19
    outer loop
      vertex 58.2673 65.0683 147.175
      vertex 58.3 65.4 150.175
      vertex 58.3 65.4 147.175
    endloop
  endfacet
  facet normal -0.995176 0.0981075 5.5739e-19
    outer loop
      vertex 58.3 65.4 150.175
      vertex 58.2673 65.0683 147.175
      vertex 58.2673 65.0683 150.175
    endloop
  endfacet
  facet normal 0.995176 0.0981075 -5.5739e-19
    outer loop
      vertex 54.9327 65.0683 150.175
      vertex 54.9 65.4 147.175
      vertex 54.9 65.4 150.175
    endloop
  endfacet
  facet normal 0.995176 0.0981075 -5.5739e-19
    outer loop
      vertex 54.9 65.4 147.175
      vertex 54.9327 65.0683 150.175
      vertex 54.9327 65.0683 147.175
    endloop
  endfacet
  facet normal -0.290182 0.956971 0
    outer loop
      vertex 57.2506 63.8294 147.175
      vertex 56.9317 63.7327 150.175
      vertex 57.2506 63.8294 150.175
    endloop
  endfacet
  facet normal -0.290182 0.956971 0
    outer loop
      vertex 56.9317 63.7327 150.175
      vertex 57.2506 63.8294 147.175
      vertex 56.9317 63.7327 147.175
    endloop
  endfacet
  facet normal -0.634381 0.773021 0
    outer loop
      vertex 57.8021 64.1979 147.175
      vertex 57.5445 63.9865 150.175
      vertex 57.8021 64.1979 150.175
    endloop
  endfacet
  facet normal -0.634381 0.773021 0
    outer loop
      vertex 57.5445 63.9865 150.175
      vertex 57.8021 64.1979 147.175
      vertex 57.5445 63.9865 147.175
    endloop
  endfacet
  facet normal 0.290182 0.956971 -0
    outer loop
      vertex 56.2683 63.7327 147.175
      vertex 55.9494 63.8294 150.175
      vertex 56.2683 63.7327 150.175
    endloop
  endfacet
  facet normal 0.290182 0.956971 0
    outer loop
      vertex 55.9494 63.8294 150.175
      vertex 56.2683 63.7327 147.175
      vertex 55.9494 63.8294 147.175
    endloop
  endfacet
  facet normal 0.634381 0.773021 -0
    outer loop
      vertex 55.6555 63.9865 147.175
      vertex 55.3979 64.1979 150.175
      vertex 55.6555 63.9865 150.175
    endloop
  endfacet
  facet normal 0.634381 0.773021 0
    outer loop
      vertex 55.3979 64.1979 150.175
      vertex 55.6555 63.9865 147.175
      vertex 55.3979 64.1979 147.175
    endloop
  endfacet
  facet normal 0.956971 0.290182 -9.15055e-20
    outer loop
      vertex 55.0294 64.7494 150.175
      vertex 54.9327 65.0683 147.175
      vertex 54.9327 65.0683 150.175
    endloop
  endfacet
  facet normal 0.956971 0.290182 -9.15055e-20
    outer loop
      vertex 54.9327 65.0683 147.175
      vertex 55.0294 64.7494 150.175
      vertex 55.0294 64.7494 147.175
    endloop
  endfacet
  facet normal -0.471413 0.881912 0
    outer loop
      vertex 57.5445 63.9865 147.175
      vertex 57.2506 63.8294 150.175
      vertex 57.5445 63.9865 150.175
    endloop
  endfacet
  facet normal -0.471413 0.881912 0
    outer loop
      vertex 57.2506 63.8294 150.175
      vertex 57.5445 63.9865 147.175
      vertex 57.2506 63.8294 147.175
    endloop
  endfacet
  facet normal -0.773021 0.634381 1.66405e-18
    outer loop
      vertex 57.8021 64.1979 147.175
      vertex 58.0135 64.4555 150.175
      vertex 58.0135 64.4555 147.175
    endloop
  endfacet
  facet normal -0.773021 0.634381 1.66405e-18
    outer loop
      vertex 58.0135 64.4555 150.175
      vertex 57.8021 64.1979 147.175
      vertex 57.8021 64.1979 150.175
    endloop
  endfacet
  facet normal 0.471413 0.881912 -0
    outer loop
      vertex 55.9494 63.8294 147.175
      vertex 55.6555 63.9865 150.175
      vertex 55.9494 63.8294 150.175
    endloop
  endfacet
  facet normal 0.471413 0.881912 0
    outer loop
      vertex 55.6555 63.9865 150.175
      vertex 55.9494 63.8294 147.175
      vertex 55.6555 63.9865 147.175
    endloop
  endfacet
  facet normal 0.0981075 0.995176 -0
    outer loop
      vertex 56.6 63.7 147.175
      vertex 56.2683 63.7327 150.175
      vertex 56.6 63.7 150.175
    endloop
  endfacet
  facet normal 0.0981075 0.995176 0
    outer loop
      vertex 56.2683 63.7327 150.175
      vertex 56.6 63.7 147.175
      vertex 56.2683 63.7327 147.175
    endloop
  endfacet
  facet normal 0.773021 0.634381 -1.66405e-18
    outer loop
      vertex 55.3979 64.1979 150.175
      vertex 55.1865 64.4555 147.175
      vertex 55.1865 64.4555 150.175
    endloop
  endfacet
  facet normal 0.773021 0.634381 -1.66405e-18
    outer loop
      vertex 55.1865 64.4555 147.175
      vertex 55.3979 64.1979 150.175
      vertex 55.3979 64.1979 147.175
    endloop
  endfacet
  facet normal 0.881912 0.471413 3.36184e-18
    outer loop
      vertex 55.1865 64.4555 150.175
      vertex 55.0294 64.7494 147.175
      vertex 55.0294 64.7494 150.175
    endloop
  endfacet
  facet normal 0.881912 0.471413 3.36184e-18
    outer loop
      vertex 55.0294 64.7494 147.175
      vertex 55.1865 64.4555 150.175
      vertex 55.1865 64.4555 147.175
    endloop
  endfacet
  facet normal -0.995176 -0.0981075 -3.46463e-19
    outer loop
      vertex 58.3 93.4 147.175
      vertex 58.2673 93.7317 150.175
      vertex 58.2673 93.7317 147.175
    endloop
  endfacet
  facet normal -0.995176 -0.0981075 -3.46463e-19
    outer loop
      vertex 58.2673 93.7317 150.175
      vertex 58.3 93.4 147.175
      vertex 58.3 93.4 150.175
    endloop
  endfacet
  facet normal 0.995176 -0.0981075 3.46463e-19
    outer loop
      vertex 54.9 93.4 150.175
      vertex 54.9327 93.7317 147.175
      vertex 54.9327 93.7317 150.175
    endloop
  endfacet
  facet normal 0.995176 -0.0981075 3.46463e-19
    outer loop
      vertex 54.9327 93.7317 147.175
      vertex 54.9 93.4 150.175
      vertex 54.9 93.4 147.175
    endloop
  endfacet
  facet normal -0.0981075 -0.995176 0
    outer loop
      vertex 56.6 95.1 147.175
      vertex 56.9317 95.0673 150.175
      vertex 56.6 95.1 150.175
    endloop
  endfacet
  facet normal -0.0981075 -0.995176 -0
    outer loop
      vertex 56.9317 95.0673 150.175
      vertex 56.6 95.1 147.175
      vertex 56.9317 95.0673 147.175
    endloop
  endfacet
  facet normal -0.0981075 0.995176 0
    outer loop
      vertex 56.9317 91.7327 147.175
      vertex 56.6 91.7 150.175
      vertex 56.9317 91.7327 150.175
    endloop
  endfacet
  facet normal -0.0981075 0.995176 0
    outer loop
      vertex 56.6 91.7 150.175
      vertex 56.9317 91.7327 147.175
      vertex 56.6 91.7 147.175
    endloop
  endfacet
  facet normal -0.773021 -0.634381 -1.66405e-18
    outer loop
      vertex 58.0135 94.3445 147.175
      vertex 57.8021 94.6021 150.175
      vertex 57.8021 94.6021 147.175
    endloop
  endfacet
  facet normal -0.773021 -0.634381 -1.66405e-18
    outer loop
      vertex 57.8021 94.6021 150.175
      vertex 58.0135 94.3445 147.175
      vertex 58.0135 94.3445 150.175
    endloop
  endfacet
  facet normal 0.634381 -0.773021 0
    outer loop
      vertex 55.3979 94.6021 147.175
      vertex 55.6555 94.8135 150.175
      vertex 55.3979 94.6021 150.175
    endloop
  endfacet
  facet normal 0.634381 -0.773021 0
    outer loop
      vertex 55.6555 94.8135 150.175
      vertex 55.3979 94.6021 147.175
      vertex 55.6555 94.8135 147.175
    endloop
  endfacet
  facet normal 0.290182 -0.956971 0
    outer loop
      vertex 55.9494 94.9706 147.175
      vertex 56.2683 95.0673 150.175
      vertex 55.9494 94.9706 150.175
    endloop
  endfacet
  facet normal 0.290182 -0.956971 0
    outer loop
      vertex 56.2683 95.0673 150.175
      vertex 55.9494 94.9706 147.175
      vertex 56.2683 95.0673 147.175
    endloop
  endfacet
  facet normal -0.881912 0.471413 -3.36184e-18
    outer loop
      vertex 58.0135 92.4555 147.175
      vertex 58.1706 92.7494 150.175
      vertex 58.1706 92.7494 147.175
    endloop
  endfacet
  facet normal -0.881912 0.471413 -3.36184e-18
    outer loop
      vertex 58.1706 92.7494 150.175
      vertex 58.0135 92.4555 147.175
      vertex 58.0135 92.4555 150.175
    endloop
  endfacet
  facet normal -0.881912 -0.471413 3.36184e-18
    outer loop
      vertex 58.1706 94.0506 147.175
      vertex 58.0135 94.3445 150.175
      vertex 58.0135 94.3445 147.175
    endloop
  endfacet
  facet normal -0.881912 -0.471413 3.36184e-18
    outer loop
      vertex 58.0135 94.3445 150.175
      vertex 58.1706 94.0506 147.175
      vertex 58.1706 94.0506 150.175
    endloop
  endfacet
  facet normal -0.956971 -0.290182 -4.64306e-19
    outer loop
      vertex 58.2673 93.7317 147.175
      vertex 58.1706 94.0506 150.175
      vertex 58.1706 94.0506 147.175
    endloop
  endfacet
  facet normal -0.956971 -0.290182 -4.64306e-19
    outer loop
      vertex 58.1706 94.0506 150.175
      vertex 58.2673 93.7317 147.175
      vertex 58.2673 93.7317 150.175
    endloop
  endfacet
  facet normal -0.471413 -0.881912 0
    outer loop
      vertex 57.2506 94.9706 147.175
      vertex 57.5445 94.8135 150.175
      vertex 57.2506 94.9706 150.175
    endloop
  endfacet
  facet normal -0.471413 -0.881912 -0
    outer loop
      vertex 57.5445 94.8135 150.175
      vertex 57.2506 94.9706 147.175
      vertex 57.5445 94.8135 147.175
    endloop
  endfacet
  facet normal -0.290182 -0.956971 0
    outer loop
      vertex 56.9317 95.0673 147.175
      vertex 57.2506 94.9706 150.175
      vertex 56.9317 95.0673 150.175
    endloop
  endfacet
  facet normal -0.290182 -0.956971 -0
    outer loop
      vertex 57.2506 94.9706 150.175
      vertex 56.9317 95.0673 147.175
      vertex 57.2506 94.9706 147.175
    endloop
  endfacet
  facet normal -0.634381 -0.773021 0
    outer loop
      vertex 57.5445 94.8135 147.175
      vertex 57.8021 94.6021 150.175
      vertex 57.5445 94.8135 150.175
    endloop
  endfacet
  facet normal -0.634381 -0.773021 -0
    outer loop
      vertex 57.8021 94.6021 150.175
      vertex 57.5445 94.8135 147.175
      vertex 57.8021 94.6021 147.175
    endloop
  endfacet
  facet normal 0.881912 -0.471413 -3.36184e-18
    outer loop
      vertex 55.0294 94.0506 150.175
      vertex 55.1865 94.3445 147.175
      vertex 55.1865 94.3445 150.175
    endloop
  endfacet
  facet normal 0.881912 -0.471413 -3.36184e-18
    outer loop
      vertex 55.1865 94.3445 147.175
      vertex 55.0294 94.0506 150.175
      vertex 55.0294 94.0506 147.175
    endloop
  endfacet
  facet normal 0.773021 -0.634381 1.66405e-18
    outer loop
      vertex 55.1865 94.3445 150.175
      vertex 55.3979 94.6021 147.175
      vertex 55.3979 94.6021 150.175
    endloop
  endfacet
  facet normal 0.773021 -0.634381 1.66405e-18
    outer loop
      vertex 55.3979 94.6021 147.175
      vertex 55.1865 94.3445 150.175
      vertex 55.1865 94.3445 147.175
    endloop
  endfacet
  facet normal 0.956971 -0.290182 9.15055e-20
    outer loop
      vertex 54.9327 93.7317 150.175
      vertex 55.0294 94.0506 147.175
      vertex 55.0294 94.0506 150.175
    endloop
  endfacet
  facet normal 0.956971 -0.290182 9.15055e-20
    outer loop
      vertex 55.0294 94.0506 147.175
      vertex 54.9327 93.7317 150.175
      vertex 54.9327 93.7317 147.175
    endloop
  endfacet
  facet normal 0.471413 -0.881912 0
    outer loop
      vertex 55.6555 94.8135 147.175
      vertex 55.9494 94.9706 150.175
      vertex 55.6555 94.8135 150.175
    endloop
  endfacet
  facet normal 0.471413 -0.881912 0
    outer loop
      vertex 55.9494 94.9706 150.175
      vertex 55.6555 94.8135 147.175
      vertex 55.9494 94.9706 147.175
    endloop
  endfacet
  facet normal 0.0981075 -0.995176 0
    outer loop
      vertex 56.2683 95.0673 147.175
      vertex 56.6 95.1 150.175
      vertex 56.2683 95.0673 150.175
    endloop
  endfacet
  facet normal 0.0981075 -0.995176 0
    outer loop
      vertex 56.6 95.1 150.175
      vertex 56.2683 95.0673 147.175
      vertex 56.6 95.1 147.175
    endloop
  endfacet
  facet normal -0.956971 0.290182 4.64306e-19
    outer loop
      vertex 58.1706 92.7494 147.175
      vertex 58.2673 93.0683 150.175
      vertex 58.2673 93.0683 147.175
    endloop
  endfacet
  facet normal -0.956971 0.290182 4.64306e-19
    outer loop
      vertex 58.2673 93.0683 150.175
      vertex 58.1706 92.7494 147.175
      vertex 58.1706 92.7494 150.175
    endloop
  endfacet
  facet normal -0.995176 0.0981075 5.5739e-19
    outer loop
      vertex 58.2673 93.0683 147.175
      vertex 58.3 93.4 150.175
      vertex 58.3 93.4 147.175
    endloop
  endfacet
  facet normal -0.995176 0.0981075 5.5739e-19
    outer loop
      vertex 58.3 93.4 150.175
      vertex 58.2673 93.0683 147.175
      vertex 58.2673 93.0683 150.175
    endloop
  endfacet
  facet normal 0.995176 0.0981075 -5.5739e-19
    outer loop
      vertex 54.9327 93.0683 150.175
      vertex 54.9 93.4 147.175
      vertex 54.9 93.4 150.175
    endloop
  endfacet
  facet normal 0.995176 0.0981075 -5.5739e-19
    outer loop
      vertex 54.9 93.4 147.175
      vertex 54.9327 93.0683 150.175
      vertex 54.9327 93.0683 147.175
    endloop
  endfacet
  facet normal -0.290182 0.956971 0
    outer loop
      vertex 57.2506 91.8294 147.175
      vertex 56.9317 91.7327 150.175
      vertex 57.2506 91.8294 150.175
    endloop
  endfacet
  facet normal -0.290182 0.956971 0
    outer loop
      vertex 56.9317 91.7327 150.175
      vertex 57.2506 91.8294 147.175
      vertex 56.9317 91.7327 147.175
    endloop
  endfacet
  facet normal -0.634381 0.773021 0
    outer loop
      vertex 57.8021 92.1979 147.175
      vertex 57.5445 91.9865 150.175
      vertex 57.8021 92.1979 150.175
    endloop
  endfacet
  facet normal -0.634381 0.773021 0
    outer loop
      vertex 57.5445 91.9865 150.175
      vertex 57.8021 92.1979 147.175
      vertex 57.5445 91.9865 147.175
    endloop
  endfacet
  facet normal 0.634381 0.773021 -0
    outer loop
      vertex 55.6555 91.9865 147.175
      vertex 55.3979 92.1979 150.175
      vertex 55.6555 91.9865 150.175
    endloop
  endfacet
  facet normal 0.634381 0.773021 0
    outer loop
      vertex 55.3979 92.1979 150.175
      vertex 55.6555 91.9865 147.175
      vertex 55.3979 92.1979 147.175
    endloop
  endfacet
  facet normal 0.956971 0.290182 -9.15055e-20
    outer loop
      vertex 55.0294 92.7494 150.175
      vertex 54.9327 93.0683 147.175
      vertex 54.9327 93.0683 150.175
    endloop
  endfacet
  facet normal 0.956971 0.290182 -9.15055e-20
    outer loop
      vertex 54.9327 93.0683 147.175
      vertex 55.0294 92.7494 150.175
      vertex 55.0294 92.7494 147.175
    endloop
  endfacet
  facet normal -0.471413 0.881912 0
    outer loop
      vertex 57.5445 91.9865 147.175
      vertex 57.2506 91.8294 150.175
      vertex 57.5445 91.9865 150.175
    endloop
  endfacet
  facet normal -0.471413 0.881912 0
    outer loop
      vertex 57.2506 91.8294 150.175
      vertex 57.5445 91.9865 147.175
      vertex 57.2506 91.8294 147.175
    endloop
  endfacet
  facet normal -0.773021 0.634381 1.66405e-18
    outer loop
      vertex 57.8021 92.1979 147.175
      vertex 58.0135 92.4555 150.175
      vertex 58.0135 92.4555 147.175
    endloop
  endfacet
  facet normal -0.773021 0.634381 1.66405e-18
    outer loop
      vertex 58.0135 92.4555 150.175
      vertex 57.8021 92.1979 147.175
      vertex 57.8021 92.1979 150.175
    endloop
  endfacet
  facet normal 0.290182 0.956971 -0
    outer loop
      vertex 56.2683 91.7327 147.175
      vertex 55.9494 91.8294 150.175
      vertex 56.2683 91.7327 150.175
    endloop
  endfacet
  facet normal 0.290182 0.956971 0
    outer loop
      vertex 55.9494 91.8294 150.175
      vertex 56.2683 91.7327 147.175
      vertex 55.9494 91.8294 147.175
    endloop
  endfacet
  facet normal 0.471413 0.881912 -0
    outer loop
      vertex 55.9494 91.8294 147.175
      vertex 55.6555 91.9865 150.175
      vertex 55.9494 91.8294 150.175
    endloop
  endfacet
  facet normal 0.471413 0.881912 0
    outer loop
      vertex 55.6555 91.9865 150.175
      vertex 55.9494 91.8294 147.175
      vertex 55.6555 91.9865 147.175
    endloop
  endfacet
  facet normal 0.0981075 0.995176 -0
    outer loop
      vertex 56.6 91.7 147.175
      vertex 56.2683 91.7327 150.175
      vertex 56.6 91.7 150.175
    endloop
  endfacet
  facet normal 0.0981075 0.995176 0
    outer loop
      vertex 56.2683 91.7327 150.175
      vertex 56.6 91.7 147.175
      vertex 56.2683 91.7327 147.175
    endloop
  endfacet
  facet normal 0.773021 0.634381 -1.66405e-18
    outer loop
      vertex 55.3979 92.1979 150.175
      vertex 55.1865 92.4555 147.175
      vertex 55.1865 92.4555 150.175
    endloop
  endfacet
  facet normal 0.773021 0.634381 -1.66405e-18
    outer loop
      vertex 55.1865 92.4555 147.175
      vertex 55.3979 92.1979 150.175
      vertex 55.3979 92.1979 147.175
    endloop
  endfacet
  facet normal 0.881912 0.471413 3.36184e-18
    outer loop
      vertex 55.1865 92.4555 150.175
      vertex 55.0294 92.7494 147.175
      vertex 55.0294 92.7494 150.175
    endloop
  endfacet
  facet normal 0.881912 0.471413 3.36184e-18
    outer loop
      vertex 55.0294 92.7494 147.175
      vertex 55.1865 92.4555 150.175
      vertex 55.1865 92.4555 147.175
    endloop
  endfacet
  facet normal -0.896919 -0.442194 4.00099e-18
    outer loop
      vertex 64.9259 99.7777 150.175
      vertex 64.7177 100.2 152.175
      vertex 64.7177 100.2 150.175
    endloop
  endfacet
  facet normal -0.896919 -0.442194 4.00099e-18
    outer loop
      vertex 64.7177 100.2 152.175
      vertex 64.9259 99.7777 150.175
      vertex 64.9259 99.7777 152.175
    endloop
  endfacet
  facet normal 0 0 1
    outer loop
      vertex 65.2 60.4 150.175
      vertex 58.2673 65.7317 150.175
      vertex 58.3 65.4 150.175
    endloop
  endfacet
  facet normal 0 0 1
    outer loop
      vertex 65.2 60.4 150.175
      vertex 58.1706 66.0506 150.175
      vertex 58.2673 65.7317 150.175
    endloop
  endfacet
  facet normal 0 0 1
    outer loop
      vertex 58.6 73.4 150.175
      vertex 58.0135 66.3445 150.175
      vertex 58.1706 66.0506 150.175
    endloop
  endfacet
  facet normal 0 0 1
    outer loop
      vertex 58.6 73.4 150.175
      vertex 57.8021 66.6021 150.175
      vertex 58.0135 66.3445 150.175
    endloop
  endfacet
  facet normal 0 0 1
    outer loop
      vertex 58.6 73.4 150.175
      vertex 57.5445 66.8135 150.175
      vertex 57.8021 66.6021 150.175
    endloop
  endfacet
  facet normal 0 0 1
    outer loop
      vertex 58.6 73.4 150.175
      vertex 57.2506 66.9706 150.175
      vertex 57.5445 66.8135 150.175
    endloop
  endfacet
  facet normal 0 0 1
    outer loop
      vertex 58.6 73.4 150.175
      vertex 56.9317 67.0673 150.175
      vertex 57.2506 66.9706 150.175
    endloop
  endfacet
  facet normal 0 0 1
    outer loop
      vertex 58.6 73.4 150.175
      vertex 56.6 67.1 150.175
      vertex 56.9317 67.0673 150.175
    endloop
  endfacet
  facet normal 0 0 1
    outer loop
      vertex 58.6 73.4 150.175
      vertex 56.2683 67.0673 150.175
      vertex 56.6 67.1 150.175
    endloop
  endfacet
  facet normal 0 0 1
    outer loop
      vertex 58.6 73.4 150.175
      vertex 55.9494 66.9706 150.175
      vertex 56.2683 67.0673 150.175
    endloop
  endfacet
  facet normal -0 0 1
    outer loop
      vertex 48.6 73.4 150.175
      vertex 55.9494 66.9706 150.175
      vertex 58.6 73.4 150.175
    endloop
  endfacet
  facet normal 0 0 1
    outer loop
      vertex 55.9494 66.9706 150.175
      vertex 48.6 73.4 150.175
      vertex 55.6555 66.8135 150.175
    endloop
  endfacet
  facet normal 0 0 1
    outer loop
      vertex 55.6555 66.8135 150.175
      vertex 48.6 73.4 150.175
      vertex 55.3979 66.6021 150.175
    endloop
  endfacet
  facet normal 0 0 1
    outer loop
      vertex 55.3979 66.6021 150.175
      vertex 48.6 73.4 150.175
      vertex 55.1865 66.3445 150.175
    endloop
  endfacet
  facet normal 0 0 1
    outer loop
      vertex 55.0294 66.0506 150.175
      vertex 48.6 63.4 150.175
      vertex 54.9327 65.7317 150.175
    endloop
  endfacet
  facet normal 0 0 1
    outer loop
      vertex 48.6 63.4 150.175
      vertex 55.0294 66.0506 150.175
      vertex 48.6 73.4 150.175
    endloop
  endfacet
  facet normal 0 0 1
    outer loop
      vertex 55.1865 66.3445 150.175
      vertex 48.6 73.4 150.175
      vertex 55.0294 66.0506 150.175
    endloop
  endfacet
  facet normal 0 0 1
    outer loop
      vertex 61.6 102 150.175
      vertex 65.2 98.4 150.175
      vertex 65.1692 98.8699 150.175
    endloop
  endfacet
  facet normal 0 0 1
    outer loop
      vertex 65.2 98.4 150.175
      vertex 58.6 85.4 150.175
      vertex 65.2 60.4 150.175
    endloop
  endfacet
  facet normal 0 0 1
    outer loop
      vertex 61.6 102 150.175
      vertex 65.1692 98.8699 150.175
      vertex 65.0773 99.3317 150.175
    endloop
  endfacet
  facet normal -0 0 1
    outer loop
      vertex 58.6 73.4 150.175
      vertex 65.2 60.4 150.175
      vertex 58.6 85.4 150.175
    endloop
  endfacet
  facet normal 0 0 1
    outer loop
      vertex 61.6 102 150.175
      vertex 65.0773 99.3317 150.175
      vertex 64.9259 99.7777 150.175
    endloop
  endfacet
  facet normal -0 0 1
    outer loop
      vertex 58.1706 66.0506 150.175
      vertex 65.2 60.4 150.175
      vertex 58.6 73.4 150.175
    endloop
  endfacet
  facet normal 0 0 1
    outer loop
      vertex 61.6 102 150.175
      vertex 64.9259 99.7777 150.175
      vertex 64.7177 100.2 150.175
    endloop
  endfacet
  facet normal -0 0 1
    outer loop
      vertex 58.2673 65.0683 150.175
      vertex 65.2 60.4 150.175
      vertex 58.3 65.4 150.175
    endloop
  endfacet
  facet normal 0 0 1
    outer loop
      vertex 61.6 102 150.175
      vertex 64.7177 100.2 150.175
      vertex 64.4561 100.592 150.175
    endloop
  endfacet
  facet normal -0 0 1
    outer loop
      vertex 58.1706 64.7494 150.175
      vertex 65.2 60.4 150.175
      vertex 58.2673 65.0683 150.175
    endloop
  endfacet
  facet normal 0 0 1
    outer loop
      vertex 61.6 102 150.175
      vertex 64.4561 100.592 150.175
      vertex 64.1456 100.946 150.175
    endloop
  endfacet
  facet normal -0 0 1
    outer loop
      vertex 58.0135 64.4555 150.175
      vertex 65.2 60.4 150.175
      vertex 58.1706 64.7494 150.175
    endloop
  endfacet
  facet normal 0 0 1
    outer loop
      vertex 61.6 102 150.175
      vertex 64.1456 100.946 150.175
      vertex 63.7915 101.256 150.175
    endloop
  endfacet
  facet normal -0 0 1
    outer loop
      vertex 57.8021 64.1979 150.175
      vertex 65.2 60.4 150.175
      vertex 58.0135 64.4555 150.175
    endloop
  endfacet
  facet normal 0 0 1
    outer loop
      vertex 61.6 102 150.175
      vertex 63.7915 101.256 150.175
      vertex 63.4 101.518 150.175
    endloop
  endfacet
  facet normal 0 -0 1
    outer loop
      vertex 61.6 56.8 150.175
      vertex 65.2 60.4 150.175
      vertex 57.8021 64.1979 150.175
    endloop
  endfacet
  facet normal 0 0 1
    outer loop
      vertex 61.6 102 150.175
      vertex 63.4 101.518 150.175
      vertex 62.9776 101.726 150.175
    endloop
  endfacet
  facet normal 0 0 1
    outer loop
      vertex 65.2 60.4 150.175
      vertex 61.6 56.8 150.175
      vertex 65.1692 59.9301 150.175
    endloop
  endfacet
  facet normal 0 0 1
    outer loop
      vertex 61.6 102 150.175
      vertex 62.9776 101.726 150.175
      vertex 62.5317 101.877 150.175
    endloop
  endfacet
  facet normal 0 0 1
    outer loop
      vertex 65.1692 59.9301 150.175
      vertex 61.6 56.8 150.175
      vertex 65.0773 59.4683 150.175
    endloop
  endfacet
  facet normal 0 0 1
    outer loop
      vertex 61.6 102 150.175
      vertex 62.5317 101.877 150.175
      vertex 62.0699 101.969 150.175
    endloop
  endfacet
  facet normal 0 0 1
    outer loop
      vertex 65.0773 59.4683 150.175
      vertex 61.6 56.8 150.175
      vertex 64.9259 59.0223 150.175
    endloop
  endfacet
  facet normal 0 0 1
    outer loop
      vertex 65.2 98.4 150.175
      vertex 61.6 102 150.175
      vertex 57.8021 94.6021 150.175
    endloop
  endfacet
  facet normal 0 0 1
    outer loop
      vertex 64.9259 59.0223 150.175
      vertex 61.6 56.8 150.175
      vertex 64.7177 58.6 150.175
    endloop
  endfacet
  facet normal 0 0 1
    outer loop
      vertex 64.7177 58.6 150.175
      vertex 61.6 56.8 150.175
      vertex 64.4561 58.2085 150.175
    endloop
  endfacet
  facet normal 0 0 1
    outer loop
      vertex 65.2 98.4 150.175
      vertex 58.3 93.4 150.175
      vertex 58.2673 93.0683 150.175
    endloop
  endfacet
  facet normal 0 0 1
    outer loop
      vertex 65.2 98.4 150.175
      vertex 58.2673 93.7317 150.175
      vertex 58.3 93.4 150.175
    endloop
  endfacet
  facet normal 0 0 1
    outer loop
      vertex 65.2 98.4 150.175
      vertex 58.1706 94.0506 150.175
      vertex 58.2673 93.7317 150.175
    endloop
  endfacet
  facet normal 0 0 1
    outer loop
      vertex 65.2 98.4 150.175
      vertex 58.0135 94.3445 150.175
      vertex 58.1706 94.0506 150.175
    endloop
  endfacet
  facet normal 0 0 1
    outer loop
      vertex 65.2 98.4 150.175
      vertex 57.8021 94.6021 150.175
      vertex 58.0135 94.3445 150.175
    endloop
  endfacet
  facet normal 0 0 1
    outer loop
      vertex 61.6 102 150.175
      vertex 57.5445 94.8135 150.175
      vertex 57.8021 94.6021 150.175
    endloop
  endfacet
  facet normal 0 0 1
    outer loop
      vertex 61.6 102 150.175
      vertex 57.2506 94.9706 150.175
      vertex 57.5445 94.8135 150.175
    endloop
  endfacet
  facet normal 0 0 1
    outer loop
      vertex 61.6 102 150.175
      vertex 56.9317 95.0673 150.175
      vertex 57.2506 94.9706 150.175
    endloop
  endfacet
  facet normal 0 0 1
    outer loop
      vertex 61.6 102 150.175
      vertex 56.6 95.1 150.175
      vertex 56.9317 95.0673 150.175
    endloop
  endfacet
  facet normal 0 0 1
    outer loop
      vertex 61.6 102 150.175
      vertex 56.2683 95.0673 150.175
      vertex 56.6 95.1 150.175
    endloop
  endfacet
  facet normal 0 0 1
    outer loop
      vertex 61.6 102 150.175
      vertex 55.9494 94.9706 150.175
      vertex 56.2683 95.0673 150.175
    endloop
  endfacet
  facet normal -0 0 1
    outer loop
      vertex 48.6 95.4 150.175
      vertex 55.9494 94.9706 150.175
      vertex 61.6 102 150.175
    endloop
  endfacet
  facet normal 0 0 1
    outer loop
      vertex 55.9494 94.9706 150.175
      vertex 48.6 95.4 150.175
      vertex 55.6555 94.8135 150.175
    endloop
  endfacet
  facet normal 0 0 1
    outer loop
      vertex 54.9327 93.7317 150.175
      vertex 48.6 95.4 150.175
      vertex 54.9 93.4 150.175
    endloop
  endfacet
  facet normal 0 0 1
    outer loop
      vertex 55.0294 94.0506 150.175
      vertex 48.6 95.4 150.175
      vertex 54.9327 93.7317 150.175
    endloop
  endfacet
  facet normal 0 0 1
    outer loop
      vertex 55.1865 94.3445 150.175
      vertex 48.6 95.4 150.175
      vertex 55.0294 94.0506 150.175
    endloop
  endfacet
  facet normal 0 0 1
    outer loop
      vertex 55.3979 94.6021 150.175
      vertex 48.6 95.4 150.175
      vertex 55.1865 94.3445 150.175
    endloop
  endfacet
  facet normal 0 0 1
    outer loop
      vertex 55.6555 94.8135 150.175
      vertex 48.6 95.4 150.175
      vertex 55.3979 94.6021 150.175
    endloop
  endfacet
  facet normal -0 0 1
    outer loop
      vertex -68.2 102 150.175
      vertex 48.6 95.4 150.175
      vertex 61.6 102 150.175
    endloop
  endfacet
  facet normal 0 0 1
    outer loop
      vertex 48.6 95.4 150.175
      vertex -68.2 102 150.175
      vertex -68.2 95.4 150.175
    endloop
  endfacet
  facet normal 0 0 1
    outer loop
      vertex 64.4561 58.2085 150.175
      vertex 61.6 56.8 150.175
      vertex 64.1456 57.8544 150.175
    endloop
  endfacet
  facet normal 0 0 1
    outer loop
      vertex 64.1456 57.8544 150.175
      vertex 61.6 56.8 150.175
      vertex 63.7915 57.5439 150.175
    endloop
  endfacet
  facet normal 0 0 1
    outer loop
      vertex 63.7915 57.5439 150.175
      vertex 61.6 56.8 150.175
      vertex 63.4 57.2823 150.175
    endloop
  endfacet
  facet normal 0 0 1
    outer loop
      vertex 62.9776 57.074 150.175
      vertex 61.6 56.8 150.175
      vertex 62.5317 56.9227 150.175
    endloop
  endfacet
  facet normal 0 0 1
    outer loop
      vertex 62.5317 56.9227 150.175
      vertex 61.6 56.8 150.175
      vertex 62.0699 56.8308 150.175
    endloop
  endfacet
  facet normal 0 0 1
    outer loop
      vertex 63.4 57.2823 150.175
      vertex 61.6 56.8 150.175
      vertex 62.9776 57.074 150.175
    endloop
  endfacet
  facet normal -0 0 1
    outer loop
      vertex 57.5445 63.9865 150.175
      vertex 61.6 56.8 150.175
      vertex 57.8021 64.1979 150.175
    endloop
  endfacet
  facet normal -0 0 1
    outer loop
      vertex 57.2506 63.8294 150.175
      vertex 61.6 56.8 150.175
      vertex 57.5445 63.9865 150.175
    endloop
  endfacet
  facet normal -0 0 1
    outer loop
      vertex 56.9317 63.7327 150.175
      vertex 61.6 56.8 150.175
      vertex 57.2506 63.8294 150.175
    endloop
  endfacet
  facet normal -0 0 1
    outer loop
      vertex 56.6 63.7 150.175
      vertex 61.6 56.8 150.175
      vertex 56.9317 63.7327 150.175
    endloop
  endfacet
  facet normal 0 0 1
    outer loop
      vertex 56.2683 63.7327 150.175
      vertex 61.6 56.8 150.175
      vertex 56.6 63.7 150.175
    endloop
  endfacet
  facet normal 0 0 1
    outer loop
      vertex 55.9494 63.8294 150.175
      vertex 61.6 56.8 150.175
      vertex 56.2683 63.7327 150.175
    endloop
  endfacet
  facet normal 0 0 1
    outer loop
      vertex 48.6 63.4 150.175
      vertex 55.9494 63.8294 150.175
      vertex 55.6555 63.9865 150.175
    endloop
  endfacet
  facet normal 0 0 1
    outer loop
      vertex 48.6 63.4 150.175
      vertex 55.6555 63.9865 150.175
      vertex 55.3979 64.1979 150.175
    endloop
  endfacet
  facet normal 0 0 1
    outer loop
      vertex 54.9327 65.7317 150.175
      vertex 48.6 63.4 150.175
      vertex 54.9 65.4 150.175
    endloop
  endfacet
  facet normal 0 0 1
    outer loop
      vertex 54.9 65.4 150.175
      vertex 48.6 63.4 150.175
      vertex 54.9327 65.0683 150.175
    endloop
  endfacet
  facet normal 0 0 1
    outer loop
      vertex 54.9327 65.0683 150.175
      vertex 48.6 63.4 150.175
      vertex 55.0294 64.7494 150.175
    endloop
  endfacet
  facet normal 0 0 1
    outer loop
      vertex 55.0294 64.7494 150.175
      vertex 48.6 63.4 150.175
      vertex 55.1865 64.4555 150.175
    endloop
  endfacet
  facet normal 0 0 1
    outer loop
      vertex 48.6 63.4 150.175
      vertex 55.3979 64.1979 150.175
      vertex 55.1865 64.4555 150.175
    endloop
  endfacet
  facet normal 0 0 1
    outer loop
      vertex 55.9494 63.8294 150.175
      vertex 48.6 63.4 150.175
      vertex 61.6 56.8 150.175
    endloop
  endfacet
  facet normal 0 0 1
    outer loop
      vertex -68.2 56.8 150.175
      vertex 48.6 63.4 150.175
      vertex -68.2 63.4 150.175
    endloop
  endfacet
  facet normal 0 0 1
    outer loop
      vertex 48.6 63.4 150.175
      vertex -68.2 56.8 150.175
      vertex 61.6 56.8 150.175
    endloop
  endfacet
  facet normal 0 0 1
    outer loop
      vertex 65.2 98.4 150.175
      vertex 58.2673 93.0683 150.175
      vertex 58.1706 92.7494 150.175
    endloop
  endfacet
  facet normal 0 0 1
    outer loop
      vertex 65.2 98.4 150.175
      vertex 58.1706 92.7494 150.175
      vertex 58.6 85.4 150.175
    endloop
  endfacet
  facet normal -0 0 1
    outer loop
      vertex 58.0135 92.4555 150.175
      vertex 58.6 85.4 150.175
      vertex 58.1706 92.7494 150.175
    endloop
  endfacet
  facet normal -0 0 1
    outer loop
      vertex 57.8021 92.1979 150.175
      vertex 58.6 85.4 150.175
      vertex 58.0135 92.4555 150.175
    endloop
  endfacet
  facet normal -0 0 1
    outer loop
      vertex 57.5445 91.9865 150.175
      vertex 58.6 85.4 150.175
      vertex 57.8021 92.1979 150.175
    endloop
  endfacet
  facet normal -0 0 1
    outer loop
      vertex 57.2506 91.8294 150.175
      vertex 58.6 85.4 150.175
      vertex 57.5445 91.9865 150.175
    endloop
  endfacet
  facet normal -0 0 1
    outer loop
      vertex 56.9317 91.7327 150.175
      vertex 58.6 85.4 150.175
      vertex 57.2506 91.8294 150.175
    endloop
  endfacet
  facet normal -0 0 1
    outer loop
      vertex 56.6 91.7 150.175
      vertex 58.6 85.4 150.175
      vertex 56.9317 91.7327 150.175
    endloop
  endfacet
  facet normal 0 0 1
    outer loop
      vertex 56.2683 91.7327 150.175
      vertex 58.6 85.4 150.175
      vertex 56.6 91.7 150.175
    endloop
  endfacet
  facet normal 0 0 1
    outer loop
      vertex 55.9494 91.8294 150.175
      vertex 58.6 85.4 150.175
      vertex 56.2683 91.7327 150.175
    endloop
  endfacet
  facet normal 0 0 1
    outer loop
      vertex 48.6 85.4 150.175
      vertex 55.9494 91.8294 150.175
      vertex 55.6555 91.9865 150.175
    endloop
  endfacet
  facet normal 0 0 1
    outer loop
      vertex 48.6 85.4 150.175
      vertex 55.6555 91.9865 150.175
      vertex 55.3979 92.1979 150.175
    endloop
  endfacet
  facet normal 0 0 1
    outer loop
      vertex 48.6 85.4 150.175
      vertex 55.3979 92.1979 150.175
      vertex 55.1865 92.4555 150.175
    endloop
  endfacet
  facet normal 0 0 1
    outer loop
      vertex 48.6 85.4 150.175
      vertex 55.1865 92.4555 150.175
      vertex 55.0294 92.7494 150.175
    endloop
  endfacet
  facet normal 0 0 1
    outer loop
      vertex 48.6 95.4 150.175
      vertex 54.9327 93.0683 150.175
      vertex 54.9 93.4 150.175
    endloop
  endfacet
  facet normal 0 0 1
    outer loop
      vertex 48.6 95.4 150.175
      vertex 55.0294 92.7494 150.175
      vertex 54.9327 93.0683 150.175
    endloop
  endfacet
  facet normal 0 0 1
    outer loop
      vertex 48.6 85.4 150.175
      vertex 55.0294 92.7494 150.175
      vertex 48.6 95.4 150.175
    endloop
  endfacet
  facet normal 0 0 1
    outer loop
      vertex 55.9494 91.8294 150.175
      vertex 48.6 85.4 150.175
      vertex 58.6 85.4 150.175
    endloop
  endfacet
  facet normal -0.441768 -0.897129 0
    outer loop
      vertex 62.9776 101.726 150.175
      vertex 63.4 101.518 152.175
      vertex 62.9776 101.726 152.175
    endloop
  endfacet
  facet normal -0.441768 -0.897129 -0
    outer loop
      vertex 63.4 101.518 152.175
      vertex 62.9776 101.726 150.175
      vertex 63.4 101.518 150.175
    endloop
  endfacet
  facet normal -0.6587 -0.752406 0
    outer loop
      vertex 63.7915 101.256 150.175
      vertex 64.1456 100.946 152.175
      vertex 63.7915 101.256 152.175
    endloop
  endfacet
  facet normal -0.6587 -0.752406 -0
    outer loop
      vertex 64.1456 100.946 152.175
      vertex 63.7915 101.256 150.175
      vertex 64.1456 100.946 150.175
    endloop
  endfacet
  facet normal 0 -1 0
    outer loop
      vertex -68.2 102 150.175
      vertex 61.6 102 152.175
      vertex -68.2 102 152.175
    endloop
  endfacet
  facet normal 0 -1 -0
    outer loop
      vertex 61.6 102 152.175
      vertex -68.2 102 150.175
      vertex 61.6 102 150.175
    endloop
  endfacet
  facet normal -1 0 0
    outer loop
      vertex 65.2 60.4 150.175
      vertex 65.2 98.4 152.175
      vertex 65.2 98.4 150.175
    endloop
  endfacet
  facet normal -1 -0 0
    outer loop
      vertex 65.2 98.4 152.175
      vertex 65.2 60.4 150.175
      vertex 65.2 60.4 152.175
    endloop
  endfacet
  facet normal 0 1 -0
    outer loop
      vertex 61.6 56.8 150.175
      vertex -68.2 56.8 152.175
      vertex 61.6 56.8 152.175
    endloop
  endfacet
  facet normal 0 1 0
    outer loop
      vertex -68.2 56.8 152.175
      vertex 61.6 56.8 150.175
      vertex -68.2 56.8 150.175
    endloop
  endfacet
  facet normal -0.0654055 0.997859 0
    outer loop
      vertex 62.0699 56.8308 150.175
      vertex 61.6 56.8 152.175
      vertex 62.0699 56.8308 152.175
    endloop
  endfacet
  facet normal -0.0654055 0.997859 0
    outer loop
      vertex 61.6 56.8 152.175
      vertex 62.0699 56.8308 150.175
      vertex 61.6 56.8 150.175
    endloop
  endfacet
  facet normal -0.555582 0.831462 0
    outer loop
      vertex 63.7915 57.5439 150.175
      vertex 63.4 57.2823 152.175
      vertex 63.7915 57.5439 152.175
    endloop
  endfacet
  facet normal -0.555582 0.831462 0
    outer loop
      vertex 63.4 57.2823 152.175
      vertex 63.7915 57.5439 150.175
      vertex 63.4 57.2823 150.175
    endloop
  endfacet
  facet normal -0.0658284 -0.997831 0
    outer loop
      vertex 61.6 102 150.175
      vertex 62.0699 101.969 152.175
      vertex 61.6 102 152.175
    endloop
  endfacet
  facet normal -0.0658284 -0.997831 -0
    outer loop
      vertex 62.0699 101.969 152.175
      vertex 61.6 102 150.175
      vertex 62.0699 101.969 150.175
    endloop
  endfacet
  facet normal -0.195381 -0.980727 0
    outer loop
      vertex 62.0699 101.969 150.175
      vertex 62.5317 101.877 152.175
      vertex 62.0699 101.969 152.175
    endloop
  endfacet
  facet normal -0.195381 -0.980727 -0
    outer loop
      vertex 62.5317 101.877 152.175
      vertex 62.0699 101.969 150.175
      vertex 62.5317 101.877 150.175
    endloop
  endfacet
  facet normal -0.946928 -0.321446 3.93486e-18
    outer loop
      vertex 65.0773 99.3317 150.175
      vertex 64.9259 99.7777 152.175
      vertex 64.9259 99.7777 150.175
    endloop
  endfacet
  facet normal -0.946928 -0.321446 3.93486e-18
    outer loop
      vertex 64.9259 99.7777 152.175
      vertex 65.0773 99.3317 150.175
      vertex 65.0773 99.3317 152.175
    endloop
  endfacet
  facet normal -0.997859 -0.0654055 -6.41244e-19
    outer loop
      vertex 65.2 98.4 150.175
      vertex 65.1692 98.8699 152.175
      vertex 65.1692 98.8699 150.175
    endloop
  endfacet
  facet normal -0.997859 -0.0654055 -6.41244e-19
    outer loop
      vertex 65.1692 98.8699 152.175
      vertex 65.2 98.4 150.175
      vertex 65.2 98.4 152.175
    endloop
  endfacet
  facet normal -0.320749 -0.947164 0
    outer loop
      vertex 62.5317 101.877 150.175
      vertex 62.9776 101.726 152.175
      vertex 62.5317 101.877 152.175
    endloop
  endfacet
  facet normal -0.320749 -0.947164 -0
    outer loop
      vertex 62.9776 101.726 152.175
      vertex 62.5317 101.877 150.175
      vertex 62.9776 101.726 150.175
    endloop
  endfacet
  facet normal -0.980768 -0.195177 -3.30282e-18
    outer loop
      vertex 65.1692 98.8699 150.175
      vertex 65.0773 99.3317 152.175
      vertex 65.0773 99.3317 150.175
    endloop
  endfacet
  facet normal -0.980768 -0.195177 -3.30282e-18
    outer loop
      vertex 65.0773 99.3317 152.175
      vertex 65.1692 98.8699 150.175
      vertex 65.1692 98.8699 152.175
    endloop
  endfacet
  facet normal -0.946928 0.321446 -3.93486e-18
    outer loop
      vertex 64.9259 59.0223 150.175
      vertex 65.0773 59.4683 152.175
      vertex 65.0773 59.4683 150.175
    endloop
  endfacet
  facet normal -0.946928 0.321446 -3.93486e-18
    outer loop
      vertex 65.0773 59.4683 152.175
      vertex 64.9259 59.0223 150.175
      vertex 64.9259 59.0223 152.175
    endloop
  endfacet
  facet normal -0.831462 0.555582 4.67718e-18
    outer loop
      vertex 64.4561 58.2085 150.175
      vertex 64.7177 58.6 152.175
      vertex 64.7177 58.6 150.175
    endloop
  endfacet
  facet normal -0.831462 0.555582 4.67718e-18
    outer loop
      vertex 64.7177 58.6 152.175
      vertex 64.4561 58.2085 150.175
      vertex 64.4561 58.2085 152.175
    endloop
  endfacet
  facet normal -0.659301 0.751879 0
    outer loop
      vertex 64.1456 57.8544 150.175
      vertex 63.7915 57.5439 152.175
      vertex 64.1456 57.8544 152.175
    endloop
  endfacet
  facet normal -0.659301 0.751879 0
    outer loop
      vertex 63.7915 57.5439 152.175
      vertex 64.1456 57.8544 150.175
      vertex 63.7915 57.5439 150.175
    endloop
  endfacet
  facet normal -0.556169 -0.831069 0
    outer loop
      vertex 63.4 101.518 150.175
      vertex 63.7915 101.256 152.175
      vertex 63.4 101.518 152.175
    endloop
  endfacet
  facet normal -0.556169 -0.831069 -0
    outer loop
      vertex 63.7915 101.256 152.175
      vertex 63.4 101.518 150.175
      vertex 63.7915 101.256 150.175
    endloop
  endfacet
  facet normal -0.896919 0.442194 4.82134e-18
    outer loop
      vertex 64.7177 58.6 150.175
      vertex 64.9259 59.0223 152.175
      vertex 64.9259 59.0223 150.175
    endloop
  endfacet
  facet normal -0.896919 0.442194 4.82134e-18
    outer loop
      vertex 64.9259 59.0223 152.175
      vertex 64.7177 58.6 150.175
      vertex 64.7177 58.6 152.175
    endloop
  endfacet
  facet normal -0.751879 0.659301 -6.47478e-20
    outer loop
      vertex 64.1456 57.8544 150.175
      vertex 64.4561 58.2085 152.175
      vertex 64.4561 58.2085 150.175
    endloop
  endfacet
  facet normal -0.751879 0.659301 -6.47478e-20
    outer loop
      vertex 64.4561 58.2085 152.175
      vertex 64.1456 57.8544 150.175
      vertex 64.1456 57.8544 152.175
    endloop
  endfacet
  facet normal -0.980768 0.195177 2.52209e-18
    outer loop
      vertex 65.0773 59.4683 150.175
      vertex 65.1692 59.9301 152.175
      vertex 65.1692 59.9301 150.175
    endloop
  endfacet
  facet normal -0.980768 0.195177 2.52209e-18
    outer loop
      vertex 65.1692 59.9301 152.175
      vertex 65.0773 59.4683 150.175
      vertex 65.0773 59.4683 152.175
    endloop
  endfacet
  facet normal -0.997859 0.0654055 6.41244e-19
    outer loop
      vertex 65.1692 59.9301 150.175
      vertex 65.2 60.4 152.175
      vertex 65.2 60.4 150.175
    endloop
  endfacet
  facet normal -0.997859 0.0654055 6.41244e-19
    outer loop
      vertex 65.2 60.4 152.175
      vertex 65.1692 59.9301 150.175
      vertex 65.1692 59.9301 152.175
    endloop
  endfacet
  facet normal -0.442281 0.896877 0
    outer loop
      vertex 63.4 57.2823 150.175
      vertex 62.9776 57.074 152.175
      vertex 63.4 57.2823 152.175
    endloop
  endfacet
  facet normal -0.442281 0.896877 0
    outer loop
      vertex 62.9776 57.074 152.175
      vertex 63.4 57.2823 150.175
      vertex 62.9776 57.074 150.175
    endloop
  endfacet
  facet normal -0.32132 0.946971 0
    outer loop
      vertex 62.9776 57.074 150.175
      vertex 62.5317 56.9227 152.175
      vertex 62.9776 57.074 152.175
    endloop
  endfacet
  facet normal -0.32132 0.946971 0
    outer loop
      vertex 62.5317 56.9227 152.175
      vertex 62.9776 57.074 150.175
      vertex 62.5317 56.9227 150.175
    endloop
  endfacet
  facet normal -0.195177 0.980768 0
    outer loop
      vertex 62.5317 56.9227 150.175
      vertex 62.0699 56.8308 152.175
      vertex 62.5317 56.9227 152.175
    endloop
  endfacet
  facet normal -0.195177 0.980768 0
    outer loop
      vertex 62.0699 56.8308 152.175
      vertex 62.5317 56.9227 150.175
      vertex 62.0699 56.8308 150.175
    endloop
  endfacet
  facet normal -0.751787 -0.659406 5.1087e-19
    outer loop
      vertex 64.4561 100.592 150.175
      vertex 64.1456 100.946 152.175
      vertex 64.1456 100.946 150.175
    endloop
  endfacet
  facet normal -0.751787 -0.659406 5.1087e-19
    outer loop
      vertex 64.1456 100.946 152.175
      vertex 64.4561 100.592 150.175
      vertex 64.4561 100.592 152.175
    endloop
  endfacet
  facet normal -0.831789 -0.555092 3.81034e-18
    outer loop
      vertex 64.7177 100.2 150.175
      vertex 64.4561 100.592 152.175
      vertex 64.4561 100.592 150.175
    endloop
  endfacet
  facet normal -0.831789 -0.555092 3.81034e-18
    outer loop
      vertex 64.4561 100.592 152.175
      vertex 64.7177 100.2 150.175
      vertex 64.7177 100.2 152.175
    endloop
  endfacet
  facet normal -0.996203 0 -0.0870654
    outer loop
      vertex 31.3 102 113.175
      vertex 31.2681 107 113.54
      vertex 31.3 107 113.175
    endloop
  endfacet
  facet normal -0.996203 -0 -0.0870654
    outer loop
      vertex 31.2681 107 113.54
      vertex 31.3 102 113.175
      vertex 31.2681 102 113.54
    endloop
  endfacet
  facet normal -0.259533 -1.42544e-19 -0.965734
    outer loop
      vertex 29.5647 102 115.243
      vertex 29.9182 107 115.148
      vertex 29.9182 102 115.148
    endloop
  endfacet
  facet normal -0.259533 -1.42544e-19 -0.965734
    outer loop
      vertex 29.9182 107 115.148
      vertex 29.5647 102 115.243
      vertex 29.5647 107 115.243
    endloop
  endfacet
  facet normal 0.420999 -1.70427e-18 -0.907061
    outer loop
      vertex 28.15 102 114.994
      vertex 28.4818 107 115.148
      vertex 28.4818 102 115.148
    endloop
  endfacet
  facet normal 0.420999 -1.70427e-18 -0.907061
    outer loop
      vertex 28.4818 107 115.148
      vertex 28.15 102 114.994
      vertex 28.15 107 114.994
    endloop
  endfacet
  facet normal 0.906427 0 -0.422362
    outer loop
      vertex 27.3813 102 114.225
      vertex 27.2266 107 113.893
      vertex 27.3813 107 114.225
    endloop
  endfacet
  facet normal 0.906427 0 -0.422362
    outer loop
      vertex 27.2266 107 113.893
      vertex 27.3813 102 114.225
      vertex 27.2266 102 113.893
    endloop
  endfacet
  facet normal -0.259533 1.42544e-19 0.965734
    outer loop
      vertex 29.5647 107 111.107
      vertex 29.9182 102 111.202
      vertex 29.9182 107 111.202
    endloop
  endfacet
  facet normal -0.259533 1.42544e-19 0.965734
    outer loop
      vertex 29.9182 102 111.202
      vertex 29.5647 107 111.107
      vertex 29.5647 102 111.107
    endloop
  endfacet
  facet normal -0.965848 0 0.25911
    outer loop
      vertex 31.1734 102 112.457
      vertex 31.2681 107 112.81
      vertex 31.1734 107 112.457
    endloop
  endfacet
  facet normal -0.965848 0 0.25911
    outer loop
      vertex 31.2681 107 112.81
      vertex 31.1734 102 112.457
      vertex 31.2681 102 112.81
    endloop
  endfacet
  facet normal -0.819232 0 -0.573462
    outer loop
      vertex 31.0187 102 114.225
      vertex 30.8087 107 114.525
      vertex 31.0187 107 114.225
    endloop
  endfacet
  facet normal -0.819232 -0 -0.573462
    outer loop
      vertex 30.8087 107 114.525
      vertex 31.0187 102 114.225
      vertex 30.8087 102 114.525
    endloop
  endfacet
  facet normal -0.573591 -2.75037e-18 -0.819142
    outer loop
      vertex 30.25 102 114.994
      vertex 30.5499 107 114.784
      vertex 30.5499 102 114.784
    endloop
  endfacet
  facet normal -0.573591 -2.75037e-18 -0.819142
    outer loop
      vertex 30.5499 107 114.784
      vertex 30.25 102 114.994
      vertex 30.25 107 114.994
    endloop
  endfacet
  facet normal -0.70738 0 -0.706834
    outer loop
      vertex 30.8087 102 114.525
      vertex 30.5499 107 114.784
      vertex 30.8087 107 114.525
    endloop
  endfacet
  facet normal -0.70738 -0 -0.706834
    outer loop
      vertex 30.5499 107 114.784
      vertex 30.8087 102 114.525
      vertex 30.5499 102 114.784
    endloop
  endfacet
  facet normal 0.0874075 -2.16096e-19 -0.996173
    outer loop
      vertex 28.8353 102 115.243
      vertex 29.2 107 115.275
      vertex 29.2 102 115.275
    endloop
  endfacet
  facet normal 0.0874075 -2.16096e-19 -0.996173
    outer loop
      vertex 29.2 107 115.275
      vertex 28.8353 102 115.243
      vertex 28.8353 107 115.243
    endloop
  endfacet
  facet normal 0.996203 0 -0.0870654
    outer loop
      vertex 27.1319 102 113.54
      vertex 27.1 107 113.175
      vertex 27.1319 107 113.54
    endloop
  endfacet
  facet normal 0.996203 0 -0.0870654
    outer loop
      vertex 27.1 107 113.175
      vertex 27.1319 102 113.54
      vertex 27.1 102 113.175
    endloop
  endfacet
  facet normal 0.819232 0 -0.573462
    outer loop
      vertex 27.5913 102 114.525
      vertex 27.3813 107 114.225
      vertex 27.5913 107 114.525
    endloop
  endfacet
  facet normal 0.819232 0 -0.573462
    outer loop
      vertex 27.3813 107 114.225
      vertex 27.5913 102 114.525
      vertex 27.3813 102 114.225
    endloop
  endfacet
  facet normal 0.70738 0 -0.706834
    outer loop
      vertex 27.8501 102 114.784
      vertex 27.5913 107 114.525
      vertex 27.8501 107 114.784
    endloop
  endfacet
  facet normal 0.70738 0 -0.706834
    outer loop
      vertex 27.5913 107 114.525
      vertex 27.8501 102 114.784
      vertex 27.5913 102 114.525
    endloop
  endfacet
  facet normal -0.0874075 3.73887e-19 0.996173
    outer loop
      vertex 29.2 107 111.075
      vertex 29.5647 102 111.107
      vertex 29.5647 107 111.107
    endloop
  endfacet
  facet normal -0.0874075 3.73887e-19 0.996173
    outer loop
      vertex 29.5647 102 111.107
      vertex 29.2 107 111.075
      vertex 29.2 102 111.075
    endloop
  endfacet
  facet normal -0.0874075 2.16096e-19 -0.996173
    outer loop
      vertex 29.2 102 115.275
      vertex 29.5647 107 115.243
      vertex 29.5647 102 115.243
    endloop
  endfacet
  facet normal -0.0874075 2.16096e-19 -0.996173
    outer loop
      vertex 29.5647 107 115.243
      vertex 29.2 102 115.275
      vertex 29.2 107 115.275
    endloop
  endfacet
  facet normal -0.420999 1.70427e-18 -0.907061
    outer loop
      vertex 29.9182 102 115.148
      vertex 30.25 107 114.994
      vertex 30.25 102 114.994
    endloop
  endfacet
  facet normal -0.420999 1.70427e-18 -0.907061
    outer loop
      vertex 30.25 107 114.994
      vertex 29.9182 102 115.148
      vertex 29.9182 107 115.148
    endloop
  endfacet
  facet normal 0.965848 0 -0.25911
    outer loop
      vertex 27.2266 102 113.893
      vertex 27.1319 107 113.54
      vertex 27.2266 107 113.893
    endloop
  endfacet
  facet normal 0.965848 0 -0.25911
    outer loop
      vertex 27.1319 107 113.54
      vertex 27.2266 102 113.893
      vertex 27.1319 102 113.54
    endloop
  endfacet
  facet normal 0.259533 1.42544e-19 -0.965734
    outer loop
      vertex 28.4818 102 115.148
      vertex 28.8353 107 115.243
      vertex 28.8353 102 115.243
    endloop
  endfacet
  facet normal 0.259533 1.42544e-19 -0.965734
    outer loop
      vertex 28.8353 107 115.243
      vertex 28.4818 102 115.148
      vertex 28.4818 107 115.148
    endloop
  endfacet
  facet normal 0.573591 9.32832e-19 -0.819142
    outer loop
      vertex 27.8501 102 114.784
      vertex 28.15 107 114.994
      vertex 28.15 102 114.994
    endloop
  endfacet
  facet normal 0.573591 9.32832e-19 -0.819142
    outer loop
      vertex 28.15 107 114.994
      vertex 27.8501 102 114.784
      vertex 27.8501 107 114.784
    endloop
  endfacet
  facet normal 0.996203 -0 0.0870654
    outer loop
      vertex 27.1 102 113.175
      vertex 27.1319 107 112.81
      vertex 27.1 107 113.175
    endloop
  endfacet
  facet normal 0.996203 0 0.0870654
    outer loop
      vertex 27.1319 107 112.81
      vertex 27.1 102 113.175
      vertex 27.1319 102 112.81
    endloop
  endfacet
  facet normal 0.819232 -0 0.573462
    outer loop
      vertex 27.3813 102 112.125
      vertex 27.5913 107 111.825
      vertex 27.3813 107 112.125
    endloop
  endfacet
  facet normal 0.819232 0 0.573462
    outer loop
      vertex 27.5913 107 111.825
      vertex 27.3813 102 112.125
      vertex 27.5913 102 111.825
    endloop
  endfacet
  facet normal -0.906427 0 0.422362
    outer loop
      vertex 31.0187 102 112.125
      vertex 31.1734 107 112.457
      vertex 31.0187 107 112.125
    endloop
  endfacet
  facet normal -0.906427 0 0.422362
    outer loop
      vertex 31.1734 107 112.457
      vertex 31.0187 102 112.125
      vertex 31.1734 102 112.457
    endloop
  endfacet
  facet normal -0.819232 0 0.573462
    outer loop
      vertex 30.8087 102 111.825
      vertex 31.0187 107 112.125
      vertex 30.8087 107 111.825
    endloop
  endfacet
  facet normal -0.819232 0 0.573462
    outer loop
      vertex 31.0187 107 112.125
      vertex 30.8087 102 111.825
      vertex 31.0187 102 112.125
    endloop
  endfacet
  facet normal -0.906427 0 -0.422362
    outer loop
      vertex 31.1734 102 113.893
      vertex 31.0187 107 114.225
      vertex 31.1734 107 113.893
    endloop
  endfacet
  facet normal -0.906427 -0 -0.422362
    outer loop
      vertex 31.0187 107 114.225
      vertex 31.1734 102 113.893
      vertex 31.0187 102 114.225
    endloop
  endfacet
  facet normal -0.965848 0 -0.25911
    outer loop
      vertex 31.2681 102 113.54
      vertex 31.1734 107 113.893
      vertex 31.2681 107 113.54
    endloop
  endfacet
  facet normal -0.965848 -0 -0.25911
    outer loop
      vertex 31.1734 107 113.893
      vertex 31.2681 102 113.54
      vertex 31.1734 102 113.893
    endloop
  endfacet
  facet normal 0.0874075 -3.73887e-19 0.996173
    outer loop
      vertex 28.8353 107 111.107
      vertex 29.2 102 111.075
      vertex 29.2 107 111.075
    endloop
  endfacet
  facet normal 0.0874075 -3.73887e-19 0.996173
    outer loop
      vertex 29.2 102 111.075
      vertex 28.8353 107 111.107
      vertex 28.8353 102 111.107
    endloop
  endfacet
  facet normal 0.965848 -0 0.25911
    outer loop
      vertex 27.1319 102 112.81
      vertex 27.2266 107 112.457
      vertex 27.1319 107 112.81
    endloop
  endfacet
  facet normal 0.965848 0 0.25911
    outer loop
      vertex 27.2266 107 112.457
      vertex 27.1319 102 112.81
      vertex 27.2266 102 112.457
    endloop
  endfacet
  facet normal 0.906427 -0 0.422362
    outer loop
      vertex 27.2266 102 112.457
      vertex 27.3813 107 112.125
      vertex 27.2266 107 112.457
    endloop
  endfacet
  facet normal 0.906427 0 0.422362
    outer loop
      vertex 27.3813 107 112.125
      vertex 27.2266 102 112.457
      vertex 27.3813 102 112.125
    endloop
  endfacet
  facet normal -0.996203 0 0.0870654
    outer loop
      vertex 31.2681 102 112.81
      vertex 31.3 107 113.175
      vertex 31.2681 107 112.81
    endloop
  endfacet
  facet normal -0.996203 0 0.0870654
    outer loop
      vertex 31.3 107 113.175
      vertex 31.2681 102 112.81
      vertex 31.3 102 113.175
    endloop
  endfacet
  facet normal -0.420999 -1.70427e-18 0.907061
    outer loop
      vertex 29.9182 107 111.202
      vertex 30.25 102 111.356
      vertex 30.25 107 111.356
    endloop
  endfacet
  facet normal -0.420999 -1.70427e-18 0.907061
    outer loop
      vertex 30.25 102 111.356
      vertex 29.9182 107 111.202
      vertex 29.9182 102 111.202
    endloop
  endfacet
  facet normal -0.573591 2.01003e-18 0.819142
    outer loop
      vertex 30.25 107 111.356
      vertex 30.5499 102 111.566
      vertex 30.5499 107 111.566
    endloop
  endfacet
  facet normal -0.573591 2.01003e-18 0.819142
    outer loop
      vertex 30.5499 102 111.566
      vertex 30.25 107 111.356
      vertex 30.25 102 111.356
    endloop
  endfacet
  facet normal -0.70738 2.7872e-18 0.706834
    outer loop
      vertex 30.5499 107 111.566
      vertex 30.8087 102 111.825
      vertex 30.8087 107 111.825
    endloop
  endfacet
  facet normal -0.70738 2.7872e-18 0.706834
    outer loop
      vertex 30.8087 102 111.825
      vertex 30.5499 107 111.566
      vertex 30.5499 102 111.566
    endloop
  endfacet
  facet normal 0.70738 -2.7872e-18 0.706834
    outer loop
      vertex 27.5913 107 111.825
      vertex 27.8501 102 111.566
      vertex 27.8501 107 111.566
    endloop
  endfacet
  facet normal 0.70738 -2.7872e-18 0.706834
    outer loop
      vertex 27.8501 102 111.566
      vertex 27.5913 107 111.825
      vertex 27.5913 102 111.825
    endloop
  endfacet
  facet normal 0.573591 -1.92489e-19 0.819142
    outer loop
      vertex 27.8501 107 111.566
      vertex 28.15 102 111.356
      vertex 28.15 107 111.356
    endloop
  endfacet
  facet normal 0.573591 -1.92489e-19 0.819142
    outer loop
      vertex 28.15 102 111.356
      vertex 27.8501 107 111.566
      vertex 27.8501 102 111.566
    endloop
  endfacet
  facet normal 0.259533 -1.42544e-19 0.965734
    outer loop
      vertex 28.4818 107 111.202
      vertex 28.8353 102 111.107
      vertex 28.8353 107 111.107
    endloop
  endfacet
  facet normal 0.259533 -1.42544e-19 0.965734
    outer loop
      vertex 28.8353 102 111.107
      vertex 28.4818 107 111.202
      vertex 28.4818 102 111.202
    endloop
  endfacet
  facet normal 0.420999 1.70427e-18 0.907061
    outer loop
      vertex 28.15 107 111.356
      vertex 28.4818 102 111.202
      vertex 28.4818 107 111.202
    endloop
  endfacet
  facet normal 0.420999 1.70427e-18 0.907061
    outer loop
      vertex 28.4818 102 111.202
      vertex 28.15 107 111.356
      vertex 28.15 102 111.356
    endloop
  endfacet
  facet normal -0.996203 0 -0.0870654
    outer loop
      vertex 31.3 102 145.175
      vertex 31.2681 107 145.54
      vertex 31.3 107 145.175
    endloop
  endfacet
  facet normal -0.996203 -0 -0.0870654
    outer loop
      vertex 31.2681 107 145.54
      vertex 31.3 102 145.175
      vertex 31.2681 102 145.54
    endloop
  endfacet
  facet normal -0.258514 0 -0.966007
    outer loop
      vertex 29.8188 101.4 147.175
      vertex 29.5647 101.4 147.243
      vertex 29.8188 102 147.175
    endloop
  endfacet
  facet normal -0.262131 -1.43911e-19 -0.965032
    outer loop
      vertex 29.8188 102 147.175
      vertex 29.9182 107 147.148
      vertex 29.9182 102 147.148
    endloop
  endfacet
  facet normal -0.258514 -0 -0.966007
    outer loop
      vertex 29.5647 107 147.243
      vertex 29.8188 102 147.175
      vertex 29.5647 101.4 147.243
    endloop
  endfacet
  facet normal -0.259533 -5.5458e-05 -0.965734
    outer loop
      vertex 29.8188 102 147.175
      vertex 29.5647 107 147.243
      vertex 29.9182 107 147.148
    endloop
  endfacet
  facet normal 0.420999 -1.70427e-18 -0.907061
    outer loop
      vertex 28.15 102 146.994
      vertex 28.4818 107 147.148
      vertex 28.4818 102 147.148
    endloop
  endfacet
  facet normal 0.420999 -1.70427e-18 -0.907061
    outer loop
      vertex 28.4818 107 147.148
      vertex 28.15 102 146.994
      vertex 28.15 107 146.994
    endloop
  endfacet
  facet normal 0.906427 0 -0.422362
    outer loop
      vertex 27.3813 102 146.225
      vertex 27.2266 107 145.893
      vertex 27.3813 107 146.225
    endloop
  endfacet
  facet normal 0.906427 0 -0.422362
    outer loop
      vertex 27.2266 107 145.893
      vertex 27.3813 102 146.225
      vertex 27.2266 102 145.893
    endloop
  endfacet
  facet normal -0.259533 1.42544e-19 0.965734
    outer loop
      vertex 29.5647 107 143.107
      vertex 29.9182 102 143.202
      vertex 29.9182 107 143.202
    endloop
  endfacet
  facet normal -0.259533 1.42544e-19 0.965734
    outer loop
      vertex 29.9182 102 143.202
      vertex 29.5647 107 143.107
      vertex 29.5647 102 143.107
    endloop
  endfacet
  facet normal -0.965848 0 0.25911
    outer loop
      vertex 31.1734 102 144.457
      vertex 31.2681 107 144.81
      vertex 31.1734 107 144.457
    endloop
  endfacet
  facet normal -0.965848 0 0.25911
    outer loop
      vertex 31.2681 107 144.81
      vertex 31.1734 102 144.457
      vertex 31.2681 102 144.81
    endloop
  endfacet
  facet normal -0.819232 0 -0.573462
    outer loop
      vertex 31.0187 102 146.225
      vertex 30.8087 107 146.525
      vertex 31.0187 107 146.225
    endloop
  endfacet
  facet normal -0.819232 -0 -0.573462
    outer loop
      vertex 30.8087 107 146.525
      vertex 31.0187 102 146.225
      vertex 30.8087 102 146.525
    endloop
  endfacet
  facet normal -0.573591 -2.01003e-18 -0.819142
    outer loop
      vertex 30.25 102 146.994
      vertex 30.5499 107 146.784
      vertex 30.5499 102 146.784
    endloop
  endfacet
  facet normal -0.573591 -2.01003e-18 -0.819142
    outer loop
      vertex 30.5499 107 146.784
      vertex 30.25 102 146.994
      vertex 30.25 107 146.994
    endloop
  endfacet
  facet normal -0.70738 0 -0.706834
    outer loop
      vertex 30.8087 102 146.525
      vertex 30.5499 107 146.784
      vertex 30.8087 107 146.525
    endloop
  endfacet
  facet normal -0.70738 -0 -0.706834
    outer loop
      vertex 30.5499 107 146.784
      vertex 30.8087 102 146.525
      vertex 30.5499 102 146.784
    endloop
  endfacet
  facet normal 0.0874075 -1.92943e-19 -0.996173
    outer loop
      vertex 28.8353 101.4 147.243
      vertex 29.2 107 147.275
      vertex 29.2 101.4 147.275
    endloop
  endfacet
  facet normal 0.0874075 -1.92943e-19 -0.996173
    outer loop
      vertex 29.2 107 147.275
      vertex 28.8353 101.4 147.243
      vertex 28.8353 107 147.243
    endloop
  endfacet
  facet normal 0.996203 0 -0.0870654
    outer loop
      vertex 27.1319 102 145.54
      vertex 27.1 107 145.175
      vertex 27.1319 107 145.54
    endloop
  endfacet
  facet normal 0.996203 0 -0.0870654
    outer loop
      vertex 27.1 107 145.175
      vertex 27.1319 102 145.54
      vertex 27.1 102 145.175
    endloop
  endfacet
  facet normal 0.819232 0 -0.573462
    outer loop
      vertex 27.5913 102 146.525
      vertex 27.3813 107 146.225
      vertex 27.5913 107 146.525
    endloop
  endfacet
  facet normal 0.819232 0 -0.573462
    outer loop
      vertex 27.3813 107 146.225
      vertex 27.5913 102 146.525
      vertex 27.3813 102 146.225
    endloop
  endfacet
  facet normal -0.0874075 -2.16096e-19 0.996173
    outer loop
      vertex 29.2 107 143.075
      vertex 29.5647 102 143.107
      vertex 29.5647 107 143.107
    endloop
  endfacet
  facet normal -0.0874075 -2.16096e-19 0.996173
    outer loop
      vertex 29.5647 102 143.107
      vertex 29.2 107 143.075
      vertex 29.2 102 143.075
    endloop
  endfacet
  facet normal -0.0874075 1.92943e-19 -0.996173
    outer loop
      vertex 29.2 101.4 147.275
      vertex 29.5647 107 147.243
      vertex 29.5647 101.4 147.243
    endloop
  endfacet
  facet normal -0.0874075 1.92943e-19 -0.996173
    outer loop
      vertex 29.5647 107 147.243
      vertex 29.2 101.4 147.275
      vertex 29.2 107 147.275
    endloop
  endfacet
  facet normal -0.420999 1.70427e-18 -0.907061
    outer loop
      vertex 29.9182 102 147.148
      vertex 30.25 107 146.994
      vertex 30.25 102 146.994
    endloop
  endfacet
  facet normal -0.420999 1.70427e-18 -0.907061
    outer loop
      vertex 30.25 107 146.994
      vertex 29.9182 102 147.148
      vertex 29.9182 107 147.148
    endloop
  endfacet
  facet normal 0 1 0
    outer loop
      vertex 29.8188 101.4 147.175
      vertex 29.2 101.4 147.275
      vertex 29.5647 101.4 147.243
    endloop
  endfacet
  facet normal 0 1 0
    outer loop
      vertex 28.5812 101.4 147.175
      vertex 29.2 101.4 147.275
      vertex 29.8188 101.4 147.175
    endloop
  endfacet
  facet normal 0 1 0
    outer loop
      vertex 29.2 101.4 147.275
      vertex 28.5812 101.4 147.175
      vertex 28.8353 101.4 147.243
    endloop
  endfacet
  facet normal 0.965848 0 -0.25911
    outer loop
      vertex 27.2266 102 145.893
      vertex 27.1319 107 145.54
      vertex 27.2266 107 145.893
    endloop
  endfacet
  facet normal 0.965848 0 -0.25911
    outer loop
      vertex 27.1319 107 145.54
      vertex 27.2266 102 145.893
      vertex 27.1319 102 145.54
    endloop
  endfacet
  facet normal 0.258514 0 -0.966007
    outer loop
      vertex 28.5812 102 147.175
      vertex 28.8353 101.4 147.243
      vertex 28.5812 101.4 147.175
    endloop
  endfacet
  facet normal 0.258514 0 -0.966007
    outer loop
      vertex 28.8353 101.4 147.243
      vertex 28.5812 102 147.175
      vertex 28.8353 107 147.243
    endloop
  endfacet
  facet normal 0.262131 0 -0.965032
    outer loop
      vertex 28.4818 107 147.148
      vertex 28.5812 102 147.175
      vertex 28.4818 102 147.148
    endloop
  endfacet
  facet normal 0.259533 -5.5458e-05 -0.965734
    outer loop
      vertex 28.5812 102 147.175
      vertex 28.4818 107 147.148
      vertex 28.8353 107 147.243
    endloop
  endfacet
  facet normal 0.573591 1.92489e-19 -0.819142
    outer loop
      vertex 27.8501 102 146.784
      vertex 28.15 107 146.994
      vertex 28.15 102 146.994
    endloop
  endfacet
  facet normal 0.573591 1.92489e-19 -0.819142
    outer loop
      vertex 28.15 107 146.994
      vertex 27.8501 102 146.784
      vertex 27.8501 107 146.784
    endloop
  endfacet
  facet normal 0.70738 0 -0.706834
    outer loop
      vertex 27.8501 102 146.784
      vertex 27.5913 107 146.525
      vertex 27.8501 107 146.784
    endloop
  endfacet
  facet normal 0.70738 0 -0.706834
    outer loop
      vertex 27.5913 107 146.525
      vertex 27.8501 102 146.784
      vertex 27.5913 102 146.525
    endloop
  endfacet
  facet normal 0.996203 -0 0.0870654
    outer loop
      vertex 27.1 102 145.175
      vertex 27.1319 107 144.81
      vertex 27.1 107 145.175
    endloop
  endfacet
  facet normal 0.996203 0 0.0870654
    outer loop
      vertex 27.1319 107 144.81
      vertex 27.1 102 145.175
      vertex 27.1319 102 144.81
    endloop
  endfacet
  facet normal 0.819232 -0 0.573462
    outer loop
      vertex 27.3813 102 144.125
      vertex 27.5913 107 143.825
      vertex 27.3813 107 144.125
    endloop
  endfacet
  facet normal 0.819232 0 0.573462
    outer loop
      vertex 27.5913 107 143.825
      vertex 27.3813 102 144.125
      vertex 27.5913 102 143.825
    endloop
  endfacet
  facet normal -0.906427 0 0.422362
    outer loop
      vertex 31.0187 102 144.125
      vertex 31.1734 107 144.457
      vertex 31.0187 107 144.125
    endloop
  endfacet
  facet normal -0.906427 0 0.422362
    outer loop
      vertex 31.1734 107 144.457
      vertex 31.0187 102 144.125
      vertex 31.1734 102 144.457
    endloop
  endfacet
  facet normal -0.819232 0 0.573462
    outer loop
      vertex 30.8087 102 143.825
      vertex 31.0187 107 144.125
      vertex 30.8087 107 143.825
    endloop
  endfacet
  facet normal -0.819232 0 0.573462
    outer loop
      vertex 31.0187 107 144.125
      vertex 30.8087 102 143.825
      vertex 31.0187 102 144.125
    endloop
  endfacet
  facet normal -0.906427 0 -0.422362
    outer loop
      vertex 31.1734 102 145.893
      vertex 31.0187 107 146.225
      vertex 31.1734 107 145.893
    endloop
  endfacet
  facet normal -0.906427 -0 -0.422362
    outer loop
      vertex 31.0187 107 146.225
      vertex 31.1734 102 145.893
      vertex 31.0187 102 146.225
    endloop
  endfacet
  facet normal -0.965848 0 -0.25911
    outer loop
      vertex 31.2681 102 145.54
      vertex 31.1734 107 145.893
      vertex 31.2681 107 145.54
    endloop
  endfacet
  facet normal -0.965848 -0 -0.25911
    outer loop
      vertex 31.1734 107 145.893
      vertex 31.2681 102 145.54
      vertex 31.1734 102 145.893
    endloop
  endfacet
  facet normal 0.0874075 2.16096e-19 0.996173
    outer loop
      vertex 28.8353 107 143.107
      vertex 29.2 102 143.075
      vertex 29.2 107 143.075
    endloop
  endfacet
  facet normal 0.0874075 2.16096e-19 0.996173
    outer loop
      vertex 29.2 102 143.075
      vertex 28.8353 107 143.107
      vertex 28.8353 102 143.107
    endloop
  endfacet
  facet normal 0.965848 -0 0.25911
    outer loop
      vertex 27.1319 102 144.81
      vertex 27.2266 107 144.457
      vertex 27.1319 107 144.81
    endloop
  endfacet
  facet normal 0.965848 0 0.25911
    outer loop
      vertex 27.2266 107 144.457
      vertex 27.1319 102 144.81
      vertex 27.2266 102 144.457
    endloop
  endfacet
  facet normal 0.906427 -0 0.422362
    outer loop
      vertex 27.2266 102 144.457
      vertex 27.3813 107 144.125
      vertex 27.2266 107 144.457
    endloop
  endfacet
  facet normal 0.906427 0 0.422362
    outer loop
      vertex 27.3813 107 144.125
      vertex 27.2266 102 144.457
      vertex 27.3813 102 144.125
    endloop
  endfacet
  facet normal -0.996203 0 0.0870654
    outer loop
      vertex 31.2681 102 144.81
      vertex 31.3 107 145.175
      vertex 31.2681 107 144.81
    endloop
  endfacet
  facet normal -0.996203 0 0.0870654
    outer loop
      vertex 31.3 107 145.175
      vertex 31.2681 102 144.81
      vertex 31.3 102 145.175
    endloop
  endfacet
  facet normal -0.420999 -1.70427e-18 0.907061
    outer loop
      vertex 29.9182 107 143.202
      vertex 30.25 102 143.356
      vertex 30.25 107 143.356
    endloop
  endfacet
  facet normal -0.420999 -1.70427e-18 0.907061
    outer loop
      vertex 30.25 102 143.356
      vertex 29.9182 107 143.202
      vertex 29.9182 102 143.202
    endloop
  endfacet
  facet normal -0.573591 2.01003e-18 0.819142
    outer loop
      vertex 30.25 107 143.356
      vertex 30.5499 102 143.566
      vertex 30.5499 107 143.566
    endloop
  endfacet
  facet normal -0.573591 2.01003e-18 0.819142
    outer loop
      vertex 30.5499 102 143.566
      vertex 30.25 107 143.356
      vertex 30.25 102 143.356
    endloop
  endfacet
  facet normal -0.70738 2.87233e-18 0.706834
    outer loop
      vertex 30.5499 107 143.566
      vertex 30.8087 102 143.825
      vertex 30.8087 107 143.825
    endloop
  endfacet
  facet normal -0.70738 2.87233e-18 0.706834
    outer loop
      vertex 30.8087 102 143.825
      vertex 30.5499 107 143.566
      vertex 30.5499 102 143.566
    endloop
  endfacet
  facet normal 0.70738 -2.87233e-18 0.706834
    outer loop
      vertex 27.5913 107 143.825
      vertex 27.8501 102 143.566
      vertex 27.8501 107 143.566
    endloop
  endfacet
  facet normal 0.70738 -2.87233e-18 0.706834
    outer loop
      vertex 27.8501 102 143.566
      vertex 27.5913 107 143.825
      vertex 27.5913 102 143.825
    endloop
  endfacet
  facet normal 0.573591 -1.92489e-19 0.819142
    outer loop
      vertex 27.8501 107 143.566
      vertex 28.15 102 143.356
      vertex 28.15 107 143.356
    endloop
  endfacet
  facet normal 0.573591 -1.92489e-19 0.819142
    outer loop
      vertex 28.15 102 143.356
      vertex 27.8501 107 143.566
      vertex 27.8501 102 143.566
    endloop
  endfacet
  facet normal 0.259533 -1.42544e-19 0.965734
    outer loop
      vertex 28.4818 107 143.202
      vertex 28.8353 102 143.107
      vertex 28.8353 107 143.107
    endloop
  endfacet
  facet normal 0.259533 -1.42544e-19 0.965734
    outer loop
      vertex 28.8353 102 143.107
      vertex 28.4818 107 143.202
      vertex 28.4818 102 143.202
    endloop
  endfacet
  facet normal 0.420999 1.70427e-18 0.907061
    outer loop
      vertex 28.15 107 143.356
      vertex 28.4818 102 143.202
      vertex 28.4818 107 143.202
    endloop
  endfacet
  facet normal 0.420999 1.70427e-18 0.907061
    outer loop
      vertex 28.4818 102 143.202
      vertex 28.15 107 143.356
      vertex 28.15 102 143.356
    endloop
  endfacet
  facet normal -0.996203 0 -0.0870654
    outer loop
      vertex 63.3 102 113.175
      vertex 63.2681 107 113.54
      vertex 63.3 107 113.175
    endloop
  endfacet
  facet normal -0.996203 -0 -0.0870654
    outer loop
      vertex 63.2681 107 113.54
      vertex 63.3 102 113.175
      vertex 63.2681 102 113.54
    endloop
  endfacet
  facet normal -0.965848 0 0.25911
    outer loop
      vertex 63.1734 102 112.457
      vertex 63.2681 107 112.81
      vertex 63.1734 107 112.457
    endloop
  endfacet
  facet normal -0.965848 0 0.25911
    outer loop
      vertex 63.2681 107 112.81
      vertex 63.1734 102 112.457
      vertex 63.2681 102 112.81
    endloop
  endfacet
  facet normal -0.259533 1.22366e-18 -0.965734
    outer loop
      vertex 61.5647 102 115.243
      vertex 61.9182 107 115.148
      vertex 61.9182 102 115.148
    endloop
  endfacet
  facet normal -0.259533 1.22366e-18 -0.965734
    outer loop
      vertex 61.9182 107 115.148
      vertex 61.5647 102 115.243
      vertex 61.5647 107 115.243
    endloop
  endfacet
  facet normal 0.420999 -1.70427e-18 -0.907061
    outer loop
      vertex 60.15 102 114.994
      vertex 60.4818 107 115.148
      vertex 60.4818 102 115.148
    endloop
  endfacet
  facet normal 0.420999 -1.70427e-18 -0.907061
    outer loop
      vertex 60.4818 107 115.148
      vertex 60.15 102 114.994
      vertex 60.15 107 114.994
    endloop
  endfacet
  facet normal 0.906427 0 -0.422362
    outer loop
      vertex 59.3813 102 114.225
      vertex 59.2266 107 113.893
      vertex 59.3813 107 114.225
    endloop
  endfacet
  facet normal 0.906427 0 -0.422362
    outer loop
      vertex 59.2266 107 113.893
      vertex 59.3813 102 114.225
      vertex 59.2266 102 113.893
    endloop
  endfacet
  facet normal -0.259533 -1.22366e-18 0.965734
    outer loop
      vertex 61.5647 107 111.107
      vertex 61.9182 102 111.202
      vertex 61.9182 107 111.202
    endloop
  endfacet
  facet normal -0.259533 -1.22366e-18 0.965734
    outer loop
      vertex 61.9182 102 111.202
      vertex 61.5647 107 111.107
      vertex 61.5647 102 111.107
    endloop
  endfacet
  facet normal -0.996203 0 0.0870654
    outer loop
      vertex 63.2681 102 112.81
      vertex 63.3 107 113.175
      vertex 63.2681 107 112.81
    endloop
  endfacet
  facet normal -0.996203 0 0.0870654
    outer loop
      vertex 63.3 107 113.175
      vertex 63.2681 102 112.81
      vertex 63.3 102 113.175
    endloop
  endfacet
  facet normal -0.819232 0 -0.573462
    outer loop
      vertex 63.0187 102 114.225
      vertex 62.8087 107 114.525
      vertex 63.0187 107 114.225
    endloop
  endfacet
  facet normal -0.819232 -0 -0.573462
    outer loop
      vertex 62.8087 107 114.525
      vertex 63.0187 102 114.225
      vertex 62.8087 102 114.525
    endloop
  endfacet
  facet normal -0.573591 -2.75037e-18 -0.819142
    outer loop
      vertex 62.25 102 114.994
      vertex 62.5499 107 114.784
      vertex 62.5499 102 114.784
    endloop
  endfacet
  facet normal -0.573591 -2.75037e-18 -0.819142
    outer loop
      vertex 62.5499 107 114.784
      vertex 62.25 102 114.994
      vertex 62.25 107 114.994
    endloop
  endfacet
  facet normal -0.70738 0 -0.706834
    outer loop
      vertex 62.8087 102 114.525
      vertex 62.5499 107 114.784
      vertex 62.8087 107 114.525
    endloop
  endfacet
  facet normal -0.70738 -0 -0.706834
    outer loop
      vertex 62.5499 107 114.784
      vertex 62.8087 102 114.525
      vertex 62.5499 102 114.784
    endloop
  endfacet
  facet normal 0.0874075 -2.84117e-19 -0.996173
    outer loop
      vertex 60.8353 102 115.243
      vertex 61.2 107 115.275
      vertex 61.2 102 115.275
    endloop
  endfacet
  facet normal 0.0874075 -2.84117e-19 -0.996173
    outer loop
      vertex 61.2 107 115.275
      vertex 60.8353 102 115.243
      vertex 60.8353 107 115.243
    endloop
  endfacet
  facet normal 0.996203 0 -0.0870654
    outer loop
      vertex 59.1319 102 113.54
      vertex 59.1 107 113.175
      vertex 59.1319 107 113.54
    endloop
  endfacet
  facet normal 0.996203 0 -0.0870654
    outer loop
      vertex 59.1 107 113.175
      vertex 59.1319 102 113.54
      vertex 59.1 102 113.175
    endloop
  endfacet
  facet normal 0.819232 0 -0.573462
    outer loop
      vertex 59.5913 102 114.525
      vertex 59.3813 107 114.225
      vertex 59.5913 107 114.525
    endloop
  endfacet
  facet normal 0.819232 0 -0.573462
    outer loop
      vertex 59.3813 107 114.225
      vertex 59.5913 102 114.525
      vertex 59.3813 102 114.225
    endloop
  endfacet
  facet normal 0.70738 -2.7872e-18 0.706834
    outer loop
      vertex 59.5913 107 111.825
      vertex 59.8501 102 111.566
      vertex 59.8501 107 111.566
    endloop
  endfacet
  facet normal 0.70738 -2.7872e-18 0.706834
    outer loop
      vertex 59.8501 102 111.566
      vertex 59.5913 107 111.825
      vertex 59.5913 102 111.825
    endloop
  endfacet
  facet normal 0.965848 -0 0.25911
    outer loop
      vertex 59.1319 102 112.81
      vertex 59.2266 107 112.457
      vertex 59.1319 107 112.81
    endloop
  endfacet
  facet normal 0.965848 0 0.25911
    outer loop
      vertex 59.2266 107 112.457
      vertex 59.1319 102 112.81
      vertex 59.2266 102 112.457
    endloop
  endfacet
  facet normal -0.0874075 3.73887e-19 0.996173
    outer loop
      vertex 61.2 107 111.075
      vertex 61.5647 102 111.107
      vertex 61.5647 107 111.107
    endloop
  endfacet
  facet normal -0.0874075 3.73887e-19 0.996173
    outer loop
      vertex 61.5647 102 111.107
      vertex 61.2 107 111.075
      vertex 61.2 102 111.075
    endloop
  endfacet
  facet normal -0.0874075 2.16096e-19 -0.996173
    outer loop
      vertex 61.2 102 115.275
      vertex 61.5647 107 115.243
      vertex 61.5647 102 115.243
    endloop
  endfacet
  facet normal -0.0874075 2.16096e-19 -0.996173
    outer loop
      vertex 61.5647 107 115.243
      vertex 61.2 102 115.275
      vertex 61.2 107 115.275
    endloop
  endfacet
  facet normal -0.420999 1.70427e-18 -0.907061
    outer loop
      vertex 61.9182 102 115.148
      vertex 62.25 107 114.994
      vertex 62.25 102 114.994
    endloop
  endfacet
  facet normal -0.420999 1.70427e-18 -0.907061
    outer loop
      vertex 62.25 107 114.994
      vertex 61.9182 102 115.148
      vertex 61.9182 107 115.148
    endloop
  endfacet
  facet normal 0.965848 0 -0.25911
    outer loop
      vertex 59.2266 102 113.893
      vertex 59.1319 107 113.54
      vertex 59.2266 107 113.893
    endloop
  endfacet
  facet normal 0.965848 0 -0.25911
    outer loop
      vertex 59.1319 107 113.54
      vertex 59.2266 102 113.893
      vertex 59.1319 102 113.54
    endloop
  endfacet
  facet normal 0.259533 -1.22366e-18 -0.965734
    outer loop
      vertex 60.4818 102 115.148
      vertex 60.8353 107 115.243
      vertex 60.8353 102 115.243
    endloop
  endfacet
  facet normal 0.259533 -1.22366e-18 -0.965734
    outer loop
      vertex 60.8353 107 115.243
      vertex 60.4818 102 115.148
      vertex 60.4818 107 115.148
    endloop
  endfacet
  facet normal 0.573591 2.75037e-18 -0.819142
    outer loop
      vertex 59.8501 102 114.784
      vertex 60.15 107 114.994
      vertex 60.15 102 114.994
    endloop
  endfacet
  facet normal 0.573591 2.75037e-18 -0.819142
    outer loop
      vertex 60.15 107 114.994
      vertex 59.8501 102 114.784
      vertex 59.8501 107 114.784
    endloop
  endfacet
  facet normal 0.70738 0 -0.706834
    outer loop
      vertex 59.8501 102 114.784
      vertex 59.5913 107 114.525
      vertex 59.8501 107 114.784
    endloop
  endfacet
  facet normal 0.70738 0 -0.706834
    outer loop
      vertex 59.5913 107 114.525
      vertex 59.8501 102 114.784
      vertex 59.5913 102 114.525
    endloop
  endfacet
  facet normal 0.996203 -0 0.0870654
    outer loop
      vertex 59.1 102 113.175
      vertex 59.1319 107 112.81
      vertex 59.1 107 113.175
    endloop
  endfacet
  facet normal 0.996203 0 0.0870654
    outer loop
      vertex 59.1319 107 112.81
      vertex 59.1 102 113.175
      vertex 59.1319 102 112.81
    endloop
  endfacet
  facet normal -0.906427 0 0.422362
    outer loop
      vertex 63.0187 102 112.125
      vertex 63.1734 107 112.457
      vertex 63.0187 107 112.125
    endloop
  endfacet
  facet normal -0.906427 0 0.422362
    outer loop
      vertex 63.1734 107 112.457
      vertex 63.0187 102 112.125
      vertex 63.1734 102 112.457
    endloop
  endfacet
  facet normal -0.819232 0 0.573462
    outer loop
      vertex 62.8087 102 111.825
      vertex 63.0187 107 112.125
      vertex 62.8087 107 111.825
    endloop
  endfacet
  facet normal -0.819232 0 0.573462
    outer loop
      vertex 63.0187 107 112.125
      vertex 62.8087 102 111.825
      vertex 63.0187 102 112.125
    endloop
  endfacet
  facet normal -0.420999 -1.70427e-18 0.907061
    outer loop
      vertex 61.9182 107 111.202
      vertex 62.25 102 111.356
      vertex 62.25 107 111.356
    endloop
  endfacet
  facet normal -0.420999 -1.70427e-18 0.907061
    outer loop
      vertex 62.25 102 111.356
      vertex 61.9182 107 111.202
      vertex 61.9182 102 111.202
    endloop
  endfacet
  facet normal -0.573591 2.01003e-18 0.819142
    outer loop
      vertex 62.25 107 111.356
      vertex 62.5499 102 111.566
      vertex 62.5499 107 111.566
    endloop
  endfacet
  facet normal -0.573591 2.01003e-18 0.819142
    outer loop
      vertex 62.5499 102 111.566
      vertex 62.25 107 111.356
      vertex 62.25 102 111.356
    endloop
  endfacet
  facet normal -0.906427 0 -0.422362
    outer loop
      vertex 63.1734 102 113.893
      vertex 63.0187 107 114.225
      vertex 63.1734 107 113.893
    endloop
  endfacet
  facet normal -0.906427 -0 -0.422362
    outer loop
      vertex 63.0187 107 114.225
      vertex 63.1734 102 113.893
      vertex 63.0187 102 114.225
    endloop
  endfacet
  facet normal -0.965848 0 -0.25911
    outer loop
      vertex 63.2681 102 113.54
      vertex 63.1734 107 113.893
      vertex 63.2681 107 113.54
    endloop
  endfacet
  facet normal -0.965848 -0 -0.25911
    outer loop
      vertex 63.1734 107 113.893
      vertex 63.2681 102 113.54
      vertex 63.1734 102 113.893
    endloop
  endfacet
  facet normal 0.259533 1.22366e-18 0.965734
    outer loop
      vertex 60.4818 107 111.202
      vertex 60.8353 102 111.107
      vertex 60.8353 107 111.107
    endloop
  endfacet
  facet normal 0.259533 1.22366e-18 0.965734
    outer loop
      vertex 60.8353 102 111.107
      vertex 60.4818 107 111.202
      vertex 60.4818 102 111.202
    endloop
  endfacet
  facet normal 0.819232 -0 0.573462
    outer loop
      vertex 59.3813 102 112.125
      vertex 59.5913 107 111.825
      vertex 59.3813 107 112.125
    endloop
  endfacet
  facet normal 0.819232 0 0.573462
    outer loop
      vertex 59.5913 107 111.825
      vertex 59.3813 102 112.125
      vertex 59.5913 102 111.825
    endloop
  endfacet
  facet normal 0.906427 -0 0.422362
    outer loop
      vertex 59.2266 102 112.457
      vertex 59.3813 107 112.125
      vertex 59.2266 107 112.457
    endloop
  endfacet
  facet normal 0.906427 0 0.422362
    outer loop
      vertex 59.3813 107 112.125
      vertex 59.2266 102 112.457
      vertex 59.3813 102 112.125
    endloop
  endfacet
  facet normal -0.70738 2.7872e-18 0.706834
    outer loop
      vertex 62.5499 107 111.566
      vertex 62.8087 102 111.825
      vertex 62.8087 107 111.825
    endloop
  endfacet
  facet normal -0.70738 2.7872e-18 0.706834
    outer loop
      vertex 62.8087 102 111.825
      vertex 62.5499 107 111.566
      vertex 62.5499 102 111.566
    endloop
  endfacet
  facet normal 0.573591 -2.01003e-18 0.819142
    outer loop
      vertex 59.8501 107 111.566
      vertex 60.15 102 111.356
      vertex 60.15 107 111.356
    endloop
  endfacet
  facet normal 0.573591 -2.01003e-18 0.819142
    outer loop
      vertex 60.15 102 111.356
      vertex 59.8501 107 111.566
      vertex 59.8501 102 111.566
    endloop
  endfacet
  facet normal 0.420999 1.70427e-18 0.907061
    outer loop
      vertex 60.15 107 111.356
      vertex 60.4818 102 111.202
      vertex 60.4818 107 111.202
    endloop
  endfacet
  facet normal 0.420999 1.70427e-18 0.907061
    outer loop
      vertex 60.4818 102 111.202
      vertex 60.15 107 111.356
      vertex 60.15 102 111.356
    endloop
  endfacet
  facet normal 0.0874075 -3.05403e-19 0.996173
    outer loop
      vertex 60.8353 107 111.107
      vertex 61.2 102 111.075
      vertex 61.2 107 111.075
    endloop
  endfacet
  facet normal 0.0874075 -3.05403e-19 0.996173
    outer loop
      vertex 61.2 102 111.075
      vertex 60.8353 107 111.107
      vertex 60.8353 102 111.107
    endloop
  endfacet
  facet normal -0.996203 0 -0.0870654
    outer loop
      vertex 63.3 102 145.175
      vertex 63.2681 107 145.54
      vertex 63.3 107 145.175
    endloop
  endfacet
  facet normal -0.996203 -0 -0.0870654
    outer loop
      vertex 63.2681 107 145.54
      vertex 63.3 102 145.175
      vertex 63.2681 102 145.54
    endloop
  endfacet
  facet normal -0.965848 0 0.25911
    outer loop
      vertex 63.1734 102 144.457
      vertex 63.2681 107 144.81
      vertex 63.1734 107 144.457
    endloop
  endfacet
  facet normal -0.965848 0 0.25911
    outer loop
      vertex 63.2681 107 144.81
      vertex 63.1734 102 144.457
      vertex 63.2681 102 144.81
    endloop
  endfacet
  facet normal -0.258514 0 -0.966007
    outer loop
      vertex 61.8188 101.4 147.175
      vertex 61.5647 101.4 147.243
      vertex 61.8188 102 147.175
    endloop
  endfacet
  facet normal -0.262131 -2.98924e-19 -0.965032
    outer loop
      vertex 61.8188 102 147.175
      vertex 61.9182 107 147.148
      vertex 61.9182 102 147.148
    endloop
  endfacet
  facet normal -0.258514 -0 -0.966007
    outer loop
      vertex 61.5647 107 147.243
      vertex 61.8188 102 147.175
      vertex 61.5647 101.4 147.243
    endloop
  endfacet
  facet normal -0.259533 -5.5458e-05 -0.965734
    outer loop
      vertex 61.8188 102 147.175
      vertex 61.5647 107 147.243
      vertex 61.9182 107 147.148
    endloop
  endfacet
  facet normal 0.420999 -1.70427e-18 -0.907061
    outer loop
      vertex 60.15 102 146.994
      vertex 60.4818 107 147.148
      vertex 60.4818 102 147.148
    endloop
  endfacet
  facet normal 0.420999 -1.70427e-18 -0.907061
    outer loop
      vertex 60.4818 107 147.148
      vertex 60.15 102 146.994
      vertex 60.15 107 146.994
    endloop
  endfacet
  facet normal 0.906427 0 -0.422362
    outer loop
      vertex 59.3813 102 146.225
      vertex 59.2266 107 145.893
      vertex 59.3813 107 146.225
    endloop
  endfacet
  facet normal 0.906427 0 -0.422362
    outer loop
      vertex 59.2266 107 145.893
      vertex 59.3813 102 146.225
      vertex 59.2266 102 145.893
    endloop
  endfacet
  facet normal -0.259533 -1.22366e-18 0.965734
    outer loop
      vertex 61.5647 107 143.107
      vertex 61.9182 102 143.202
      vertex 61.9182 107 143.202
    endloop
  endfacet
  facet normal -0.259533 -1.22366e-18 0.965734
    outer loop
      vertex 61.9182 102 143.202
      vertex 61.5647 107 143.107
      vertex 61.5647 102 143.107
    endloop
  endfacet
  facet normal -0.996203 0 0.0870654
    outer loop
      vertex 63.2681 102 144.81
      vertex 63.3 107 145.175
      vertex 63.2681 107 144.81
    endloop
  endfacet
  facet normal -0.996203 0 0.0870654
    outer loop
      vertex 63.3 107 145.175
      vertex 63.2681 102 144.81
      vertex 63.3 102 145.175
    endloop
  endfacet
  facet normal -0.819232 0 -0.573462
    outer loop
      vertex 63.0187 102 146.225
      vertex 62.8087 107 146.525
      vertex 63.0187 107 146.225
    endloop
  endfacet
  facet normal -0.819232 -0 -0.573462
    outer loop
      vertex 62.8087 107 146.525
      vertex 63.0187 102 146.225
      vertex 62.8087 102 146.525
    endloop
  endfacet
  facet normal -0.573591 -2.01003e-18 -0.819142
    outer loop
      vertex 62.25 102 146.994
      vertex 62.5499 107 146.784
      vertex 62.5499 102 146.784
    endloop
  endfacet
  facet normal -0.573591 -2.01003e-18 -0.819142
    outer loop
      vertex 62.5499 107 146.784
      vertex 62.25 102 146.994
      vertex 62.25 107 146.994
    endloop
  endfacet
  facet normal -0.70738 0 -0.706834
    outer loop
      vertex 62.8087 102 146.525
      vertex 62.5499 107 146.784
      vertex 62.8087 107 146.525
    endloop
  endfacet
  facet normal -0.70738 -0 -0.706834
    outer loop
      vertex 62.5499 107 146.784
      vertex 62.8087 102 146.525
      vertex 62.5499 102 146.784
    endloop
  endfacet
  facet normal 0.0874075 -2.53676e-19 -0.996173
    outer loop
      vertex 60.8353 101.4 147.243
      vertex 61.2 107 147.275
      vertex 61.2 101.4 147.275
    endloop
  endfacet
  facet normal 0.0874075 -2.53676e-19 -0.996173
    outer loop
      vertex 61.2 107 147.275
      vertex 60.8353 101.4 147.243
      vertex 60.8353 107 147.243
    endloop
  endfacet
  facet normal 0.996203 0 -0.0870654
    outer loop
      vertex 59.1319 102 145.54
      vertex 59.1 107 145.175
      vertex 59.1319 107 145.54
    endloop
  endfacet
  facet normal 0.996203 0 -0.0870654
    outer loop
      vertex 59.1 107 145.175
      vertex 59.1319 102 145.54
      vertex 59.1 102 145.175
    endloop
  endfacet
  facet normal 0.819232 0 -0.573462
    outer loop
      vertex 59.5913 102 146.525
      vertex 59.3813 107 146.225
      vertex 59.5913 107 146.525
    endloop
  endfacet
  facet normal 0.819232 0 -0.573462
    outer loop
      vertex 59.3813 107 146.225
      vertex 59.5913 102 146.525
      vertex 59.3813 102 146.225
    endloop
  endfacet
  facet normal 0.70738 -2.87233e-18 0.706834
    outer loop
      vertex 59.5913 107 143.825
      vertex 59.8501 102 143.566
      vertex 59.8501 107 143.566
    endloop
  endfacet
  facet normal 0.70738 -2.87233e-18 0.706834
    outer loop
      vertex 59.8501 102 143.566
      vertex 59.5913 107 143.825
      vertex 59.5913 102 143.825
    endloop
  endfacet
  facet normal 0.965848 -0 0.25911
    outer loop
      vertex 59.1319 102 144.81
      vertex 59.2266 107 144.457
      vertex 59.1319 107 144.81
    endloop
  endfacet
  facet normal 0.965848 0 0.25911
    outer loop
      vertex 59.2266 107 144.457
      vertex 59.1319 102 144.81
      vertex 59.2266 102 144.457
    endloop
  endfacet
  facet normal -0.0874075 -2.16096e-19 0.996173
    outer loop
      vertex 61.2 107 143.075
      vertex 61.5647 102 143.107
      vertex 61.5647 107 143.107
    endloop
  endfacet
  facet normal -0.0874075 -2.16096e-19 0.996173
    outer loop
      vertex 61.5647 102 143.107
      vertex 61.2 107 143.075
      vertex 61.2 102 143.075
    endloop
  endfacet
  facet normal -0.0874075 1.92943e-19 -0.996173
    outer loop
      vertex 61.2 101.4 147.275
      vertex 61.5647 107 147.243
      vertex 61.5647 101.4 147.243
    endloop
  endfacet
  facet normal -0.0874075 1.92943e-19 -0.996173
    outer loop
      vertex 61.5647 107 147.243
      vertex 61.2 101.4 147.275
      vertex 61.2 107 147.275
    endloop
  endfacet
  facet normal -0.420999 1.70427e-18 -0.907061
    outer loop
      vertex 61.9182 102 147.148
      vertex 62.25 107 146.994
      vertex 62.25 102 146.994
    endloop
  endfacet
  facet normal -0.420999 1.70427e-18 -0.907061
    outer loop
      vertex 62.25 107 146.994
      vertex 61.9182 102 147.148
      vertex 61.9182 107 147.148
    endloop
  endfacet
  facet normal 0 1 0
    outer loop
      vertex 61.8188 101.4 147.175
      vertex 61.2 101.4 147.275
      vertex 61.5647 101.4 147.243
    endloop
  endfacet
  facet normal 0 1 0
    outer loop
      vertex 60.5812 101.4 147.175
      vertex 61.2 101.4 147.275
      vertex 61.8188 101.4 147.175
    endloop
  endfacet
  facet normal 0 1 0
    outer loop
      vertex 61.2 101.4 147.275
      vertex 60.5812 101.4 147.175
      vertex 60.8353 101.4 147.243
    endloop
  endfacet
  facet normal 0.965848 0 -0.25911
    outer loop
      vertex 59.2266 102 145.893
      vertex 59.1319 107 145.54
      vertex 59.2266 107 145.893
    endloop
  endfacet
  facet normal 0.965848 0 -0.25911
    outer loop
      vertex 59.1319 107 145.54
      vertex 59.2266 102 145.893
      vertex 59.1319 102 145.54
    endloop
  endfacet
  facet normal 0.258514 0 -0.966007
    outer loop
      vertex 60.5812 102 147.175
      vertex 60.8353 101.4 147.243
      vertex 60.5812 101.4 147.175
    endloop
  endfacet
  facet normal 0.258514 0 -0.966007
    outer loop
      vertex 60.8353 101.4 147.243
      vertex 60.5812 102 147.175
      vertex 60.8353 107 147.243
    endloop
  endfacet
  facet normal 0.262131 0 -0.965032
    outer loop
      vertex 60.4818 107 147.148
      vertex 60.5812 102 147.175
      vertex 60.4818 102 147.148
    endloop
  endfacet
  facet normal 0.259533 -5.5458e-05 -0.965734
    outer loop
      vertex 60.5812 102 147.175
      vertex 60.4818 107 147.148
      vertex 60.8353 107 147.243
    endloop
  endfacet
  facet normal 0.573591 2.01003e-18 -0.819142
    outer loop
      vertex 59.8501 102 146.784
      vertex 60.15 107 146.994
      vertex 60.15 102 146.994
    endloop
  endfacet
  facet normal 0.573591 2.01003e-18 -0.819142
    outer loop
      vertex 60.15 107 146.994
      vertex 59.8501 102 146.784
      vertex 59.8501 107 146.784
    endloop
  endfacet
  facet normal 0.70738 0 -0.706834
    outer loop
      vertex 59.8501 102 146.784
      vertex 59.5913 107 146.525
      vertex 59.8501 107 146.784
    endloop
  endfacet
  facet normal 0.70738 0 -0.706834
    outer loop
      vertex 59.5913 107 146.525
      vertex 59.8501 102 146.784
      vertex 59.5913 102 146.525
    endloop
  endfacet
  facet normal 0.996203 -0 0.0870654
    outer loop
      vertex 59.1 102 145.175
      vertex 59.1319 107 144.81
      vertex 59.1 107 145.175
    endloop
  endfacet
  facet normal 0.996203 0 0.0870654
    outer loop
      vertex 59.1319 107 144.81
      vertex 59.1 102 145.175
      vertex 59.1319 102 144.81
    endloop
  endfacet
  facet normal -0.906427 0 0.422362
    outer loop
      vertex 63.0187 102 144.125
      vertex 63.1734 107 144.457
      vertex 63.0187 107 144.125
    endloop
  endfacet
  facet normal -0.906427 0 0.422362
    outer loop
      vertex 63.1734 107 144.457
      vertex 63.0187 102 144.125
      vertex 63.1734 102 144.457
    endloop
  endfacet
  facet normal -0.819232 0 0.573462
    outer loop
      vertex 62.8087 102 143.825
      vertex 63.0187 107 144.125
      vertex 62.8087 107 143.825
    endloop
  endfacet
  facet normal -0.819232 0 0.573462
    outer loop
      vertex 63.0187 107 144.125
      vertex 62.8087 102 143.825
      vertex 63.0187 102 144.125
    endloop
  endfacet
  facet normal -0.420999 -1.70427e-18 0.907061
    outer loop
      vertex 61.9182 107 143.202
      vertex 62.25 102 143.356
      vertex 62.25 107 143.356
    endloop
  endfacet
  facet normal -0.420999 -1.70427e-18 0.907061
    outer loop
      vertex 62.25 102 143.356
      vertex 61.9182 107 143.202
      vertex 61.9182 102 143.202
    endloop
  endfacet
  facet normal -0.573591 2.01003e-18 0.819142
    outer loop
      vertex 62.25 107 143.356
      vertex 62.5499 102 143.566
      vertex 62.5499 107 143.566
    endloop
  endfacet
  facet normal -0.573591 2.01003e-18 0.819142
    outer loop
      vertex 62.5499 102 143.566
      vertex 62.25 107 143.356
      vertex 62.25 102 143.356
    endloop
  endfacet
  facet normal -0.906427 0 -0.422362
    outer loop
      vertex 63.1734 102 145.893
      vertex 63.0187 107 146.225
      vertex 63.1734 107 145.893
    endloop
  endfacet
  facet normal -0.906427 -0 -0.422362
    outer loop
      vertex 63.0187 107 146.225
      vertex 63.1734 102 145.893
      vertex 63.0187 102 146.225
    endloop
  endfacet
  facet normal -0.965848 0 -0.25911
    outer loop
      vertex 63.2681 102 145.54
      vertex 63.1734 107 145.893
      vertex 63.2681 107 145.54
    endloop
  endfacet
  facet normal -0.965848 -0 -0.25911
    outer loop
      vertex 63.1734 107 145.893
      vertex 63.2681 102 145.54
      vertex 63.1734 102 145.893
    endloop
  endfacet
  facet normal 0.259533 1.22366e-18 0.965734
    outer loop
      vertex 60.4818 107 143.202
      vertex 60.8353 102 143.107
      vertex 60.8353 107 143.107
    endloop
  endfacet
  facet normal 0.259533 1.22366e-18 0.965734
    outer loop
      vertex 60.8353 102 143.107
      vertex 60.4818 107 143.202
      vertex 60.4818 102 143.202
    endloop
  endfacet
  facet normal 0.819232 -0 0.573462
    outer loop
      vertex 59.3813 102 144.125
      vertex 59.5913 107 143.825
      vertex 59.3813 107 144.125
    endloop
  endfacet
  facet normal 0.819232 0 0.573462
    outer loop
      vertex 59.5913 107 143.825
      vertex 59.3813 102 144.125
      vertex 59.5913 102 143.825
    endloop
  endfacet
  facet normal 0.906427 -0 0.422362
    outer loop
      vertex 59.2266 102 144.457
      vertex 59.3813 107 144.125
      vertex 59.2266 107 144.457
    endloop
  endfacet
  facet normal 0.906427 0 0.422362
    outer loop
      vertex 59.3813 107 144.125
      vertex 59.2266 102 144.457
      vertex 59.3813 102 144.125
    endloop
  endfacet
  facet normal -0.70738 2.87233e-18 0.706834
    outer loop
      vertex 62.5499 107 143.566
      vertex 62.8087 102 143.825
      vertex 62.8087 107 143.825
    endloop
  endfacet
  facet normal -0.70738 2.87233e-18 0.706834
    outer loop
      vertex 62.8087 102 143.825
      vertex 62.5499 107 143.566
      vertex 62.5499 102 143.566
    endloop
  endfacet
  facet normal 0.573591 -2.01003e-18 0.819142
    outer loop
      vertex 59.8501 107 143.566
      vertex 60.15 102 143.356
      vertex 60.15 107 143.356
    endloop
  endfacet
  facet normal 0.573591 -2.01003e-18 0.819142
    outer loop
      vertex 60.15 102 143.356
      vertex 59.8501 107 143.566
      vertex 59.8501 102 143.566
    endloop
  endfacet
  facet normal 0.420999 1.70427e-18 0.907061
    outer loop
      vertex 60.15 107 143.356
      vertex 60.4818 102 143.202
      vertex 60.4818 107 143.202
    endloop
  endfacet
  facet normal 0.420999 1.70427e-18 0.907061
    outer loop
      vertex 60.4818 102 143.202
      vertex 60.15 107 143.356
      vertex 60.15 102 143.356
    endloop
  endfacet
  facet normal 0.0874075 2.84117e-19 0.996173
    outer loop
      vertex 60.8353 107 143.107
      vertex 61.2 102 143.075
      vertex 61.2 107 143.075
    endloop
  endfacet
  facet normal 0.0874075 2.84117e-19 0.996173
    outer loop
      vertex 61.2 102 143.075
      vertex 60.8353 107 143.107
      vertex 60.8353 102 143.107
    endloop
  endfacet
  facet normal -0.999464 0 -0.0327335
    outer loop
      vertex 59.2 102 129.175
      vertex 59.17 105 130.091
      vertex 59.2 105 129.175
    endloop
  endfacet
  facet normal -0.999464 -0 -0.0327335
    outer loop
      vertex 59.17 105 130.091
      vertex 59.2 102 129.175
      vertex 59.17 102 130.091
    endloop
  endfacet
  facet normal -0.634313 4.13305e-18 -0.773076
    outer loop
      vertex 53.7227 102 140.282
      vertex 54.4308 105 139.701
      vertex 54.4308 102 139.701
    endloop
  endfacet
  facet normal -0.634313 4.13305e-18 -0.773076
    outer loop
      vertex 54.4308 105 139.701
      vertex 53.7227 102 140.282
      vertex 53.7227 105 140.282
    endloop
  endfacet
  facet normal 0.412651 -7.18045e-18 -0.910889
    outer loop
      vertex 39.008 102 141.731
      vertex 39.8424 105 142.109
      vertex 39.8424 102 142.109
    endloop
  endfacet
  facet normal 0.412651 -7.18045e-18 -0.910889
    outer loop
      vertex 39.8424 105 142.109
      vertex 39.008 102 141.731
      vertex 39.008 105 141.731
    endloop
  endfacet
  facet normal -0.956859 0 -0.290553
    outer loop
      vertex 58.723 102 132.799
      vertex 58.457 105 133.675
      vertex 58.723 105 132.799
    endloop
  endfacet
  facet normal -0.956859 -0 -0.290553
    outer loop
      vertex 58.457 105 133.675
      vertex 58.723 102 132.799
      vertex 58.457 102 133.675
    endloop
  endfacet
  facet normal 0.227043 -3.45177e-18 -0.973885
    outer loop
      vertex 41.5765 102 142.698
      vertex 42.4687 105 142.906
      vertex 42.4687 102 142.906
    endloop
  endfacet
  facet normal 0.227043 -3.45177e-18 -0.973885
    outer loop
      vertex 42.4687 105 142.906
      vertex 41.5765 102 142.698
      vertex 41.5765 105 142.698
    endloop
  endfacet
  facet normal 0.91096 -0 0.412496
    outer loop
      vertex 32.2657 102 123.818
      vertex 32.6438 105 122.983
      vertex 32.2657 105 123.818
    endloop
  endfacet
  facet normal 0.91096 0 0.412496
    outer loop
      vertex 32.6438 105 122.983
      vertex 32.2657 102 123.818
      vertex 32.6438 102 122.983
    endloop
  endfacet
  facet normal -0.995187 0 -0.097991
    outer loop
      vertex 59.17 102 130.091
      vertex 59.0802 105 131.003
      vertex 59.17 105 130.091
    endloop
  endfacet
  facet normal -0.995187 -0 -0.097991
    outer loop
      vertex 59.0802 105 131.003
      vertex 59.17 102 130.091
      vertex 59.0802 102 131.003
    endloop
  endfacet
  facet normal -0.97393 0 -0.22685
    outer loop
      vertex 58.931 102 131.906
      vertex 58.723 105 132.799
      vertex 58.931 105 131.906
    endloop
  endfacet
  facet normal -0.97393 -0 -0.22685
    outer loop
      vertex 58.723 105 132.799
      vertex 58.931 102 131.906
      vertex 58.723 102 132.799
    endloop
  endfacet
  facet normal -0.812929 0 -0.582363
    outer loop
      vertex 56.8406 102 136.953
      vertex 56.3069 105 137.698
      vertex 56.8406 105 136.953
    endloop
  endfacet
  facet normal -0.812929 -0 -0.582363
    outer loop
      vertex 56.3069 105 137.698
      vertex 56.8406 102 136.953
      vertex 56.3069 102 137.698
    endloop
  endfacet
  facet normal -0.88196 0 -0.471325
    outer loop
      vertex 57.7562 102 135.367
      vertex 57.3244 105 136.175
      vertex 57.7562 105 135.367
    endloop
  endfacet
  facet normal -0.88196 -0 -0.471325
    outer loop
      vertex 57.3244 105 136.175
      vertex 57.7562 102 135.367
      vertex 57.3244 102 136.175
    endloop
  endfacet
  facet normal -0.683414 2.89006e-18 -0.730031
    outer loop
      vertex 54.4308 102 139.701
      vertex 55.0995 105 139.075
      vertex 55.0995 102 139.075
    endloop
  endfacet
  facet normal -0.683414 2.89006e-18 -0.730031
    outer loop
      vertex 55.0995 105 139.075
      vertex 54.4308 102 139.701
      vertex 54.4308 105 139.701
    endloop
  endfacet
  facet normal -0.527444 8.18911e-19 -0.84959
    outer loop
      vertex 52.2 102 141.299
      vertex 52.978 105 140.816
      vertex 52.978 102 140.816
    endloop
  endfacet
  facet normal -0.527444 8.18911e-19 -0.84959
    outer loop
      vertex 52.978 105 140.816
      vertex 52.2 102 141.299
      vertex 52.2 105 141.299
    endloop
  endfacet
  facet normal 0.0327478 -2.3177e-19 -0.999464
    outer loop
      vertex 44.2844 102 143.145
      vertex 45.2 105 143.175
      vertex 45.2 102 143.175
    endloop
  endfacet
  facet normal 0.0327478 -2.3177e-19 -0.999464
    outer loop
      vertex 45.2 105 143.175
      vertex 44.2844 102 143.145
      vertex 44.2844 105 143.145
    endloop
  endfacet
  facet normal -0.0327478 -3.23616e-19 -0.999464
    outer loop
      vertex 45.2 102 143.175
      vertex 46.1156 105 143.145
      vertex 46.1156 102 143.145
    endloop
  endfacet
  facet normal -0.0327478 -3.23616e-19 -0.999464
    outer loop
      vertex 46.1156 105 143.145
      vertex 45.2 102 143.175
      vertex 45.2 105 143.175
    endloop
  endfacet
  facet normal -0.290341 -2.20411e-18 -0.956923
    outer loop
      vertex 48.8235 102 142.698
      vertex 49.7002 105 142.432
      vertex 49.7002 102 142.432
    endloop
  endfacet
  facet normal -0.290341 -2.20411e-18 -0.956923
    outer loop
      vertex 49.7002 105 142.432
      vertex 48.8235 102 142.698
      vertex 48.8235 105 142.698
    endloop
  endfacet
  facet normal -0.162646 4.87701e-18 -0.986684
    outer loop
      vertex 47.0274 102 143.055
      vertex 47.9313 105 142.906
      vertex 47.9313 102 142.906
    endloop
  endfacet
  facet normal -0.162646 4.87701e-18 -0.986684
    outer loop
      vertex 47.9313 105 142.906
      vertex 47.0274 102 143.055
      vertex 47.0274 105 143.055
    endloop
  endfacet
  facet normal 0.999463 -0 0.0327693
    outer loop
      vertex 31.2 102 129.175
      vertex 31.23 105 128.26
      vertex 31.2 105 129.175
    endloop
  endfacet
  facet normal 0.999463 0 0.0327693
    outer loop
      vertex 31.23 105 128.26
      vertex 31.2 102 129.175
      vertex 31.23 102 128.26
    endloop
  endfacet
  facet normal 0.956859 0 -0.290553
    outer loop
      vertex 31.943 102 133.675
      vertex 31.677 105 132.799
      vertex 31.943 105 133.675
    endloop
  endfacet
  facet normal 0.956859 0 -0.290553
    outer loop
      vertex 31.677 105 132.799
      vertex 31.943 102 133.675
      vertex 31.677 102 132.799
    endloop
  endfacet
  facet normal 0.986623 0 -0.163017
    outer loop
      vertex 31.469 102 131.906
      vertex 31.3198 105 131.003
      vertex 31.469 105 131.906
    endloop
  endfacet
  facet normal 0.986623 0 -0.163017
    outer loop
      vertex 31.3198 105 131.003
      vertex 31.469 102 131.906
      vertex 31.3198 102 131.003
    endloop
  endfacet
  facet normal 0.849198 0 -0.528075
    outer loop
      vertex 33.5594 102 136.953
      vertex 33.0756 105 136.175
      vertex 33.5594 105 136.953
    endloop
  endfacet
  facet normal 0.849198 0 -0.528075
    outer loop
      vertex 33.0756 105 136.175
      vertex 33.5594 102 136.953
      vertex 33.0756 102 136.175
    endloop
  endfacet
  facet normal 0.772979 0 -0.634432
    outer loop
      vertex 34.6742 102 138.406
      vertex 34.0931 105 137.698
      vertex 34.6742 105 138.406
    endloop
  endfacet
  facet normal 0.772979 0 -0.634432
    outer loop
      vertex 34.0931 105 137.698
      vertex 34.6742 102 138.406
      vertex 34.0931 102 137.698
    endloop
  endfacet
  facet normal 0.582734 3.76636e-18 -0.812663
    outer loop
      vertex 36.6773 102 140.282
      vertex 37.422 105 140.816
      vertex 37.422 102 140.816
    endloop
  endfacet
  facet normal 0.582734 3.76636e-18 -0.812663
    outer loop
      vertex 37.422 105 140.816
      vertex 36.6773 102 140.282
      vertex 36.6773 105 140.282
    endloop
  endfacet
  facet normal 0.527444 2.74286e-18 -0.84959
    outer loop
      vertex 37.422 102 140.816
      vertex 38.2 105 141.299
      vertex 38.2 102 141.299
    endloop
  endfacet
  facet normal 0.527444 2.74286e-18 -0.84959
    outer loop
      vertex 38.2 105 141.299
      vertex 37.422 102 140.816
      vertex 37.422 105 140.816
    endloop
  endfacet
  facet normal -0.956951 0 0.29025
    outer loop
      vertex 58.457 102 124.675
      vertex 58.723 105 125.552
      vertex 58.457 105 124.675
    endloop
  endfacet
  facet normal -0.956951 0 0.29025
    outer loop
      vertex 58.723 105 125.552
      vertex 58.457 102 124.675
      vertex 58.723 102 125.552
    endloop
  endfacet
  facet normal -0.772979 0 0.634432
    outer loop
      vertex 55.7258 102 119.944
      vertex 56.3069 105 120.652
      vertex 55.7258 105 119.944
    endloop
  endfacet
  facet normal -0.772979 0 0.634432
    outer loop
      vertex 56.3069 105 120.652
      vertex 55.7258 102 119.944
      vertex 56.3069 102 120.652
    endloop
  endfacet
  facet normal -0.0327478 3.23616e-19 0.999464
    outer loop
      vertex 45.2 105 115.175
      vertex 46.1156 102 115.205
      vertex 46.1156 105 115.205
    endloop
  endfacet
  facet normal -0.0327478 3.23616e-19 0.999464
    outer loop
      vertex 46.1156 102 115.205
      vertex 45.2 105 115.175
      vertex 45.2 102 115.175
    endloop
  endfacet
  facet normal 0.352534 -2.13001e-18 0.935799
    outer loop
      vertex 39.8424 105 116.241
      vertex 40.6998 102 115.918
      vertex 40.6998 105 115.918
    endloop
  endfacet
  facet normal 0.352534 -2.13001e-18 0.935799
    outer loop
      vertex 40.6998 102 115.918
      vertex 39.8424 105 116.241
      vertex 39.8424 102 116.241
    endloop
  endfacet
  facet normal 0.812929 -0 0.582363
    outer loop
      vertex 33.5594 102 121.397
      vertex 34.0931 105 120.652
      vertex 33.5594 105 121.397
    endloop
  endfacet
  facet normal 0.812929 0 0.582363
    outer loop
      vertex 34.0931 105 120.652
      vertex 33.5594 102 121.397
      vertex 34.0931 102 120.652
    endloop
  endfacet
  facet normal -0.986623 0 -0.163017
    outer loop
      vertex 59.0802 102 131.003
      vertex 58.931 105 131.906
      vertex 59.0802 105 131.003
    endloop
  endfacet
  facet normal -0.986623 -0 -0.163017
    outer loop
      vertex 58.931 105 131.906
      vertex 59.0802 102 131.003
      vertex 58.931 102 131.906
    endloop
  endfacet
  facet normal -0.582734 3.3424e-18 -0.812663
    outer loop
      vertex 52.978 102 140.816
      vertex 53.7227 105 140.282
      vertex 53.7227 102 140.282
    endloop
  endfacet
  facet normal -0.582734 3.3424e-18 -0.812663
    outer loop
      vertex 53.7227 105 140.282
      vertex 52.978 102 140.816
      vertex 52.978 105 140.816
    endloop
  endfacet
  facet normal -0.471494 -6.60688e-18 -0.881869
    outer loop
      vertex 51.392 102 141.731
      vertex 52.2 105 141.299
      vertex 52.2 102 141.299
    endloop
  endfacet
  facet normal -0.471494 -6.60688e-18 -0.881869
    outer loop
      vertex 52.2 105 141.299
      vertex 51.392 102 141.731
      vertex 51.392 105 141.731
    endloop
  endfacet
  facet normal -0.227043 -4.14213e-18 -0.973885
    outer loop
      vertex 47.9313 102 142.906
      vertex 48.8235 105 142.698
      vertex 48.8235 102 142.698
    endloop
  endfacet
  facet normal -0.227043 -4.14213e-18 -0.973885
    outer loop
      vertex 48.8235 105 142.698
      vertex 47.9313 102 142.906
      vertex 47.9313 105 142.906
    endloop
  endfacet
  facet normal 0.97393 0 -0.22685
    outer loop
      vertex 31.677 102 132.799
      vertex 31.469 105 131.906
      vertex 31.677 105 132.799
    endloop
  endfacet
  facet normal 0.97393 0 -0.22685
    outer loop
      vertex 31.469 105 131.906
      vertex 31.677 102 132.799
      vertex 31.469 102 131.906
    endloop
  endfacet
  facet normal 0.995187 0 -0.097991
    outer loop
      vertex 31.3198 102 131.003
      vertex 31.23 105 130.091
      vertex 31.3198 105 131.003
    endloop
  endfacet
  facet normal 0.995187 0 -0.097991
    outer loop
      vertex 31.23 105 130.091
      vertex 31.3198 102 131.003
      vertex 31.23 102 130.091
    endloop
  endfacet
  facet normal 0.88196 0 -0.471325
    outer loop
      vertex 33.0756 102 136.175
      vertex 32.6438 105 135.367
      vertex 33.0756 105 136.175
    endloop
  endfacet
  facet normal 0.88196 0 -0.471325
    outer loop
      vertex 32.6438 105 135.367
      vertex 33.0756 102 136.175
      vertex 32.6438 102 135.367
    endloop
  endfacet
  facet normal 0.352534 -8.08615e-18 -0.935799
    outer loop
      vertex 39.8424 102 142.109
      vertex 40.6998 105 142.432
      vertex 40.6998 102 142.432
    endloop
  endfacet
  facet normal 0.352534 -8.08615e-18 -0.935799
    outer loop
      vertex 40.6998 105 142.432
      vertex 39.8424 102 142.109
      vertex 39.8424 105 142.109
    endloop
  endfacet
  facet normal 0.0982285 -6.26178e-19 -0.995164
    outer loop
      vertex 43.3726 102 143.055
      vertex 44.2844 105 143.145
      vertex 44.2844 102 143.145
    endloop
  endfacet
  facet normal 0.0982285 -6.26178e-19 -0.995164
    outer loop
      vertex 44.2844 105 143.145
      vertex 43.3726 102 143.055
      vertex 43.3726 105 143.055
    endloop
  endfacet
  facet normal 0.471494 6.60688e-18 -0.881869
    outer loop
      vertex 38.2 102 141.299
      vertex 39.008 105 141.731
      vertex 39.008 102 141.731
    endloop
  endfacet
  facet normal 0.471494 6.60688e-18 -0.881869
    outer loop
      vertex 39.008 105 141.731
      vertex 38.2 102 141.299
      vertex 38.2 105 141.299
    endloop
  endfacet
  facet normal 0.634313 8.63107e-18 -0.773076
    outer loop
      vertex 35.9692 102 139.701
      vertex 36.6773 105 140.282
      vertex 36.6773 102 140.282
    endloop
  endfacet
  facet normal 0.634313 8.63107e-18 -0.773076
    outer loop
      vertex 36.6773 105 140.282
      vertex 35.9692 102 139.701
      vertex 35.9692 105 139.701
    endloop
  endfacet
  facet normal -0.227043 4.14213e-18 0.973885
    outer loop
      vertex 47.9313 105 115.444
      vertex 48.8235 102 115.652
      vertex 48.8235 105 115.652
    endloop
  endfacet
  facet normal -0.227043 4.14213e-18 0.973885
    outer loop
      vertex 48.8235 102 115.652
      vertex 47.9313 105 115.444
      vertex 47.9313 102 115.444
    endloop
  endfacet
  facet normal -0.0982285 -6.26178e-19 0.995164
    outer loop
      vertex 46.1156 105 115.205
      vertex 47.0274 102 115.295
      vertex 47.0274 105 115.295
    endloop
  endfacet
  facet normal -0.0982285 -6.26178e-19 0.995164
    outer loop
      vertex 47.0274 102 115.295
      vertex 46.1156 105 115.205
      vertex 46.1156 102 115.205
    endloop
  endfacet
  facet normal -0.995187 0 0.097991
    outer loop
      vertex 59.0802 102 127.348
      vertex 59.17 105 128.26
      vertex 59.0802 105 127.348
    endloop
  endfacet
  facet normal -0.995187 0 0.097991
    outer loop
      vertex 59.17 105 128.26
      vertex 59.0802 102 127.348
      vertex 59.17 102 128.26
    endloop
  endfacet
  facet normal -0.999463 0 0.0327693
    outer loop
      vertex 59.17 102 128.26
      vertex 59.2 105 129.175
      vertex 59.17 105 128.26
    endloop
  endfacet
  facet normal -0.999463 0 0.0327693
    outer loop
      vertex 59.2 105 129.175
      vertex 59.17 102 128.26
      vertex 59.2 102 129.175
    endloop
  endfacet
  facet normal -0.973873 0 0.227092
    outer loop
      vertex 58.723 102 125.552
      vertex 58.931 105 126.444
      vertex 58.723 105 125.552
    endloop
  endfacet
  facet normal -0.973873 0 0.227092
    outer loop
      vertex 58.931 105 126.444
      vertex 58.723 102 125.552
      vertex 58.931 102 126.444
    endloop
  endfacet
  facet normal -0.162646 -4.87701e-18 0.986684
    outer loop
      vertex 47.0274 105 115.295
      vertex 47.9313 102 115.444
      vertex 47.9313 105 115.444
    endloop
  endfacet
  facet normal -0.162646 -4.87701e-18 0.986684
    outer loop
      vertex 47.9313 102 115.444
      vertex 47.0274 105 115.295
      vertex 47.0274 102 115.295
    endloop
  endfacet
  facet normal -0.290341 8.97422e-19 0.956923
    outer loop
      vertex 48.8235 105 115.652
      vertex 49.7002 102 115.918
      vertex 49.7002 105 115.918
    endloop
  endfacet
  facet normal -0.290341 8.97422e-19 0.956923
    outer loop
      vertex 49.7002 102 115.918
      vertex 48.8235 105 115.652
      vertex 48.8235 102 115.652
    endloop
  endfacet
  facet normal -0.683996 -1.99098e-18 0.729486
    outer loop
      vertex 54.4308 105 118.649
      vertex 55.0995 102 119.276
      vertex 55.0995 105 119.276
    endloop
  endfacet
  facet normal -0.683996 -1.99098e-18 0.729486
    outer loop
      vertex 55.0995 102 119.276
      vertex 54.4308 105 118.649
      vertex 54.4308 102 118.649
    endloop
  endfacet
  facet normal -0.634313 1.39084e-18 0.773076
    outer loop
      vertex 53.7227 105 118.068
      vertex 54.4308 102 118.649
      vertex 54.4308 105 118.649
    endloop
  endfacet
  facet normal -0.634313 1.39084e-18 0.773076
    outer loop
      vertex 54.4308 102 118.649
      vertex 53.7227 105 118.068
      vertex 53.7227 102 118.068
    endloop
  endfacet
  facet normal -0.72951 0 0.68397
    outer loop
      vertex 55.0995 102 119.276
      vertex 55.7258 105 119.944
      vertex 55.0995 105 119.276
    endloop
  endfacet
  facet normal -0.72951 0 0.68397
    outer loop
      vertex 55.7258 105 119.944
      vertex 55.0995 102 119.276
      vertex 55.7258 102 119.944
    endloop
  endfacet
  facet normal -0.582013 -9.87571e-18 0.81318
    outer loop
      vertex 52.978 105 117.535
      vertex 53.7227 102 118.068
      vertex 53.7227 105 118.068
    endloop
  endfacet
  facet normal -0.582013 -9.87571e-18 0.81318
    outer loop
      vertex 53.7227 102 118.068
      vertex 52.978 105 117.535
      vertex 52.978 102 117.535
    endloop
  endfacet
  facet normal -0.471494 9.67366e-18 0.881869
    outer loop
      vertex 51.392 105 116.619
      vertex 52.2 102 117.051
      vertex 52.2 105 117.051
    endloop
  endfacet
  facet normal -0.471494 9.67366e-18 0.881869
    outer loop
      vertex 52.2 102 117.051
      vertex 51.392 105 116.619
      vertex 51.392 102 116.619
    endloop
  endfacet
  facet normal -0.88196 0 0.471325
    outer loop
      vertex 57.3244 102 122.175
      vertex 57.7562 105 122.983
      vertex 57.3244 105 122.175
    endloop
  endfacet
  facet normal -0.88196 0 0.471325
    outer loop
      vertex 57.7562 105 122.983
      vertex 57.3244 102 122.175
      vertex 57.7562 102 122.983
    endloop
  endfacet
  facet normal -0.849198 0 0.528075
    outer loop
      vertex 56.8406 102 121.397
      vertex 57.3244 105 122.175
      vertex 56.8406 105 121.397
    endloop
  endfacet
  facet normal -0.849198 0 0.528075
    outer loop
      vertex 57.3244 105 122.175
      vertex 56.8406 102 121.397
      vertex 57.3244 102 122.175
    endloop
  endfacet
  facet normal 0.162646 4.87701e-18 0.986684
    outer loop
      vertex 42.4687 105 115.444
      vertex 43.3726 102 115.295
      vertex 43.3726 105 115.295
    endloop
  endfacet
  facet normal 0.162646 4.87701e-18 0.986684
    outer loop
      vertex 43.3726 102 115.295
      vertex 42.4687 105 115.444
      vertex 42.4687 102 115.444
    endloop
  endfacet
  facet normal 0.0982285 6.26178e-19 0.995164
    outer loop
      vertex 43.3726 105 115.295
      vertex 44.2844 102 115.205
      vertex 44.2844 105 115.205
    endloop
  endfacet
  facet normal 0.0982285 6.26178e-19 0.995164
    outer loop
      vertex 44.2844 102 115.205
      vertex 43.3726 105 115.295
      vertex 43.3726 102 115.295
    endloop
  endfacet
  facet normal 0.0327478 2.3177e-19 0.999464
    outer loop
      vertex 44.2844 105 115.205
      vertex 45.2 102 115.175
      vertex 45.2 105 115.175
    endloop
  endfacet
  facet normal 0.0327478 2.3177e-19 0.999464
    outer loop
      vertex 45.2 102 115.175
      vertex 44.2844 105 115.205
      vertex 44.2844 102 115.205
    endloop
  endfacet
  facet normal 0.227043 3.45177e-18 0.973885
    outer loop
      vertex 41.5765 105 115.652
      vertex 42.4687 102 115.444
      vertex 42.4687 105 115.444
    endloop
  endfacet
  facet normal 0.227043 3.45177e-18 0.973885
    outer loop
      vertex 42.4687 102 115.444
      vertex 41.5765 105 115.652
      vertex 41.5765 102 115.652
    endloop
  endfacet
  facet normal 0.471494 -9.67366e-18 0.881869
    outer loop
      vertex 38.2 105 117.051
      vertex 39.008 102 116.619
      vertex 39.008 105 116.619
    endloop
  endfacet
  facet normal 0.471494 -9.67366e-18 0.881869
    outer loop
      vertex 39.008 102 116.619
      vertex 38.2 105 117.051
      vertex 38.2 102 117.051
    endloop
  endfacet
  facet normal 0.412651 -5.06971e-18 0.910889
    outer loop
      vertex 39.008 105 116.619
      vertex 39.8424 102 116.241
      vertex 39.8424 105 116.241
    endloop
  endfacet
  facet normal 0.412651 -5.06971e-18 0.910889
    outer loop
      vertex 39.8424 102 116.241
      vertex 39.008 105 116.619
      vertex 39.008 102 116.619
    endloop
  endfacet
  facet normal 0.528232 -5.96573e-18 0.8491
    outer loop
      vertex 37.422 105 117.535
      vertex 38.2 102 117.051
      vertex 38.2 105 117.051
    endloop
  endfacet
  facet normal 0.528232 -5.96573e-18 0.8491
    outer loop
      vertex 38.2 102 117.051
      vertex 37.422 105 117.535
      vertex 37.422 102 117.535
    endloop
  endfacet
  facet normal 0.973873 -0 0.227092
    outer loop
      vertex 31.469 102 126.444
      vertex 31.677 105 125.552
      vertex 31.469 105 126.444
    endloop
  endfacet
  facet normal 0.973873 0 0.227092
    outer loop
      vertex 31.677 105 125.552
      vertex 31.469 102 126.444
      vertex 31.677 102 125.552
    endloop
  endfacet
  facet normal 0.88196 -0 0.471325
    outer loop
      vertex 32.6438 102 122.983
      vertex 33.0756 105 122.175
      vertex 32.6438 105 122.983
    endloop
  endfacet
  facet normal 0.88196 0 0.471325
    outer loop
      vertex 33.0756 105 122.175
      vertex 32.6438 102 122.983
      vertex 33.0756 102 122.175
    endloop
  endfacet
  facet normal 0.849198 -0 0.528075
    outer loop
      vertex 33.0756 102 122.175
      vertex 33.5594 105 121.397
      vertex 33.0756 105 122.175
    endloop
  endfacet
  facet normal 0.849198 0 0.528075
    outer loop
      vertex 33.5594 105 121.397
      vertex 33.0756 102 122.175
      vertex 33.5594 102 121.397
    endloop
  endfacet
  facet normal 0.772979 -0 0.634432
    outer loop
      vertex 34.0931 102 120.652
      vertex 34.6742 105 119.944
      vertex 34.0931 105 120.652
    endloop
  endfacet
  facet normal 0.772979 0 0.634432
    outer loop
      vertex 34.6742 105 119.944
      vertex 34.0931 102 120.652
      vertex 34.6742 102 119.944
    endloop
  endfacet
  facet normal 0.72951 -0 0.68397
    outer loop
      vertex 34.6742 102 119.944
      vertex 35.3005 105 119.276
      vertex 34.6742 105 119.944
    endloop
  endfacet
  facet normal 0.72951 0 0.68397
    outer loop
      vertex 35.3005 105 119.276
      vertex 34.6742 102 119.944
      vertex 35.3005 102 119.276
    endloop
  endfacet
  facet normal -0.935988 0 -0.352032
    outer loop
      vertex 58.457 102 133.675
      vertex 58.1343 105 134.533
      vertex 58.457 105 133.675
    endloop
  endfacet
  facet normal -0.935988 -0 -0.352032
    outer loop
      vertex 58.1343 105 134.533
      vertex 58.457 102 133.675
      vertex 58.1343 102 134.533
    endloop
  endfacet
  facet normal -0.910774 0 -0.412906
    outer loop
      vertex 58.1343 102 134.533
      vertex 57.7562 105 135.367
      vertex 58.1343 105 134.533
    endloop
  endfacet
  facet normal -0.910774 -0 -0.412906
    outer loop
      vertex 57.7562 105 135.367
      vertex 58.1343 102 134.533
      vertex 57.7562 102 135.367
    endloop
  endfacet
  facet normal -0.849198 0 -0.528075
    outer loop
      vertex 57.3244 102 136.175
      vertex 56.8406 105 136.953
      vertex 57.3244 105 136.175
    endloop
  endfacet
  facet normal -0.849198 -0 -0.528075
    outer loop
      vertex 56.8406 105 136.953
      vertex 57.3244 102 136.175
      vertex 56.8406 102 136.953
    endloop
  endfacet
  facet normal -0.772979 0 -0.634432
    outer loop
      vertex 56.3069 102 137.698
      vertex 55.7258 105 138.406
      vertex 56.3069 105 137.698
    endloop
  endfacet
  facet normal -0.772979 -0 -0.634432
    outer loop
      vertex 55.7258 105 138.406
      vertex 56.3069 102 137.698
      vertex 55.7258 102 138.406
    endloop
  endfacet
  facet normal -0.73002 0 -0.683426
    outer loop
      vertex 55.7258 102 138.406
      vertex 55.0995 105 139.075
      vertex 55.7258 105 138.406
    endloop
  endfacet
  facet normal -0.73002 -0 -0.683426
    outer loop
      vertex 55.0995 105 139.075
      vertex 55.7258 102 138.406
      vertex 55.0995 102 139.075
    endloop
  endfacet
  facet normal -0.412651 -5.26698e-18 -0.910889
    outer loop
      vertex 50.5576 102 142.109
      vertex 51.392 105 141.731
      vertex 51.392 102 141.731
    endloop
  endfacet
  facet normal -0.412651 -5.26698e-18 -0.910889
    outer loop
      vertex 51.392 105 141.731
      vertex 50.5576 102 142.109
      vertex 50.5576 105 142.109
    endloop
  endfacet
  facet normal -0.352534 1.13403e-18 -0.935799
    outer loop
      vertex 49.7002 102 142.432
      vertex 50.5576 105 142.109
      vertex 50.5576 102 142.109
    endloop
  endfacet
  facet normal -0.352534 1.13403e-18 -0.935799
    outer loop
      vertex 50.5576 105 142.109
      vertex 49.7002 102 142.432
      vertex 49.7002 105 142.432
    endloop
  endfacet
  facet normal -0.0982285 6.26178e-19 -0.995164
    outer loop
      vertex 46.1156 102 143.145
      vertex 47.0274 105 143.055
      vertex 47.0274 102 143.055
    endloop
  endfacet
  facet normal -0.0982285 6.26178e-19 -0.995164
    outer loop
      vertex 47.0274 105 143.055
      vertex 46.1156 102 143.145
      vertex 46.1156 105 143.145
    endloop
  endfacet
  facet normal 0.999464 0 -0.0327335
    outer loop
      vertex 31.23 102 130.091
      vertex 31.2 105 129.175
      vertex 31.23 105 130.091
    endloop
  endfacet
  facet normal 0.999464 0 -0.0327335
    outer loop
      vertex 31.2 105 129.175
      vertex 31.23 102 130.091
      vertex 31.2 102 129.175
    endloop
  endfacet
  facet normal 0.910774 0 -0.412906
    outer loop
      vertex 32.6438 102 135.367
      vertex 32.2657 105 134.533
      vertex 32.6438 105 135.367
    endloop
  endfacet
  facet normal 0.910774 0 -0.412906
    outer loop
      vertex 32.2657 105 134.533
      vertex 32.6438 102 135.367
      vertex 32.2657 102 134.533
    endloop
  endfacet
  facet normal 0.935988 0 -0.352032
    outer loop
      vertex 32.2657 102 134.533
      vertex 31.943 105 133.675
      vertex 32.2657 105 134.533
    endloop
  endfacet
  facet normal 0.935988 0 -0.352032
    outer loop
      vertex 31.943 105 133.675
      vertex 32.2657 102 134.533
      vertex 31.943 102 133.675
    endloop
  endfacet
  facet normal 0.812929 0 -0.582363
    outer loop
      vertex 34.0931 102 137.698
      vertex 33.5594 105 136.953
      vertex 34.0931 105 137.698
    endloop
  endfacet
  facet normal 0.812929 0 -0.582363
    outer loop
      vertex 33.5594 105 136.953
      vertex 34.0931 102 137.698
      vertex 33.5594 102 136.953
    endloop
  endfacet
  facet normal 0.290341 2.20411e-18 -0.956923
    outer loop
      vertex 40.6998 102 142.432
      vertex 41.5765 105 142.698
      vertex 41.5765 102 142.698
    endloop
  endfacet
  facet normal 0.290341 2.20411e-18 -0.956923
    outer loop
      vertex 41.5765 105 142.698
      vertex 40.6998 102 142.432
      vertex 40.6998 105 142.432
    endloop
  endfacet
  facet normal 0.162646 -4.87701e-18 -0.986684
    outer loop
      vertex 42.4687 102 142.906
      vertex 43.3726 105 143.055
      vertex 43.3726 102 143.055
    endloop
  endfacet
  facet normal 0.162646 -4.87701e-18 -0.986684
    outer loop
      vertex 43.3726 105 143.055
      vertex 42.4687 102 142.906
      vertex 42.4687 105 142.906
    endloop
  endfacet
  facet normal 0.683414 -2.89006e-18 -0.730031
    outer loop
      vertex 35.3005 102 139.075
      vertex 35.9692 105 139.701
      vertex 35.9692 102 139.701
    endloop
  endfacet
  facet normal 0.683414 -2.89006e-18 -0.730031
    outer loop
      vertex 35.9692 105 139.701
      vertex 35.3005 102 139.075
      vertex 35.3005 105 139.075
    endloop
  endfacet
  facet normal 0.73002 0 -0.683426
    outer loop
      vertex 35.3005 102 139.075
      vertex 34.6742 105 138.406
      vertex 35.3005 105 139.075
    endloop
  endfacet
  facet normal 0.73002 0 -0.683426
    outer loop
      vertex 34.6742 105 138.406
      vertex 35.3005 102 139.075
      vertex 34.6742 102 138.406
    endloop
  endfacet
  facet normal -0.986652 0 0.162841
    outer loop
      vertex 58.931 102 126.444
      vertex 59.0802 105 127.348
      vertex 58.931 105 126.444
    endloop
  endfacet
  facet normal -0.986652 0 0.162841
    outer loop
      vertex 59.0802 105 127.348
      vertex 58.931 102 126.444
      vertex 59.0802 102 127.348
    endloop
  endfacet
  facet normal -0.352534 9.07227e-18 0.935799
    outer loop
      vertex 49.7002 105 115.918
      vertex 50.5576 102 116.241
      vertex 50.5576 105 116.241
    endloop
  endfacet
  facet normal -0.352534 9.07227e-18 0.935799
    outer loop
      vertex 50.5576 102 116.241
      vertex 49.7002 105 115.918
      vertex 49.7002 102 115.918
    endloop
  endfacet
  facet normal -0.412651 -2.68281e-18 0.910889
    outer loop
      vertex 50.5576 105 116.241
      vertex 51.392 102 116.619
      vertex 51.392 105 116.619
    endloop
  endfacet
  facet normal -0.412651 -2.68281e-18 0.910889
    outer loop
      vertex 51.392 102 116.619
      vertex 50.5576 105 116.241
      vertex 50.5576 102 116.241
    endloop
  endfacet
  facet normal -0.528232 4.98952e-18 0.8491
    outer loop
      vertex 52.2 105 117.051
      vertex 52.978 102 117.535
      vertex 52.978 105 117.535
    endloop
  endfacet
  facet normal -0.528232 4.98952e-18 0.8491
    outer loop
      vertex 52.978 102 117.535
      vertex 52.2 105 117.051
      vertex 52.2 102 117.051
    endloop
  endfacet
  facet normal -0.91096 0 0.412496
    outer loop
      vertex 57.7562 102 122.983
      vertex 58.1343 105 123.818
      vertex 57.7562 105 122.983
    endloop
  endfacet
  facet normal -0.91096 0 0.412496
    outer loop
      vertex 58.1343 105 123.818
      vertex 57.7562 102 122.983
      vertex 58.1343 102 123.818
    endloop
  endfacet
  facet normal -0.935853 0 0.352392
    outer loop
      vertex 58.1343 102 123.818
      vertex 58.457 105 124.675
      vertex 58.1343 105 123.818
    endloop
  endfacet
  facet normal -0.935853 0 0.352392
    outer loop
      vertex 58.457 105 124.675
      vertex 58.1343 102 123.818
      vertex 58.457 102 124.675
    endloop
  endfacet
  facet normal -0.812929 0 0.582363
    outer loop
      vertex 56.3069 102 120.652
      vertex 56.8406 105 121.397
      vertex 56.3069 105 120.652
    endloop
  endfacet
  facet normal -0.812929 0 0.582363
    outer loop
      vertex 56.8406 105 121.397
      vertex 56.3069 102 120.652
      vertex 56.8406 102 121.397
    endloop
  endfacet
  facet normal 0.290341 -8.97422e-19 0.956923
    outer loop
      vertex 40.6998 105 115.918
      vertex 41.5765 102 115.652
      vertex 41.5765 105 115.652
    endloop
  endfacet
  facet normal 0.290341 -8.97422e-19 0.956923
    outer loop
      vertex 41.5765 102 115.652
      vertex 40.6998 105 115.918
      vertex 40.6998 102 115.918
    endloop
  endfacet
  facet normal 0.634313 6.04668e-18 0.773076
    outer loop
      vertex 35.9692 105 118.649
      vertex 36.6773 102 118.068
      vertex 36.6773 105 118.068
    endloop
  endfacet
  facet normal 0.634313 6.04668e-18 0.773076
    outer loop
      vertex 36.6773 102 118.068
      vertex 35.9692 105 118.649
      vertex 35.9692 102 118.649
    endloop
  endfacet
  facet normal 0.582013 5.34729e-18 0.81318
    outer loop
      vertex 36.6773 105 118.068
      vertex 37.422 102 117.535
      vertex 37.422 105 117.535
    endloop
  endfacet
  facet normal 0.582013 5.34729e-18 0.81318
    outer loop
      vertex 37.422 102 117.535
      vertex 36.6773 105 118.068
      vertex 36.6773 102 118.068
    endloop
  endfacet
  facet normal 0.956951 -0 0.29025
    outer loop
      vertex 31.677 102 125.552
      vertex 31.943 105 124.675
      vertex 31.677 105 125.552
    endloop
  endfacet
  facet normal 0.956951 0 0.29025
    outer loop
      vertex 31.943 105 124.675
      vertex 31.677 102 125.552
      vertex 31.943 102 124.675
    endloop
  endfacet
  facet normal 0.935853 -0 0.352392
    outer loop
      vertex 31.943 102 124.675
      vertex 32.2657 105 123.818
      vertex 31.943 105 124.675
    endloop
  endfacet
  facet normal 0.935853 0 0.352392
    outer loop
      vertex 32.2657 105 123.818
      vertex 31.943 102 124.675
      vertex 32.2657 102 123.818
    endloop
  endfacet
  facet normal 0.995187 -0 0.097991
    outer loop
      vertex 31.23 102 128.26
      vertex 31.3198 105 127.348
      vertex 31.23 105 128.26
    endloop
  endfacet
  facet normal 0.995187 0 0.097991
    outer loop
      vertex 31.3198 105 127.348
      vertex 31.23 102 128.26
      vertex 31.3198 102 127.348
    endloop
  endfacet
  facet normal 0.986652 -0 0.162841
    outer loop
      vertex 31.3198 102 127.348
      vertex 31.469 105 126.444
      vertex 31.3198 105 127.348
    endloop
  endfacet
  facet normal 0.986652 0 0.162841
    outer loop
      vertex 31.469 105 126.444
      vertex 31.3198 102 127.348
      vertex 31.469 102 126.444
    endloop
  endfacet
  facet normal 0.683996 1.99098e-18 0.729486
    outer loop
      vertex 35.3005 105 119.276
      vertex 35.9692 102 118.649
      vertex 35.9692 105 118.649
    endloop
  endfacet
  facet normal 0.683996 1.99098e-18 0.729486
    outer loop
      vertex 35.9692 102 118.649
      vertex 35.3005 105 119.276
      vertex 35.3005 102 119.276
    endloop
  endfacet
  facet normal -0.995176 0 -0.0981075
    outer loop
      vertex -58.8 102 11
      vertex -58.8327 105 11.3317
      vertex -58.8 105 11
    endloop
  endfacet
  facet normal -0.995176 -0 -0.0981075
    outer loop
      vertex -58.8327 105 11.3317
      vertex -58.8 102 11
      vertex -58.8327 102 11.3317
    endloop
  endfacet
  facet normal -0.956971 0 -0.290182
    outer loop
      vertex -58.8327 102 11.3317
      vertex -58.9294 105 11.6506
      vertex -58.8327 105 11.3317
    endloop
  endfacet
  facet normal -0.956971 -0 -0.290182
    outer loop
      vertex -58.9294 105 11.6506
      vertex -58.8327 102 11.3317
      vertex -58.9294 102 11.6506
    endloop
  endfacet
  facet normal 0.0981075 -8.00507e-19 -0.995176
    outer loop
      vertex -60.8317 102 12.6673
      vertex -60.5 105 12.7
      vertex -60.5 102 12.7
    endloop
  endfacet
  facet normal 0.0981075 -8.00507e-19 -0.995176
    outer loop
      vertex -60.5 105 12.7
      vertex -60.8317 102 12.6673
      vertex -60.8317 105 12.6673
    endloop
  endfacet
  facet normal -0.634381 8.67609e-19 -0.773021
    outer loop
      vertex -59.5555 102 12.4135
      vertex -59.2979 105 12.2021
      vertex -59.2979 102 12.2021
    endloop
  endfacet
  facet normal -0.634381 8.67609e-19 -0.773021
    outer loop
      vertex -59.2979 105 12.2021
      vertex -59.5555 102 12.4135
      vertex -59.5555 105 12.4135
    endloop
  endfacet
  facet normal 0.471413 -2.46376e-18 -0.881912
    outer loop
      vertex -61.4445 102 12.4135
      vertex -61.1506 105 12.5706
      vertex -61.1506 102 12.5706
    endloop
  endfacet
  facet normal 0.471413 -2.46376e-18 -0.881912
    outer loop
      vertex -61.1506 105 12.5706
      vertex -61.4445 102 12.4135
      vertex -61.4445 105 12.4135
    endloop
  endfacet
  facet normal -0.881912 0 -0.471413
    outer loop
      vertex -58.9294 102 11.6506
      vertex -59.0865 105 11.9445
      vertex -58.9294 105 11.6506
    endloop
  endfacet
  facet normal -0.881912 -0 -0.471413
    outer loop
      vertex -59.0865 105 11.9445
      vertex -58.9294 102 11.6506
      vertex -59.0865 102 11.9445
    endloop
  endfacet
  facet normal -0.290182 -4.64306e-19 -0.956971
    outer loop
      vertex -60.1683 102 12.6673
      vertex -59.8494 105 12.5706
      vertex -59.8494 102 12.5706
    endloop
  endfacet
  facet normal -0.290182 -4.64306e-19 -0.956971
    outer loop
      vertex -59.8494 105 12.5706
      vertex -60.1683 102 12.6673
      vertex -60.1683 105 12.6673
    endloop
  endfacet
  facet normal -0.471413 2.46376e-18 -0.881912
    outer loop
      vertex -59.8494 102 12.5706
      vertex -59.5555 105 12.4135
      vertex -59.5555 102 12.4135
    endloop
  endfacet
  facet normal -0.471413 2.46376e-18 -0.881912
    outer loop
      vertex -59.5555 105 12.4135
      vertex -59.8494 102 12.5706
      vertex -59.8494 105 12.5706
    endloop
  endfacet
  facet normal 0.956971 0 -0.290182
    outer loop
      vertex -62.0706 102 11.6506
      vertex -62.1673 105 11.3317
      vertex -62.0706 105 11.6506
    endloop
  endfacet
  facet normal 0.956971 0 -0.290182
    outer loop
      vertex -62.1673 105 11.3317
      vertex -62.0706 102 11.6506
      vertex -62.1673 102 11.3317
    endloop
  endfacet
  facet normal 0.881912 0 -0.471413
    outer loop
      vertex -61.9135 102 11.9445
      vertex -62.0706 105 11.6506
      vertex -61.9135 105 11.9445
    endloop
  endfacet
  facet normal 0.881912 0 -0.471413
    outer loop
      vertex -62.0706 105 11.6506
      vertex -61.9135 102 11.9445
      vertex -62.0706 102 11.6506
    endloop
  endfacet
  facet normal 0.290182 4.64306e-19 -0.956971
    outer loop
      vertex -61.1506 102 12.5706
      vertex -60.8317 105 12.6673
      vertex -60.8317 102 12.6673
    endloop
  endfacet
  facet normal 0.290182 4.64306e-19 -0.956971
    outer loop
      vertex -60.8317 105 12.6673
      vertex -61.1506 102 12.5706
      vertex -61.1506 105 12.5706
    endloop
  endfacet
  facet normal -0.995176 0 0.0981075
    outer loop
      vertex -58.8327 102 10.6683
      vertex -58.8 105 11
      vertex -58.8327 105 10.6683
    endloop
  endfacet
  facet normal -0.995176 0 0.0981075
    outer loop
      vertex -58.8 105 11
      vertex -58.8327 102 10.6683
      vertex -58.8 102 11
    endloop
  endfacet
  facet normal 0.0979886 -7.27665e-19 0.995188
    outer loop
      vertex -60.8317 105 9.33266
      vertex -60.5 102 9.3
      vertex -60.5 105 9.3
    endloop
  endfacet
  facet normal 0.0979886 -7.27665e-19 0.995188
    outer loop
      vertex -60.5 102 9.3
      vertex -60.8317 105 9.33266
      vertex -60.8317 102 9.33266
    endloop
  endfacet
  facet normal 0.881912 -0 0.471413
    outer loop
      vertex -62.0706 102 10.3494
      vertex -61.9135 105 10.0555
      vertex -62.0706 105 10.3494
    endloop
  endfacet
  facet normal 0.881912 0 0.471413
    outer loop
      vertex -61.9135 105 10.0555
      vertex -62.0706 102 10.3494
      vertex -61.9135 102 10.0555
    endloop
  endfacet
  facet normal -0.290292 -6.23571e-19 0.956938
    outer loop
      vertex -60.1683 105 9.33266
      vertex -59.8494 102 9.4294
      vertex -59.8494 105 9.4294
    endloop
  endfacet
  facet normal -0.290292 -6.23571e-19 0.956938
    outer loop
      vertex -59.8494 102 9.4294
      vertex -60.1683 105 9.33266
      vertex -60.1683 102 9.33266
    endloop
  endfacet
  facet normal -0.471413 -2.46376e-18 0.881912
    outer loop
      vertex -59.8494 105 9.4294
      vertex -59.5555 102 9.5865
      vertex -59.5555 105 9.5865
    endloop
  endfacet
  facet normal -0.471413 -2.46376e-18 0.881912
    outer loop
      vertex -59.5555 102 9.5865
      vertex -59.8494 105 9.4294
      vertex -59.8494 102 9.4294
    endloop
  endfacet
  facet normal -0.773021 0 -0.634381
    outer loop
      vertex -59.0865 102 11.9445
      vertex -59.2979 105 12.2021
      vertex -59.0865 105 11.9445
    endloop
  endfacet
  facet normal -0.773021 -0 -0.634381
    outer loop
      vertex -59.2979 105 12.2021
      vertex -59.0865 102 11.9445
      vertex -59.2979 102 12.2021
    endloop
  endfacet
  facet normal -0.0981075 8.00507e-19 -0.995176
    outer loop
      vertex -60.5 102 12.7
      vertex -60.1683 105 12.6673
      vertex -60.1683 102 12.6673
    endloop
  endfacet
  facet normal -0.0981075 8.00507e-19 -0.995176
    outer loop
      vertex -60.1683 105 12.6673
      vertex -60.5 102 12.7
      vertex -60.5 105 12.7
    endloop
  endfacet
  facet normal 0.995176 0 -0.0981075
    outer loop
      vertex -62.1673 102 11.3317
      vertex -62.2 105 11
      vertex -62.1673 105 11.3317
    endloop
  endfacet
  facet normal 0.995176 0 -0.0981075
    outer loop
      vertex -62.2 105 11
      vertex -62.1673 102 11.3317
      vertex -62.2 102 11
    endloop
  endfacet
  facet normal 0.995176 -0 0.0981075
    outer loop
      vertex -62.2 102 11
      vertex -62.1673 105 10.6683
      vertex -62.2 105 11
    endloop
  endfacet
  facet normal 0.995176 0 0.0981075
    outer loop
      vertex -62.1673 105 10.6683
      vertex -62.2 102 11
      vertex -62.1673 102 10.6683
    endloop
  endfacet
  facet normal 0.634381 -8.67609e-19 -0.773021
    outer loop
      vertex -61.7021 102 12.2021
      vertex -61.4445 105 12.4135
      vertex -61.4445 102 12.4135
    endloop
  endfacet
  facet normal 0.634381 -8.67609e-19 -0.773021
    outer loop
      vertex -61.4445 105 12.4135
      vertex -61.7021 102 12.2021
      vertex -61.7021 105 12.2021
    endloop
  endfacet
  facet normal 0.773021 0 -0.634381
    outer loop
      vertex -61.7021 102 12.2021
      vertex -61.9135 105 11.9445
      vertex -61.7021 105 12.2021
    endloop
  endfacet
  facet normal 0.773021 0 -0.634381
    outer loop
      vertex -61.9135 105 11.9445
      vertex -61.7021 102 12.2021
      vertex -61.9135 102 11.9445
    endloop
  endfacet
  facet normal -0.881912 0 0.471413
    outer loop
      vertex -59.0865 102 10.0555
      vertex -58.9294 105 10.3494
      vertex -59.0865 105 10.0555
    endloop
  endfacet
  facet normal -0.881912 0 0.471413
    outer loop
      vertex -58.9294 105 10.3494
      vertex -59.0865 102 10.0555
      vertex -58.9294 102 10.3494
    endloop
  endfacet
  facet normal 0.634417 -1.1353e-18 0.772991
    outer loop
      vertex -61.7021 105 9.79792
      vertex -61.4445 102 9.5865
      vertex -61.4445 105 9.5865
    endloop
  endfacet
  facet normal 0.634417 -1.1353e-18 0.772991
    outer loop
      vertex -61.4445 102 9.5865
      vertex -61.7021 105 9.79792
      vertex -61.7021 102 9.79792
    endloop
  endfacet
  facet normal 0.772996 -0 0.63441
    outer loop
      vertex -61.9135 102 10.0555
      vertex -61.7021 105 9.79792
      vertex -61.9135 105 10.0555
    endloop
  endfacet
  facet normal 0.772996 0 0.63441
    outer loop
      vertex -61.7021 105 9.79792
      vertex -61.9135 102 10.0555
      vertex -61.7021 102 9.79792
    endloop
  endfacet
  facet normal 0.956971 -0 0.290182
    outer loop
      vertex -62.1673 102 10.6683
      vertex -62.0706 105 10.3494
      vertex -62.1673 105 10.6683
    endloop
  endfacet
  facet normal 0.956971 0 0.290182
    outer loop
      vertex -62.0706 105 10.3494
      vertex -62.1673 102 10.6683
      vertex -62.0706 102 10.3494
    endloop
  endfacet
  facet normal -0.0979886 7.27665e-19 0.995188
    outer loop
      vertex -60.5 105 9.3
      vertex -60.1683 102 9.33266
      vertex -60.1683 105 9.33266
    endloop
  endfacet
  facet normal -0.0979886 7.27665e-19 0.995188
    outer loop
      vertex -60.1683 102 9.33266
      vertex -60.5 105 9.3
      vertex -60.5 102 9.3
    endloop
  endfacet
  facet normal -0.956971 0 0.290182
    outer loop
      vertex -58.9294 102 10.3494
      vertex -58.8327 105 10.6683
      vertex -58.9294 105 10.3494
    endloop
  endfacet
  facet normal -0.956971 0 0.290182
    outer loop
      vertex -58.8327 105 10.6683
      vertex -58.9294 102 10.3494
      vertex -58.8327 102 10.6683
    endloop
  endfacet
  facet normal 0.471413 2.46376e-18 0.881912
    outer loop
      vertex -61.4445 105 9.5865
      vertex -61.1506 102 9.4294
      vertex -61.1506 105 9.4294
    endloop
  endfacet
  facet normal 0.471413 2.46376e-18 0.881912
    outer loop
      vertex -61.1506 102 9.4294
      vertex -61.4445 105 9.5865
      vertex -61.4445 102 9.5865
    endloop
  endfacet
  facet normal -0.634417 1.1353e-18 0.772991
    outer loop
      vertex -59.5555 105 9.5865
      vertex -59.2979 102 9.79792
      vertex -59.2979 105 9.79792
    endloop
  endfacet
  facet normal -0.634417 1.1353e-18 0.772991
    outer loop
      vertex -59.2979 102 9.79792
      vertex -59.5555 105 9.5865
      vertex -59.5555 102 9.5865
    endloop
  endfacet
  facet normal -0.772996 0 0.63441
    outer loop
      vertex -59.2979 102 9.79792
      vertex -59.0865 105 10.0555
      vertex -59.2979 105 9.79792
    endloop
  endfacet
  facet normal -0.772996 0 0.63441
    outer loop
      vertex -59.0865 105 10.0555
      vertex -59.2979 102 9.79792
      vertex -59.0865 102 10.0555
    endloop
  endfacet
  facet normal 0.290292 6.23571e-19 0.956938
    outer loop
      vertex -61.1506 105 9.4294
      vertex -60.8317 102 9.33266
      vertex -60.8317 105 9.33266
    endloop
  endfacet
  facet normal 0.290292 6.23571e-19 0.956938
    outer loop
      vertex -60.8317 102 9.33266
      vertex -61.1506 105 9.4294
      vertex -61.1506 102 9.4294
    endloop
  endfacet
  facet normal -0.995176 0 -0.0981075
    outer loop
      vertex -58.8 102 39
      vertex -58.8327 105 39.3317
      vertex -58.8 105 39
    endloop
  endfacet
  facet normal -0.995176 -0 -0.0981075
    outer loop
      vertex -58.8327 105 39.3317
      vertex -58.8 102 39
      vertex -58.8327 102 39.3317
    endloop
  endfacet
  facet normal -0.956971 0 -0.290182
    outer loop
      vertex -58.8327 102 39.3317
      vertex -58.9294 105 39.6506
      vertex -58.8327 105 39.3317
    endloop
  endfacet
  facet normal -0.956971 -0 -0.290182
    outer loop
      vertex -58.9294 105 39.6506
      vertex -58.8327 102 39.3317
      vertex -58.9294 102 39.6506
    endloop
  endfacet
  facet normal 0.0981075 -7.70012e-19 -0.995176
    outer loop
      vertex -60.8317 102 40.6673
      vertex -60.5 105 40.7
      vertex -60.5 102 40.7
    endloop
  endfacet
  facet normal 0.0981075 -7.70012e-19 -0.995176
    outer loop
      vertex -60.5 105 40.7
      vertex -60.8317 102 40.6673
      vertex -60.8317 105 40.6673
    endloop
  endfacet
  facet normal -0.634381 1.62338e-18 -0.773021
    outer loop
      vertex -59.5555 102 40.4135
      vertex -59.2979 105 40.2021
      vertex -59.2979 102 40.2021
    endloop
  endfacet
  facet normal -0.634381 1.62338e-18 -0.773021
    outer loop
      vertex -59.2979 105 40.2021
      vertex -59.5555 102 40.4135
      vertex -59.5555 105 40.4135
    endloop
  endfacet
  facet normal 0.471413 -2.46376e-18 -0.881912
    outer loop
      vertex -61.4445 102 40.4135
      vertex -61.1506 105 40.5706
      vertex -61.1506 102 40.5706
    endloop
  endfacet
  facet normal 0.471413 -2.46376e-18 -0.881912
    outer loop
      vertex -61.1506 105 40.5706
      vertex -61.4445 102 40.4135
      vertex -61.4445 105 40.4135
    endloop
  endfacet
  facet normal -0.881912 0 -0.471413
    outer loop
      vertex -58.9294 102 39.6506
      vertex -59.0865 105 39.9445
      vertex -58.9294 105 39.6506
    endloop
  endfacet
  facet normal -0.881912 -0 -0.471413
    outer loop
      vertex -59.0865 105 39.9445
      vertex -58.9294 102 39.6506
      vertex -59.0865 102 39.9445
    endloop
  endfacet
  facet normal -0.290182 -4.64306e-19 -0.956971
    outer loop
      vertex -60.1683 102 40.6673
      vertex -59.8494 105 40.5706
      vertex -59.8494 102 40.5706
    endloop
  endfacet
  facet normal -0.290182 -4.64306e-19 -0.956971
    outer loop
      vertex -59.8494 105 40.5706
      vertex -60.1683 102 40.6673
      vertex -60.1683 105 40.6673
    endloop
  endfacet
  facet normal -0.471413 2.46376e-18 -0.881912
    outer loop
      vertex -59.8494 102 40.5706
      vertex -59.5555 105 40.4135
      vertex -59.5555 102 40.4135
    endloop
  endfacet
  facet normal -0.471413 2.46376e-18 -0.881912
    outer loop
      vertex -59.5555 105 40.4135
      vertex -59.8494 102 40.5706
      vertex -59.8494 105 40.5706
    endloop
  endfacet
  facet normal 0.956971 0 -0.290182
    outer loop
      vertex -62.0706 102 39.6506
      vertex -62.1673 105 39.3317
      vertex -62.0706 105 39.6506
    endloop
  endfacet
  facet normal 0.956971 0 -0.290182
    outer loop
      vertex -62.1673 105 39.3317
      vertex -62.0706 102 39.6506
      vertex -62.1673 102 39.3317
    endloop
  endfacet
  facet normal 0.881912 0 -0.471413
    outer loop
      vertex -61.9135 102 39.9445
      vertex -62.0706 105 39.6506
      vertex -61.9135 105 39.9445
    endloop
  endfacet
  facet normal 0.881912 0 -0.471413
    outer loop
      vertex -62.0706 105 39.6506
      vertex -61.9135 102 39.9445
      vertex -62.0706 102 39.6506
    endloop
  endfacet
  facet normal 0.290182 4.64306e-19 -0.956971
    outer loop
      vertex -61.1506 102 40.5706
      vertex -60.8317 105 40.6673
      vertex -60.8317 102 40.6673
    endloop
  endfacet
  facet normal 0.290182 4.64306e-19 -0.956971
    outer loop
      vertex -60.8317 105 40.6673
      vertex -61.1506 102 40.5706
      vertex -61.1506 105 40.5706
    endloop
  endfacet
  facet normal -0.995176 0 0.0981075
    outer loop
      vertex -58.8327 102 38.6683
      vertex -58.8 105 39
      vertex -58.8327 105 38.6683
    endloop
  endfacet
  facet normal -0.995176 0 0.0981075
    outer loop
      vertex -58.8 105 39
      vertex -58.8327 102 38.6683
      vertex -58.8 102 39
    endloop
  endfacet
  facet normal 0.0981075 7.70012e-19 0.995176
    outer loop
      vertex -60.8317 105 37.3327
      vertex -60.5 102 37.3
      vertex -60.5 105 37.3
    endloop
  endfacet
  facet normal 0.0981075 7.70012e-19 0.995176
    outer loop
      vertex -60.5 102 37.3
      vertex -60.8317 105 37.3327
      vertex -60.8317 102 37.3327
    endloop
  endfacet
  facet normal 0.881912 -0 0.471413
    outer loop
      vertex -62.0706 102 38.3494
      vertex -61.9135 105 38.0555
      vertex -62.0706 105 38.3494
    endloop
  endfacet
  facet normal 0.881912 0 0.471413
    outer loop
      vertex -61.9135 105 38.0555
      vertex -62.0706 102 38.3494
      vertex -61.9135 102 38.0555
    endloop
  endfacet
  facet normal -0.290182 4.64306e-19 0.956971
    outer loop
      vertex -60.1683 105 37.3327
      vertex -59.8494 102 37.4294
      vertex -59.8494 105 37.4294
    endloop
  endfacet
  facet normal -0.290182 4.64306e-19 0.956971
    outer loop
      vertex -59.8494 102 37.4294
      vertex -60.1683 105 37.3327
      vertex -60.1683 102 37.3327
    endloop
  endfacet
  facet normal -0.471413 -2.46376e-18 0.881912
    outer loop
      vertex -59.8494 105 37.4294
      vertex -59.5555 102 37.5865
      vertex -59.5555 105 37.5865
    endloop
  endfacet
  facet normal -0.471413 -2.46376e-18 0.881912
    outer loop
      vertex -59.5555 102 37.5865
      vertex -59.8494 105 37.4294
      vertex -59.8494 102 37.4294
    endloop
  endfacet
  facet normal -0.773021 0 -0.634381
    outer loop
      vertex -59.0865 102 39.9445
      vertex -59.2979 105 40.2021
      vertex -59.0865 105 39.9445
    endloop
  endfacet
  facet normal -0.773021 -0 -0.634381
    outer loop
      vertex -59.2979 105 40.2021
      vertex -59.0865 102 39.9445
      vertex -59.2979 102 40.2021
    endloop
  endfacet
  facet normal -0.0981075 7.70012e-19 -0.995176
    outer loop
      vertex -60.5 102 40.7
      vertex -60.1683 105 40.6673
      vertex -60.1683 102 40.6673
    endloop
  endfacet
  facet normal -0.0981075 7.70012e-19 -0.995176
    outer loop
      vertex -60.1683 105 40.6673
      vertex -60.5 102 40.7
      vertex -60.5 105 40.7
    endloop
  endfacet
  facet normal 0.995176 0 -0.0981075
    outer loop
      vertex -62.1673 102 39.3317
      vertex -62.2 105 39
      vertex -62.1673 105 39.3317
    endloop
  endfacet
  facet normal 0.995176 0 -0.0981075
    outer loop
      vertex -62.2 105 39
      vertex -62.1673 102 39.3317
      vertex -62.2 102 39
    endloop
  endfacet
  facet normal 0.995176 -0 0.0981075
    outer loop
      vertex -62.2 102 39
      vertex -62.1673 105 38.6683
      vertex -62.2 105 39
    endloop
  endfacet
  facet normal 0.995176 0 0.0981075
    outer loop
      vertex -62.1673 105 38.6683
      vertex -62.2 102 39
      vertex -62.1673 102 38.6683
    endloop
  endfacet
  facet normal 0.634381 -1.62338e-18 -0.773021
    outer loop
      vertex -61.7021 102 40.2021
      vertex -61.4445 105 40.4135
      vertex -61.4445 102 40.4135
    endloop
  endfacet
  facet normal 0.634381 -1.62338e-18 -0.773021
    outer loop
      vertex -61.4445 105 40.4135
      vertex -61.7021 102 40.2021
      vertex -61.7021 105 40.2021
    endloop
  endfacet
  facet normal 0.773021 0 -0.634381
    outer loop
      vertex -61.7021 102 40.2021
      vertex -61.9135 105 39.9445
      vertex -61.7021 105 40.2021
    endloop
  endfacet
  facet normal 0.773021 0 -0.634381
    outer loop
      vertex -61.9135 105 39.9445
      vertex -61.7021 102 40.2021
      vertex -61.9135 102 39.9445
    endloop
  endfacet
  facet normal -0.881912 0 0.471413
    outer loop
      vertex -59.0865 102 38.0555
      vertex -58.9294 105 38.3494
      vertex -59.0865 105 38.0555
    endloop
  endfacet
  facet normal -0.881912 0 0.471413
    outer loop
      vertex -58.9294 105 38.3494
      vertex -59.0865 102 38.0555
      vertex -58.9294 102 38.3494
    endloop
  endfacet
  facet normal 0.634381 1.62338e-18 0.773021
    outer loop
      vertex -61.7021 105 37.7979
      vertex -61.4445 102 37.5865
      vertex -61.4445 105 37.5865
    endloop
  endfacet
  facet normal 0.634381 1.62338e-18 0.773021
    outer loop
      vertex -61.4445 102 37.5865
      vertex -61.7021 105 37.7979
      vertex -61.7021 102 37.7979
    endloop
  endfacet
  facet normal 0.773021 -0 0.634381
    outer loop
      vertex -61.9135 102 38.0555
      vertex -61.7021 105 37.7979
      vertex -61.9135 105 38.0555
    endloop
  endfacet
  facet normal 0.773021 0 0.634381
    outer loop
      vertex -61.7021 105 37.7979
      vertex -61.9135 102 38.0555
      vertex -61.7021 102 37.7979
    endloop
  endfacet
  facet normal 0.956971 -0 0.290182
    outer loop
      vertex -62.1673 102 38.6683
      vertex -62.0706 105 38.3494
      vertex -62.1673 105 38.6683
    endloop
  endfacet
  facet normal 0.956971 0 0.290182
    outer loop
      vertex -62.0706 105 38.3494
      vertex -62.1673 102 38.6683
      vertex -62.0706 102 38.3494
    endloop
  endfacet
  facet normal -0.0981075 -7.70012e-19 0.995176
    outer loop
      vertex -60.5 105 37.3
      vertex -60.1683 102 37.3327
      vertex -60.1683 105 37.3327
    endloop
  endfacet
  facet normal -0.0981075 -7.70012e-19 0.995176
    outer loop
      vertex -60.1683 102 37.3327
      vertex -60.5 105 37.3
      vertex -60.5 102 37.3
    endloop
  endfacet
  facet normal -0.956971 0 0.290182
    outer loop
      vertex -58.9294 102 38.3494
      vertex -58.8327 105 38.6683
      vertex -58.9294 105 38.3494
    endloop
  endfacet
  facet normal -0.956971 0 0.290182
    outer loop
      vertex -58.8327 105 38.6683
      vertex -58.9294 102 38.3494
      vertex -58.8327 102 38.6683
    endloop
  endfacet
  facet normal 0.471413 2.46376e-18 0.881912
    outer loop
      vertex -61.4445 105 37.5865
      vertex -61.1506 102 37.4294
      vertex -61.1506 105 37.4294
    endloop
  endfacet
  facet normal 0.471413 2.46376e-18 0.881912
    outer loop
      vertex -61.1506 102 37.4294
      vertex -61.4445 105 37.5865
      vertex -61.4445 102 37.5865
    endloop
  endfacet
  facet normal -0.634381 -1.62338e-18 0.773021
    outer loop
      vertex -59.5555 105 37.5865
      vertex -59.2979 102 37.7979
      vertex -59.2979 105 37.7979
    endloop
  endfacet
  facet normal -0.634381 -1.62338e-18 0.773021
    outer loop
      vertex -59.2979 102 37.7979
      vertex -59.5555 105 37.5865
      vertex -59.5555 102 37.5865
    endloop
  endfacet
  facet normal -0.773021 0 0.634381
    outer loop
      vertex -59.2979 102 37.7979
      vertex -59.0865 105 38.0555
      vertex -59.2979 105 37.7979
    endloop
  endfacet
  facet normal -0.773021 0 0.634381
    outer loop
      vertex -59.0865 105 38.0555
      vertex -59.2979 102 37.7979
      vertex -59.0865 102 38.0555
    endloop
  endfacet
  facet normal 0.290182 -4.64306e-19 0.956971
    outer loop
      vertex -61.1506 105 37.4294
      vertex -60.8317 102 37.3327
      vertex -60.8317 105 37.3327
    endloop
  endfacet
  facet normal 0.290182 -4.64306e-19 0.956971
    outer loop
      vertex -60.8317 102 37.3327
      vertex -61.1506 105 37.4294
      vertex -61.1506 102 37.4294
    endloop
  endfacet
  facet normal -0.995176 0 -0.0981075
    outer loop
      vertex 62.2 102 11
      vertex 62.1673 105 11.3317
      vertex 62.2 105 11
    endloop
  endfacet
  facet normal -0.995176 -0 -0.0981075
    outer loop
      vertex 62.1673 105 11.3317
      vertex 62.2 102 11
      vertex 62.1673 102 11.3317
    endloop
  endfacet
  facet normal -0.956971 0 -0.290182
    outer loop
      vertex 62.1673 102 11.3317
      vertex 62.0706 105 11.6506
      vertex 62.1673 105 11.3317
    endloop
  endfacet
  facet normal -0.956971 -0 -0.290182
    outer loop
      vertex 62.0706 105 11.6506
      vertex 62.1673 102 11.3317
      vertex 62.0706 102 11.6506
    endloop
  endfacet
  facet normal 0.0981075 -8.00507e-19 -0.995176
    outer loop
      vertex 60.1683 102 12.6673
      vertex 60.5 105 12.7
      vertex 60.5 102 12.7
    endloop
  endfacet
  facet normal 0.0981075 -8.00507e-19 -0.995176
    outer loop
      vertex 60.5 105 12.7
      vertex 60.1683 102 12.6673
      vertex 60.1683 105 12.6673
    endloop
  endfacet
  facet normal -0.634381 8.67609e-19 -0.773021
    outer loop
      vertex 61.4445 102 12.4135
      vertex 61.7021 105 12.2021
      vertex 61.7021 102 12.2021
    endloop
  endfacet
  facet normal -0.634381 8.67609e-19 -0.773021
    outer loop
      vertex 61.7021 105 12.2021
      vertex 61.4445 102 12.4135
      vertex 61.4445 105 12.4135
    endloop
  endfacet
  facet normal 0.773021 0 -0.634381
    outer loop
      vertex 59.2979 102 12.2021
      vertex 59.0865 105 11.9445
      vertex 59.2979 105 12.2021
    endloop
  endfacet
  facet normal 0.773021 0 -0.634381
    outer loop
      vertex 59.0865 105 11.9445
      vertex 59.2979 102 12.2021
      vertex 59.0865 102 11.9445
    endloop
  endfacet
  facet normal 0.471413 -2.46376e-18 -0.881912
    outer loop
      vertex 59.5555 102 12.4135
      vertex 59.8494 105 12.5706
      vertex 59.8494 102 12.5706
    endloop
  endfacet
  facet normal 0.471413 -2.46376e-18 -0.881912
    outer loop
      vertex 59.8494 105 12.5706
      vertex 59.5555 102 12.4135
      vertex 59.5555 105 12.4135
    endloop
  endfacet
  facet normal -0.881912 0 -0.471413
    outer loop
      vertex 62.0706 102 11.6506
      vertex 61.9135 105 11.9445
      vertex 62.0706 105 11.6506
    endloop
  endfacet
  facet normal -0.881912 -0 -0.471413
    outer loop
      vertex 61.9135 105 11.9445
      vertex 62.0706 102 11.6506
      vertex 61.9135 102 11.9445
    endloop
  endfacet
  facet normal -0.290182 -4.64306e-19 -0.956971
    outer loop
      vertex 60.8317 102 12.6673
      vertex 61.1506 105 12.5706
      vertex 61.1506 102 12.5706
    endloop
  endfacet
  facet normal -0.290182 -4.64306e-19 -0.956971
    outer loop
      vertex 61.1506 105 12.5706
      vertex 60.8317 102 12.6673
      vertex 60.8317 105 12.6673
    endloop
  endfacet
  facet normal -0.471413 2.46376e-18 -0.881912
    outer loop
      vertex 61.1506 102 12.5706
      vertex 61.4445 105 12.4135
      vertex 61.4445 102 12.4135
    endloop
  endfacet
  facet normal -0.471413 2.46376e-18 -0.881912
    outer loop
      vertex 61.4445 105 12.4135
      vertex 61.1506 102 12.5706
      vertex 61.1506 105 12.5706
    endloop
  endfacet
  facet normal 0.956971 0 -0.290182
    outer loop
      vertex 58.9294 102 11.6506
      vertex 58.8327 105 11.3317
      vertex 58.9294 105 11.6506
    endloop
  endfacet
  facet normal 0.956971 0 -0.290182
    outer loop
      vertex 58.8327 105 11.3317
      vertex 58.9294 102 11.6506
      vertex 58.8327 102 11.3317
    endloop
  endfacet
  facet normal 0.881912 0 -0.471413
    outer loop
      vertex 59.0865 102 11.9445
      vertex 58.9294 105 11.6506
      vertex 59.0865 105 11.9445
    endloop
  endfacet
  facet normal 0.881912 0 -0.471413
    outer loop
      vertex 58.9294 105 11.6506
      vertex 59.0865 102 11.9445
      vertex 58.9294 102 11.6506
    endloop
  endfacet
  facet normal 0.290182 4.64306e-19 -0.956971
    outer loop
      vertex 59.8494 102 12.5706
      vertex 60.1683 105 12.6673
      vertex 60.1683 102 12.6673
    endloop
  endfacet
  facet normal 0.290182 4.64306e-19 -0.956971
    outer loop
      vertex 60.1683 105 12.6673
      vertex 59.8494 102 12.5706
      vertex 59.8494 105 12.5706
    endloop
  endfacet
  facet normal -0.995176 0 0.0981075
    outer loop
      vertex 62.1673 102 10.6683
      vertex 62.2 105 11
      vertex 62.1673 105 10.6683
    endloop
  endfacet
  facet normal -0.995176 0 0.0981075
    outer loop
      vertex 62.2 105 11
      vertex 62.1673 102 10.6683
      vertex 62.2 102 11
    endloop
  endfacet
  facet normal 0.0979886 -7.27665e-19 0.995188
    outer loop
      vertex 60.1683 105 9.33266
      vertex 60.5 102 9.3
      vertex 60.5 105 9.3
    endloop
  endfacet
  facet normal 0.0979886 -7.27665e-19 0.995188
    outer loop
      vertex 60.5 102 9.3
      vertex 60.1683 105 9.33266
      vertex 60.1683 102 9.33266
    endloop
  endfacet
  facet normal 0.881912 -0 0.471413
    outer loop
      vertex 58.9294 102 10.3494
      vertex 59.0865 105 10.0555
      vertex 58.9294 105 10.3494
    endloop
  endfacet
  facet normal 0.881912 0 0.471413
    outer loop
      vertex 59.0865 105 10.0555
      vertex 58.9294 102 10.3494
      vertex 59.0865 102 10.0555
    endloop
  endfacet
  facet normal -0.290292 -6.23571e-19 0.956938
    outer loop
      vertex 60.8317 105 9.33266
      vertex 61.1506 102 9.4294
      vertex 61.1506 105 9.4294
    endloop
  endfacet
  facet normal -0.290292 -6.23571e-19 0.956938
    outer loop
      vertex 61.1506 102 9.4294
      vertex 60.8317 105 9.33266
      vertex 60.8317 102 9.33266
    endloop
  endfacet
  facet normal -0.471413 -2.46376e-18 0.881912
    outer loop
      vertex 61.1506 105 9.4294
      vertex 61.4445 102 9.5865
      vertex 61.4445 105 9.5865
    endloop
  endfacet
  facet normal -0.471413 -2.46376e-18 0.881912
    outer loop
      vertex 61.4445 102 9.5865
      vertex 61.1506 105 9.4294
      vertex 61.1506 102 9.4294
    endloop
  endfacet
  facet normal -0.773021 0 -0.634381
    outer loop
      vertex 61.9135 102 11.9445
      vertex 61.7021 105 12.2021
      vertex 61.9135 105 11.9445
    endloop
  endfacet
  facet normal -0.773021 -0 -0.634381
    outer loop
      vertex 61.7021 105 12.2021
      vertex 61.9135 102 11.9445
      vertex 61.7021 102 12.2021
    endloop
  endfacet
  facet normal -0.0981075 8.00507e-19 -0.995176
    outer loop
      vertex 60.5 102 12.7
      vertex 60.8317 105 12.6673
      vertex 60.8317 102 12.6673
    endloop
  endfacet
  facet normal -0.0981075 8.00507e-19 -0.995176
    outer loop
      vertex 60.8317 105 12.6673
      vertex 60.5 102 12.7
      vertex 60.5 105 12.7
    endloop
  endfacet
  facet normal 0.995176 0 -0.0981075
    outer loop
      vertex 58.8327 102 11.3317
      vertex 58.8 105 11
      vertex 58.8327 105 11.3317
    endloop
  endfacet
  facet normal 0.995176 0 -0.0981075
    outer loop
      vertex 58.8 105 11
      vertex 58.8327 102 11.3317
      vertex 58.8 102 11
    endloop
  endfacet
  facet normal 0.995176 -0 0.0981075
    outer loop
      vertex 58.8 102 11
      vertex 58.8327 105 10.6683
      vertex 58.8 105 11
    endloop
  endfacet
  facet normal 0.995176 0 0.0981075
    outer loop
      vertex 58.8327 105 10.6683
      vertex 58.8 102 11
      vertex 58.8327 102 10.6683
    endloop
  endfacet
  facet normal 0.634381 -8.67609e-19 -0.773021
    outer loop
      vertex 59.2979 102 12.2021
      vertex 59.5555 105 12.4135
      vertex 59.5555 102 12.4135
    endloop
  endfacet
  facet normal 0.634381 -8.67609e-19 -0.773021
    outer loop
      vertex 59.5555 105 12.4135
      vertex 59.2979 102 12.2021
      vertex 59.2979 105 12.2021
    endloop
  endfacet
  facet normal -0.881912 0 0.471413
    outer loop
      vertex 61.9135 102 10.0555
      vertex 62.0706 105 10.3494
      vertex 61.9135 105 10.0555
    endloop
  endfacet
  facet normal -0.881912 0 0.471413
    outer loop
      vertex 62.0706 105 10.3494
      vertex 61.9135 102 10.0555
      vertex 62.0706 102 10.3494
    endloop
  endfacet
  facet normal 0.634417 -1.1353e-18 0.772991
    outer loop
      vertex 59.2979 105 9.79792
      vertex 59.5555 102 9.5865
      vertex 59.5555 105 9.5865
    endloop
  endfacet
  facet normal 0.634417 -1.1353e-18 0.772991
    outer loop
      vertex 59.5555 102 9.5865
      vertex 59.2979 105 9.79792
      vertex 59.2979 102 9.79792
    endloop
  endfacet
  facet normal 0.772996 -0 0.63441
    outer loop
      vertex 59.0865 102 10.0555
      vertex 59.2979 105 9.79792
      vertex 59.0865 105 10.0555
    endloop
  endfacet
  facet normal 0.772996 0 0.63441
    outer loop
      vertex 59.2979 105 9.79792
      vertex 59.0865 102 10.0555
      vertex 59.2979 102 9.79792
    endloop
  endfacet
  facet normal 0.956971 -0 0.290182
    outer loop
      vertex 58.8327 102 10.6683
      vertex 58.9294 105 10.3494
      vertex 58.8327 105 10.6683
    endloop
  endfacet
  facet normal 0.956971 0 0.290182
    outer loop
      vertex 58.9294 105 10.3494
      vertex 58.8327 102 10.6683
      vertex 58.9294 102 10.3494
    endloop
  endfacet
  facet normal -0.0979886 7.27665e-19 0.995188
    outer loop
      vertex 60.5 105 9.3
      vertex 60.8317 102 9.33266
      vertex 60.8317 105 9.33266
    endloop
  endfacet
  facet normal -0.0979886 7.27665e-19 0.995188
    outer loop
      vertex 60.8317 102 9.33266
      vertex 60.5 105 9.3
      vertex 60.5 102 9.3
    endloop
  endfacet
  facet normal -0.956971 0 0.290182
    outer loop
      vertex 62.0706 102 10.3494
      vertex 62.1673 105 10.6683
      vertex 62.0706 105 10.3494
    endloop
  endfacet
  facet normal -0.956971 0 0.290182
    outer loop
      vertex 62.1673 105 10.6683
      vertex 62.0706 102 10.3494
      vertex 62.1673 102 10.6683
    endloop
  endfacet
  facet normal 0.471413 2.46376e-18 0.881912
    outer loop
      vertex 59.5555 105 9.5865
      vertex 59.8494 102 9.4294
      vertex 59.8494 105 9.4294
    endloop
  endfacet
  facet normal 0.471413 2.46376e-18 0.881912
    outer loop
      vertex 59.8494 102 9.4294
      vertex 59.5555 105 9.5865
      vertex 59.5555 102 9.5865
    endloop
  endfacet
  facet normal -0.634417 1.1353e-18 0.772991
    outer loop
      vertex 61.4445 105 9.5865
      vertex 61.7021 102 9.79792
      vertex 61.7021 105 9.79792
    endloop
  endfacet
  facet normal -0.634417 1.1353e-18 0.772991
    outer loop
      vertex 61.7021 102 9.79792
      vertex 61.4445 105 9.5865
      vertex 61.4445 102 9.5865
    endloop
  endfacet
  facet normal -0.772996 0 0.63441
    outer loop
      vertex 61.7021 102 9.79792
      vertex 61.9135 105 10.0555
      vertex 61.7021 105 9.79792
    endloop
  endfacet
  facet normal -0.772996 0 0.63441
    outer loop
      vertex 61.9135 105 10.0555
      vertex 61.7021 102 9.79792
      vertex 61.9135 102 10.0555
    endloop
  endfacet
  facet normal 0.290292 6.23571e-19 0.956938
    outer loop
      vertex 59.8494 105 9.4294
      vertex 60.1683 102 9.33266
      vertex 60.1683 105 9.33266
    endloop
  endfacet
  facet normal 0.290292 6.23571e-19 0.956938
    outer loop
      vertex 60.1683 102 9.33266
      vertex 59.8494 105 9.4294
      vertex 59.8494 102 9.4294
    endloop
  endfacet
  facet normal -0.995176 0 -0.0981075
    outer loop
      vertex 62.2 102 39
      vertex 62.1673 105 39.3317
      vertex 62.2 105 39
    endloop
  endfacet
  facet normal -0.995176 -0 -0.0981075
    outer loop
      vertex 62.1673 105 39.3317
      vertex 62.2 102 39
      vertex 62.1673 102 39.3317
    endloop
  endfacet
  facet normal -0.956971 0 -0.290182
    outer loop
      vertex 62.1673 102 39.3317
      vertex 62.0706 105 39.6506
      vertex 62.1673 105 39.3317
    endloop
  endfacet
  facet normal -0.956971 -0 -0.290182
    outer loop
      vertex 62.0706 105 39.6506
      vertex 62.1673 102 39.3317
      vertex 62.0706 102 39.6506
    endloop
  endfacet
  facet normal 0.0981075 -7.70012e-19 -0.995176
    outer loop
      vertex 60.1683 102 40.6673
      vertex 60.5 105 40.7
      vertex 60.5 102 40.7
    endloop
  endfacet
  facet normal 0.0981075 -7.70012e-19 -0.995176
    outer loop
      vertex 60.5 105 40.7
      vertex 60.1683 102 40.6673
      vertex 60.1683 105 40.6673
    endloop
  endfacet
  facet normal -0.634381 1.62338e-18 -0.773021
    outer loop
      vertex 61.4445 102 40.4135
      vertex 61.7021 105 40.2021
      vertex 61.7021 102 40.2021
    endloop
  endfacet
  facet normal -0.634381 1.62338e-18 -0.773021
    outer loop
      vertex 61.7021 105 40.2021
      vertex 61.4445 102 40.4135
      vertex 61.4445 105 40.4135
    endloop
  endfacet
  facet normal 0.773021 0 -0.634381
    outer loop
      vertex 59.2979 102 40.2021
      vertex 59.0865 105 39.9445
      vertex 59.2979 105 40.2021
    endloop
  endfacet
  facet normal 0.773021 0 -0.634381
    outer loop
      vertex 59.0865 105 39.9445
      vertex 59.2979 102 40.2021
      vertex 59.0865 102 39.9445
    endloop
  endfacet
  facet normal 0.471413 -2.46376e-18 -0.881912
    outer loop
      vertex 59.5555 102 40.4135
      vertex 59.8494 105 40.5706
      vertex 59.8494 102 40.5706
    endloop
  endfacet
  facet normal 0.471413 -2.46376e-18 -0.881912
    outer loop
      vertex 59.8494 105 40.5706
      vertex 59.5555 102 40.4135
      vertex 59.5555 105 40.4135
    endloop
  endfacet
  facet normal -0.881912 0 -0.471413
    outer loop
      vertex 62.0706 102 39.6506
      vertex 61.9135 105 39.9445
      vertex 62.0706 105 39.6506
    endloop
  endfacet
  facet normal -0.881912 -0 -0.471413
    outer loop
      vertex 61.9135 105 39.9445
      vertex 62.0706 102 39.6506
      vertex 61.9135 102 39.9445
    endloop
  endfacet
  facet normal -0.290182 -4.64306e-19 -0.956971
    outer loop
      vertex 60.8317 102 40.6673
      vertex 61.1506 105 40.5706
      vertex 61.1506 102 40.5706
    endloop
  endfacet
  facet normal -0.290182 -4.64306e-19 -0.956971
    outer loop
      vertex 61.1506 105 40.5706
      vertex 60.8317 102 40.6673
      vertex 60.8317 105 40.6673
    endloop
  endfacet
  facet normal -0.471413 2.46376e-18 -0.881912
    outer loop
      vertex 61.1506 102 40.5706
      vertex 61.4445 105 40.4135
      vertex 61.4445 102 40.4135
    endloop
  endfacet
  facet normal -0.471413 2.46376e-18 -0.881912
    outer loop
      vertex 61.4445 105 40.4135
      vertex 61.1506 102 40.5706
      vertex 61.1506 105 40.5706
    endloop
  endfacet
  facet normal 0.956971 0 -0.290182
    outer loop
      vertex 58.9294 102 39.6506
      vertex 58.8327 105 39.3317
      vertex 58.9294 105 39.6506
    endloop
  endfacet
  facet normal 0.956971 0 -0.290182
    outer loop
      vertex 58.8327 105 39.3317
      vertex 58.9294 102 39.6506
      vertex 58.8327 102 39.3317
    endloop
  endfacet
  facet normal 0.881912 0 -0.471413
    outer loop
      vertex 59.0865 102 39.9445
      vertex 58.9294 105 39.6506
      vertex 59.0865 105 39.9445
    endloop
  endfacet
  facet normal 0.881912 0 -0.471413
    outer loop
      vertex 58.9294 105 39.6506
      vertex 59.0865 102 39.9445
      vertex 58.9294 102 39.6506
    endloop
  endfacet
  facet normal 0.290182 4.64306e-19 -0.956971
    outer loop
      vertex 59.8494 102 40.5706
      vertex 60.1683 105 40.6673
      vertex 60.1683 102 40.6673
    endloop
  endfacet
  facet normal 0.290182 4.64306e-19 -0.956971
    outer loop
      vertex 60.1683 105 40.6673
      vertex 59.8494 102 40.5706
      vertex 59.8494 105 40.5706
    endloop
  endfacet
  facet normal -0.995176 0 0.0981075
    outer loop
      vertex 62.1673 102 38.6683
      vertex 62.2 105 39
      vertex 62.1673 105 38.6683
    endloop
  endfacet
  facet normal -0.995176 0 0.0981075
    outer loop
      vertex 62.2 105 39
      vertex 62.1673 102 38.6683
      vertex 62.2 102 39
    endloop
  endfacet
  facet normal 0.0981075 7.70012e-19 0.995176
    outer loop
      vertex 60.1683 105 37.3327
      vertex 60.5 102 37.3
      vertex 60.5 105 37.3
    endloop
  endfacet
  facet normal 0.0981075 7.70012e-19 0.995176
    outer loop
      vertex 60.5 102 37.3
      vertex 60.1683 105 37.3327
      vertex 60.1683 102 37.3327
    endloop
  endfacet
  facet normal 0.881912 -0 0.471413
    outer loop
      vertex 58.9294 102 38.3494
      vertex 59.0865 105 38.0555
      vertex 58.9294 105 38.3494
    endloop
  endfacet
  facet normal 0.881912 0 0.471413
    outer loop
      vertex 59.0865 105 38.0555
      vertex 58.9294 102 38.3494
      vertex 59.0865 102 38.0555
    endloop
  endfacet
  facet normal -0.290182 4.64306e-19 0.956971
    outer loop
      vertex 60.8317 105 37.3327
      vertex 61.1506 102 37.4294
      vertex 61.1506 105 37.4294
    endloop
  endfacet
  facet normal -0.290182 4.64306e-19 0.956971
    outer loop
      vertex 61.1506 102 37.4294
      vertex 60.8317 105 37.3327
      vertex 60.8317 102 37.3327
    endloop
  endfacet
  facet normal -0.471413 -2.46376e-18 0.881912
    outer loop
      vertex 61.1506 105 37.4294
      vertex 61.4445 102 37.5865
      vertex 61.4445 105 37.5865
    endloop
  endfacet
  facet normal -0.471413 -2.46376e-18 0.881912
    outer loop
      vertex 61.4445 102 37.5865
      vertex 61.1506 105 37.4294
      vertex 61.1506 102 37.4294
    endloop
  endfacet
  facet normal -0.773021 0 -0.634381
    outer loop
      vertex 61.9135 102 39.9445
      vertex 61.7021 105 40.2021
      vertex 61.9135 105 39.9445
    endloop
  endfacet
  facet normal -0.773021 -0 -0.634381
    outer loop
      vertex 61.7021 105 40.2021
      vertex 61.9135 102 39.9445
      vertex 61.7021 102 40.2021
    endloop
  endfacet
  facet normal -0.0981075 7.70012e-19 -0.995176
    outer loop
      vertex 60.5 102 40.7
      vertex 60.8317 105 40.6673
      vertex 60.8317 102 40.6673
    endloop
  endfacet
  facet normal -0.0981075 7.70012e-19 -0.995176
    outer loop
      vertex 60.8317 105 40.6673
      vertex 60.5 102 40.7
      vertex 60.5 105 40.7
    endloop
  endfacet
  facet normal 0.995176 0 -0.0981075
    outer loop
      vertex 58.8327 102 39.3317
      vertex 58.8 105 39
      vertex 58.8327 105 39.3317
    endloop
  endfacet
  facet normal 0.995176 0 -0.0981075
    outer loop
      vertex 58.8 105 39
      vertex 58.8327 102 39.3317
      vertex 58.8 102 39
    endloop
  endfacet
  facet normal 0.995176 -0 0.0981075
    outer loop
      vertex 58.8 102 39
      vertex 58.8327 105 38.6683
      vertex 58.8 105 39
    endloop
  endfacet
  facet normal 0.995176 0 0.0981075
    outer loop
      vertex 58.8327 105 38.6683
      vertex 58.8 102 39
      vertex 58.8327 102 38.6683
    endloop
  endfacet
  facet normal 0.634381 -1.62338e-18 -0.773021
    outer loop
      vertex 59.2979 102 40.2021
      vertex 59.5555 105 40.4135
      vertex 59.5555 102 40.4135
    endloop
  endfacet
  facet normal 0.634381 -1.62338e-18 -0.773021
    outer loop
      vertex 59.5555 105 40.4135
      vertex 59.2979 102 40.2021
      vertex 59.2979 105 40.2021
    endloop
  endfacet
  facet normal -0.881912 0 0.471413
    outer loop
      vertex 61.9135 102 38.0555
      vertex 62.0706 105 38.3494
      vertex 61.9135 105 38.0555
    endloop
  endfacet
  facet normal -0.881912 0 0.471413
    outer loop
      vertex 62.0706 105 38.3494
      vertex 61.9135 102 38.0555
      vertex 62.0706 102 38.3494
    endloop
  endfacet
  facet normal 0.634381 1.62338e-18 0.773021
    outer loop
      vertex 59.2979 105 37.7979
      vertex 59.5555 102 37.5865
      vertex 59.5555 105 37.5865
    endloop
  endfacet
  facet normal 0.634381 1.62338e-18 0.773021
    outer loop
      vertex 59.5555 102 37.5865
      vertex 59.2979 105 37.7979
      vertex 59.2979 102 37.7979
    endloop
  endfacet
  facet normal 0.773021 -0 0.634381
    outer loop
      vertex 59.0865 102 38.0555
      vertex 59.2979 105 37.7979
      vertex 59.0865 105 38.0555
    endloop
  endfacet
  facet normal 0.773021 0 0.634381
    outer loop
      vertex 59.2979 105 37.7979
      vertex 59.0865 102 38.0555
      vertex 59.2979 102 37.7979
    endloop
  endfacet
  facet normal 0.956971 -0 0.290182
    outer loop
      vertex 58.8327 102 38.6683
      vertex 58.9294 105 38.3494
      vertex 58.8327 105 38.6683
    endloop
  endfacet
  facet normal 0.956971 0 0.290182
    outer loop
      vertex 58.9294 105 38.3494
      vertex 58.8327 102 38.6683
      vertex 58.9294 102 38.3494
    endloop
  endfacet
  facet normal -0.0981075 -7.70012e-19 0.995176
    outer loop
      vertex 60.5 105 37.3
      vertex 60.8317 102 37.3327
      vertex 60.8317 105 37.3327
    endloop
  endfacet
  facet normal -0.0981075 -7.70012e-19 0.995176
    outer loop
      vertex 60.8317 102 37.3327
      vertex 60.5 105 37.3
      vertex 60.5 102 37.3
    endloop
  endfacet
  facet normal -0.956971 0 0.290182
    outer loop
      vertex 62.0706 102 38.3494
      vertex 62.1673 105 38.6683
      vertex 62.0706 105 38.3494
    endloop
  endfacet
  facet normal -0.956971 0 0.290182
    outer loop
      vertex 62.1673 105 38.6683
      vertex 62.0706 102 38.3494
      vertex 62.1673 102 38.6683
    endloop
  endfacet
  facet normal 0.471413 2.46376e-18 0.881912
    outer loop
      vertex 59.5555 105 37.5865
      vertex 59.8494 102 37.4294
      vertex 59.8494 105 37.4294
    endloop
  endfacet
  facet normal 0.471413 2.46376e-18 0.881912
    outer loop
      vertex 59.8494 102 37.4294
      vertex 59.5555 105 37.5865
      vertex 59.5555 102 37.5865
    endloop
  endfacet
  facet normal -0.634381 -1.62338e-18 0.773021
    outer loop
      vertex 61.4445 105 37.5865
      vertex 61.7021 102 37.7979
      vertex 61.7021 105 37.7979
    endloop
  endfacet
  facet normal -0.634381 -1.62338e-18 0.773021
    outer loop
      vertex 61.7021 102 37.7979
      vertex 61.4445 105 37.5865
      vertex 61.4445 102 37.5865
    endloop
  endfacet
  facet normal -0.773021 0 0.634381
    outer loop
      vertex 61.7021 102 37.7979
      vertex 61.9135 105 38.0555
      vertex 61.7021 105 37.7979
    endloop
  endfacet
  facet normal -0.773021 0 0.634381
    outer loop
      vertex 61.9135 105 38.0555
      vertex 61.7021 102 37.7979
      vertex 61.9135 102 38.0555
    endloop
  endfacet
  facet normal 0.290182 -4.64306e-19 0.956971
    outer loop
      vertex 59.8494 105 37.4294
      vertex 60.1683 102 37.3327
      vertex 60.1683 105 37.3327
    endloop
  endfacet
  facet normal 0.290182 -4.64306e-19 0.956971
    outer loop
      vertex 60.1683 102 37.3327
      vertex 59.8494 105 37.4294
      vertex 59.8494 102 37.4294
    endloop
  endfacet
  facet normal 1 -0 0
    outer loop
      vertex -54 102 47
      vertex -54 105 3
      vertex -54 105 47
    endloop
  endfacet
  facet normal 1 0 0
    outer loop
      vertex -54 105 3
      vertex -54 102 47
      vertex -54 102 3
    endloop
  endfacet
  facet normal 0 0 -1
    outer loop
      vertex -54 102 47
      vertex 54 105 47
      vertex 54 102 47
    endloop
  endfacet
  facet normal -0 0 -1
    outer loop
      vertex 54 105 47
      vertex -54 102 47
      vertex -54 105 47
    endloop
  endfacet
  facet normal -1 0 0
    outer loop
      vertex 54 102 3
      vertex 54 105 47
      vertex 54 105 3
    endloop
  endfacet
  facet normal -1 -0 0
    outer loop
      vertex 54 105 47
      vertex 54 102 3
      vertex 54 102 47
    endloop
  endfacet
  facet normal 0 -0.111902 0.993719
    outer loop
      vertex -68.2 -90.6217 11.3426
      vertex -65.2 -91 11.3
      vertex -65.2 -90.6217 11.3426
    endloop
  endfacet
  facet normal 0 -0.111902 0.993719
    outer loop
      vertex -65.2 -91 11.3
      vertex -68.2 -90.6217 11.3426
      vertex -68.2 -91 11.3
    endloop
  endfacet
  facet normal 0 -0.111902 -0.993719
    outer loop
      vertex -68.2 -91 14.7
      vertex -65.2 -90.6217 14.6574
      vertex -65.2 -91 14.7
    endloop
  endfacet
  facet normal -0 -0.111902 -0.993719
    outer loop
      vertex -65.2 -90.6217 14.6574
      vertex -68.2 -91 14.7
      vertex -68.2 -90.6217 14.6574
    endloop
  endfacet
  facet normal 1.18518e-18 -0.993719 -0.111902
    outer loop
      vertex -68.2 -89.3 13
      vertex -65.2 -89.3426 13.3783
      vertex -68.2 -89.3426 13.3783
    endloop
  endfacet
  facet normal 1.18518e-18 -0.993719 -0.111902
    outer loop
      vertex -65.2 -89.3426 13.3783
      vertex -68.2 -89.3 13
      vertex -65.2 -89.3 13
    endloop
  endfacet
  facet normal 1.18518e-18 0.993719 0.111902
    outer loop
      vertex -65.2 -92.6574 12.6217
      vertex -68.2 -92.7 13
      vertex -65.2 -92.7 13
    endloop
  endfacet
  facet normal 1.18518e-18 0.993719 0.111902
    outer loop
      vertex -68.2 -92.7 13
      vertex -65.2 -92.6574 12.6217
      vertex -68.2 -92.6574 12.6217
    endloop
  endfacet
  facet normal -9.91005e-19 -0.846741 0.532005
    outer loop
      vertex -68.2 -89.6709 11.9401
      vertex -65.2 -89.4684 12.2624
      vertex -68.2 -89.4684 12.2624
    endloop
  endfacet
  facet normal -9.91005e-19 -0.846741 0.532005
    outer loop
      vertex -65.2 -89.4684 12.2624
      vertex -68.2 -89.6709 11.9401
      vertex -65.2 -89.6709 11.9401
    endloop
  endfacet
  facet normal 2.48312e-18 -0.943821 0.330456
    outer loop
      vertex -68.2 -89.4684 12.2624
      vertex -65.2 -89.3426 12.6217
      vertex -68.2 -89.3426 12.6217
    endloop
  endfacet
  facet normal 2.48312e-18 -0.943821 0.330456
    outer loop
      vertex -65.2 -89.3426 12.6217
      vertex -68.2 -89.4684 12.2624
      vertex -65.2 -89.4684 12.2624
    endloop
  endfacet
  facet normal 4.38453e-18 -0.707107 -0.707107
    outer loop
      vertex -68.2 -89.6709 14.0599
      vertex -65.2 -89.9401 14.3291
      vertex -68.2 -89.9401 14.3291
    endloop
  endfacet
  facet normal 4.38453e-18 -0.707107 -0.707107
    outer loop
      vertex -65.2 -89.9401 14.3291
      vertex -68.2 -89.6709 14.0599
      vertex -65.2 -89.6709 14.0599
    endloop
  endfacet
  facet normal -2.48312e-18 -0.943821 -0.330456
    outer loop
      vertex -68.2 -89.3426 13.3783
      vertex -65.2 -89.4684 13.7376
      vertex -68.2 -89.4684 13.7376
    endloop
  endfacet
  facet normal -2.48312e-18 -0.943821 -0.330456
    outer loop
      vertex -65.2 -89.4684 13.7376
      vertex -68.2 -89.3426 13.3783
      vertex -65.2 -89.3426 13.3783
    endloop
  endfacet
  facet normal -0 0.532005 0.846741
    outer loop
      vertex -68.2 -91.7376 11.4684
      vertex -65.2 -92.0599 11.6709
      vertex -65.2 -91.7376 11.4684
    endloop
  endfacet
  facet normal 0 0.532005 0.846741
    outer loop
      vertex -65.2 -92.0599 11.6709
      vertex -68.2 -91.7376 11.4684
      vertex -68.2 -92.0599 11.6709
    endloop
  endfacet
  facet normal 0 -0.330456 0.943821
    outer loop
      vertex -68.2 -90.2624 11.4684
      vertex -65.2 -90.6217 11.3426
      vertex -65.2 -90.2624 11.4684
    endloop
  endfacet
  facet normal 0 -0.330456 0.943821
    outer loop
      vertex -65.2 -90.6217 11.3426
      vertex -68.2 -90.2624 11.4684
      vertex -68.2 -90.6217 11.3426
    endloop
  endfacet
  facet normal -4.38453e-18 -0.707107 0.707107
    outer loop
      vertex -68.2 -89.9401 11.6709
      vertex -65.2 -89.6709 11.9401
      vertex -68.2 -89.6709 11.9401
    endloop
  endfacet
  facet normal -4.38453e-18 -0.707107 0.707107
    outer loop
      vertex -65.2 -89.6709 11.9401
      vertex -68.2 -89.9401 11.6709
      vertex -65.2 -89.9401 11.6709
    endloop
  endfacet
  facet normal -1.18518e-18 -0.993719 0.111902
    outer loop
      vertex -68.2 -89.3426 12.6217
      vertex -65.2 -89.3 13
      vertex -68.2 -89.3 13
    endloop
  endfacet
  facet normal -1.18518e-18 -0.993719 0.111902
    outer loop
      vertex -65.2 -89.3 13
      vertex -68.2 -89.3426 12.6217
      vertex -65.2 -89.3426 12.6217
    endloop
  endfacet
  facet normal 0 -0.532005 -0.846741
    outer loop
      vertex -68.2 -90.2624 14.5316
      vertex -65.2 -89.9401 14.3291
      vertex -65.2 -90.2624 14.5316
    endloop
  endfacet
  facet normal -0 -0.532005 -0.846741
    outer loop
      vertex -65.2 -89.9401 14.3291
      vertex -68.2 -90.2624 14.5316
      vertex -68.2 -89.9401 14.3291
    endloop
  endfacet
  facet normal 0 -0.330456 -0.943821
    outer loop
      vertex -68.2 -90.6217 14.6574
      vertex -65.2 -90.2624 14.5316
      vertex -65.2 -90.6217 14.6574
    endloop
  endfacet
  facet normal -0 -0.330456 -0.943821
    outer loop
      vertex -65.2 -90.2624 14.5316
      vertex -68.2 -90.6217 14.6574
      vertex -68.2 -90.2624 14.5316
    endloop
  endfacet
  facet normal 9.91005e-19 -0.846741 -0.532005
    outer loop
      vertex -68.2 -89.4684 13.7376
      vertex -65.2 -89.6709 14.0599
      vertex -68.2 -89.6709 14.0599
    endloop
  endfacet
  facet normal 9.91005e-19 -0.846741 -0.532005
    outer loop
      vertex -65.2 -89.6709 14.0599
      vertex -68.2 -89.4684 13.7376
      vertex -65.2 -89.4684 13.7376
    endloop
  endfacet
  facet normal -0 0.111902 0.993719
    outer loop
      vertex -68.2 -91 11.3
      vertex -65.2 -91.3783 11.3426
      vertex -65.2 -91 11.3
    endloop
  endfacet
  facet normal 0 0.111902 0.993719
    outer loop
      vertex -65.2 -91.3783 11.3426
      vertex -68.2 -91 11.3
      vertex -68.2 -91.3783 11.3426
    endloop
  endfacet
  facet normal 0 0.532005 -0.846741
    outer loop
      vertex -68.2 -92.0599 14.3291
      vertex -65.2 -91.7376 14.5316
      vertex -65.2 -92.0599 14.3291
    endloop
  endfacet
  facet normal 0 0.532005 -0.846741
    outer loop
      vertex -65.2 -91.7376 14.5316
      vertex -68.2 -92.0599 14.3291
      vertex -68.2 -91.7376 14.5316
    endloop
  endfacet
  facet normal -0 0.330456 0.943821
    outer loop
      vertex -68.2 -91.3783 11.3426
      vertex -65.2 -91.7376 11.4684
      vertex -65.2 -91.3783 11.3426
    endloop
  endfacet
  facet normal 0 0.330456 0.943821
    outer loop
      vertex -65.2 -91.7376 11.4684
      vertex -68.2 -91.3783 11.3426
      vertex -68.2 -91.7376 11.4684
    endloop
  endfacet
  facet normal 0 -0.532005 0.846741
    outer loop
      vertex -68.2 -89.9401 11.6709
      vertex -65.2 -90.2624 11.4684
      vertex -65.2 -89.9401 11.6709
    endloop
  endfacet
  facet normal 0 -0.532005 0.846741
    outer loop
      vertex -65.2 -90.2624 11.4684
      vertex -68.2 -89.9401 11.6709
      vertex -68.2 -90.2624 11.4684
    endloop
  endfacet
  facet normal -0 0.707107 0.707107
    outer loop
      vertex -68.2 -92.0599 11.6709
      vertex -65.2 -92.3291 11.9401
      vertex -65.2 -92.0599 11.6709
    endloop
  endfacet
  facet normal 0 0.707107 0.707107
    outer loop
      vertex -65.2 -92.3291 11.9401
      vertex -68.2 -92.0599 11.6709
      vertex -68.2 -92.3291 11.9401
    endloop
  endfacet
  facet normal -1.18518e-18 0.993719 -0.111902
    outer loop
      vertex -65.2 -92.7 13
      vertex -68.2 -92.6574 13.3783
      vertex -65.2 -92.6574 13.3783
    endloop
  endfacet
  facet normal -1.18518e-18 0.993719 -0.111902
    outer loop
      vertex -68.2 -92.6574 13.3783
      vertex -65.2 -92.7 13
      vertex -68.2 -92.7 13
    endloop
  endfacet
  facet normal -9.91005e-19 0.846741 -0.532005
    outer loop
      vertex -65.2 -92.5316 13.7376
      vertex -68.2 -92.3291 14.0599
      vertex -65.2 -92.3291 14.0599
    endloop
  endfacet
  facet normal -9.91005e-19 0.846741 -0.532005
    outer loop
      vertex -68.2 -92.3291 14.0599
      vertex -65.2 -92.5316 13.7376
      vertex -68.2 -92.5316 13.7376
    endloop
  endfacet
  facet normal 0 0.707107 -0.707107
    outer loop
      vertex -68.2 -92.3291 14.0599
      vertex -65.2 -92.0599 14.3291
      vertex -65.2 -92.3291 14.0599
    endloop
  endfacet
  facet normal 0 0.707107 -0.707107
    outer loop
      vertex -65.2 -92.0599 14.3291
      vertex -68.2 -92.3291 14.0599
      vertex -68.2 -92.0599 14.3291
    endloop
  endfacet
  facet normal 0 0.330456 -0.943821
    outer loop
      vertex -68.2 -91.7376 14.5316
      vertex -65.2 -91.3783 14.6574
      vertex -65.2 -91.7376 14.5316
    endloop
  endfacet
  facet normal 0 0.330456 -0.943821
    outer loop
      vertex -65.2 -91.3783 14.6574
      vertex -68.2 -91.7376 14.5316
      vertex -68.2 -91.3783 14.6574
    endloop
  endfacet
  facet normal 0 0.111902 -0.993719
    outer loop
      vertex -68.2 -91.3783 14.6574
      vertex -65.2 -91 14.7
      vertex -65.2 -91.3783 14.6574
    endloop
  endfacet
  facet normal 0 0.111902 -0.993719
    outer loop
      vertex -65.2 -91 14.7
      vertex -68.2 -91.3783 14.6574
      vertex -68.2 -91 14.7
    endloop
  endfacet
  facet normal 9.91005e-19 0.846741 0.532005
    outer loop
      vertex -65.2 -92.3291 11.9401
      vertex -68.2 -92.5316 12.2624
      vertex -65.2 -92.5316 12.2624
    endloop
  endfacet
  facet normal 9.91005e-19 0.846741 0.532005
    outer loop
      vertex -68.2 -92.5316 12.2624
      vertex -65.2 -92.3291 11.9401
      vertex -68.2 -92.3291 11.9401
    endloop
  endfacet
  facet normal -2.48312e-18 0.943821 0.330456
    outer loop
      vertex -65.2 -92.5316 12.2624
      vertex -68.2 -92.6574 12.6217
      vertex -65.2 -92.6574 12.6217
    endloop
  endfacet
  facet normal -2.48312e-18 0.943821 0.330456
    outer loop
      vertex -68.2 -92.6574 12.6217
      vertex -65.2 -92.5316 12.2624
      vertex -68.2 -92.5316 12.2624
    endloop
  endfacet
  facet normal 2.48312e-18 0.943821 -0.330456
    outer loop
      vertex -65.2 -92.6574 13.3783
      vertex -68.2 -92.5316 13.7376
      vertex -65.2 -92.5316 13.7376
    endloop
  endfacet
  facet normal 2.48312e-18 0.943821 -0.330456
    outer loop
      vertex -68.2 -92.5316 13.7376
      vertex -65.2 -92.6574 13.3783
      vertex -68.2 -92.6574 13.3783
    endloop
  endfacet
  facet normal 0 -0.111902 0.993719
    outer loop
      vertex -68.2 -90.6217 73.3426
      vertex -65.2 -91 73.3
      vertex -65.2 -90.6217 73.3426
    endloop
  endfacet
  facet normal 0 -0.111902 0.993719
    outer loop
      vertex -65.2 -91 73.3
      vertex -68.2 -90.6217 73.3426
      vertex -68.2 -91 73.3
    endloop
  endfacet
  facet normal 0 -0.111902 -0.993719
    outer loop
      vertex -68.2 -91 76.7
      vertex -65.2 -90.6217 76.6574
      vertex -65.2 -91 76.7
    endloop
  endfacet
  facet normal -0 -0.111902 -0.993719
    outer loop
      vertex -65.2 -90.6217 76.6574
      vertex -68.2 -91 76.7
      vertex -68.2 -90.6217 76.6574
    endloop
  endfacet
  facet normal -7.0458e-19 -0.993719 -0.111902
    outer loop
      vertex -68.2 -89.3 75
      vertex -65.2 -89.3426 75.3783
      vertex -68.2 -89.3426 75.3783
    endloop
  endfacet
  facet normal -7.0458e-19 -0.993719 -0.111902
    outer loop
      vertex -65.2 -89.3426 75.3783
      vertex -68.2 -89.3 75
      vertex -65.2 -89.3 75
    endloop
  endfacet
  facet normal -7.0458e-19 0.993719 0.111902
    outer loop
      vertex -65.2 -92.6574 74.6217
      vertex -68.2 -92.7 75
      vertex -65.2 -92.7 75
    endloop
  endfacet
  facet normal -7.0458e-19 0.993719 0.111902
    outer loop
      vertex -68.2 -92.7 75
      vertex -65.2 -92.6574 74.6217
      vertex -68.2 -92.6574 74.6217
    endloop
  endfacet
  facet normal -1.96421e-18 -0.846741 0.532005
    outer loop
      vertex -68.2 -89.6709 73.9401
      vertex -65.2 -89.4684 74.2624
      vertex -68.2 -89.4684 74.2624
    endloop
  endfacet
  facet normal -1.96421e-18 -0.846741 0.532005
    outer loop
      vertex -65.2 -89.4684 74.2624
      vertex -68.2 -89.6709 73.9401
      vertex -65.2 -89.6709 73.9401
    endloop
  endfacet
  facet normal -5.93337e-21 -0.943821 0.330456
    outer loop
      vertex -68.2 -89.4684 74.2624
      vertex -65.2 -89.3426 74.6217
      vertex -68.2 -89.3426 74.6217
    endloop
  endfacet
  facet normal -5.93337e-21 -0.943821 0.330456
    outer loop
      vertex -65.2 -89.3426 74.6217
      vertex -68.2 -89.4684 74.2624
      vertex -65.2 -89.4684 74.2624
    endloop
  endfacet
  facet normal -1.17475e-18 -0.707107 -0.707107
    outer loop
      vertex -68.2 -89.6709 76.0599
      vertex -65.2 -89.9401 76.3291
      vertex -68.2 -89.9401 76.3291
    endloop
  endfacet
  facet normal -1.17475e-18 -0.707107 -0.707107
    outer loop
      vertex -65.2 -89.9401 76.3291
      vertex -68.2 -89.6709 76.0599
      vertex -65.2 -89.6709 76.0599
    endloop
  endfacet
  facet normal 5.93337e-21 -0.943821 -0.330456
    outer loop
      vertex -68.2 -89.3426 75.3783
      vertex -65.2 -89.4684 75.7376
      vertex -68.2 -89.4684 75.7376
    endloop
  endfacet
  facet normal 5.93337e-21 -0.943821 -0.330456
    outer loop
      vertex -65.2 -89.4684 75.7376
      vertex -68.2 -89.3426 75.3783
      vertex -65.2 -89.3426 75.3783
    endloop
  endfacet
  facet normal 0 -0.330456 0.943821
    outer loop
      vertex -68.2 -90.2624 73.4684
      vertex -65.2 -90.6217 73.3426
      vertex -65.2 -90.2624 73.4684
    endloop
  endfacet
  facet normal 0 -0.330456 0.943821
    outer loop
      vertex -65.2 -90.6217 73.3426
      vertex -68.2 -90.2624 73.4684
      vertex -68.2 -90.6217 73.3426
    endloop
  endfacet
  facet normal 1.17475e-18 -0.707107 0.707107
    outer loop
      vertex -68.2 -89.9401 73.6709
      vertex -65.2 -89.6709 73.9401
      vertex -68.2 -89.6709 73.9401
    endloop
  endfacet
  facet normal 1.17475e-18 -0.707107 0.707107
    outer loop
      vertex -65.2 -89.6709 73.9401
      vertex -68.2 -89.9401 73.6709
      vertex -65.2 -89.9401 73.6709
    endloop
  endfacet
  facet normal 7.0458e-19 -0.993719 0.111902
    outer loop
      vertex -68.2 -89.3426 74.6217
      vertex -65.2 -89.3 75
      vertex -68.2 -89.3 75
    endloop
  endfacet
  facet normal 7.0458e-19 -0.993719 0.111902
    outer loop
      vertex -65.2 -89.3 75
      vertex -68.2 -89.3426 74.6217
      vertex -65.2 -89.3426 74.6217
    endloop
  endfacet
  facet normal 0 -0.532005 -0.846741
    outer loop
      vertex -68.2 -90.2624 76.5316
      vertex -65.2 -89.9401 76.3291
      vertex -65.2 -90.2624 76.5316
    endloop
  endfacet
  facet normal -0 -0.532005 -0.846741
    outer loop
      vertex -65.2 -89.9401 76.3291
      vertex -68.2 -90.2624 76.5316
      vertex -68.2 -89.9401 76.3291
    endloop
  endfacet
  facet normal 0 -0.330456 -0.943821
    outer loop
      vertex -68.2 -90.6217 76.6574
      vertex -65.2 -90.2624 76.5316
      vertex -65.2 -90.6217 76.6574
    endloop
  endfacet
  facet normal -0 -0.330456 -0.943821
    outer loop
      vertex -65.2 -90.2624 76.5316
      vertex -68.2 -90.6217 76.6574
      vertex -68.2 -90.2624 76.5316
    endloop
  endfacet
  facet normal 1.96421e-18 -0.846741 -0.532005
    outer loop
      vertex -68.2 -89.4684 75.7376
      vertex -65.2 -89.6709 76.0599
      vertex -68.2 -89.6709 76.0599
    endloop
  endfacet
  facet normal 1.96421e-18 -0.846741 -0.532005
    outer loop
      vertex -65.2 -89.6709 76.0599
      vertex -68.2 -89.4684 75.7376
      vertex -65.2 -89.4684 75.7376
    endloop
  endfacet
  facet normal 0 0.532005 -0.846741
    outer loop
      vertex -68.2 -92.0599 76.3291
      vertex -65.2 -91.7376 76.5316
      vertex -65.2 -92.0599 76.3291
    endloop
  endfacet
  facet normal 0 0.532005 -0.846741
    outer loop
      vertex -65.2 -91.7376 76.5316
      vertex -68.2 -92.0599 76.3291
      vertex -68.2 -91.7376 76.5316
    endloop
  endfacet
  facet normal -0 0.330456 0.943821
    outer loop
      vertex -68.2 -91.3783 73.3426
      vertex -65.2 -91.7376 73.4684
      vertex -65.2 -91.3783 73.3426
    endloop
  endfacet
  facet normal 0 0.330456 0.943821
    outer loop
      vertex -65.2 -91.7376 73.4684
      vertex -68.2 -91.3783 73.3426
      vertex -68.2 -91.7376 73.4684
    endloop
  endfacet
  facet normal 0 -0.532005 0.846741
    outer loop
      vertex -68.2 -89.9401 73.6709
      vertex -65.2 -90.2624 73.4684
      vertex -65.2 -89.9401 73.6709
    endloop
  endfacet
  facet normal 0 -0.532005 0.846741
    outer loop
      vertex -65.2 -90.2624 73.4684
      vertex -68.2 -89.9401 73.6709
      vertex -68.2 -90.2624 73.4684
    endloop
  endfacet
  facet normal -0 0.707107 0.707107
    outer loop
      vertex -68.2 -92.0599 73.6709
      vertex -65.2 -92.3291 73.9401
      vertex -65.2 -92.0599 73.6709
    endloop
  endfacet
  facet normal 0 0.707107 0.707107
    outer loop
      vertex -65.2 -92.3291 73.9401
      vertex -68.2 -92.0599 73.6709
      vertex -68.2 -92.3291 73.9401
    endloop
  endfacet
  facet normal -0 0.111902 0.993719
    outer loop
      vertex -68.2 -91 73.3
      vertex -65.2 -91.3783 73.3426
      vertex -65.2 -91 73.3
    endloop
  endfacet
  facet normal 0 0.111902 0.993719
    outer loop
      vertex -65.2 -91.3783 73.3426
      vertex -68.2 -91 73.3
      vertex -68.2 -91.3783 73.3426
    endloop
  endfacet
  facet normal 7.0458e-19 0.993719 -0.111902
    outer loop
      vertex -65.2 -92.7 75
      vertex -68.2 -92.6574 75.3783
      vertex -65.2 -92.6574 75.3783
    endloop
  endfacet
  facet normal 7.0458e-19 0.993719 -0.111902
    outer loop
      vertex -68.2 -92.6574 75.3783
      vertex -65.2 -92.7 75
      vertex -68.2 -92.7 75
    endloop
  endfacet
  facet normal 1.17475e-18 0.707107 -0.707107
    outer loop
      vertex -65.2 -92.3291 76.0599
      vertex -68.2 -92.0599 76.3291
      vertex -65.2 -92.0599 76.3291
    endloop
  endfacet
  facet normal 1.17475e-18 0.707107 -0.707107
    outer loop
      vertex -68.2 -92.0599 76.3291
      vertex -65.2 -92.3291 76.0599
      vertex -68.2 -92.3291 76.0599
    endloop
  endfacet
  facet normal 0 0.330456 -0.943821
    outer loop
      vertex -68.2 -91.7376 76.5316
      vertex -65.2 -91.3783 76.6574
      vertex -65.2 -91.7376 76.5316
    endloop
  endfacet
  facet normal 0 0.330456 -0.943821
    outer loop
      vertex -65.2 -91.3783 76.6574
      vertex -68.2 -91.7376 76.5316
      vertex -68.2 -91.3783 76.6574
    endloop
  endfacet
  facet normal 0 0.111902 -0.993719
    outer loop
      vertex -68.2 -91.3783 76.6574
      vertex -65.2 -91 76.7
      vertex -65.2 -91.3783 76.6574
    endloop
  endfacet
  facet normal 0 0.111902 -0.993719
    outer loop
      vertex -65.2 -91 76.7
      vertex -68.2 -91.3783 76.6574
      vertex -68.2 -91 76.7
    endloop
  endfacet
  facet normal 1.96421e-18 0.846741 0.532005
    outer loop
      vertex -65.2 -92.3291 73.9401
      vertex -68.2 -92.5316 74.2624
      vertex -65.2 -92.5316 74.2624
    endloop
  endfacet
  facet normal 1.96421e-18 0.846741 0.532005
    outer loop
      vertex -68.2 -92.5316 74.2624
      vertex -65.2 -92.3291 73.9401
      vertex -68.2 -92.3291 73.9401
    endloop
  endfacet
  facet normal 5.93337e-21 0.943821 0.330456
    outer loop
      vertex -65.2 -92.5316 74.2624
      vertex -68.2 -92.6574 74.6217
      vertex -65.2 -92.6574 74.6217
    endloop
  endfacet
  facet normal 5.93337e-21 0.943821 0.330456
    outer loop
      vertex -68.2 -92.6574 74.6217
      vertex -65.2 -92.5316 74.2624
      vertex -68.2 -92.5316 74.2624
    endloop
  endfacet
  facet normal -0 0.532005 0.846741
    outer loop
      vertex -68.2 -91.7376 73.4684
      vertex -65.2 -92.0599 73.6709
      vertex -65.2 -91.7376 73.4684
    endloop
  endfacet
  facet normal 0 0.532005 0.846741
    outer loop
      vertex -65.2 -92.0599 73.6709
      vertex -68.2 -91.7376 73.4684
      vertex -68.2 -92.0599 73.6709
    endloop
  endfacet
  facet normal -5.93337e-21 0.943821 -0.330456
    outer loop
      vertex -65.2 -92.6574 75.3783
      vertex -68.2 -92.5316 75.7376
      vertex -65.2 -92.5316 75.7376
    endloop
  endfacet
  facet normal -5.93337e-21 0.943821 -0.330456
    outer loop
      vertex -68.2 -92.5316 75.7376
      vertex -65.2 -92.6574 75.3783
      vertex -68.2 -92.6574 75.3783
    endloop
  endfacet
  facet normal -1.96421e-18 0.846741 -0.532005
    outer loop
      vertex -65.2 -92.5316 75.7376
      vertex -68.2 -92.3291 76.0599
      vertex -65.2 -92.3291 76.0599
    endloop
  endfacet
  facet normal -1.96421e-18 0.846741 -0.532005
    outer loop
      vertex -68.2 -92.3291 76.0599
      vertex -65.2 -92.5316 75.7376
      vertex -68.2 -92.5316 75.7376
    endloop
  endfacet
  facet normal 0 -0.111902 0.993719
    outer loop
      vertex -68.2 91.3783 11.3426
      vertex -65.2 91 11.3
      vertex -65.2 91.3783 11.3426
    endloop
  endfacet
  facet normal 0 -0.111902 0.993719
    outer loop
      vertex -65.2 91 11.3
      vertex -68.2 91.3783 11.3426
      vertex -68.2 91 11.3
    endloop
  endfacet
  facet normal 0 0.111902 -0.993719
    outer loop
      vertex -68.2 90.6217 14.6574
      vertex -65.2 91 14.7
      vertex -65.2 90.6217 14.6574
    endloop
  endfacet
  facet normal 0 0.111902 -0.993719
    outer loop
      vertex -65.2 91 14.7
      vertex -68.2 90.6217 14.6574
      vertex -68.2 91 14.7
    endloop
  endfacet
  facet normal 1.18518e-18 -0.993719 -0.111902
    outer loop
      vertex -68.2 92.7 13
      vertex -65.2 92.6574 13.3783
      vertex -68.2 92.6574 13.3783
    endloop
  endfacet
  facet normal 1.18518e-18 -0.993719 -0.111902
    outer loop
      vertex -65.2 92.6574 13.3783
      vertex -68.2 92.7 13
      vertex -65.2 92.7 13
    endloop
  endfacet
  facet normal -9.91005e-19 0.846741 -0.532005
    outer loop
      vertex -65.2 89.4684 13.7376
      vertex -68.2 89.6709 14.0599
      vertex -65.2 89.6709 14.0599
    endloop
  endfacet
  facet normal -9.91005e-19 0.846741 -0.532005
    outer loop
      vertex -68.2 89.6709 14.0599
      vertex -65.2 89.4684 13.7376
      vertex -68.2 89.4684 13.7376
    endloop
  endfacet
  facet normal -9.91005e-19 -0.846741 0.532005
    outer loop
      vertex -68.2 92.3291 11.9401
      vertex -65.2 92.5316 12.2624
      vertex -68.2 92.5316 12.2624
    endloop
  endfacet
  facet normal -9.91005e-19 -0.846741 0.532005
    outer loop
      vertex -65.2 92.5316 12.2624
      vertex -68.2 92.3291 11.9401
      vertex -65.2 92.3291 11.9401
    endloop
  endfacet
  facet normal 2.48312e-18 -0.943821 0.330456
    outer loop
      vertex -68.2 92.5316 12.2624
      vertex -65.2 92.6574 12.6217
      vertex -68.2 92.6574 12.6217
    endloop
  endfacet
  facet normal 2.48312e-18 -0.943821 0.330456
    outer loop
      vertex -65.2 92.6574 12.6217
      vertex -68.2 92.5316 12.2624
      vertex -65.2 92.5316 12.2624
    endloop
  endfacet
  facet normal 0 -0.532005 -0.846741
    outer loop
      vertex -68.2 91.7376 14.5316
      vertex -65.2 92.0599 14.3291
      vertex -65.2 91.7376 14.5316
    endloop
  endfacet
  facet normal -0 -0.532005 -0.846741
    outer loop
      vertex -65.2 92.0599 14.3291
      vertex -68.2 91.7376 14.5316
      vertex -68.2 92.0599 14.3291
    endloop
  endfacet
  facet normal 9.91005e-19 -0.846741 -0.532005
    outer loop
      vertex -68.2 92.5316 13.7376
      vertex -65.2 92.3291 14.0599
      vertex -68.2 92.3291 14.0599
    endloop
  endfacet
  facet normal 9.91005e-19 -0.846741 -0.532005
    outer loop
      vertex -65.2 92.3291 14.0599
      vertex -68.2 92.5316 13.7376
      vertex -65.2 92.5316 13.7376
    endloop
  endfacet
  facet normal -0 0.330456 0.943821
    outer loop
      vertex -68.2 90.6217 11.3426
      vertex -65.2 90.2624 11.4684
      vertex -65.2 90.6217 11.3426
    endloop
  endfacet
  facet normal 0 0.330456 0.943821
    outer loop
      vertex -65.2 90.2624 11.4684
      vertex -68.2 90.6217 11.3426
      vertex -68.2 90.2624 11.4684
    endloop
  endfacet
  facet normal 0 0.532005 -0.846741
    outer loop
      vertex -68.2 89.9401 14.3291
      vertex -65.2 90.2624 14.5316
      vertex -65.2 89.9401 14.3291
    endloop
  endfacet
  facet normal 0 0.532005 -0.846741
    outer loop
      vertex -65.2 90.2624 14.5316
      vertex -68.2 89.9401 14.3291
      vertex -68.2 90.2624 14.5316
    endloop
  endfacet
  facet normal 0 -0.330456 0.943821
    outer loop
      vertex -68.2 91.7376 11.4684
      vertex -65.2 91.3783 11.3426
      vertex -65.2 91.7376 11.4684
    endloop
  endfacet
  facet normal 0 -0.330456 0.943821
    outer loop
      vertex -65.2 91.3783 11.3426
      vertex -68.2 91.7376 11.4684
      vertex -68.2 91.3783 11.3426
    endloop
  endfacet
  facet normal 0 -0.707107 0.707107
    outer loop
      vertex -68.2 92.3291 11.9401
      vertex -65.2 92.0599 11.6709
      vertex -65.2 92.3291 11.9401
    endloop
  endfacet
  facet normal 0 -0.707107 0.707107
    outer loop
      vertex -65.2 92.0599 11.6709
      vertex -68.2 92.3291 11.9401
      vertex -68.2 92.0599 11.6709
    endloop
  endfacet
  facet normal -1.18518e-18 -0.993719 0.111902
    outer loop
      vertex -68.2 92.6574 12.6217
      vertex -65.2 92.7 13
      vertex -68.2 92.7 13
    endloop
  endfacet
  facet normal -1.18518e-18 -0.993719 0.111902
    outer loop
      vertex -65.2 92.7 13
      vertex -68.2 92.6574 12.6217
      vertex -65.2 92.6574 12.6217
    endloop
  endfacet
  facet normal 0 -0.330456 -0.943821
    outer loop
      vertex -68.2 91.3783 14.6574
      vertex -65.2 91.7376 14.5316
      vertex -65.2 91.3783 14.6574
    endloop
  endfacet
  facet normal -0 -0.330456 -0.943821
    outer loop
      vertex -65.2 91.7376 14.5316
      vertex -68.2 91.3783 14.6574
      vertex -68.2 91.7376 14.5316
    endloop
  endfacet
  facet normal 0 -0.111902 -0.993719
    outer loop
      vertex -68.2 91 14.7
      vertex -65.2 91.3783 14.6574
      vertex -65.2 91 14.7
    endloop
  endfacet
  facet normal -0 -0.111902 -0.993719
    outer loop
      vertex -65.2 91.3783 14.6574
      vertex -68.2 91 14.7
      vertex -68.2 91.3783 14.6574
    endloop
  endfacet
  facet normal 0 -0.707107 -0.707107
    outer loop
      vertex -68.2 92.0599 14.3291
      vertex -65.2 92.3291 14.0599
      vertex -65.2 92.0599 14.3291
    endloop
  endfacet
  facet normal -0 -0.707107 -0.707107
    outer loop
      vertex -65.2 92.3291 14.0599
      vertex -68.2 92.0599 14.3291
      vertex -68.2 92.3291 14.0599
    endloop
  endfacet
  facet normal -2.48312e-18 -0.943821 -0.330456
    outer loop
      vertex -68.2 92.6574 13.3783
      vertex -65.2 92.5316 13.7376
      vertex -68.2 92.5316 13.7376
    endloop
  endfacet
  facet normal -2.48312e-18 -0.943821 -0.330456
    outer loop
      vertex -65.2 92.5316 13.7376
      vertex -68.2 92.6574 13.3783
      vertex -65.2 92.6574 13.3783
    endloop
  endfacet
  facet normal -0 0.111902 0.993719
    outer loop
      vertex -68.2 91 11.3
      vertex -65.2 90.6217 11.3426
      vertex -65.2 91 11.3
    endloop
  endfacet
  facet normal 0 0.111902 0.993719
    outer loop
      vertex -65.2 90.6217 11.3426
      vertex -68.2 91 11.3
      vertex -68.2 90.6217 11.3426
    endloop
  endfacet
  facet normal -2.48312e-18 0.943821 0.330456
    outer loop
      vertex -65.2 89.4684 12.2624
      vertex -68.2 89.3426 12.6217
      vertex -65.2 89.3426 12.6217
    endloop
  endfacet
  facet normal -2.48312e-18 0.943821 0.330456
    outer loop
      vertex -68.2 89.3426 12.6217
      vertex -65.2 89.4684 12.2624
      vertex -68.2 89.4684 12.2624
    endloop
  endfacet
  facet normal 4.38453e-18 0.707107 0.707107
    outer loop
      vertex -65.2 89.9401 11.6709
      vertex -68.2 89.6709 11.9401
      vertex -65.2 89.6709 11.9401
    endloop
  endfacet
  facet normal 4.38453e-18 0.707107 0.707107
    outer loop
      vertex -68.2 89.6709 11.9401
      vertex -65.2 89.9401 11.6709
      vertex -68.2 89.9401 11.6709
    endloop
  endfacet
  facet normal 2.48312e-18 0.943821 -0.330456
    outer loop
      vertex -65.2 89.3426 13.3783
      vertex -68.2 89.4684 13.7376
      vertex -65.2 89.4684 13.7376
    endloop
  endfacet
  facet normal 2.48312e-18 0.943821 -0.330456
    outer loop
      vertex -68.2 89.4684 13.7376
      vertex -65.2 89.3426 13.3783
      vertex -68.2 89.3426 13.3783
    endloop
  endfacet
  facet normal -1.18518e-18 0.993719 -0.111902
    outer loop
      vertex -65.2 89.3 13
      vertex -68.2 89.3426 13.3783
      vertex -65.2 89.3426 13.3783
    endloop
  endfacet
  facet normal -1.18518e-18 0.993719 -0.111902
    outer loop
      vertex -68.2 89.3426 13.3783
      vertex -65.2 89.3 13
      vertex -68.2 89.3 13
    endloop
  endfacet
  facet normal 1.18518e-18 0.993719 0.111902
    outer loop
      vertex -65.2 89.3426 12.6217
      vertex -68.2 89.3 13
      vertex -65.2 89.3 13
    endloop
  endfacet
  facet normal 1.18518e-18 0.993719 0.111902
    outer loop
      vertex -68.2 89.3 13
      vertex -65.2 89.3426 12.6217
      vertex -68.2 89.3426 12.6217
    endloop
  endfacet
  facet normal -4.38453e-18 0.707107 -0.707107
    outer loop
      vertex -65.2 89.6709 14.0599
      vertex -68.2 89.9401 14.3291
      vertex -65.2 89.9401 14.3291
    endloop
  endfacet
  facet normal -4.38453e-18 0.707107 -0.707107
    outer loop
      vertex -68.2 89.9401 14.3291
      vertex -65.2 89.6709 14.0599
      vertex -68.2 89.6709 14.0599
    endloop
  endfacet
  facet normal 0 0.330456 -0.943821
    outer loop
      vertex -68.2 90.2624 14.5316
      vertex -65.2 90.6217 14.6574
      vertex -65.2 90.2624 14.5316
    endloop
  endfacet
  facet normal 0 0.330456 -0.943821
    outer loop
      vertex -65.2 90.6217 14.6574
      vertex -68.2 90.2624 14.5316
      vertex -68.2 90.6217 14.6574
    endloop
  endfacet
  facet normal 0 -0.532005 0.846741
    outer loop
      vertex -68.2 92.0599 11.6709
      vertex -65.2 91.7376 11.4684
      vertex -65.2 92.0599 11.6709
    endloop
  endfacet
  facet normal 0 -0.532005 0.846741
    outer loop
      vertex -65.2 91.7376 11.4684
      vertex -68.2 92.0599 11.6709
      vertex -68.2 91.7376 11.4684
    endloop
  endfacet
  facet normal 9.91005e-19 0.846741 0.532005
    outer loop
      vertex -65.2 89.6709 11.9401
      vertex -68.2 89.4684 12.2624
      vertex -65.2 89.4684 12.2624
    endloop
  endfacet
  facet normal 9.91005e-19 0.846741 0.532005
    outer loop
      vertex -68.2 89.4684 12.2624
      vertex -65.2 89.6709 11.9401
      vertex -68.2 89.6709 11.9401
    endloop
  endfacet
  facet normal -0 0.532005 0.846741
    outer loop
      vertex -68.2 90.2624 11.4684
      vertex -65.2 89.9401 11.6709
      vertex -65.2 90.2624 11.4684
    endloop
  endfacet
  facet normal 0 0.532005 0.846741
    outer loop
      vertex -65.2 89.9401 11.6709
      vertex -68.2 90.2624 11.4684
      vertex -68.2 89.9401 11.6709
    endloop
  endfacet
  facet normal 0 -0.111902 0.993719
    outer loop
      vertex -68.2 91.3783 73.3426
      vertex -65.2 91 73.3
      vertex -65.2 91.3783 73.3426
    endloop
  endfacet
  facet normal 0 -0.111902 0.993719
    outer loop
      vertex -65.2 91 73.3
      vertex -68.2 91.3783 73.3426
      vertex -68.2 91 73.3
    endloop
  endfacet
  facet normal 0 0.111902 -0.993719
    outer loop
      vertex -68.2 90.6217 76.6574
      vertex -65.2 91 76.7
      vertex -65.2 90.6217 76.6574
    endloop
  endfacet
  facet normal 0 0.111902 -0.993719
    outer loop
      vertex -65.2 91 76.7
      vertex -68.2 90.6217 76.6574
      vertex -68.2 91 76.7
    endloop
  endfacet
  facet normal -7.0458e-19 -0.993719 -0.111902
    outer loop
      vertex -68.2 92.7 75
      vertex -65.2 92.6574 75.3783
      vertex -68.2 92.6574 75.3783
    endloop
  endfacet
  facet normal -7.0458e-19 -0.993719 -0.111902
    outer loop
      vertex -65.2 92.6574 75.3783
      vertex -68.2 92.7 75
      vertex -65.2 92.7 75
    endloop
  endfacet
  facet normal -1.96421e-18 0.846741 -0.532005
    outer loop
      vertex -65.2 89.4684 75.7376
      vertex -68.2 89.6709 76.0599
      vertex -65.2 89.6709 76.0599
    endloop
  endfacet
  facet normal -1.96421e-18 0.846741 -0.532005
    outer loop
      vertex -68.2 89.6709 76.0599
      vertex -65.2 89.4684 75.7376
      vertex -68.2 89.4684 75.7376
    endloop
  endfacet
  facet normal -5.93337e-21 -0.943821 0.330456
    outer loop
      vertex -68.2 92.5316 74.2624
      vertex -65.2 92.6574 74.6217
      vertex -68.2 92.6574 74.6217
    endloop
  endfacet
  facet normal -5.93337e-21 -0.943821 0.330456
    outer loop
      vertex -65.2 92.6574 74.6217
      vertex -68.2 92.5316 74.2624
      vertex -65.2 92.5316 74.2624
    endloop
  endfacet
  facet normal 0 -0.532005 -0.846741
    outer loop
      vertex -68.2 91.7376 76.5316
      vertex -65.2 92.0599 76.3291
      vertex -65.2 91.7376 76.5316
    endloop
  endfacet
  facet normal -0 -0.532005 -0.846741
    outer loop
      vertex -65.2 92.0599 76.3291
      vertex -68.2 91.7376 76.5316
      vertex -68.2 92.0599 76.3291
    endloop
  endfacet
  facet normal 1.96421e-18 -0.846741 -0.532005
    outer loop
      vertex -68.2 92.5316 75.7376
      vertex -65.2 92.3291 76.0599
      vertex -68.2 92.3291 76.0599
    endloop
  endfacet
  facet normal 1.96421e-18 -0.846741 -0.532005
    outer loop
      vertex -65.2 92.3291 76.0599
      vertex -68.2 92.5316 75.7376
      vertex -65.2 92.5316 75.7376
    endloop
  endfacet
  facet normal -0 0.532005 0.846741
    outer loop
      vertex -68.2 90.2624 73.4684
      vertex -65.2 89.9401 73.6709
      vertex -65.2 90.2624 73.4684
    endloop
  endfacet
  facet normal 0 0.532005 0.846741
    outer loop
      vertex -65.2 89.9401 73.6709
      vertex -68.2 90.2624 73.4684
      vertex -68.2 89.9401 73.6709
    endloop
  endfacet
  facet normal -0 0.330456 0.943821
    outer loop
      vertex -68.2 90.6217 73.3426
      vertex -65.2 90.2624 73.4684
      vertex -65.2 90.6217 73.3426
    endloop
  endfacet
  facet normal 0 0.330456 0.943821
    outer loop
      vertex -65.2 90.2624 73.4684
      vertex -68.2 90.6217 73.3426
      vertex -68.2 90.2624 73.4684
    endloop
  endfacet
  facet normal 0 0.532005 -0.846741
    outer loop
      vertex -68.2 89.9401 76.3291
      vertex -65.2 90.2624 76.5316
      vertex -65.2 89.9401 76.3291
    endloop
  endfacet
  facet normal 0 0.532005 -0.846741
    outer loop
      vertex -65.2 90.2624 76.5316
      vertex -68.2 89.9401 76.3291
      vertex -68.2 90.2624 76.5316
    endloop
  endfacet
  facet normal 0 -0.330456 0.943821
    outer loop
      vertex -68.2 91.7376 73.4684
      vertex -65.2 91.3783 73.3426
      vertex -65.2 91.7376 73.4684
    endloop
  endfacet
  facet normal 0 -0.330456 0.943821
    outer loop
      vertex -65.2 91.3783 73.3426
      vertex -68.2 91.7376 73.4684
      vertex -68.2 91.3783 73.3426
    endloop
  endfacet
  facet normal 0 -0.707107 0.707107
    outer loop
      vertex -68.2 92.3291 73.9401
      vertex -65.2 92.0599 73.6709
      vertex -65.2 92.3291 73.9401
    endloop
  endfacet
  facet normal 0 -0.707107 0.707107
    outer loop
      vertex -65.2 92.0599 73.6709
      vertex -68.2 92.3291 73.9401
      vertex -68.2 92.0599 73.6709
    endloop
  endfacet
  facet normal 7.0458e-19 -0.993719 0.111902
    outer loop
      vertex -68.2 92.6574 74.6217
      vertex -65.2 92.7 75
      vertex -68.2 92.7 75
    endloop
  endfacet
  facet normal 7.0458e-19 -0.993719 0.111902
    outer loop
      vertex -65.2 92.7 75
      vertex -68.2 92.6574 74.6217
      vertex -65.2 92.6574 74.6217
    endloop
  endfacet
  facet normal 0 -0.330456 -0.943821
    outer loop
      vertex -68.2 91.3783 76.6574
      vertex -65.2 91.7376 76.5316
      vertex -65.2 91.3783 76.6574
    endloop
  endfacet
  facet normal -0 -0.330456 -0.943821
    outer loop
      vertex -65.2 91.7376 76.5316
      vertex -68.2 91.3783 76.6574
      vertex -68.2 91.7376 76.5316
    endloop
  endfacet
  facet normal 0 -0.111902 -0.993719
    outer loop
      vertex -68.2 91 76.7
      vertex -65.2 91.3783 76.6574
      vertex -65.2 91 76.7
    endloop
  endfacet
  facet normal -0 -0.111902 -0.993719
    outer loop
      vertex -65.2 91.3783 76.6574
      vertex -68.2 91 76.7
      vertex -68.2 91.3783 76.6574
    endloop
  endfacet
  facet normal -1.17475e-18 -0.707107 -0.707107
    outer loop
      vertex -68.2 92.3291 76.0599
      vertex -65.2 92.0599 76.3291
      vertex -68.2 92.0599 76.3291
    endloop
  endfacet
  facet normal -1.17475e-18 -0.707107 -0.707107
    outer loop
      vertex -65.2 92.0599 76.3291
      vertex -68.2 92.3291 76.0599
      vertex -65.2 92.3291 76.0599
    endloop
  endfacet
  facet normal 5.93337e-21 -0.943821 -0.330456
    outer loop
      vertex -68.2 92.6574 75.3783
      vertex -65.2 92.5316 75.7376
      vertex -68.2 92.5316 75.7376
    endloop
  endfacet
  facet normal 5.93337e-21 -0.943821 -0.330456
    outer loop
      vertex -65.2 92.5316 75.7376
      vertex -68.2 92.6574 75.3783
      vertex -65.2 92.6574 75.3783
    endloop
  endfacet
  facet normal 5.93337e-21 0.943821 0.330456
    outer loop
      vertex -65.2 89.4684 74.2624
      vertex -68.2 89.3426 74.6217
      vertex -65.2 89.3426 74.6217
    endloop
  endfacet
  facet normal 5.93337e-21 0.943821 0.330456
    outer loop
      vertex -68.2 89.3426 74.6217
      vertex -65.2 89.4684 74.2624
      vertex -68.2 89.4684 74.2624
    endloop
  endfacet
  facet normal -1.17475e-18 0.707107 0.707107
    outer loop
      vertex -65.2 89.9401 73.6709
      vertex -68.2 89.6709 73.9401
      vertex -65.2 89.6709 73.9401
    endloop
  endfacet
  facet normal -1.17475e-18 0.707107 0.707107
    outer loop
      vertex -68.2 89.6709 73.9401
      vertex -65.2 89.9401 73.6709
      vertex -68.2 89.9401 73.6709
    endloop
  endfacet
  facet normal -0 0.111902 0.993719
    outer loop
      vertex -68.2 91 73.3
      vertex -65.2 90.6217 73.3426
      vertex -65.2 91 73.3
    endloop
  endfacet
  facet normal 0 0.111902 0.993719
    outer loop
      vertex -65.2 90.6217 73.3426
      vertex -68.2 91 73.3
      vertex -68.2 90.6217 73.3426
    endloop
  endfacet
  facet normal -5.93337e-21 0.943821 -0.330456
    outer loop
      vertex -65.2 89.3426 75.3783
      vertex -68.2 89.4684 75.7376
      vertex -65.2 89.4684 75.7376
    endloop
  endfacet
  facet normal -5.93337e-21 0.943821 -0.330456
    outer loop
      vertex -68.2 89.4684 75.7376
      vertex -65.2 89.3426 75.3783
      vertex -68.2 89.3426 75.3783
    endloop
  endfacet
  facet normal 7.0458e-19 0.993719 -0.111902
    outer loop
      vertex -65.2 89.3 75
      vertex -68.2 89.3426 75.3783
      vertex -65.2 89.3426 75.3783
    endloop
  endfacet
  facet normal 7.0458e-19 0.993719 -0.111902
    outer loop
      vertex -68.2 89.3426 75.3783
      vertex -65.2 89.3 75
      vertex -68.2 89.3 75
    endloop
  endfacet
  facet normal -7.0458e-19 0.993719 0.111902
    outer loop
      vertex -65.2 89.3426 74.6217
      vertex -68.2 89.3 75
      vertex -65.2 89.3 75
    endloop
  endfacet
  facet normal -7.0458e-19 0.993719 0.111902
    outer loop
      vertex -68.2 89.3 75
      vertex -65.2 89.3426 74.6217
      vertex -68.2 89.3426 74.6217
    endloop
  endfacet
  facet normal 1.17475e-18 0.707107 -0.707107
    outer loop
      vertex -65.2 89.6709 76.0599
      vertex -68.2 89.9401 76.3291
      vertex -65.2 89.9401 76.3291
    endloop
  endfacet
  facet normal 1.17475e-18 0.707107 -0.707107
    outer loop
      vertex -68.2 89.9401 76.3291
      vertex -65.2 89.6709 76.0599
      vertex -68.2 89.6709 76.0599
    endloop
  endfacet
  facet normal 0 0.330456 -0.943821
    outer loop
      vertex -68.2 90.2624 76.5316
      vertex -65.2 90.6217 76.6574
      vertex -65.2 90.2624 76.5316
    endloop
  endfacet
  facet normal 0 0.330456 -0.943821
    outer loop
      vertex -65.2 90.6217 76.6574
      vertex -68.2 90.2624 76.5316
      vertex -68.2 90.6217 76.6574
    endloop
  endfacet
  facet normal 0 -0.532005 0.846741
    outer loop
      vertex -68.2 92.0599 73.6709
      vertex -65.2 91.7376 73.4684
      vertex -65.2 92.0599 73.6709
    endloop
  endfacet
  facet normal 0 -0.532005 0.846741
    outer loop
      vertex -65.2 91.7376 73.4684
      vertex -68.2 92.0599 73.6709
      vertex -68.2 91.7376 73.4684
    endloop
  endfacet
  facet normal -1.96421e-18 -0.846741 0.532005
    outer loop
      vertex -68.2 92.3291 73.9401
      vertex -65.2 92.5316 74.2624
      vertex -68.2 92.5316 74.2624
    endloop
  endfacet
  facet normal -1.96421e-18 -0.846741 0.532005
    outer loop
      vertex -65.2 92.5316 74.2624
      vertex -68.2 92.3291 73.9401
      vertex -65.2 92.3291 73.9401
    endloop
  endfacet
  facet normal 1.96421e-18 0.846741 0.532005
    outer loop
      vertex -65.2 89.6709 73.9401
      vertex -68.2 89.4684 74.2624
      vertex -65.2 89.4684 74.2624
    endloop
  endfacet
  facet normal 1.96421e-18 0.846741 0.532005
    outer loop
      vertex -68.2 89.4684 74.2624
      vertex -65.2 89.6709 73.9401
      vertex -68.2 89.6709 73.9401
    endloop
  endfacet
  facet normal 0 -0.531972 0.846762
    outer loop
      vertex -68.2 1.05993 11.6709
      vertex -65.2 0.737602 11.4684
      vertex -65.2 1.05993 11.6709
    endloop
  endfacet
  facet normal 0 -0.531972 0.846762
    outer loop
      vertex -65.2 0.737602 11.4684
      vertex -68.2 1.05993 11.6709
      vertex -68.2 0.737602 11.4684
    endloop
  endfacet
  facet normal 0 -0.330442 0.943826
    outer loop
      vertex -68.2 0.737602 11.4684
      vertex -65.2 0.378285 11.3426
      vertex -65.2 0.737602 11.4684
    endloop
  endfacet
  facet normal 0 -0.330442 0.943826
    outer loop
      vertex -65.2 0.378285 11.3426
      vertex -68.2 0.737602 11.4684
      vertex -68.2 0.378285 11.3426
    endloop
  endfacet
  facet normal -1.04425e-18 -0.993713 0.111954
    outer loop
      vertex -68.2 1.65738 12.6217
      vertex -65.2 1.7 13
      vertex -68.2 1.7 13
    endloop
  endfacet
  facet normal -1.04425e-18 -0.993713 0.111954
    outer loop
      vertex -65.2 1.7 13
      vertex -68.2 1.65738 12.6217
      vertex -65.2 1.65738 12.6217
    endloop
  endfacet
  facet normal 2.77995e-18 -0.943879 -0.330292
    outer loop
      vertex -68.2 1.65738 13.3783
      vertex -65.2 1.53165 13.7376
      vertex -68.2 1.53165 13.7376
    endloop
  endfacet
  facet normal 2.77995e-18 -0.943879 -0.330292
    outer loop
      vertex -65.2 1.53165 13.7376
      vertex -68.2 1.65738 13.3783
      vertex -65.2 1.65738 13.3783
    endloop
  endfacet
  facet normal 0 -0.531972 -0.846762
    outer loop
      vertex -68.2 0.737602 14.5316
      vertex -65.2 1.05993 14.3291
      vertex -65.2 0.737602 14.5316
    endloop
  endfacet
  facet normal -0 -0.531972 -0.846762
    outer loop
      vertex -65.2 1.05993 14.3291
      vertex -68.2 0.737602 14.5316
      vertex -68.2 1.05993 14.3291
    endloop
  endfacet
  facet normal -5.9813e-18 -0.846694 -0.53208
    outer loop
      vertex -68.2 1.53165 13.7376
      vertex -65.2 1.32911 14.0599
      vertex -68.2 1.32911 14.0599
    endloop
  endfacet
  facet normal -5.9813e-18 -0.846694 -0.53208
    outer loop
      vertex -65.2 1.32911 14.0599
      vertex -68.2 1.53165 13.7376
      vertex -65.2 1.53165 13.7376
    endloop
  endfacet
  facet normal -0 0.111906 0.993719
    outer loop
      vertex -68.2 0 11.3
      vertex -65.2 -0.378285 11.3426
      vertex -65.2 0 11.3
    endloop
  endfacet
  facet normal 0 0.111906 0.993719
    outer loop
      vertex -65.2 -0.378285 11.3426
      vertex -68.2 0 11.3
      vertex -68.2 -0.378285 11.3426
    endloop
  endfacet
  facet normal 2.77995e-18 0.943879 0.330292
    outer loop
      vertex -65.2 -1.53165 12.2624
      vertex -68.2 -1.65738 12.6217
      vertex -65.2 -1.65738 12.6217
    endloop
  endfacet
  facet normal 2.77995e-18 0.943879 0.330292
    outer loop
      vertex -68.2 -1.65738 12.6217
      vertex -65.2 -1.53165 12.2624
      vertex -68.2 -1.53165 12.2624
    endloop
  endfacet
  facet normal 5.9813e-18 -0.846694 0.53208
    outer loop
      vertex -68.2 1.32911 11.9401
      vertex -65.2 1.53165 12.2624
      vertex -68.2 1.53165 12.2624
    endloop
  endfacet
  facet normal 5.9813e-18 -0.846694 0.53208
    outer loop
      vertex -65.2 1.53165 12.2624
      vertex -68.2 1.32911 11.9401
      vertex -65.2 1.32911 11.9401
    endloop
  endfacet
  facet normal 0 -0.111906 -0.993719
    outer loop
      vertex -68.2 0 14.7
      vertex -65.2 0.378285 14.6574
      vertex -65.2 0 14.7
    endloop
  endfacet
  facet normal -0 -0.111906 -0.993719
    outer loop
      vertex -65.2 0.378285 14.6574
      vertex -68.2 0 14.7
      vertex -68.2 0.378285 14.6574
    endloop
  endfacet
  facet normal -3.79137e-18 -0.707133 -0.707081
    outer loop
      vertex -68.2 1.32911 14.0599
      vertex -65.2 1.05993 14.3291
      vertex -68.2 1.05993 14.3291
    endloop
  endfacet
  facet normal -3.79137e-18 -0.707133 -0.707081
    outer loop
      vertex -65.2 1.05993 14.3291
      vertex -68.2 1.32911 14.0599
      vertex -65.2 1.32911 14.0599
    endloop
  endfacet
  facet normal 1.04425e-18 -0.993713 -0.111954
    outer loop
      vertex -68.2 1.7 13
      vertex -65.2 1.65738 13.3783
      vertex -68.2 1.65738 13.3783
    endloop
  endfacet
  facet normal 1.04425e-18 -0.993713 -0.111954
    outer loop
      vertex -65.2 1.65738 13.3783
      vertex -68.2 1.7 13
      vertex -65.2 1.7 13
    endloop
  endfacet
  facet normal 0 -0.111906 0.993719
    outer loop
      vertex -68.2 0.378285 11.3426
      vertex -65.2 0 11.3
      vertex -65.2 0.378285 11.3426
    endloop
  endfacet
  facet normal 0 -0.111906 0.993719
    outer loop
      vertex -65.2 0 11.3
      vertex -68.2 0.378285 11.3426
      vertex -68.2 0 11.3
    endloop
  endfacet
  facet normal 0 0.330442 -0.943826
    outer loop
      vertex -68.2 -0.737602 14.5316
      vertex -65.2 -0.378285 14.6574
      vertex -65.2 -0.737602 14.5316
    endloop
  endfacet
  facet normal 0 0.330442 -0.943826
    outer loop
      vertex -65.2 -0.378285 14.6574
      vertex -68.2 -0.737602 14.5316
      vertex -68.2 -0.378285 14.6574
    endloop
  endfacet
  facet normal -3.79137e-18 0.707133 0.707081
    outer loop
      vertex -65.2 -1.05993 11.6709
      vertex -68.2 -1.32911 11.9401
      vertex -65.2 -1.32911 11.9401
    endloop
  endfacet
  facet normal -3.79137e-18 0.707133 0.707081
    outer loop
      vertex -68.2 -1.32911 11.9401
      vertex -65.2 -1.05993 11.6709
      vertex -68.2 -1.05993 11.6709
    endloop
  endfacet
  facet normal 3.79137e-18 -0.707133 0.707081
    outer loop
      vertex -68.2 1.05993 11.6709
      vertex -65.2 1.32911 11.9401
      vertex -68.2 1.32911 11.9401
    endloop
  endfacet
  facet normal 3.79137e-18 -0.707133 0.707081
    outer loop
      vertex -65.2 1.32911 11.9401
      vertex -68.2 1.05993 11.6709
      vertex -65.2 1.05993 11.6709
    endloop
  endfacet
  facet normal -2.77995e-18 -0.943879 0.330292
    outer loop
      vertex -68.2 1.53165 12.2624
      vertex -65.2 1.65738 12.6217
      vertex -68.2 1.65738 12.6217
    endloop
  endfacet
  facet normal -2.77995e-18 -0.943879 0.330292
    outer loop
      vertex -65.2 1.65738 12.6217
      vertex -68.2 1.53165 12.2624
      vertex -65.2 1.53165 12.2624
    endloop
  endfacet
  facet normal 0 -0.330442 -0.943826
    outer loop
      vertex -68.2 0.378285 14.6574
      vertex -65.2 0.737602 14.5316
      vertex -65.2 0.378285 14.6574
    endloop
  endfacet
  facet normal -0 -0.330442 -0.943826
    outer loop
      vertex -65.2 0.737602 14.5316
      vertex -68.2 0.378285 14.6574
      vertex -68.2 0.737602 14.5316
    endloop
  endfacet
  facet normal -0 0.330442 0.943826
    outer loop
      vertex -68.2 -0.378285 11.3426
      vertex -65.2 -0.737602 11.4684
      vertex -65.2 -0.378285 11.3426
    endloop
  endfacet
  facet normal 0 0.330442 0.943826
    outer loop
      vertex -65.2 -0.737602 11.4684
      vertex -68.2 -0.378285 11.3426
      vertex -68.2 -0.737602 11.4684
    endloop
  endfacet
  facet normal 0 0.111906 -0.993719
    outer loop
      vertex -68.2 -0.378285 14.6574
      vertex -65.2 0 14.7
      vertex -65.2 -0.378285 14.6574
    endloop
  endfacet
  facet normal 0 0.111906 -0.993719
    outer loop
      vertex -65.2 0 14.7
      vertex -68.2 -0.378285 14.6574
      vertex -68.2 0 14.7
    endloop
  endfacet
  facet normal 0 0.531972 -0.846762
    outer loop
      vertex -68.2 -1.05993 14.3291
      vertex -65.2 -0.737602 14.5316
      vertex -65.2 -1.05993 14.3291
    endloop
  endfacet
  facet normal 0 0.531972 -0.846762
    outer loop
      vertex -65.2 -0.737602 14.5316
      vertex -68.2 -1.05993 14.3291
      vertex -68.2 -0.737602 14.5316
    endloop
  endfacet
  facet normal -5.9813e-18 0.846694 0.53208
    outer loop
      vertex -65.2 -1.32911 11.9401
      vertex -68.2 -1.53165 12.2624
      vertex -65.2 -1.53165 12.2624
    endloop
  endfacet
  facet normal -5.9813e-18 0.846694 0.53208
    outer loop
      vertex -68.2 -1.53165 12.2624
      vertex -65.2 -1.32911 11.9401
      vertex -68.2 -1.32911 11.9401
    endloop
  endfacet
  facet normal 1.04425e-18 0.993713 0.111954
    outer loop
      vertex -65.2 -1.65738 12.6217
      vertex -68.2 -1.7 13
      vertex -65.2 -1.7 13
    endloop
  endfacet
  facet normal 1.04425e-18 0.993713 0.111954
    outer loop
      vertex -68.2 -1.7 13
      vertex -65.2 -1.65738 12.6217
      vertex -68.2 -1.65738 12.6217
    endloop
  endfacet
  facet normal -1.04425e-18 0.993713 -0.111954
    outer loop
      vertex -65.2 -1.7 13
      vertex -68.2 -1.65738 13.3783
      vertex -65.2 -1.65738 13.3783
    endloop
  endfacet
  facet normal -1.04425e-18 0.993713 -0.111954
    outer loop
      vertex -68.2 -1.65738 13.3783
      vertex -65.2 -1.7 13
      vertex -68.2 -1.7 13
    endloop
  endfacet
  facet normal 3.79137e-18 0.707133 -0.707081
    outer loop
      vertex -65.2 -1.32911 14.0599
      vertex -68.2 -1.05993 14.3291
      vertex -65.2 -1.05993 14.3291
    endloop
  endfacet
  facet normal 3.79137e-18 0.707133 -0.707081
    outer loop
      vertex -68.2 -1.05993 14.3291
      vertex -65.2 -1.32911 14.0599
      vertex -68.2 -1.32911 14.0599
    endloop
  endfacet
  facet normal -0 0.531972 0.846762
    outer loop
      vertex -68.2 -0.737602 11.4684
      vertex -65.2 -1.05993 11.6709
      vertex -65.2 -0.737602 11.4684
    endloop
  endfacet
  facet normal 0 0.531972 0.846762
    outer loop
      vertex -65.2 -1.05993 11.6709
      vertex -68.2 -0.737602 11.4684
      vertex -68.2 -1.05993 11.6709
    endloop
  endfacet
  facet normal 5.9813e-18 0.846694 -0.53208
    outer loop
      vertex -65.2 -1.53165 13.7376
      vertex -68.2 -1.32911 14.0599
      vertex -65.2 -1.32911 14.0599
    endloop
  endfacet
  facet normal 5.9813e-18 0.846694 -0.53208
    outer loop
      vertex -68.2 -1.32911 14.0599
      vertex -65.2 -1.53165 13.7376
      vertex -68.2 -1.53165 13.7376
    endloop
  endfacet
  facet normal -2.77995e-18 0.943879 -0.330292
    outer loop
      vertex -65.2 -1.65738 13.3783
      vertex -68.2 -1.53165 13.7376
      vertex -65.2 -1.53165 13.7376
    endloop
  endfacet
  facet normal -2.77995e-18 0.943879 -0.330292
    outer loop
      vertex -68.2 -1.53165 13.7376
      vertex -65.2 -1.65738 13.3783
      vertex -68.2 -1.65738 13.3783
    endloop
  endfacet
  facet normal 0 -0.531972 0.846762
    outer loop
      vertex -68.2 1.05993 36.6709
      vertex -65.2 0.737602 36.4684
      vertex -65.2 1.05993 36.6709
    endloop
  endfacet
  facet normal 0 -0.531972 0.846762
    outer loop
      vertex -65.2 0.737602 36.4684
      vertex -68.2 1.05993 36.6709
      vertex -68.2 0.737602 36.4684
    endloop
  endfacet
  facet normal 0 -0.330442 0.943826
    outer loop
      vertex -68.2 0.737602 36.4684
      vertex -65.2 0.378285 36.3426
      vertex -65.2 0.737602 36.4684
    endloop
  endfacet
  facet normal 0 -0.330442 0.943826
    outer loop
      vertex -65.2 0.378285 36.3426
      vertex -68.2 0.737602 36.4684
      vertex -68.2 0.378285 36.3426
    endloop
  endfacet
  facet normal 4.15329e-20 -0.993713 0.111954
    outer loop
      vertex -68.2 1.65738 37.6217
      vertex -65.2 1.7 38
      vertex -68.2 1.7 38
    endloop
  endfacet
  facet normal 4.15329e-20 -0.993713 0.111954
    outer loop
      vertex -65.2 1.7 38
      vertex -68.2 1.65738 37.6217
      vertex -65.2 1.65738 37.6217
    endloop
  endfacet
  facet normal 5.07334e-19 -0.943879 -0.330292
    outer loop
      vertex -68.2 1.65738 38.3783
      vertex -65.2 1.53165 38.7376
      vertex -68.2 1.53165 38.7376
    endloop
  endfacet
  facet normal 5.07334e-19 -0.943879 -0.330292
    outer loop
      vertex -65.2 1.53165 38.7376
      vertex -68.2 1.65738 38.3783
      vertex -65.2 1.65738 38.3783
    endloop
  endfacet
  facet normal 0 -0.531972 -0.846762
    outer loop
      vertex -68.2 0.737602 39.5316
      vertex -65.2 1.05993 39.3291
      vertex -65.2 0.737602 39.5316
    endloop
  endfacet
  facet normal -0 -0.531972 -0.846762
    outer loop
      vertex -65.2 1.05993 39.3291
      vertex -68.2 0.737602 39.5316
      vertex -68.2 1.05993 39.3291
    endloop
  endfacet
  facet normal -5.07343e-18 -0.846694 -0.53208
    outer loop
      vertex -68.2 1.53165 38.7376
      vertex -65.2 1.32911 39.0599
      vertex -68.2 1.32911 39.0599
    endloop
  endfacet
  facet normal -5.07343e-18 -0.846694 -0.53208
    outer loop
      vertex -65.2 1.32911 39.0599
      vertex -68.2 1.53165 38.7376
      vertex -65.2 1.53165 38.7376
    endloop
  endfacet
  facet normal -0 0.111906 0.993719
    outer loop
      vertex -68.2 0 36.3
      vertex -65.2 -0.378285 36.3426
      vertex -65.2 0 36.3
    endloop
  endfacet
  facet normal 0 0.111906 0.993719
    outer loop
      vertex -65.2 -0.378285 36.3426
      vertex -68.2 0 36.3
      vertex -68.2 -0.378285 36.3426
    endloop
  endfacet
  facet normal 5.07334e-19 0.943879 0.330292
    outer loop
      vertex -65.2 -1.53165 37.2624
      vertex -68.2 -1.65738 37.6217
      vertex -65.2 -1.65738 37.6217
    endloop
  endfacet
  facet normal 5.07334e-19 0.943879 0.330292
    outer loop
      vertex -68.2 -1.65738 37.6217
      vertex -65.2 -1.53165 37.2624
      vertex -68.2 -1.53165 37.2624
    endloop
  endfacet
  facet normal 5.07343e-18 -0.846694 0.53208
    outer loop
      vertex -68.2 1.32911 36.9401
      vertex -65.2 1.53165 37.2624
      vertex -68.2 1.53165 37.2624
    endloop
  endfacet
  facet normal 5.07343e-18 -0.846694 0.53208
    outer loop
      vertex -65.2 1.53165 37.2624
      vertex -68.2 1.32911 36.9401
      vertex -65.2 1.32911 36.9401
    endloop
  endfacet
  facet normal 0 -0.111906 -0.993719
    outer loop
      vertex -68.2 0 39.7
      vertex -65.2 0.378285 39.6574
      vertex -65.2 0 39.7
    endloop
  endfacet
  facet normal -0 -0.111906 -0.993719
    outer loop
      vertex -65.2 0.378285 39.6574
      vertex -68.2 0 39.7
      vertex -68.2 0.378285 39.6574
    endloop
  endfacet
  facet normal 0 -0.707133 -0.707081
    outer loop
      vertex -68.2 1.05993 39.3291
      vertex -65.2 1.32911 39.0599
      vertex -65.2 1.05993 39.3291
    endloop
  endfacet
  facet normal -0 -0.707133 -0.707081
    outer loop
      vertex -65.2 1.32911 39.0599
      vertex -68.2 1.05993 39.3291
      vertex -68.2 1.32911 39.0599
    endloop
  endfacet
  facet normal -4.15329e-20 -0.993713 -0.111954
    outer loop
      vertex -68.2 1.7 38
      vertex -65.2 1.65738 38.3783
      vertex -68.2 1.65738 38.3783
    endloop
  endfacet
  facet normal -4.15329e-20 -0.993713 -0.111954
    outer loop
      vertex -65.2 1.65738 38.3783
      vertex -68.2 1.7 38
      vertex -65.2 1.7 38
    endloop
  endfacet
  facet normal 0 -0.111906 0.993719
    outer loop
      vertex -68.2 0.378285 36.3426
      vertex -65.2 0 36.3
      vertex -65.2 0.378285 36.3426
    endloop
  endfacet
  facet normal 0 -0.111906 0.993719
    outer loop
      vertex -65.2 0 36.3
      vertex -68.2 0.378285 36.3426
      vertex -68.2 0 36.3
    endloop
  endfacet
  facet normal 0 0.330442 -0.943826
    outer loop
      vertex -68.2 -0.737602 39.5316
      vertex -65.2 -0.378285 39.6574
      vertex -65.2 -0.737602 39.5316
    endloop
  endfacet
  facet normal 0 0.330442 -0.943826
    outer loop
      vertex -65.2 -0.378285 39.6574
      vertex -68.2 -0.737602 39.5316
      vertex -68.2 -0.378285 39.6574
    endloop
  endfacet
  facet normal -0 0.707133 0.707081
    outer loop
      vertex -68.2 -1.05993 36.6709
      vertex -65.2 -1.32911 36.9401
      vertex -65.2 -1.05993 36.6709
    endloop
  endfacet
  facet normal 0 0.707133 0.707081
    outer loop
      vertex -65.2 -1.32911 36.9401
      vertex -68.2 -1.05993 36.6709
      vertex -68.2 -1.32911 36.9401
    endloop
  endfacet
  facet normal 0 -0.707133 0.707081
    outer loop
      vertex -68.2 1.32911 36.9401
      vertex -65.2 1.05993 36.6709
      vertex -65.2 1.32911 36.9401
    endloop
  endfacet
  facet normal 0 -0.707133 0.707081
    outer loop
      vertex -65.2 1.05993 36.6709
      vertex -68.2 1.32911 36.9401
      vertex -68.2 1.05993 36.6709
    endloop
  endfacet
  facet normal -5.07334e-19 -0.943879 0.330292
    outer loop
      vertex -68.2 1.53165 37.2624
      vertex -65.2 1.65738 37.6217
      vertex -68.2 1.65738 37.6217
    endloop
  endfacet
  facet normal -5.07334e-19 -0.943879 0.330292
    outer loop
      vertex -65.2 1.65738 37.6217
      vertex -68.2 1.53165 37.2624
      vertex -65.2 1.53165 37.2624
    endloop
  endfacet
  facet normal 0 -0.330442 -0.943826
    outer loop
      vertex -68.2 0.378285 39.6574
      vertex -65.2 0.737602 39.5316
      vertex -65.2 0.378285 39.6574
    endloop
  endfacet
  facet normal -0 -0.330442 -0.943826
    outer loop
      vertex -65.2 0.737602 39.5316
      vertex -68.2 0.378285 39.6574
      vertex -68.2 0.737602 39.5316
    endloop
  endfacet
  facet normal -0 0.330442 0.943826
    outer loop
      vertex -68.2 -0.378285 36.3426
      vertex -65.2 -0.737602 36.4684
      vertex -65.2 -0.378285 36.3426
    endloop
  endfacet
  facet normal 0 0.330442 0.943826
    outer loop
      vertex -65.2 -0.737602 36.4684
      vertex -68.2 -0.378285 36.3426
      vertex -68.2 -0.737602 36.4684
    endloop
  endfacet
  facet normal 0 0.111906 -0.993719
    outer loop
      vertex -68.2 -0.378285 39.6574
      vertex -65.2 0 39.7
      vertex -65.2 -0.378285 39.6574
    endloop
  endfacet
  facet normal 0 0.111906 -0.993719
    outer loop
      vertex -65.2 0 39.7
      vertex -68.2 -0.378285 39.6574
      vertex -68.2 0 39.7
    endloop
  endfacet
  facet normal 0 0.531972 -0.846762
    outer loop
      vertex -68.2 -1.05993 39.3291
      vertex -65.2 -0.737602 39.5316
      vertex -65.2 -1.05993 39.3291
    endloop
  endfacet
  facet normal 0 0.531972 -0.846762
    outer loop
      vertex -65.2 -0.737602 39.5316
      vertex -68.2 -1.05993 39.3291
      vertex -68.2 -0.737602 39.5316
    endloop
  endfacet
  facet normal -5.07343e-18 0.846694 0.53208
    outer loop
      vertex -65.2 -1.32911 36.9401
      vertex -68.2 -1.53165 37.2624
      vertex -65.2 -1.53165 37.2624
    endloop
  endfacet
  facet normal -5.07343e-18 0.846694 0.53208
    outer loop
      vertex -68.2 -1.53165 37.2624
      vertex -65.2 -1.32911 36.9401
      vertex -68.2 -1.32911 36.9401
    endloop
  endfacet
  facet normal -4.15329e-20 0.993713 0.111954
    outer loop
      vertex -65.2 -1.65738 37.6217
      vertex -68.2 -1.7 38
      vertex -65.2 -1.7 38
    endloop
  endfacet
  facet normal -4.15329e-20 0.993713 0.111954
    outer loop
      vertex -68.2 -1.7 38
      vertex -65.2 -1.65738 37.6217
      vertex -68.2 -1.65738 37.6217
    endloop
  endfacet
  facet normal 4.15329e-20 0.993713 -0.111954
    outer loop
      vertex -65.2 -1.7 38
      vertex -68.2 -1.65738 38.3783
      vertex -65.2 -1.65738 38.3783
    endloop
  endfacet
  facet normal 4.15329e-20 0.993713 -0.111954
    outer loop
      vertex -68.2 -1.65738 38.3783
      vertex -65.2 -1.7 38
      vertex -68.2 -1.7 38
    endloop
  endfacet
  facet normal 0 0.707133 -0.707081
    outer loop
      vertex -68.2 -1.32911 39.0599
      vertex -65.2 -1.05993 39.3291
      vertex -65.2 -1.32911 39.0599
    endloop
  endfacet
  facet normal 0 0.707133 -0.707081
    outer loop
      vertex -65.2 -1.05993 39.3291
      vertex -68.2 -1.32911 39.0599
      vertex -68.2 -1.05993 39.3291
    endloop
  endfacet
  facet normal -0 0.531972 0.846762
    outer loop
      vertex -68.2 -0.737602 36.4684
      vertex -65.2 -1.05993 36.6709
      vertex -65.2 -0.737602 36.4684
    endloop
  endfacet
  facet normal 0 0.531972 0.846762
    outer loop
      vertex -65.2 -1.05993 36.6709
      vertex -68.2 -0.737602 36.4684
      vertex -68.2 -1.05993 36.6709
    endloop
  endfacet
  facet normal 5.07343e-18 0.846694 -0.53208
    outer loop
      vertex -65.2 -1.53165 38.7376
      vertex -68.2 -1.32911 39.0599
      vertex -65.2 -1.32911 39.0599
    endloop
  endfacet
  facet normal 5.07343e-18 0.846694 -0.53208
    outer loop
      vertex -68.2 -1.32911 39.0599
      vertex -65.2 -1.53165 38.7376
      vertex -68.2 -1.53165 38.7376
    endloop
  endfacet
  facet normal -5.07334e-19 0.943879 -0.330292
    outer loop
      vertex -65.2 -1.65738 38.3783
      vertex -68.2 -1.53165 38.7376
      vertex -65.2 -1.53165 38.7376
    endloop
  endfacet
  facet normal -5.07334e-19 0.943879 -0.330292
    outer loop
      vertex -68.2 -1.53165 38.7376
      vertex -65.2 -1.65738 38.3783
      vertex -68.2 -1.65738 38.3783
    endloop
  endfacet
  facet normal -2.62088e-19 -0.707223 -0.70699
    outer loop
      vertex -68.2 53.0929 147.225
      vertex 43.2 50.9716 149.347
      vertex -68.2 50.9716 149.347
    endloop
  endfacet
  facet normal -2.62088e-19 -0.707223 -0.70699
    outer loop
      vertex 43.2 50.9716 149.347
      vertex -68.2 53.0929 147.225
      vertex 43.2 53.0929 147.225
    endloop
  endfacet
  facet normal -1 0 0
    outer loop
      vertex 43.2 -8.42539 85.7071
      vertex 43.2 50.9716 149.347
      vertex 43.2 53.0929 147.225
    endloop
  endfacet
  facet normal -1 0 0
    outer loop
      vertex 43.2 50.9716 149.347
      vertex 43.2 -8.42539 85.7071
      vertex 43.2 -10.5467 87.8284
    endloop
  endfacet
  facet normal -3.88006e-19 0.707105 0.707108
    outer loop
      vertex 43.2 -8.42539 85.7071
      vertex -68.2 -10.5467 87.8284
      vertex 43.2 -10.5467 87.8284
    endloop
  endfacet
  facet normal -3.88006e-19 0.707105 0.707108
    outer loop
      vertex -68.2 -10.5467 87.8284
      vertex 43.2 -8.42539 85.7071
      vertex -68.2 -8.42539 85.7071
    endloop
  endfacet
  facet normal 3.00685e-16 0.707107 0.707106
    outer loop
      vertex -65.2 7.41379 69.8679
      vertex -68.2 -7.71829 85
      vertex -65.2 -7.71829 85
    endloop
  endfacet
  facet normal 3.00685e-16 0.707107 0.707106
    outer loop
      vertex -68.2 -7.71829 85
      vertex -65.2 7.41379 69.8679
      vertex -68.2 7.41379 69.8679
    endloop
  endfacet
  facet normal 1.84605e-16 -0.707107 0.707107
    outer loop
      vertex -68.2 7.41379 69.8679
      vertex -65.2 22.5459 85
      vertex -68.2 22.5459 85
    endloop
  endfacet
  facet normal 1.84605e-16 -0.707107 0.707107
    outer loop
      vertex -65.2 22.5459 85
      vertex -68.2 7.41379 69.8679
      vertex -65.2 7.41379 69.8679
    endloop
  endfacet
  facet normal 0 -0.0989988 0.995088
    outer loop
      vertex -68.2 75.7317 139.508
      vertex -65.2 75.4 139.475
      vertex -65.2 75.7317 139.508
    endloop
  endfacet
  facet normal 0 -0.0989988 0.995088
    outer loop
      vertex -65.2 75.4 139.475
      vertex -68.2 75.7317 139.508
      vertex -68.2 75.4 139.475
    endloop
  endfacet
  facet normal 0 -0.0989988 -0.995088
    outer loop
      vertex -68.2 75.4 142.875
      vertex -65.2 75.7317 142.842
      vertex -65.2 75.4 142.875
    endloop
  endfacet
  facet normal -0 -0.0989988 -0.995088
    outer loop
      vertex -65.2 75.7317 142.842
      vertex -68.2 75.4 142.875
      vertex -68.2 75.7317 142.842
    endloop
  endfacet
  facet normal -1.24214e-18 -0.772294 -0.635265
    outer loop
      vertex -68.2 76.8135 142.12
      vertex -65.2 76.6021 142.377
      vertex -68.2 76.6021 142.377
    endloop
  endfacet
  facet normal -1.24214e-18 -0.772294 -0.635265
    outer loop
      vertex -65.2 76.6021 142.377
      vertex -68.2 76.8135 142.12
      vertex -65.2 76.8135 142.12
    endloop
  endfacet
  facet normal 1.09606e-18 -0.956997 -0.290099
    outer loop
      vertex -68.2 77.0673 141.507
      vertex -65.2 76.9706 141.826
      vertex -68.2 76.9706 141.826
    endloop
  endfacet
  facet normal 1.09606e-18 -0.956997 -0.290099
    outer loop
      vertex -65.2 76.9706 141.826
      vertex -68.2 77.0673 141.507
      vertex -65.2 77.0673 141.507
    endloop
  endfacet
  facet normal 0 -0.291006 0.956721
    outer loop
      vertex -68.2 76.0506 139.605
      vertex -65.2 75.7317 139.508
      vertex -65.2 76.0506 139.605
    endloop
  endfacet
  facet normal 0 -0.291006 0.956721
    outer loop
      vertex -65.2 75.7317 139.508
      vertex -68.2 76.0506 139.605
      vertex -68.2 75.7317 139.508
    endloop
  endfacet
  facet normal 0 -0.633663 0.773609
    outer loop
      vertex -68.2 76.6021 139.973
      vertex -65.2 76.3445 139.762
      vertex -65.2 76.6021 139.973
    endloop
  endfacet
  facet normal 0 -0.633663 0.773609
    outer loop
      vertex -65.2 76.3445 139.762
      vertex -68.2 76.6021 139.973
      vertex -68.2 76.3445 139.762
    endloop
  endfacet
  facet normal -5.30068e-19 -0.956743 0.290934
    outer loop
      vertex -68.2 76.9706 140.525
      vertex -65.2 77.0673 140.843
      vertex -68.2 77.0673 140.843
    endloop
  endfacet
  facet normal -5.30068e-19 -0.956743 0.290934
    outer loop
      vertex -65.2 77.0673 140.843
      vertex -68.2 76.9706 140.525
      vertex -65.2 76.9706 140.525
    endloop
  endfacet
  facet normal -2.03157e-19 -0.773503 0.633793
    outer loop
      vertex -68.2 76.6021 139.973
      vertex -65.2 76.8135 140.231
      vertex -68.2 76.8135 140.231
    endloop
  endfacet
  facet normal -2.03157e-19 -0.773503 0.633793
    outer loop
      vertex -65.2 76.8135 140.231
      vertex -68.2 76.6021 139.973
      vertex -65.2 76.6021 139.973
    endloop
  endfacet
  facet normal 0 -0.47118 -0.882037
    outer loop
      vertex -68.2 76.0506 142.746
      vertex -65.2 76.3445 142.589
      vertex -65.2 76.0506 142.746
    endloop
  endfacet
  facet normal -0 -0.47118 -0.882037
    outer loop
      vertex -65.2 76.3445 142.589
      vertex -68.2 76.0506 142.746
      vertex -68.2 76.3445 142.589
    endloop
  endfacet
  facet normal 0 -0.635455 -0.772138
    outer loop
      vertex -68.2 76.3445 142.589
      vertex -65.2 76.6021 142.377
      vertex -65.2 76.3445 142.589
    endloop
  endfacet
  facet normal -0 -0.635455 -0.772138
    outer loop
      vertex -65.2 76.6021 142.377
      vertex -68.2 76.3445 142.589
      vertex -68.2 76.6021 142.377
    endloop
  endfacet
  facet normal 0 -0.288257 -0.957553
    outer loop
      vertex -68.2 75.7317 142.842
      vertex -65.2 76.0506 142.746
      vertex -65.2 75.7317 142.842
    endloop
  endfacet
  facet normal -0 -0.288257 -0.957553
    outer loop
      vertex -65.2 76.0506 142.746
      vertex -68.2 75.7317 142.842
      vertex -68.2 76.0506 142.746
    endloop
  endfacet
  facet normal 5.31924e-19 -0.881979 -0.471289
    outer loop
      vertex -68.2 76.9706 141.826
      vertex -65.2 76.8135 142.12
      vertex -68.2 76.8135 142.12
    endloop
  endfacet
  facet normal 5.31924e-19 -0.881979 -0.471289
    outer loop
      vertex -65.2 76.8135 142.12
      vertex -68.2 76.9706 141.826
      vertex -65.2 76.9706 141.826
    endloop
  endfacet
  facet normal 1.49802e-19 -0.995184 -0.0980197
    outer loop
      vertex -68.2 77.1 141.175
      vertex -65.2 77.0673 141.507
      vertex -68.2 77.0673 141.507
    endloop
  endfacet
  facet normal 1.49802e-19 -0.995184 -0.0980197
    outer loop
      vertex -65.2 77.0673 141.507
      vertex -68.2 77.1 141.175
      vertex -65.2 77.1 141.175
    endloop
  endfacet
  facet normal -0 0.0989988 0.995088
    outer loop
      vertex -68.2 75.4 139.475
      vertex -65.2 75.0683 139.508
      vertex -65.2 75.4 139.475
    endloop
  endfacet
  facet normal 0 0.0989988 0.995088
    outer loop
      vertex -65.2 75.0683 139.508
      vertex -68.2 75.4 139.475
      vertex -68.2 75.0683 139.508
    endloop
  endfacet
  facet normal -0 0.47118 0.882037
    outer loop
      vertex -68.2 74.7494 139.605
      vertex -65.2 74.4555 139.762
      vertex -65.2 74.7494 139.605
    endloop
  endfacet
  facet normal 0 0.47118 0.882037
    outer loop
      vertex -65.2 74.4555 139.762
      vertex -68.2 74.7494 139.605
      vertex -68.2 74.4555 139.762
    endloop
  endfacet
  facet normal 0 -0.47118 0.882037
    outer loop
      vertex -68.2 76.3445 139.762
      vertex -65.2 76.0506 139.605
      vertex -65.2 76.3445 139.762
    endloop
  endfacet
  facet normal 0 -0.47118 0.882037
    outer loop
      vertex -65.2 76.0506 139.605
      vertex -68.2 76.3445 139.762
      vertex -68.2 76.0506 139.605
    endloop
  endfacet
  facet normal 2.71675e-19 -0.995184 0.0980197
    outer loop
      vertex -68.2 77.0673 140.843
      vertex -65.2 77.1 141.175
      vertex -68.2 77.1 141.175
    endloop
  endfacet
  facet normal 2.71675e-19 -0.995184 0.0980197
    outer loop
      vertex -65.2 77.1 141.175
      vertex -68.2 77.0673 140.843
      vertex -65.2 77.0673 140.843
    endloop
  endfacet
  facet normal -5.31924e-19 -0.881979 0.471289
    outer loop
      vertex -68.2 76.8135 140.231
      vertex -65.2 76.9706 140.525
      vertex -68.2 76.9706 140.525
    endloop
  endfacet
  facet normal -5.31924e-19 -0.881979 0.471289
    outer loop
      vertex -65.2 76.9706 140.525
      vertex -68.2 76.8135 140.231
      vertex -65.2 76.8135 140.231
    endloop
  endfacet
  facet normal -2.4582e-18 0.773503 0.633793
    outer loop
      vertex -65.2 74.1979 139.973
      vertex -68.2 73.9865 140.231
      vertex -65.2 73.9865 140.231
    endloop
  endfacet
  facet normal -2.4582e-18 0.773503 0.633793
    outer loop
      vertex -68.2 73.9865 140.231
      vertex -65.2 74.1979 139.973
      vertex -68.2 74.1979 139.973
    endloop
  endfacet
  facet normal 2.08369e-19 0.956997 -0.290099
    outer loop
      vertex -65.2 73.7327 141.507
      vertex -68.2 73.8294 141.826
      vertex -65.2 73.8294 141.826
    endloop
  endfacet
  facet normal 2.08369e-19 0.956997 -0.290099
    outer loop
      vertex -68.2 73.8294 141.826
      vertex -65.2 73.7327 141.507
      vertex -68.2 73.7327 141.507
    endloop
  endfacet
  facet normal 0 0.288257 -0.957553
    outer loop
      vertex -68.2 74.7494 142.746
      vertex -65.2 75.0683 142.842
      vertex -65.2 74.7494 142.746
    endloop
  endfacet
  facet normal 0 0.288257 -0.957553
    outer loop
      vertex -65.2 75.0683 142.842
      vertex -68.2 74.7494 142.746
      vertex -68.2 75.0683 142.842
    endloop
  endfacet
  facet normal -1.1128e-18 0.956743 0.290934
    outer loop
      vertex -65.2 73.8294 140.525
      vertex -68.2 73.7327 140.843
      vertex -65.2 73.7327 140.843
    endloop
  endfacet
  facet normal -1.1128e-18 0.956743 0.290934
    outer loop
      vertex -68.2 73.7327 140.843
      vertex -65.2 73.8294 140.525
      vertex -68.2 73.8294 140.525
    endloop
  endfacet
  facet normal -0 0.633663 0.773609
    outer loop
      vertex -68.2 74.4555 139.762
      vertex -65.2 74.1979 139.973
      vertex -65.2 74.4555 139.762
    endloop
  endfacet
  facet normal 0 0.633663 0.773609
    outer loop
      vertex -65.2 74.1979 139.973
      vertex -68.2 74.4555 139.762
      vertex -68.2 74.1979 139.973
    endloop
  endfacet
  facet normal -0 0.291006 0.956721
    outer loop
      vertex -68.2 75.0683 139.508
      vertex -65.2 74.7494 139.605
      vertex -65.2 75.0683 139.508
    endloop
  endfacet
  facet normal 0 0.291006 0.956721
    outer loop
      vertex -65.2 74.7494 139.605
      vertex -68.2 75.0683 139.508
      vertex -68.2 74.7494 139.605
    endloop
  endfacet
  facet normal -2.71675e-19 0.995184 0.0980197
    outer loop
      vertex -65.2 73.7327 140.843
      vertex -68.2 73.7 141.175
      vertex -65.2 73.7 141.175
    endloop
  endfacet
  facet normal -2.71675e-19 0.995184 0.0980197
    outer loop
      vertex -68.2 73.7 141.175
      vertex -65.2 73.7327 140.843
      vertex -68.2 73.7327 140.843
    endloop
  endfacet
  facet normal -1.49802e-19 0.995184 -0.0980197
    outer loop
      vertex -65.2 73.7 141.175
      vertex -68.2 73.7327 141.507
      vertex -65.2 73.7327 141.507
    endloop
  endfacet
  facet normal -1.49802e-19 0.995184 -0.0980197
    outer loop
      vertex -68.2 73.7327 141.507
      vertex -65.2 73.7 141.175
      vertex -68.2 73.7 141.175
    endloop
  endfacet
  facet normal -5.31924e-19 0.881979 -0.471289
    outer loop
      vertex -65.2 73.8294 141.826
      vertex -68.2 73.9865 142.12
      vertex -65.2 73.9865 142.12
    endloop
  endfacet
  facet normal -5.31924e-19 0.881979 -0.471289
    outer loop
      vertex -68.2 73.9865 142.12
      vertex -65.2 73.8294 141.826
      vertex -68.2 73.8294 141.826
    endloop
  endfacet
  facet normal 0 0.0989988 -0.995088
    outer loop
      vertex -68.2 75.0683 142.842
      vertex -65.2 75.4 142.875
      vertex -65.2 75.0683 142.842
    endloop
  endfacet
  facet normal 0 0.0989988 -0.995088
    outer loop
      vertex -65.2 75.4 142.875
      vertex -68.2 75.0683 142.842
      vertex -68.2 75.4 142.875
    endloop
  endfacet
  facet normal 5.31924e-19 0.881979 0.471289
    outer loop
      vertex -65.2 73.9865 140.231
      vertex -68.2 73.8294 140.525
      vertex -65.2 73.8294 140.525
    endloop
  endfacet
  facet normal 5.31924e-19 0.881979 0.471289
    outer loop
      vertex -68.2 73.8294 140.525
      vertex -65.2 73.9865 140.231
      vertex -68.2 73.9865 140.231
    endloop
  endfacet
  facet normal -3.37346e-18 0.772294 -0.635265
    outer loop
      vertex -65.2 73.9865 142.12
      vertex -68.2 74.1979 142.377
      vertex -65.2 74.1979 142.377
    endloop
  endfacet
  facet normal -3.37346e-18 0.772294 -0.635265
    outer loop
      vertex -68.2 74.1979 142.377
      vertex -65.2 73.9865 142.12
      vertex -68.2 73.9865 142.12
    endloop
  endfacet
  facet normal 0 0.635455 -0.772138
    outer loop
      vertex -68.2 74.1979 142.377
      vertex -65.2 74.4555 142.589
      vertex -65.2 74.1979 142.377
    endloop
  endfacet
  facet normal 0 0.635455 -0.772138
    outer loop
      vertex -65.2 74.4555 142.589
      vertex -68.2 74.1979 142.377
      vertex -68.2 74.4555 142.589
    endloop
  endfacet
  facet normal 0 0.47118 -0.882037
    outer loop
      vertex -68.2 74.4555 142.589
      vertex -65.2 74.7494 142.746
      vertex -65.2 74.4555 142.589
    endloop
  endfacet
  facet normal 0 0.47118 -0.882037
    outer loop
      vertex -65.2 74.7494 142.746
      vertex -68.2 74.4555 142.589
      vertex -68.2 74.7494 142.746
    endloop
  endfacet
  facet normal -8.18888e-19 -0.956743 0.290934
    outer loop
      vertex -68.2 94.9706 127.525
      vertex -65.2 95.0673 127.843
      vertex -68.2 95.0673 127.843
    endloop
  endfacet
  facet normal -8.18888e-19 -0.956743 0.290934
    outer loop
      vertex -65.2 95.0673 127.843
      vertex -68.2 94.9706 127.525
      vertex -65.2 94.9706 127.525
    endloop
  endfacet
  facet normal -5.31924e-19 -0.881979 0.471289
    outer loop
      vertex -68.2 94.8135 127.231
      vertex -65.2 94.9706 127.525
      vertex -68.2 94.9706 127.525
    endloop
  endfacet
  facet normal -5.31924e-19 -0.881979 0.471289
    outer loop
      vertex -65.2 94.9706 127.525
      vertex -68.2 94.8135 127.231
      vertex -65.2 94.8135 127.231
    endloop
  endfacet
  facet normal 1.09606e-18 -0.956997 -0.290099
    outer loop
      vertex -68.2 95.0673 128.507
      vertex -65.2 94.9706 128.826
      vertex -68.2 94.9706 128.826
    endloop
  endfacet
  facet normal 1.09606e-18 -0.956997 -0.290099
    outer loop
      vertex -65.2 94.9706 128.826
      vertex -68.2 95.0673 128.507
      vertex -65.2 95.0673 128.507
    endloop
  endfacet
  facet normal 0 -0.47118 -0.882037
    outer loop
      vertex -68.2 94.0506 129.746
      vertex -65.2 94.3445 129.589
      vertex -65.2 94.0506 129.746
    endloop
  endfacet
  facet normal -0 -0.47118 -0.882037
    outer loop
      vertex -65.2 94.3445 129.589
      vertex -68.2 94.0506 129.746
      vertex -68.2 94.3445 129.589
    endloop
  endfacet
  facet normal -0 0.0989988 0.995088
    outer loop
      vertex -68.2 93.4 126.475
      vertex -65.2 93.0683 126.508
      vertex -65.2 93.4 126.475
    endloop
  endfacet
  facet normal 0 0.0989988 0.995088
    outer loop
      vertex -65.2 93.0683 126.508
      vertex -68.2 93.4 126.475
      vertex -68.2 93.0683 126.508
    endloop
  endfacet
  facet normal -8.23984e-19 0.956743 0.290934
    outer loop
      vertex -65.2 91.8294 127.525
      vertex -68.2 91.7327 127.843
      vertex -65.2 91.7327 127.843
    endloop
  endfacet
  facet normal -8.23984e-19 0.956743 0.290934
    outer loop
      vertex -68.2 91.7327 127.843
      vertex -65.2 91.8294 127.525
      vertex -68.2 91.8294 127.525
    endloop
  endfacet
  facet normal 0 -0.633663 0.773609
    outer loop
      vertex -68.2 94.6021 126.973
      vertex -65.2 94.3445 126.762
      vertex -65.2 94.6021 126.973
    endloop
  endfacet
  facet normal 0 -0.633663 0.773609
    outer loop
      vertex -65.2 94.3445 126.762
      vertex -68.2 94.6021 126.973
      vertex -68.2 94.3445 126.762
    endloop
  endfacet
  facet normal 0 -0.291006 0.956721
    outer loop
      vertex -68.2 94.0506 126.605
      vertex -65.2 93.7317 126.508
      vertex -65.2 94.0506 126.605
    endloop
  endfacet
  facet normal 0 -0.291006 0.956721
    outer loop
      vertex -65.2 93.7317 126.508
      vertex -68.2 94.0506 126.605
      vertex -68.2 93.7317 126.508
    endloop
  endfacet
  facet normal 0 -0.47118 0.882037
    outer loop
      vertex -68.2 94.3445 126.762
      vertex -65.2 94.0506 126.605
      vertex -65.2 94.3445 126.762
    endloop
  endfacet
  facet normal 0 -0.47118 0.882037
    outer loop
      vertex -65.2 94.0506 126.605
      vertex -68.2 94.3445 126.762
      vertex -68.2 94.0506 126.605
    endloop
  endfacet
  facet normal 6.09364e-20 -0.995184 0.0980197
    outer loop
      vertex -68.2 95.0673 127.843
      vertex -65.2 95.1 128.175
      vertex -68.2 95.1 128.175
    endloop
  endfacet
  facet normal 6.09364e-20 -0.995184 0.0980197
    outer loop
      vertex -65.2 95.1 128.175
      vertex -68.2 95.0673 127.843
      vertex -65.2 95.0673 127.843
    endloop
  endfacet
  facet normal 1.62526e-19 -0.773503 0.633793
    outer loop
      vertex -68.2 94.6021 126.973
      vertex -65.2 94.8135 127.231
      vertex -68.2 94.8135 127.231
    endloop
  endfacet
  facet normal 1.62526e-19 -0.773503 0.633793
    outer loop
      vertex -65.2 94.8135 127.231
      vertex -68.2 94.6021 126.973
      vertex -65.2 94.6021 126.973
    endloop
  endfacet
  facet normal 0 -0.0989988 -0.995088
    outer loop
      vertex -68.2 93.4 129.875
      vertex -65.2 93.7317 129.842
      vertex -65.2 93.4 129.875
    endloop
  endfacet
  facet normal -0 -0.0989988 -0.995088
    outer loop
      vertex -65.2 93.7317 129.842
      vertex -68.2 93.4 129.875
      vertex -68.2 93.7317 129.842
    endloop
  endfacet
  facet normal 0 -0.635455 -0.772138
    outer loop
      vertex -68.2 94.3445 129.589
      vertex -65.2 94.6021 129.377
      vertex -65.2 94.3445 129.589
    endloop
  endfacet
  facet normal -0 -0.635455 -0.772138
    outer loop
      vertex -65.2 94.6021 129.377
      vertex -68.2 94.3445 129.589
      vertex -68.2 94.6021 129.377
    endloop
  endfacet
  facet normal 5.31924e-19 -0.881979 -0.471289
    outer loop
      vertex -68.2 94.9706 128.826
      vertex -65.2 94.8135 129.12
      vertex -68.2 94.8135 129.12
    endloop
  endfacet
  facet normal 5.31924e-19 -0.881979 -0.471289
    outer loop
      vertex -65.2 94.8135 129.12
      vertex -68.2 94.9706 128.826
      vertex -65.2 94.9706 128.826
    endloop
  endfacet
  facet normal 1.49802e-19 -0.995184 -0.0980197
    outer loop
      vertex -68.2 95.1 128.175
      vertex -65.2 95.0673 128.507
      vertex -68.2 95.0673 128.507
    endloop
  endfacet
  facet normal 1.49802e-19 -0.995184 -0.0980197
    outer loop
      vertex -65.2 95.0673 128.507
      vertex -68.2 95.1 128.175
      vertex -65.2 95.1 128.175
    endloop
  endfacet
  facet normal -1.24214e-18 -0.772294 -0.635265
    outer loop
      vertex -68.2 94.8135 129.12
      vertex -65.2 94.6021 129.377
      vertex -68.2 94.6021 129.377
    endloop
  endfacet
  facet normal -1.24214e-18 -0.772294 -0.635265
    outer loop
      vertex -65.2 94.6021 129.377
      vertex -68.2 94.8135 129.12
      vertex -65.2 94.8135 129.12
    endloop
  endfacet
  facet normal 0 -0.0989988 0.995088
    outer loop
      vertex -68.2 93.7317 126.508
      vertex -65.2 93.4 126.475
      vertex -65.2 93.7317 126.508
    endloop
  endfacet
  facet normal 0 -0.0989988 0.995088
    outer loop
      vertex -65.2 93.4 126.475
      vertex -68.2 93.7317 126.508
      vertex -68.2 93.4 126.475
    endloop
  endfacet
  facet normal -2.82727e-18 0.773503 0.633793
    outer loop
      vertex -65.2 92.1979 126.973
      vertex -68.2 91.9865 127.231
      vertex -65.2 91.9865 127.231
    endloop
  endfacet
  facet normal -2.82727e-18 0.773503 0.633793
    outer loop
      vertex -68.2 91.9865 127.231
      vertex -65.2 92.1979 126.973
      vertex -68.2 92.1979 126.973
    endloop
  endfacet
  facet normal -0 0.47118 0.882037
    outer loop
      vertex -68.2 92.7494 126.605
      vertex -65.2 92.4555 126.762
      vertex -65.2 92.7494 126.605
    endloop
  endfacet
  facet normal 0 0.47118 0.882037
    outer loop
      vertex -65.2 92.4555 126.762
      vertex -68.2 92.7494 126.605
      vertex -68.2 92.4555 126.762
    endloop
  endfacet
  facet normal 0 0.0989988 -0.995088
    outer loop
      vertex -68.2 93.0683 129.842
      vertex -65.2 93.4 129.875
      vertex -65.2 93.0683 129.842
    endloop
  endfacet
  facet normal 0 0.0989988 -0.995088
    outer loop
      vertex -65.2 93.4 129.875
      vertex -68.2 93.0683 129.842
      vertex -68.2 93.4 129.875
    endloop
  endfacet
  facet normal 0 -0.288257 -0.957553
    outer loop
      vertex -68.2 93.7317 129.842
      vertex -65.2 94.0506 129.746
      vertex -65.2 93.7317 129.842
    endloop
  endfacet
  facet normal -0 -0.288257 -0.957553
    outer loop
      vertex -65.2 94.0506 129.746
      vertex -68.2 93.7317 129.842
      vertex -68.2 94.0506 129.746
    endloop
  endfacet
  facet normal 2.08369e-19 0.956997 -0.290099
    outer loop
      vertex -65.2 91.7327 128.507
      vertex -68.2 91.8294 128.826
      vertex -65.2 91.8294 128.826
    endloop
  endfacet
  facet normal 2.08369e-19 0.956997 -0.290099
    outer loop
      vertex -68.2 91.8294 128.826
      vertex -65.2 91.7327 128.507
      vertex -68.2 91.7327 128.507
    endloop
  endfacet
  facet normal 0 0.288257 -0.957553
    outer loop
      vertex -68.2 92.7494 129.746
      vertex -65.2 93.0683 129.842
      vertex -65.2 92.7494 129.746
    endloop
  endfacet
  facet normal 0 0.288257 -0.957553
    outer loop
      vertex -65.2 93.0683 129.842
      vertex -68.2 92.7494 129.746
      vertex -68.2 93.0683 129.842
    endloop
  endfacet
  facet normal -0 0.633663 0.773609
    outer loop
      vertex -68.2 92.4555 126.762
      vertex -65.2 92.1979 126.973
      vertex -65.2 92.4555 126.762
    endloop
  endfacet
  facet normal 0 0.633663 0.773609
    outer loop
      vertex -65.2 92.1979 126.973
      vertex -68.2 92.4555 126.762
      vertex -68.2 92.1979 126.973
    endloop
  endfacet
  facet normal -0 0.291006 0.956721
    outer loop
      vertex -68.2 93.0683 126.508
      vertex -65.2 92.7494 126.605
      vertex -65.2 93.0683 126.508
    endloop
  endfacet
  facet normal 0 0.291006 0.956721
    outer loop
      vertex -65.2 92.7494 126.605
      vertex -68.2 93.0683 126.508
      vertex -68.2 92.7494 126.605
    endloop
  endfacet
  facet normal -6.09364e-20 0.995184 0.0980197
    outer loop
      vertex -65.2 91.7327 127.843
      vertex -68.2 91.7 128.175
      vertex -65.2 91.7 128.175
    endloop
  endfacet
  facet normal -6.09364e-20 0.995184 0.0980197
    outer loop
      vertex -68.2 91.7 128.175
      vertex -65.2 91.7327 127.843
      vertex -68.2 91.7327 127.843
    endloop
  endfacet
  facet normal -1.49802e-19 0.995184 -0.0980197
    outer loop
      vertex -65.2 91.7 128.175
      vertex -68.2 91.7327 128.507
      vertex -65.2 91.7327 128.507
    endloop
  endfacet
  facet normal -1.49802e-19 0.995184 -0.0980197
    outer loop
      vertex -68.2 91.7327 128.507
      vertex -65.2 91.7 128.175
      vertex -68.2 91.7 128.175
    endloop
  endfacet
  facet normal -5.31924e-19 0.881979 -0.471289
    outer loop
      vertex -65.2 91.8294 128.826
      vertex -68.2 91.9865 129.12
      vertex -65.2 91.9865 129.12
    endloop
  endfacet
  facet normal -5.31924e-19 0.881979 -0.471289
    outer loop
      vertex -68.2 91.9865 129.12
      vertex -65.2 91.8294 128.826
      vertex -68.2 91.8294 128.826
    endloop
  endfacet
  facet normal 0 0.47118 -0.882037
    outer loop
      vertex -68.2 92.4555 129.589
      vertex -65.2 92.7494 129.746
      vertex -65.2 92.4555 129.589
    endloop
  endfacet
  facet normal 0 0.47118 -0.882037
    outer loop
      vertex -65.2 92.7494 129.746
      vertex -68.2 92.4555 129.589
      vertex -68.2 92.7494 129.746
    endloop
  endfacet
  facet normal 5.31924e-19 0.881979 0.471289
    outer loop
      vertex -65.2 91.9865 127.231
      vertex -68.2 91.8294 127.525
      vertex -65.2 91.8294 127.525
    endloop
  endfacet
  facet normal 5.31924e-19 0.881979 0.471289
    outer loop
      vertex -68.2 91.8294 127.525
      vertex -65.2 91.9865 127.231
      vertex -68.2 91.9865 127.231
    endloop
  endfacet
  facet normal -3.37346e-18 0.772294 -0.635265
    outer loop
      vertex -65.2 91.9865 129.12
      vertex -68.2 92.1979 129.377
      vertex -65.2 92.1979 129.377
    endloop
  endfacet
  facet normal -3.37346e-18 0.772294 -0.635265
    outer loop
      vertex -68.2 92.1979 129.377
      vertex -65.2 91.9865 129.12
      vertex -68.2 91.9865 129.12
    endloop
  endfacet
  facet normal 0 0.635455 -0.772138
    outer loop
      vertex -68.2 92.1979 129.377
      vertex -65.2 92.4555 129.589
      vertex -65.2 92.1979 129.377
    endloop
  endfacet
  facet normal 0 0.635455 -0.772138
    outer loop
      vertex -65.2 92.4555 129.589
      vertex -68.2 92.1979 129.377
      vertex -68.2 92.4555 129.589
    endloop
  endfacet
  facet normal -4.91094e-16 -0.707107 -0.707107
    outer loop
      vertex -68.2 102 102.575
      vertex -65.2 57.4 147.175
      vertex -68.2 57.4 147.175
    endloop
  endfacet
  facet normal -4.91094e-16 -0.707107 -0.707107
    outer loop
      vertex -65.2 57.4 147.175
      vertex -68.2 102 102.575
      vertex -65.2 102 102.575
    endloop
  endfacet
  facet normal -0 0 1
    outer loop
      vertex -68.2 95.4 150.175
      vertex -65.2 63.4 150.175
      vertex -65.2 95.4 150.175
    endloop
  endfacet
  facet normal 0 0 1
    outer loop
      vertex -65.2 63.4 150.175
      vertex -68.2 95.4 150.175
      vertex -68.2 63.4 150.175
    endloop
  endfacet
  facet normal 1 0 0
    outer loop
      vertex -65.2 76.8135 142.12
      vertex -65.2 95.4 147.175
      vertex -65.2 95.4 150.175
    endloop
  endfacet
  facet normal 1 0 0
    outer loop
      vertex -65.2 95.4 147.175
      vertex -65.2 95.0673 128.507
      vertex -65.2 95.1 128.175
    endloop
  endfacet
  facet normal 1 0 0
    outer loop
      vertex -65.2 95.4 147.175
      vertex -65.2 94.9706 128.826
      vertex -65.2 95.0673 128.507
    endloop
  endfacet
  facet normal 1 0 0
    outer loop
      vertex -65.2 95.4 147.175
      vertex -65.2 94.8135 129.12
      vertex -65.2 94.9706 128.826
    endloop
  endfacet
  facet normal 1 0 0
    outer loop
      vertex -65.2 95.4 147.175
      vertex -65.2 94.6021 129.377
      vertex -65.2 94.8135 129.12
    endloop
  endfacet
  facet normal 1 0 0
    outer loop
      vertex -65.2 95.4 147.175
      vertex -65.2 94.3445 129.589
      vertex -65.2 94.6021 129.377
    endloop
  endfacet
  facet normal 1 0 0
    outer loop
      vertex -65.2 95.4 147.175
      vertex -65.2 94.0506 129.746
      vertex -65.2 94.3445 129.589
    endloop
  endfacet
  facet normal 1 0 0
    outer loop
      vertex -65.2 95.4 147.175
      vertex -65.2 93.7317 129.842
      vertex -65.2 94.0506 129.746
    endloop
  endfacet
  facet normal 1 0 0
    outer loop
      vertex -65.2 95.4 147.175
      vertex -65.2 93.4 129.875
      vertex -65.2 93.7317 129.842
    endloop
  endfacet
  facet normal 1 0 0
    outer loop
      vertex -65.2 95.4 147.175
      vertex -65.2 93.0683 129.842
      vertex -65.2 93.4 129.875
    endloop
  endfacet
  facet normal 1 0 0
    outer loop
      vertex -65.2 95.4 147.175
      vertex -65.2 92.7494 129.746
      vertex -65.2 93.0683 129.842
    endloop
  endfacet
  facet normal 1 0 0
    outer loop
      vertex -65.2 77.0673 140.843
      vertex -65.2 95.4 147.175
      vertex -65.2 77.1 141.175
    endloop
  endfacet
  facet normal 1 0 0
    outer loop
      vertex -65.2 95.4 147.175
      vertex -65.2 77.0673 140.843
      vertex -65.2 92.7494 129.746
    endloop
  endfacet
  facet normal 1 0 0
    outer loop
      vertex -65.2 92.7494 129.746
      vertex -65.2 77.0673 140.843
      vertex -65.2 92.4555 129.589
    endloop
  endfacet
  facet normal 1 -0 0
    outer loop
      vertex -65.2 76.9706 140.525
      vertex -65.2 92.4555 129.589
      vertex -65.2 77.0673 140.843
    endloop
  endfacet
  facet normal 1 0 0
    outer loop
      vertex -65.2 92.4555 129.589
      vertex -65.2 76.9706 140.525
      vertex -65.2 92.1979 129.377
    endloop
  endfacet
  facet normal 1 0 0
    outer loop
      vertex -65.2 92.1979 129.377
      vertex -65.2 76.8135 140.231
      vertex -65.2 91.9865 129.12
    endloop
  endfacet
  facet normal 1 -0 0
    outer loop
      vertex -65.2 76.8135 140.231
      vertex -65.2 92.1979 129.377
      vertex -65.2 76.9706 140.525
    endloop
  endfacet
  facet normal 1 0 0
    outer loop
      vertex -65.2 95.4 147.175
      vertex -65.2 77.0673 141.507
      vertex -65.2 77.1 141.175
    endloop
  endfacet
  facet normal 1 0 0
    outer loop
      vertex -65.2 95.4 147.175
      vertex -65.2 76.9706 141.826
      vertex -65.2 77.0673 141.507
    endloop
  endfacet
  facet normal 1 0 0
    outer loop
      vertex -65.2 95.4 147.175
      vertex -65.2 76.8135 142.12
      vertex -65.2 76.9706 141.826
    endloop
  endfacet
  facet normal 1 0 0
    outer loop
      vertex -65.2 95.4 150.175
      vertex -65.2 76.6021 142.377
      vertex -65.2 76.8135 142.12
    endloop
  endfacet
  facet normal 1 0 0
    outer loop
      vertex -65.2 95.4 150.175
      vertex -65.2 76.3445 142.589
      vertex -65.2 76.6021 142.377
    endloop
  endfacet
  facet normal 1 0 0
    outer loop
      vertex -65.2 95.4 150.175
      vertex -65.2 76.0506 142.746
      vertex -65.2 76.3445 142.589
    endloop
  endfacet
  facet normal 1 0 0
    outer loop
      vertex -65.2 95.4 150.175
      vertex -65.2 75.7317 142.842
      vertex -65.2 76.0506 142.746
    endloop
  endfacet
  facet normal 1 -0 0
    outer loop
      vertex -65.2 63.4 150.175
      vertex -65.2 75.7317 142.842
      vertex -65.2 95.4 150.175
    endloop
  endfacet
  facet normal 1 0 0
    outer loop
      vertex -65.2 75.7317 142.842
      vertex -65.2 63.4 150.175
      vertex -65.2 75.4 142.875
    endloop
  endfacet
  facet normal 1 0 0
    outer loop
      vertex -65.2 75.4 142.875
      vertex -65.2 63.4 150.175
      vertex -65.2 75.0683 142.842
    endloop
  endfacet
  facet normal 1 0 0
    outer loop
      vertex -65.2 73.8294 141.826
      vertex -65.2 63.4 147.175
      vertex -65.2 73.7327 141.507
    endloop
  endfacet
  facet normal 1 0 0
    outer loop
      vertex -65.2 73.9865 142.12
      vertex -65.2 63.4 147.175
      vertex -65.2 73.8294 141.826
    endloop
  endfacet
  facet normal 1 0 0
    outer loop
      vertex -65.2 74.1979 142.377
      vertex -65.2 63.4 147.175
      vertex -65.2 73.9865 142.12
    endloop
  endfacet
  facet normal 1 0 0
    outer loop
      vertex -65.2 74.4555 142.589
      vertex -65.2 63.4 147.175
      vertex -65.2 74.1979 142.377
    endloop
  endfacet
  facet normal 1 -0 0
    outer loop
      vertex -65.2 63.4 147.175
      vertex -65.2 74.4555 142.589
      vertex -65.2 63.4 150.175
    endloop
  endfacet
  facet normal 1 0 0
    outer loop
      vertex -65.2 74.7494 142.746
      vertex -65.2 63.4 150.175
      vertex -65.2 74.4555 142.589
    endloop
  endfacet
  facet normal 1 0 0
    outer loop
      vertex -65.2 75.0683 142.842
      vertex -65.2 63.4 150.175
      vertex -65.2 74.7494 142.746
    endloop
  endfacet
  facet normal 1 0 0
    outer loop
      vertex -65.2 95.1 128.175
      vertex -65.2 102 147.175
      vertex -65.2 95.4 147.175
    endloop
  endfacet
  facet normal 1 0 0
    outer loop
      vertex -65.2 102 147.175
      vertex -65.2 95.1 128.175
      vertex -65.2 102 102.575
    endloop
  endfacet
  facet normal 1 -0 0
    outer loop
      vertex -65.2 95.0673 127.843
      vertex -65.2 102 102.575
      vertex -65.2 95.1 128.175
    endloop
  endfacet
  facet normal 1 -0 0
    outer loop
      vertex -65.2 94.9706 127.525
      vertex -65.2 102 102.575
      vertex -65.2 95.0673 127.843
    endloop
  endfacet
  facet normal 1 -0 0
    outer loop
      vertex -65.2 94.8135 127.231
      vertex -65.2 102 102.575
      vertex -65.2 94.9706 127.525
    endloop
  endfacet
  facet normal 1 -0 0
    outer loop
      vertex -65.2 94.6021 126.973
      vertex -65.2 102 102.575
      vertex -65.2 94.8135 127.231
    endloop
  endfacet
  facet normal 1 -0 0
    outer loop
      vertex -65.2 94.3445 126.762
      vertex -65.2 102 102.575
      vertex -65.2 94.6021 126.973
    endloop
  endfacet
  facet normal 1 -0 0
    outer loop
      vertex -65.2 94.0506 126.605
      vertex -65.2 102 102.575
      vertex -65.2 94.3445 126.762
    endloop
  endfacet
  facet normal 1 -0 0
    outer loop
      vertex -65.2 93.7317 126.508
      vertex -65.2 102 102.575
      vertex -65.2 94.0506 126.605
    endloop
  endfacet
  facet normal 1 -0 0
    outer loop
      vertex -65.2 93.4 126.475
      vertex -65.2 102 102.575
      vertex -65.2 93.7317 126.508
    endloop
  endfacet
  facet normal 1 0 0
    outer loop
      vertex -65.2 93.0683 126.508
      vertex -65.2 102 102.575
      vertex -65.2 93.4 126.475
    endloop
  endfacet
  facet normal 1 0 0
    outer loop
      vertex -65.2 92.7494 126.605
      vertex -65.2 102 102.575
      vertex -65.2 93.0683 126.508
    endloop
  endfacet
  facet normal 1 0 0
    outer loop
      vertex -65.2 92.4555 126.762
      vertex -65.2 102 102.575
      vertex -65.2 92.7494 126.605
    endloop
  endfacet
  facet normal 1 0 0
    outer loop
      vertex -65.2 92.1979 126.973
      vertex -65.2 102 102.575
      vertex -65.2 92.4555 126.762
    endloop
  endfacet
  facet normal 1 0 0
    outer loop
      vertex -65.2 91.9865 127.231
      vertex -65.2 102 102.575
      vertex -65.2 92.1979 126.973
    endloop
  endfacet
  facet normal 1 0 0
    outer loop
      vertex -65.2 75.0683 139.508
      vertex -65.2 91.9865 127.231
      vertex -65.2 91.8294 127.525
    endloop
  endfacet
  facet normal 1 -0 0
    outer loop
      vertex -65.2 76.6021 139.973
      vertex -65.2 91.9865 129.12
      vertex -65.2 76.8135 140.231
    endloop
  endfacet
  facet normal 1 0 0
    outer loop
      vertex -65.2 91.9865 129.12
      vertex -65.2 76.6021 139.973
      vertex -65.2 91.8294 128.826
    endloop
  endfacet
  facet normal 1 -0 0
    outer loop
      vertex -65.2 76.3445 139.762
      vertex -65.2 91.8294 128.826
      vertex -65.2 76.6021 139.973
    endloop
  endfacet
  facet normal 1 0 0
    outer loop
      vertex -65.2 91.8294 128.826
      vertex -65.2 76.3445 139.762
      vertex -65.2 91.7327 128.507
    endloop
  endfacet
  facet normal 1 -0 0
    outer loop
      vertex -65.2 76.0506 139.605
      vertex -65.2 91.7327 128.507
      vertex -65.2 76.3445 139.762
    endloop
  endfacet
  facet normal 1 0 0
    outer loop
      vertex -65.2 91.7327 128.507
      vertex -65.2 76.0506 139.605
      vertex -65.2 91.7 128.175
    endloop
  endfacet
  facet normal 1 -0 0
    outer loop
      vertex -65.2 75.7317 139.508
      vertex -65.2 91.7 128.175
      vertex -65.2 76.0506 139.605
    endloop
  endfacet
  facet normal 1 0 0
    outer loop
      vertex -65.2 91.7 128.175
      vertex -65.2 75.7317 139.508
      vertex -65.2 91.7327 127.843
    endloop
  endfacet
  facet normal 1 -0 0
    outer loop
      vertex -65.2 75.4 139.475
      vertex -65.2 91.7327 127.843
      vertex -65.2 75.7317 139.508
    endloop
  endfacet
  facet normal 1 0 0
    outer loop
      vertex -65.2 91.7327 127.843
      vertex -65.2 75.4 139.475
      vertex -65.2 91.8294 127.525
    endloop
  endfacet
  facet normal 1 0 0
    outer loop
      vertex -65.2 75.0683 139.508
      vertex -65.2 91.8294 127.525
      vertex -65.2 75.4 139.475
    endloop
  endfacet
  facet normal 1 0 0
    outer loop
      vertex -65.2 91.9865 127.231
      vertex -65.2 75.0683 139.508
      vertex -65.2 74.7494 139.605
    endloop
  endfacet
  facet normal 1 0 0
    outer loop
      vertex -65.2 91.9865 127.231
      vertex -65.2 74.7494 139.605
      vertex -65.2 102 102.575
    endloop
  endfacet
  facet normal 1 0 0
    outer loop
      vertex -65.2 74.4555 139.762
      vertex -65.2 102 102.575
      vertex -65.2 74.7494 139.605
    endloop
  endfacet
  facet normal 1 0 0
    outer loop
      vertex -65.2 57.4 147.175
      vertex -65.2 74.4555 139.762
      vertex -65.2 74.1979 139.973
    endloop
  endfacet
  facet normal 1 0 0
    outer loop
      vertex -65.2 57.4 147.175
      vertex -65.2 74.1979 139.973
      vertex -65.2 73.9865 140.231
    endloop
  endfacet
  facet normal 1 0 0
    outer loop
      vertex -65.2 73.7327 141.507
      vertex -65.2 63.4 147.175
      vertex -65.2 73.7 141.175
    endloop
  endfacet
  facet normal 1 0 0
    outer loop
      vertex -65.2 73.7 141.175
      vertex -65.2 63.4 147.175
      vertex -65.2 73.7327 140.843
    endloop
  endfacet
  facet normal 1 0 0
    outer loop
      vertex -65.2 73.7327 140.843
      vertex -65.2 63.4 147.175
      vertex -65.2 73.8294 140.525
    endloop
  endfacet
  facet normal 1 0 0
    outer loop
      vertex -65.2 73.8294 140.525
      vertex -65.2 63.4 147.175
      vertex -65.2 73.9865 140.231
    endloop
  endfacet
  facet normal 1 -0 0
    outer loop
      vertex -65.2 57.4 147.175
      vertex -65.2 73.9865 140.231
      vertex -65.2 63.4 147.175
    endloop
  endfacet
  facet normal 1 0 0
    outer loop
      vertex -65.2 74.4555 139.762
      vertex -65.2 57.4 147.175
      vertex -65.2 102 102.575
    endloop
  endfacet
endsolid OpenSCAD_Model
