solid OpenSCAD_Model
  facet normal -0.995176 -0.0981075 1.24351e-19
    outer loop
      vertex -20.45 -34.212 0
      vertex -20.4827 -33.8803 2.575
      vertex -20.4827 -33.8803 0
    endloop
  endfacet
  facet normal -0.995176 -0.0981075 1.24351e-19
    outer loop
      vertex -20.4827 -33.8803 2.575
      vertex -20.45 -34.212 0
      vertex -20.45 -34.212 2.575
    endloop
  endfacet
  facet normal 0.995176 -0.0981075 -1.24351e-19
    outer loop
      vertex -23.85 -34.212 2.575
      vertex -23.8173 -33.8803 0
      vertex -23.8173 -33.8803 2.575
    endloop
  endfacet
  facet normal 0.995176 -0.0981075 -1.24351e-19
    outer loop
      vertex -23.8173 -33.8803 0
      vertex -23.85 -34.212 2.575
      vertex -23.85 -34.212 0
    endloop
  endfacet
  facet normal -0.0981075 -0.995176 0
    outer loop
      vertex -22.15 -32.512 0
      vertex -21.8183 -32.5447 2.575
      vertex -22.15 -32.512 2.575
    endloop
  endfacet
  facet normal -0.0981075 -0.995176 -0
    outer loop
      vertex -21.8183 -32.5447 2.575
      vertex -22.15 -32.512 0
      vertex -21.8183 -32.5447 0
    endloop
  endfacet
  facet normal 0.0981075 0.995176 -0
    outer loop
      vertex -22.15 -35.912 0
      vertex -22.4817 -35.8793 2.575
      vertex -22.15 -35.912 2.575
    endloop
  endfacet
  facet normal 0.0981075 0.995176 0
    outer loop
      vertex -22.4817 -35.8793 2.575
      vertex -22.15 -35.912 0
      vertex -22.4817 -35.8793 0
    endloop
  endfacet
  facet normal -0.634381 -0.773021 0
    outer loop
      vertex -21.2055 -32.7985 0
      vertex -20.9479 -33.0099 2.575
      vertex -21.2055 -32.7985 2.575
    endloop
  endfacet
  facet normal -0.634381 -0.773021 -0
    outer loop
      vertex -20.9479 -33.0099 2.575
      vertex -21.2055 -32.7985 0
      vertex -20.9479 -33.0099 0
    endloop
  endfacet
  facet normal -0.471413 -0.881912 0
    outer loop
      vertex -21.4994 -32.6414 0
      vertex -21.2055 -32.7985 2.575
      vertex -21.4994 -32.6414 2.575
    endloop
  endfacet
  facet normal -0.471413 -0.881912 -0
    outer loop
      vertex -21.2055 -32.7985 2.575
      vertex -21.4994 -32.6414 0
      vertex -21.2055 -32.7985 0
    endloop
  endfacet
  facet normal 0.634381 -0.773021 0
    outer loop
      vertex -23.3521 -33.0099 0
      vertex -23.0945 -32.7985 2.575
      vertex -23.3521 -33.0099 2.575
    endloop
  endfacet
  facet normal 0.634381 -0.773021 0
    outer loop
      vertex -23.0945 -32.7985 2.575
      vertex -23.3521 -33.0099 0
      vertex -23.0945 -32.7985 0
    endloop
  endfacet
  facet normal 0.290182 -0.956971 0
    outer loop
      vertex -22.8006 -32.6414 0
      vertex -22.4817 -32.5447 2.575
      vertex -22.8006 -32.6414 2.575
    endloop
  endfacet
  facet normal 0.290182 -0.956971 0
    outer loop
      vertex -22.4817 -32.5447 2.575
      vertex -22.8006 -32.6414 0
      vertex -22.4817 -32.5447 0
    endloop
  endfacet
  facet normal 0 0 -1
    outer loop
      vertex -21.2055 -32.7985 0
      vertex -13.8997 -28.1021 0
      vertex -20.9479 -33.0099 0
    endloop
  endfacet
  facet normal 0 0 -1
    outer loop
      vertex -13.6039 -25.4765 0
      vertex -20.4827 33.8803 0
      vertex -20.45 34.212 0
    endloop
  endfacet
  facet normal -0 0 -1
    outer loop
      vertex -13.8997 -28.1021 0
      vertex -21.2055 -32.7985 0
      vertex -14 -27.212 0
    endloop
  endfacet
  facet normal 0 0 -1
    outer loop
      vertex -13.6039 -25.4765 0
      vertex -20.5794 33.5614 0
      vertex -20.4827 33.8803 0
    endloop
  endfacet
  facet normal 0 0 -1
    outer loop
      vertex -21.4994 -32.6414 0
      vertex -14 -27.212 0
      vertex -21.2055 -32.7985 0
    endloop
  endfacet
  facet normal 0 0 -1
    outer loop
      vertex -13.6039 -25.4765 0
      vertex -20.7365 33.2675 0
      vertex -20.5794 33.5614 0
    endloop
  endfacet
  facet normal 0 0 -1
    outer loop
      vertex -21.8183 -32.5447 0
      vertex -14 -27.212 0
      vertex -21.4994 -32.6414 0
    endloop
  endfacet
  facet normal 0 0 -1
    outer loop
      vertex -13.6039 -25.4765 0
      vertex -20.9479 33.0099 0
      vertex -20.7365 33.2675 0
    endloop
  endfacet
  facet normal -0 0 -1
    outer loop
      vertex -14 -27.212 0
      vertex -21.8183 -32.5447 0
      vertex -13.8997 -26.3219 0
    endloop
  endfacet
  facet normal 0 0 -1
    outer loop
      vertex -13.6039 -25.4765 0
      vertex -21.2055 32.7985 0
      vertex -20.9479 33.0099 0
    endloop
  endfacet
  facet normal 0 0 -1
    outer loop
      vertex -22.15 -32.512 0
      vertex -13.8997 -26.3219 0
      vertex -21.8183 -32.5447 0
    endloop
  endfacet
  facet normal 0 0 -1
    outer loop
      vertex -13.6039 -25.4765 0
      vertex -21.4994 32.6414 0
      vertex -21.2055 32.7985 0
    endloop
  endfacet
  facet normal -0 0 -1
    outer loop
      vertex -13.8997 -26.3219 0
      vertex -22.15 -32.512 0
      vertex -13.6039 -25.4765 0
    endloop
  endfacet
  facet normal 0 0 -1
    outer loop
      vertex -13.6039 -25.4765 0
      vertex -21.8183 32.5447 0
      vertex -21.4994 32.6414 0
    endloop
  endfacet
  facet normal 0 0 -1
    outer loop
      vertex -22.4817 -32.5447 0
      vertex -13.6039 -25.4765 0
      vertex -22.15 -32.512 0
    endloop
  endfacet
  facet normal 0 0 -1
    outer loop
      vertex -13.6039 -25.4765 0
      vertex -22.15 32.512 0
      vertex -21.8183 32.5447 0
    endloop
  endfacet
  facet normal 0 0 -1
    outer loop
      vertex -22.8006 -32.6414 0
      vertex -13.6039 -25.4765 0
      vertex -22.4817 -32.5447 0
    endloop
  endfacet
  facet normal 0 0 -1
    outer loop
      vertex -13.6039 -25.4765 0
      vertex -22.4817 32.5447 0
      vertex -22.15 32.512 0
    endloop
  endfacet
  facet normal 0 0 -1
    outer loop
      vertex -22.8006 32.6414 0
      vertex -13.6039 -25.4765 0
      vertex -22.8006 -32.6414 0
    endloop
  endfacet
  facet normal 0 0 -1
    outer loop
      vertex -13.6039 -25.4765 0
      vertex -22.8006 32.6414 0
      vertex -22.4817 32.5447 0
    endloop
  endfacet
  facet normal 0 0 -1
    outer loop
      vertex -23.0945 -32.7985 0
      vertex -22.8006 32.6414 0
      vertex -22.8006 -32.6414 0
    endloop
  endfacet
  facet normal 0 0 -1
    outer loop
      vertex -23.0945 -32.7985 0
      vertex -23.0945 32.7985 0
      vertex -22.8006 32.6414 0
    endloop
  endfacet
  facet normal 0 0 -1
    outer loop
      vertex -23.3521 -33.0099 0
      vertex -23.0945 32.7985 0
      vertex -23.0945 -32.7985 0
    endloop
  endfacet
  facet normal 0 0 -1
    outer loop
      vertex -23.3521 -33.0099 0
      vertex -23.3521 33.0099 0
      vertex -23.0945 32.7985 0
    endloop
  endfacet
  facet normal 0 0 -1
    outer loop
      vertex -30.15 -39.212 0
      vertex -23.3521 -33.0099 0
      vertex -23.5635 -33.2675 0
    endloop
  endfacet
  facet normal -0 0 -1
    outer loop
      vertex -23.3521 -33.0099 0
      vertex -30.15 -39.212 0
      vertex -23.3521 33.0099 0
    endloop
  endfacet
  facet normal 0 0 -1
    outer loop
      vertex -30.15 -39.212 0
      vertex -23.5635 -33.2675 0
      vertex -23.7206 -33.5614 0
    endloop
  endfacet
  facet normal 0 0 -1
    outer loop
      vertex -30.15 39.212 0
      vertex -23.3521 33.0099 0
      vertex -30.15 -39.212 0
    endloop
  endfacet
  facet normal 0 0 -1
    outer loop
      vertex -30.15 -39.212 0
      vertex -23.7206 -33.5614 0
      vertex -23.8173 -33.8803 0
    endloop
  endfacet
  facet normal 0 0 -1
    outer loop
      vertex -23.3521 33.0099 0
      vertex -30.15 39.212 0
      vertex -23.5635 33.2675 0
    endloop
  endfacet
  facet normal 0 0 -1
    outer loop
      vertex -30.15 -39.212 0
      vertex -23.8173 -33.8803 0
      vertex -23.85 -34.212 0
    endloop
  endfacet
  facet normal 0 0 -1
    outer loop
      vertex -23.5635 33.2675 0
      vertex -30.15 39.212 0
      vertex -23.7206 33.5614 0
    endloop
  endfacet
  facet normal 0 0 -1
    outer loop
      vertex 23.5635 -33.2675 0
      vertex 30.15 -39.212 0
      vertex 23.7206 -33.5614 0
    endloop
  endfacet
  facet normal 0 0 -1
    outer loop
      vertex 30.15 39.212 0
      vertex 23.8173 33.8803 0
      vertex 23.85 34.212 0
    endloop
  endfacet
  facet normal 0 0 -1
    outer loop
      vertex 23.3521 -33.0099 0
      vertex 30.15 -39.212 0
      vertex 23.5635 -33.2675 0
    endloop
  endfacet
  facet normal 0 0 -1
    outer loop
      vertex 30.15 39.212 0
      vertex 23.7206 33.5614 0
      vertex 23.8173 33.8803 0
    endloop
  endfacet
  facet normal 0 0 -1
    outer loop
      vertex 30.15 -39.212 0
      vertex 23.3521 -33.0099 0
      vertex 30.15 39.212 0
    endloop
  endfacet
  facet normal 0 0 -1
    outer loop
      vertex 30.15 39.212 0
      vertex 23.5635 33.2675 0
      vertex 23.7206 33.5614 0
    endloop
  endfacet
  facet normal 0 0 -1
    outer loop
      vertex 23.3521 33.0099 0
      vertex 30.15 39.212 0
      vertex 23.3521 -33.0099 0
    endloop
  endfacet
  facet normal 0 0 -1
    outer loop
      vertex 30.15 39.212 0
      vertex 23.3521 33.0099 0
      vertex 23.5635 33.2675 0
    endloop
  endfacet
  facet normal 0 0 -1
    outer loop
      vertex 23.0945 -32.7985 0
      vertex 23.3521 33.0099 0
      vertex 23.3521 -33.0099 0
    endloop
  endfacet
  facet normal 0 0 -1
    outer loop
      vertex 23.0945 -32.7985 0
      vertex 23.0945 32.7985 0
      vertex 23.3521 33.0099 0
    endloop
  endfacet
  facet normal 0 0 -1
    outer loop
      vertex 13.1273 -24.718 0
      vertex 23.0945 -32.7985 0
      vertex 22.8006 -32.6414 0
    endloop
  endfacet
  facet normal 0 0 -1
    outer loop
      vertex 23.0945 -32.7985 0
      vertex 13.1273 -24.718 0
      vertex 23.0945 32.7985 0
    endloop
  endfacet
  facet normal 0 0 -1
    outer loop
      vertex 13.6039 -25.4765 0
      vertex 22.8006 -32.6414 0
      vertex 22.4817 -32.5447 0
    endloop
  endfacet
  facet normal 0 0 -1
    outer loop
      vertex 23.0945 32.7985 0
      vertex 13.1273 -24.718 0
      vertex 22.8006 32.6414 0
    endloop
  endfacet
  facet normal 0 0 -1
    outer loop
      vertex 13.6039 -25.4765 0
      vertex 22.4817 -32.5447 0
      vertex 22.15 -32.512 0
    endloop
  endfacet
  facet normal 0 0 -1
    outer loop
      vertex 12.494 -24.0847 0
      vertex 22.8006 32.6414 0
      vertex 13.1273 -24.718 0
    endloop
  endfacet
  facet normal 0 0 -1
    outer loop
      vertex 13.8997 -26.3219 0
      vertex 22.15 -32.512 0
      vertex 21.8183 -32.5447 0
    endloop
  endfacet
  facet normal 0 0 -1
    outer loop
      vertex 22.8006 32.6414 0
      vertex 12.494 -24.0847 0
      vertex 22.4817 32.5447 0
    endloop
  endfacet
  facet normal 0 0 -1
    outer loop
      vertex 14 -27.212 0
      vertex 21.8183 -32.5447 0
      vertex 21.4994 -32.6414 0
    endloop
  endfacet
  facet normal 0 0 -1
    outer loop
      vertex 11.7355 -23.6081 0
      vertex 22.4817 32.5447 0
      vertex 12.494 -24.0847 0
    endloop
  endfacet
  facet normal 0 0 -1
    outer loop
      vertex 14 -27.212 0
      vertex 21.4994 -32.6414 0
      vertex 21.2055 -32.7985 0
    endloop
  endfacet
  facet normal 0 0 -1
    outer loop
      vertex 22.4817 32.5447 0
      vertex 11.7355 -23.6081 0
      vertex 22.15 32.512 0
    endloop
  endfacet
  facet normal 0 0 -1
    outer loop
      vertex 13.8997 -28.1021 0
      vertex 21.2055 -32.7985 0
      vertex 20.9479 -33.0099 0
    endloop
  endfacet
  facet normal 0 0 -1
    outer loop
      vertex 10.8901 -23.3123 0
      vertex 22.15 32.512 0
      vertex 11.7355 -23.6081 0
    endloop
  endfacet
  facet normal 0 0 -1
    outer loop
      vertex 13.6039 -28.9475 0
      vertex 20.9479 -33.0099 0
      vertex 20.7365 -33.2675 0
    endloop
  endfacet
  facet normal -0 0 -1
    outer loop
      vertex 22.15 32.512 0
      vertex 10.8901 -23.3123 0
      vertex 21.8183 32.5447 0
    endloop
  endfacet
  facet normal 0 0 -1
    outer loop
      vertex 13.6039 -28.9475 0
      vertex 20.7365 -33.2675 0
      vertex 20.5794 -33.5614 0
    endloop
  endfacet
  facet normal 0 0 -1
    outer loop
      vertex 10 -23.212 0
      vertex 21.8183 32.5447 0
      vertex 10.8901 -23.3123 0
    endloop
  endfacet
  facet normal 0 0 -1
    outer loop
      vertex 13.1273 -29.706 0
      vertex 20.5794 -33.5614 0
      vertex 20.4827 -33.8803 0
    endloop
  endfacet
  facet normal 0 0 -1
    outer loop
      vertex 22.8006 -32.6414 0
      vertex 13.6039 -25.4765 0
      vertex 13.1273 -24.718 0
    endloop
  endfacet
  facet normal 0 0 -1
    outer loop
      vertex 12.494 -30.3393 0
      vertex 20.4827 -33.8803 0
      vertex 20.45 -34.212 0
    endloop
  endfacet
  facet normal -0 0 -1
    outer loop
      vertex 21.8183 32.5447 0
      vertex 10 -23.212 0
      vertex 21.4994 32.6414 0
    endloop
  endfacet
  facet normal 0 0 -1
    outer loop
      vertex 27.15 -42.212 0
      vertex 30.15 -39.212 0
      vertex 30.1243 -39.6036 0
    endloop
  endfacet
  facet normal 0 0 -1
    outer loop
      vertex 23.8173 -33.8803 0
      vertex 30.15 -39.212 0
      vertex 23.85 -34.212 0
    endloop
  endfacet
  facet normal 0 0 -1
    outer loop
      vertex 27.15 -42.212 0
      vertex 30.1243 -39.6036 0
      vertex 30.0478 -39.9884 0
    endloop
  endfacet
  facet normal 0 0 -1
    outer loop
      vertex 23.7206 -33.5614 0
      vertex 30.15 -39.212 0
      vertex 23.8173 -33.8803 0
    endloop
  endfacet
  facet normal 0 0 -1
    outer loop
      vertex 27.15 -42.212 0
      vertex 30.0478 -39.9884 0
      vertex 29.9216 -40.36 0
    endloop
  endfacet
  facet normal 0 0 -1
    outer loop
      vertex 23.8173 34.5437 0
      vertex 30.15 39.212 0
      vertex 23.85 34.212 0
    endloop
  endfacet
  facet normal 0 0 -1
    outer loop
      vertex 27.15 -42.212 0
      vertex 29.9216 -40.36 0
      vertex 29.7481 -40.712 0
    endloop
  endfacet
  facet normal 0 0 -1
    outer loop
      vertex 23.7206 34.8626 0
      vertex 30.15 39.212 0
      vertex 23.8173 34.5437 0
    endloop
  endfacet
  facet normal 0 0 -1
    outer loop
      vertex 27.15 -42.212 0
      vertex 29.7481 -40.712 0
      vertex 29.5301 -41.0383 0
    endloop
  endfacet
  facet normal 0 0 -1
    outer loop
      vertex 23.5635 35.1565 0
      vertex 30.15 39.212 0
      vertex 23.7206 34.8626 0
    endloop
  endfacet
  facet normal 0 0 -1
    outer loop
      vertex 27.15 -42.212 0
      vertex 29.5301 -41.0383 0
      vertex 29.2713 -41.3333 0
    endloop
  endfacet
  facet normal 0 0 -1
    outer loop
      vertex 23.3521 35.4141 0
      vertex 30.15 39.212 0
      vertex 23.5635 35.1565 0
    endloop
  endfacet
  facet normal 0 0 -1
    outer loop
      vertex 27.15 -42.212 0
      vertex 29.2713 -41.3333 0
      vertex 28.9763 -41.5921 0
    endloop
  endfacet
  facet normal 0 -0 -1
    outer loop
      vertex 27.15 42.212 0
      vertex 30.15 39.212 0
      vertex 23.3521 35.4141 0
    endloop
  endfacet
  facet normal 0 0 -1
    outer loop
      vertex 27.15 -42.212 0
      vertex 28.9763 -41.5921 0
      vertex 28.65 -41.8101 0
    endloop
  endfacet
  facet normal 0 0 -1
    outer loop
      vertex 30.15 39.212 0
      vertex 27.15 42.212 0
      vertex 30.1243 39.6036 0
    endloop
  endfacet
  facet normal 0 0 -1
    outer loop
      vertex 27.15 -42.212 0
      vertex 28.65 -41.8101 0
      vertex 28.298 -41.9836 0
    endloop
  endfacet
  facet normal 0 0 -1
    outer loop
      vertex 30.1243 39.6036 0
      vertex 27.15 42.212 0
      vertex 30.0478 39.9884 0
    endloop
  endfacet
  facet normal 0 0 -1
    outer loop
      vertex 27.15 -42.212 0
      vertex 28.298 -41.9836 0
      vertex 27.9265 -42.1098 0
    endloop
  endfacet
  facet normal 0 0 -1
    outer loop
      vertex 30.0478 39.9884 0
      vertex 27.15 42.212 0
      vertex 29.9216 40.36 0
    endloop
  endfacet
  facet normal 0 0 -1
    outer loop
      vertex 27.15 -42.212 0
      vertex 27.9265 -42.1098 0
      vertex 27.5416 -42.1863 0
    endloop
  endfacet
  facet normal 0 0 -1
    outer loop
      vertex 29.9216 40.36 0
      vertex 27.15 42.212 0
      vertex 29.7481 40.712 0
    endloop
  endfacet
  facet normal -0 0 -1
    outer loop
      vertex 30.15 -39.212 0
      vertex 27.15 -42.212 0
      vertex 23.3521 -35.4141 0
    endloop
  endfacet
  facet normal 0 0 -1
    outer loop
      vertex 29.7481 40.712 0
      vertex 27.15 42.212 0
      vertex 29.5301 41.0383 0
    endloop
  endfacet
  facet normal 0 0 -1
    outer loop
      vertex 29.2713 41.3333 0
      vertex 27.15 42.212 0
      vertex 28.9763 41.5921 0
    endloop
  endfacet
  facet normal 0 0 -1
    outer loop
      vertex 30.15 -39.212 0
      vertex 23.8173 -34.5437 0
      vertex 23.85 -34.212 0
    endloop
  endfacet
  facet normal 0 0 -1
    outer loop
      vertex 30.15 -39.212 0
      vertex 23.7206 -34.8626 0
      vertex 23.8173 -34.5437 0
    endloop
  endfacet
  facet normal 0 0 -1
    outer loop
      vertex 30.15 -39.212 0
      vertex 23.5635 -35.1565 0
      vertex 23.7206 -34.8626 0
    endloop
  endfacet
  facet normal 0 0 -1
    outer loop
      vertex 30.15 -39.212 0
      vertex 23.3521 -35.4141 0
      vertex 23.5635 -35.1565 0
    endloop
  endfacet
  facet normal 0 0 -1
    outer loop
      vertex 27.15 -42.212 0
      vertex 23.0945 -35.6255 0
      vertex 23.3521 -35.4141 0
    endloop
  endfacet
  facet normal 0 0 -1
    outer loop
      vertex 27.15 -42.212 0
      vertex 22.8006 -35.7826 0
      vertex 23.0945 -35.6255 0
    endloop
  endfacet
  facet normal 0 0 -1
    outer loop
      vertex 27.15 -42.212 0
      vertex 22.4817 -35.8793 0
      vertex 22.8006 -35.7826 0
    endloop
  endfacet
  facet normal 0 0 -1
    outer loop
      vertex 27.15 -42.212 0
      vertex 22.15 -35.912 0
      vertex 22.4817 -35.8793 0
    endloop
  endfacet
  facet normal 0 0 -1
    outer loop
      vertex 27.15 -42.212 0
      vertex 21.8183 -35.8793 0
      vertex 22.15 -35.912 0
    endloop
  endfacet
  facet normal 0 0 -1
    outer loop
      vertex 27.15 -42.212 0
      vertex 21.4994 -35.7826 0
      vertex 21.8183 -35.8793 0
    endloop
  endfacet
  facet normal 0 0 -1
    outer loop
      vertex 27.15 -42.212 0
      vertex 21.2055 -35.6255 0
      vertex 21.4994 -35.7826 0
    endloop
  endfacet
  facet normal 0 0 -1
    outer loop
      vertex 10 -31.212 0
      vertex 21.2055 -35.6255 0
      vertex 27.15 -42.212 0
    endloop
  endfacet
  facet normal 0 0 -1
    outer loop
      vertex 21.8183 -32.5447 0
      vertex 14 -27.212 0
      vertex 13.8997 -26.3219 0
    endloop
  endfacet
  facet normal 0 0 -1
    outer loop
      vertex 12.494 -30.3393 0
      vertex 20.45 -34.212 0
      vertex 20.4827 -34.5437 0
    endloop
  endfacet
  facet normal 0 0 -1
    outer loop
      vertex 11.7355 -30.8159 0
      vertex 20.4827 -34.5437 0
      vertex 20.5794 -34.8626 0
    endloop
  endfacet
  facet normal 0 0 -1
    outer loop
      vertex 10.8901 -31.1117 0
      vertex 20.5794 -34.8626 0
      vertex 20.7365 -35.1565 0
    endloop
  endfacet
  facet normal 0 0 -1
    outer loop
      vertex 10.8901 -31.1117 0
      vertex 20.7365 -35.1565 0
      vertex 20.9479 -35.4141 0
    endloop
  endfacet
  facet normal 0 0 -1
    outer loop
      vertex 21.2055 -32.7985 0
      vertex 13.8997 -28.1021 0
      vertex 14 -27.212 0
    endloop
  endfacet
  facet normal 0 0 -1
    outer loop
      vertex 21.2055 -35.6255 0
      vertex 10 -31.212 0
      vertex 20.9479 -35.4141 0
    endloop
  endfacet
  facet normal 0 0 -1
    outer loop
      vertex 20.9479 -33.0099 0
      vertex 13.6039 -28.9475 0
      vertex 13.8997 -28.1021 0
    endloop
  endfacet
  facet normal 0 0 -1
    outer loop
      vertex 20.5794 -33.5614 0
      vertex 13.1273 -29.706 0
      vertex 13.6039 -28.9475 0
    endloop
  endfacet
  facet normal 0 0 -1
    outer loop
      vertex 20.4827 -33.8803 0
      vertex 12.494 -30.3393 0
      vertex 13.1273 -29.706 0
    endloop
  endfacet
  facet normal 0 0 -1
    outer loop
      vertex 20.4827 -34.5437 0
      vertex 11.7355 -30.8159 0
      vertex 12.494 -30.3393 0
    endloop
  endfacet
  facet normal 0 0 -1
    outer loop
      vertex 20.5794 -34.8626 0
      vertex 10.8901 -31.1117 0
      vertex 11.7355 -30.8159 0
    endloop
  endfacet
  facet normal 0 0 -1
    outer loop
      vertex 20.9479 -35.4141 0
      vertex 10 -31.212 0
      vertex 10.8901 -31.1117 0
    endloop
  endfacet
  facet normal 0 0 -1
    outer loop
      vertex 27.15 -42.212 0
      vertex -10 -31.212 0
      vertex 10 -31.212 0
    endloop
  endfacet
  facet normal 0 0 -1
    outer loop
      vertex -27.15 -42.212 0
      vertex -10 -31.212 0
      vertex 27.15 -42.212 0
    endloop
  endfacet
  facet normal -0 0 -1
    outer loop
      vertex -13.1273 -29.706 0
      vertex -20.5794 -33.5614 0
      vertex -13.6039 -28.9475 0
    endloop
  endfacet
  facet normal 0 0 -1
    outer loop
      vertex -20.5794 -33.5614 0
      vertex -13.1273 -29.706 0
      vertex -20.4827 -33.8803 0
    endloop
  endfacet
  facet normal -0 0 -1
    outer loop
      vertex -12.494 -30.3393 0
      vertex -20.4827 -33.8803 0
      vertex -13.1273 -29.706 0
    endloop
  endfacet
  facet normal 0 0 -1
    outer loop
      vertex -20.4827 -33.8803 0
      vertex -12.494 -30.3393 0
      vertex -20.45 -34.212 0
    endloop
  endfacet
  facet normal 0 0 -1
    outer loop
      vertex -20.4827 -34.5437 0
      vertex -12.494 -30.3393 0
      vertex -11.7355 -30.8159 0
    endloop
  endfacet
  facet normal 0 0 -1
    outer loop
      vertex -20.5794 -34.8626 0
      vertex -11.7355 -30.8159 0
      vertex -10.8901 -31.1117 0
    endloop
  endfacet
  facet normal 0 -0 -1
    outer loop
      vertex -21.2055 -35.6255 0
      vertex -10 -31.212 0
      vertex -27.15 -42.212 0
    endloop
  endfacet
  facet normal 0 0 -1
    outer loop
      vertex -12.494 -30.3393 0
      vertex -20.4827 -34.5437 0
      vertex -20.45 -34.212 0
    endloop
  endfacet
  facet normal 0 0 -1
    outer loop
      vertex -11.7355 -30.8159 0
      vertex -20.5794 -34.8626 0
      vertex -20.4827 -34.5437 0
    endloop
  endfacet
  facet normal 0 0 -1
    outer loop
      vertex -10.8901 -31.1117 0
      vertex -20.7365 -35.1565 0
      vertex -20.5794 -34.8626 0
    endloop
  endfacet
  facet normal 0 0 -1
    outer loop
      vertex -10.8901 -31.1117 0
      vertex -20.9479 -35.4141 0
      vertex -20.7365 -35.1565 0
    endloop
  endfacet
  facet normal -0 0 -1
    outer loop
      vertex -10 -31.212 0
      vertex -20.9479 -35.4141 0
      vertex -10.8901 -31.1117 0
    endloop
  endfacet
  facet normal 0 -0 -1
    outer loop
      vertex -20.9479 -35.4141 0
      vertex -10 -31.212 0
      vertex -21.2055 -35.6255 0
    endloop
  endfacet
  facet normal 0 0 -1
    outer loop
      vertex -21.2055 -35.6255 0
      vertex -27.15 -42.212 0
      vertex -21.4994 -35.7826 0
    endloop
  endfacet
  facet normal 0 0 -1
    outer loop
      vertex -21.4994 -35.7826 0
      vertex -27.15 -42.212 0
      vertex -21.8183 -35.8793 0
    endloop
  endfacet
  facet normal 0 0 -1
    outer loop
      vertex -21.8183 -35.8793 0
      vertex -27.15 -42.212 0
      vertex -22.15 -35.912 0
    endloop
  endfacet
  facet normal -0 0 -1
    outer loop
      vertex -23.8173 -34.5437 0
      vertex -30.15 -39.212 0
      vertex -23.85 -34.212 0
    endloop
  endfacet
  facet normal -0 0 -1
    outer loop
      vertex -23.7206 -34.8626 0
      vertex -30.15 -39.212 0
      vertex -23.8173 -34.5437 0
    endloop
  endfacet
  facet normal -0 0 -1
    outer loop
      vertex -23.5635 -35.1565 0
      vertex -30.15 -39.212 0
      vertex -23.7206 -34.8626 0
    endloop
  endfacet
  facet normal -0 0 -1
    outer loop
      vertex -23.3521 -35.4141 0
      vertex -30.15 -39.212 0
      vertex -23.5635 -35.1565 0
    endloop
  endfacet
  facet normal 0 0 -1
    outer loop
      vertex -30.15 -39.212 0
      vertex -23.3521 -35.4141 0
      vertex -27.15 -42.212 0
    endloop
  endfacet
  facet normal -0 0 -1
    outer loop
      vertex -23.0945 -35.6255 0
      vertex -27.15 -42.212 0
      vertex -23.3521 -35.4141 0
    endloop
  endfacet
  facet normal -0 0 -1
    outer loop
      vertex -22.8006 -35.7826 0
      vertex -27.15 -42.212 0
      vertex -23.0945 -35.6255 0
    endloop
  endfacet
  facet normal -0 0 -1
    outer loop
      vertex -22.4817 -35.8793 0
      vertex -27.15 -42.212 0
      vertex -22.8006 -35.7826 0
    endloop
  endfacet
  facet normal -0 0 -1
    outer loop
      vertex -22.15 -35.912 0
      vertex -27.15 -42.212 0
      vertex -22.4817 -35.8793 0
    endloop
  endfacet
  facet normal 0 0 -1
    outer loop
      vertex 28.9763 41.5921 0
      vertex 27.15 42.212 0
      vertex 28.65 41.8101 0
    endloop
  endfacet
  facet normal 0 0 -1
    outer loop
      vertex 28.65 41.8101 0
      vertex 27.15 42.212 0
      vertex 28.298 41.9836 0
    endloop
  endfacet
  facet normal 0 0 -1
    outer loop
      vertex 28.298 41.9836 0
      vertex 27.15 42.212 0
      vertex 27.9265 42.1098 0
    endloop
  endfacet
  facet normal 0 0 -1
    outer loop
      vertex 27.9265 42.1098 0
      vertex 27.15 42.212 0
      vertex 27.5416 42.1863 0
    endloop
  endfacet
  facet normal 0 0 -1
    outer loop
      vertex 29.5301 41.0383 0
      vertex 27.15 42.212 0
      vertex 29.2713 41.3333 0
    endloop
  endfacet
  facet normal 0 0 -1
    outer loop
      vertex 23.0945 35.6255 0
      vertex 27.15 42.212 0
      vertex 23.3521 35.4141 0
    endloop
  endfacet
  facet normal 0 0 -1
    outer loop
      vertex 22.8006 35.7826 0
      vertex 27.15 42.212 0
      vertex 23.0945 35.6255 0
    endloop
  endfacet
  facet normal 0 0 -1
    outer loop
      vertex 22.4817 35.8793 0
      vertex 27.15 42.212 0
      vertex 22.8006 35.7826 0
    endloop
  endfacet
  facet normal 0 0 -1
    outer loop
      vertex 22.15 35.912 0
      vertex 27.15 42.212 0
      vertex 22.4817 35.8793 0
    endloop
  endfacet
  facet normal 0 0 -1
    outer loop
      vertex 21.8183 35.8793 0
      vertex 27.15 42.212 0
      vertex 22.15 35.912 0
    endloop
  endfacet
  facet normal 0 0 -1
    outer loop
      vertex 21.4994 35.7826 0
      vertex 27.15 42.212 0
      vertex 21.8183 35.8793 0
    endloop
  endfacet
  facet normal 0 0 -1
    outer loop
      vertex 21.2055 35.6255 0
      vertex 27.15 42.212 0
      vertex 21.4994 35.7826 0
    endloop
  endfacet
  facet normal 0 0 -1
    outer loop
      vertex 20.9479 35.4141 0
      vertex 27.15 42.212 0
      vertex 21.2055 35.6255 0
    endloop
  endfacet
  facet normal 0 0 -1
    outer loop
      vertex 22.15 -32.512 0
      vertex 13.8997 -26.3219 0
      vertex 13.6039 -25.4765 0
    endloop
  endfacet
  facet normal -0 0 -1
    outer loop
      vertex 21.4994 32.6414 0
      vertex 10 -23.212 0
      vertex 21.2055 32.7985 0
    endloop
  endfacet
  facet normal -0 0 -1
    outer loop
      vertex 21.2055 32.7985 0
      vertex 10 -23.212 0
      vertex 20.9479 33.0099 0
    endloop
  endfacet
  facet normal 0 0 -1
    outer loop
      vertex -10 -23.212 0
      vertex 20.9479 33.0099 0
      vertex 10 -23.212 0
    endloop
  endfacet
  facet normal 0 0 -1
    outer loop
      vertex -20.45 34.212 0
      vertex 20.9479 33.0099 0
      vertex -10 -23.212 0
    endloop
  endfacet
  facet normal 0 0 -1
    outer loop
      vertex 20.9479 33.0099 0
      vertex -20.45 34.212 0
      vertex 20.7365 33.2675 0
    endloop
  endfacet
  facet normal 0 0 -1
    outer loop
      vertex 20.7365 33.2675 0
      vertex -20.45 34.212 0
      vertex 20.5794 33.5614 0
    endloop
  endfacet
  facet normal 0 0 -1
    outer loop
      vertex 20.5794 33.5614 0
      vertex -20.45 34.212 0
      vertex 20.4827 33.8803 0
    endloop
  endfacet
  facet normal 0 0 -1
    outer loop
      vertex 20.4827 33.8803 0
      vertex -20.45 34.212 0
      vertex 20.45 34.212 0
    endloop
  endfacet
  facet normal 0 0 -1
    outer loop
      vertex 20.45 34.212 0
      vertex -20.45 34.212 0
      vertex 20.4827 34.5437 0
    endloop
  endfacet
  facet normal 0 0 -1
    outer loop
      vertex -20.45 34.212 0
      vertex -10 -23.212 0
      vertex -10.8901 -23.3123 0
    endloop
  endfacet
  facet normal 0 0 -1
    outer loop
      vertex -20.4827 34.5437 0
      vertex 20.4827 34.5437 0
      vertex -20.45 34.212 0
    endloop
  endfacet
  facet normal 0 0 -1
    outer loop
      vertex -20.45 34.212 0
      vertex -10.8901 -23.3123 0
      vertex -11.7355 -23.6081 0
    endloop
  endfacet
  facet normal 0 0 -1
    outer loop
      vertex -20.45 34.212 0
      vertex -11.7355 -23.6081 0
      vertex -12.494 -24.0847 0
    endloop
  endfacet
  facet normal 0 0 -1
    outer loop
      vertex -20.45 34.212 0
      vertex -12.494 -24.0847 0
      vertex -13.1273 -24.718 0
    endloop
  endfacet
  facet normal 0 0 -1
    outer loop
      vertex -20.45 34.212 0
      vertex -13.1273 -24.718 0
      vertex -13.6039 -25.4765 0
    endloop
  endfacet
  facet normal 0 0 -1
    outer loop
      vertex -20.7365 -33.2675 0
      vertex -13.6039 -28.9475 0
      vertex -20.5794 -33.5614 0
    endloop
  endfacet
  facet normal 0 0 -1
    outer loop
      vertex -20.9479 -33.0099 0
      vertex -13.6039 -28.9475 0
      vertex -20.7365 -33.2675 0
    endloop
  endfacet
  facet normal -0 0 -1
    outer loop
      vertex -13.6039 -28.9475 0
      vertex -20.9479 -33.0099 0
      vertex -13.8997 -28.1021 0
    endloop
  endfacet
  facet normal 0 0 -1
    outer loop
      vertex 20.4827 34.5437 0
      vertex -20.4827 34.5437 0
      vertex 20.5794 34.8626 0
    endloop
  endfacet
  facet normal 0 0 -1
    outer loop
      vertex -20.5794 34.8626 0
      vertex 20.5794 34.8626 0
      vertex -20.4827 34.5437 0
    endloop
  endfacet
  facet normal 0 0 -1
    outer loop
      vertex 20.5794 34.8626 0
      vertex -20.5794 34.8626 0
      vertex 20.7365 35.1565 0
    endloop
  endfacet
  facet normal 0 0 -1
    outer loop
      vertex -20.7365 35.1565 0
      vertex 20.7365 35.1565 0
      vertex -20.5794 34.8626 0
    endloop
  endfacet
  facet normal 0 0 -1
    outer loop
      vertex 20.7365 35.1565 0
      vertex -20.7365 35.1565 0
      vertex 20.9479 35.4141 0
    endloop
  endfacet
  facet normal 0 0 -1
    outer loop
      vertex -20.9479 35.4141 0
      vertex 20.9479 35.4141 0
      vertex -20.7365 35.1565 0
    endloop
  endfacet
  facet normal 0 0 -1
    outer loop
      vertex 20.9479 35.4141 0
      vertex -20.9479 35.4141 0
      vertex 27.15 42.212 0
    endloop
  endfacet
  facet normal 0 0 -1
    outer loop
      vertex -21.2055 35.6255 0
      vertex 27.15 42.212 0
      vertex -20.9479 35.4141 0
    endloop
  endfacet
  facet normal 0 0 -1
    outer loop
      vertex -27.15 42.212 0
      vertex -21.2055 35.6255 0
      vertex -21.4994 35.7826 0
    endloop
  endfacet
  facet normal 0 0 -1
    outer loop
      vertex -27.15 42.212 0
      vertex -21.4994 35.7826 0
      vertex -21.8183 35.8793 0
    endloop
  endfacet
  facet normal 0 0 -1
    outer loop
      vertex -27.15 42.212 0
      vertex -21.8183 35.8793 0
      vertex -22.15 35.912 0
    endloop
  endfacet
  facet normal 0 0 -1
    outer loop
      vertex -27.15 42.212 0
      vertex -22.15 35.912 0
      vertex -22.4817 35.8793 0
    endloop
  endfacet
  facet normal 0 0 -1
    outer loop
      vertex -21.2055 35.6255 0
      vertex -27.15 42.212 0
      vertex 27.15 42.212 0
    endloop
  endfacet
  facet normal 0 0 -1
    outer loop
      vertex -22.8006 35.7826 0
      vertex -27.15 42.212 0
      vertex -22.4817 35.8793 0
    endloop
  endfacet
  facet normal 0 0 -1
    outer loop
      vertex -23.0945 35.6255 0
      vertex -27.15 42.212 0
      vertex -22.8006 35.7826 0
    endloop
  endfacet
  facet normal 0 0 -1
    outer loop
      vertex -23.3521 35.4141 0
      vertex -27.15 42.212 0
      vertex -23.0945 35.6255 0
    endloop
  endfacet
  facet normal 0 0 -1
    outer loop
      vertex -30.15 39.212 0
      vertex -23.3521 35.4141 0
      vertex -23.5635 35.1565 0
    endloop
  endfacet
  facet normal 0 0 -1
    outer loop
      vertex -30.15 39.212 0
      vertex -23.5635 35.1565 0
      vertex -23.7206 34.8626 0
    endloop
  endfacet
  facet normal 0 0 -1
    outer loop
      vertex -30.15 39.212 0
      vertex -23.7206 34.8626 0
      vertex -23.8173 34.5437 0
    endloop
  endfacet
  facet normal 0 0 -1
    outer loop
      vertex -30.15 39.212 0
      vertex -23.8173 34.5437 0
      vertex -23.85 34.212 0
    endloop
  endfacet
  facet normal 0 0 -1
    outer loop
      vertex -23.7206 33.5614 0
      vertex -30.15 39.212 0
      vertex -23.8173 33.8803 0
    endloop
  endfacet
  facet normal 0 0 -1
    outer loop
      vertex -30.15 -39.212 0
      vertex -27.15 -42.212 0
      vertex -27.5416 -42.1863 0
    endloop
  endfacet
  facet normal 0 0 -1
    outer loop
      vertex -23.8173 33.8803 0
      vertex -30.15 39.212 0
      vertex -23.85 34.212 0
    endloop
  endfacet
  facet normal 0 0 -1
    outer loop
      vertex -30.15 -39.212 0
      vertex -27.5416 -42.1863 0
      vertex -27.9265 -42.1098 0
    endloop
  endfacet
  facet normal 0 0 -1
    outer loop
      vertex -23.3521 35.4141 0
      vertex -30.15 39.212 0
      vertex -27.15 42.212 0
    endloop
  endfacet
  facet normal 0 0 -1
    outer loop
      vertex -30.15 -39.212 0
      vertex -27.9265 -42.1098 0
      vertex -28.298 -41.9836 0
    endloop
  endfacet
  facet normal 0 0 -1
    outer loop
      vertex -27.15 42.212 0
      vertex -30.15 39.212 0
      vertex -27.5416 42.1863 0
    endloop
  endfacet
  facet normal 0 0 -1
    outer loop
      vertex -30.15 -39.212 0
      vertex -28.298 -41.9836 0
      vertex -28.65 -41.8101 0
    endloop
  endfacet
  facet normal 0 0 -1
    outer loop
      vertex -27.5416 42.1863 0
      vertex -30.15 39.212 0
      vertex -27.9265 42.1098 0
    endloop
  endfacet
  facet normal 0 0 -1
    outer loop
      vertex -30.15 -39.212 0
      vertex -28.65 -41.8101 0
      vertex -28.9763 -41.5921 0
    endloop
  endfacet
  facet normal 0 0 -1
    outer loop
      vertex -27.9265 42.1098 0
      vertex -30.15 39.212 0
      vertex -28.298 41.9836 0
    endloop
  endfacet
  facet normal 0 0 -1
    outer loop
      vertex -30.15 -39.212 0
      vertex -28.9763 -41.5921 0
      vertex -29.2713 -41.3333 0
    endloop
  endfacet
  facet normal 0 0 -1
    outer loop
      vertex -28.298 41.9836 0
      vertex -30.15 39.212 0
      vertex -28.65 41.8101 0
    endloop
  endfacet
  facet normal 0 0 -1
    outer loop
      vertex -30.15 -39.212 0
      vertex -29.2713 -41.3333 0
      vertex -29.5301 -41.0383 0
    endloop
  endfacet
  facet normal 0 0 -1
    outer loop
      vertex -28.65 41.8101 0
      vertex -30.15 39.212 0
      vertex -28.9763 41.5921 0
    endloop
  endfacet
  facet normal 0 0 -1
    outer loop
      vertex -30.15 -39.212 0
      vertex -29.5301 -41.0383 0
      vertex -29.7481 -40.712 0
    endloop
  endfacet
  facet normal 0 0 -1
    outer loop
      vertex -28.9763 41.5921 0
      vertex -30.15 39.212 0
      vertex -29.2713 41.3333 0
    endloop
  endfacet
  facet normal 0 0 -1
    outer loop
      vertex -30.15 -39.212 0
      vertex -29.7481 -40.712 0
      vertex -29.9216 -40.36 0
    endloop
  endfacet
  facet normal 0 0 -1
    outer loop
      vertex -29.2713 41.3333 0
      vertex -30.15 39.212 0
      vertex -29.5301 41.0383 0
    endloop
  endfacet
  facet normal 0 0 -1
    outer loop
      vertex -30.15 -39.212 0
      vertex -29.9216 -40.36 0
      vertex -30.0478 -39.9884 0
    endloop
  endfacet
  facet normal 0 0 -1
    outer loop
      vertex -29.5301 41.0383 0
      vertex -30.15 39.212 0
      vertex -29.7481 40.712 0
    endloop
  endfacet
  facet normal 0 0 -1
    outer loop
      vertex -30.15 -39.212 0
      vertex -30.0478 -39.9884 0
      vertex -30.1243 -39.6036 0
    endloop
  endfacet
  facet normal 0 0 -1
    outer loop
      vertex -29.7481 40.712 0
      vertex -30.15 39.212 0
      vertex -29.9216 40.36 0
    endloop
  endfacet
  facet normal 0 0 -1
    outer loop
      vertex -29.9216 40.36 0
      vertex -30.15 39.212 0
      vertex -30.0478 39.9884 0
    endloop
  endfacet
  facet normal 0 0 -1
    outer loop
      vertex -30.0478 39.9884 0
      vertex -30.15 39.212 0
      vertex -30.1243 39.6036 0
    endloop
  endfacet
  facet normal -0.881912 -0.471413 2.87041e-18
    outer loop
      vertex -20.5794 -33.5614 0
      vertex -20.7365 -33.2675 2.575
      vertex -20.7365 -33.2675 0
    endloop
  endfacet
  facet normal -0.881912 -0.471413 2.87041e-18
    outer loop
      vertex -20.7365 -33.2675 2.575
      vertex -20.5794 -33.5614 0
      vertex -20.5794 -33.5614 2.575
    endloop
  endfacet
  facet normal -0.956971 -0.290182 -5.40939e-19
    outer loop
      vertex -20.4827 -33.8803 0
      vertex -20.5794 -33.5614 2.575
      vertex -20.5794 -33.5614 0
    endloop
  endfacet
  facet normal -0.956971 -0.290182 -5.40939e-19
    outer loop
      vertex -20.5794 -33.5614 2.575
      vertex -20.4827 -33.8803 0
      vertex -20.4827 -33.8803 2.575
    endloop
  endfacet
  facet normal -0.773021 -0.634381 -2.8192e-18
    outer loop
      vertex -20.7365 -33.2675 0
      vertex -20.9479 -33.0099 2.575
      vertex -20.9479 -33.0099 0
    endloop
  endfacet
  facet normal -0.773021 -0.634381 -2.8192e-18
    outer loop
      vertex -20.9479 -33.0099 2.575
      vertex -20.7365 -33.2675 0
      vertex -20.7365 -33.2675 2.575
    endloop
  endfacet
  facet normal -0.290182 -0.956971 0
    outer loop
      vertex -21.8183 -32.5447 0
      vertex -21.4994 -32.6414 2.575
      vertex -21.8183 -32.5447 2.575
    endloop
  endfacet
  facet normal -0.290182 -0.956971 -0
    outer loop
      vertex -21.4994 -32.6414 2.575
      vertex -21.8183 -32.5447 0
      vertex -21.4994 -32.6414 0
    endloop
  endfacet
  facet normal 0.881912 -0.471413 -2.87041e-18
    outer loop
      vertex -23.7206 -33.5614 2.575
      vertex -23.5635 -33.2675 0
      vertex -23.5635 -33.2675 2.575
    endloop
  endfacet
  facet normal 0.881912 -0.471413 -2.87041e-18
    outer loop
      vertex -23.5635 -33.2675 0
      vertex -23.7206 -33.5614 2.575
      vertex -23.7206 -33.5614 0
    endloop
  endfacet
  facet normal 0.773021 -0.634381 2.8192e-18
    outer loop
      vertex -23.5635 -33.2675 2.575
      vertex -23.3521 -33.0099 0
      vertex -23.3521 -33.0099 2.575
    endloop
  endfacet
  facet normal 0.773021 -0.634381 2.8192e-18
    outer loop
      vertex -23.3521 -33.0099 0
      vertex -23.5635 -33.2675 2.575
      vertex -23.5635 -33.2675 0
    endloop
  endfacet
  facet normal 0.956971 -0.290182 5.40939e-19
    outer loop
      vertex -23.8173 -33.8803 2.575
      vertex -23.7206 -33.5614 0
      vertex -23.7206 -33.5614 2.575
    endloop
  endfacet
  facet normal 0.956971 -0.290182 5.40939e-19
    outer loop
      vertex -23.7206 -33.5614 0
      vertex -23.8173 -33.8803 2.575
      vertex -23.8173 -33.8803 0
    endloop
  endfacet
  facet normal 0.471413 -0.881912 0
    outer loop
      vertex -23.0945 -32.7985 0
      vertex -22.8006 -32.6414 2.575
      vertex -23.0945 -32.7985 2.575
    endloop
  endfacet
  facet normal 0.471413 -0.881912 0
    outer loop
      vertex -22.8006 -32.6414 2.575
      vertex -23.0945 -32.7985 0
      vertex -22.8006 -32.6414 0
    endloop
  endfacet
  facet normal 0.0981075 -0.995176 0
    outer loop
      vertex -22.4817 -32.5447 0
      vertex -22.15 -32.512 2.575
      vertex -22.4817 -32.5447 2.575
    endloop
  endfacet
  facet normal 0.0981075 -0.995176 0
    outer loop
      vertex -22.15 -32.512 2.575
      vertex -22.4817 -32.5447 0
      vertex -22.15 -32.512 0
    endloop
  endfacet
  facet normal -0.995176 0.0981075 -2.46727e-19
    outer loop
      vertex -20.4827 -34.5437 0
      vertex -20.45 -34.212 2.575
      vertex -20.45 -34.212 0
    endloop
  endfacet
  facet normal -0.995176 0.0981075 -2.46727e-19
    outer loop
      vertex -20.45 -34.212 2.575
      vertex -20.4827 -34.5437 0
      vertex -20.4827 -34.5437 2.575
    endloop
  endfacet
  facet normal -0.0981075 0.995176 0
    outer loop
      vertex -21.8183 -35.8793 0
      vertex -22.15 -35.912 2.575
      vertex -21.8183 -35.8793 2.575
    endloop
  endfacet
  facet normal -0.0981075 0.995176 0
    outer loop
      vertex -22.15 -35.912 2.575
      vertex -21.8183 -35.8793 0
      vertex -22.15 -35.912 0
    endloop
  endfacet
  facet normal -0.773021 0.634381 2.8192e-18
    outer loop
      vertex -20.9479 -35.4141 0
      vertex -20.7365 -35.1565 2.575
      vertex -20.7365 -35.1565 0
    endloop
  endfacet
  facet normal -0.773021 0.634381 2.8192e-18
    outer loop
      vertex -20.7365 -35.1565 2.575
      vertex -20.9479 -35.4141 0
      vertex -20.9479 -35.4141 2.575
    endloop
  endfacet
  facet normal -0.471413 0.881912 0
    outer loop
      vertex -21.2055 -35.6255 0
      vertex -21.4994 -35.7826 2.575
      vertex -21.2055 -35.6255 2.575
    endloop
  endfacet
  facet normal -0.471413 0.881912 0
    outer loop
      vertex -21.4994 -35.7826 2.575
      vertex -21.2055 -35.6255 0
      vertex -21.4994 -35.7826 0
    endloop
  endfacet
  facet normal -0.881912 0.471413 -2.87041e-18
    outer loop
      vertex -20.7365 -35.1565 0
      vertex -20.5794 -34.8626 2.575
      vertex -20.5794 -34.8626 0
    endloop
  endfacet
  facet normal -0.881912 0.471413 -2.87041e-18
    outer loop
      vertex -20.5794 -34.8626 2.575
      vertex -20.7365 -35.1565 0
      vertex -20.7365 -35.1565 2.575
    endloop
  endfacet
  facet normal 0.634381 0.773021 -0
    outer loop
      vertex -23.0945 -35.6255 0
      vertex -23.3521 -35.4141 2.575
      vertex -23.0945 -35.6255 2.575
    endloop
  endfacet
  facet normal 0.634381 0.773021 0
    outer loop
      vertex -23.3521 -35.4141 2.575
      vertex -23.0945 -35.6255 0
      vertex -23.3521 -35.4141 0
    endloop
  endfacet
  facet normal 0.290182 0.956971 -0
    outer loop
      vertex -22.4817 -35.8793 0
      vertex -22.8006 -35.7826 2.575
      vertex -22.4817 -35.8793 2.575
    endloop
  endfacet
  facet normal 0.290182 0.956971 0
    outer loop
      vertex -22.8006 -35.7826 2.575
      vertex -22.4817 -35.8793 0
      vertex -22.8006 -35.7826 0
    endloop
  endfacet
  facet normal 0.881912 0.471413 2.87041e-18
    outer loop
      vertex -23.5635 -35.1565 2.575
      vertex -23.7206 -34.8626 0
      vertex -23.7206 -34.8626 2.575
    endloop
  endfacet
  facet normal 0.881912 0.471413 2.87041e-18
    outer loop
      vertex -23.7206 -34.8626 0
      vertex -23.5635 -35.1565 2.575
      vertex -23.5635 -35.1565 0
    endloop
  endfacet
  facet normal 0.773021 0.634381 -2.8192e-18
    outer loop
      vertex -23.3521 -35.4141 2.575
      vertex -23.5635 -35.1565 0
      vertex -23.5635 -35.1565 2.575
    endloop
  endfacet
  facet normal 0.773021 0.634381 -2.8192e-18
    outer loop
      vertex -23.5635 -35.1565 0
      vertex -23.3521 -35.4141 2.575
      vertex -23.3521 -35.4141 0
    endloop
  endfacet
  facet normal 0.995176 0.0981075 2.46727e-19
    outer loop
      vertex -23.8173 -34.5437 2.575
      vertex -23.85 -34.212 0
      vertex -23.85 -34.212 2.575
    endloop
  endfacet
  facet normal 0.995176 0.0981075 2.46727e-19
    outer loop
      vertex -23.85 -34.212 0
      vertex -23.8173 -34.5437 2.575
      vertex -23.8173 -34.5437 0
    endloop
  endfacet
  facet normal -0.290182 0.956971 0
    outer loop
      vertex -21.4994 -35.7826 0
      vertex -21.8183 -35.8793 2.575
      vertex -21.4994 -35.7826 2.575
    endloop
  endfacet
  facet normal -0.290182 0.956971 0
    outer loop
      vertex -21.8183 -35.8793 2.575
      vertex -21.4994 -35.7826 0
      vertex -21.8183 -35.8793 0
    endloop
  endfacet
  facet normal -0.634381 0.773021 0
    outer loop
      vertex -20.9479 -35.4141 0
      vertex -21.2055 -35.6255 2.575
      vertex -20.9479 -35.4141 2.575
    endloop
  endfacet
  facet normal -0.634381 0.773021 0
    outer loop
      vertex -21.2055 -35.6255 2.575
      vertex -20.9479 -35.4141 0
      vertex -21.2055 -35.6255 0
    endloop
  endfacet
  facet normal -0.956971 0.290182 5.40939e-19
    outer loop
      vertex -20.5794 -34.8626 0
      vertex -20.4827 -34.5437 2.575
      vertex -20.4827 -34.5437 0
    endloop
  endfacet
  facet normal -0.956971 0.290182 5.40939e-19
    outer loop
      vertex -20.4827 -34.5437 2.575
      vertex -20.5794 -34.8626 0
      vertex -20.5794 -34.8626 2.575
    endloop
  endfacet
  facet normal 0.471413 0.881912 -0
    outer loop
      vertex -22.8006 -35.7826 0
      vertex -23.0945 -35.6255 2.575
      vertex -22.8006 -35.7826 2.575
    endloop
  endfacet
  facet normal 0.471413 0.881912 0
    outer loop
      vertex -23.0945 -35.6255 2.575
      vertex -22.8006 -35.7826 0
      vertex -23.0945 -35.6255 0
    endloop
  endfacet
  facet normal 0.956971 0.290182 -5.40939e-19
    outer loop
      vertex -23.7206 -34.8626 2.575
      vertex -23.8173 -34.5437 0
      vertex -23.8173 -34.5437 2.575
    endloop
  endfacet
  facet normal 0.956971 0.290182 -5.40939e-19
    outer loop
      vertex -23.8173 -34.5437 0
      vertex -23.7206 -34.8626 2.575
      vertex -23.7206 -34.8626 0
    endloop
  endfacet
  facet normal -0.996916 -0.0784787 1.06086e-18
    outer loop
      vertex -18.65 -34.212 2.575
      vertex -18.6931 -33.6645 5
      vertex -18.6931 -33.6645 2.575
    endloop
  endfacet
  facet normal -0.996916 -0.0784787 1.06086e-18
    outer loop
      vertex -18.6931 -33.6645 5
      vertex -18.65 -34.212 2.575
      vertex -18.65 -34.212 5
    endloop
  endfacet
  facet normal 0.996916 -0.0784787 6.06752e-19
    outer loop
      vertex -25.65 -34.212 5
      vertex -25.6069 -33.6645 2.575
      vertex -25.6069 -33.6645 5
    endloop
  endfacet
  facet normal 0.996916 -0.0784787 6.06752e-19
    outer loop
      vertex -25.6069 -33.6645 2.575
      vertex -25.65 -34.212 5
      vertex -25.65 -34.212 2.575
    endloop
  endfacet
  facet normal -0.0784787 -0.996916 0
    outer loop
      vertex -22.15 -30.712 2.575
      vertex -21.6025 -30.7551 5
      vertex -22.15 -30.712 5
    endloop
  endfacet
  facet normal -0.0784787 -0.996916 -0
    outer loop
      vertex -21.6025 -30.7551 5
      vertex -22.15 -30.712 2.575
      vertex -21.6025 -30.7551 2.575
    endloop
  endfacet
  facet normal -0.76045 -0.649396 8.71959e-18
    outer loop
      vertex -19.3184 -32.1548 2.575
      vertex -19.6751 -31.7371 5
      vertex -19.6751 -31.7371 2.575
    endloop
  endfacet
  facet normal -0.76045 -0.649396 8.71959e-18
    outer loop
      vertex -19.6751 -31.7371 5
      vertex -19.3184 -32.1548 2.575
      vertex -19.3184 -32.1548 5
    endloop
  endfacet
  facet normal 0.649396 -0.76045 0
    outer loop
      vertex -24.6249 -31.7371 2.575
      vertex -24.2072 -31.3804 5
      vertex -24.6249 -31.7371 5
    endloop
  endfacet
  facet normal 0.649396 -0.76045 0
    outer loop
      vertex -24.2072 -31.3804 5
      vertex -24.6249 -31.7371 2.575
      vertex -24.2072 -31.3804 2.575
    endloop
  endfacet
  facet normal 0.382727 -0.923861 0
    outer loop
      vertex -23.739 -31.0935 2.575
      vertex -23.2316 -30.8833 5
      vertex -23.739 -31.0935 5
    endloop
  endfacet
  facet normal 0.382727 -0.923861 0
    outer loop
      vertex -23.2316 -30.8833 5
      vertex -23.739 -31.0935 2.575
      vertex -23.2316 -30.8833 2.575
    endloop
  endfacet
  facet normal -0.649396 0.76045 0
    outer loop
      vertex -19.6751 -36.6869 2.575
      vertex -20.0928 -37.0436 5
      vertex -19.6751 -36.6869 5
    endloop
  endfacet
  facet normal -0.649396 0.76045 0
    outer loop
      vertex -20.0928 -37.0436 5
      vertex -19.6751 -36.6869 2.575
      vertex -20.0928 -37.0436 2.575
    endloop
  endfacet
  facet normal -0.76045 0.649396 -1.57705e-18
    outer loop
      vertex -19.6751 -36.6869 2.575
      vertex -19.3184 -36.2692 5
      vertex -19.3184 -36.2692 2.575
    endloop
  endfacet
  facet normal -0.76045 0.649396 -1.57705e-18
    outer loop
      vertex -19.3184 -36.2692 5
      vertex -19.6751 -36.6869 2.575
      vertex -19.6751 -36.6869 5
    endloop
  endfacet
  facet normal 0 0 1
    outer loop
      vertex -20.45 -34.212 2.575
      vertex -18.65 -34.212 2.575
      vertex -18.6931 -33.6645 2.575
    endloop
  endfacet
  facet normal 0 0 1
    outer loop
      vertex -20.4827 -33.8803 2.575
      vertex -18.6931 -33.6645 2.575
      vertex -18.8213 -33.1304 2.575
    endloop
  endfacet
  facet normal 0 0 1
    outer loop
      vertex -18.65 -34.212 2.575
      vertex -20.45 -34.212 2.575
      vertex -18.6931 -34.7595 2.575
    endloop
  endfacet
  facet normal 0 0 1
    outer loop
      vertex -20.5794 -33.5614 2.575
      vertex -18.8213 -33.1304 2.575
      vertex -19.0315 -32.623 2.575
    endloop
  endfacet
  facet normal -0 0 1
    outer loop
      vertex -20.4827 -34.5437 2.575
      vertex -18.6931 -34.7595 2.575
      vertex -20.45 -34.212 2.575
    endloop
  endfacet
  facet normal 0 0 1
    outer loop
      vertex -20.7365 -33.2675 2.575
      vertex -19.0315 -32.623 2.575
      vertex -19.3184 -32.1548 2.575
    endloop
  endfacet
  facet normal 0 0 1
    outer loop
      vertex -18.6931 -34.7595 2.575
      vertex -20.4827 -34.5437 2.575
      vertex -18.8213 -35.2936 2.575
    endloop
  endfacet
  facet normal 0 0 1
    outer loop
      vertex -20.9479 -33.0099 2.575
      vertex -19.3184 -32.1548 2.575
      vertex -19.6751 -31.7371 2.575
    endloop
  endfacet
  facet normal -0 0 1
    outer loop
      vertex -20.5794 -34.8626 2.575
      vertex -18.8213 -35.2936 2.575
      vertex -20.4827 -34.5437 2.575
    endloop
  endfacet
  facet normal 0 0 1
    outer loop
      vertex -20.9479 -33.0099 2.575
      vertex -19.6751 -31.7371 2.575
      vertex -20.0928 -31.3804 2.575
    endloop
  endfacet
  facet normal 0 0 1
    outer loop
      vertex -18.8213 -35.2936 2.575
      vertex -20.5794 -34.8626 2.575
      vertex -19.0315 -35.801 2.575
    endloop
  endfacet
  facet normal -0 0 1
    outer loop
      vertex -20.7365 -35.1565 2.575
      vertex -19.0315 -35.801 2.575
      vertex -20.5794 -34.8626 2.575
    endloop
  endfacet
  facet normal 0 0 1
    outer loop
      vertex -18.6931 -33.6645 2.575
      vertex -20.4827 -33.8803 2.575
      vertex -20.45 -34.212 2.575
    endloop
  endfacet
  facet normal 0 0 1
    outer loop
      vertex -21.2055 -32.7985 2.575
      vertex -20.0928 -31.3804 2.575
      vertex -20.561 -31.0935 2.575
    endloop
  endfacet
  facet normal 0 0 1
    outer loop
      vertex -18.8213 -33.1304 2.575
      vertex -20.5794 -33.5614 2.575
      vertex -20.4827 -33.8803 2.575
    endloop
  endfacet
  facet normal 0 0 1
    outer loop
      vertex -19.0315 -32.623 2.575
      vertex -20.7365 -33.2675 2.575
      vertex -20.5794 -33.5614 2.575
    endloop
  endfacet
  facet normal 0 0 1
    outer loop
      vertex -19.3184 -32.1548 2.575
      vertex -20.9479 -33.0099 2.575
      vertex -20.7365 -33.2675 2.575
    endloop
  endfacet
  facet normal 0 0 1
    outer loop
      vertex -21.4994 -32.6414 2.575
      vertex -20.561 -31.0935 2.575
      vertex -21.0684 -30.8833 2.575
    endloop
  endfacet
  facet normal 0 0 1
    outer loop
      vertex -20.0928 -31.3804 2.575
      vertex -21.2055 -32.7985 2.575
      vertex -20.9479 -33.0099 2.575
    endloop
  endfacet
  facet normal 0 0 1
    outer loop
      vertex -20.561 -31.0935 2.575
      vertex -21.4994 -32.6414 2.575
      vertex -21.2055 -32.7985 2.575
    endloop
  endfacet
  facet normal 0 0 1
    outer loop
      vertex -21.8183 -32.5447 2.575
      vertex -21.0684 -30.8833 2.575
      vertex -21.6025 -30.7551 2.575
    endloop
  endfacet
  facet normal 0 0 1
    outer loop
      vertex -21.0684 -30.8833 2.575
      vertex -21.8183 -32.5447 2.575
      vertex -21.4994 -32.6414 2.575
    endloop
  endfacet
  facet normal 0 0 1
    outer loop
      vertex -22.15 -32.512 2.575
      vertex -21.6025 -30.7551 2.575
      vertex -22.15 -30.712 2.575
    endloop
  endfacet
  facet normal 0 0 1
    outer loop
      vertex -21.6025 -30.7551 2.575
      vertex -22.15 -32.512 2.575
      vertex -21.8183 -32.5447 2.575
    endloop
  endfacet
  facet normal -0 0 1
    outer loop
      vertex -22.6975 -30.7551 2.575
      vertex -22.15 -32.512 2.575
      vertex -22.15 -30.712 2.575
    endloop
  endfacet
  facet normal 0 0 1
    outer loop
      vertex -22.15 -32.512 2.575
      vertex -22.6975 -30.7551 2.575
      vertex -22.4817 -32.5447 2.575
    endloop
  endfacet
  facet normal -0 0 1
    outer loop
      vertex -23.2316 -30.8833 2.575
      vertex -22.4817 -32.5447 2.575
      vertex -22.6975 -30.7551 2.575
    endloop
  endfacet
  facet normal 0 0 1
    outer loop
      vertex -22.4817 -32.5447 2.575
      vertex -23.2316 -30.8833 2.575
      vertex -22.8006 -32.6414 2.575
    endloop
  endfacet
  facet normal -0 0 1
    outer loop
      vertex -23.739 -31.0935 2.575
      vertex -22.8006 -32.6414 2.575
      vertex -23.2316 -30.8833 2.575
    endloop
  endfacet
  facet normal 0 0 1
    outer loop
      vertex -22.8006 -32.6414 2.575
      vertex -23.739 -31.0935 2.575
      vertex -23.0945 -32.7985 2.575
    endloop
  endfacet
  facet normal -0 0 1
    outer loop
      vertex -24.2072 -31.3804 2.575
      vertex -23.0945 -32.7985 2.575
      vertex -23.739 -31.0935 2.575
    endloop
  endfacet
  facet normal 0 0 1
    outer loop
      vertex -23.0945 -32.7985 2.575
      vertex -24.2072 -31.3804 2.575
      vertex -23.3521 -33.0099 2.575
    endloop
  endfacet
  facet normal -0 0 1
    outer loop
      vertex -24.6249 -31.7371 2.575
      vertex -23.3521 -33.0099 2.575
      vertex -24.2072 -31.3804 2.575
    endloop
  endfacet
  facet normal -0 0 1
    outer loop
      vertex -24.9816 -32.1548 2.575
      vertex -23.3521 -33.0099 2.575
      vertex -24.6249 -31.7371 2.575
    endloop
  endfacet
  facet normal 0 0 1
    outer loop
      vertex -23.3521 -33.0099 2.575
      vertex -24.9816 -32.1548 2.575
      vertex -23.5635 -33.2675 2.575
    endloop
  endfacet
  facet normal -0 0 1
    outer loop
      vertex -25.2685 -32.623 2.575
      vertex -23.5635 -33.2675 2.575
      vertex -24.9816 -32.1548 2.575
    endloop
  endfacet
  facet normal 0 0 1
    outer loop
      vertex -19.0315 -35.801 2.575
      vertex -20.7365 -35.1565 2.575
      vertex -19.3184 -36.2692 2.575
    endloop
  endfacet
  facet normal -0 0 1
    outer loop
      vertex -20.9479 -35.4141 2.575
      vertex -19.3184 -36.2692 2.575
      vertex -20.7365 -35.1565 2.575
    endloop
  endfacet
  facet normal 0 0 1
    outer loop
      vertex -19.3184 -36.2692 2.575
      vertex -20.9479 -35.4141 2.575
      vertex -19.6751 -36.6869 2.575
    endloop
  endfacet
  facet normal 0 0 1
    outer loop
      vertex -19.6751 -36.6869 2.575
      vertex -20.9479 -35.4141 2.575
      vertex -20.0928 -37.0436 2.575
    endloop
  endfacet
  facet normal -0 0 1
    outer loop
      vertex -21.2055 -35.6255 2.575
      vertex -20.0928 -37.0436 2.575
      vertex -20.9479 -35.4141 2.575
    endloop
  endfacet
  facet normal 0 0 1
    outer loop
      vertex -20.0928 -37.0436 2.575
      vertex -21.2055 -35.6255 2.575
      vertex -20.561 -37.3305 2.575
    endloop
  endfacet
  facet normal -0 0 1
    outer loop
      vertex -21.4994 -35.7826 2.575
      vertex -20.561 -37.3305 2.575
      vertex -21.2055 -35.6255 2.575
    endloop
  endfacet
  facet normal 0 0 1
    outer loop
      vertex -20.561 -37.3305 2.575
      vertex -21.4994 -35.7826 2.575
      vertex -21.0684 -37.5407 2.575
    endloop
  endfacet
  facet normal -0 0 1
    outer loop
      vertex -21.8183 -35.8793 2.575
      vertex -21.0684 -37.5407 2.575
      vertex -21.4994 -35.7826 2.575
    endloop
  endfacet
  facet normal 0 0 1
    outer loop
      vertex -21.0684 -37.5407 2.575
      vertex -21.8183 -35.8793 2.575
      vertex -21.6025 -37.6689 2.575
    endloop
  endfacet
  facet normal -0 0 1
    outer loop
      vertex -22.15 -35.912 2.575
      vertex -21.6025 -37.6689 2.575
      vertex -21.8183 -35.8793 2.575
    endloop
  endfacet
  facet normal 0 0 1
    outer loop
      vertex -22.15 -35.912 2.575
      vertex -22.15 -37.712 2.575
      vertex -21.6025 -37.6689 2.575
    endloop
  endfacet
  facet normal 0 0 1
    outer loop
      vertex -22.6975 -37.6689 2.575
      vertex -22.15 -35.912 2.575
      vertex -22.4817 -35.8793 2.575
    endloop
  endfacet
  facet normal 0 0 1
    outer loop
      vertex -22.15 -35.912 2.575
      vertex -22.6975 -37.6689 2.575
      vertex -22.15 -37.712 2.575
    endloop
  endfacet
  facet normal 0 0 1
    outer loop
      vertex -23.2316 -37.5407 2.575
      vertex -22.4817 -35.8793 2.575
      vertex -22.8006 -35.7826 2.575
    endloop
  endfacet
  facet normal 0 0 1
    outer loop
      vertex -23.739 -37.3305 2.575
      vertex -22.8006 -35.7826 2.575
      vertex -23.0945 -35.6255 2.575
    endloop
  endfacet
  facet normal 0 0 1
    outer loop
      vertex -22.4817 -35.8793 2.575
      vertex -23.2316 -37.5407 2.575
      vertex -22.6975 -37.6689 2.575
    endloop
  endfacet
  facet normal 0 0 1
    outer loop
      vertex -24.2072 -37.0436 2.575
      vertex -23.0945 -35.6255 2.575
      vertex -23.3521 -35.4141 2.575
    endloop
  endfacet
  facet normal 0 0 1
    outer loop
      vertex -24.9816 -36.2692 2.575
      vertex -23.3521 -35.4141 2.575
      vertex -23.5635 -35.1565 2.575
    endloop
  endfacet
  facet normal 0 0 1
    outer loop
      vertex -25.2685 -35.801 2.575
      vertex -23.5635 -35.1565 2.575
      vertex -23.7206 -34.8626 2.575
    endloop
  endfacet
  facet normal 0 0 1
    outer loop
      vertex -22.8006 -35.7826 2.575
      vertex -23.739 -37.3305 2.575
      vertex -23.2316 -37.5407 2.575
    endloop
  endfacet
  facet normal 0 0 1
    outer loop
      vertex -25.4787 -35.2936 2.575
      vertex -23.7206 -34.8626 2.575
      vertex -23.8173 -34.5437 2.575
    endloop
  endfacet
  facet normal 0 0 1
    outer loop
      vertex -25.6069 -34.7595 2.575
      vertex -23.8173 -34.5437 2.575
      vertex -23.85 -34.212 2.575
    endloop
  endfacet
  facet normal 0 0 1
    outer loop
      vertex -23.5635 -33.2675 2.575
      vertex -25.2685 -32.623 2.575
      vertex -23.7206 -33.5614 2.575
    endloop
  endfacet
  facet normal 0 0 1
    outer loop
      vertex -23.0945 -35.6255 2.575
      vertex -24.2072 -37.0436 2.575
      vertex -23.739 -37.3305 2.575
    endloop
  endfacet
  facet normal -0 0 1
    outer loop
      vertex -25.4787 -33.1304 2.575
      vertex -23.7206 -33.5614 2.575
      vertex -25.2685 -32.623 2.575
    endloop
  endfacet
  facet normal 0 0 1
    outer loop
      vertex -23.3521 -35.4141 2.575
      vertex -24.6249 -36.6869 2.575
      vertex -24.2072 -37.0436 2.575
    endloop
  endfacet
  facet normal 0 0 1
    outer loop
      vertex -23.7206 -33.5614 2.575
      vertex -25.4787 -33.1304 2.575
      vertex -23.8173 -33.8803 2.575
    endloop
  endfacet
  facet normal 0 0 1
    outer loop
      vertex -23.3521 -35.4141 2.575
      vertex -24.9816 -36.2692 2.575
      vertex -24.6249 -36.6869 2.575
    endloop
  endfacet
  facet normal -0 0 1
    outer loop
      vertex -25.6069 -33.6645 2.575
      vertex -23.8173 -33.8803 2.575
      vertex -25.4787 -33.1304 2.575
    endloop
  endfacet
  facet normal 0 0 1
    outer loop
      vertex -23.5635 -35.1565 2.575
      vertex -25.2685 -35.801 2.575
      vertex -24.9816 -36.2692 2.575
    endloop
  endfacet
  facet normal 0 0 1
    outer loop
      vertex -23.8173 -33.8803 2.575
      vertex -25.6069 -33.6645 2.575
      vertex -23.85 -34.212 2.575
    endloop
  endfacet
  facet normal 0 0 1
    outer loop
      vertex -23.7206 -34.8626 2.575
      vertex -25.4787 -35.2936 2.575
      vertex -25.2685 -35.801 2.575
    endloop
  endfacet
  facet normal 0 0 1
    outer loop
      vertex -25.65 -34.212 2.575
      vertex -23.85 -34.212 2.575
      vertex -25.6069 -33.6645 2.575
    endloop
  endfacet
  facet normal 0 0 1
    outer loop
      vertex -23.8173 -34.5437 2.575
      vertex -25.6069 -34.7595 2.575
      vertex -25.4787 -35.2936 2.575
    endloop
  endfacet
  facet normal 0 0 1
    outer loop
      vertex -23.85 -34.212 2.575
      vertex -25.65 -34.212 2.575
      vertex -25.6069 -34.7595 2.575
    endloop
  endfacet
  facet normal -0.923861 -0.382727 -2.03514e-20
    outer loop
      vertex -18.8213 -33.1304 2.575
      vertex -19.0315 -32.623 5
      vertex -19.0315 -32.623 2.575
    endloop
  endfacet
  facet normal -0.923861 -0.382727 -2.03514e-20
    outer loop
      vertex -19.0315 -32.623 5
      vertex -18.8213 -33.1304 2.575
      vertex -18.8213 -33.1304 5
    endloop
  endfacet
  facet normal -0.972381 -0.2334 -3.03715e-18
    outer loop
      vertex -18.6931 -33.6645 2.575
      vertex -18.8213 -33.1304 5
      vertex -18.8213 -33.1304 2.575
    endloop
  endfacet
  facet normal -0.972381 -0.2334 -3.03715e-18
    outer loop
      vertex -18.8213 -33.1304 5
      vertex -18.6931 -33.6645 2.575
      vertex -18.6931 -33.6645 5
    endloop
  endfacet
  facet normal -0.852651 -0.522481 -4.99724e-18
    outer loop
      vertex -19.0315 -32.623 2.575
      vertex -19.3184 -32.1548 5
      vertex -19.3184 -32.1548 2.575
    endloop
  endfacet
  facet normal -0.852651 -0.522481 -4.99724e-18
    outer loop
      vertex -19.3184 -32.1548 5
      vertex -19.0315 -32.623 2.575
      vertex -19.0315 -32.623 5
    endloop
  endfacet
  facet normal -0.522481 -0.852651 0
    outer loop
      vertex -20.561 -31.0935 2.575
      vertex -20.0928 -31.3804 5
      vertex -20.561 -31.0935 5
    endloop
  endfacet
  facet normal -0.522481 -0.852651 -0
    outer loop
      vertex -20.0928 -31.3804 5
      vertex -20.561 -31.0935 2.575
      vertex -20.0928 -31.3804 2.575
    endloop
  endfacet
  facet normal -0.382727 -0.923861 0
    outer loop
      vertex -21.0684 -30.8833 2.575
      vertex -20.561 -31.0935 5
      vertex -21.0684 -30.8833 5
    endloop
  endfacet
  facet normal -0.382727 -0.923861 -0
    outer loop
      vertex -20.561 -31.0935 5
      vertex -21.0684 -30.8833 2.575
      vertex -20.561 -31.0935 2.575
    endloop
  endfacet
  facet normal -0.649396 -0.76045 0
    outer loop
      vertex -20.0928 -31.3804 2.575
      vertex -19.6751 -31.7371 5
      vertex -20.0928 -31.3804 5
    endloop
  endfacet
  facet normal -0.649396 -0.76045 -0
    outer loop
      vertex -19.6751 -31.7371 5
      vertex -20.0928 -31.3804 2.575
      vertex -19.6751 -31.7371 2.575
    endloop
  endfacet
  facet normal 0.923861 -0.382727 2.03514e-20
    outer loop
      vertex -25.4787 -33.1304 5
      vertex -25.2685 -32.623 2.575
      vertex -25.2685 -32.623 5
    endloop
  endfacet
  facet normal 0.923861 -0.382727 2.03514e-20
    outer loop
      vertex -25.2685 -32.623 2.575
      vertex -25.4787 -33.1304 5
      vertex -25.4787 -33.1304 2.575
    endloop
  endfacet
  facet normal 0.76045 -0.649396 -8.71959e-18
    outer loop
      vertex -24.9816 -32.1548 5
      vertex -24.6249 -31.7371 2.575
      vertex -24.6249 -31.7371 5
    endloop
  endfacet
  facet normal 0.76045 -0.649396 -8.71959e-18
    outer loop
      vertex -24.6249 -31.7371 2.575
      vertex -24.9816 -32.1548 5
      vertex -24.9816 -32.1548 2.575
    endloop
  endfacet
  facet normal 0.972381 -0.2334 3.03715e-18
    outer loop
      vertex -25.6069 -33.6645 5
      vertex -25.4787 -33.1304 2.575
      vertex -25.4787 -33.1304 5
    endloop
  endfacet
  facet normal 0.972381 -0.2334 3.03715e-18
    outer loop
      vertex -25.4787 -33.1304 2.575
      vertex -25.6069 -33.6645 5
      vertex -25.6069 -33.6645 2.575
    endloop
  endfacet
  facet normal 0.522481 -0.852651 0
    outer loop
      vertex -24.2072 -31.3804 2.575
      vertex -23.739 -31.0935 5
      vertex -24.2072 -31.3804 5
    endloop
  endfacet
  facet normal 0.522481 -0.852651 0
    outer loop
      vertex -23.739 -31.0935 5
      vertex -24.2072 -31.3804 2.575
      vertex -23.739 -31.0935 2.575
    endloop
  endfacet
  facet normal 0.2334 -0.972381 0
    outer loop
      vertex -23.2316 -30.8833 2.575
      vertex -22.6975 -30.7551 5
      vertex -23.2316 -30.8833 5
    endloop
  endfacet
  facet normal 0.2334 -0.972381 0
    outer loop
      vertex -22.6975 -30.7551 5
      vertex -23.2316 -30.8833 2.575
      vertex -22.6975 -30.7551 2.575
    endloop
  endfacet
  facet normal -0.0784787 0.996916 0
    outer loop
      vertex -21.6025 -37.6689 2.575
      vertex -22.15 -37.712 5
      vertex -21.6025 -37.6689 5
    endloop
  endfacet
  facet normal -0.0784787 0.996916 0
    outer loop
      vertex -22.15 -37.712 5
      vertex -21.6025 -37.6689 2.575
      vertex -22.15 -37.712 2.575
    endloop
  endfacet
  facet normal -0.522481 0.852651 0
    outer loop
      vertex -20.0928 -37.0436 2.575
      vertex -20.561 -37.3305 5
      vertex -20.0928 -37.0436 5
    endloop
  endfacet
  facet normal -0.522481 0.852651 0
    outer loop
      vertex -20.561 -37.3305 5
      vertex -20.0928 -37.0436 2.575
      vertex -20.561 -37.3305 2.575
    endloop
  endfacet
  facet normal 0.649396 0.76045 -0
    outer loop
      vertex -24.2072 -37.0436 2.575
      vertex -24.6249 -36.6869 5
      vertex -24.2072 -37.0436 5
    endloop
  endfacet
  facet normal 0.649396 0.76045 0
    outer loop
      vertex -24.6249 -36.6869 5
      vertex -24.2072 -37.0436 2.575
      vertex -24.6249 -36.6869 2.575
    endloop
  endfacet
  facet normal 0.996916 0.0784787 1.29873e-18
    outer loop
      vertex -25.6069 -34.7595 5
      vertex -25.65 -34.212 2.575
      vertex -25.65 -34.212 5
    endloop
  endfacet
  facet normal 0.996916 0.0784787 1.29873e-18
    outer loop
      vertex -25.65 -34.212 2.575
      vertex -25.6069 -34.7595 5
      vertex -25.6069 -34.7595 2.575
    endloop
  endfacet
  facet normal -0.2334 -0.972381 0
    outer loop
      vertex -21.6025 -30.7551 2.575
      vertex -21.0684 -30.8833 5
      vertex -21.6025 -30.7551 5
    endloop
  endfacet
  facet normal -0.2334 -0.972381 -0
    outer loop
      vertex -21.0684 -30.8833 5
      vertex -21.6025 -30.7551 2.575
      vertex -21.0684 -30.8833 2.575
    endloop
  endfacet
  facet normal 0.852651 -0.522481 4.99724e-18
    outer loop
      vertex -25.2685 -32.623 5
      vertex -24.9816 -32.1548 2.575
      vertex -24.9816 -32.1548 5
    endloop
  endfacet
  facet normal 0.852651 -0.522481 4.99724e-18
    outer loop
      vertex -24.9816 -32.1548 2.575
      vertex -25.2685 -32.623 5
      vertex -25.2685 -32.623 2.575
    endloop
  endfacet
  facet normal 0.0784787 -0.996916 0
    outer loop
      vertex -22.6975 -30.7551 2.575
      vertex -22.15 -30.712 5
      vertex -22.6975 -30.7551 5
    endloop
  endfacet
  facet normal 0.0784787 -0.996916 0
    outer loop
      vertex -22.15 -30.712 5
      vertex -22.6975 -30.7551 2.575
      vertex -22.15 -30.712 2.575
    endloop
  endfacet
  facet normal -0.2334 0.972381 0
    outer loop
      vertex -21.0684 -37.5407 2.575
      vertex -21.6025 -37.6689 5
      vertex -21.0684 -37.5407 5
    endloop
  endfacet
  facet normal -0.2334 0.972381 0
    outer loop
      vertex -21.6025 -37.6689 5
      vertex -21.0684 -37.5407 2.575
      vertex -21.6025 -37.6689 2.575
    endloop
  endfacet
  facet normal -0.972381 0.2334 3.03715e-18
    outer loop
      vertex -18.8213 -35.2936 2.575
      vertex -18.6931 -34.7595 5
      vertex -18.6931 -34.7595 2.575
    endloop
  endfacet
  facet normal -0.972381 0.2334 3.03715e-18
    outer loop
      vertex -18.6931 -34.7595 5
      vertex -18.8213 -35.2936 2.575
      vertex -18.8213 -35.2936 5
    endloop
  endfacet
  facet normal 0.522481 0.852651 -0
    outer loop
      vertex -23.739 -37.3305 2.575
      vertex -24.2072 -37.0436 5
      vertex -23.739 -37.3305 5
    endloop
  endfacet
  facet normal 0.522481 0.852651 0
    outer loop
      vertex -24.2072 -37.0436 5
      vertex -23.739 -37.3305 2.575
      vertex -24.2072 -37.0436 2.575
    endloop
  endfacet
  facet normal 0.382727 0.923861 -0
    outer loop
      vertex -23.2316 -37.5407 2.575
      vertex -23.739 -37.3305 5
      vertex -23.2316 -37.5407 5
    endloop
  endfacet
  facet normal 0.382727 0.923861 0
    outer loop
      vertex -23.739 -37.3305 5
      vertex -23.2316 -37.5407 2.575
      vertex -23.739 -37.3305 2.575
    endloop
  endfacet
  facet normal 0.0784787 0.996916 -0
    outer loop
      vertex -22.15 -37.712 2.575
      vertex -22.6975 -37.6689 5
      vertex -22.15 -37.712 5
    endloop
  endfacet
  facet normal 0.0784787 0.996916 0
    outer loop
      vertex -22.6975 -37.6689 5
      vertex -22.15 -37.712 2.575
      vertex -22.6975 -37.6689 2.575
    endloop
  endfacet
  facet normal 0.923861 0.382727 -2.03514e-20
    outer loop
      vertex -25.2685 -35.801 5
      vertex -25.4787 -35.2936 2.575
      vertex -25.4787 -35.2936 5
    endloop
  endfacet
  facet normal 0.923861 0.382727 -2.03514e-20
    outer loop
      vertex -25.4787 -35.2936 2.575
      vertex -25.2685 -35.801 5
      vertex -25.2685 -35.801 2.575
    endloop
  endfacet
  facet normal 0.76045 0.649396 1.57705e-18
    outer loop
      vertex -24.6249 -36.6869 5
      vertex -24.9816 -36.2692 2.575
      vertex -24.9816 -36.2692 5
    endloop
  endfacet
  facet normal 0.76045 0.649396 1.57705e-18
    outer loop
      vertex -24.9816 -36.2692 2.575
      vertex -24.6249 -36.6869 5
      vertex -24.6249 -36.6869 2.575
    endloop
  endfacet
  facet normal 0.972381 0.2334 -3.03715e-18
    outer loop
      vertex -25.4787 -35.2936 5
      vertex -25.6069 -34.7595 2.575
      vertex -25.6069 -34.7595 5
    endloop
  endfacet
  facet normal 0.972381 0.2334 -3.03715e-18
    outer loop
      vertex -25.6069 -34.7595 2.575
      vertex -25.4787 -35.2936 5
      vertex -25.4787 -35.2936 2.575
    endloop
  endfacet
  facet normal -0.382727 0.923861 0
    outer loop
      vertex -20.561 -37.3305 2.575
      vertex -21.0684 -37.5407 5
      vertex -20.561 -37.3305 5
    endloop
  endfacet
  facet normal -0.382727 0.923861 0
    outer loop
      vertex -21.0684 -37.5407 5
      vertex -20.561 -37.3305 2.575
      vertex -21.0684 -37.5407 2.575
    endloop
  endfacet
  facet normal -0.852651 0.522481 4.99724e-18
    outer loop
      vertex -19.3184 -36.2692 2.575
      vertex -19.0315 -35.801 5
      vertex -19.0315 -35.801 2.575
    endloop
  endfacet
  facet normal -0.852651 0.522481 4.99724e-18
    outer loop
      vertex -19.0315 -35.801 5
      vertex -19.3184 -36.2692 2.575
      vertex -19.3184 -36.2692 5
    endloop
  endfacet
  facet normal -0.996916 0.0784787 -3.61253e-19
    outer loop
      vertex -18.6931 -34.7595 2.575
      vertex -18.65 -34.212 5
      vertex -18.65 -34.212 2.575
    endloop
  endfacet
  facet normal -0.996916 0.0784787 -3.61253e-19
    outer loop
      vertex -18.65 -34.212 5
      vertex -18.6931 -34.7595 2.575
      vertex -18.6931 -34.7595 5
    endloop
  endfacet
  facet normal 0.2334 0.972381 -0
    outer loop
      vertex -22.6975 -37.6689 2.575
      vertex -23.2316 -37.5407 5
      vertex -22.6975 -37.6689 5
    endloop
  endfacet
  facet normal 0.2334 0.972381 0
    outer loop
      vertex -23.2316 -37.5407 5
      vertex -22.6975 -37.6689 2.575
      vertex -23.2316 -37.5407 2.575
    endloop
  endfacet
  facet normal 0.852651 0.522481 -4.99724e-18
    outer loop
      vertex -24.9816 -36.2692 5
      vertex -25.2685 -35.801 2.575
      vertex -25.2685 -35.801 5
    endloop
  endfacet
  facet normal 0.852651 0.522481 -4.99724e-18
    outer loop
      vertex -25.2685 -35.801 2.575
      vertex -24.9816 -36.2692 5
      vertex -24.9816 -36.2692 2.575
    endloop
  endfacet
  facet normal -0.923861 0.382727 2.03514e-20
    outer loop
      vertex -19.0315 -35.801 2.575
      vertex -18.8213 -35.2936 5
      vertex -18.8213 -35.2936 2.575
    endloop
  endfacet
  facet normal -0.923861 0.382727 2.03514e-20
    outer loop
      vertex -18.8213 -35.2936 5
      vertex -19.0315 -35.801 2.575
      vertex -19.0315 -35.801 5
    endloop
  endfacet
  facet normal -0.995176 -0.0981075 2.46727e-19
    outer loop
      vertex -20.45 34.212 0
      vertex -20.4827 34.5437 2.575
      vertex -20.4827 34.5437 0
    endloop
  endfacet
  facet normal -0.995176 -0.0981075 2.46727e-19
    outer loop
      vertex -20.4827 34.5437 2.575
      vertex -20.45 34.212 0
      vertex -20.45 34.212 2.575
    endloop
  endfacet
  facet normal 0.995176 -0.0981075 -2.46727e-19
    outer loop
      vertex -23.85 34.212 2.575
      vertex -23.8173 34.5437 0
      vertex -23.8173 34.5437 2.575
    endloop
  endfacet
  facet normal 0.995176 -0.0981075 -2.46727e-19
    outer loop
      vertex -23.8173 34.5437 0
      vertex -23.85 34.212 2.575
      vertex -23.85 34.212 0
    endloop
  endfacet
  facet normal -0.0981075 -0.995176 0
    outer loop
      vertex -22.15 35.912 0
      vertex -21.8183 35.8793 2.575
      vertex -22.15 35.912 2.575
    endloop
  endfacet
  facet normal -0.0981075 -0.995176 -0
    outer loop
      vertex -21.8183 35.8793 2.575
      vertex -22.15 35.912 0
      vertex -21.8183 35.8793 0
    endloop
  endfacet
  facet normal -0.634381 -0.773021 0
    outer loop
      vertex -21.2055 35.6255 0
      vertex -20.9479 35.4141 2.575
      vertex -21.2055 35.6255 2.575
    endloop
  endfacet
  facet normal -0.634381 -0.773021 -0
    outer loop
      vertex -20.9479 35.4141 2.575
      vertex -21.2055 35.6255 0
      vertex -20.9479 35.4141 0
    endloop
  endfacet
  facet normal -0.471413 -0.881912 0
    outer loop
      vertex -21.4994 35.7826 0
      vertex -21.2055 35.6255 2.575
      vertex -21.4994 35.7826 2.575
    endloop
  endfacet
  facet normal -0.471413 -0.881912 -0
    outer loop
      vertex -21.2055 35.6255 2.575
      vertex -21.4994 35.7826 0
      vertex -21.2055 35.6255 0
    endloop
  endfacet
  facet normal 0.634381 -0.773021 0
    outer loop
      vertex -23.3521 35.4141 0
      vertex -23.0945 35.6255 2.575
      vertex -23.3521 35.4141 2.575
    endloop
  endfacet
  facet normal 0.634381 -0.773021 0
    outer loop
      vertex -23.0945 35.6255 2.575
      vertex -23.3521 35.4141 0
      vertex -23.0945 35.6255 0
    endloop
  endfacet
  facet normal 0.290182 -0.956971 0
    outer loop
      vertex -22.8006 35.7826 0
      vertex -22.4817 35.8793 2.575
      vertex -22.8006 35.7826 2.575
    endloop
  endfacet
  facet normal 0.290182 -0.956971 0
    outer loop
      vertex -22.4817 35.8793 2.575
      vertex -22.8006 35.7826 0
      vertex -22.4817 35.8793 0
    endloop
  endfacet
  facet normal -0.881912 -0.471413 2.87041e-18
    outer loop
      vertex -20.5794 34.8626 0
      vertex -20.7365 35.1565 2.575
      vertex -20.7365 35.1565 0
    endloop
  endfacet
  facet normal -0.881912 -0.471413 2.87041e-18
    outer loop
      vertex -20.7365 35.1565 2.575
      vertex -20.5794 34.8626 0
      vertex -20.5794 34.8626 2.575
    endloop
  endfacet
  facet normal -0.956971 -0.290182 -5.40939e-19
    outer loop
      vertex -20.4827 34.5437 0
      vertex -20.5794 34.8626 2.575
      vertex -20.5794 34.8626 0
    endloop
  endfacet
  facet normal -0.956971 -0.290182 -5.40939e-19
    outer loop
      vertex -20.5794 34.8626 2.575
      vertex -20.4827 34.5437 0
      vertex -20.4827 34.5437 2.575
    endloop
  endfacet
  facet normal -0.773021 -0.634381 -2.8192e-18
    outer loop
      vertex -20.7365 35.1565 0
      vertex -20.9479 35.4141 2.575
      vertex -20.9479 35.4141 0
    endloop
  endfacet
  facet normal -0.773021 -0.634381 -2.8192e-18
    outer loop
      vertex -20.9479 35.4141 2.575
      vertex -20.7365 35.1565 0
      vertex -20.7365 35.1565 2.575
    endloop
  endfacet
  facet normal -0.290182 -0.956971 0
    outer loop
      vertex -21.8183 35.8793 0
      vertex -21.4994 35.7826 2.575
      vertex -21.8183 35.8793 2.575
    endloop
  endfacet
  facet normal -0.290182 -0.956971 -0
    outer loop
      vertex -21.4994 35.7826 2.575
      vertex -21.8183 35.8793 0
      vertex -21.4994 35.7826 0
    endloop
  endfacet
  facet normal 0.881912 -0.471413 -2.87041e-18
    outer loop
      vertex -23.7206 34.8626 2.575
      vertex -23.5635 35.1565 0
      vertex -23.5635 35.1565 2.575
    endloop
  endfacet
  facet normal 0.881912 -0.471413 -2.87041e-18
    outer loop
      vertex -23.5635 35.1565 0
      vertex -23.7206 34.8626 2.575
      vertex -23.7206 34.8626 0
    endloop
  endfacet
  facet normal 0.773021 -0.634381 2.8192e-18
    outer loop
      vertex -23.5635 35.1565 2.575
      vertex -23.3521 35.4141 0
      vertex -23.3521 35.4141 2.575
    endloop
  endfacet
  facet normal 0.773021 -0.634381 2.8192e-18
    outer loop
      vertex -23.3521 35.4141 0
      vertex -23.5635 35.1565 2.575
      vertex -23.5635 35.1565 0
    endloop
  endfacet
  facet normal 0.956971 -0.290182 5.40939e-19
    outer loop
      vertex -23.8173 34.5437 2.575
      vertex -23.7206 34.8626 0
      vertex -23.7206 34.8626 2.575
    endloop
  endfacet
  facet normal 0.956971 -0.290182 5.40939e-19
    outer loop
      vertex -23.7206 34.8626 0
      vertex -23.8173 34.5437 2.575
      vertex -23.8173 34.5437 0
    endloop
  endfacet
  facet normal 0.471413 -0.881912 0
    outer loop
      vertex -23.0945 35.6255 0
      vertex -22.8006 35.7826 2.575
      vertex -23.0945 35.6255 2.575
    endloop
  endfacet
  facet normal 0.471413 -0.881912 0
    outer loop
      vertex -22.8006 35.7826 2.575
      vertex -23.0945 35.6255 0
      vertex -22.8006 35.7826 0
    endloop
  endfacet
  facet normal 0.0981075 -0.995176 0
    outer loop
      vertex -22.4817 35.8793 0
      vertex -22.15 35.912 2.575
      vertex -22.4817 35.8793 2.575
    endloop
  endfacet
  facet normal 0.0981075 -0.995176 0
    outer loop
      vertex -22.15 35.912 2.575
      vertex -22.4817 35.8793 0
      vertex -22.15 35.912 0
    endloop
  endfacet
  facet normal -0.995176 0.0981075 -1.24351e-19
    outer loop
      vertex -20.4827 33.8803 0
      vertex -20.45 34.212 2.575
      vertex -20.45 34.212 0
    endloop
  endfacet
  facet normal -0.995176 0.0981075 -1.24351e-19
    outer loop
      vertex -20.45 34.212 2.575
      vertex -20.4827 33.8803 0
      vertex -20.4827 33.8803 2.575
    endloop
  endfacet
  facet normal -0.0981075 0.995176 0
    outer loop
      vertex -21.8183 32.5447 0
      vertex -22.15 32.512 2.575
      vertex -21.8183 32.5447 2.575
    endloop
  endfacet
  facet normal -0.0981075 0.995176 0
    outer loop
      vertex -22.15 32.512 2.575
      vertex -21.8183 32.5447 0
      vertex -22.15 32.512 0
    endloop
  endfacet
  facet normal -0.471413 0.881912 0
    outer loop
      vertex -21.2055 32.7985 0
      vertex -21.4994 32.6414 2.575
      vertex -21.2055 32.7985 2.575
    endloop
  endfacet
  facet normal -0.471413 0.881912 0
    outer loop
      vertex -21.4994 32.6414 2.575
      vertex -21.2055 32.7985 0
      vertex -21.4994 32.6414 0
    endloop
  endfacet
  facet normal -0.881912 0.471413 -2.87041e-18
    outer loop
      vertex -20.7365 33.2675 0
      vertex -20.5794 33.5614 2.575
      vertex -20.5794 33.5614 0
    endloop
  endfacet
  facet normal -0.881912 0.471413 -2.87041e-18
    outer loop
      vertex -20.5794 33.5614 2.575
      vertex -20.7365 33.2675 0
      vertex -20.7365 33.2675 2.575
    endloop
  endfacet
  facet normal 0.634381 0.773021 -0
    outer loop
      vertex -23.0945 32.7985 0
      vertex -23.3521 33.0099 2.575
      vertex -23.0945 32.7985 2.575
    endloop
  endfacet
  facet normal 0.634381 0.773021 0
    outer loop
      vertex -23.3521 33.0099 2.575
      vertex -23.0945 32.7985 0
      vertex -23.3521 33.0099 0
    endloop
  endfacet
  facet normal 0.290182 0.956971 -0
    outer loop
      vertex -22.4817 32.5447 0
      vertex -22.8006 32.6414 2.575
      vertex -22.4817 32.5447 2.575
    endloop
  endfacet
  facet normal 0.290182 0.956971 0
    outer loop
      vertex -22.8006 32.6414 2.575
      vertex -22.4817 32.5447 0
      vertex -22.8006 32.6414 0
    endloop
  endfacet
  facet normal 0.881912 0.471413 2.87041e-18
    outer loop
      vertex -23.5635 33.2675 2.575
      vertex -23.7206 33.5614 0
      vertex -23.7206 33.5614 2.575
    endloop
  endfacet
  facet normal 0.881912 0.471413 2.87041e-18
    outer loop
      vertex -23.7206 33.5614 0
      vertex -23.5635 33.2675 2.575
      vertex -23.5635 33.2675 0
    endloop
  endfacet
  facet normal 0.995176 0.0981075 1.24351e-19
    outer loop
      vertex -23.8173 33.8803 2.575
      vertex -23.85 34.212 0
      vertex -23.85 34.212 2.575
    endloop
  endfacet
  facet normal 0.995176 0.0981075 1.24351e-19
    outer loop
      vertex -23.85 34.212 0
      vertex -23.8173 33.8803 2.575
      vertex -23.8173 33.8803 0
    endloop
  endfacet
  facet normal -0.290182 0.956971 0
    outer loop
      vertex -21.4994 32.6414 0
      vertex -21.8183 32.5447 2.575
      vertex -21.4994 32.6414 2.575
    endloop
  endfacet
  facet normal -0.290182 0.956971 0
    outer loop
      vertex -21.8183 32.5447 2.575
      vertex -21.4994 32.6414 0
      vertex -21.8183 32.5447 0
    endloop
  endfacet
  facet normal -0.634381 0.773021 0
    outer loop
      vertex -20.9479 33.0099 0
      vertex -21.2055 32.7985 2.575
      vertex -20.9479 33.0099 2.575
    endloop
  endfacet
  facet normal -0.634381 0.773021 0
    outer loop
      vertex -21.2055 32.7985 2.575
      vertex -20.9479 33.0099 0
      vertex -21.2055 32.7985 0
    endloop
  endfacet
  facet normal -0.956971 0.290182 5.40939e-19
    outer loop
      vertex -20.5794 33.5614 0
      vertex -20.4827 33.8803 2.575
      vertex -20.4827 33.8803 0
    endloop
  endfacet
  facet normal -0.956971 0.290182 5.40939e-19
    outer loop
      vertex -20.4827 33.8803 2.575
      vertex -20.5794 33.5614 0
      vertex -20.5794 33.5614 2.575
    endloop
  endfacet
  facet normal 0.471413 0.881912 -0
    outer loop
      vertex -22.8006 32.6414 0
      vertex -23.0945 32.7985 2.575
      vertex -22.8006 32.6414 2.575
    endloop
  endfacet
  facet normal 0.471413 0.881912 0
    outer loop
      vertex -23.0945 32.7985 2.575
      vertex -22.8006 32.6414 0
      vertex -23.0945 32.7985 0
    endloop
  endfacet
  facet normal 0.0981075 0.995176 -0
    outer loop
      vertex -22.15 32.512 0
      vertex -22.4817 32.5447 2.575
      vertex -22.15 32.512 2.575
    endloop
  endfacet
  facet normal 0.0981075 0.995176 0
    outer loop
      vertex -22.4817 32.5447 2.575
      vertex -22.15 32.512 0
      vertex -22.4817 32.5447 0
    endloop
  endfacet
  facet normal 0.773021 0.634381 -2.8192e-18
    outer loop
      vertex -23.3521 33.0099 2.575
      vertex -23.5635 33.2675 0
      vertex -23.5635 33.2675 2.575
    endloop
  endfacet
  facet normal 0.773021 0.634381 -2.8192e-18
    outer loop
      vertex -23.5635 33.2675 0
      vertex -23.3521 33.0099 2.575
      vertex -23.3521 33.0099 0
    endloop
  endfacet
  facet normal 0.956971 0.290182 -5.40939e-19
    outer loop
      vertex -23.7206 33.5614 2.575
      vertex -23.8173 33.8803 0
      vertex -23.8173 33.8803 2.575
    endloop
  endfacet
  facet normal 0.956971 0.290182 -5.40939e-19
    outer loop
      vertex -23.8173 33.8803 0
      vertex -23.7206 33.5614 2.575
      vertex -23.7206 33.5614 0
    endloop
  endfacet
  facet normal -0.773021 0.634381 2.8192e-18
    outer loop
      vertex -20.9479 33.0099 0
      vertex -20.7365 33.2675 2.575
      vertex -20.7365 33.2675 0
    endloop
  endfacet
  facet normal -0.773021 0.634381 2.8192e-18
    outer loop
      vertex -20.7365 33.2675 2.575
      vertex -20.9479 33.0099 0
      vertex -20.9479 33.0099 2.575
    endloop
  endfacet
  facet normal -0.649396 -0.76045 0
    outer loop
      vertex -20.0928 37.0436 2.575
      vertex -19.6751 36.6869 5
      vertex -20.0928 37.0436 5
    endloop
  endfacet
  facet normal -0.649396 -0.76045 -0
    outer loop
      vertex -19.6751 36.6869 5
      vertex -20.0928 37.0436 2.575
      vertex -19.6751 36.6869 2.575
    endloop
  endfacet
  facet normal 0.972381 -0.2334 3.03715e-18
    outer loop
      vertex -25.6069 34.7595 5
      vertex -25.4787 35.2936 2.575
      vertex -25.4787 35.2936 5
    endloop
  endfacet
  facet normal 0.972381 -0.2334 3.03715e-18
    outer loop
      vertex -25.4787 35.2936 2.575
      vertex -25.6069 34.7595 5
      vertex -25.6069 34.7595 2.575
    endloop
  endfacet
  facet normal 0.382727 0.923861 -0
    outer loop
      vertex -23.2316 30.8833 2.575
      vertex -23.739 31.0935 5
      vertex -23.2316 30.8833 5
    endloop
  endfacet
  facet normal 0.382727 0.923861 0
    outer loop
      vertex -23.739 31.0935 5
      vertex -23.2316 30.8833 2.575
      vertex -23.739 31.0935 2.575
    endloop
  endfacet
  facet normal 0.382727 -0.923861 0
    outer loop
      vertex -23.739 37.3305 2.575
      vertex -23.2316 37.5407 5
      vertex -23.739 37.3305 5
    endloop
  endfacet
  facet normal 0.382727 -0.923861 0
    outer loop
      vertex -23.2316 37.5407 5
      vertex -23.739 37.3305 2.575
      vertex -23.2316 37.5407 2.575
    endloop
  endfacet
  facet normal 0.923861 -0.382727 2.03514e-20
    outer loop
      vertex -25.4787 35.2936 5
      vertex -25.2685 35.801 2.575
      vertex -25.2685 35.801 5
    endloop
  endfacet
  facet normal 0.923861 -0.382727 2.03514e-20
    outer loop
      vertex -25.2685 35.801 2.575
      vertex -25.4787 35.2936 5
      vertex -25.4787 35.2936 2.575
    endloop
  endfacet
  facet normal -0.923861 -0.382727 -2.03514e-20
    outer loop
      vertex -18.8213 35.2936 2.575
      vertex -19.0315 35.801 5
      vertex -19.0315 35.801 2.575
    endloop
  endfacet
  facet normal -0.923861 -0.382727 -2.03514e-20
    outer loop
      vertex -19.0315 35.801 5
      vertex -18.8213 35.2936 2.575
      vertex -18.8213 35.2936 5
    endloop
  endfacet
  facet normal -0.852651 -0.522481 -4.99724e-18
    outer loop
      vertex -19.0315 35.801 2.575
      vertex -19.3184 36.2692 5
      vertex -19.3184 36.2692 2.575
    endloop
  endfacet
  facet normal -0.852651 -0.522481 -4.99724e-18
    outer loop
      vertex -19.3184 36.2692 5
      vertex -19.0315 35.801 2.575
      vertex -19.0315 35.801 5
    endloop
  endfacet
  facet normal -0.76045 -0.649396 1.57705e-18
    outer loop
      vertex -19.3184 36.2692 2.575
      vertex -19.6751 36.6869 5
      vertex -19.6751 36.6869 2.575
    endloop
  endfacet
  facet normal -0.76045 -0.649396 1.57705e-18
    outer loop
      vertex -19.6751 36.6869 5
      vertex -19.3184 36.2692 2.575
      vertex -19.3184 36.2692 5
    endloop
  endfacet
  facet normal -0.522481 -0.852651 0
    outer loop
      vertex -20.561 37.3305 2.575
      vertex -20.0928 37.0436 5
      vertex -20.561 37.3305 5
    endloop
  endfacet
  facet normal -0.522481 -0.852651 -0
    outer loop
      vertex -20.0928 37.0436 5
      vertex -20.561 37.3305 2.575
      vertex -20.0928 37.0436 2.575
    endloop
  endfacet
  facet normal -0.0784787 -0.996916 0
    outer loop
      vertex -22.15 37.712 2.575
      vertex -21.6025 37.6689 5
      vertex -22.15 37.712 5
    endloop
  endfacet
  facet normal -0.0784787 -0.996916 -0
    outer loop
      vertex -21.6025 37.6689 5
      vertex -22.15 37.712 2.575
      vertex -21.6025 37.6689 2.575
    endloop
  endfacet
  facet normal 0.996916 -0.0784787 -1.29873e-18
    outer loop
      vertex -25.65 34.212 5
      vertex -25.6069 34.7595 2.575
      vertex -25.6069 34.7595 5
    endloop
  endfacet
  facet normal 0.996916 -0.0784787 -1.29873e-18
    outer loop
      vertex -25.6069 34.7595 2.575
      vertex -25.65 34.212 5
      vertex -25.65 34.212 2.575
    endloop
  endfacet
  facet normal 0.76045 -0.649396 -1.57705e-18
    outer loop
      vertex -24.9816 36.2692 5
      vertex -24.6249 36.6869 2.575
      vertex -24.6249 36.6869 5
    endloop
  endfacet
  facet normal 0.76045 -0.649396 -1.57705e-18
    outer loop
      vertex -24.6249 36.6869 2.575
      vertex -24.9816 36.2692 5
      vertex -24.9816 36.2692 2.575
    endloop
  endfacet
  facet normal 0.522481 -0.852651 0
    outer loop
      vertex -24.2072 37.0436 2.575
      vertex -23.739 37.3305 5
      vertex -24.2072 37.0436 5
    endloop
  endfacet
  facet normal 0.522481 -0.852651 0
    outer loop
      vertex -23.739 37.3305 5
      vertex -24.2072 37.0436 2.575
      vertex -23.739 37.3305 2.575
    endloop
  endfacet
  facet normal 0.0784787 -0.996916 0
    outer loop
      vertex -22.6975 37.6689 2.575
      vertex -22.15 37.712 5
      vertex -22.6975 37.6689 5
    endloop
  endfacet
  facet normal 0.0784787 -0.996916 0
    outer loop
      vertex -22.15 37.712 5
      vertex -22.6975 37.6689 2.575
      vertex -22.15 37.712 2.575
    endloop
  endfacet
  facet normal 0.649396 -0.76045 0
    outer loop
      vertex -24.6249 36.6869 2.575
      vertex -24.2072 37.0436 5
      vertex -24.6249 36.6869 5
    endloop
  endfacet
  facet normal 0.649396 -0.76045 0
    outer loop
      vertex -24.2072 37.0436 5
      vertex -24.6249 36.6869 2.575
      vertex -24.2072 37.0436 2.575
    endloop
  endfacet
  facet normal -0.996916 -0.0784787 3.61253e-19
    outer loop
      vertex -18.65 34.212 2.575
      vertex -18.6931 34.7595 5
      vertex -18.6931 34.7595 2.575
    endloop
  endfacet
  facet normal -0.996916 -0.0784787 3.61253e-19
    outer loop
      vertex -18.6931 34.7595 5
      vertex -18.65 34.212 2.575
      vertex -18.65 34.212 5
    endloop
  endfacet
  facet normal -0.382727 0.923861 0
    outer loop
      vertex -20.561 31.0935 2.575
      vertex -21.0684 30.8833 5
      vertex -20.561 31.0935 5
    endloop
  endfacet
  facet normal -0.382727 0.923861 0
    outer loop
      vertex -21.0684 30.8833 5
      vertex -20.561 31.0935 2.575
      vertex -21.0684 30.8833 2.575
    endloop
  endfacet
  facet normal -0.522481 0.852651 0
    outer loop
      vertex -20.0928 31.3804 2.575
      vertex -20.561 31.0935 5
      vertex -20.0928 31.3804 5
    endloop
  endfacet
  facet normal -0.522481 0.852651 0
    outer loop
      vertex -20.561 31.0935 5
      vertex -20.0928 31.3804 2.575
      vertex -20.561 31.0935 2.575
    endloop
  endfacet
  facet normal -0.76045 0.649396 -8.71959e-18
    outer loop
      vertex -19.6751 31.7371 2.575
      vertex -19.3184 32.1548 5
      vertex -19.3184 32.1548 2.575
    endloop
  endfacet
  facet normal -0.76045 0.649396 -8.71959e-18
    outer loop
      vertex -19.3184 32.1548 5
      vertex -19.6751 31.7371 2.575
      vertex -19.6751 31.7371 5
    endloop
  endfacet
  facet normal 0.2334 0.972381 -0
    outer loop
      vertex -22.6975 30.7551 2.575
      vertex -23.2316 30.8833 5
      vertex -22.6975 30.7551 5
    endloop
  endfacet
  facet normal 0.2334 0.972381 0
    outer loop
      vertex -23.2316 30.8833 5
      vertex -22.6975 30.7551 2.575
      vertex -23.2316 30.8833 2.575
    endloop
  endfacet
  facet normal 0.649396 0.76045 -0
    outer loop
      vertex -24.2072 31.3804 2.575
      vertex -24.6249 31.7371 5
      vertex -24.2072 31.3804 5
    endloop
  endfacet
  facet normal 0.649396 0.76045 0
    outer loop
      vertex -24.6249 31.7371 5
      vertex -24.2072 31.3804 2.575
      vertex -24.6249 31.7371 2.575
    endloop
  endfacet
  facet normal 0.996916 0.0784787 -6.06752e-19
    outer loop
      vertex -25.6069 33.6645 5
      vertex -25.65 34.212 2.575
      vertex -25.65 34.212 5
    endloop
  endfacet
  facet normal 0.996916 0.0784787 -6.06752e-19
    outer loop
      vertex -25.65 34.212 2.575
      vertex -25.6069 33.6645 5
      vertex -25.6069 33.6645 2.575
    endloop
  endfacet
  facet normal 0 0 1
    outer loop
      vertex -20.45 34.212 2.575
      vertex -18.65 34.212 2.575
      vertex -18.6931 34.7595 2.575
    endloop
  endfacet
  facet normal 0 0 1
    outer loop
      vertex -20.4827 34.5437 2.575
      vertex -18.6931 34.7595 2.575
      vertex -18.8213 35.2936 2.575
    endloop
  endfacet
  facet normal 0 0 1
    outer loop
      vertex -18.65 34.212 2.575
      vertex -20.45 34.212 2.575
      vertex -18.6931 33.6645 2.575
    endloop
  endfacet
  facet normal 0 0 1
    outer loop
      vertex -20.5794 34.8626 2.575
      vertex -18.8213 35.2936 2.575
      vertex -19.0315 35.801 2.575
    endloop
  endfacet
  facet normal -0 0 1
    outer loop
      vertex -20.4827 33.8803 2.575
      vertex -18.6931 33.6645 2.575
      vertex -20.45 34.212 2.575
    endloop
  endfacet
  facet normal 0 0 1
    outer loop
      vertex -20.7365 35.1565 2.575
      vertex -19.0315 35.801 2.575
      vertex -19.3184 36.2692 2.575
    endloop
  endfacet
  facet normal 0 0 1
    outer loop
      vertex -18.6931 33.6645 2.575
      vertex -20.4827 33.8803 2.575
      vertex -18.8213 33.1304 2.575
    endloop
  endfacet
  facet normal 0 0 1
    outer loop
      vertex -20.9479 35.4141 2.575
      vertex -19.3184 36.2692 2.575
      vertex -19.6751 36.6869 2.575
    endloop
  endfacet
  facet normal -0 0 1
    outer loop
      vertex -20.5794 33.5614 2.575
      vertex -18.8213 33.1304 2.575
      vertex -20.4827 33.8803 2.575
    endloop
  endfacet
  facet normal 0 0 1
    outer loop
      vertex -20.9479 35.4141 2.575
      vertex -19.6751 36.6869 2.575
      vertex -20.0928 37.0436 2.575
    endloop
  endfacet
  facet normal 0 0 1
    outer loop
      vertex -18.8213 33.1304 2.575
      vertex -20.5794 33.5614 2.575
      vertex -19.0315 32.623 2.575
    endloop
  endfacet
  facet normal -0 0 1
    outer loop
      vertex -20.7365 33.2675 2.575
      vertex -19.0315 32.623 2.575
      vertex -20.5794 33.5614 2.575
    endloop
  endfacet
  facet normal 0 0 1
    outer loop
      vertex -18.6931 34.7595 2.575
      vertex -20.4827 34.5437 2.575
      vertex -20.45 34.212 2.575
    endloop
  endfacet
  facet normal 0 0 1
    outer loop
      vertex -21.2055 35.6255 2.575
      vertex -20.0928 37.0436 2.575
      vertex -20.561 37.3305 2.575
    endloop
  endfacet
  facet normal 0 0 1
    outer loop
      vertex -18.8213 35.2936 2.575
      vertex -20.5794 34.8626 2.575
      vertex -20.4827 34.5437 2.575
    endloop
  endfacet
  facet normal 0 0 1
    outer loop
      vertex -19.0315 35.801 2.575
      vertex -20.7365 35.1565 2.575
      vertex -20.5794 34.8626 2.575
    endloop
  endfacet
  facet normal 0 0 1
    outer loop
      vertex -19.3184 36.2692 2.575
      vertex -20.9479 35.4141 2.575
      vertex -20.7365 35.1565 2.575
    endloop
  endfacet
  facet normal 0 0 1
    outer loop
      vertex -21.4994 35.7826 2.575
      vertex -20.561 37.3305 2.575
      vertex -21.0684 37.5407 2.575
    endloop
  endfacet
  facet normal 0 0 1
    outer loop
      vertex -20.0928 37.0436 2.575
      vertex -21.2055 35.6255 2.575
      vertex -20.9479 35.4141 2.575
    endloop
  endfacet
  facet normal 0 0 1
    outer loop
      vertex -20.561 37.3305 2.575
      vertex -21.4994 35.7826 2.575
      vertex -21.2055 35.6255 2.575
    endloop
  endfacet
  facet normal 0 0 1
    outer loop
      vertex -21.8183 35.8793 2.575
      vertex -21.0684 37.5407 2.575
      vertex -21.6025 37.6689 2.575
    endloop
  endfacet
  facet normal 0 0 1
    outer loop
      vertex -21.0684 37.5407 2.575
      vertex -21.8183 35.8793 2.575
      vertex -21.4994 35.7826 2.575
    endloop
  endfacet
  facet normal 0 0 1
    outer loop
      vertex -22.15 35.912 2.575
      vertex -21.6025 37.6689 2.575
      vertex -22.15 37.712 2.575
    endloop
  endfacet
  facet normal 0 0 1
    outer loop
      vertex -21.6025 37.6689 2.575
      vertex -22.15 35.912 2.575
      vertex -21.8183 35.8793 2.575
    endloop
  endfacet
  facet normal -0 0 1
    outer loop
      vertex -22.6975 37.6689 2.575
      vertex -22.15 35.912 2.575
      vertex -22.15 37.712 2.575
    endloop
  endfacet
  facet normal 0 0 1
    outer loop
      vertex -22.15 35.912 2.575
      vertex -22.6975 37.6689 2.575
      vertex -22.4817 35.8793 2.575
    endloop
  endfacet
  facet normal -0 0 1
    outer loop
      vertex -23.2316 37.5407 2.575
      vertex -22.4817 35.8793 2.575
      vertex -22.6975 37.6689 2.575
    endloop
  endfacet
  facet normal 0 0 1
    outer loop
      vertex -22.4817 35.8793 2.575
      vertex -23.2316 37.5407 2.575
      vertex -22.8006 35.7826 2.575
    endloop
  endfacet
  facet normal -0 0 1
    outer loop
      vertex -23.739 37.3305 2.575
      vertex -22.8006 35.7826 2.575
      vertex -23.2316 37.5407 2.575
    endloop
  endfacet
  facet normal 0 0 1
    outer loop
      vertex -22.8006 35.7826 2.575
      vertex -23.739 37.3305 2.575
      vertex -23.0945 35.6255 2.575
    endloop
  endfacet
  facet normal -0 0 1
    outer loop
      vertex -24.2072 37.0436 2.575
      vertex -23.0945 35.6255 2.575
      vertex -23.739 37.3305 2.575
    endloop
  endfacet
  facet normal 0 0 1
    outer loop
      vertex -23.0945 35.6255 2.575
      vertex -24.2072 37.0436 2.575
      vertex -23.3521 35.4141 2.575
    endloop
  endfacet
  facet normal -0 0 1
    outer loop
      vertex -24.6249 36.6869 2.575
      vertex -23.3521 35.4141 2.575
      vertex -24.2072 37.0436 2.575
    endloop
  endfacet
  facet normal -0 0 1
    outer loop
      vertex -24.9816 36.2692 2.575
      vertex -23.3521 35.4141 2.575
      vertex -24.6249 36.6869 2.575
    endloop
  endfacet
  facet normal 0 0 1
    outer loop
      vertex -23.3521 35.4141 2.575
      vertex -24.9816 36.2692 2.575
      vertex -23.5635 35.1565 2.575
    endloop
  endfacet
  facet normal -0 0 1
    outer loop
      vertex -25.2685 35.801 2.575
      vertex -23.5635 35.1565 2.575
      vertex -24.9816 36.2692 2.575
    endloop
  endfacet
  facet normal 0 0 1
    outer loop
      vertex -19.0315 32.623 2.575
      vertex -20.7365 33.2675 2.575
      vertex -19.3184 32.1548 2.575
    endloop
  endfacet
  facet normal -0 0 1
    outer loop
      vertex -20.9479 33.0099 2.575
      vertex -19.3184 32.1548 2.575
      vertex -20.7365 33.2675 2.575
    endloop
  endfacet
  facet normal 0 0 1
    outer loop
      vertex -19.3184 32.1548 2.575
      vertex -20.9479 33.0099 2.575
      vertex -19.6751 31.7371 2.575
    endloop
  endfacet
  facet normal 0 0 1
    outer loop
      vertex -19.6751 31.7371 2.575
      vertex -20.9479 33.0099 2.575
      vertex -20.0928 31.3804 2.575
    endloop
  endfacet
  facet normal -0 0 1
    outer loop
      vertex -21.2055 32.7985 2.575
      vertex -20.0928 31.3804 2.575
      vertex -20.9479 33.0099 2.575
    endloop
  endfacet
  facet normal 0 0 1
    outer loop
      vertex -20.0928 31.3804 2.575
      vertex -21.2055 32.7985 2.575
      vertex -20.561 31.0935 2.575
    endloop
  endfacet
  facet normal -0 0 1
    outer loop
      vertex -21.4994 32.6414 2.575
      vertex -20.561 31.0935 2.575
      vertex -21.2055 32.7985 2.575
    endloop
  endfacet
  facet normal 0 0 1
    outer loop
      vertex -20.561 31.0935 2.575
      vertex -21.4994 32.6414 2.575
      vertex -21.0684 30.8833 2.575
    endloop
  endfacet
  facet normal -0 0 1
    outer loop
      vertex -21.8183 32.5447 2.575
      vertex -21.0684 30.8833 2.575
      vertex -21.4994 32.6414 2.575
    endloop
  endfacet
  facet normal 0 0 1
    outer loop
      vertex -21.0684 30.8833 2.575
      vertex -21.8183 32.5447 2.575
      vertex -21.6025 30.7551 2.575
    endloop
  endfacet
  facet normal -0 0 1
    outer loop
      vertex -22.15 32.512 2.575
      vertex -21.6025 30.7551 2.575
      vertex -21.8183 32.5447 2.575
    endloop
  endfacet
  facet normal 0 0 1
    outer loop
      vertex -22.15 32.512 2.575
      vertex -22.15 30.712 2.575
      vertex -21.6025 30.7551 2.575
    endloop
  endfacet
  facet normal 0 0 1
    outer loop
      vertex -22.6975 30.7551 2.575
      vertex -22.15 32.512 2.575
      vertex -22.4817 32.5447 2.575
    endloop
  endfacet
  facet normal 0 0 1
    outer loop
      vertex -22.15 32.512 2.575
      vertex -22.6975 30.7551 2.575
      vertex -22.15 30.712 2.575
    endloop
  endfacet
  facet normal 0 0 1
    outer loop
      vertex -23.2316 30.8833 2.575
      vertex -22.4817 32.5447 2.575
      vertex -22.8006 32.6414 2.575
    endloop
  endfacet
  facet normal 0 0 1
    outer loop
      vertex -23.739 31.0935 2.575
      vertex -22.8006 32.6414 2.575
      vertex -23.0945 32.7985 2.575
    endloop
  endfacet
  facet normal 0 0 1
    outer loop
      vertex -22.4817 32.5447 2.575
      vertex -23.2316 30.8833 2.575
      vertex -22.6975 30.7551 2.575
    endloop
  endfacet
  facet normal 0 0 1
    outer loop
      vertex -24.2072 31.3804 2.575
      vertex -23.0945 32.7985 2.575
      vertex -23.3521 33.0099 2.575
    endloop
  endfacet
  facet normal 0 0 1
    outer loop
      vertex -24.9816 32.1548 2.575
      vertex -23.3521 33.0099 2.575
      vertex -23.5635 33.2675 2.575
    endloop
  endfacet
  facet normal 0 0 1
    outer loop
      vertex -25.2685 32.623 2.575
      vertex -23.5635 33.2675 2.575
      vertex -23.7206 33.5614 2.575
    endloop
  endfacet
  facet normal 0 0 1
    outer loop
      vertex -22.8006 32.6414 2.575
      vertex -23.739 31.0935 2.575
      vertex -23.2316 30.8833 2.575
    endloop
  endfacet
  facet normal 0 0 1
    outer loop
      vertex -25.4787 33.1304 2.575
      vertex -23.7206 33.5614 2.575
      vertex -23.8173 33.8803 2.575
    endloop
  endfacet
  facet normal 0 0 1
    outer loop
      vertex -25.6069 33.6645 2.575
      vertex -23.8173 33.8803 2.575
      vertex -23.85 34.212 2.575
    endloop
  endfacet
  facet normal 0 0 1
    outer loop
      vertex -23.5635 35.1565 2.575
      vertex -25.2685 35.801 2.575
      vertex -23.7206 34.8626 2.575
    endloop
  endfacet
  facet normal 0 0 1
    outer loop
      vertex -23.0945 32.7985 2.575
      vertex -24.2072 31.3804 2.575
      vertex -23.739 31.0935 2.575
    endloop
  endfacet
  facet normal -0 0 1
    outer loop
      vertex -25.4787 35.2936 2.575
      vertex -23.7206 34.8626 2.575
      vertex -25.2685 35.801 2.575
    endloop
  endfacet
  facet normal 0 0 1
    outer loop
      vertex -23.3521 33.0099 2.575
      vertex -24.6249 31.7371 2.575
      vertex -24.2072 31.3804 2.575
    endloop
  endfacet
  facet normal 0 0 1
    outer loop
      vertex -23.7206 34.8626 2.575
      vertex -25.4787 35.2936 2.575
      vertex -23.8173 34.5437 2.575
    endloop
  endfacet
  facet normal 0 0 1
    outer loop
      vertex -23.3521 33.0099 2.575
      vertex -24.9816 32.1548 2.575
      vertex -24.6249 31.7371 2.575
    endloop
  endfacet
  facet normal -0 0 1
    outer loop
      vertex -25.6069 34.7595 2.575
      vertex -23.8173 34.5437 2.575
      vertex -25.4787 35.2936 2.575
    endloop
  endfacet
  facet normal 0 0 1
    outer loop
      vertex -23.5635 33.2675 2.575
      vertex -25.2685 32.623 2.575
      vertex -24.9816 32.1548 2.575
    endloop
  endfacet
  facet normal 0 0 1
    outer loop
      vertex -23.8173 34.5437 2.575
      vertex -25.6069 34.7595 2.575
      vertex -23.85 34.212 2.575
    endloop
  endfacet
  facet normal 0 0 1
    outer loop
      vertex -23.7206 33.5614 2.575
      vertex -25.4787 33.1304 2.575
      vertex -25.2685 32.623 2.575
    endloop
  endfacet
  facet normal 0 0 1
    outer loop
      vertex -25.65 34.212 2.575
      vertex -23.85 34.212 2.575
      vertex -25.6069 34.7595 2.575
    endloop
  endfacet
  facet normal 0 0 1
    outer loop
      vertex -23.8173 33.8803 2.575
      vertex -25.6069 33.6645 2.575
      vertex -25.4787 33.1304 2.575
    endloop
  endfacet
  facet normal 0 0 1
    outer loop
      vertex -23.85 34.212 2.575
      vertex -25.65 34.212 2.575
      vertex -25.6069 33.6645 2.575
    endloop
  endfacet
  facet normal -0.972381 -0.2334 -3.03715e-18
    outer loop
      vertex -18.6931 34.7595 2.575
      vertex -18.8213 35.2936 5
      vertex -18.8213 35.2936 2.575
    endloop
  endfacet
  facet normal -0.972381 -0.2334 -3.03715e-18
    outer loop
      vertex -18.8213 35.2936 5
      vertex -18.6931 34.7595 2.575
      vertex -18.6931 34.7595 5
    endloop
  endfacet
  facet normal -0.382727 -0.923861 0
    outer loop
      vertex -21.0684 37.5407 2.575
      vertex -20.561 37.3305 5
      vertex -21.0684 37.5407 5
    endloop
  endfacet
  facet normal -0.382727 -0.923861 -0
    outer loop
      vertex -20.561 37.3305 5
      vertex -21.0684 37.5407 2.575
      vertex -20.561 37.3305 2.575
    endloop
  endfacet
  facet normal -0.2334 -0.972381 0
    outer loop
      vertex -21.6025 37.6689 2.575
      vertex -21.0684 37.5407 5
      vertex -21.6025 37.6689 5
    endloop
  endfacet
  facet normal -0.2334 -0.972381 -0
    outer loop
      vertex -21.0684 37.5407 5
      vertex -21.6025 37.6689 2.575
      vertex -21.0684 37.5407 2.575
    endloop
  endfacet
  facet normal 0.852651 -0.522481 4.99724e-18
    outer loop
      vertex -25.2685 35.801 5
      vertex -24.9816 36.2692 2.575
      vertex -24.9816 36.2692 5
    endloop
  endfacet
  facet normal 0.852651 -0.522481 4.99724e-18
    outer loop
      vertex -24.9816 36.2692 2.575
      vertex -25.2685 35.801 5
      vertex -25.2685 35.801 2.575
    endloop
  endfacet
  facet normal 0.2334 -0.972381 0
    outer loop
      vertex -23.2316 37.5407 2.575
      vertex -22.6975 37.6689 5
      vertex -23.2316 37.5407 5
    endloop
  endfacet
  facet normal 0.2334 -0.972381 0
    outer loop
      vertex -22.6975 37.6689 5
      vertex -23.2316 37.5407 2.575
      vertex -22.6975 37.6689 2.575
    endloop
  endfacet
  facet normal -0.972381 0.2334 3.03715e-18
    outer loop
      vertex -18.8213 33.1304 2.575
      vertex -18.6931 33.6645 5
      vertex -18.6931 33.6645 2.575
    endloop
  endfacet
  facet normal -0.972381 0.2334 3.03715e-18
    outer loop
      vertex -18.6931 33.6645 5
      vertex -18.8213 33.1304 2.575
      vertex -18.8213 33.1304 5
    endloop
  endfacet
  facet normal -0.0784787 0.996916 0
    outer loop
      vertex -21.6025 30.7551 2.575
      vertex -22.15 30.712 5
      vertex -21.6025 30.7551 5
    endloop
  endfacet
  facet normal -0.0784787 0.996916 0
    outer loop
      vertex -22.15 30.712 5
      vertex -21.6025 30.7551 2.575
      vertex -22.15 30.712 2.575
    endloop
  endfacet
  facet normal -0.2334 0.972381 0
    outer loop
      vertex -21.0684 30.8833 2.575
      vertex -21.6025 30.7551 5
      vertex -21.0684 30.8833 5
    endloop
  endfacet
  facet normal -0.2334 0.972381 0
    outer loop
      vertex -21.6025 30.7551 5
      vertex -21.0684 30.8833 2.575
      vertex -21.6025 30.7551 2.575
    endloop
  endfacet
  facet normal -0.649396 0.76045 0
    outer loop
      vertex -19.6751 31.7371 2.575
      vertex -20.0928 31.3804 5
      vertex -19.6751 31.7371 5
    endloop
  endfacet
  facet normal -0.649396 0.76045 0
    outer loop
      vertex -20.0928 31.3804 5
      vertex -19.6751 31.7371 2.575
      vertex -20.0928 31.3804 2.575
    endloop
  endfacet
  facet normal -0.852651 0.522481 4.99724e-18
    outer loop
      vertex -19.3184 32.1548 2.575
      vertex -19.0315 32.623 5
      vertex -19.0315 32.623 2.575
    endloop
  endfacet
  facet normal -0.852651 0.522481 4.99724e-18
    outer loop
      vertex -19.0315 32.623 5
      vertex -19.3184 32.1548 2.575
      vertex -19.3184 32.1548 5
    endloop
  endfacet
  facet normal 0.0784787 0.996916 -0
    outer loop
      vertex -22.15 30.712 2.575
      vertex -22.6975 30.7551 5
      vertex -22.15 30.712 5
    endloop
  endfacet
  facet normal 0.0784787 0.996916 0
    outer loop
      vertex -22.6975 30.7551 5
      vertex -22.15 30.712 2.575
      vertex -22.6975 30.7551 2.575
    endloop
  endfacet
  facet normal 0.522481 0.852651 -0
    outer loop
      vertex -23.739 31.0935 2.575
      vertex -24.2072 31.3804 5
      vertex -23.739 31.0935 5
    endloop
  endfacet
  facet normal 0.522481 0.852651 0
    outer loop
      vertex -24.2072 31.3804 5
      vertex -23.739 31.0935 2.575
      vertex -24.2072 31.3804 2.575
    endloop
  endfacet
  facet normal 0.972381 0.2334 -3.03715e-18
    outer loop
      vertex -25.4787 33.1304 5
      vertex -25.6069 33.6645 2.575
      vertex -25.6069 33.6645 5
    endloop
  endfacet
  facet normal 0.972381 0.2334 -3.03715e-18
    outer loop
      vertex -25.6069 33.6645 2.575
      vertex -25.4787 33.1304 5
      vertex -25.4787 33.1304 2.575
    endloop
  endfacet
  facet normal 0.76045 0.649396 8.71959e-18
    outer loop
      vertex -24.6249 31.7371 5
      vertex -24.9816 32.1548 2.575
      vertex -24.9816 32.1548 5
    endloop
  endfacet
  facet normal 0.76045 0.649396 8.71959e-18
    outer loop
      vertex -24.9816 32.1548 2.575
      vertex -24.6249 31.7371 5
      vertex -24.6249 31.7371 2.575
    endloop
  endfacet
  facet normal 0.923861 0.382727 -2.03514e-20
    outer loop
      vertex -25.2685 32.623 5
      vertex -25.4787 33.1304 2.575
      vertex -25.4787 33.1304 5
    endloop
  endfacet
  facet normal 0.923861 0.382727 -2.03514e-20
    outer loop
      vertex -25.4787 33.1304 2.575
      vertex -25.2685 32.623 5
      vertex -25.2685 32.623 2.575
    endloop
  endfacet
  facet normal -0.996916 0.0784787 -1.06086e-18
    outer loop
      vertex -18.6931 33.6645 2.575
      vertex -18.65 34.212 5
      vertex -18.65 34.212 2.575
    endloop
  endfacet
  facet normal -0.996916 0.0784787 -1.06086e-18
    outer loop
      vertex -18.65 34.212 5
      vertex -18.6931 33.6645 2.575
      vertex -18.6931 33.6645 5
    endloop
  endfacet
  facet normal -0.923861 0.382727 2.03514e-20
    outer loop
      vertex -19.0315 32.623 2.575
      vertex -18.8213 33.1304 5
      vertex -18.8213 33.1304 2.575
    endloop
  endfacet
  facet normal -0.923861 0.382727 2.03514e-20
    outer loop
      vertex -18.8213 33.1304 5
      vertex -19.0315 32.623 2.575
      vertex -19.0315 32.623 5
    endloop
  endfacet
  facet normal 0.852651 0.522481 -4.99724e-18
    outer loop
      vertex -24.9816 32.1548 5
      vertex -25.2685 32.623 2.575
      vertex -25.2685 32.623 5
    endloop
  endfacet
  facet normal 0.852651 0.522481 -4.99724e-18
    outer loop
      vertex -25.2685 32.623 2.575
      vertex -24.9816 32.1548 5
      vertex -24.9816 32.1548 2.575
    endloop
  endfacet
  facet normal -0.995176 -0.0981075 1.24351e-19
    outer loop
      vertex 23.85 -34.212 0
      vertex 23.8173 -33.8803 2.575
      vertex 23.8173 -33.8803 0
    endloop
  endfacet
  facet normal -0.995176 -0.0981075 1.24351e-19
    outer loop
      vertex 23.8173 -33.8803 2.575
      vertex 23.85 -34.212 0
      vertex 23.85 -34.212 2.575
    endloop
  endfacet
  facet normal 0.0981075 -0.995176 0
    outer loop
      vertex 21.8183 -32.5447 0
      vertex 22.15 -32.512 2.575
      vertex 21.8183 -32.5447 2.575
    endloop
  endfacet
  facet normal 0.0981075 -0.995176 0
    outer loop
      vertex 22.15 -32.512 2.575
      vertex 21.8183 -32.5447 0
      vertex 22.15 -32.512 0
    endloop
  endfacet
  facet normal -0.0981075 0.995176 0
    outer loop
      vertex 22.4817 -35.8793 0
      vertex 22.15 -35.912 2.575
      vertex 22.4817 -35.8793 2.575
    endloop
  endfacet
  facet normal -0.0981075 0.995176 0
    outer loop
      vertex 22.15 -35.912 2.575
      vertex 22.4817 -35.8793 0
      vertex 22.15 -35.912 0
    endloop
  endfacet
  facet normal -0.634381 -0.773021 0
    outer loop
      vertex 23.0945 -32.7985 0
      vertex 23.3521 -33.0099 2.575
      vertex 23.0945 -32.7985 2.575
    endloop
  endfacet
  facet normal -0.634381 -0.773021 -0
    outer loop
      vertex 23.3521 -33.0099 2.575
      vertex 23.0945 -32.7985 0
      vertex 23.3521 -33.0099 0
    endloop
  endfacet
  facet normal 0.773021 -0.634381 2.8192e-18
    outer loop
      vertex 20.7365 -33.2675 2.575
      vertex 20.9479 -33.0099 0
      vertex 20.9479 -33.0099 2.575
    endloop
  endfacet
  facet normal 0.773021 -0.634381 2.8192e-18
    outer loop
      vertex 20.9479 -33.0099 0
      vertex 20.7365 -33.2675 2.575
      vertex 20.7365 -33.2675 0
    endloop
  endfacet
  facet normal 0.471413 -0.881912 0
    outer loop
      vertex 21.2055 -32.7985 0
      vertex 21.4994 -32.6414 2.575
      vertex 21.2055 -32.7985 2.575
    endloop
  endfacet
  facet normal 0.471413 -0.881912 0
    outer loop
      vertex 21.4994 -32.6414 2.575
      vertex 21.2055 -32.7985 0
      vertex 21.4994 -32.6414 0
    endloop
  endfacet
  facet normal -0.956971 0.290182 5.40939e-19
    outer loop
      vertex 23.7206 -34.8626 0
      vertex 23.8173 -34.5437 2.575
      vertex 23.8173 -34.5437 0
    endloop
  endfacet
  facet normal -0.956971 0.290182 5.40939e-19
    outer loop
      vertex 23.8173 -34.5437 2.575
      vertex 23.7206 -34.8626 0
      vertex 23.7206 -34.8626 2.575
    endloop
  endfacet
  facet normal -0.881912 -0.471413 2.87041e-18
    outer loop
      vertex 23.7206 -33.5614 0
      vertex 23.5635 -33.2675 2.575
      vertex 23.5635 -33.2675 0
    endloop
  endfacet
  facet normal -0.881912 -0.471413 2.87041e-18
    outer loop
      vertex 23.5635 -33.2675 2.575
      vertex 23.7206 -33.5614 0
      vertex 23.7206 -33.5614 2.575
    endloop
  endfacet
  facet normal -0.956971 -0.290182 -5.40939e-19
    outer loop
      vertex 23.8173 -33.8803 0
      vertex 23.7206 -33.5614 2.575
      vertex 23.7206 -33.5614 0
    endloop
  endfacet
  facet normal -0.956971 -0.290182 -5.40939e-19
    outer loop
      vertex 23.7206 -33.5614 2.575
      vertex 23.8173 -33.8803 0
      vertex 23.8173 -33.8803 2.575
    endloop
  endfacet
  facet normal -0.773021 -0.634381 -2.8192e-18
    outer loop
      vertex 23.5635 -33.2675 0
      vertex 23.3521 -33.0099 2.575
      vertex 23.3521 -33.0099 0
    endloop
  endfacet
  facet normal -0.773021 -0.634381 -2.8192e-18
    outer loop
      vertex 23.3521 -33.0099 2.575
      vertex 23.5635 -33.2675 0
      vertex 23.5635 -33.2675 2.575
    endloop
  endfacet
  facet normal -0.290182 -0.956971 0
    outer loop
      vertex 22.4817 -32.5447 0
      vertex 22.8006 -32.6414 2.575
      vertex 22.4817 -32.5447 2.575
    endloop
  endfacet
  facet normal -0.290182 -0.956971 -0
    outer loop
      vertex 22.8006 -32.6414 2.575
      vertex 22.4817 -32.5447 0
      vertex 22.8006 -32.6414 0
    endloop
  endfacet
  facet normal -0.0981075 -0.995176 0
    outer loop
      vertex 22.15 -32.512 0
      vertex 22.4817 -32.5447 2.575
      vertex 22.15 -32.512 2.575
    endloop
  endfacet
  facet normal -0.0981075 -0.995176 -0
    outer loop
      vertex 22.4817 -32.5447 2.575
      vertex 22.15 -32.512 0
      vertex 22.4817 -32.5447 0
    endloop
  endfacet
  facet normal -0.471413 -0.881912 0
    outer loop
      vertex 22.8006 -32.6414 0
      vertex 23.0945 -32.7985 2.575
      vertex 22.8006 -32.6414 2.575
    endloop
  endfacet
  facet normal -0.471413 -0.881912 -0
    outer loop
      vertex 23.0945 -32.7985 2.575
      vertex 22.8006 -32.6414 0
      vertex 23.0945 -32.7985 0
    endloop
  endfacet
  facet normal 0.956971 -0.290182 5.40939e-19
    outer loop
      vertex 20.4827 -33.8803 2.575
      vertex 20.5794 -33.5614 0
      vertex 20.5794 -33.5614 2.575
    endloop
  endfacet
  facet normal 0.956971 -0.290182 5.40939e-19
    outer loop
      vertex 20.5794 -33.5614 0
      vertex 20.4827 -33.8803 2.575
      vertex 20.4827 -33.8803 0
    endloop
  endfacet
  facet normal 0.881912 -0.471413 -2.87041e-18
    outer loop
      vertex 20.5794 -33.5614 2.575
      vertex 20.7365 -33.2675 0
      vertex 20.7365 -33.2675 2.575
    endloop
  endfacet
  facet normal 0.881912 -0.471413 -2.87041e-18
    outer loop
      vertex 20.7365 -33.2675 0
      vertex 20.5794 -33.5614 2.575
      vertex 20.5794 -33.5614 0
    endloop
  endfacet
  facet normal 0.995176 -0.0981075 -1.24351e-19
    outer loop
      vertex 20.45 -34.212 2.575
      vertex 20.4827 -33.8803 0
      vertex 20.4827 -33.8803 2.575
    endloop
  endfacet
  facet normal 0.995176 -0.0981075 -1.24351e-19
    outer loop
      vertex 20.4827 -33.8803 0
      vertex 20.45 -34.212 2.575
      vertex 20.45 -34.212 0
    endloop
  endfacet
  facet normal 0.634381 -0.773021 0
    outer loop
      vertex 20.9479 -33.0099 0
      vertex 21.2055 -32.7985 2.575
      vertex 20.9479 -33.0099 2.575
    endloop
  endfacet
  facet normal 0.634381 -0.773021 0
    outer loop
      vertex 21.2055 -32.7985 2.575
      vertex 20.9479 -33.0099 0
      vertex 21.2055 -32.7985 0
    endloop
  endfacet
  facet normal 0.290182 -0.956971 0
    outer loop
      vertex 21.4994 -32.6414 0
      vertex 21.8183 -32.5447 2.575
      vertex 21.4994 -32.6414 2.575
    endloop
  endfacet
  facet normal 0.290182 -0.956971 0
    outer loop
      vertex 21.8183 -32.5447 2.575
      vertex 21.4994 -32.6414 0
      vertex 21.8183 -32.5447 0
    endloop
  endfacet
  facet normal -0.995176 0.0981075 -2.46727e-19
    outer loop
      vertex 23.8173 -34.5437 0
      vertex 23.85 -34.212 2.575
      vertex 23.85 -34.212 0
    endloop
  endfacet
  facet normal -0.995176 0.0981075 -2.46727e-19
    outer loop
      vertex 23.85 -34.212 2.575
      vertex 23.8173 -34.5437 0
      vertex 23.8173 -34.5437 2.575
    endloop
  endfacet
  facet normal 0.995176 0.0981075 2.46727e-19
    outer loop
      vertex 20.4827 -34.5437 2.575
      vertex 20.45 -34.212 0
      vertex 20.45 -34.212 2.575
    endloop
  endfacet
  facet normal 0.995176 0.0981075 2.46727e-19
    outer loop
      vertex 20.45 -34.212 0
      vertex 20.4827 -34.5437 2.575
      vertex 20.4827 -34.5437 0
    endloop
  endfacet
  facet normal -0.881912 0.471413 -2.87041e-18
    outer loop
      vertex 23.5635 -35.1565 0
      vertex 23.7206 -34.8626 2.575
      vertex 23.7206 -34.8626 0
    endloop
  endfacet
  facet normal -0.881912 0.471413 -2.87041e-18
    outer loop
      vertex 23.7206 -34.8626 2.575
      vertex 23.5635 -35.1565 0
      vertex 23.5635 -35.1565 2.575
    endloop
  endfacet
  facet normal 0.773021 0.634381 -2.8192e-18
    outer loop
      vertex 20.9479 -35.4141 2.575
      vertex 20.7365 -35.1565 0
      vertex 20.7365 -35.1565 2.575
    endloop
  endfacet
  facet normal 0.773021 0.634381 -2.8192e-18
    outer loop
      vertex 20.7365 -35.1565 0
      vertex 20.9479 -35.4141 2.575
      vertex 20.9479 -35.4141 0
    endloop
  endfacet
  facet normal 0.634381 0.773021 -0
    outer loop
      vertex 21.2055 -35.6255 0
      vertex 20.9479 -35.4141 2.575
      vertex 21.2055 -35.6255 2.575
    endloop
  endfacet
  facet normal 0.634381 0.773021 0
    outer loop
      vertex 20.9479 -35.4141 2.575
      vertex 21.2055 -35.6255 0
      vertex 20.9479 -35.4141 0
    endloop
  endfacet
  facet normal 0.956971 0.290182 -5.40939e-19
    outer loop
      vertex 20.5794 -34.8626 2.575
      vertex 20.4827 -34.5437 0
      vertex 20.4827 -34.5437 2.575
    endloop
  endfacet
  facet normal 0.956971 0.290182 -5.40939e-19
    outer loop
      vertex 20.4827 -34.5437 0
      vertex 20.5794 -34.8626 2.575
      vertex 20.5794 -34.8626 0
    endloop
  endfacet
  facet normal -0.290182 0.956971 0
    outer loop
      vertex 22.8006 -35.7826 0
      vertex 22.4817 -35.8793 2.575
      vertex 22.8006 -35.7826 2.575
    endloop
  endfacet
  facet normal -0.290182 0.956971 0
    outer loop
      vertex 22.4817 -35.8793 2.575
      vertex 22.8006 -35.7826 0
      vertex 22.4817 -35.8793 0
    endloop
  endfacet
  facet normal -0.634381 0.773021 0
    outer loop
      vertex 23.3521 -35.4141 0
      vertex 23.0945 -35.6255 2.575
      vertex 23.3521 -35.4141 2.575
    endloop
  endfacet
  facet normal -0.634381 0.773021 0
    outer loop
      vertex 23.0945 -35.6255 2.575
      vertex 23.3521 -35.4141 0
      vertex 23.0945 -35.6255 0
    endloop
  endfacet
  facet normal 0.881912 0.471413 2.87041e-18
    outer loop
      vertex 20.7365 -35.1565 2.575
      vertex 20.5794 -34.8626 0
      vertex 20.5794 -34.8626 2.575
    endloop
  endfacet
  facet normal 0.881912 0.471413 2.87041e-18
    outer loop
      vertex 20.5794 -34.8626 0
      vertex 20.7365 -35.1565 2.575
      vertex 20.7365 -35.1565 0
    endloop
  endfacet
  facet normal -0.471413 0.881912 0
    outer loop
      vertex 23.0945 -35.6255 0
      vertex 22.8006 -35.7826 2.575
      vertex 23.0945 -35.6255 2.575
    endloop
  endfacet
  facet normal -0.471413 0.881912 0
    outer loop
      vertex 22.8006 -35.7826 2.575
      vertex 23.0945 -35.6255 0
      vertex 22.8006 -35.7826 0
    endloop
  endfacet
  facet normal -0.773021 0.634381 2.8192e-18
    outer loop
      vertex 23.3521 -35.4141 0
      vertex 23.5635 -35.1565 2.575
      vertex 23.5635 -35.1565 0
    endloop
  endfacet
  facet normal -0.773021 0.634381 2.8192e-18
    outer loop
      vertex 23.5635 -35.1565 2.575
      vertex 23.3521 -35.4141 0
      vertex 23.3521 -35.4141 2.575
    endloop
  endfacet
  facet normal 0.290182 0.956971 -0
    outer loop
      vertex 21.8183 -35.8793 0
      vertex 21.4994 -35.7826 2.575
      vertex 21.8183 -35.8793 2.575
    endloop
  endfacet
  facet normal 0.290182 0.956971 0
    outer loop
      vertex 21.4994 -35.7826 2.575
      vertex 21.8183 -35.8793 0
      vertex 21.4994 -35.7826 0
    endloop
  endfacet
  facet normal 0.471413 0.881912 -0
    outer loop
      vertex 21.4994 -35.7826 0
      vertex 21.2055 -35.6255 2.575
      vertex 21.4994 -35.7826 2.575
    endloop
  endfacet
  facet normal 0.471413 0.881912 0
    outer loop
      vertex 21.2055 -35.6255 2.575
      vertex 21.4994 -35.7826 0
      vertex 21.2055 -35.6255 0
    endloop
  endfacet
  facet normal 0.0981075 0.995176 -0
    outer loop
      vertex 22.15 -35.912 0
      vertex 21.8183 -35.8793 2.575
      vertex 22.15 -35.912 2.575
    endloop
  endfacet
  facet normal 0.0981075 0.995176 0
    outer loop
      vertex 21.8183 -35.8793 2.575
      vertex 22.15 -35.912 0
      vertex 21.8183 -35.8793 0
    endloop
  endfacet
  facet normal -0.649396 -0.76045 0
    outer loop
      vertex 24.2072 -31.3804 2.575
      vertex 24.6249 -31.7371 5
      vertex 24.2072 -31.3804 5
    endloop
  endfacet
  facet normal -0.649396 -0.76045 -0
    outer loop
      vertex 24.6249 -31.7371 5
      vertex 24.2072 -31.3804 2.575
      vertex 24.6249 -31.7371 2.575
    endloop
  endfacet
  facet normal 0.382727 -0.923861 0
    outer loop
      vertex 20.561 -31.0935 2.575
      vertex 21.0684 -30.8833 5
      vertex 20.561 -31.0935 5
    endloop
  endfacet
  facet normal 0.382727 -0.923861 0
    outer loop
      vertex 21.0684 -30.8833 5
      vertex 20.561 -31.0935 2.575
      vertex 21.0684 -30.8833 2.575
    endloop
  endfacet
  facet normal 0.923861 -0.382727 2.03514e-20
    outer loop
      vertex 18.8213 -33.1304 5
      vertex 19.0315 -32.623 2.575
      vertex 19.0315 -32.623 5
    endloop
  endfacet
  facet normal 0.923861 -0.382727 2.03514e-20
    outer loop
      vertex 19.0315 -32.623 2.575
      vertex 18.8213 -33.1304 5
      vertex 18.8213 -33.1304 2.575
    endloop
  endfacet
  facet normal -0.923861 -0.382727 -2.03514e-20
    outer loop
      vertex 25.4787 -33.1304 2.575
      vertex 25.2685 -32.623 5
      vertex 25.2685 -32.623 2.575
    endloop
  endfacet
  facet normal -0.923861 -0.382727 -2.03514e-20
    outer loop
      vertex 25.2685 -32.623 5
      vertex 25.4787 -33.1304 2.575
      vertex 25.4787 -33.1304 5
    endloop
  endfacet
  facet normal -0.852651 -0.522481 -4.99724e-18
    outer loop
      vertex 25.2685 -32.623 2.575
      vertex 24.9816 -32.1548 5
      vertex 24.9816 -32.1548 2.575
    endloop
  endfacet
  facet normal -0.852651 -0.522481 -4.99724e-18
    outer loop
      vertex 24.9816 -32.1548 5
      vertex 25.2685 -32.623 2.575
      vertex 25.2685 -32.623 5
    endloop
  endfacet
  facet normal -0.76045 -0.649396 8.71959e-18
    outer loop
      vertex 24.9816 -32.1548 2.575
      vertex 24.6249 -31.7371 5
      vertex 24.6249 -31.7371 2.575
    endloop
  endfacet
  facet normal -0.76045 -0.649396 8.71959e-18
    outer loop
      vertex 24.6249 -31.7371 5
      vertex 24.9816 -32.1548 2.575
      vertex 24.9816 -32.1548 5
    endloop
  endfacet
  facet normal -0.522481 -0.852651 0
    outer loop
      vertex 23.739 -31.0935 2.575
      vertex 24.2072 -31.3804 5
      vertex 23.739 -31.0935 5
    endloop
  endfacet
  facet normal -0.522481 -0.852651 -0
    outer loop
      vertex 24.2072 -31.3804 5
      vertex 23.739 -31.0935 2.575
      vertex 24.2072 -31.3804 2.575
    endloop
  endfacet
  facet normal -0.382727 -0.923861 0
    outer loop
      vertex 23.2316 -30.8833 2.575
      vertex 23.739 -31.0935 5
      vertex 23.2316 -30.8833 5
    endloop
  endfacet
  facet normal -0.382727 -0.923861 -0
    outer loop
      vertex 23.739 -31.0935 5
      vertex 23.2316 -30.8833 2.575
      vertex 23.739 -31.0935 2.575
    endloop
  endfacet
  facet normal -0.2334 -0.972381 0
    outer loop
      vertex 22.6975 -30.7551 2.575
      vertex 23.2316 -30.8833 5
      vertex 22.6975 -30.7551 5
    endloop
  endfacet
  facet normal -0.2334 -0.972381 -0
    outer loop
      vertex 23.2316 -30.8833 5
      vertex 22.6975 -30.7551 2.575
      vertex 23.2316 -30.8833 2.575
    endloop
  endfacet
  facet normal 0.996916 -0.0784787 -1.06086e-18
    outer loop
      vertex 18.65 -34.212 5
      vertex 18.6931 -33.6645 2.575
      vertex 18.6931 -33.6645 5
    endloop
  endfacet
  facet normal 0.996916 -0.0784787 -1.06086e-18
    outer loop
      vertex 18.6931 -33.6645 2.575
      vertex 18.65 -34.212 5
      vertex 18.65 -34.212 2.575
    endloop
  endfacet
  facet normal 0.76045 -0.649396 -8.71959e-18
    outer loop
      vertex 19.3184 -32.1548 5
      vertex 19.6751 -31.7371 2.575
      vertex 19.6751 -31.7371 5
    endloop
  endfacet
  facet normal 0.76045 -0.649396 -8.71959e-18
    outer loop
      vertex 19.6751 -31.7371 2.575
      vertex 19.3184 -32.1548 5
      vertex 19.3184 -32.1548 2.575
    endloop
  endfacet
  facet normal 0.522481 -0.852651 0
    outer loop
      vertex 20.0928 -31.3804 2.575
      vertex 20.561 -31.0935 5
      vertex 20.0928 -31.3804 5
    endloop
  endfacet
  facet normal 0.522481 -0.852651 0
    outer loop
      vertex 20.561 -31.0935 5
      vertex 20.0928 -31.3804 2.575
      vertex 20.561 -31.0935 2.575
    endloop
  endfacet
  facet normal 0.2334 -0.972381 0
    outer loop
      vertex 21.0684 -30.8833 2.575
      vertex 21.6025 -30.7551 5
      vertex 21.0684 -30.8833 5
    endloop
  endfacet
  facet normal 0.2334 -0.972381 0
    outer loop
      vertex 21.6025 -30.7551 5
      vertex 21.0684 -30.8833 2.575
      vertex 21.6025 -30.7551 2.575
    endloop
  endfacet
  facet normal 0.649396 -0.76045 0
    outer loop
      vertex 19.6751 -31.7371 2.575
      vertex 20.0928 -31.3804 5
      vertex 19.6751 -31.7371 5
    endloop
  endfacet
  facet normal 0.649396 -0.76045 0
    outer loop
      vertex 20.0928 -31.3804 5
      vertex 19.6751 -31.7371 2.575
      vertex 20.0928 -31.3804 2.575
    endloop
  endfacet
  facet normal -0.996916 -0.0784787 -6.06752e-19
    outer loop
      vertex 25.65 -34.212 2.575
      vertex 25.6069 -33.6645 5
      vertex 25.6069 -33.6645 2.575
    endloop
  endfacet
  facet normal -0.996916 -0.0784787 -6.06752e-19
    outer loop
      vertex 25.6069 -33.6645 5
      vertex 25.65 -34.212 2.575
      vertex 25.65 -34.212 5
    endloop
  endfacet
  facet normal -0.0784787 0.996916 0
    outer loop
      vertex 22.6975 -37.6689 2.575
      vertex 22.15 -37.712 5
      vertex 22.6975 -37.6689 5
    endloop
  endfacet
  facet normal -0.0784787 0.996916 0
    outer loop
      vertex 22.15 -37.712 5
      vertex 22.6975 -37.6689 2.575
      vertex 22.15 -37.712 2.575
    endloop
  endfacet
  facet normal -0.382727 0.923861 0
    outer loop
      vertex 23.739 -37.3305 2.575
      vertex 23.2316 -37.5407 5
      vertex 23.739 -37.3305 5
    endloop
  endfacet
  facet normal -0.382727 0.923861 0
    outer loop
      vertex 23.2316 -37.5407 5
      vertex 23.739 -37.3305 2.575
      vertex 23.2316 -37.5407 2.575
    endloop
  endfacet
  facet normal -0.522481 0.852651 0
    outer loop
      vertex 24.2072 -37.0436 2.575
      vertex 23.739 -37.3305 5
      vertex 24.2072 -37.0436 5
    endloop
  endfacet
  facet normal -0.522481 0.852651 0
    outer loop
      vertex 23.739 -37.3305 5
      vertex 24.2072 -37.0436 2.575
      vertex 23.739 -37.3305 2.575
    endloop
  endfacet
  facet normal -0.76045 0.649396 -1.57705e-18
    outer loop
      vertex 24.6249 -36.6869 2.575
      vertex 24.9816 -36.2692 5
      vertex 24.9816 -36.2692 2.575
    endloop
  endfacet
  facet normal -0.76045 0.649396 -1.57705e-18
    outer loop
      vertex 24.9816 -36.2692 5
      vertex 24.6249 -36.6869 2.575
      vertex 24.6249 -36.6869 5
    endloop
  endfacet
  facet normal 0.0784787 0.996916 -0
    outer loop
      vertex 22.15 -37.712 2.575
      vertex 21.6025 -37.6689 5
      vertex 22.15 -37.712 5
    endloop
  endfacet
  facet normal 0.0784787 0.996916 0
    outer loop
      vertex 21.6025 -37.6689 5
      vertex 22.15 -37.712 2.575
      vertex 21.6025 -37.6689 2.575
    endloop
  endfacet
  facet normal 0.649396 0.76045 -0
    outer loop
      vertex 20.0928 -37.0436 2.575
      vertex 19.6751 -36.6869 5
      vertex 20.0928 -37.0436 5
    endloop
  endfacet
  facet normal 0.649396 0.76045 0
    outer loop
      vertex 19.6751 -36.6869 5
      vertex 20.0928 -37.0436 2.575
      vertex 19.6751 -36.6869 2.575
    endloop
  endfacet
  facet normal 0.996916 0.0784787 3.61253e-19
    outer loop
      vertex 18.6931 -34.7595 5
      vertex 18.65 -34.212 2.575
      vertex 18.65 -34.212 5
    endloop
  endfacet
  facet normal 0.996916 0.0784787 3.61253e-19
    outer loop
      vertex 18.65 -34.212 2.575
      vertex 18.6931 -34.7595 5
      vertex 18.6931 -34.7595 2.575
    endloop
  endfacet
  facet normal 0 0 1
    outer loop
      vertex 23.85 -34.212 2.575
      vertex 25.65 -34.212 2.575
      vertex 25.6069 -33.6645 2.575
    endloop
  endfacet
  facet normal 0 0 1
    outer loop
      vertex 23.8173 -33.8803 2.575
      vertex 25.6069 -33.6645 2.575
      vertex 25.4787 -33.1304 2.575
    endloop
  endfacet
  facet normal 0 0 1
    outer loop
      vertex 25.65 -34.212 2.575
      vertex 23.85 -34.212 2.575
      vertex 25.6069 -34.7595 2.575
    endloop
  endfacet
  facet normal 0 0 1
    outer loop
      vertex 23.7206 -33.5614 2.575
      vertex 25.4787 -33.1304 2.575
      vertex 25.2685 -32.623 2.575
    endloop
  endfacet
  facet normal -0 0 1
    outer loop
      vertex 23.8173 -34.5437 2.575
      vertex 25.6069 -34.7595 2.575
      vertex 23.85 -34.212 2.575
    endloop
  endfacet
  facet normal 0 0 1
    outer loop
      vertex 23.5635 -33.2675 2.575
      vertex 25.2685 -32.623 2.575
      vertex 24.9816 -32.1548 2.575
    endloop
  endfacet
  facet normal 0 0 1
    outer loop
      vertex 25.6069 -34.7595 2.575
      vertex 23.8173 -34.5437 2.575
      vertex 25.4787 -35.2936 2.575
    endloop
  endfacet
  facet normal 0 0 1
    outer loop
      vertex 23.3521 -33.0099 2.575
      vertex 24.9816 -32.1548 2.575
      vertex 24.6249 -31.7371 2.575
    endloop
  endfacet
  facet normal -0 0 1
    outer loop
      vertex 23.7206 -34.8626 2.575
      vertex 25.4787 -35.2936 2.575
      vertex 23.8173 -34.5437 2.575
    endloop
  endfacet
  facet normal 0 0 1
    outer loop
      vertex 23.3521 -33.0099 2.575
      vertex 24.6249 -31.7371 2.575
      vertex 24.2072 -31.3804 2.575
    endloop
  endfacet
  facet normal 0 0 1
    outer loop
      vertex 25.4787 -35.2936 2.575
      vertex 23.7206 -34.8626 2.575
      vertex 25.2685 -35.801 2.575
    endloop
  endfacet
  facet normal -0 0 1
    outer loop
      vertex 23.5635 -35.1565 2.575
      vertex 25.2685 -35.801 2.575
      vertex 23.7206 -34.8626 2.575
    endloop
  endfacet
  facet normal 0 0 1
    outer loop
      vertex 25.6069 -33.6645 2.575
      vertex 23.8173 -33.8803 2.575
      vertex 23.85 -34.212 2.575
    endloop
  endfacet
  facet normal 0 0 1
    outer loop
      vertex 23.0945 -32.7985 2.575
      vertex 24.2072 -31.3804 2.575
      vertex 23.739 -31.0935 2.575
    endloop
  endfacet
  facet normal 0 0 1
    outer loop
      vertex 25.4787 -33.1304 2.575
      vertex 23.7206 -33.5614 2.575
      vertex 23.8173 -33.8803 2.575
    endloop
  endfacet
  facet normal 0 0 1
    outer loop
      vertex 25.2685 -32.623 2.575
      vertex 23.5635 -33.2675 2.575
      vertex 23.7206 -33.5614 2.575
    endloop
  endfacet
  facet normal 0 0 1
    outer loop
      vertex 24.9816 -32.1548 2.575
      vertex 23.3521 -33.0099 2.575
      vertex 23.5635 -33.2675 2.575
    endloop
  endfacet
  facet normal 0 0 1
    outer loop
      vertex 22.8006 -32.6414 2.575
      vertex 23.739 -31.0935 2.575
      vertex 23.2316 -30.8833 2.575
    endloop
  endfacet
  facet normal 0 0 1
    outer loop
      vertex 24.2072 -31.3804 2.575
      vertex 23.0945 -32.7985 2.575
      vertex 23.3521 -33.0099 2.575
    endloop
  endfacet
  facet normal 0 0 1
    outer loop
      vertex 23.739 -31.0935 2.575
      vertex 22.8006 -32.6414 2.575
      vertex 23.0945 -32.7985 2.575
    endloop
  endfacet
  facet normal 0 0 1
    outer loop
      vertex 22.4817 -32.5447 2.575
      vertex 23.2316 -30.8833 2.575
      vertex 22.6975 -30.7551 2.575
    endloop
  endfacet
  facet normal 0 0 1
    outer loop
      vertex 23.2316 -30.8833 2.575
      vertex 22.4817 -32.5447 2.575
      vertex 22.8006 -32.6414 2.575
    endloop
  endfacet
  facet normal 0 0 1
    outer loop
      vertex 22.15 -32.512 2.575
      vertex 22.6975 -30.7551 2.575
      vertex 22.15 -30.712 2.575
    endloop
  endfacet
  facet normal 0 0 1
    outer loop
      vertex 22.6975 -30.7551 2.575
      vertex 22.15 -32.512 2.575
      vertex 22.4817 -32.5447 2.575
    endloop
  endfacet
  facet normal -0 0 1
    outer loop
      vertex 21.6025 -30.7551 2.575
      vertex 22.15 -32.512 2.575
      vertex 22.15 -30.712 2.575
    endloop
  endfacet
  facet normal 0 0 1
    outer loop
      vertex 22.15 -32.512 2.575
      vertex 21.6025 -30.7551 2.575
      vertex 21.8183 -32.5447 2.575
    endloop
  endfacet
  facet normal -0 0 1
    outer loop
      vertex 21.0684 -30.8833 2.575
      vertex 21.8183 -32.5447 2.575
      vertex 21.6025 -30.7551 2.575
    endloop
  endfacet
  facet normal 0 0 1
    outer loop
      vertex 21.8183 -32.5447 2.575
      vertex 21.0684 -30.8833 2.575
      vertex 21.4994 -32.6414 2.575
    endloop
  endfacet
  facet normal -0 0 1
    outer loop
      vertex 20.561 -31.0935 2.575
      vertex 21.4994 -32.6414 2.575
      vertex 21.0684 -30.8833 2.575
    endloop
  endfacet
  facet normal 0 0 1
    outer loop
      vertex 21.4994 -32.6414 2.575
      vertex 20.561 -31.0935 2.575
      vertex 21.2055 -32.7985 2.575
    endloop
  endfacet
  facet normal -0 0 1
    outer loop
      vertex 20.0928 -31.3804 2.575
      vertex 21.2055 -32.7985 2.575
      vertex 20.561 -31.0935 2.575
    endloop
  endfacet
  facet normal 0 0 1
    outer loop
      vertex 21.2055 -32.7985 2.575
      vertex 20.0928 -31.3804 2.575
      vertex 20.9479 -33.0099 2.575
    endloop
  endfacet
  facet normal -0 0 1
    outer loop
      vertex 19.6751 -31.7371 2.575
      vertex 20.9479 -33.0099 2.575
      vertex 20.0928 -31.3804 2.575
    endloop
  endfacet
  facet normal -0 0 1
    outer loop
      vertex 19.3184 -32.1548 2.575
      vertex 20.9479 -33.0099 2.575
      vertex 19.6751 -31.7371 2.575
    endloop
  endfacet
  facet normal 0 0 1
    outer loop
      vertex 20.9479 -33.0099 2.575
      vertex 19.3184 -32.1548 2.575
      vertex 20.7365 -33.2675 2.575
    endloop
  endfacet
  facet normal -0 0 1
    outer loop
      vertex 19.0315 -32.623 2.575
      vertex 20.7365 -33.2675 2.575
      vertex 19.3184 -32.1548 2.575
    endloop
  endfacet
  facet normal 0 0 1
    outer loop
      vertex 25.2685 -35.801 2.575
      vertex 23.5635 -35.1565 2.575
      vertex 24.9816 -36.2692 2.575
    endloop
  endfacet
  facet normal -0 0 1
    outer loop
      vertex 23.3521 -35.4141 2.575
      vertex 24.9816 -36.2692 2.575
      vertex 23.5635 -35.1565 2.575
    endloop
  endfacet
  facet normal 0 0 1
    outer loop
      vertex 24.9816 -36.2692 2.575
      vertex 23.3521 -35.4141 2.575
      vertex 24.6249 -36.6869 2.575
    endloop
  endfacet
  facet normal 0 0 1
    outer loop
      vertex 24.6249 -36.6869 2.575
      vertex 23.3521 -35.4141 2.575
      vertex 24.2072 -37.0436 2.575
    endloop
  endfacet
  facet normal -0 0 1
    outer loop
      vertex 23.0945 -35.6255 2.575
      vertex 24.2072 -37.0436 2.575
      vertex 23.3521 -35.4141 2.575
    endloop
  endfacet
  facet normal 0 0 1
    outer loop
      vertex 24.2072 -37.0436 2.575
      vertex 23.0945 -35.6255 2.575
      vertex 23.739 -37.3305 2.575
    endloop
  endfacet
  facet normal -0 0 1
    outer loop
      vertex 22.8006 -35.7826 2.575
      vertex 23.739 -37.3305 2.575
      vertex 23.0945 -35.6255 2.575
    endloop
  endfacet
  facet normal 0 0 1
    outer loop
      vertex 23.739 -37.3305 2.575
      vertex 22.8006 -35.7826 2.575
      vertex 23.2316 -37.5407 2.575
    endloop
  endfacet
  facet normal -0 0 1
    outer loop
      vertex 22.4817 -35.8793 2.575
      vertex 23.2316 -37.5407 2.575
      vertex 22.8006 -35.7826 2.575
    endloop
  endfacet
  facet normal 0 0 1
    outer loop
      vertex 23.2316 -37.5407 2.575
      vertex 22.4817 -35.8793 2.575
      vertex 22.6975 -37.6689 2.575
    endloop
  endfacet
  facet normal -0 0 1
    outer loop
      vertex 22.15 -35.912 2.575
      vertex 22.6975 -37.6689 2.575
      vertex 22.4817 -35.8793 2.575
    endloop
  endfacet
  facet normal 0 0 1
    outer loop
      vertex 22.15 -35.912 2.575
      vertex 22.15 -37.712 2.575
      vertex 22.6975 -37.6689 2.575
    endloop
  endfacet
  facet normal 0 0 1
    outer loop
      vertex 21.6025 -37.6689 2.575
      vertex 22.15 -35.912 2.575
      vertex 21.8183 -35.8793 2.575
    endloop
  endfacet
  facet normal 0 0 1
    outer loop
      vertex 22.15 -35.912 2.575
      vertex 21.6025 -37.6689 2.575
      vertex 22.15 -37.712 2.575
    endloop
  endfacet
  facet normal 0 0 1
    outer loop
      vertex 21.0684 -37.5407 2.575
      vertex 21.8183 -35.8793 2.575
      vertex 21.4994 -35.7826 2.575
    endloop
  endfacet
  facet normal 0 0 1
    outer loop
      vertex 20.561 -37.3305 2.575
      vertex 21.4994 -35.7826 2.575
      vertex 21.2055 -35.6255 2.575
    endloop
  endfacet
  facet normal 0 0 1
    outer loop
      vertex 21.8183 -35.8793 2.575
      vertex 21.0684 -37.5407 2.575
      vertex 21.6025 -37.6689 2.575
    endloop
  endfacet
  facet normal 0 0 1
    outer loop
      vertex 20.0928 -37.0436 2.575
      vertex 21.2055 -35.6255 2.575
      vertex 20.9479 -35.4141 2.575
    endloop
  endfacet
  facet normal 0 0 1
    outer loop
      vertex 19.3184 -36.2692 2.575
      vertex 20.9479 -35.4141 2.575
      vertex 20.7365 -35.1565 2.575
    endloop
  endfacet
  facet normal 0 0 1
    outer loop
      vertex 19.0315 -35.801 2.575
      vertex 20.7365 -35.1565 2.575
      vertex 20.5794 -34.8626 2.575
    endloop
  endfacet
  facet normal 0 0 1
    outer loop
      vertex 21.4994 -35.7826 2.575
      vertex 20.561 -37.3305 2.575
      vertex 21.0684 -37.5407 2.575
    endloop
  endfacet
  facet normal 0 0 1
    outer loop
      vertex 18.8213 -35.2936 2.575
      vertex 20.5794 -34.8626 2.575
      vertex 20.4827 -34.5437 2.575
    endloop
  endfacet
  facet normal 0 0 1
    outer loop
      vertex 18.6931 -34.7595 2.575
      vertex 20.4827 -34.5437 2.575
      vertex 20.45 -34.212 2.575
    endloop
  endfacet
  facet normal 0 0 1
    outer loop
      vertex 20.7365 -33.2675 2.575
      vertex 19.0315 -32.623 2.575
      vertex 20.5794 -33.5614 2.575
    endloop
  endfacet
  facet normal 0 0 1
    outer loop
      vertex 21.2055 -35.6255 2.575
      vertex 20.0928 -37.0436 2.575
      vertex 20.561 -37.3305 2.575
    endloop
  endfacet
  facet normal -0 0 1
    outer loop
      vertex 18.8213 -33.1304 2.575
      vertex 20.5794 -33.5614 2.575
      vertex 19.0315 -32.623 2.575
    endloop
  endfacet
  facet normal 0 0 1
    outer loop
      vertex 20.9479 -35.4141 2.575
      vertex 19.6751 -36.6869 2.575
      vertex 20.0928 -37.0436 2.575
    endloop
  endfacet
  facet normal 0 0 1
    outer loop
      vertex 20.5794 -33.5614 2.575
      vertex 18.8213 -33.1304 2.575
      vertex 20.4827 -33.8803 2.575
    endloop
  endfacet
  facet normal 0 0 1
    outer loop
      vertex 20.9479 -35.4141 2.575
      vertex 19.3184 -36.2692 2.575
      vertex 19.6751 -36.6869 2.575
    endloop
  endfacet
  facet normal -0 0 1
    outer loop
      vertex 18.6931 -33.6645 2.575
      vertex 20.4827 -33.8803 2.575
      vertex 18.8213 -33.1304 2.575
    endloop
  endfacet
  facet normal 0 0 1
    outer loop
      vertex 20.7365 -35.1565 2.575
      vertex 19.0315 -35.801 2.575
      vertex 19.3184 -36.2692 2.575
    endloop
  endfacet
  facet normal 0 0 1
    outer loop
      vertex 20.4827 -33.8803 2.575
      vertex 18.6931 -33.6645 2.575
      vertex 20.45 -34.212 2.575
    endloop
  endfacet
  facet normal 0 0 1
    outer loop
      vertex 20.5794 -34.8626 2.575
      vertex 18.8213 -35.2936 2.575
      vertex 19.0315 -35.801 2.575
    endloop
  endfacet
  facet normal 0 0 1
    outer loop
      vertex 18.65 -34.212 2.575
      vertex 20.45 -34.212 2.575
      vertex 18.6931 -33.6645 2.575
    endloop
  endfacet
  facet normal 0 0 1
    outer loop
      vertex 20.4827 -34.5437 2.575
      vertex 18.6931 -34.7595 2.575
      vertex 18.8213 -35.2936 2.575
    endloop
  endfacet
  facet normal 0 0 1
    outer loop
      vertex 20.45 -34.212 2.575
      vertex 18.65 -34.212 2.575
      vertex 18.6931 -34.7595 2.575
    endloop
  endfacet
  facet normal 0.76045 0.649396 1.57705e-18
    outer loop
      vertex 19.6751 -36.6869 5
      vertex 19.3184 -36.2692 2.575
      vertex 19.3184 -36.2692 5
    endloop
  endfacet
  facet normal 0.76045 0.649396 1.57705e-18
    outer loop
      vertex 19.3184 -36.2692 2.575
      vertex 19.6751 -36.6869 5
      vertex 19.6751 -36.6869 2.575
    endloop
  endfacet
  facet normal -0.972381 -0.2334 -3.03715e-18
    outer loop
      vertex 25.6069 -33.6645 2.575
      vertex 25.4787 -33.1304 5
      vertex 25.4787 -33.1304 2.575
    endloop
  endfacet
  facet normal -0.972381 -0.2334 -3.03715e-18
    outer loop
      vertex 25.4787 -33.1304 5
      vertex 25.6069 -33.6645 2.575
      vertex 25.6069 -33.6645 5
    endloop
  endfacet
  facet normal -0.0784787 -0.996916 0
    outer loop
      vertex 22.15 -30.712 2.575
      vertex 22.6975 -30.7551 5
      vertex 22.15 -30.712 5
    endloop
  endfacet
  facet normal -0.0784787 -0.996916 -0
    outer loop
      vertex 22.6975 -30.7551 5
      vertex 22.15 -30.712 2.575
      vertex 22.6975 -30.7551 2.575
    endloop
  endfacet
  facet normal 0.972381 -0.2334 3.03715e-18
    outer loop
      vertex 18.6931 -33.6645 5
      vertex 18.8213 -33.1304 2.575
      vertex 18.8213 -33.1304 5
    endloop
  endfacet
  facet normal 0.972381 -0.2334 3.03715e-18
    outer loop
      vertex 18.8213 -33.1304 2.575
      vertex 18.6931 -33.6645 5
      vertex 18.6931 -33.6645 2.575
    endloop
  endfacet
  facet normal 0.852651 -0.522481 4.99724e-18
    outer loop
      vertex 19.0315 -32.623 5
      vertex 19.3184 -32.1548 2.575
      vertex 19.3184 -32.1548 5
    endloop
  endfacet
  facet normal 0.852651 -0.522481 4.99724e-18
    outer loop
      vertex 19.3184 -32.1548 2.575
      vertex 19.0315 -32.623 5
      vertex 19.0315 -32.623 2.575
    endloop
  endfacet
  facet normal 0.0784787 -0.996916 0
    outer loop
      vertex 21.6025 -30.7551 2.575
      vertex 22.15 -30.712 5
      vertex 21.6025 -30.7551 5
    endloop
  endfacet
  facet normal 0.0784787 -0.996916 0
    outer loop
      vertex 22.15 -30.712 5
      vertex 21.6025 -30.7551 2.575
      vertex 22.15 -30.712 2.575
    endloop
  endfacet
  facet normal -0.972381 0.2334 3.03715e-18
    outer loop
      vertex 25.4787 -35.2936 2.575
      vertex 25.6069 -34.7595 5
      vertex 25.6069 -34.7595 2.575
    endloop
  endfacet
  facet normal -0.972381 0.2334 3.03715e-18
    outer loop
      vertex 25.6069 -34.7595 5
      vertex 25.4787 -35.2936 2.575
      vertex 25.4787 -35.2936 5
    endloop
  endfacet
  facet normal -0.2334 0.972381 0
    outer loop
      vertex 23.2316 -37.5407 2.575
      vertex 22.6975 -37.6689 5
      vertex 23.2316 -37.5407 5
    endloop
  endfacet
  facet normal -0.2334 0.972381 0
    outer loop
      vertex 22.6975 -37.6689 5
      vertex 23.2316 -37.5407 2.575
      vertex 22.6975 -37.6689 2.575
    endloop
  endfacet
  facet normal -0.649396 0.76045 0
    outer loop
      vertex 24.6249 -36.6869 2.575
      vertex 24.2072 -37.0436 5
      vertex 24.6249 -36.6869 5
    endloop
  endfacet
  facet normal -0.649396 0.76045 0
    outer loop
      vertex 24.2072 -37.0436 5
      vertex 24.6249 -36.6869 2.575
      vertex 24.2072 -37.0436 2.575
    endloop
  endfacet
  facet normal -0.852651 0.522481 4.99724e-18
    outer loop
      vertex 24.9816 -36.2692 2.575
      vertex 25.2685 -35.801 5
      vertex 25.2685 -35.801 2.575
    endloop
  endfacet
  facet normal -0.852651 0.522481 4.99724e-18
    outer loop
      vertex 25.2685 -35.801 5
      vertex 24.9816 -36.2692 2.575
      vertex 24.9816 -36.2692 5
    endloop
  endfacet
  facet normal 0.382727 0.923861 -0
    outer loop
      vertex 21.0684 -37.5407 2.575
      vertex 20.561 -37.3305 5
      vertex 21.0684 -37.5407 5
    endloop
  endfacet
  facet normal 0.382727 0.923861 0
    outer loop
      vertex 20.561 -37.3305 5
      vertex 21.0684 -37.5407 2.575
      vertex 20.561 -37.3305 2.575
    endloop
  endfacet
  facet normal 0.522481 0.852651 -0
    outer loop
      vertex 20.561 -37.3305 2.575
      vertex 20.0928 -37.0436 5
      vertex 20.561 -37.3305 5
    endloop
  endfacet
  facet normal 0.522481 0.852651 0
    outer loop
      vertex 20.0928 -37.0436 5
      vertex 20.561 -37.3305 2.575
      vertex 20.0928 -37.0436 2.575
    endloop
  endfacet
  facet normal 0.972381 0.2334 -3.03715e-18
    outer loop
      vertex 18.8213 -35.2936 5
      vertex 18.6931 -34.7595 2.575
      vertex 18.6931 -34.7595 5
    endloop
  endfacet
  facet normal 0.972381 0.2334 -3.03715e-18
    outer loop
      vertex 18.6931 -34.7595 2.575
      vertex 18.8213 -35.2936 5
      vertex 18.8213 -35.2936 2.575
    endloop
  endfacet
  facet normal 0.923861 0.382727 -2.03514e-20
    outer loop
      vertex 19.0315 -35.801 5
      vertex 18.8213 -35.2936 2.575
      vertex 18.8213 -35.2936 5
    endloop
  endfacet
  facet normal 0.923861 0.382727 -2.03514e-20
    outer loop
      vertex 18.8213 -35.2936 2.575
      vertex 19.0315 -35.801 5
      vertex 19.0315 -35.801 2.575
    endloop
  endfacet
  facet normal -0.996916 0.0784787 -1.29873e-18
    outer loop
      vertex 25.6069 -34.7595 2.575
      vertex 25.65 -34.212 5
      vertex 25.65 -34.212 2.575
    endloop
  endfacet
  facet normal -0.996916 0.0784787 -1.29873e-18
    outer loop
      vertex 25.65 -34.212 5
      vertex 25.6069 -34.7595 2.575
      vertex 25.6069 -34.7595 5
    endloop
  endfacet
  facet normal -0.923861 0.382727 2.03514e-20
    outer loop
      vertex 25.2685 -35.801 2.575
      vertex 25.4787 -35.2936 5
      vertex 25.4787 -35.2936 2.575
    endloop
  endfacet
  facet normal -0.923861 0.382727 2.03514e-20
    outer loop
      vertex 25.4787 -35.2936 5
      vertex 25.2685 -35.801 2.575
      vertex 25.2685 -35.801 5
    endloop
  endfacet
  facet normal 0.2334 0.972381 -0
    outer loop
      vertex 21.6025 -37.6689 2.575
      vertex 21.0684 -37.5407 5
      vertex 21.6025 -37.6689 5
    endloop
  endfacet
  facet normal 0.2334 0.972381 0
    outer loop
      vertex 21.0684 -37.5407 5
      vertex 21.6025 -37.6689 2.575
      vertex 21.0684 -37.5407 2.575
    endloop
  endfacet
  facet normal 0.852651 0.522481 -4.99724e-18
    outer loop
      vertex 19.3184 -36.2692 5
      vertex 19.0315 -35.801 2.575
      vertex 19.0315 -35.801 5
    endloop
  endfacet
  facet normal 0.852651 0.522481 -4.99724e-18
    outer loop
      vertex 19.0315 -35.801 2.575
      vertex 19.3184 -36.2692 5
      vertex 19.3184 -36.2692 2.575
    endloop
  endfacet
  facet normal -0.881912 -0.471413 2.87041e-18
    outer loop
      vertex 23.7206 34.8626 0
      vertex 23.5635 35.1565 2.575
      vertex 23.5635 35.1565 0
    endloop
  endfacet
  facet normal -0.881912 -0.471413 2.87041e-18
    outer loop
      vertex 23.5635 35.1565 2.575
      vertex 23.7206 34.8626 0
      vertex 23.7206 34.8626 2.575
    endloop
  endfacet
  facet normal -0.773021 -0.634381 -2.8192e-18
    outer loop
      vertex 23.5635 35.1565 0
      vertex 23.3521 35.4141 2.575
      vertex 23.3521 35.4141 0
    endloop
  endfacet
  facet normal -0.773021 -0.634381 -2.8192e-18
    outer loop
      vertex 23.3521 35.4141 2.575
      vertex 23.5635 35.1565 0
      vertex 23.5635 35.1565 2.575
    endloop
  endfacet
  facet normal -0.290182 -0.956971 0
    outer loop
      vertex 22.4817 35.8793 0
      vertex 22.8006 35.7826 2.575
      vertex 22.4817 35.8793 2.575
    endloop
  endfacet
  facet normal -0.290182 -0.956971 -0
    outer loop
      vertex 22.8006 35.7826 2.575
      vertex 22.4817 35.8793 0
      vertex 22.8006 35.7826 0
    endloop
  endfacet
  facet normal 0.471413 -0.881912 0
    outer loop
      vertex 21.2055 35.6255 0
      vertex 21.4994 35.7826 2.575
      vertex 21.2055 35.6255 2.575
    endloop
  endfacet
  facet normal 0.471413 -0.881912 0
    outer loop
      vertex 21.4994 35.7826 2.575
      vertex 21.2055 35.6255 0
      vertex 21.4994 35.7826 0
    endloop
  endfacet
  facet normal 0.956971 -0.290182 5.40939e-19
    outer loop
      vertex 20.4827 34.5437 2.575
      vertex 20.5794 34.8626 0
      vertex 20.5794 34.8626 2.575
    endloop
  endfacet
  facet normal 0.956971 -0.290182 5.40939e-19
    outer loop
      vertex 20.5794 34.8626 0
      vertex 20.4827 34.5437 2.575
      vertex 20.4827 34.5437 0
    endloop
  endfacet
  facet normal -0.995176 0.0981075 -1.24351e-19
    outer loop
      vertex 23.8173 33.8803 0
      vertex 23.85 34.212 2.575
      vertex 23.85 34.212 0
    endloop
  endfacet
  facet normal -0.995176 0.0981075 -1.24351e-19
    outer loop
      vertex 23.85 34.212 2.575
      vertex 23.8173 33.8803 0
      vertex 23.8173 33.8803 2.575
    endloop
  endfacet
  facet normal -0.290182 0.956971 0
    outer loop
      vertex 22.8006 32.6414 0
      vertex 22.4817 32.5447 2.575
      vertex 22.8006 32.6414 2.575
    endloop
  endfacet
  facet normal -0.290182 0.956971 0
    outer loop
      vertex 22.4817 32.5447 2.575
      vertex 22.8006 32.6414 0
      vertex 22.4817 32.5447 0
    endloop
  endfacet
  facet normal -0.956971 -0.290182 -5.40939e-19
    outer loop
      vertex 23.8173 34.5437 0
      vertex 23.7206 34.8626 2.575
      vertex 23.7206 34.8626 0
    endloop
  endfacet
  facet normal -0.956971 -0.290182 -5.40939e-19
    outer loop
      vertex 23.7206 34.8626 2.575
      vertex 23.8173 34.5437 0
      vertex 23.8173 34.5437 2.575
    endloop
  endfacet
  facet normal -0.634381 -0.773021 0
    outer loop
      vertex 23.0945 35.6255 0
      vertex 23.3521 35.4141 2.575
      vertex 23.0945 35.6255 2.575
    endloop
  endfacet
  facet normal -0.634381 -0.773021 -0
    outer loop
      vertex 23.3521 35.4141 2.575
      vertex 23.0945 35.6255 0
      vertex 23.3521 35.4141 0
    endloop
  endfacet
  facet normal 0.0981075 -0.995176 0
    outer loop
      vertex 21.8183 35.8793 0
      vertex 22.15 35.912 2.575
      vertex 21.8183 35.8793 2.575
    endloop
  endfacet
  facet normal 0.0981075 -0.995176 0
    outer loop
      vertex 22.15 35.912 2.575
      vertex 21.8183 35.8793 0
      vertex 22.15 35.912 0
    endloop
  endfacet
  facet normal -0.471413 -0.881912 0
    outer loop
      vertex 22.8006 35.7826 0
      vertex 23.0945 35.6255 2.575
      vertex 22.8006 35.7826 2.575
    endloop
  endfacet
  facet normal -0.471413 -0.881912 -0
    outer loop
      vertex 23.0945 35.6255 2.575
      vertex 22.8006 35.7826 0
      vertex 23.0945 35.6255 0
    endloop
  endfacet
  facet normal 0.995176 0.0981075 1.24351e-19
    outer loop
      vertex 20.4827 33.8803 2.575
      vertex 20.45 34.212 0
      vertex 20.45 34.212 2.575
    endloop
  endfacet
  facet normal 0.995176 0.0981075 1.24351e-19
    outer loop
      vertex 20.45 34.212 0
      vertex 20.4827 33.8803 2.575
      vertex 20.4827 33.8803 0
    endloop
  endfacet
  facet normal 0.881912 -0.471413 -2.87041e-18
    outer loop
      vertex 20.5794 34.8626 2.575
      vertex 20.7365 35.1565 0
      vertex 20.7365 35.1565 2.575
    endloop
  endfacet
  facet normal 0.881912 -0.471413 -2.87041e-18
    outer loop
      vertex 20.7365 35.1565 0
      vertex 20.5794 34.8626 2.575
      vertex 20.5794 34.8626 0
    endloop
  endfacet
  facet normal 0.634381 -0.773021 0
    outer loop
      vertex 20.9479 35.4141 0
      vertex 21.2055 35.6255 2.575
      vertex 20.9479 35.4141 2.575
    endloop
  endfacet
  facet normal 0.634381 -0.773021 0
    outer loop
      vertex 21.2055 35.6255 2.575
      vertex 20.9479 35.4141 0
      vertex 21.2055 35.6255 0
    endloop
  endfacet
  facet normal 0.290182 -0.956971 0
    outer loop
      vertex 21.4994 35.7826 0
      vertex 21.8183 35.8793 2.575
      vertex 21.4994 35.7826 2.575
    endloop
  endfacet
  facet normal 0.290182 -0.956971 0
    outer loop
      vertex 21.8183 35.8793 2.575
      vertex 21.4994 35.7826 0
      vertex 21.8183 35.8793 0
    endloop
  endfacet
  facet normal 0.773021 -0.634381 2.8192e-18
    outer loop
      vertex 20.7365 35.1565 2.575
      vertex 20.9479 35.4141 0
      vertex 20.9479 35.4141 2.575
    endloop
  endfacet
  facet normal 0.773021 -0.634381 2.8192e-18
    outer loop
      vertex 20.9479 35.4141 0
      vertex 20.7365 35.1565 2.575
      vertex 20.7365 35.1565 0
    endloop
  endfacet
  facet normal -0.995176 -0.0981075 2.46727e-19
    outer loop
      vertex 23.85 34.212 0
      vertex 23.8173 34.5437 2.575
      vertex 23.8173 34.5437 0
    endloop
  endfacet
  facet normal -0.995176 -0.0981075 2.46727e-19
    outer loop
      vertex 23.8173 34.5437 2.575
      vertex 23.85 34.212 0
      vertex 23.85 34.212 2.575
    endloop
  endfacet
  facet normal 0.471413 0.881912 -0
    outer loop
      vertex 21.4994 32.6414 0
      vertex 21.2055 32.7985 2.575
      vertex 21.4994 32.6414 2.575
    endloop
  endfacet
  facet normal 0.471413 0.881912 0
    outer loop
      vertex 21.2055 32.7985 2.575
      vertex 21.4994 32.6414 0
      vertex 21.2055 32.7985 0
    endloop
  endfacet
  facet normal 0.773021 0.634381 -2.8192e-18
    outer loop
      vertex 20.9479 33.0099 2.575
      vertex 20.7365 33.2675 0
      vertex 20.7365 33.2675 2.575
    endloop
  endfacet
  facet normal 0.773021 0.634381 -2.8192e-18
    outer loop
      vertex 20.7365 33.2675 0
      vertex 20.9479 33.0099 2.575
      vertex 20.9479 33.0099 0
    endloop
  endfacet
  facet normal -0.634381 0.773021 0
    outer loop
      vertex 23.3521 33.0099 0
      vertex 23.0945 32.7985 2.575
      vertex 23.3521 33.0099 2.575
    endloop
  endfacet
  facet normal -0.634381 0.773021 0
    outer loop
      vertex 23.0945 32.7985 2.575
      vertex 23.3521 33.0099 0
      vertex 23.0945 32.7985 0
    endloop
  endfacet
  facet normal -0.0981075 -0.995176 0
    outer loop
      vertex 22.15 35.912 0
      vertex 22.4817 35.8793 2.575
      vertex 22.15 35.912 2.575
    endloop
  endfacet
  facet normal -0.0981075 -0.995176 -0
    outer loop
      vertex 22.4817 35.8793 2.575
      vertex 22.15 35.912 0
      vertex 22.4817 35.8793 0
    endloop
  endfacet
  facet normal 0.995176 -0.0981075 -2.46727e-19
    outer loop
      vertex 20.45 34.212 2.575
      vertex 20.4827 34.5437 0
      vertex 20.4827 34.5437 2.575
    endloop
  endfacet
  facet normal 0.995176 -0.0981075 -2.46727e-19
    outer loop
      vertex 20.4827 34.5437 0
      vertex 20.45 34.212 2.575
      vertex 20.45 34.212 0
    endloop
  endfacet
  facet normal -0.881912 0.471413 -2.87041e-18
    outer loop
      vertex 23.5635 33.2675 0
      vertex 23.7206 33.5614 2.575
      vertex 23.7206 33.5614 0
    endloop
  endfacet
  facet normal -0.881912 0.471413 -2.87041e-18
    outer loop
      vertex 23.7206 33.5614 2.575
      vertex 23.5635 33.2675 0
      vertex 23.5635 33.2675 2.575
    endloop
  endfacet
  facet normal -0.0981075 0.995176 0
    outer loop
      vertex 22.4817 32.5447 0
      vertex 22.15 32.512 2.575
      vertex 22.4817 32.5447 2.575
    endloop
  endfacet
  facet normal -0.0981075 0.995176 0
    outer loop
      vertex 22.15 32.512 2.575
      vertex 22.4817 32.5447 0
      vertex 22.15 32.512 0
    endloop
  endfacet
  facet normal 0.956971 0.290182 -5.40939e-19
    outer loop
      vertex 20.5794 33.5614 2.575
      vertex 20.4827 33.8803 0
      vertex 20.4827 33.8803 2.575
    endloop
  endfacet
  facet normal 0.956971 0.290182 -5.40939e-19
    outer loop
      vertex 20.4827 33.8803 0
      vertex 20.5794 33.5614 2.575
      vertex 20.5794 33.5614 0
    endloop
  endfacet
  facet normal 0.634381 0.773021 -0
    outer loop
      vertex 21.2055 32.7985 0
      vertex 20.9479 33.0099 2.575
      vertex 21.2055 32.7985 2.575
    endloop
  endfacet
  facet normal 0.634381 0.773021 0
    outer loop
      vertex 20.9479 33.0099 2.575
      vertex 21.2055 32.7985 0
      vertex 20.9479 33.0099 0
    endloop
  endfacet
  facet normal -0.471413 0.881912 0
    outer loop
      vertex 23.0945 32.7985 0
      vertex 22.8006 32.6414 2.575
      vertex 23.0945 32.7985 2.575
    endloop
  endfacet
  facet normal -0.471413 0.881912 0
    outer loop
      vertex 22.8006 32.6414 2.575
      vertex 23.0945 32.7985 0
      vertex 22.8006 32.6414 0
    endloop
  endfacet
  facet normal -0.956971 0.290182 5.40939e-19
    outer loop
      vertex 23.7206 33.5614 0
      vertex 23.8173 33.8803 2.575
      vertex 23.8173 33.8803 0
    endloop
  endfacet
  facet normal -0.956971 0.290182 5.40939e-19
    outer loop
      vertex 23.8173 33.8803 2.575
      vertex 23.7206 33.5614 0
      vertex 23.7206 33.5614 2.575
    endloop
  endfacet
  facet normal 0.290182 0.956971 -0
    outer loop
      vertex 21.8183 32.5447 0
      vertex 21.4994 32.6414 2.575
      vertex 21.8183 32.5447 2.575
    endloop
  endfacet
  facet normal 0.290182 0.956971 0
    outer loop
      vertex 21.4994 32.6414 2.575
      vertex 21.8183 32.5447 0
      vertex 21.4994 32.6414 0
    endloop
  endfacet
  facet normal 0.881912 0.471413 2.87041e-18
    outer loop
      vertex 20.7365 33.2675 2.575
      vertex 20.5794 33.5614 0
      vertex 20.5794 33.5614 2.575
    endloop
  endfacet
  facet normal 0.881912 0.471413 2.87041e-18
    outer loop
      vertex 20.5794 33.5614 0
      vertex 20.7365 33.2675 2.575
      vertex 20.7365 33.2675 0
    endloop
  endfacet
  facet normal -0.773021 0.634381 2.8192e-18
    outer loop
      vertex 23.3521 33.0099 0
      vertex 23.5635 33.2675 2.575
      vertex 23.5635 33.2675 0
    endloop
  endfacet
  facet normal -0.773021 0.634381 2.8192e-18
    outer loop
      vertex 23.5635 33.2675 2.575
      vertex 23.3521 33.0099 0
      vertex 23.3521 33.0099 2.575
    endloop
  endfacet
  facet normal 0.0981075 0.995176 -0
    outer loop
      vertex 22.15 32.512 0
      vertex 21.8183 32.5447 2.575
      vertex 22.15 32.512 2.575
    endloop
  endfacet
  facet normal 0.0981075 0.995176 0
    outer loop
      vertex 21.8183 32.5447 2.575
      vertex 22.15 32.512 0
      vertex 21.8183 32.5447 0
    endloop
  endfacet
  facet normal -0.649396 -0.76045 0
    outer loop
      vertex 24.2072 37.0436 2.575
      vertex 24.6249 36.6869 5
      vertex 24.2072 37.0436 5
    endloop
  endfacet
  facet normal -0.649396 -0.76045 -0
    outer loop
      vertex 24.6249 36.6869 5
      vertex 24.2072 37.0436 2.575
      vertex 24.6249 36.6869 2.575
    endloop
  endfacet
  facet normal 0.972381 -0.2334 3.03715e-18
    outer loop
      vertex 18.6931 34.7595 5
      vertex 18.8213 35.2936 2.575
      vertex 18.8213 35.2936 5
    endloop
  endfacet
  facet normal 0.972381 -0.2334 3.03715e-18
    outer loop
      vertex 18.8213 35.2936 2.575
      vertex 18.6931 34.7595 5
      vertex 18.6931 34.7595 2.575
    endloop
  endfacet
  facet normal 0.382727 0.923861 -0
    outer loop
      vertex 21.0684 30.8833 2.575
      vertex 20.561 31.0935 5
      vertex 21.0684 30.8833 5
    endloop
  endfacet
  facet normal 0.382727 0.923861 0
    outer loop
      vertex 20.561 31.0935 5
      vertex 21.0684 30.8833 2.575
      vertex 20.561 31.0935 2.575
    endloop
  endfacet
  facet normal 0.382727 -0.923861 0
    outer loop
      vertex 20.561 37.3305 2.575
      vertex 21.0684 37.5407 5
      vertex 20.561 37.3305 5
    endloop
  endfacet
  facet normal 0.382727 -0.923861 0
    outer loop
      vertex 21.0684 37.5407 5
      vertex 20.561 37.3305 2.575
      vertex 21.0684 37.5407 2.575
    endloop
  endfacet
  facet normal 0.923861 -0.382727 2.03514e-20
    outer loop
      vertex 18.8213 35.2936 5
      vertex 19.0315 35.801 2.575
      vertex 19.0315 35.801 5
    endloop
  endfacet
  facet normal 0.923861 -0.382727 2.03514e-20
    outer loop
      vertex 19.0315 35.801 2.575
      vertex 18.8213 35.2936 5
      vertex 18.8213 35.2936 2.575
    endloop
  endfacet
  facet normal -0.972381 -0.2334 -3.03715e-18
    outer loop
      vertex 25.6069 34.7595 2.575
      vertex 25.4787 35.2936 5
      vertex 25.4787 35.2936 2.575
    endloop
  endfacet
  facet normal -0.972381 -0.2334 -3.03715e-18
    outer loop
      vertex 25.4787 35.2936 5
      vertex 25.6069 34.7595 2.575
      vertex 25.6069 34.7595 5
    endloop
  endfacet
  facet normal -0.923861 -0.382727 -2.03514e-20
    outer loop
      vertex 25.4787 35.2936 2.575
      vertex 25.2685 35.801 5
      vertex 25.2685 35.801 2.575
    endloop
  endfacet
  facet normal -0.923861 -0.382727 -2.03514e-20
    outer loop
      vertex 25.2685 35.801 5
      vertex 25.4787 35.2936 2.575
      vertex 25.4787 35.2936 5
    endloop
  endfacet
  facet normal -0.852651 -0.522481 -4.99724e-18
    outer loop
      vertex 25.2685 35.801 2.575
      vertex 24.9816 36.2692 5
      vertex 24.9816 36.2692 2.575
    endloop
  endfacet
  facet normal -0.852651 -0.522481 -4.99724e-18
    outer loop
      vertex 24.9816 36.2692 5
      vertex 25.2685 35.801 2.575
      vertex 25.2685 35.801 5
    endloop
  endfacet
  facet normal -0.76045 -0.649396 1.57705e-18
    outer loop
      vertex 24.9816 36.2692 2.575
      vertex 24.6249 36.6869 5
      vertex 24.6249 36.6869 2.575
    endloop
  endfacet
  facet normal -0.76045 -0.649396 1.57705e-18
    outer loop
      vertex 24.6249 36.6869 5
      vertex 24.9816 36.2692 2.575
      vertex 24.9816 36.2692 5
    endloop
  endfacet
  facet normal -0.522481 -0.852651 0
    outer loop
      vertex 23.739 37.3305 2.575
      vertex 24.2072 37.0436 5
      vertex 23.739 37.3305 5
    endloop
  endfacet
  facet normal -0.522481 -0.852651 -0
    outer loop
      vertex 24.2072 37.0436 5
      vertex 23.739 37.3305 2.575
      vertex 24.2072 37.0436 2.575
    endloop
  endfacet
  facet normal -0.0784787 -0.996916 0
    outer loop
      vertex 22.15 37.712 2.575
      vertex 22.6975 37.6689 5
      vertex 22.15 37.712 5
    endloop
  endfacet
  facet normal -0.0784787 -0.996916 -0
    outer loop
      vertex 22.6975 37.6689 5
      vertex 22.15 37.712 2.575
      vertex 22.6975 37.6689 2.575
    endloop
  endfacet
  facet normal 0.996916 -0.0784787 -3.61253e-19
    outer loop
      vertex 18.65 34.212 5
      vertex 18.6931 34.7595 2.575
      vertex 18.6931 34.7595 5
    endloop
  endfacet
  facet normal 0.996916 -0.0784787 -3.61253e-19
    outer loop
      vertex 18.6931 34.7595 2.575
      vertex 18.65 34.212 5
      vertex 18.65 34.212 2.575
    endloop
  endfacet
  facet normal 0.76045 -0.649396 -1.57705e-18
    outer loop
      vertex 19.3184 36.2692 5
      vertex 19.6751 36.6869 2.575
      vertex 19.6751 36.6869 5
    endloop
  endfacet
  facet normal 0.76045 -0.649396 -1.57705e-18
    outer loop
      vertex 19.6751 36.6869 2.575
      vertex 19.3184 36.2692 5
      vertex 19.3184 36.2692 2.575
    endloop
  endfacet
  facet normal 0.522481 -0.852651 0
    outer loop
      vertex 20.0928 37.0436 2.575
      vertex 20.561 37.3305 5
      vertex 20.0928 37.0436 5
    endloop
  endfacet
  facet normal 0.522481 -0.852651 0
    outer loop
      vertex 20.561 37.3305 5
      vertex 20.0928 37.0436 2.575
      vertex 20.561 37.3305 2.575
    endloop
  endfacet
  facet normal 0.0784787 -0.996916 0
    outer loop
      vertex 21.6025 37.6689 2.575
      vertex 22.15 37.712 5
      vertex 21.6025 37.6689 5
    endloop
  endfacet
  facet normal 0.0784787 -0.996916 0
    outer loop
      vertex 22.15 37.712 5
      vertex 21.6025 37.6689 2.575
      vertex 22.15 37.712 2.575
    endloop
  endfacet
  facet normal 0.649396 -0.76045 0
    outer loop
      vertex 19.6751 36.6869 2.575
      vertex 20.0928 37.0436 5
      vertex 19.6751 36.6869 5
    endloop
  endfacet
  facet normal 0.649396 -0.76045 0
    outer loop
      vertex 20.0928 37.0436 5
      vertex 19.6751 36.6869 2.575
      vertex 20.0928 37.0436 2.575
    endloop
  endfacet
  facet normal -0.996916 -0.0784787 1.29873e-18
    outer loop
      vertex 25.65 34.212 2.575
      vertex 25.6069 34.7595 5
      vertex 25.6069 34.7595 2.575
    endloop
  endfacet
  facet normal -0.996916 -0.0784787 1.29873e-18
    outer loop
      vertex 25.6069 34.7595 5
      vertex 25.65 34.212 2.575
      vertex 25.65 34.212 5
    endloop
  endfacet
  facet normal -0.382727 0.923861 0
    outer loop
      vertex 23.739 31.0935 2.575
      vertex 23.2316 30.8833 5
      vertex 23.739 31.0935 5
    endloop
  endfacet
  facet normal -0.382727 0.923861 0
    outer loop
      vertex 23.2316 30.8833 5
      vertex 23.739 31.0935 2.575
      vertex 23.2316 30.8833 2.575
    endloop
  endfacet
  facet normal -0.522481 0.852651 0
    outer loop
      vertex 24.2072 31.3804 2.575
      vertex 23.739 31.0935 5
      vertex 24.2072 31.3804 5
    endloop
  endfacet
  facet normal -0.522481 0.852651 0
    outer loop
      vertex 23.739 31.0935 5
      vertex 24.2072 31.3804 2.575
      vertex 23.739 31.0935 2.575
    endloop
  endfacet
  facet normal -0.76045 0.649396 -8.71959e-18
    outer loop
      vertex 24.6249 31.7371 2.575
      vertex 24.9816 32.1548 5
      vertex 24.9816 32.1548 2.575
    endloop
  endfacet
  facet normal -0.76045 0.649396 -8.71959e-18
    outer loop
      vertex 24.9816 32.1548 5
      vertex 24.6249 31.7371 2.575
      vertex 24.6249 31.7371 5
    endloop
  endfacet
  facet normal 0.2334 0.972381 -0
    outer loop
      vertex 21.6025 30.7551 2.575
      vertex 21.0684 30.8833 5
      vertex 21.6025 30.7551 5
    endloop
  endfacet
  facet normal 0.2334 0.972381 0
    outer loop
      vertex 21.0684 30.8833 5
      vertex 21.6025 30.7551 2.575
      vertex 21.0684 30.8833 2.575
    endloop
  endfacet
  facet normal 0.649396 0.76045 -0
    outer loop
      vertex 20.0928 31.3804 2.575
      vertex 19.6751 31.7371 5
      vertex 20.0928 31.3804 5
    endloop
  endfacet
  facet normal 0.649396 0.76045 0
    outer loop
      vertex 19.6751 31.7371 5
      vertex 20.0928 31.3804 2.575
      vertex 19.6751 31.7371 2.575
    endloop
  endfacet
  facet normal 0.996916 0.0784787 1.06086e-18
    outer loop
      vertex 18.6931 33.6645 5
      vertex 18.65 34.212 2.575
      vertex 18.65 34.212 5
    endloop
  endfacet
  facet normal 0.996916 0.0784787 1.06086e-18
    outer loop
      vertex 18.65 34.212 2.575
      vertex 18.6931 33.6645 5
      vertex 18.6931 33.6645 2.575
    endloop
  endfacet
  facet normal 0 0 1
    outer loop
      vertex 23.85 34.212 2.575
      vertex 25.65 34.212 2.575
      vertex 25.6069 34.7595 2.575
    endloop
  endfacet
  facet normal 0 0 1
    outer loop
      vertex 23.8173 34.5437 2.575
      vertex 25.6069 34.7595 2.575
      vertex 25.4787 35.2936 2.575
    endloop
  endfacet
  facet normal 0 0 1
    outer loop
      vertex 25.65 34.212 2.575
      vertex 23.85 34.212 2.575
      vertex 25.6069 33.6645 2.575
    endloop
  endfacet
  facet normal 0 0 1
    outer loop
      vertex 23.7206 34.8626 2.575
      vertex 25.4787 35.2936 2.575
      vertex 25.2685 35.801 2.575
    endloop
  endfacet
  facet normal -0 0 1
    outer loop
      vertex 23.8173 33.8803 2.575
      vertex 25.6069 33.6645 2.575
      vertex 23.85 34.212 2.575
    endloop
  endfacet
  facet normal 0 0 1
    outer loop
      vertex 23.5635 35.1565 2.575
      vertex 25.2685 35.801 2.575
      vertex 24.9816 36.2692 2.575
    endloop
  endfacet
  facet normal 0 0 1
    outer loop
      vertex 25.6069 33.6645 2.575
      vertex 23.8173 33.8803 2.575
      vertex 25.4787 33.1304 2.575
    endloop
  endfacet
  facet normal 0 0 1
    outer loop
      vertex 23.3521 35.4141 2.575
      vertex 24.9816 36.2692 2.575
      vertex 24.6249 36.6869 2.575
    endloop
  endfacet
  facet normal -0 0 1
    outer loop
      vertex 23.7206 33.5614 2.575
      vertex 25.4787 33.1304 2.575
      vertex 23.8173 33.8803 2.575
    endloop
  endfacet
  facet normal 0 0 1
    outer loop
      vertex 23.3521 35.4141 2.575
      vertex 24.6249 36.6869 2.575
      vertex 24.2072 37.0436 2.575
    endloop
  endfacet
  facet normal 0 0 1
    outer loop
      vertex 25.4787 33.1304 2.575
      vertex 23.7206 33.5614 2.575
      vertex 25.2685 32.623 2.575
    endloop
  endfacet
  facet normal -0 0 1
    outer loop
      vertex 23.5635 33.2675 2.575
      vertex 25.2685 32.623 2.575
      vertex 23.7206 33.5614 2.575
    endloop
  endfacet
  facet normal 0 0 1
    outer loop
      vertex 25.6069 34.7595 2.575
      vertex 23.8173 34.5437 2.575
      vertex 23.85 34.212 2.575
    endloop
  endfacet
  facet normal 0 0 1
    outer loop
      vertex 23.0945 35.6255 2.575
      vertex 24.2072 37.0436 2.575
      vertex 23.739 37.3305 2.575
    endloop
  endfacet
  facet normal 0 0 1
    outer loop
      vertex 25.4787 35.2936 2.575
      vertex 23.7206 34.8626 2.575
      vertex 23.8173 34.5437 2.575
    endloop
  endfacet
  facet normal 0 0 1
    outer loop
      vertex 25.2685 35.801 2.575
      vertex 23.5635 35.1565 2.575
      vertex 23.7206 34.8626 2.575
    endloop
  endfacet
  facet normal 0 0 1
    outer loop
      vertex 24.9816 36.2692 2.575
      vertex 23.3521 35.4141 2.575
      vertex 23.5635 35.1565 2.575
    endloop
  endfacet
  facet normal 0 0 1
    outer loop
      vertex 22.8006 35.7826 2.575
      vertex 23.739 37.3305 2.575
      vertex 23.2316 37.5407 2.575
    endloop
  endfacet
  facet normal 0 0 1
    outer loop
      vertex 24.2072 37.0436 2.575
      vertex 23.0945 35.6255 2.575
      vertex 23.3521 35.4141 2.575
    endloop
  endfacet
  facet normal 0 0 1
    outer loop
      vertex 23.739 37.3305 2.575
      vertex 22.8006 35.7826 2.575
      vertex 23.0945 35.6255 2.575
    endloop
  endfacet
  facet normal 0 0 1
    outer loop
      vertex 22.4817 35.8793 2.575
      vertex 23.2316 37.5407 2.575
      vertex 22.6975 37.6689 2.575
    endloop
  endfacet
  facet normal 0 0 1
    outer loop
      vertex 23.2316 37.5407 2.575
      vertex 22.4817 35.8793 2.575
      vertex 22.8006 35.7826 2.575
    endloop
  endfacet
  facet normal 0 0 1
    outer loop
      vertex 22.15 35.912 2.575
      vertex 22.6975 37.6689 2.575
      vertex 22.15 37.712 2.575
    endloop
  endfacet
  facet normal 0 0 1
    outer loop
      vertex 22.6975 37.6689 2.575
      vertex 22.15 35.912 2.575
      vertex 22.4817 35.8793 2.575
    endloop
  endfacet
  facet normal -0 0 1
    outer loop
      vertex 21.6025 37.6689 2.575
      vertex 22.15 35.912 2.575
      vertex 22.15 37.712 2.575
    endloop
  endfacet
  facet normal 0 0 1
    outer loop
      vertex 22.15 35.912 2.575
      vertex 21.6025 37.6689 2.575
      vertex 21.8183 35.8793 2.575
    endloop
  endfacet
  facet normal -0 0 1
    outer loop
      vertex 21.0684 37.5407 2.575
      vertex 21.8183 35.8793 2.575
      vertex 21.6025 37.6689 2.575
    endloop
  endfacet
  facet normal 0 0 1
    outer loop
      vertex 21.8183 35.8793 2.575
      vertex 21.0684 37.5407 2.575
      vertex 21.4994 35.7826 2.575
    endloop
  endfacet
  facet normal -0 0 1
    outer loop
      vertex 20.561 37.3305 2.575
      vertex 21.4994 35.7826 2.575
      vertex 21.0684 37.5407 2.575
    endloop
  endfacet
  facet normal 0 0 1
    outer loop
      vertex 21.4994 35.7826 2.575
      vertex 20.561 37.3305 2.575
      vertex 21.2055 35.6255 2.575
    endloop
  endfacet
  facet normal -0 0 1
    outer loop
      vertex 20.0928 37.0436 2.575
      vertex 21.2055 35.6255 2.575
      vertex 20.561 37.3305 2.575
    endloop
  endfacet
  facet normal 0 0 1
    outer loop
      vertex 21.2055 35.6255 2.575
      vertex 20.0928 37.0436 2.575
      vertex 20.9479 35.4141 2.575
    endloop
  endfacet
  facet normal -0 0 1
    outer loop
      vertex 19.6751 36.6869 2.575
      vertex 20.9479 35.4141 2.575
      vertex 20.0928 37.0436 2.575
    endloop
  endfacet
  facet normal -0 0 1
    outer loop
      vertex 19.3184 36.2692 2.575
      vertex 20.9479 35.4141 2.575
      vertex 19.6751 36.6869 2.575
    endloop
  endfacet
  facet normal 0 0 1
    outer loop
      vertex 20.9479 35.4141 2.575
      vertex 19.3184 36.2692 2.575
      vertex 20.7365 35.1565 2.575
    endloop
  endfacet
  facet normal -0 0 1
    outer loop
      vertex 19.0315 35.801 2.575
      vertex 20.7365 35.1565 2.575
      vertex 19.3184 36.2692 2.575
    endloop
  endfacet
  facet normal 0 0 1
    outer loop
      vertex 25.2685 32.623 2.575
      vertex 23.5635 33.2675 2.575
      vertex 24.9816 32.1548 2.575
    endloop
  endfacet
  facet normal -0 0 1
    outer loop
      vertex 23.3521 33.0099 2.575
      vertex 24.9816 32.1548 2.575
      vertex 23.5635 33.2675 2.575
    endloop
  endfacet
  facet normal 0 0 1
    outer loop
      vertex 24.9816 32.1548 2.575
      vertex 23.3521 33.0099 2.575
      vertex 24.6249 31.7371 2.575
    endloop
  endfacet
  facet normal 0 0 1
    outer loop
      vertex 24.6249 31.7371 2.575
      vertex 23.3521 33.0099 2.575
      vertex 24.2072 31.3804 2.575
    endloop
  endfacet
  facet normal -0 0 1
    outer loop
      vertex 23.0945 32.7985 2.575
      vertex 24.2072 31.3804 2.575
      vertex 23.3521 33.0099 2.575
    endloop
  endfacet
  facet normal 0 0 1
    outer loop
      vertex 24.2072 31.3804 2.575
      vertex 23.0945 32.7985 2.575
      vertex 23.739 31.0935 2.575
    endloop
  endfacet
  facet normal -0 0 1
    outer loop
      vertex 22.8006 32.6414 2.575
      vertex 23.739 31.0935 2.575
      vertex 23.0945 32.7985 2.575
    endloop
  endfacet
  facet normal 0 0 1
    outer loop
      vertex 23.739 31.0935 2.575
      vertex 22.8006 32.6414 2.575
      vertex 23.2316 30.8833 2.575
    endloop
  endfacet
  facet normal -0 0 1
    outer loop
      vertex 22.4817 32.5447 2.575
      vertex 23.2316 30.8833 2.575
      vertex 22.8006 32.6414 2.575
    endloop
  endfacet
  facet normal 0 0 1
    outer loop
      vertex 23.2316 30.8833 2.575
      vertex 22.4817 32.5447 2.575
      vertex 22.6975 30.7551 2.575
    endloop
  endfacet
  facet normal -0 0 1
    outer loop
      vertex 22.15 32.512 2.575
      vertex 22.6975 30.7551 2.575
      vertex 22.4817 32.5447 2.575
    endloop
  endfacet
  facet normal 0 0 1
    outer loop
      vertex 22.15 32.512 2.575
      vertex 22.15 30.712 2.575
      vertex 22.6975 30.7551 2.575
    endloop
  endfacet
  facet normal 0 0 1
    outer loop
      vertex 21.6025 30.7551 2.575
      vertex 22.15 32.512 2.575
      vertex 21.8183 32.5447 2.575
    endloop
  endfacet
  facet normal 0 0 1
    outer loop
      vertex 22.15 32.512 2.575
      vertex 21.6025 30.7551 2.575
      vertex 22.15 30.712 2.575
    endloop
  endfacet
  facet normal 0 0 1
    outer loop
      vertex 21.0684 30.8833 2.575
      vertex 21.8183 32.5447 2.575
      vertex 21.4994 32.6414 2.575
    endloop
  endfacet
  facet normal 0 0 1
    outer loop
      vertex 20.561 31.0935 2.575
      vertex 21.4994 32.6414 2.575
      vertex 21.2055 32.7985 2.575
    endloop
  endfacet
  facet normal 0 0 1
    outer loop
      vertex 21.8183 32.5447 2.575
      vertex 21.0684 30.8833 2.575
      vertex 21.6025 30.7551 2.575
    endloop
  endfacet
  facet normal 0 0 1
    outer loop
      vertex 20.0928 31.3804 2.575
      vertex 21.2055 32.7985 2.575
      vertex 20.9479 33.0099 2.575
    endloop
  endfacet
  facet normal 0 0 1
    outer loop
      vertex 19.3184 32.1548 2.575
      vertex 20.9479 33.0099 2.575
      vertex 20.7365 33.2675 2.575
    endloop
  endfacet
  facet normal 0 0 1
    outer loop
      vertex 19.0315 32.623 2.575
      vertex 20.7365 33.2675 2.575
      vertex 20.5794 33.5614 2.575
    endloop
  endfacet
  facet normal 0 0 1
    outer loop
      vertex 21.4994 32.6414 2.575
      vertex 20.561 31.0935 2.575
      vertex 21.0684 30.8833 2.575
    endloop
  endfacet
  facet normal 0 0 1
    outer loop
      vertex 18.8213 33.1304 2.575
      vertex 20.5794 33.5614 2.575
      vertex 20.4827 33.8803 2.575
    endloop
  endfacet
  facet normal 0 0 1
    outer loop
      vertex 18.6931 33.6645 2.575
      vertex 20.4827 33.8803 2.575
      vertex 20.45 34.212 2.575
    endloop
  endfacet
  facet normal 0 0 1
    outer loop
      vertex 20.7365 35.1565 2.575
      vertex 19.0315 35.801 2.575
      vertex 20.5794 34.8626 2.575
    endloop
  endfacet
  facet normal 0 0 1
    outer loop
      vertex 21.2055 32.7985 2.575
      vertex 20.0928 31.3804 2.575
      vertex 20.561 31.0935 2.575
    endloop
  endfacet
  facet normal -0 0 1
    outer loop
      vertex 18.8213 35.2936 2.575
      vertex 20.5794 34.8626 2.575
      vertex 19.0315 35.801 2.575
    endloop
  endfacet
  facet normal 0 0 1
    outer loop
      vertex 20.9479 33.0099 2.575
      vertex 19.6751 31.7371 2.575
      vertex 20.0928 31.3804 2.575
    endloop
  endfacet
  facet normal 0 0 1
    outer loop
      vertex 20.5794 34.8626 2.575
      vertex 18.8213 35.2936 2.575
      vertex 20.4827 34.5437 2.575
    endloop
  endfacet
  facet normal 0 0 1
    outer loop
      vertex 20.9479 33.0099 2.575
      vertex 19.3184 32.1548 2.575
      vertex 19.6751 31.7371 2.575
    endloop
  endfacet
  facet normal -0 0 1
    outer loop
      vertex 18.6931 34.7595 2.575
      vertex 20.4827 34.5437 2.575
      vertex 18.8213 35.2936 2.575
    endloop
  endfacet
  facet normal 0 0 1
    outer loop
      vertex 20.7365 33.2675 2.575
      vertex 19.0315 32.623 2.575
      vertex 19.3184 32.1548 2.575
    endloop
  endfacet
  facet normal 0 0 1
    outer loop
      vertex 20.4827 34.5437 2.575
      vertex 18.6931 34.7595 2.575
      vertex 20.45 34.212 2.575
    endloop
  endfacet
  facet normal 0 0 1
    outer loop
      vertex 20.5794 33.5614 2.575
      vertex 18.8213 33.1304 2.575
      vertex 19.0315 32.623 2.575
    endloop
  endfacet
  facet normal 0 0 1
    outer loop
      vertex 18.65 34.212 2.575
      vertex 20.45 34.212 2.575
      vertex 18.6931 34.7595 2.575
    endloop
  endfacet
  facet normal 0 0 1
    outer loop
      vertex 20.4827 33.8803 2.575
      vertex 18.6931 33.6645 2.575
      vertex 18.8213 33.1304 2.575
    endloop
  endfacet
  facet normal 0 0 1
    outer loop
      vertex 20.45 34.212 2.575
      vertex 18.65 34.212 2.575
      vertex 18.6931 33.6645 2.575
    endloop
  endfacet
  facet normal 0.76045 0.649396 8.71959e-18
    outer loop
      vertex 19.6751 31.7371 5
      vertex 19.3184 32.1548 2.575
      vertex 19.3184 32.1548 5
    endloop
  endfacet
  facet normal 0.76045 0.649396 8.71959e-18
    outer loop
      vertex 19.3184 32.1548 2.575
      vertex 19.6751 31.7371 5
      vertex 19.6751 31.7371 2.575
    endloop
  endfacet
  facet normal -0.382727 -0.923861 0
    outer loop
      vertex 23.2316 37.5407 2.575
      vertex 23.739 37.3305 5
      vertex 23.2316 37.5407 5
    endloop
  endfacet
  facet normal -0.382727 -0.923861 -0
    outer loop
      vertex 23.739 37.3305 5
      vertex 23.2316 37.5407 2.575
      vertex 23.739 37.3305 2.575
    endloop
  endfacet
  facet normal -0.2334 -0.972381 0
    outer loop
      vertex 22.6975 37.6689 2.575
      vertex 23.2316 37.5407 5
      vertex 22.6975 37.6689 5
    endloop
  endfacet
  facet normal -0.2334 -0.972381 -0
    outer loop
      vertex 23.2316 37.5407 5
      vertex 22.6975 37.6689 2.575
      vertex 23.2316 37.5407 2.575
    endloop
  endfacet
  facet normal 0.852651 -0.522481 4.99724e-18
    outer loop
      vertex 19.0315 35.801 5
      vertex 19.3184 36.2692 2.575
      vertex 19.3184 36.2692 5
    endloop
  endfacet
  facet normal 0.852651 -0.522481 4.99724e-18
    outer loop
      vertex 19.3184 36.2692 2.575
      vertex 19.0315 35.801 5
      vertex 19.0315 35.801 2.575
    endloop
  endfacet
  facet normal 0.2334 -0.972381 0
    outer loop
      vertex 21.0684 37.5407 2.575
      vertex 21.6025 37.6689 5
      vertex 21.0684 37.5407 5
    endloop
  endfacet
  facet normal 0.2334 -0.972381 0
    outer loop
      vertex 21.6025 37.6689 5
      vertex 21.0684 37.5407 2.575
      vertex 21.6025 37.6689 2.575
    endloop
  endfacet
  facet normal -0.972381 0.2334 3.03715e-18
    outer loop
      vertex 25.4787 33.1304 2.575
      vertex 25.6069 33.6645 5
      vertex 25.6069 33.6645 2.575
    endloop
  endfacet
  facet normal -0.972381 0.2334 3.03715e-18
    outer loop
      vertex 25.6069 33.6645 5
      vertex 25.4787 33.1304 2.575
      vertex 25.4787 33.1304 5
    endloop
  endfacet
  facet normal -0.0784787 0.996916 0
    outer loop
      vertex 22.6975 30.7551 2.575
      vertex 22.15 30.712 5
      vertex 22.6975 30.7551 5
    endloop
  endfacet
  facet normal -0.0784787 0.996916 0
    outer loop
      vertex 22.15 30.712 5
      vertex 22.6975 30.7551 2.575
      vertex 22.15 30.712 2.575
    endloop
  endfacet
  facet normal -0.2334 0.972381 0
    outer loop
      vertex 23.2316 30.8833 2.575
      vertex 22.6975 30.7551 5
      vertex 23.2316 30.8833 5
    endloop
  endfacet
  facet normal -0.2334 0.972381 0
    outer loop
      vertex 22.6975 30.7551 5
      vertex 23.2316 30.8833 2.575
      vertex 22.6975 30.7551 2.575
    endloop
  endfacet
  facet normal -0.649396 0.76045 0
    outer loop
      vertex 24.6249 31.7371 2.575
      vertex 24.2072 31.3804 5
      vertex 24.6249 31.7371 5
    endloop
  endfacet
  facet normal -0.649396 0.76045 0
    outer loop
      vertex 24.2072 31.3804 5
      vertex 24.6249 31.7371 2.575
      vertex 24.2072 31.3804 2.575
    endloop
  endfacet
  facet normal -0.852651 0.522481 4.99724e-18
    outer loop
      vertex 24.9816 32.1548 2.575
      vertex 25.2685 32.623 5
      vertex 25.2685 32.623 2.575
    endloop
  endfacet
  facet normal -0.852651 0.522481 4.99724e-18
    outer loop
      vertex 25.2685 32.623 5
      vertex 24.9816 32.1548 2.575
      vertex 24.9816 32.1548 5
    endloop
  endfacet
  facet normal 0.0784787 0.996916 -0
    outer loop
      vertex 22.15 30.712 2.575
      vertex 21.6025 30.7551 5
      vertex 22.15 30.712 5
    endloop
  endfacet
  facet normal 0.0784787 0.996916 0
    outer loop
      vertex 21.6025 30.7551 5
      vertex 22.15 30.712 2.575
      vertex 21.6025 30.7551 2.575
    endloop
  endfacet
  facet normal 0.522481 0.852651 -0
    outer loop
      vertex 20.561 31.0935 2.575
      vertex 20.0928 31.3804 5
      vertex 20.561 31.0935 5
    endloop
  endfacet
  facet normal 0.522481 0.852651 0
    outer loop
      vertex 20.0928 31.3804 5
      vertex 20.561 31.0935 2.575
      vertex 20.0928 31.3804 2.575
    endloop
  endfacet
  facet normal 0.972381 0.2334 -3.03715e-18
    outer loop
      vertex 18.8213 33.1304 5
      vertex 18.6931 33.6645 2.575
      vertex 18.6931 33.6645 5
    endloop
  endfacet
  facet normal 0.972381 0.2334 -3.03715e-18
    outer loop
      vertex 18.6931 33.6645 2.575
      vertex 18.8213 33.1304 5
      vertex 18.8213 33.1304 2.575
    endloop
  endfacet
  facet normal 0.923861 0.382727 -2.03514e-20
    outer loop
      vertex 19.0315 32.623 5
      vertex 18.8213 33.1304 2.575
      vertex 18.8213 33.1304 5
    endloop
  endfacet
  facet normal 0.923861 0.382727 -2.03514e-20
    outer loop
      vertex 18.8213 33.1304 2.575
      vertex 19.0315 32.623 5
      vertex 19.0315 32.623 2.575
    endloop
  endfacet
  facet normal -0.996916 0.0784787 6.06752e-19
    outer loop
      vertex 25.6069 33.6645 2.575
      vertex 25.65 34.212 5
      vertex 25.65 34.212 2.575
    endloop
  endfacet
  facet normal -0.996916 0.0784787 6.06752e-19
    outer loop
      vertex 25.65 34.212 5
      vertex 25.6069 33.6645 2.575
      vertex 25.6069 33.6645 5
    endloop
  endfacet
  facet normal -0.923861 0.382727 2.03514e-20
    outer loop
      vertex 25.2685 32.623 2.575
      vertex 25.4787 33.1304 5
      vertex 25.4787 33.1304 2.575
    endloop
  endfacet
  facet normal -0.923861 0.382727 2.03514e-20
    outer loop
      vertex 25.4787 33.1304 5
      vertex 25.2685 32.623 2.575
      vertex 25.2685 32.623 5
    endloop
  endfacet
  facet normal 0.852651 0.522481 -4.99724e-18
    outer loop
      vertex 19.3184 32.1548 5
      vertex 19.0315 32.623 2.575
      vertex 19.0315 32.623 5
    endloop
  endfacet
  facet normal 0.852651 0.522481 -4.99724e-18
    outer loop
      vertex 19.0315 32.623 2.575
      vertex 19.3184 32.1548 5
      vertex 19.3184 32.1548 2.575
    endloop
  endfacet
  facet normal -0.980806 -0.194989 -1.8999e-19
    outer loop
      vertex -30.0478 -39.9884 0
      vertex -30.1243 -39.6036 5
      vertex -30.1243 -39.6036 0
    endloop
  endfacet
  facet normal -0.980806 -0.194989 -1.8999e-19
    outer loop
      vertex -30.1243 -39.6036 5
      vertex -30.0478 -39.9884 0
      vertex -30.0478 -39.9884 5
    endloop
  endfacet
  facet normal -0.946885 -0.321574 7.07938e-20
    outer loop
      vertex -29.9216 -40.36 0
      vertex -30.0478 -39.9884 5
      vertex -30.0478 -39.9884 0
    endloop
  endfacet
  facet normal -0.946885 -0.321574 7.07938e-20
    outer loop
      vertex -30.0478 -39.9884 5
      vertex -29.9216 -40.36 0
      vertex -29.9216 -40.36 5
    endloop
  endfacet
  facet normal 0.997853 0.0654873 4.38148e-19
    outer loop
      vertex 30.15 39.212 5
      vertex 30.1243 39.6036 0
      vertex 30.1243 39.6036 5
    endloop
  endfacet
  facet normal 0.997853 0.0654873 4.38148e-19
    outer loop
      vertex 30.1243 39.6036 0
      vertex 30.15 39.212 5
      vertex 30.15 39.212 0
    endloop
  endfacet
  facet normal 0 -1 0
    outer loop
      vertex -27.15 -42.212 0
      vertex 27.15 -42.212 5
      vertex -27.15 -42.212 5
    endloop
  endfacet
  facet normal 0 -1 -0
    outer loop
      vertex 27.15 -42.212 5
      vertex -27.15 -42.212 0
      vertex 27.15 -42.212 0
    endloop
  endfacet
  facet normal -0 0 1
    outer loop
      vertex -19.6751 31.7371 5
      vertex -16.1439 29.9034 5
      vertex -19.3184 32.1548 5
    endloop
  endfacet
  facet normal 0 0 1
    outer loop
      vertex -16.3849 27.4306 5
      vertex -18.6931 -33.6645 5
      vertex -18.65 -34.212 5
    endloop
  endfacet
  facet normal 0 0 1
    outer loop
      vertex -16.1439 29.9034 5
      vertex -19.6751 31.7371 5
      vertex -16.3879 29.1769 5
    endloop
  endfacet
  facet normal 0 0 1
    outer loop
      vertex -16.3849 27.4306 5
      vertex -18.8213 -33.1304 5
      vertex -18.6931 -33.6645 5
    endloop
  endfacet
  facet normal -0 0 1
    outer loop
      vertex -20.0928 31.3804 5
      vertex -16.3879 29.1769 5
      vertex -19.6751 31.7371 5
    endloop
  endfacet
  facet normal 0 0 1
    outer loop
      vertex -16.3849 27.4306 5
      vertex -19.0315 -32.623 5
      vertex -18.8213 -33.1304 5
    endloop
  endfacet
  facet normal -0 0 1
    outer loop
      vertex -20.561 31.0935 5
      vertex -16.3879 29.1769 5
      vertex -20.0928 31.3804 5
    endloop
  endfacet
  facet normal 0 0 1
    outer loop
      vertex -16.3849 27.4306 5
      vertex -19.3184 -32.1548 5
      vertex -19.0315 -32.623 5
    endloop
  endfacet
  facet normal 0 0 1
    outer loop
      vertex -16.3879 29.1769 5
      vertex -20.561 31.0935 5
      vertex -16.4692 28.3041 5
    endloop
  endfacet
  facet normal 0 0 1
    outer loop
      vertex -16.3849 27.4306 5
      vertex -19.6751 -31.7371 5
      vertex -19.3184 -32.1548 5
    endloop
  endfacet
  facet normal -0 0 1
    outer loop
      vertex -21.0684 30.8833 5
      vertex -16.4692 28.3041 5
      vertex -20.561 31.0935 5
    endloop
  endfacet
  facet normal 0 0 1
    outer loop
      vertex -16.3849 27.4306 5
      vertex -20.0928 -31.3804 5
      vertex -19.6751 -31.7371 5
    endloop
  endfacet
  facet normal 0 0 1
    outer loop
      vertex -16.4692 28.3041 5
      vertex -21.0684 30.8833 5
      vertex -16.3849 27.4306 5
    endloop
  endfacet
  facet normal 0 0 1
    outer loop
      vertex -16.3849 27.4306 5
      vertex -20.561 -31.0935 5
      vertex -20.0928 -31.3804 5
    endloop
  endfacet
  facet normal -0 0 1
    outer loop
      vertex -21.6025 30.7551 5
      vertex -16.3849 27.4306 5
      vertex -21.0684 30.8833 5
    endloop
  endfacet
  facet normal 0 0 1
    outer loop
      vertex -16.3849 27.4306 5
      vertex -21.0684 -30.8833 5
      vertex -20.561 -31.0935 5
    endloop
  endfacet
  facet normal -0 0 1
    outer loop
      vertex -22.15 30.712 5
      vertex -16.3849 27.4306 5
      vertex -21.6025 30.7551 5
    endloop
  endfacet
  facet normal 0 0 1
    outer loop
      vertex -16.3849 27.4306 5
      vertex -21.6025 -30.7551 5
      vertex -21.0684 -30.8833 5
    endloop
  endfacet
  facet normal 0 0 1
    outer loop
      vertex -22.6975 30.7551 5
      vertex -16.3849 27.4306 5
      vertex -22.15 30.712 5
    endloop
  endfacet
  facet normal 0 0 1
    outer loop
      vertex -16.3849 27.4306 5
      vertex -22.15 -30.712 5
      vertex -21.6025 -30.7551 5
    endloop
  endfacet
  facet normal 0 0 1
    outer loop
      vertex -23.2316 30.8833 5
      vertex -16.3849 27.4306 5
      vertex -22.6975 30.7551 5
    endloop
  endfacet
  facet normal 0 0 1
    outer loop
      vertex -16.3849 27.4306 5
      vertex -22.6975 -30.7551 5
      vertex -22.15 -30.712 5
    endloop
  endfacet
  facet normal 0 0 1
    outer loop
      vertex -23.2316 -30.8833 5
      vertex -16.3849 27.4306 5
      vertex -23.2316 30.8833 5
    endloop
  endfacet
  facet normal 0 0 1
    outer loop
      vertex -16.3849 27.4306 5
      vertex -23.2316 -30.8833 5
      vertex -22.6975 -30.7551 5
    endloop
  endfacet
  facet normal 0 0 1
    outer loop
      vertex -23.739 31.0935 5
      vertex -23.2316 -30.8833 5
      vertex -23.2316 30.8833 5
    endloop
  endfacet
  facet normal 0 0 1
    outer loop
      vertex -23.739 31.0935 5
      vertex -23.739 -31.0935 5
      vertex -23.2316 -30.8833 5
    endloop
  endfacet
  facet normal 0 0 1
    outer loop
      vertex -24.2072 31.3804 5
      vertex -23.739 -31.0935 5
      vertex -23.739 31.0935 5
    endloop
  endfacet
  facet normal 0 0 1
    outer loop
      vertex -24.2072 31.3804 5
      vertex -24.2072 -31.3804 5
      vertex -23.739 -31.0935 5
    endloop
  endfacet
  facet normal 0 0 1
    outer loop
      vertex -24.6249 31.7371 5
      vertex -24.2072 -31.3804 5
      vertex -24.2072 31.3804 5
    endloop
  endfacet
  facet normal 0 0 1
    outer loop
      vertex -24.6249 31.7371 5
      vertex -24.6249 -31.7371 5
      vertex -24.2072 -31.3804 5
    endloop
  endfacet
  facet normal 0 0 1
    outer loop
      vertex -24.9816 32.1548 5
      vertex -24.6249 -31.7371 5
      vertex -24.6249 31.7371 5
    endloop
  endfacet
  facet normal 0 0 1
    outer loop
      vertex -24.9816 32.1548 5
      vertex -24.9816 -32.1548 5
      vertex -24.6249 -31.7371 5
    endloop
  endfacet
  facet normal 0 0 1
    outer loop
      vertex -30.15 39.212 5
      vertex -24.9816 32.1548 5
      vertex -25.2685 32.623 5
    endloop
  endfacet
  facet normal 0 0 1
    outer loop
      vertex -24.9816 32.1548 5
      vertex -30.15 39.212 5
      vertex -24.9816 -32.1548 5
    endloop
  endfacet
  facet normal 0 0 1
    outer loop
      vertex -30.15 39.212 5
      vertex -25.2685 32.623 5
      vertex -25.4787 33.1304 5
    endloop
  endfacet
  facet normal 0 0 1
    outer loop
      vertex -30.15 -39.212 5
      vertex -24.9816 -32.1548 5
      vertex -30.15 39.212 5
    endloop
  endfacet
  facet normal 0 0 1
    outer loop
      vertex -30.15 39.212 5
      vertex -25.4787 33.1304 5
      vertex -25.6069 33.6645 5
    endloop
  endfacet
  facet normal 0 0 1
    outer loop
      vertex -24.9816 -32.1548 5
      vertex -30.15 -39.212 5
      vertex -25.2685 -32.623 5
    endloop
  endfacet
  facet normal 0 0 1
    outer loop
      vertex -30.15 39.212 5
      vertex -25.6069 33.6645 5
      vertex -25.65 34.212 5
    endloop
  endfacet
  facet normal 0 0 1
    outer loop
      vertex -25.2685 -32.623 5
      vertex -30.15 -39.212 5
      vertex -25.4787 -33.1304 5
    endloop
  endfacet
  facet normal -0 0 1
    outer loop
      vertex -9.1398 30.226 5
      vertex -6.0648 28.7784 5
      vertex -5.81534 30.226 5
    endloop
  endfacet
  facet normal 0 0 1
    outer loop
      vertex -6.0648 28.7784 5
      vertex -9.1398 30.226 5
      vertex -9.1398 28.7784 5
    endloop
  endfacet
  facet normal 0 0 1
    outer loop
      vertex -1.38251 25.3968 5
      vertex -3.82777 29.0846 5
      vertex -3.8196 28.7948 5
    endloop
  endfacet
  facet normal 0 0 1
    outer loop
      vertex -1.38251 25.3968 5
      vertex -3.85229 29.4309 5
      vertex -3.82777 29.0846 5
    endloop
  endfacet
  facet normal -0 -0 1
    outer loop
      vertex -3.85229 29.4309 5
      vertex -1.38251 25.3968 5
      vertex -3.89316 29.8334 5
    endloop
  endfacet
  facet normal 0 0 1
    outer loop
      vertex 2.40981 30.226 5
      vertex 0.549316 30.226 5
      vertex 2.40981 25.3968 5
    endloop
  endfacet
  facet normal -0 0 1
    outer loop
      vertex 7.21762 30.226 5
      vertex 10.2926 28.7784 5
      vertex 10.5421 30.226 5
    endloop
  endfacet
  facet normal 0 0 1
    outer loop
      vertex 10.2926 28.7784 5
      vertex 7.21762 30.226 5
      vertex 7.21762 28.7784 5
    endloop
  endfacet
  facet normal 0 0 1
    outer loop
      vertex 21.0684 -30.8833 5
      vertex 13.8997 -26.3219 5
      vertex 14 -27.212 5
    endloop
  endfacet
  facet normal 0 0 1
    outer loop
      vertex 15.4247 25.3968 5
      vertex 13.6039 -25.4765 5
      vertex 13.8997 -26.3219 5
    endloop
  endfacet
  facet normal 0 0 1
    outer loop
      vertex 15.4247 25.3968 5
      vertex 13.1273 -24.718 5
      vertex 13.6039 -25.4765 5
    endloop
  endfacet
  facet normal 0 0 1
    outer loop
      vertex 12.6728 25.3968 5
      vertex 14.0876 27.5844 5
      vertex 12.6728 27.5844 5
    endloop
  endfacet
  facet normal 0 0 1
    outer loop
      vertex 10.8901 -23.3123 5
      vertex 15.4247 25.3968 5
      vertex 12.6728 25.3968 5
    endloop
  endfacet
  facet normal 0 0 1
    outer loop
      vertex 15.4247 25.3968 5
      vertex 12.494 -24.0847 5
      vertex 13.1273 -24.718 5
    endloop
  endfacet
  facet normal 0 0 1
    outer loop
      vertex 15.4247 25.3968 5
      vertex 11.7355 -23.6081 5
      vertex 12.494 -24.0847 5
    endloop
  endfacet
  facet normal 0 0 1
    outer loop
      vertex 10 -23.212 5
      vertex 12.6728 25.3968 5
      vertex 11.4665 25.3968 5
    endloop
  endfacet
  facet normal 0 0 1
    outer loop
      vertex 15.4247 25.3968 5
      vertex 10.8901 -23.3123 5
      vertex 11.7355 -23.6081 5
    endloop
  endfacet
  facet normal 0 0 1
    outer loop
      vertex 25.2685 32.623 5
      vertex 30.15 39.212 5
      vertex 25.4787 33.1304 5
    endloop
  endfacet
  facet normal 0 0 1
    outer loop
      vertex 30.15 -39.212 5
      vertex 25.6069 -33.6645 5
      vertex 25.65 -34.212 5
    endloop
  endfacet
  facet normal 0 0 1
    outer loop
      vertex 24.9816 32.1548 5
      vertex 30.15 39.212 5
      vertex 25.2685 32.623 5
    endloop
  endfacet
  facet normal 0 0 1
    outer loop
      vertex 30.15 -39.212 5
      vertex 25.4787 -33.1304 5
      vertex 25.6069 -33.6645 5
    endloop
  endfacet
  facet normal 0 0 1
    outer loop
      vertex 30.15 39.212 5
      vertex 24.9816 32.1548 5
      vertex 30.15 -39.212 5
    endloop
  endfacet
  facet normal 0 0 1
    outer loop
      vertex 30.15 -39.212 5
      vertex 25.2685 -32.623 5
      vertex 25.4787 -33.1304 5
    endloop
  endfacet
  facet normal -0 0 1
    outer loop
      vertex 24.9816 -32.1548 5
      vertex 30.15 -39.212 5
      vertex 24.9816 32.1548 5
    endloop
  endfacet
  facet normal 0 0 1
    outer loop
      vertex 30.15 -39.212 5
      vertex 24.9816 -32.1548 5
      vertex 25.2685 -32.623 5
    endloop
  endfacet
  facet normal -0 0 1
    outer loop
      vertex 24.6249 31.7371 5
      vertex 24.9816 -32.1548 5
      vertex 24.9816 32.1548 5
    endloop
  endfacet
  facet normal 0 0 1
    outer loop
      vertex 24.6249 31.7371 5
      vertex 24.6249 -31.7371 5
      vertex 24.9816 -32.1548 5
    endloop
  endfacet
  facet normal -0 0 1
    outer loop
      vertex 24.2072 31.3804 5
      vertex 24.6249 -31.7371 5
      vertex 24.6249 31.7371 5
    endloop
  endfacet
  facet normal 0 0 1
    outer loop
      vertex 24.2072 31.3804 5
      vertex 24.2072 -31.3804 5
      vertex 24.6249 -31.7371 5
    endloop
  endfacet
  facet normal -0 0 1
    outer loop
      vertex 23.739 31.0935 5
      vertex 24.2072 -31.3804 5
      vertex 24.2072 31.3804 5
    endloop
  endfacet
  facet normal 0 0 1
    outer loop
      vertex 23.739 31.0935 5
      vertex 23.739 -31.0935 5
      vertex 24.2072 -31.3804 5
    endloop
  endfacet
  facet normal 0 0 1
    outer loop
      vertex 16.7823 25.3968 5
      vertex 23.739 31.0935 5
      vertex 23.2316 30.8833 5
    endloop
  endfacet
  facet normal 0 0 1
    outer loop
      vertex 23.739 31.0935 5
      vertex 16.7823 25.3968 5
      vertex 23.739 -31.0935 5
    endloop
  endfacet
  facet normal 0 0 1
    outer loop
      vertex 16.7823 25.3968 5
      vertex 23.2316 30.8833 5
      vertex 22.6975 30.7551 5
    endloop
  endfacet
  facet normal 0 0 1
    outer loop
      vertex 23.739 -31.0935 5
      vertex 16.7823 25.3968 5
      vertex 23.2316 -30.8833 5
    endloop
  endfacet
  facet normal 0 0 1
    outer loop
      vertex 16.7823 25.3968 5
      vertex 22.6975 30.7551 5
      vertex 22.15 30.712 5
    endloop
  endfacet
  facet normal -0 0 1
    outer loop
      vertex 13.8997 -26.3219 5
      vertex 23.2316 -30.8833 5
      vertex 16.7823 25.3968 5
    endloop
  endfacet
  facet normal 0 0 1
    outer loop
      vertex 16.7823 25.3968 5
      vertex 22.15 30.712 5
      vertex 21.6025 30.7551 5
    endloop
  endfacet
  facet normal 0 0 1
    outer loop
      vertex 23.2316 -30.8833 5
      vertex 13.8997 -26.3219 5
      vertex 22.6975 -30.7551 5
    endloop
  endfacet
  facet normal 0 0 1
    outer loop
      vertex 16.7823 25.3968 5
      vertex 21.6025 30.7551 5
      vertex 21.0684 30.8833 5
    endloop
  endfacet
  facet normal 0 0 1
    outer loop
      vertex 13.8997 -26.3219 5
      vertex 22.15 -30.712 5
      vertex 22.6975 -30.7551 5
    endloop
  endfacet
  facet normal 0 0 1
    outer loop
      vertex 16.4579 29.0558 5
      vertex 21.0684 30.8833 5
      vertex 20.561 31.0935 5
    endloop
  endfacet
  facet normal 0 0 1
    outer loop
      vertex 13.8997 -26.3219 5
      vertex 21.6025 -30.7551 5
      vertex 22.15 -30.712 5
    endloop
  endfacet
  facet normal 0 0 1
    outer loop
      vertex 16.4961 29.4409 5
      vertex 20.561 31.0935 5
      vertex 20.0928 31.3804 5
    endloop
  endfacet
  facet normal 0 0 1
    outer loop
      vertex 13.8997 -26.3219 5
      vertex 21.0684 -30.8833 5
      vertex 21.6025 -30.7551 5
    endloop
  endfacet
  facet normal 0 0 1
    outer loop
      vertex 16.4338 29.9513 5
      vertex 20.0928 31.3804 5
      vertex 19.6751 31.7371 5
    endloop
  endfacet
  facet normal 0 0 1
    outer loop
      vertex 21.0684 -30.8833 5
      vertex 14 -27.212 5
      vertex 20.561 -31.0935 5
    endloop
  endfacet
  facet normal 0 0 1
    outer loop
      vertex 16.4338 29.9513 5
      vertex 19.6751 31.7371 5
      vertex 19.3184 32.1548 5
    endloop
  endfacet
  facet normal 0 0 1
    outer loop
      vertex 20.561 -31.0935 5
      vertex 14 -27.212 5
      vertex 20.0928 -31.3804 5
    endloop
  endfacet
  facet normal 0 0 1
    outer loop
      vertex 16.2471 30.3759 5
      vertex 19.3184 32.1548 5
      vertex 19.0315 32.623 5
    endloop
  endfacet
  facet normal -0 0 1
    outer loop
      vertex 13.8997 -28.1021 5
      vertex 20.0928 -31.3804 5
      vertex 14 -27.212 5
    endloop
  endfacet
  facet normal 0 0 1
    outer loop
      vertex 15.9359 30.7146 5
      vertex 19.0315 32.623 5
      vertex 18.8213 33.1304 5
    endloop
  endfacet
  facet normal 0 0 1
    outer loop
      vertex 20.0928 -31.3804 5
      vertex 13.8997 -28.1021 5
      vertex 19.6751 -31.7371 5
    endloop
  endfacet
  facet normal 0 0 1
    outer loop
      vertex 15.5101 30.9611 5
      vertex 18.8213 33.1304 5
      vertex 18.6931 33.6645 5
    endloop
  endfacet
  facet normal -0 0 1
    outer loop
      vertex 13.6039 -28.9475 5
      vertex 19.6751 -31.7371 5
      vertex 13.8997 -28.1021 5
    endloop
  endfacet
  facet normal 0 0 1
    outer loop
      vertex 14.9799 31.109 5
      vertex 18.6931 33.6645 5
      vertex 18.65 34.212 5
    endloop
  endfacet
  facet normal 0 0 1
    outer loop
      vertex 19.6751 -31.7371 5
      vertex 13.6039 -28.9475 5
      vertex 19.3184 -32.1548 5
    endloop
  endfacet
  facet normal 0 0 1
    outer loop
      vertex 27.15 42.212 5
      vertex 30.15 39.212 5
      vertex 30.1243 39.6036 5
    endloop
  endfacet
  facet normal 0 0 1
    outer loop
      vertex 25.6069 33.6645 5
      vertex 30.15 39.212 5
      vertex 25.65 34.212 5
    endloop
  endfacet
  facet normal 0 0 1
    outer loop
      vertex 27.15 42.212 5
      vertex 30.1243 39.6036 5
      vertex 30.0478 39.9884 5
    endloop
  endfacet
  facet normal 0 0 1
    outer loop
      vertex 25.4787 33.1304 5
      vertex 30.15 39.212 5
      vertex 25.6069 33.6645 5
    endloop
  endfacet
  facet normal 0 0 1
    outer loop
      vertex 27.15 42.212 5
      vertex 30.0478 39.9884 5
      vertex 29.9216 40.36 5
    endloop
  endfacet
  facet normal -0 0 1
    outer loop
      vertex 25.6069 -34.7595 5
      vertex 30.15 -39.212 5
      vertex 25.65 -34.212 5
    endloop
  endfacet
  facet normal 0 0 1
    outer loop
      vertex 27.15 42.212 5
      vertex 29.9216 40.36 5
      vertex 29.7481 40.712 5
    endloop
  endfacet
  facet normal -0 0 1
    outer loop
      vertex 25.4787 -35.2936 5
      vertex 30.15 -39.212 5
      vertex 25.6069 -34.7595 5
    endloop
  endfacet
  facet normal 0 0 1
    outer loop
      vertex 27.15 42.212 5
      vertex 29.7481 40.712 5
      vertex 29.5301 41.0383 5
    endloop
  endfacet
  facet normal -0 0 1
    outer loop
      vertex 25.2685 -35.801 5
      vertex 30.15 -39.212 5
      vertex 25.4787 -35.2936 5
    endloop
  endfacet
  facet normal 0 0 1
    outer loop
      vertex 27.15 42.212 5
      vertex 29.5301 41.0383 5
      vertex 29.2713 41.3333 5
    endloop
  endfacet
  facet normal -0 0 1
    outer loop
      vertex 24.9816 -36.2692 5
      vertex 30.15 -39.212 5
      vertex 25.2685 -35.801 5
    endloop
  endfacet
  facet normal 0 0 1
    outer loop
      vertex 27.15 42.212 5
      vertex 29.2713 41.3333 5
      vertex 28.9763 41.5921 5
    endloop
  endfacet
  facet normal -0 0 1
    outer loop
      vertex 24.6249 -36.6869 5
      vertex 30.15 -39.212 5
      vertex 24.9816 -36.2692 5
    endloop
  endfacet
  facet normal 0 0 1
    outer loop
      vertex 27.15 42.212 5
      vertex 28.9763 41.5921 5
      vertex 28.65 41.8101 5
    endloop
  endfacet
  facet normal 0 -0 1
    outer loop
      vertex 27.15 -42.212 5
      vertex 30.15 -39.212 5
      vertex 24.6249 -36.6869 5
    endloop
  endfacet
  facet normal 0 0 1
    outer loop
      vertex 27.15 42.212 5
      vertex 28.65 41.8101 5
      vertex 28.298 41.9836 5
    endloop
  endfacet
  facet normal 0 0 1
    outer loop
      vertex 30.15 -39.212 5
      vertex 27.15 -42.212 5
      vertex 30.1243 -39.6036 5
    endloop
  endfacet
  facet normal 0 0 1
    outer loop
      vertex 27.15 42.212 5
      vertex 28.298 41.9836 5
      vertex 27.9265 42.1098 5
    endloop
  endfacet
  facet normal 0 0 1
    outer loop
      vertex 30.1243 -39.6036 5
      vertex 27.15 -42.212 5
      vertex 30.0478 -39.9884 5
    endloop
  endfacet
  facet normal 0 0 1
    outer loop
      vertex 27.15 42.212 5
      vertex 27.9265 42.1098 5
      vertex 27.5416 42.1863 5
    endloop
  endfacet
  facet normal 0 0 1
    outer loop
      vertex 30.0478 -39.9884 5
      vertex 27.15 -42.212 5
      vertex 29.9216 -40.36 5
    endloop
  endfacet
  facet normal 0 0 1
    outer loop
      vertex 30.15 39.212 5
      vertex 27.15 42.212 5
      vertex 24.6249 36.6869 5
    endloop
  endfacet
  facet normal 0 0 1
    outer loop
      vertex 29.9216 -40.36 5
      vertex 27.15 -42.212 5
      vertex 29.7481 -40.712 5
    endloop
  endfacet
  facet normal 0 0 1
    outer loop
      vertex 29.7481 -40.712 5
      vertex 27.15 -42.212 5
      vertex 29.5301 -41.0383 5
    endloop
  endfacet
  facet normal 0 0 1
    outer loop
      vertex 30.15 39.212 5
      vertex 25.6069 34.7595 5
      vertex 25.65 34.212 5
    endloop
  endfacet
  facet normal 0 0 1
    outer loop
      vertex 30.15 39.212 5
      vertex 25.4787 35.2936 5
      vertex 25.6069 34.7595 5
    endloop
  endfacet
  facet normal 0 0 1
    outer loop
      vertex 30.15 39.212 5
      vertex 25.2685 35.801 5
      vertex 25.4787 35.2936 5
    endloop
  endfacet
  facet normal 0 0 1
    outer loop
      vertex 30.15 39.212 5
      vertex 24.9816 36.2692 5
      vertex 25.2685 35.801 5
    endloop
  endfacet
  facet normal 0 0 1
    outer loop
      vertex 30.15 39.212 5
      vertex 24.6249 36.6869 5
      vertex 24.9816 36.2692 5
    endloop
  endfacet
  facet normal 0 0 1
    outer loop
      vertex 27.15 42.212 5
      vertex 24.2072 37.0436 5
      vertex 24.6249 36.6869 5
    endloop
  endfacet
  facet normal 0 0 1
    outer loop
      vertex 27.15 42.212 5
      vertex 23.739 37.3305 5
      vertex 24.2072 37.0436 5
    endloop
  endfacet
  facet normal 0 0 1
    outer loop
      vertex 27.15 42.212 5
      vertex 23.2316 37.5407 5
      vertex 23.739 37.3305 5
    endloop
  endfacet
  facet normal 0 0 1
    outer loop
      vertex 27.15 42.212 5
      vertex 22.6975 37.6689 5
      vertex 23.2316 37.5407 5
    endloop
  endfacet
  facet normal 0 0 1
    outer loop
      vertex 27.15 42.212 5
      vertex 22.15 37.712 5
      vertex 22.6975 37.6689 5
    endloop
  endfacet
  facet normal 0 0 1
    outer loop
      vertex 27.15 42.212 5
      vertex 21.6025 37.6689 5
      vertex 22.15 37.712 5
    endloop
  endfacet
  facet normal 0 0 1
    outer loop
      vertex 27.15 42.212 5
      vertex 21.0684 37.5407 5
      vertex 21.6025 37.6689 5
    endloop
  endfacet
  facet normal 0 0 1
    outer loop
      vertex 27.15 42.212 5
      vertex 20.561 37.3305 5
      vertex 21.0684 37.5407 5
    endloop
  endfacet
  facet normal 0 0 1
    outer loop
      vertex -20.561 37.3305 5
      vertex 20.561 37.3305 5
      vertex 27.15 42.212 5
    endloop
  endfacet
  facet normal 0 0 1
    outer loop
      vertex 19.3184 -32.1548 5
      vertex 13.6039 -28.9475 5
      vertex 19.0315 -32.623 5
    endloop
  endfacet
  facet normal 0 0 1
    outer loop
      vertex 14.9799 31.109 5
      vertex 18.65 34.212 5
      vertex 18.6931 34.7595 5
    endloop
  endfacet
  facet normal 0 0 1
    outer loop
      vertex 20.561 31.0935 5
      vertex 16.4961 29.4409 5
      vertex 16.4579 29.0558 5
    endloop
  endfacet
  facet normal 0 0 1
    outer loop
      vertex 14.3452 31.1583 5
      vertex 18.6931 34.7595 5
      vertex 18.8213 35.2936 5
    endloop
  endfacet
  facet normal 0 0 1
    outer loop
      vertex 20.0928 31.3804 5
      vertex 16.4338 29.9513 5
      vertex 16.4961 29.4409 5
    endloop
  endfacet
  facet normal 0 0 1
    outer loop
      vertex 11.4665 31.1583 5
      vertex 18.8213 35.2936 5
      vertex 19.0315 35.801 5
    endloop
  endfacet
  facet normal 0 0 1
    outer loop
      vertex 19.3184 32.1548 5
      vertex 16.2471 30.3759 5
      vertex 16.4338 29.9513 5
    endloop
  endfacet
  facet normal 0 0 1
    outer loop
      vertex 19.0315 32.623 5
      vertex 15.9359 30.7146 5
      vertex 16.2471 30.3759 5
    endloop
  endfacet
  facet normal 0 0 1
    outer loop
      vertex 18.8213 33.1304 5
      vertex 15.5101 30.9611 5
      vertex 15.9359 30.7146 5
    endloop
  endfacet
  facet normal 0 0 1
    outer loop
      vertex 10.5421 31.1583 5
      vertex 19.0315 35.801 5
      vertex 19.3184 36.2692 5
    endloop
  endfacet
  facet normal 0 0 1
    outer loop
      vertex 18.6931 33.6645 5
      vertex 14.9799 31.109 5
      vertex 15.5101 30.9611 5
    endloop
  endfacet
  facet normal 0 0 1
    outer loop
      vertex 18.6931 34.7595 5
      vertex 14.3452 31.1583 5
      vertex 14.9799 31.109 5
    endloop
  endfacet
  facet normal 0 0 1
    outer loop
      vertex 6.01132 31.1583 5
      vertex 19.3184 36.2692 5
      vertex 19.6751 36.6869 5
    endloop
  endfacet
  facet normal 0 0 1
    outer loop
      vertex 18.8213 35.2936 5
      vertex 11.4665 31.1583 5
      vertex 14.3452 31.1583 5
    endloop
  endfacet
  facet normal 0 0 1
    outer loop
      vertex 5.48077 31.1583 5
      vertex 19.6751 36.6869 5
      vertex 20.0928 37.0436 5
    endloop
  endfacet
  facet normal 0 0 1
    outer loop
      vertex 20.561 37.3305 5
      vertex -20.561 37.3305 5
      vertex 20.0928 37.0436 5
    endloop
  endfacet
  facet normal -0 0 1
    outer loop
      vertex 10.2926 27.8461 5
      vertex 11.4665 25.3968 5
      vertex 11.4665 31.1583 5
    endloop
  endfacet
  facet normal 0 0 1
    outer loop
      vertex 11.4665 25.3968 5
      vertex 10.7097 26.3291 5
      vertex 10.7097 25.3968 5
    endloop
  endfacet
  facet normal 0 0 1
    outer loop
      vertex 10.5421 30.226 5
      vertex 11.4665 31.1583 5
      vertex 10.5421 31.1583 5
    endloop
  endfacet
  facet normal 0 0 1
    outer loop
      vertex 19.0315 35.801 5
      vertex 10.5421 31.1583 5
      vertex 11.4665 31.1583 5
    endloop
  endfacet
  facet normal 0 0 1
    outer loop
      vertex 19.3184 36.2692 5
      vertex 6.01132 31.1583 5
      vertex 10.5421 31.1583 5
    endloop
  endfacet
  facet normal 0 0 1
    outer loop
      vertex 5.48077 30.226 5
      vertex 6.01132 31.1583 5
      vertex 5.48077 31.1583 5
    endloop
  endfacet
  facet normal 0 0 1
    outer loop
      vertex 19.6751 36.6869 5
      vertex 5.48077 31.1583 5
      vertex 6.01132 31.1583 5
    endloop
  endfacet
  facet normal 0 0 1
    outer loop
      vertex 20.0928 37.0436 5
      vertex 0.549316 31.1583 5
      vertex 5.48077 31.1583 5
    endloop
  endfacet
  facet normal 0 0 1
    outer loop
      vertex 0.549316 31.1583 5
      vertex 0.0323486 31.1583 5
      vertex 0.549316 30.226 5
    endloop
  endfacet
  facet normal 0 0 1
    outer loop
      vertex 20.0928 37.0436 5
      vertex 0.0323486 31.1583 5
      vertex 0.549316 31.1583 5
    endloop
  endfacet
  facet normal 0 0 1
    outer loop
      vertex 20.0928 37.0436 5
      vertex -20.0928 37.0436 5
      vertex 0.0323486 31.1583 5
    endloop
  endfacet
  facet normal 0 0 1
    outer loop
      vertex -1.03899 31.1583 5
      vertex -3.51291 31.1583 5
      vertex -1.03899 27.8093 5
    endloop
  endfacet
  facet normal 0 0 1
    outer loop
      vertex 0.0323486 31.1583 5
      vertex -20.0928 37.0436 5
      vertex -1.03899 31.1583 5
    endloop
  endfacet
  facet normal 0 0 1
    outer loop
      vertex -1.03899 31.1583 5
      vertex -20.0928 37.0436 5
      vertex -3.51291 31.1583 5
    endloop
  endfacet
  facet normal -0 0 1
    outer loop
      vertex -6.0648 27.8461 5
      vertex -4.89095 25.3968 5
      vertex -4.89095 31.1583 5
    endloop
  endfacet
  facet normal 0 0 1
    outer loop
      vertex -5.81534 30.226 5
      vertex -4.89095 31.1583 5
      vertex -5.81534 31.1583 5
    endloop
  endfacet
  facet normal 0 0 1
    outer loop
      vertex -3.51291 31.1583 5
      vertex -20.0928 37.0436 5
      vertex -4.89095 31.1583 5
    endloop
  endfacet
  facet normal -0 -0 1
    outer loop
      vertex -19.6751 36.6869 5
      vertex -4.89095 31.1583 5
      vertex -20.0928 37.0436 5
    endloop
  endfacet
  facet normal -0 0 1
    outer loop
      vertex -10.9939 26.9629 5
      vertex -10.3461 25.3968 5
      vertex -10.3461 31.1583 5
    endloop
  endfacet
  facet normal -0 0 1
    outer loop
      vertex -11.2554 26.4542 5
      vertex -10.3461 25.3968 5
      vertex -10.9939 26.9629 5
    endloop
  endfacet
  facet normal 0 0 1
    outer loop
      vertex -10.3461 31.1583 5
      vertex -11.0675 29.6412 5
      vertex -10.9939 26.9629 5
    endloop
  endfacet
  facet normal 0 0 1
    outer loop
      vertex -10.3461 31.1583 5
      vertex -11.2815 30.1248 5
      vertex -11.0675 29.6412 5
    endloop
  endfacet
  facet normal 0 0 1
    outer loop
      vertex -10.3461 31.1583 5
      vertex -11.58 30.5235 5
      vertex -11.2815 30.1248 5
    endloop
  endfacet
  facet normal 0 0 1
    outer loop
      vertex -10.3461 31.1583 5
      vertex -11.9631 30.8372 5
      vertex -11.58 30.5235 5
    endloop
  endfacet
  facet normal -0 -0 1
    outer loop
      vertex -19.3184 36.2692 5
      vertex -5.81534 31.1583 5
      vertex -19.6751 36.6869 5
    endloop
  endfacet
  facet normal 0 0 1
    outer loop
      vertex -5.81534 31.1583 5
      vertex -19.3184 36.2692 5
      vertex -10.3461 31.1583 5
    endloop
  endfacet
  facet normal 0 0 1
    outer loop
      vertex -10.3461 31.1583 5
      vertex -12.4301 31.0633 5
      vertex -11.9631 30.8372 5
    endloop
  endfacet
  facet normal -0 -0 1
    outer loop
      vertex -19.0315 35.801 5
      vertex -10.3461 31.1583 5
      vertex -19.3184 36.2692 5
    endloop
  endfacet
  facet normal 0 0 1
    outer loop
      vertex -10.3461 31.1583 5
      vertex -12.9808 31.1989 5
      vertex -12.4301 31.0633 5
    endloop
  endfacet
  facet normal -0 0 1
    outer loop
      vertex -19.0315 32.623 5
      vertex -15.7373 30.4836 5
      vertex -18.8213 33.1304 5
    endloop
  endfacet
  facet normal 0 0 1
    outer loop
      vertex -15.1762 30.9061 5
      vertex -18.8213 33.1304 5
      vertex -15.7373 30.4836 5
    endloop
  endfacet
  facet normal -0 0 1
    outer loop
      vertex -18.8213 33.1304 5
      vertex -15.1762 30.9061 5
      vertex -18.6931 33.6645 5
    endloop
  endfacet
  facet normal -0 0 1
    outer loop
      vertex -18.6931 33.6645 5
      vertex -15.1762 30.9061 5
      vertex -18.65 34.212 5
    endloop
  endfacet
  facet normal 0 0 1
    outer loop
      vertex -14.4687 31.1596 5
      vertex -18.65 34.212 5
      vertex -15.1762 30.9061 5
    endloop
  endfacet
  facet normal -0 -0 1
    outer loop
      vertex -18.8213 35.2936 5
      vertex -12.9808 31.1989 5
      vertex -19.0315 35.801 5
    endloop
  endfacet
  facet normal 0 0 1
    outer loop
      vertex -14.4687 31.1596 5
      vertex -18.6931 34.7595 5
      vertex -18.65 34.212 5
    endloop
  endfacet
  facet normal 0 0 1
    outer loop
      vertex -13.615 31.2442 5
      vertex -18.6931 34.7595 5
      vertex -14.4687 31.1596 5
    endloop
  endfacet
  facet normal -0 -0 1
    outer loop
      vertex -18.6931 34.7595 5
      vertex -13.615 31.2442 5
      vertex -18.8213 35.2936 5
    endloop
  endfacet
  facet normal 0 0 1
    outer loop
      vertex -12.9808 31.1989 5
      vertex -18.8213 35.2936 5
      vertex -13.615 31.2442 5
    endloop
  endfacet
  facet normal -0 -0 1
    outer loop
      vertex -12.9808 31.1989 5
      vertex -10.3461 31.1583 5
      vertex -19.0315 35.801 5
    endloop
  endfacet
  facet normal 0 0 1
    outer loop
      vertex -4.89095 31.1583 5
      vertex -19.6751 36.6869 5
      vertex -5.81534 31.1583 5
    endloop
  endfacet
  facet normal 0 0 1
    outer loop
      vertex 20.0928 37.0436 5
      vertex -20.561 37.3305 5
      vertex -20.0928 37.0436 5
    endloop
  endfacet
  facet normal -0 0 1
    outer loop
      vertex -27.15 42.212 5
      vertex -20.561 37.3305 5
      vertex 27.15 42.212 5
    endloop
  endfacet
  facet normal 0 0 1
    outer loop
      vertex -20.561 37.3305 5
      vertex -27.15 42.212 5
      vertex -21.0684 37.5407 5
    endloop
  endfacet
  facet normal 0 0 1
    outer loop
      vertex -21.0684 37.5407 5
      vertex -27.15 42.212 5
      vertex -21.6025 37.6689 5
    endloop
  endfacet
  facet normal 0 0 1
    outer loop
      vertex -21.6025 37.6689 5
      vertex -27.15 42.212 5
      vertex -22.15 37.712 5
    endloop
  endfacet
  facet normal 0 0 1
    outer loop
      vertex -25.6069 34.7595 5
      vertex -30.15 39.212 5
      vertex -25.65 34.212 5
    endloop
  endfacet
  facet normal 0 0 1
    outer loop
      vertex -25.4787 35.2936 5
      vertex -30.15 39.212 5
      vertex -25.6069 34.7595 5
    endloop
  endfacet
  facet normal 0 0 1
    outer loop
      vertex -25.2685 35.801 5
      vertex -30.15 39.212 5
      vertex -25.4787 35.2936 5
    endloop
  endfacet
  facet normal 0 0 1
    outer loop
      vertex -24.9816 36.2692 5
      vertex -30.15 39.212 5
      vertex -25.2685 35.801 5
    endloop
  endfacet
  facet normal 0 0 1
    outer loop
      vertex -24.6249 36.6869 5
      vertex -30.15 39.212 5
      vertex -24.9816 36.2692 5
    endloop
  endfacet
  facet normal -0 0 1
    outer loop
      vertex -30.15 39.212 5
      vertex -24.6249 36.6869 5
      vertex -27.15 42.212 5
    endloop
  endfacet
  facet normal 0 0 1
    outer loop
      vertex -24.2072 37.0436 5
      vertex -27.15 42.212 5
      vertex -24.6249 36.6869 5
    endloop
  endfacet
  facet normal 0 0 1
    outer loop
      vertex -23.739 37.3305 5
      vertex -27.15 42.212 5
      vertex -24.2072 37.0436 5
    endloop
  endfacet
  facet normal 0 0 1
    outer loop
      vertex -23.2316 37.5407 5
      vertex -27.15 42.212 5
      vertex -23.739 37.3305 5
    endloop
  endfacet
  facet normal 0 0 1
    outer loop
      vertex -22.6975 37.6689 5
      vertex -27.15 42.212 5
      vertex -23.2316 37.5407 5
    endloop
  endfacet
  facet normal 0 0 1
    outer loop
      vertex -22.15 37.712 5
      vertex -27.15 42.212 5
      vertex -22.6975 37.6689 5
    endloop
  endfacet
  facet normal 0 0 1
    outer loop
      vertex 29.5301 -41.0383 5
      vertex 27.15 -42.212 5
      vertex 29.2713 -41.3333 5
    endloop
  endfacet
  facet normal 0 0 1
    outer loop
      vertex 29.2713 -41.3333 5
      vertex 27.15 -42.212 5
      vertex 28.9763 -41.5921 5
    endloop
  endfacet
  facet normal 0 0 1
    outer loop
      vertex 28.9763 -41.5921 5
      vertex 27.15 -42.212 5
      vertex 28.65 -41.8101 5
    endloop
  endfacet
  facet normal 0 0 1
    outer loop
      vertex 28.65 -41.8101 5
      vertex 27.15 -42.212 5
      vertex 28.298 -41.9836 5
    endloop
  endfacet
  facet normal 0 0 1
    outer loop
      vertex 28.298 -41.9836 5
      vertex 27.15 -42.212 5
      vertex 27.9265 -42.1098 5
    endloop
  endfacet
  facet normal 0 0 1
    outer loop
      vertex 27.9265 -42.1098 5
      vertex 27.15 -42.212 5
      vertex 27.5416 -42.1863 5
    endloop
  endfacet
  facet normal -0 0 1
    outer loop
      vertex 24.2072 -37.0436 5
      vertex 27.15 -42.212 5
      vertex 24.6249 -36.6869 5
    endloop
  endfacet
  facet normal -0 0 1
    outer loop
      vertex 23.739 -37.3305 5
      vertex 27.15 -42.212 5
      vertex 24.2072 -37.0436 5
    endloop
  endfacet
  facet normal -0 0 1
    outer loop
      vertex 23.2316 -37.5407 5
      vertex 27.15 -42.212 5
      vertex 23.739 -37.3305 5
    endloop
  endfacet
  facet normal -0 0 1
    outer loop
      vertex 22.6975 -37.6689 5
      vertex 27.15 -42.212 5
      vertex 23.2316 -37.5407 5
    endloop
  endfacet
  facet normal -0 0 1
    outer loop
      vertex 22.15 -37.712 5
      vertex 27.15 -42.212 5
      vertex 22.6975 -37.6689 5
    endloop
  endfacet
  facet normal 0 0 1
    outer loop
      vertex 21.6025 -37.6689 5
      vertex 27.15 -42.212 5
      vertex 22.15 -37.712 5
    endloop
  endfacet
  facet normal 0 0 1
    outer loop
      vertex 21.0684 -37.5407 5
      vertex 27.15 -42.212 5
      vertex 21.6025 -37.6689 5
    endloop
  endfacet
  facet normal 0 0 1
    outer loop
      vertex 20.561 -37.3305 5
      vertex 27.15 -42.212 5
      vertex 21.0684 -37.5407 5
    endloop
  endfacet
  facet normal 0 0 1
    outer loop
      vertex -20.561 -37.3305 5
      vertex 20.561 -37.3305 5
      vertex 20.0928 -37.0436 5
    endloop
  endfacet
  facet normal 0 0 1
    outer loop
      vertex 13.8997 -26.3219 5
      vertex 16.7823 25.3968 5
      vertex 15.4247 25.3968 5
    endloop
  endfacet
  facet normal 0 0 1
    outer loop
      vertex 12.6728 25.3968 5
      vertex 15.4247 25.3968 5
      vertex 14.0876 27.5844 5
    endloop
  endfacet
  facet normal -0 0 1
    outer loop
      vertex 13.1273 -29.706 5
      vertex 19.0315 -32.623 5
      vertex 13.6039 -28.9475 5
    endloop
  endfacet
  facet normal 0 0 1
    outer loop
      vertex 19.0315 -32.623 5
      vertex 13.1273 -29.706 5
      vertex 18.8213 -33.1304 5
    endloop
  endfacet
  facet normal -0 0 1
    outer loop
      vertex 12.494 -30.3393 5
      vertex 18.8213 -33.1304 5
      vertex 13.1273 -29.706 5
    endloop
  endfacet
  facet normal 0 0 1
    outer loop
      vertex 18.8213 -33.1304 5
      vertex 12.494 -30.3393 5
      vertex 18.6931 -33.6645 5
    endloop
  endfacet
  facet normal 0 0 1
    outer loop
      vertex 18.6931 -33.6645 5
      vertex 12.494 -30.3393 5
      vertex 18.65 -34.212 5
    endloop
  endfacet
  facet normal -0 0 1
    outer loop
      vertex 11.7355 -30.8159 5
      vertex 18.65 -34.212 5
      vertex 12.494 -30.3393 5
    endloop
  endfacet
  facet normal 0 0 1
    outer loop
      vertex 18.65 -34.212 5
      vertex 11.7355 -30.8159 5
      vertex 18.6931 -34.7595 5
    endloop
  endfacet
  facet normal 0 0 1
    outer loop
      vertex 18.6931 -34.7595 5
      vertex 11.7355 -30.8159 5
      vertex 18.8213 -35.2936 5
    endloop
  endfacet
  facet normal -0 0 1
    outer loop
      vertex 10.8901 -31.1117 5
      vertex 18.8213 -35.2936 5
      vertex 11.7355 -30.8159 5
    endloop
  endfacet
  facet normal 0 0 1
    outer loop
      vertex 18.8213 -35.2936 5
      vertex 10.8901 -31.1117 5
      vertex 19.0315 -35.801 5
    endloop
  endfacet
  facet normal -0 0 1
    outer loop
      vertex 10 -31.212 5
      vertex 19.0315 -35.801 5
      vertex 10.8901 -31.1117 5
    endloop
  endfacet
  facet normal 0 0 1
    outer loop
      vertex 19.0315 -35.801 5
      vertex 10 -31.212 5
      vertex 19.3184 -36.2692 5
    endloop
  endfacet
  facet normal 0 0 1
    outer loop
      vertex 19.3184 -36.2692 5
      vertex 10 -31.212 5
      vertex 19.6751 -36.6869 5
    endloop
  endfacet
  facet normal 0 0 1
    outer loop
      vertex 19.6751 -36.6869 5
      vertex 10 -31.212 5
      vertex 20.0928 -37.0436 5
    endloop
  endfacet
  facet normal 0 0 1
    outer loop
      vertex -20.0928 -37.0436 5
      vertex 20.0928 -37.0436 5
      vertex 10 -31.212 5
    endloop
  endfacet
  facet normal 0 0 1
    outer loop
      vertex -20.0928 -37.0436 5
      vertex 10 -31.212 5
      vertex -10 -31.212 5
    endloop
  endfacet
  facet normal 0 0 1
    outer loop
      vertex -19.0315 -35.801 5
      vertex -10 -31.212 5
      vertex -10.8901 -31.1117 5
    endloop
  endfacet
  facet normal 0 0 1
    outer loop
      vertex -16.1321 26.6966 5
      vertex -13.6039 -25.4765 5
      vertex -15.7107 26.1021 5
    endloop
  endfacet
  facet normal 0 0 1
    outer loop
      vertex -18.65 -34.212 5
      vertex -13.6039 -25.4765 5
      vertex -16.1321 26.6966 5
    endloop
  endfacet
  facet normal 0 0 1
    outer loop
      vertex -13.6039 -25.4765 5
      vertex -18.65 -34.212 5
      vertex -13.8997 -26.3219 5
    endloop
  endfacet
  facet normal 0 0 1
    outer loop
      vertex -18.65 -34.212 5
      vertex -16.1321 26.6966 5
      vertex -16.3849 27.4306 5
    endloop
  endfacet
  facet normal -0 0 1
    outer loop
      vertex -19.3184 32.1548 5
      vertex -15.7373 30.4836 5
      vertex -19.0315 32.623 5
    endloop
  endfacet
  facet normal 0 0 1
    outer loop
      vertex -15.7373 30.4836 5
      vertex -19.3184 32.1548 5
      vertex -16.1439 29.9034 5
    endloop
  endfacet
  facet normal 0 0 1
    outer loop
      vertex -13.8997 -26.3219 5
      vertex -18.65 -34.212 5
      vertex -14 -27.212 5
    endloop
  endfacet
  facet normal 0 0 1
    outer loop
      vertex -18.65 -34.212 5
      vertex -13.8997 -28.1021 5
      vertex -14 -27.212 5
    endloop
  endfacet
  facet normal 0 0 1
    outer loop
      vertex -18.65 -34.212 5
      vertex -13.6039 -28.9475 5
      vertex -13.8997 -28.1021 5
    endloop
  endfacet
  facet normal 0 0 1
    outer loop
      vertex -18.65 -34.212 5
      vertex -13.1273 -29.706 5
      vertex -13.6039 -28.9475 5
    endloop
  endfacet
  facet normal 0 0 1
    outer loop
      vertex -18.65 -34.212 5
      vertex -12.494 -30.3393 5
      vertex -13.1273 -29.706 5
    endloop
  endfacet
  facet normal 0 0 1
    outer loop
      vertex -18.65 -34.212 5
      vertex -11.7355 -30.8159 5
      vertex -12.494 -30.3393 5
    endloop
  endfacet
  facet normal 0 0 1
    outer loop
      vertex -18.6931 -34.7595 5
      vertex -11.7355 -30.8159 5
      vertex -18.65 -34.212 5
    endloop
  endfacet
  facet normal 0 0 1
    outer loop
      vertex -11.7355 -30.8159 5
      vertex -18.6931 -34.7595 5
      vertex -10.8901 -31.1117 5
    endloop
  endfacet
  facet normal 0 0 1
    outer loop
      vertex -18.8213 -35.2936 5
      vertex -10.8901 -31.1117 5
      vertex -18.6931 -34.7595 5
    endloop
  endfacet
  facet normal 0 0 1
    outer loop
      vertex -19.0315 -35.801 5
      vertex -10.8901 -31.1117 5
      vertex -18.8213 -35.2936 5
    endloop
  endfacet
  facet normal 0 0 1
    outer loop
      vertex -10 -31.212 5
      vertex -19.0315 -35.801 5
      vertex -19.3184 -36.2692 5
    endloop
  endfacet
  facet normal 0 0 1
    outer loop
      vertex -10 -31.212 5
      vertex -19.3184 -36.2692 5
      vertex -19.6751 -36.6869 5
    endloop
  endfacet
  facet normal 0 0 1
    outer loop
      vertex -20.0928 -37.0436 5
      vertex -10 -31.212 5
      vertex -19.6751 -36.6869 5
    endloop
  endfacet
  facet normal 0 0 1
    outer loop
      vertex -20.561 -37.3305 5
      vertex 20.0928 -37.0436 5
      vertex -20.0928 -37.0436 5
    endloop
  endfacet
  facet normal 0 0 1
    outer loop
      vertex 20.561 -37.3305 5
      vertex -20.561 -37.3305 5
      vertex 27.15 -42.212 5
    endloop
  endfacet
  facet normal 0 0 1
    outer loop
      vertex -27.15 -42.212 5
      vertex -20.561 -37.3305 5
      vertex -21.0684 -37.5407 5
    endloop
  endfacet
  facet normal 0 0 1
    outer loop
      vertex -27.15 -42.212 5
      vertex -21.0684 -37.5407 5
      vertex -21.6025 -37.6689 5
    endloop
  endfacet
  facet normal 0 0 1
    outer loop
      vertex -27.15 -42.212 5
      vertex -21.6025 -37.6689 5
      vertex -22.15 -37.712 5
    endloop
  endfacet
  facet normal 0 0 1
    outer loop
      vertex -27.15 -42.212 5
      vertex -22.15 -37.712 5
      vertex -22.6975 -37.6689 5
    endloop
  endfacet
  facet normal 0 0 1
    outer loop
      vertex -20.561 -37.3305 5
      vertex -27.15 -42.212 5
      vertex 27.15 -42.212 5
    endloop
  endfacet
  facet normal 0 0 1
    outer loop
      vertex -23.2316 -37.5407 5
      vertex -27.15 -42.212 5
      vertex -22.6975 -37.6689 5
    endloop
  endfacet
  facet normal 0 0 1
    outer loop
      vertex -23.739 -37.3305 5
      vertex -27.15 -42.212 5
      vertex -23.2316 -37.5407 5
    endloop
  endfacet
  facet normal 0 0 1
    outer loop
      vertex -24.2072 -37.0436 5
      vertex -27.15 -42.212 5
      vertex -23.739 -37.3305 5
    endloop
  endfacet
  facet normal 0 0 1
    outer loop
      vertex -24.6249 -36.6869 5
      vertex -27.15 -42.212 5
      vertex -24.2072 -37.0436 5
    endloop
  endfacet
  facet normal 0 0 1
    outer loop
      vertex -30.15 -39.212 5
      vertex -24.6249 -36.6869 5
      vertex -24.9816 -36.2692 5
    endloop
  endfacet
  facet normal 0 0 1
    outer loop
      vertex -30.15 -39.212 5
      vertex -24.9816 -36.2692 5
      vertex -25.2685 -35.801 5
    endloop
  endfacet
  facet normal 0 0 1
    outer loop
      vertex -30.15 -39.212 5
      vertex -25.2685 -35.801 5
      vertex -25.4787 -35.2936 5
    endloop
  endfacet
  facet normal 0 0 1
    outer loop
      vertex -30.15 -39.212 5
      vertex -25.4787 -35.2936 5
      vertex -25.6069 -34.7595 5
    endloop
  endfacet
  facet normal 0 0 1
    outer loop
      vertex -30.15 -39.212 5
      vertex -25.6069 -34.7595 5
      vertex -25.65 -34.212 5
    endloop
  endfacet
  facet normal 0 0 1
    outer loop
      vertex -25.4787 -33.1304 5
      vertex -30.15 -39.212 5
      vertex -25.6069 -33.6645 5
    endloop
  endfacet
  facet normal 0 0 1
    outer loop
      vertex -30.15 39.212 5
      vertex -27.15 42.212 5
      vertex -27.5416 42.1863 5
    endloop
  endfacet
  facet normal 0 0 1
    outer loop
      vertex -25.6069 -33.6645 5
      vertex -30.15 -39.212 5
      vertex -25.65 -34.212 5
    endloop
  endfacet
  facet normal 0 0 1
    outer loop
      vertex -30.15 39.212 5
      vertex -27.5416 42.1863 5
      vertex -27.9265 42.1098 5
    endloop
  endfacet
  facet normal 0 0 1
    outer loop
      vertex -24.6249 -36.6869 5
      vertex -30.15 -39.212 5
      vertex -27.15 -42.212 5
    endloop
  endfacet
  facet normal 0 0 1
    outer loop
      vertex -30.15 39.212 5
      vertex -27.9265 42.1098 5
      vertex -28.298 41.9836 5
    endloop
  endfacet
  facet normal 0 0 1
    outer loop
      vertex -27.15 -42.212 5
      vertex -30.15 -39.212 5
      vertex -27.5416 -42.1863 5
    endloop
  endfacet
  facet normal 0 0 1
    outer loop
      vertex -30.15 39.212 5
      vertex -28.298 41.9836 5
      vertex -28.65 41.8101 5
    endloop
  endfacet
  facet normal 0 0 1
    outer loop
      vertex -27.5416 -42.1863 5
      vertex -30.15 -39.212 5
      vertex -27.9265 -42.1098 5
    endloop
  endfacet
  facet normal 0 0 1
    outer loop
      vertex -30.15 39.212 5
      vertex -28.65 41.8101 5
      vertex -28.9763 41.5921 5
    endloop
  endfacet
  facet normal 0 0 1
    outer loop
      vertex -27.9265 -42.1098 5
      vertex -30.15 -39.212 5
      vertex -28.298 -41.9836 5
    endloop
  endfacet
  facet normal 0 0 1
    outer loop
      vertex -30.15 39.212 5
      vertex -28.9763 41.5921 5
      vertex -29.2713 41.3333 5
    endloop
  endfacet
  facet normal 0 0 1
    outer loop
      vertex -28.298 -41.9836 5
      vertex -30.15 -39.212 5
      vertex -28.65 -41.8101 5
    endloop
  endfacet
  facet normal 0 0 1
    outer loop
      vertex -30.15 39.212 5
      vertex -29.2713 41.3333 5
      vertex -29.5301 41.0383 5
    endloop
  endfacet
  facet normal 0 0 1
    outer loop
      vertex -28.65 -41.8101 5
      vertex -30.15 -39.212 5
      vertex -28.9763 -41.5921 5
    endloop
  endfacet
  facet normal 0 0 1
    outer loop
      vertex -30.15 39.212 5
      vertex -29.5301 41.0383 5
      vertex -29.7481 40.712 5
    endloop
  endfacet
  facet normal 0 0 1
    outer loop
      vertex -28.9763 -41.5921 5
      vertex -30.15 -39.212 5
      vertex -29.2713 -41.3333 5
    endloop
  endfacet
  facet normal 0 0 1
    outer loop
      vertex -30.15 39.212 5
      vertex -29.7481 40.712 5
      vertex -29.9216 40.36 5
    endloop
  endfacet
  facet normal 0 0 1
    outer loop
      vertex -29.2713 -41.3333 5
      vertex -30.15 -39.212 5
      vertex -29.5301 -41.0383 5
    endloop
  endfacet
  facet normal 0 0 1
    outer loop
      vertex -30.15 39.212 5
      vertex -29.9216 40.36 5
      vertex -30.0478 39.9884 5
    endloop
  endfacet
  facet normal 0 0 1
    outer loop
      vertex -29.5301 -41.0383 5
      vertex -30.15 -39.212 5
      vertex -29.7481 -40.712 5
    endloop
  endfacet
  facet normal 0 0 1
    outer loop
      vertex -30.15 39.212 5
      vertex -30.0478 39.9884 5
      vertex -30.1243 39.6036 5
    endloop
  endfacet
  facet normal 0 0 1
    outer loop
      vertex -29.7481 -40.712 5
      vertex -30.15 -39.212 5
      vertex -29.9216 -40.36 5
    endloop
  endfacet
  facet normal 0 0 1
    outer loop
      vertex -29.9216 -40.36 5
      vertex -30.15 -39.212 5
      vertex -30.0478 -39.9884 5
    endloop
  endfacet
  facet normal 0 0 1
    outer loop
      vertex -30.0478 -39.9884 5
      vertex -30.15 -39.212 5
      vertex -30.1243 -39.6036 5
    endloop
  endfacet
  facet normal 0 0 1
    outer loop
      vertex 21.0684 30.8833 5
      vertex 16.4579 29.0558 5
      vertex 16.3434 28.7075 5
    endloop
  endfacet
  facet normal 0 0 1
    outer loop
      vertex 21.0684 30.8833 5
      vertex 16.3434 28.7075 5
      vertex 16.7823 25.3968 5
    endloop
  endfacet
  facet normal -0 0 1
    outer loop
      vertex 16.1526 28.3961 5
      vertex 16.7823 25.3968 5
      vertex 16.3434 28.7075 5
    endloop
  endfacet
  facet normal -0 0 1
    outer loop
      vertex 15.8968 28.1364 5
      vertex 16.7823 25.3968 5
      vertex 16.1526 28.3961 5
    endloop
  endfacet
  facet normal -0 0 1
    outer loop
      vertex 15.5874 27.9436 5
      vertex 16.7823 25.3968 5
      vertex 15.8968 28.1364 5
    endloop
  endfacet
  facet normal 0 0 1
    outer loop
      vertex 16.7823 25.3968 5
      vertex 15.5874 27.9436 5
      vertex 15.2244 27.8175 5
    endloop
  endfacet
  facet normal 0 0 1
    outer loop
      vertex 10 -23.212 5
      vertex 11.4665 25.3968 5
      vertex 10.7097 25.3968 5
    endloop
  endfacet
  facet normal 0 0 1
    outer loop
      vertex 12.6728 25.3968 5
      vertex 10 -23.212 5
      vertex 10.8901 -23.3123 5
    endloop
  endfacet
  facet normal -0 0 1
    outer loop
      vertex 6.01132 25.3968 5
      vertex 10 -23.212 5
      vertex 10.7097 25.3968 5
    endloop
  endfacet
  facet normal 0 0 1
    outer loop
      vertex 6.01132 31.1583 5
      vertex 5.48077 30.226 5
      vertex 6.01132 25.3968 5
    endloop
  endfacet
  facet normal 0 0 1
    outer loop
      vertex 3.6161 25.3968 5
      vertex 6.01132 25.3968 5
      vertex 5.48077 30.226 5
    endloop
  endfacet
  facet normal 0 0 1
    outer loop
      vertex 3.6161 25.3968 5
      vertex 5.48077 30.226 5
      vertex 3.6161 30.226 5
    endloop
  endfacet
  facet normal 0 0 1
    outer loop
      vertex 6.01132 25.3968 5
      vertex 3.6161 25.3968 5
      vertex 10 -23.212 5
    endloop
  endfacet
  facet normal -0 0 1
    outer loop
      vertex 2.40981 25.3968 5
      vertex 10 -23.212 5
      vertex 3.6161 25.3968 5
    endloop
  endfacet
  facet normal 0 0 1
    outer loop
      vertex 0.0323486 25.3968 5
      vertex 2.40981 25.3968 5
      vertex 0.549316 30.226 5
    endloop
  endfacet
  facet normal 0 0 1
    outer loop
      vertex 0.0323486 25.3968 5
      vertex 0.549316 30.226 5
      vertex 0.0323486 31.1583 5
    endloop
  endfacet
  facet normal 0 0 1
    outer loop
      vertex 2.40981 25.3968 5
      vertex 0.0323486 25.3968 5
      vertex 10 -23.212 5
    endloop
  endfacet
  facet normal 0 0 1
    outer loop
      vertex -10 -23.212 5
      vertex 0.0323486 25.3968 5
      vertex -1.38251 25.3968 5
    endloop
  endfacet
  facet normal 0 0 1
    outer loop
      vertex -3.8196 25.3968 5
      vertex -1.38251 25.3968 5
      vertex -3.8196 28.7948 5
    endloop
  endfacet
  facet normal 0 0 1
    outer loop
      vertex -10 -23.212 5
      vertex -1.38251 25.3968 5
      vertex -3.8196 25.3968 5
    endloop
  endfacet
  facet normal 0 0 1
    outer loop
      vertex -10 -23.212 5
      vertex -3.8196 25.3968 5
      vertex -4.89095 25.3968 5
    endloop
  endfacet
  facet normal 0 0 1
    outer loop
      vertex -5.64771 25.3968 5
      vertex -4.89095 25.3968 5
      vertex -5.64771 26.3291 5
    endloop
  endfacet
  facet normal 0 0 1
    outer loop
      vertex -10 -23.212 5
      vertex -4.89095 25.3968 5
      vertex -5.64771 25.3968 5
    endloop
  endfacet
  facet normal 0 0 1
    outer loop
      vertex 0.0323486 25.3968 5
      vertex -10 -23.212 5
      vertex 10 -23.212 5
    endloop
  endfacet
  facet normal -0 0 1
    outer loop
      vertex -10.3461 25.3968 5
      vertex -10 -23.212 5
      vertex -5.64771 25.3968 5
    endloop
  endfacet
  facet normal 0 0 1
    outer loop
      vertex -10 -23.212 5
      vertex -10.3461 25.3968 5
      vertex -10.8901 -23.3123 5
    endloop
  endfacet
  facet normal 0 0 1
    outer loop
      vertex 10.2926 28.7784 5
      vertex 11.4665 31.1583 5
      vertex 10.5421 30.226 5
    endloop
  endfacet
  facet normal 0 0 1
    outer loop
      vertex 10.2926 27.8461 5
      vertex 11.4665 31.1583 5
      vertex 10.2926 28.7784 5
    endloop
  endfacet
  facet normal 0 0 1
    outer loop
      vertex 11.4665 25.3968 5
      vertex 10.2926 27.8461 5
      vertex 10.7097 26.3291 5
    endloop
  endfacet
  facet normal 0 0 1
    outer loop
      vertex 7.21762 26.3291 5
      vertex 10.2926 27.8461 5
      vertex 7.21762 27.8461 5
    endloop
  endfacet
  facet normal 0 0 1
    outer loop
      vertex 10.2926 27.8461 5
      vertex 7.21762 26.3291 5
      vertex 10.7097 26.3291 5
    endloop
  endfacet
  facet normal 0 0 1
    outer loop
      vertex -1.00629 27.0842 5
      vertex -3.51291 31.1583 5
      vertex -0.965424 26.6848 5
    endloop
  endfacet
  facet normal 0 0 1
    outer loop
      vertex -1.03081 27.459 5
      vertex -3.51291 31.1583 5
      vertex -1.00629 27.0842 5
    endloop
  endfacet
  facet normal 0 0 1
    outer loop
      vertex -3.51291 31.1583 5
      vertex -1.03081 27.459 5
      vertex -1.03899 27.8093 5
    endloop
  endfacet
  facet normal 0 0 1
    outer loop
      vertex -6.0648 28.7784 5
      vertex -4.89095 31.1583 5
      vertex -5.81534 30.226 5
    endloop
  endfacet
  facet normal 0 0 1
    outer loop
      vertex -6.0648 27.8461 5
      vertex -4.89095 31.1583 5
      vertex -6.0648 28.7784 5
    endloop
  endfacet
  facet normal 0 0 1
    outer loop
      vertex -4.89095 25.3968 5
      vertex -6.0648 27.8461 5
      vertex -5.64771 26.3291 5
    endloop
  endfacet
  facet normal 0 0 1
    outer loop
      vertex -9.1398 26.3291 5
      vertex -6.0648 27.8461 5
      vertex -9.1398 27.8461 5
    endloop
  endfacet
  facet normal 0 0 1
    outer loop
      vertex -6.0648 27.8461 5
      vertex -9.1398 26.3291 5
      vertex -5.64771 26.3291 5
    endloop
  endfacet
  facet normal -0 0 1
    outer loop
      vertex -11.5873 26.0405 5
      vertex -10.3461 25.3968 5
      vertex -11.2554 26.4542 5
    endloop
  endfacet
  facet normal -0 0 1
    outer loop
      vertex -11.9896 25.7218 5
      vertex -10.3461 25.3968 5
      vertex -11.5873 26.0405 5
    endloop
  endfacet
  facet normal -0 0 1
    outer loop
      vertex -12.456 25.4958 5
      vertex -10.3461 25.3968 5
      vertex -11.9896 25.7218 5
    endloop
  endfacet
  facet normal 0 0 1
    outer loop
      vertex -12.9801 25.3602 5
      vertex -10.3461 25.3968 5
      vertex -12.456 25.4958 5
    endloop
  endfacet
  facet normal 0 0 1
    outer loop
      vertex -10.3461 25.3968 5
      vertex -12.9801 25.3602 5
      vertex -10.8901 -23.3123 5
    endloop
  endfacet
  facet normal -0 0 1
    outer loop
      vertex -13.5618 25.315 5
      vertex -10.8901 -23.3123 5
      vertex -12.9801 25.3602 5
    endloop
  endfacet
  facet normal 0 0 1
    outer loop
      vertex -14.4185 25.4024 5
      vertex -10.8901 -23.3123 5
      vertex -13.5618 25.315 5
    endloop
  endfacet
  facet normal 0 0 1
    outer loop
      vertex -10.8901 -23.3123 5
      vertex -14.4185 25.4024 5
      vertex -11.7355 -23.6081 5
    endloop
  endfacet
  facet normal 0 0 1
    outer loop
      vertex -15.1348 25.6648 5
      vertex -11.7355 -23.6081 5
      vertex -14.4185 25.4024 5
    endloop
  endfacet
  facet normal 0 0 1
    outer loop
      vertex -11.7355 -23.6081 5
      vertex -15.1348 25.6648 5
      vertex -12.494 -24.0847 5
    endloop
  endfacet
  facet normal 0 0 1
    outer loop
      vertex -15.7107 26.1021 5
      vertex -12.494 -24.0847 5
      vertex -15.1348 25.6648 5
    endloop
  endfacet
  facet normal 0 0 1
    outer loop
      vertex -12.494 -24.0847 5
      vertex -15.7107 26.1021 5
      vertex -13.1273 -24.718 5
    endloop
  endfacet
  facet normal 0 0 1
    outer loop
      vertex -13.1273 -24.718 5
      vertex -15.7107 26.1021 5
      vertex -13.6039 -25.4765 5
    endloop
  endfacet
  facet normal 0 0 1
    outer loop
      vertex -11.0675 29.6412 5
      vertex -12.0448 27.3595 5
      vertex -10.9939 26.9629 5
    endloop
  endfacet
  facet normal -0 0 1
    outer loop
      vertex -12.1307 29.3509 5
      vertex -12.0448 27.3595 5
      vertex -11.0675 29.6412 5
    endloop
  endfacet
  facet normal 0 0 1
    outer loop
      vertex -12.6602 30.0399 5
      vertex -12.1307 29.3509 5
      vertex -12.2495 29.6201 5
    endloop
  endfacet
  facet normal 0 0 1
    outer loop
      vertex -12.1307 29.3509 5
      vertex -15.2547 28.3041 5
      vertex -12.0448 27.3595 5
    endloop
  endfacet
  facet normal 0 0 1
    outer loop
      vertex -12.6602 30.0399 5
      vertex -12.2495 29.6201 5
      vertex -12.426 29.8498 5
    endloop
  endfacet
  facet normal 0 0 1
    outer loop
      vertex -12.1307 29.3509 5
      vertex -12.6602 30.0399 5
      vertex -12.9389 30.1819 5
    endloop
  endfacet
  facet normal -0 -0 1
    outer loop
      vertex -15.2063 27.6939 5
      vertex -12.0448 27.3595 5
      vertex -15.2547 28.3041 5
    endloop
  endfacet
  facet normal 0 0 1
    outer loop
      vertex -12.1307 29.3509 5
      vertex -12.9389 30.1819 5
      vertex -13.249 30.2671 5
    endloop
  endfacet
  facet normal 0 0 1
    outer loop
      vertex -12.1307 29.3509 5
      vertex -13.249 30.2671 5
      vertex -13.5905 30.2955 5
    endloop
  endfacet
  facet normal 0 -0 1
    outer loop
      vertex -13.5618 26.2636 5
      vertex -12.0448 27.3595 5
      vertex -15.2063 27.6939 5
    endloop
  endfacet
  facet normal 0 0 1
    outer loop
      vertex -12.1307 29.3509 5
      vertex -13.5905 30.2955 5
      vertex -15.2077 28.9034 5
    endloop
  endfacet
  facet normal 0 0 1
    outer loop
      vertex -12.0448 27.3595 5
      vertex -13.5618 26.2636 5
      vertex -12.4024 26.7507 5
    endloop
  endfacet
  facet normal 0 0 1
    outer loop
      vertex -15.0666 29.3981 5
      vertex -13.5905 30.2955 5
      vertex -14.0918 30.2391 5
    endloop
  endfacet
  facet normal 0 0 1
    outer loop
      vertex -12.4024 26.7507 5
      vertex -13.5618 26.2636 5
      vertex -12.9081 26.3854 5
    endloop
  endfacet
  facet normal 0 0 1
    outer loop
      vertex -15.0666 29.3981 5
      vertex -14.0918 30.2391 5
      vertex -14.5055 30.0701 5
    endloop
  endfacet
  facet normal -0 -0 1
    outer loop
      vertex -15.0612 27.1882 5
      vertex -13.5618 26.2636 5
      vertex -15.2063 27.6939 5
    endloop
  endfacet
  facet normal 0 0 1
    outer loop
      vertex -15.0666 29.3981 5
      vertex -14.5055 30.0701 5
      vertex -14.8315 29.7884 5
    endloop
  endfacet
  facet normal 0 0 1
    outer loop
      vertex -13.5618 26.2636 5
      vertex -15.0612 27.1882 5
      vertex -14.0668 26.3218 5
    endloop
  endfacet
  facet normal 0 0 1
    outer loop
      vertex -13.5905 30.2955 5
      vertex -15.0666 29.3981 5
      vertex -15.2077 28.9034 5
    endloop
  endfacet
  facet normal -0 -0 1
    outer loop
      vertex -14.8192 26.787 5
      vertex -14.0668 26.3218 5
      vertex -15.0612 27.1882 5
    endloop
  endfacet
  facet normal 0 0 1
    outer loop
      vertex -12.1307 29.3509 5
      vertex -15.2077 28.9034 5
      vertex -15.2547 28.3041 5
    endloop
  endfacet
  facet normal 0 0 1
    outer loop
      vertex -14.0668 26.3218 5
      vertex -14.8192 26.787 5
      vertex -14.486 26.4962 5
    endloop
  endfacet
  facet normal 0 0 1
    outer loop
      vertex 14.8182 28.6226 5
      vertex 15.2525 29.1369 5
      vertex 15.2816 29.3918 5
    endloop
  endfacet
  facet normal 0 0 1
    outer loop
      vertex 14.8091 30.1296 5
      vertex 15.2816 29.3918 5
      vertex 15.1635 29.8529 5
    endloop
  endfacet
  facet normal 0 0 1
    outer loop
      vertex 14.5619 28.5463 5
      vertex 15.2816 29.3918 5
      vertex 14.8091 30.1296 5
    endloop
  endfacet
  facet normal 0 0 1
    outer loop
      vertex 15.2525 29.1369 5
      vertex 14.8182 28.6226 5
      vertex 15.1653 28.9229 5
    endloop
  endfacet
  facet normal 0 0 1
    outer loop
      vertex 15.1653 28.9229 5
      vertex 14.8182 28.6226 5
      vertex 15.0199 28.7498 5
    endloop
  endfacet
  facet normal 0 0 1
    outer loop
      vertex 15.2816 29.3918 5
      vertex 14.5619 28.5463 5
      vertex 14.8182 28.6226 5
    endloop
  endfacet
  facet normal 0 0 1
    outer loop
      vertex 14.2184 30.2219 5
      vertex 14.5619 28.5463 5
      vertex 14.8091 30.1296 5
    endloop
  endfacet
  facet normal 0 0 1
    outer loop
      vertex 14.5619 28.5463 5
      vertex 14.2184 30.2219 5
      vertex 14.2512 28.5208 5
    endloop
  endfacet
  facet normal 0 0 1
    outer loop
      vertex 12.6728 28.5208 5
      vertex 14.2184 30.2219 5
      vertex 12.6728 30.2219 5
    endloop
  endfacet
  facet normal 0 0 1
    outer loop
      vertex 14.2184 30.2219 5
      vertex 12.6728 28.5208 5
      vertex 14.2512 28.5208 5
    endloop
  endfacet
  facet normal -0.997853 0.0654873 -4.38148e-19
    outer loop
      vertex -30.15 39.212 0
      vertex -30.1243 39.6036 5
      vertex -30.1243 39.6036 0
    endloop
  endfacet
  facet normal -0.997853 0.0654873 -4.38148e-19
    outer loop
      vertex -30.1243 39.6036 5
      vertex -30.15 39.212 0
      vertex -30.15 39.212 5
    endloop
  endfacet
  facet normal 1 -0 0
    outer loop
      vertex 30.15 -39.212 5
      vertex 30.15 39.212 0
      vertex 30.15 39.212 5
    endloop
  endfacet
  facet normal 1 0 0
    outer loop
      vertex 30.15 39.212 0
      vertex 30.15 -39.212 5
      vertex 30.15 -39.212 0
    endloop
  endfacet
  facet normal -0.555523 -0.831501 0
    outer loop
      vertex -28.9763 -41.5921 0
      vertex -28.65 -41.8101 5
      vertex -28.9763 -41.5921 5
    endloop
  endfacet
  facet normal -0.555523 -0.831501 -0
    outer loop
      vertex -28.65 -41.8101 5
      vertex -28.9763 -41.5921 0
      vertex -28.65 -41.8101 0
    endloop
  endfacet
  facet normal -0.997853 -0.0654873 4.38148e-19
    outer loop
      vertex -30.1243 -39.6036 0
      vertex -30.15 -39.212 5
      vertex -30.15 -39.212 0
    endloop
  endfacet
  facet normal -0.997853 -0.0654873 4.38148e-19
    outer loop
      vertex -30.15 -39.212 5
      vertex -30.1243 -39.6036 0
      vertex -30.1243 -39.6036 5
    endloop
  endfacet
  facet normal -1 0 0
    outer loop
      vertex -30.15 -39.212 0
      vertex -30.15 39.212 5
      vertex -30.15 39.212 0
    endloop
  endfacet
  facet normal -1 -0 0
    outer loop
      vertex -30.15 39.212 5
      vertex -30.15 -39.212 0
      vertex -30.15 -39.212 5
    endloop
  endfacet
  facet normal 0.946885 0.321574 7.07938e-20
    outer loop
      vertex 30.0478 39.9884 5
      vertex 29.9216 40.36 0
      vertex 29.9216 40.36 5
    endloop
  endfacet
  facet normal 0.946885 0.321574 7.07938e-20
    outer loop
      vertex 29.9216 40.36 0
      vertex 30.0478 39.9884 5
      vertex 30.0478 39.9884 0
    endloop
  endfacet
  facet normal 0.555523 0.831501 -0
    outer loop
      vertex 28.9763 41.5921 0
      vertex 28.65 41.8101 5
      vertex 28.9763 41.5921 5
    endloop
  endfacet
  facet normal 0.555523 0.831501 0
    outer loop
      vertex 28.65 41.8101 5
      vertex 28.9763 41.5921 0
      vertex 28.65 41.8101 0
    endloop
  endfacet
  facet normal 0 1 -0
    outer loop
      vertex 27.15 42.212 0
      vertex -27.15 42.212 5
      vertex 27.15 42.212 5
    endloop
  endfacet
  facet normal 0 1 0
    outer loop
      vertex -27.15 42.212 5
      vertex 27.15 42.212 0
      vertex -27.15 42.212 0
    endloop
  endfacet
  facet normal 0.980806 0.194989 -1.8999e-19
    outer loop
      vertex 30.1243 39.6036 5
      vertex 30.0478 39.9884 0
      vertex 30.0478 39.9884 5
    endloop
  endfacet
  facet normal 0.980806 0.194989 -1.8999e-19
    outer loop
      vertex 30.0478 39.9884 0
      vertex 30.1243 39.6036 5
      vertex 30.1243 39.6036 0
    endloop
  endfacet
  facet normal 0.946885 -0.321574 -7.07938e-20
    outer loop
      vertex 29.9216 -40.36 5
      vertex 30.0478 -39.9884 0
      vertex 30.0478 -39.9884 5
    endloop
  endfacet
  facet normal 0.946885 -0.321574 -7.07938e-20
    outer loop
      vertex 30.0478 -39.9884 0
      vertex 29.9216 -40.36 5
      vertex 29.9216 -40.36 0
    endloop
  endfacet
  facet normal -0.659478 -0.751724 0
    outer loop
      vertex -29.2713 -41.3333 0
      vertex -28.9763 -41.5921 5
      vertex -29.2713 -41.3333 5
    endloop
  endfacet
  facet normal -0.659478 -0.751724 -0
    outer loop
      vertex -28.9763 -41.5921 5
      vertex -29.2713 -41.3333 0
      vertex -28.9763 -41.5921 0
    endloop
  endfacet
  facet normal -0.896961 0.44211 1.32612e-18
    outer loop
      vertex -29.9216 40.36 0
      vertex -29.7481 40.712 5
      vertex -29.7481 40.712 0
    endloop
  endfacet
  facet normal -0.896961 0.44211 1.32612e-18
    outer loop
      vertex -29.7481 40.712 5
      vertex -29.9216 40.36 0
      vertex -29.9216 40.36 5
    endloop
  endfacet
  facet normal -0.980806 0.194989 1.8999e-19
    outer loop
      vertex -30.1243 39.6036 0
      vertex -30.0478 39.9884 5
      vertex -30.0478 39.9884 0
    endloop
  endfacet
  facet normal -0.980806 0.194989 1.8999e-19
    outer loop
      vertex -30.0478 39.9884 5
      vertex -30.1243 39.6036 0
      vertex -30.1243 39.6036 5
    endloop
  endfacet
  facet normal -0.946885 0.321574 -7.07938e-20
    outer loop
      vertex -30.0478 39.9884 0
      vertex -29.9216 40.36 5
      vertex -29.9216 40.36 0
    endloop
  endfacet
  facet normal -0.946885 0.321574 -7.07938e-20
    outer loop
      vertex -29.9216 40.36 5
      vertex -30.0478 39.9884 0
      vertex -30.0478 39.9884 5
    endloop
  endfacet
  facet normal 0.751724 0.659478 1.13965e-18
    outer loop
      vertex 29.5301 41.0383 5
      vertex 29.2713 41.3333 0
      vertex 29.2713 41.3333 5
    endloop
  endfacet
  facet normal 0.751724 0.659478 1.13965e-18
    outer loop
      vertex 29.2713 41.3333 0
      vertex 29.5301 41.0383 5
      vertex 29.5301 41.0383 0
    endloop
  endfacet
  facet normal 0.659478 0.751724 -0
    outer loop
      vertex 29.2713 41.3333 0
      vertex 28.9763 41.5921 5
      vertex 29.2713 41.3333 5
    endloop
  endfacet
  facet normal 0.659478 0.751724 0
    outer loop
      vertex 28.9763 41.5921 5
      vertex 29.2713 41.3333 0
      vertex 28.9763 41.5921 0
    endloop
  endfacet
  facet normal 0.980806 -0.194989 1.8999e-19
    outer loop
      vertex 30.0478 -39.9884 5
      vertex 30.1243 -39.6036 0
      vertex 30.1243 -39.6036 5
    endloop
  endfacet
  facet normal 0.980806 -0.194989 1.8999e-19
    outer loop
      vertex 30.1243 -39.6036 0
      vertex 30.0478 -39.9884 5
      vertex 30.0478 -39.9884 0
    endloop
  endfacet
  facet normal -0.896961 -0.44211 -1.32612e-18
    outer loop
      vertex -29.7481 -40.712 0
      vertex -29.9216 -40.36 5
      vertex -29.9216 -40.36 0
    endloop
  endfacet
  facet normal -0.896961 -0.44211 -1.32612e-18
    outer loop
      vertex -29.9216 -40.36 5
      vertex -29.7481 -40.712 0
      vertex -29.7481 -40.712 5
    endloop
  endfacet
  facet normal -0.831501 0.555523 2.69032e-18
    outer loop
      vertex -29.7481 40.712 0
      vertex -29.5301 41.0383 5
      vertex -29.5301 41.0383 0
    endloop
  endfacet
  facet normal -0.831501 0.555523 2.69032e-18
    outer loop
      vertex -29.5301 41.0383 5
      vertex -29.7481 40.712 0
      vertex -29.7481 40.712 5
    endloop
  endfacet
  facet normal 0.831501 0.555523 -2.69032e-18
    outer loop
      vertex 29.7481 40.712 5
      vertex 29.5301 41.0383 0
      vertex 29.5301 41.0383 5
    endloop
  endfacet
  facet normal 0.831501 0.555523 -2.69032e-18
    outer loop
      vertex 29.5301 41.0383 0
      vertex 29.7481 40.712 5
      vertex 29.7481 40.712 0
    endloop
  endfacet
  facet normal 0.321651 0.946858 -0
    outer loop
      vertex 28.298 41.9836 0
      vertex 27.9265 42.1098 5
      vertex 28.298 41.9836 5
    endloop
  endfacet
  facet normal 0.321651 0.946858 0
    outer loop
      vertex 27.9265 42.1098 5
      vertex 28.298 41.9836 0
      vertex 27.9265 42.1098 0
    endloop
  endfacet
  facet normal 0.0654873 0.997853 -0
    outer loop
      vertex 27.5416 42.1863 0
      vertex 27.15 42.212 5
      vertex 27.5416 42.1863 5
    endloop
  endfacet
  facet normal 0.0654873 0.997853 0
    outer loop
      vertex 27.15 42.212 5
      vertex 27.5416 42.1863 0
      vertex 27.15 42.212 0
    endloop
  endfacet
  facet normal 0.19494 0.980815 -0
    outer loop
      vertex 27.9265 42.1098 0
      vertex 27.5416 42.1863 5
      vertex 27.9265 42.1098 5
    endloop
  endfacet
  facet normal 0.19494 0.980815 0
    outer loop
      vertex 27.5416 42.1863 5
      vertex 27.9265 42.1098 0
      vertex 27.5416 42.1863 0
    endloop
  endfacet
  facet normal -0.0654873 0.997853 0
    outer loop
      vertex -27.15 42.212 0
      vertex -27.5416 42.1863 5
      vertex -27.15 42.212 5
    endloop
  endfacet
  facet normal -0.0654873 0.997853 0
    outer loop
      vertex -27.5416 42.1863 5
      vertex -27.15 42.212 0
      vertex -27.5416 42.1863 0
    endloop
  endfacet
  facet normal -0.44211 0.896961 0
    outer loop
      vertex -28.298 41.9836 0
      vertex -28.65 41.8101 5
      vertex -28.298 41.9836 5
    endloop
  endfacet
  facet normal -0.44211 0.896961 0
    outer loop
      vertex -28.65 41.8101 5
      vertex -28.298 41.9836 0
      vertex -28.65 41.8101 0
    endloop
  endfacet
  facet normal -0.751724 0.659478 -1.13965e-18
    outer loop
      vertex -29.5301 41.0383 0
      vertex -29.2713 41.3333 5
      vertex -29.2713 41.3333 0
    endloop
  endfacet
  facet normal -0.751724 0.659478 -1.13965e-18
    outer loop
      vertex -29.2713 41.3333 5
      vertex -29.5301 41.0383 0
      vertex -29.5301 41.0383 5
    endloop
  endfacet
  facet normal 0.321651 -0.946858 0
    outer loop
      vertex 27.9265 -42.1098 0
      vertex 28.298 -41.9836 5
      vertex 27.9265 -42.1098 5
    endloop
  endfacet
  facet normal 0.321651 -0.946858 0
    outer loop
      vertex 28.298 -41.9836 5
      vertex 27.9265 -42.1098 0
      vertex 28.298 -41.9836 0
    endloop
  endfacet
  facet normal -0.19494 -0.980815 0
    outer loop
      vertex -27.9265 -42.1098 0
      vertex -27.5416 -42.1863 5
      vertex -27.9265 -42.1098 5
    endloop
  endfacet
  facet normal -0.19494 -0.980815 -0
    outer loop
      vertex -27.5416 -42.1863 5
      vertex -27.9265 -42.1098 0
      vertex -27.5416 -42.1863 0
    endloop
  endfacet
  facet normal 0.896961 0.44211 -1.32612e-18
    outer loop
      vertex 29.9216 40.36 5
      vertex 29.7481 40.712 0
      vertex 29.7481 40.712 5
    endloop
  endfacet
  facet normal 0.896961 0.44211 -1.32612e-18
    outer loop
      vertex 29.7481 40.712 0
      vertex 29.9216 40.36 5
      vertex 29.9216 40.36 0
    endloop
  endfacet
  facet normal 0.44211 0.896961 -0
    outer loop
      vertex 28.65 41.8101 0
      vertex 28.298 41.9836 5
      vertex 28.65 41.8101 5
    endloop
  endfacet
  facet normal 0.44211 0.896961 0
    outer loop
      vertex 28.298 41.9836 5
      vertex 28.65 41.8101 0
      vertex 28.298 41.9836 0
    endloop
  endfacet
  facet normal -0.19494 0.980815 0
    outer loop
      vertex -27.5416 42.1863 0
      vertex -27.9265 42.1098 5
      vertex -27.5416 42.1863 5
    endloop
  endfacet
  facet normal -0.19494 0.980815 0
    outer loop
      vertex -27.9265 42.1098 5
      vertex -27.5416 42.1863 0
      vertex -27.9265 42.1098 0
    endloop
  endfacet
  facet normal -0.321651 0.946858 0
    outer loop
      vertex -27.9265 42.1098 0
      vertex -28.298 41.9836 5
      vertex -27.9265 42.1098 5
    endloop
  endfacet
  facet normal -0.321651 0.946858 0
    outer loop
      vertex -28.298 41.9836 5
      vertex -27.9265 42.1098 0
      vertex -28.298 41.9836 0
    endloop
  endfacet
  facet normal -0.659478 0.751724 0
    outer loop
      vertex -28.9763 41.5921 0
      vertex -29.2713 41.3333 5
      vertex -28.9763 41.5921 5
    endloop
  endfacet
  facet normal -0.659478 0.751724 0
    outer loop
      vertex -29.2713 41.3333 5
      vertex -28.9763 41.5921 0
      vertex -29.2713 41.3333 0
    endloop
  endfacet
  facet normal -0.555523 0.831501 0
    outer loop
      vertex -28.65 41.8101 0
      vertex -28.9763 41.5921 5
      vertex -28.65 41.8101 5
    endloop
  endfacet
  facet normal -0.555523 0.831501 0
    outer loop
      vertex -28.9763 41.5921 5
      vertex -28.65 41.8101 0
      vertex -28.9763 41.5921 0
    endloop
  endfacet
  facet normal 0.831501 -0.555523 2.69032e-18
    outer loop
      vertex 29.5301 -41.0383 5
      vertex 29.7481 -40.712 0
      vertex 29.7481 -40.712 5
    endloop
  endfacet
  facet normal 0.831501 -0.555523 2.69032e-18
    outer loop
      vertex 29.7481 -40.712 0
      vertex 29.5301 -41.0383 5
      vertex 29.5301 -41.0383 0
    endloop
  endfacet
  facet normal 0.896961 -0.44211 1.32612e-18
    outer loop
      vertex 29.7481 -40.712 5
      vertex 29.9216 -40.36 0
      vertex 29.9216 -40.36 5
    endloop
  endfacet
  facet normal 0.896961 -0.44211 1.32612e-18
    outer loop
      vertex 29.9216 -40.36 0
      vertex 29.7481 -40.712 5
      vertex 29.7481 -40.712 0
    endloop
  endfacet
  facet normal 0.997853 -0.0654873 -4.38148e-19
    outer loop
      vertex 30.1243 -39.6036 5
      vertex 30.15 -39.212 0
      vertex 30.15 -39.212 5
    endloop
  endfacet
  facet normal 0.997853 -0.0654873 -4.38148e-19
    outer loop
      vertex 30.15 -39.212 0
      vertex 30.1243 -39.6036 5
      vertex 30.1243 -39.6036 0
    endloop
  endfacet
  facet normal 0.751724 -0.659478 -1.13965e-18
    outer loop
      vertex 29.2713 -41.3333 5
      vertex 29.5301 -41.0383 0
      vertex 29.5301 -41.0383 5
    endloop
  endfacet
  facet normal 0.751724 -0.659478 -1.13965e-18
    outer loop
      vertex 29.5301 -41.0383 0
      vertex 29.2713 -41.3333 5
      vertex 29.2713 -41.3333 0
    endloop
  endfacet
  facet normal 0.0654873 -0.997853 0
    outer loop
      vertex 27.15 -42.212 0
      vertex 27.5416 -42.1863 5
      vertex 27.15 -42.212 5
    endloop
  endfacet
  facet normal 0.0654873 -0.997853 0
    outer loop
      vertex 27.5416 -42.1863 5
      vertex 27.15 -42.212 0
      vertex 27.5416 -42.1863 0
    endloop
  endfacet
  facet normal -0.751724 -0.659478 1.13965e-18
    outer loop
      vertex -29.2713 -41.3333 0
      vertex -29.5301 -41.0383 5
      vertex -29.5301 -41.0383 0
    endloop
  endfacet
  facet normal -0.751724 -0.659478 1.13965e-18
    outer loop
      vertex -29.5301 -41.0383 5
      vertex -29.2713 -41.3333 0
      vertex -29.2713 -41.3333 5
    endloop
  endfacet
  facet normal -0.0654873 -0.997853 0
    outer loop
      vertex -27.5416 -42.1863 0
      vertex -27.15 -42.212 5
      vertex -27.5416 -42.1863 5
    endloop
  endfacet
  facet normal -0.0654873 -0.997853 -0
    outer loop
      vertex -27.15 -42.212 5
      vertex -27.5416 -42.1863 0
      vertex -27.15 -42.212 0
    endloop
  endfacet
  facet normal -0.44211 -0.896961 0
    outer loop
      vertex -28.65 -41.8101 0
      vertex -28.298 -41.9836 5
      vertex -28.65 -41.8101 5
    endloop
  endfacet
  facet normal -0.44211 -0.896961 -0
    outer loop
      vertex -28.298 -41.9836 5
      vertex -28.65 -41.8101 0
      vertex -28.298 -41.9836 0
    endloop
  endfacet
  facet normal 0.555523 -0.831501 0
    outer loop
      vertex 28.65 -41.8101 0
      vertex 28.9763 -41.5921 5
      vertex 28.65 -41.8101 5
    endloop
  endfacet
  facet normal 0.555523 -0.831501 0
    outer loop
      vertex 28.9763 -41.5921 5
      vertex 28.65 -41.8101 0
      vertex 28.9763 -41.5921 0
    endloop
  endfacet
  facet normal 0.44211 -0.896961 0
    outer loop
      vertex 28.298 -41.9836 0
      vertex 28.65 -41.8101 5
      vertex 28.298 -41.9836 5
    endloop
  endfacet
  facet normal 0.44211 -0.896961 0
    outer loop
      vertex 28.65 -41.8101 5
      vertex 28.298 -41.9836 0
      vertex 28.65 -41.8101 0
    endloop
  endfacet
  facet normal 0.19494 -0.980815 0
    outer loop
      vertex 27.5416 -42.1863 0
      vertex 27.9265 -42.1098 5
      vertex 27.5416 -42.1863 5
    endloop
  endfacet
  facet normal 0.19494 -0.980815 0
    outer loop
      vertex 27.9265 -42.1098 5
      vertex 27.5416 -42.1863 0
      vertex 27.9265 -42.1098 0
    endloop
  endfacet
  facet normal -0.831501 -0.555523 -2.69032e-18
    outer loop
      vertex -29.5301 -41.0383 0
      vertex -29.7481 -40.712 5
      vertex -29.7481 -40.712 0
    endloop
  endfacet
  facet normal -0.831501 -0.555523 -2.69032e-18
    outer loop
      vertex -29.7481 -40.712 5
      vertex -29.5301 -41.0383 0
      vertex -29.5301 -41.0383 5
    endloop
  endfacet
  facet normal -0.321651 -0.946858 0
    outer loop
      vertex -28.298 -41.9836 0
      vertex -27.9265 -42.1098 5
      vertex -28.298 -41.9836 5
    endloop
  endfacet
  facet normal -0.321651 -0.946858 -0
    outer loop
      vertex -27.9265 -42.1098 5
      vertex -28.298 -41.9836 0
      vertex -27.9265 -42.1098 0
    endloop
  endfacet
  facet normal 0.659478 -0.751724 0
    outer loop
      vertex 28.9763 -41.5921 0
      vertex 29.2713 -41.3333 5
      vertex 28.9763 -41.5921 5
    endloop
  endfacet
  facet normal 0.659478 -0.751724 0
    outer loop
      vertex 29.2713 -41.3333 5
      vertex 28.9763 -41.5921 0
      vertex 29.2713 -41.3333 0
    endloop
  endfacet
  facet normal 0.111975 -0.993711 0
    outer loop
      vertex -10.8901 -23.3123 0
      vertex -10 -23.212 5
      vertex -10.8901 -23.3123 5
    endloop
  endfacet
  facet normal 0.111975 -0.993711 0
    outer loop
      vertex -10 -23.212 5
      vertex -10.8901 -23.3123 0
      vertex -10 -23.212 0
    endloop
  endfacet
  facet normal 0 -1 0
    outer loop
      vertex -10 -23.212 0
      vertex 10 -23.212 5
      vertex -10 -23.212 5
    endloop
  endfacet
  facet normal 0 -1 -0
    outer loop
      vertex 10 -23.212 5
      vertex -10 -23.212 0
      vertex 10 -23.212 0
    endloop
  endfacet
  facet normal 0.993711 -0.111975 -6.3849e-19
    outer loop
      vertex -14 -27.212 5
      vertex -13.8997 -26.3219 0
      vertex -13.8997 -26.3219 5
    endloop
  endfacet
  facet normal 0.993711 -0.111975 -6.3849e-19
    outer loop
      vertex -13.8997 -26.3219 0
      vertex -14 -27.212 5
      vertex -14 -27.212 0
    endloop
  endfacet
  facet normal 0.94389 0.330261 -2.81444e-18
    outer loop
      vertex -13.6039 -28.9475 5
      vertex -13.8997 -28.1021 0
      vertex -13.8997 -28.1021 5
    endloop
  endfacet
  facet normal 0.94389 0.330261 -2.81444e-18
    outer loop
      vertex -13.8997 -28.1021 0
      vertex -13.6039 -28.9475 5
      vertex -13.6039 -28.9475 0
    endloop
  endfacet
  facet normal 0 1 -0
    outer loop
      vertex 10 -31.212 0
      vertex -10 -31.212 5
      vertex 10 -31.212 5
    endloop
  endfacet
  facet normal 0 1 0
    outer loop
      vertex -10 -31.212 5
      vertex 10 -31.212 0
      vertex -10 -31.212 0
    endloop
  endfacet
  facet normal -0.94389 -0.330261 -1.96103e-18
    outer loop
      vertex 13.8997 -26.3219 0
      vertex 13.6039 -25.4765 5
      vertex 13.6039 -25.4765 0
    endloop
  endfacet
  facet normal -0.94389 -0.330261 -1.96103e-18
    outer loop
      vertex 13.6039 -25.4765 5
      vertex 13.8997 -26.3219 0
      vertex 13.8997 -26.3219 5
    endloop
  endfacet
  facet normal -0.532034 -0.846723 0
    outer loop
      vertex 11.7355 -23.6081 0
      vertex 12.494 -24.0847 5
      vertex 11.7355 -23.6081 5
    endloop
  endfacet
  facet normal -0.532034 -0.846723 -0
    outer loop
      vertex 12.494 -24.0847 5
      vertex 11.7355 -23.6081 0
      vertex 12.494 -24.0847 0
    endloop
  endfacet
  facet normal 0.846723 -0.532034 -3.92745e-18
    outer loop
      vertex -13.6039 -25.4765 5
      vertex -13.1273 -24.718 0
      vertex -13.1273 -24.718 5
    endloop
  endfacet
  facet normal 0.846723 -0.532034 -3.92745e-18
    outer loop
      vertex -13.1273 -24.718 0
      vertex -13.6039 -25.4765 5
      vertex -13.6039 -25.4765 0
    endloop
  endfacet
  facet normal 0.993711 0.111975 6.3849e-19
    outer loop
      vertex -13.8997 -28.1021 5
      vertex -14 -27.212 0
      vertex -14 -27.212 5
    endloop
  endfacet
  facet normal 0.993711 0.111975 6.3849e-19
    outer loop
      vertex -14 -27.212 0
      vertex -13.8997 -28.1021 5
      vertex -13.8997 -28.1021 0
    endloop
  endfacet
  facet normal 0.330261 0.94389 -0
    outer loop
      vertex -10.8901 -31.1117 0
      vertex -11.7355 -30.8159 5
      vertex -10.8901 -31.1117 5
    endloop
  endfacet
  facet normal 0.330261 0.94389 0
    outer loop
      vertex -11.7355 -30.8159 5
      vertex -10.8901 -31.1117 0
      vertex -11.7355 -30.8159 0
    endloop
  endfacet
  facet normal 0.846723 0.532034 -2.29959e-18
    outer loop
      vertex -13.1273 -29.706 5
      vertex -13.6039 -28.9475 0
      vertex -13.6039 -28.9475 5
    endloop
  endfacet
  facet normal 0.846723 0.532034 -2.29959e-18
    outer loop
      vertex -13.6039 -28.9475 0
      vertex -13.1273 -29.706 5
      vertex -13.1273 -29.706 0
    endloop
  endfacet
  facet normal -0.94389 0.330261 2.81444e-18
    outer loop
      vertex 13.6039 -28.9475 0
      vertex 13.8997 -28.1021 5
      vertex 13.8997 -28.1021 0
    endloop
  endfacet
  facet normal -0.94389 0.330261 2.81444e-18
    outer loop
      vertex 13.8997 -28.1021 5
      vertex 13.6039 -28.9475 0
      vertex 13.6039 -28.9475 5
    endloop
  endfacet
  facet normal -0.993711 -0.111975 6.3849e-19
    outer loop
      vertex 14 -27.212 0
      vertex 13.8997 -26.3219 5
      vertex 13.8997 -26.3219 0
    endloop
  endfacet
  facet normal -0.993711 -0.111975 6.3849e-19
    outer loop
      vertex 13.8997 -26.3219 5
      vertex 14 -27.212 0
      vertex 14 -27.212 5
    endloop
  endfacet
  facet normal -0.111975 -0.993711 0
    outer loop
      vertex 10 -23.212 0
      vertex 10.8901 -23.3123 5
      vertex 10 -23.212 5
    endloop
  endfacet
  facet normal -0.111975 -0.993711 -0
    outer loop
      vertex 10.8901 -23.3123 5
      vertex 10 -23.212 0
      vertex 10.8901 -23.3123 0
    endloop
  endfacet
  facet normal -0.846723 -0.532034 3.92745e-18
    outer loop
      vertex 13.6039 -25.4765 0
      vertex 13.1273 -24.718 5
      vertex 13.1273 -24.718 0
    endloop
  endfacet
  facet normal -0.846723 -0.532034 3.92745e-18
    outer loop
      vertex 13.1273 -24.718 5
      vertex 13.6039 -25.4765 0
      vertex 13.6039 -25.4765 5
    endloop
  endfacet
  facet normal 0.707107 -0.707107 0
    outer loop
      vertex -13.1273 -24.718 0
      vertex -12.494 -24.0847 5
      vertex -13.1273 -24.718 5
    endloop
  endfacet
  facet normal 0.707107 -0.707107 0
    outer loop
      vertex -12.494 -24.0847 5
      vertex -13.1273 -24.718 0
      vertex -12.494 -24.0847 0
    endloop
  endfacet
  facet normal 0.330261 -0.94389 0
    outer loop
      vertex -11.7355 -23.6081 0
      vertex -10.8901 -23.3123 5
      vertex -11.7355 -23.6081 5
    endloop
  endfacet
  facet normal 0.330261 -0.94389 0
    outer loop
      vertex -10.8901 -23.3123 5
      vertex -11.7355 -23.6081 0
      vertex -10.8901 -23.3123 0
    endloop
  endfacet
  facet normal 0.94389 -0.330261 1.96103e-18
    outer loop
      vertex -13.8997 -26.3219 5
      vertex -13.6039 -25.4765 0
      vertex -13.6039 -25.4765 5
    endloop
  endfacet
  facet normal 0.94389 -0.330261 1.96103e-18
    outer loop
      vertex -13.6039 -25.4765 0
      vertex -13.8997 -26.3219 5
      vertex -13.8997 -26.3219 0
    endloop
  endfacet
  facet normal 0.111975 0.993711 -0
    outer loop
      vertex -10 -31.212 0
      vertex -10.8901 -31.1117 5
      vertex -10 -31.212 5
    endloop
  endfacet
  facet normal 0.111975 0.993711 0
    outer loop
      vertex -10.8901 -31.1117 5
      vertex -10 -31.212 0
      vertex -10.8901 -31.1117 0
    endloop
  endfacet
  facet normal -0.532034 0.846723 0
    outer loop
      vertex 12.494 -30.3393 0
      vertex 11.7355 -30.8159 5
      vertex 12.494 -30.3393 5
    endloop
  endfacet
  facet normal -0.532034 0.846723 0
    outer loop
      vertex 11.7355 -30.8159 5
      vertex 12.494 -30.3393 0
      vertex 11.7355 -30.8159 0
    endloop
  endfacet
  facet normal -0.993711 0.111975 -6.3849e-19
    outer loop
      vertex 13.8997 -28.1021 0
      vertex 14 -27.212 5
      vertex 14 -27.212 0
    endloop
  endfacet
  facet normal -0.993711 0.111975 -6.3849e-19
    outer loop
      vertex 14 -27.212 5
      vertex 13.8997 -28.1021 0
      vertex 13.8997 -28.1021 5
    endloop
  endfacet
  facet normal -0.330261 -0.94389 0
    outer loop
      vertex 10.8901 -23.3123 0
      vertex 11.7355 -23.6081 5
      vertex 10.8901 -23.3123 5
    endloop
  endfacet
  facet normal -0.330261 -0.94389 -0
    outer loop
      vertex 11.7355 -23.6081 5
      vertex 10.8901 -23.3123 0
      vertex 11.7355 -23.6081 0
    endloop
  endfacet
  facet normal -0.707107 -0.707107 0
    outer loop
      vertex 12.494 -24.0847 0
      vertex 13.1273 -24.718 5
      vertex 12.494 -24.0847 5
    endloop
  endfacet
  facet normal -0.707107 -0.707107 -0
    outer loop
      vertex 13.1273 -24.718 5
      vertex 12.494 -24.0847 0
      vertex 13.1273 -24.718 0
    endloop
  endfacet
  facet normal 0.532034 -0.846723 0
    outer loop
      vertex -12.494 -24.0847 0
      vertex -11.7355 -23.6081 5
      vertex -12.494 -24.0847 5
    endloop
  endfacet
  facet normal 0.532034 -0.846723 0
    outer loop
      vertex -11.7355 -23.6081 5
      vertex -12.494 -24.0847 0
      vertex -11.7355 -23.6081 0
    endloop
  endfacet
  facet normal 0.707107 0.707107 -0
    outer loop
      vertex -12.494 -30.3393 0
      vertex -13.1273 -29.706 5
      vertex -12.494 -30.3393 5
    endloop
  endfacet
  facet normal 0.707107 0.707107 0
    outer loop
      vertex -13.1273 -29.706 5
      vertex -12.494 -30.3393 0
      vertex -13.1273 -29.706 0
    endloop
  endfacet
  facet normal -0.330261 0.94389 0
    outer loop
      vertex 11.7355 -30.8159 0
      vertex 10.8901 -31.1117 5
      vertex 11.7355 -30.8159 5
    endloop
  endfacet
  facet normal -0.330261 0.94389 0
    outer loop
      vertex 10.8901 -31.1117 5
      vertex 11.7355 -30.8159 0
      vertex 10.8901 -31.1117 0
    endloop
  endfacet
  facet normal -0.111975 0.993711 0
    outer loop
      vertex 10.8901 -31.1117 0
      vertex 10 -31.212 5
      vertex 10.8901 -31.1117 5
    endloop
  endfacet
  facet normal -0.111975 0.993711 0
    outer loop
      vertex 10 -31.212 5
      vertex 10.8901 -31.1117 0
      vertex 10 -31.212 0
    endloop
  endfacet
  facet normal 0.532034 0.846723 -0
    outer loop
      vertex -11.7355 -30.8159 0
      vertex -12.494 -30.3393 5
      vertex -11.7355 -30.8159 5
    endloop
  endfacet
  facet normal 0.532034 0.846723 0
    outer loop
      vertex -12.494 -30.3393 5
      vertex -11.7355 -30.8159 0
      vertex -12.494 -30.3393 0
    endloop
  endfacet
  facet normal -0.707107 0.707107 0
    outer loop
      vertex 13.1273 -29.706 0
      vertex 12.494 -30.3393 5
      vertex 13.1273 -29.706 5
    endloop
  endfacet
  facet normal -0.707107 0.707107 0
    outer loop
      vertex 12.494 -30.3393 5
      vertex 13.1273 -29.706 0
      vertex 12.494 -30.3393 0
    endloop
  endfacet
  facet normal -0.846723 0.532034 2.29959e-18
    outer loop
      vertex 13.1273 -29.706 0
      vertex 13.6039 -28.9475 5
      vertex 13.6039 -28.9475 0
    endloop
  endfacet
  facet normal -0.846723 0.532034 2.29959e-18
    outer loop
      vertex 13.6039 -28.9475 5
      vertex 13.1273 -29.706 0
      vertex 13.1273 -29.706 5
    endloop
  endfacet
  facet normal 0 0 1
    outer loop
      vertex -12.2495 29.6201 4.65
      vertex -11.2815 30.1248 4.65
      vertex -11.58 30.5235 4.65
    endloop
  endfacet
  facet normal 0 0 1
    outer loop
      vertex -12.426 29.8498 4.65
      vertex -11.58 30.5235 4.65
      vertex -11.9631 30.8372 4.65
    endloop
  endfacet
  facet normal 0 -0 1
    outer loop
      vertex -12.1307 29.3509 4.65
      vertex -11.2815 30.1248 4.65
      vertex -12.2495 29.6201 4.65
    endloop
  endfacet
  facet normal 0 0 1
    outer loop
      vertex -11.2815 30.1248 4.65
      vertex -12.1307 29.3509 4.65
      vertex -11.0675 29.6412 4.65
    endloop
  endfacet
  facet normal 0 0 1
    outer loop
      vertex -11.58 30.5235 4.65
      vertex -12.426 29.8498 4.65
      vertex -12.2495 29.6201 4.65
    endloop
  endfacet
  facet normal 0 0 1
    outer loop
      vertex -12.6602 30.0399 4.65
      vertex -11.9631 30.8372 4.65
      vertex -12.4301 31.0633 4.65
    endloop
  endfacet
  facet normal 0 0 1
    outer loop
      vertex -11.9631 30.8372 4.65
      vertex -12.6602 30.0399 4.65
      vertex -12.426 29.8498 4.65
    endloop
  endfacet
  facet normal 0 0 1
    outer loop
      vertex -12.4301 31.0633 4.65
      vertex -12.9389 30.1819 4.65
      vertex -12.6602 30.0399 4.65
    endloop
  endfacet
  facet normal 0 0 1
    outer loop
      vertex -12.9808 31.1989 4.65
      vertex -12.9389 30.1819 4.65
      vertex -12.4301 31.0633 4.65
    endloop
  endfacet
  facet normal 0 0 1
    outer loop
      vertex -12.9808 31.1989 4.65
      vertex -13.249 30.2671 4.65
      vertex -12.9389 30.1819 4.65
    endloop
  endfacet
  facet normal 0 0 1
    outer loop
      vertex -13.615 31.2442 4.65
      vertex -13.249 30.2671 4.65
      vertex -12.9808 31.1989 4.65
    endloop
  endfacet
  facet normal 0 0 1
    outer loop
      vertex -13.249 30.2671 4.65
      vertex -13.615 31.2442 4.65
      vertex -13.5905 30.2955 4.65
    endloop
  endfacet
  facet normal 0 0 1
    outer loop
      vertex -13.615 31.2442 4.65
      vertex -14.0918 30.2391 4.65
      vertex -13.5905 30.2955 4.65
    endloop
  endfacet
  facet normal -0 0 1
    outer loop
      vertex -14.4687 31.1596 4.65
      vertex -14.0918 30.2391 4.65
      vertex -13.615 31.2442 4.65
    endloop
  endfacet
  facet normal 0 0 1
    outer loop
      vertex -14.4687 31.1596 4.65
      vertex -14.5055 30.0701 4.65
      vertex -14.0918 30.2391 4.65
    endloop
  endfacet
  facet normal -0 0 1
    outer loop
      vertex -15.1762 30.9061 4.65
      vertex -14.5055 30.0701 4.65
      vertex -14.4687 31.1596 4.65
    endloop
  endfacet
  facet normal 0 0 1
    outer loop
      vertex -14.5055 30.0701 4.65
      vertex -15.1762 30.9061 4.65
      vertex -14.8315 29.7884 4.65
    endloop
  endfacet
  facet normal -0 0 1
    outer loop
      vertex -15.7373 30.4836 4.65
      vertex -14.8315 29.7884 4.65
      vertex -15.1762 30.9061 4.65
    endloop
  endfacet
  facet normal 0 0 1
    outer loop
      vertex -14.8315 29.7884 4.65
      vertex -15.7373 30.4836 4.65
      vertex -15.0666 29.3981 4.65
    endloop
  endfacet
  facet normal -0 0 1
    outer loop
      vertex -16.1439 29.9034 4.65
      vertex -15.0666 29.3981 4.65
      vertex -15.7373 30.4836 4.65
    endloop
  endfacet
  facet normal 0 0 1
    outer loop
      vertex -16.3879 29.1769 4.65
      vertex -15.0666 29.3981 4.65
      vertex -16.1439 29.9034 4.65
    endloop
  endfacet
  facet normal 0 0 1
    outer loop
      vertex -15.0666 29.3981 4.65
      vertex -16.3879 29.1769 4.65
      vertex -15.2077 28.9034 4.65
    endloop
  endfacet
  facet normal 0 -0 1
    outer loop
      vertex -16.3849 27.4306 4.65
      vertex -15.2547 28.3041 4.65
      vertex -16.4692 28.3041 4.65
    endloop
  endfacet
  facet normal 0 0 1
    outer loop
      vertex -16.4692 28.3041 4.65
      vertex -15.2077 28.9034 4.65
      vertex -16.3879 29.1769 4.65
    endloop
  endfacet
  facet normal 0 -0 1
    outer loop
      vertex -16.1321 26.6966 4.65
      vertex -15.2547 28.3041 4.65
      vertex -16.3849 27.4306 4.65
    endloop
  endfacet
  facet normal 0 0 1
    outer loop
      vertex -15.2077 28.9034 4.65
      vertex -16.4692 28.3041 4.65
      vertex -15.2547 28.3041 4.65
    endloop
  endfacet
  facet normal 0 0 1
    outer loop
      vertex -15.2547 28.3041 4.65
      vertex -16.1321 26.6966 4.65
      vertex -15.7107 26.1021 4.65
    endloop
  endfacet
  facet normal 0 0 1
    outer loop
      vertex -12.0448 27.3595 4.65
      vertex -11.2554 26.4542 4.65
      vertex -10.9939 26.9629 4.65
    endloop
  endfacet
  facet normal -0 0 1
    outer loop
      vertex -12.4024 26.7507 4.65
      vertex -11.2554 26.4542 4.65
      vertex -12.0448 27.3595 4.65
    endloop
  endfacet
  facet normal 0 0 1
    outer loop
      vertex -11.2554 26.4542 4.65
      vertex -12.4024 26.7507 4.65
      vertex -11.5873 26.0405 4.65
    endloop
  endfacet
  facet normal 0 0 1
    outer loop
      vertex -11.5873 26.0405 4.65
      vertex -12.4024 26.7507 4.65
      vertex -11.9896 25.7218 4.65
    endloop
  endfacet
  facet normal -0 0 1
    outer loop
      vertex -12.9081 26.3854 4.65
      vertex -11.9896 25.7218 4.65
      vertex -12.4024 26.7507 4.65
    endloop
  endfacet
  facet normal 0 0 1
    outer loop
      vertex -11.9896 25.7218 4.65
      vertex -12.9081 26.3854 4.65
      vertex -12.456 25.4958 4.65
    endloop
  endfacet
  facet normal 0 0 1
    outer loop
      vertex -12.9081 26.3854 4.65
      vertex -12.9801 25.3602 4.65
      vertex -12.456 25.4958 4.65
    endloop
  endfacet
  facet normal -0 0 1
    outer loop
      vertex -13.5618 26.2636 4.65
      vertex -12.9801 25.3602 4.65
      vertex -12.9081 26.3854 4.65
    endloop
  endfacet
  facet normal 0 0 1
    outer loop
      vertex -13.5618 26.2636 4.65
      vertex -13.5618 25.315 4.65
      vertex -12.9801 25.3602 4.65
    endloop
  endfacet
  facet normal 0 0 1
    outer loop
      vertex -14.0668 26.3218 4.65
      vertex -13.5618 25.315 4.65
      vertex -13.5618 26.2636 4.65
    endloop
  endfacet
  facet normal 0 0 1
    outer loop
      vertex -14.0668 26.3218 4.65
      vertex -14.4185 25.4024 4.65
      vertex -13.5618 25.315 4.65
    endloop
  endfacet
  facet normal 0 0 1
    outer loop
      vertex -14.486 26.4962 4.65
      vertex -14.4185 25.4024 4.65
      vertex -14.0668 26.3218 4.65
    endloop
  endfacet
  facet normal 0 0 1
    outer loop
      vertex -15.1348 25.6648 4.65
      vertex -14.486 26.4962 4.65
      vertex -14.8192 26.787 4.65
    endloop
  endfacet
  facet normal 0 0 1
    outer loop
      vertex -15.7107 26.1021 4.65
      vertex -14.8192 26.787 4.65
      vertex -15.0612 27.1882 4.65
    endloop
  endfacet
  facet normal 0 0 1
    outer loop
      vertex -14.486 26.4962 4.65
      vertex -15.1348 25.6648 4.65
      vertex -14.4185 25.4024 4.65
    endloop
  endfacet
  facet normal 0 0 1
    outer loop
      vertex -15.7107 26.1021 4.65
      vertex -15.0612 27.1882 4.65
      vertex -15.2063 27.6939 4.65
    endloop
  endfacet
  facet normal 0 0 1
    outer loop
      vertex -15.7107 26.1021 4.65
      vertex -15.2063 27.6939 4.65
      vertex -15.2547 28.3041 4.65
    endloop
  endfacet
  facet normal 0 0 1
    outer loop
      vertex -14.8192 26.787 4.65
      vertex -15.7107 26.1021 4.65
      vertex -15.1348 25.6648 4.65
    endloop
  endfacet
  facet normal 0 0 1
    outer loop
      vertex -5.81534 31.1583 4.65
      vertex -9.1398 30.226 4.65
      vertex -5.81534 30.226 4.65
    endloop
  endfacet
  facet normal 0 0 1
    outer loop
      vertex -10.3461 31.1583 4.65
      vertex -9.1398 28.7784 4.65
      vertex -9.1398 30.226 4.65
    endloop
  endfacet
  facet normal 0 0 1
    outer loop
      vertex -9.1398 28.7784 4.65
      vertex -10.3461 31.1583 4.65
      vertex -9.1398 27.8461 4.65
    endloop
  endfacet
  facet normal 0 0 1
    outer loop
      vertex -10.3461 25.3968 4.65
      vertex -9.1398 27.8461 4.65
      vertex -10.3461 31.1583 4.65
    endloop
  endfacet
  facet normal -0 0 1
    outer loop
      vertex -10.3461 31.1583 4.65
      vertex -9.1398 30.226 4.65
      vertex -5.81534 31.1583 4.65
    endloop
  endfacet
  facet normal -0 0 1
    outer loop
      vertex -9.1398 28.7784 4.65
      vertex -6.0648 27.8461 4.65
      vertex -6.0648 28.7784 4.65
    endloop
  endfacet
  facet normal 0 0 1
    outer loop
      vertex -6.0648 27.8461 4.65
      vertex -9.1398 28.7784 4.65
      vertex -9.1398 27.8461 4.65
    endloop
  endfacet
  facet normal -0 0 1
    outer loop
      vertex -9.1398 26.3291 4.65
      vertex -5.64771 25.3968 4.65
      vertex -5.64771 26.3291 4.65
    endloop
  endfacet
  facet normal 0 0 1
    outer loop
      vertex -9.1398 26.3291 4.65
      vertex -10.3461 25.3968 4.65
      vertex -5.64771 25.3968 4.65
    endloop
  endfacet
  facet normal 0 0 1
    outer loop
      vertex -9.1398 27.8461 4.65
      vertex -10.3461 25.3968 4.65
      vertex -9.1398 26.3291 4.65
    endloop
  endfacet
  facet normal -0 0 1
    outer loop
      vertex -1.03899 27.8093 4.65
      vertex 0.0323486 25.3968 4.65
      vertex 0.0323486 31.1583 4.65
    endloop
  endfacet
  facet normal 0 0 1
    outer loop
      vertex 0.0323486 25.3968 4.65
      vertex -1.00629 27.0842 4.65
      vertex -0.965424 26.6848 4.65
    endloop
  endfacet
  facet normal 0 0 1
    outer loop
      vertex 0.0323486 25.3968 4.65
      vertex -1.03081 27.459 4.65
      vertex -1.00629 27.0842 4.65
    endloop
  endfacet
  facet normal 0 0 1
    outer loop
      vertex -1.03899 27.8093 4.65
      vertex 0.0323486 31.1583 4.65
      vertex -1.03899 31.1583 4.65
    endloop
  endfacet
  facet normal 0 0 1
    outer loop
      vertex 0.0323486 25.3968 4.65
      vertex -1.03899 27.8093 4.65
      vertex -1.03081 27.459 4.65
    endloop
  endfacet
  facet normal 0 0 1
    outer loop
      vertex -0.965424 26.6848 4.65
      vertex -1.38251 25.3968 4.65
      vertex 0.0323486 25.3968 4.65
    endloop
  endfacet
  facet normal -0 0 1
    outer loop
      vertex -3.89316 29.8334 4.65
      vertex -0.965424 26.6848 4.65
      vertex -3.51291 31.1583 4.65
    endloop
  endfacet
  facet normal 0 0 1
    outer loop
      vertex -0.965424 26.6848 4.65
      vertex -3.89316 29.8334 4.65
      vertex -1.38251 25.3968 4.65
    endloop
  endfacet
  facet normal 0 -0 1
    outer loop
      vertex -3.89316 29.8334 4.65
      vertex -3.51291 31.1583 4.65
      vertex -4.89095 31.1583 4.65
    endloop
  endfacet
  facet normal 0 0 1
    outer loop
      vertex -4.89095 31.1583 4.65
      vertex -3.8196 28.7948 4.65
      vertex -3.82777 29.0846 4.65
    endloop
  endfacet
  facet normal 0 0 1
    outer loop
      vertex -4.89095 31.1583 4.65
      vertex -3.82777 29.0846 4.65
      vertex -3.85229 29.4309 4.65
    endloop
  endfacet
  facet normal 0 0 1
    outer loop
      vertex -4.89095 31.1583 4.65
      vertex -3.85229 29.4309 4.65
      vertex -3.89316 29.8334 4.65
    endloop
  endfacet
  facet normal 0 0 1
    outer loop
      vertex -3.8196 28.7948 4.65
      vertex -4.89095 31.1583 4.65
      vertex -4.89095 25.3968 4.65
    endloop
  endfacet
  facet normal 0 0 1
    outer loop
      vertex -3.8196 28.7948 4.65
      vertex -4.89095 25.3968 4.65
      vertex -3.8196 25.3968 4.65
    endloop
  endfacet
  facet normal 0 0 1
    outer loop
      vertex 5.48077 31.1583 4.65
      vertex 3.6161 30.226 4.65
      vertex 5.48077 30.226 4.65
    endloop
  endfacet
  facet normal 0 0 1
    outer loop
      vertex 3.6161 30.226 4.65
      vertex 2.40981 30.226 4.65
      vertex 3.6161 25.3968 4.65
    endloop
  endfacet
  facet normal 0 0 1
    outer loop
      vertex 5.48077 31.1583 4.65
      vertex 2.40981 30.226 4.65
      vertex 3.6161 30.226 4.65
    endloop
  endfacet
  facet normal -0 0 1
    outer loop
      vertex 0.549316 31.1583 4.65
      vertex 2.40981 30.226 4.65
      vertex 5.48077 31.1583 4.65
    endloop
  endfacet
  facet normal 0 0 1
    outer loop
      vertex 2.40981 30.226 4.65
      vertex 0.549316 31.1583 4.65
      vertex 0.549316 30.226 4.65
    endloop
  endfacet
  facet normal 0 0 1
    outer loop
      vertex 3.6161 25.3968 4.65
      vertex 2.40981 30.226 4.65
      vertex 2.40981 25.3968 4.65
    endloop
  endfacet
  facet normal 0 0 1
    outer loop
      vertex 10.5421 31.1583 4.65
      vertex 7.21762 30.226 4.65
      vertex 10.5421 30.226 4.65
    endloop
  endfacet
  facet normal 0 0 1
    outer loop
      vertex 6.01132 31.1583 4.65
      vertex 7.21762 28.7784 4.65
      vertex 7.21762 30.226 4.65
    endloop
  endfacet
  facet normal 0 0 1
    outer loop
      vertex 7.21762 28.7784 4.65
      vertex 6.01132 31.1583 4.65
      vertex 7.21762 27.8461 4.65
    endloop
  endfacet
  facet normal 0 0 1
    outer loop
      vertex 6.01132 25.3968 4.65
      vertex 7.21762 27.8461 4.65
      vertex 6.01132 31.1583 4.65
    endloop
  endfacet
  facet normal -0 0 1
    outer loop
      vertex 6.01132 31.1583 4.65
      vertex 7.21762 30.226 4.65
      vertex 10.5421 31.1583 4.65
    endloop
  endfacet
  facet normal -0 0 1
    outer loop
      vertex 7.21762 28.7784 4.65
      vertex 10.2926 27.8461 4.65
      vertex 10.2926 28.7784 4.65
    endloop
  endfacet
  facet normal 0 0 1
    outer loop
      vertex 10.2926 27.8461 4.65
      vertex 7.21762 28.7784 4.65
      vertex 7.21762 27.8461 4.65
    endloop
  endfacet
  facet normal -0 0 1
    outer loop
      vertex 7.21762 26.3291 4.65
      vertex 10.7097 25.3968 4.65
      vertex 10.7097 26.3291 4.65
    endloop
  endfacet
  facet normal 0 0 1
    outer loop
      vertex 7.21762 26.3291 4.65
      vertex 6.01132 25.3968 4.65
      vertex 10.7097 25.3968 4.65
    endloop
  endfacet
  facet normal 0 0 1
    outer loop
      vertex 7.21762 27.8461 4.65
      vertex 6.01132 25.3968 4.65
      vertex 7.21762 26.3291 4.65
    endloop
  endfacet
  facet normal 0 0 1
    outer loop
      vertex 16.4338 29.9513 4.65
      vertex 15.1635 29.8529 4.65
      vertex 15.2816 29.3918 4.65
    endloop
  endfacet
  facet normal 0 0 1
    outer loop
      vertex 14.8091 30.1296 4.65
      vertex 15.5101 30.9611 4.65
      vertex 14.9799 31.109 4.65
    endloop
  endfacet
  facet normal 0 0 1
    outer loop
      vertex 15.5101 30.9611 4.65
      vertex 14.8091 30.1296 4.65
      vertex 15.1635 29.8529 4.65
    endloop
  endfacet
  facet normal 0 0 1
    outer loop
      vertex 14.3452 31.1583 4.65
      vertex 14.8091 30.1296 4.65
      vertex 14.9799 31.109 4.65
    endloop
  endfacet
  facet normal 0 0 1
    outer loop
      vertex 14.3452 31.1583 4.65
      vertex 14.2184 30.2219 4.65
      vertex 14.8091 30.1296 4.65
    endloop
  endfacet
  facet normal 0 0 1
    outer loop
      vertex 14.3452 31.1583 4.65
      vertex 12.6728 30.2219 4.65
      vertex 14.2184 30.2219 4.65
    endloop
  endfacet
  facet normal 0 0 1
    outer loop
      vertex 11.4665 31.1583 4.65
      vertex 12.6728 28.5208 4.65
      vertex 12.6728 30.2219 4.65
    endloop
  endfacet
  facet normal 0 0 1
    outer loop
      vertex 11.4665 25.3968 4.65
      vertex 12.6728 28.5208 4.65
      vertex 11.4665 31.1583 4.65
    endloop
  endfacet
  facet normal -0 0 1
    outer loop
      vertex 11.4665 31.1583 4.65
      vertex 12.6728 30.2219 4.65
      vertex 14.3452 31.1583 4.65
    endloop
  endfacet
  facet normal 0 0 1
    outer loop
      vertex 12.6728 28.5208 4.65
      vertex 11.4665 25.3968 4.65
      vertex 12.6728 27.5844 4.65
    endloop
  endfacet
  facet normal 0 0 1
    outer loop
      vertex 12.6728 27.5844 4.65
      vertex 11.4665 25.3968 4.65
      vertex 12.6728 25.3968 4.65
    endloop
  endfacet
  facet normal 0 0 1
    outer loop
      vertex 15.2816 29.3918 4.65
      vertex 16.4961 29.4409 4.65
      vertex 16.4338 29.9513 4.65
    endloop
  endfacet
  facet normal 0 0 1
    outer loop
      vertex 16.4961 29.4409 4.65
      vertex 15.2816 29.3918 4.65
      vertex 16.4579 29.0558 4.65
    endloop
  endfacet
  facet normal 0 0 1
    outer loop
      vertex 15.1635 29.8529 4.65
      vertex 16.4338 29.9513 4.65
      vertex 16.2471 30.3759 4.65
    endloop
  endfacet
  facet normal -0 0 1
    outer loop
      vertex 15.2525 29.1369 4.65
      vertex 16.4579 29.0558 4.65
      vertex 15.2816 29.3918 4.65
    endloop
  endfacet
  facet normal 0 0 1
    outer loop
      vertex 15.1635 29.8529 4.65
      vertex 16.2471 30.3759 4.65
      vertex 15.9359 30.7146 4.65
    endloop
  endfacet
  facet normal 0 0 1
    outer loop
      vertex 16.4579 29.0558 4.65
      vertex 15.2525 29.1369 4.65
      vertex 16.3434 28.7075 4.65
    endloop
  endfacet
  facet normal 0 0 1
    outer loop
      vertex 16.3434 28.7075 4.65
      vertex 15.2525 29.1369 4.65
      vertex 16.1526 28.3961 4.65
    endloop
  endfacet
  facet normal 0 0 1
    outer loop
      vertex 15.1635 29.8529 4.65
      vertex 15.9359 30.7146 4.65
      vertex 15.5101 30.9611 4.65
    endloop
  endfacet
  facet normal -0 0 1
    outer loop
      vertex 15.1653 28.9229 4.65
      vertex 16.1526 28.3961 4.65
      vertex 15.2525 29.1369 4.65
    endloop
  endfacet
  facet normal 0 0 1
    outer loop
      vertex 16.1526 28.3961 4.65
      vertex 15.1653 28.9229 4.65
      vertex 15.8968 28.1364 4.65
    endloop
  endfacet
  facet normal -0 0 1
    outer loop
      vertex 15.0199 28.7498 4.65
      vertex 15.8968 28.1364 4.65
      vertex 15.1653 28.9229 4.65
    endloop
  endfacet
  facet normal 0 0 1
    outer loop
      vertex 15.8968 28.1364 4.65
      vertex 15.0199 28.7498 4.65
      vertex 15.5874 27.9436 4.65
    endloop
  endfacet
  facet normal 0 0 1
    outer loop
      vertex 15.2244 27.8175 4.65
      vertex 15.4247 25.3968 4.65
      vertex 16.7823 25.3968 4.65
    endloop
  endfacet
  facet normal 0 0 1
    outer loop
      vertex 15.5874 27.9436 4.65
      vertex 15.0199 28.7498 4.65
      vertex 15.2244 27.8175 4.65
    endloop
  endfacet
  facet normal -0 0 1
    outer loop
      vertex 14.8182 28.6226 4.65
      vertex 15.2244 27.8175 4.65
      vertex 15.0199 28.7498 4.65
    endloop
  endfacet
  facet normal -0 0 1
    outer loop
      vertex 14.5619 28.5463 4.65
      vertex 15.2244 27.8175 4.65
      vertex 14.8182 28.6226 4.65
    endloop
  endfacet
  facet normal 0 0 1
    outer loop
      vertex 15.2244 27.8175 4.65
      vertex 14.5619 28.5463 4.65
      vertex 14.0876 27.5844 4.65
    endloop
  endfacet
  facet normal 0 0 1
    outer loop
      vertex 14.0876 27.5844 4.65
      vertex 14.5619 28.5463 4.65
      vertex 14.2512 28.5208 4.65
    endloop
  endfacet
  facet normal 0 0 1
    outer loop
      vertex 15.2244 27.8175 4.65
      vertex 14.0876 27.5844 4.65
      vertex 15.4247 25.3968 4.65
    endloop
  endfacet
  facet normal -0 0 1
    outer loop
      vertex 12.6728 28.5208 4.65
      vertex 14.0876 27.5844 4.65
      vertex 14.2512 28.5208 4.65
    endloop
  endfacet
  facet normal 0 0 1
    outer loop
      vertex 14.0876 27.5844 4.65
      vertex 12.6728 28.5208 4.65
      vertex 12.6728 27.5844 4.65
    endloop
  endfacet
  facet normal -0.250481 0.968121 0
    outer loop
      vertex -12.456 25.4958 4.65
      vertex -12.9801 25.3602 5
      vertex -12.456 25.4958 5
    endloop
  endfacet
  facet normal -0.250481 0.968121 0
    outer loop
      vertex -12.9801 25.3602 5
      vertex -12.456 25.4958 4.65
      vertex -12.9801 25.3602 4.65
    endloop
  endfacet
  facet normal -0.436065 0.899915 0
    outer loop
      vertex -11.9896 25.7218 4.65
      vertex -12.456 25.4958 5
      vertex -11.9896 25.7218 5
    endloop
  endfacet
  facet normal -0.436065 0.899915 0
    outer loop
      vertex -12.456 25.4958 5
      vertex -11.9896 25.7218 4.65
      vertex -12.456 25.4958 4.65
    endloop
  endfacet
  facet normal -0.620957 0.783844 0
    outer loop
      vertex -11.5873 26.0405 4.65
      vertex -11.9896 25.7218 5
      vertex -11.5873 26.0405 5
    endloop
  endfacet
  facet normal -0.620957 0.783844 0
    outer loop
      vertex -11.9896 25.7218 5
      vertex -11.5873 26.0405 4.65
      vertex -11.9896 25.7218 4.65
    endloop
  endfacet
  facet normal -0.780004 0.625775 -2.41652e-17
    outer loop
      vertex -11.5873 26.0405 4.65
      vertex -11.2554 26.4542 5
      vertex -11.2554 26.4542 4.65
    endloop
  endfacet
  facet normal -0.780004 0.625775 -2.41652e-17
    outer loop
      vertex -11.2554 26.4542 5
      vertex -11.5873 26.0405 4.65
      vertex -11.5873 26.0405 5
    endloop
  endfacet
  facet normal -0.889371 0.457186 3.7843e-17
    outer loop
      vertex -11.2554 26.4542 4.65
      vertex -10.9939 26.9629 5
      vertex -10.9939 26.9629 4.65
    endloop
  endfacet
  facet normal -0.889371 0.457186 3.7843e-17
    outer loop
      vertex -10.9939 26.9629 5
      vertex -11.2554 26.4542 4.65
      vertex -11.2554 26.4542 5
    endloop
  endfacet
  facet normal -0.353084 -0.935592 0
    outer loop
      vertex -12.0448 27.3595 4.65
      vertex -10.9939 26.9629 5
      vertex -12.0448 27.3595 5
    endloop
  endfacet
  facet normal -0.353084 -0.935592 -0
    outer loop
      vertex -10.9939 26.9629 5
      vertex -12.0448 27.3595 4.65
      vertex -10.9939 26.9629 4.65
    endloop
  endfacet
  facet normal 0.862254 -0.506475 -3.86087e-17
    outer loop
      vertex -12.4024 26.7507 5
      vertex -12.0448 27.3595 4.65
      vertex -12.0448 27.3595 5
    endloop
  endfacet
  facet normal 0.862254 -0.506475 -3.86087e-17
    outer loop
      vertex -12.0448 27.3595 4.65
      vertex -12.4024 26.7507 5
      vertex -12.4024 26.7507 4.65
    endloop
  endfacet
  facet normal 0.585567 -0.810624 0
    outer loop
      vertex -12.9081 26.3854 4.65
      vertex -12.4024 26.7507 5
      vertex -12.9081 26.3854 5
    endloop
  endfacet
  facet normal 0.585567 -0.810624 0
    outer loop
      vertex -12.4024 26.7507 5
      vertex -12.9081 26.3854 4.65
      vertex -12.4024 26.7507 4.65
    endloop
  endfacet
  facet normal 0.183172 -0.983081 0
    outer loop
      vertex -13.5618 26.2636 4.65
      vertex -12.9081 26.3854 5
      vertex -13.5618 26.2636 5
    endloop
  endfacet
  facet normal 0.183172 -0.983081 0
    outer loop
      vertex -12.9081 26.3854 5
      vertex -13.5618 26.2636 4.65
      vertex -12.9081 26.3854 4.65
    endloop
  endfacet
  facet normal -0.11449 -0.993424 0
    outer loop
      vertex -14.0668 26.3218 4.65
      vertex -13.5618 26.2636 5
      vertex -14.0668 26.3218 5
    endloop
  endfacet
  facet normal -0.11449 -0.993424 -0
    outer loop
      vertex -13.5618 26.2636 5
      vertex -14.0668 26.3218 4.65
      vertex -13.5618 26.2636 4.65
    endloop
  endfacet
  facet normal -0.384115 -0.923285 0
    outer loop
      vertex -14.486 26.4962 4.65
      vertex -14.0668 26.3218 5
      vertex -14.486 26.4962 5
    endloop
  endfacet
  facet normal -0.384115 -0.923285 -0
    outer loop
      vertex -14.0668 26.3218 5
      vertex -14.486 26.4962 4.65
      vertex -14.0668 26.3218 4.65
    endloop
  endfacet
  facet normal -0.657544 -0.753417 0
    outer loop
      vertex -14.8192 26.787 4.65
      vertex -14.486 26.4962 5
      vertex -14.8192 26.787 5
    endloop
  endfacet
  facet normal -0.657544 -0.753417 -0
    outer loop
      vertex -14.486 26.4962 5
      vertex -14.8192 26.787 4.65
      vertex -14.486 26.4962 4.65
    endloop
  endfacet
  facet normal -0.856285 -0.516503 -2.06609e-19
    outer loop
      vertex -14.8192 26.787 4.65
      vertex -15.0612 27.1882 5
      vertex -15.0612 27.1882 4.65
    endloop
  endfacet
  facet normal -0.856285 -0.516503 -2.06609e-19
    outer loop
      vertex -15.0612 27.1882 5
      vertex -14.8192 26.787 4.65
      vertex -14.8192 26.787 5
    endloop
  endfacet
  facet normal -0.961215 -0.2758 1.54193e-17
    outer loop
      vertex -15.0612 27.1882 4.65
      vertex -15.2063 27.6939 5
      vertex -15.2063 27.6939 4.65
    endloop
  endfacet
  facet normal -0.961215 -0.2758 1.54193e-17
    outer loop
      vertex -15.2063 27.6939 5
      vertex -15.0612 27.1882 4.65
      vertex -15.0612 27.1882 5
    endloop
  endfacet
  facet normal -0.996869 -0.0790699 3.33688e-18
    outer loop
      vertex -15.2063 27.6939 4.65
      vertex -15.2547 28.3041 5
      vertex -15.2547 28.3041 4.65
    endloop
  endfacet
  facet normal -0.996869 -0.0790699 3.33688e-18
    outer loop
      vertex -15.2547 28.3041 5
      vertex -15.2063 27.6939 4.65
      vertex -15.2063 27.6939 5
    endloop
  endfacet
  facet normal -0.996939 0.0781848 -7.80208e-18
    outer loop
      vertex -15.2547 28.3041 4.65
      vertex -15.2077 28.9034 5
      vertex -15.2077 28.9034 4.65
    endloop
  endfacet
  facet normal -0.996939 0.0781848 -7.80208e-18
    outer loop
      vertex -15.2077 28.9034 5
      vertex -15.2547 28.3041 4.65
      vertex -15.2547 28.3041 5
    endloop
  endfacet
  facet normal -0.961649 0.274285 1.09519e-17
    outer loop
      vertex -15.2077 28.9034 4.65
      vertex -15.0666 29.3981 5
      vertex -15.0666 29.3981 4.65
    endloop
  endfacet
  facet normal -0.961649 0.274285 1.09519e-17
    outer loop
      vertex -15.0666 29.3981 5
      vertex -15.2077 28.9034 4.65
      vertex -15.2077 28.9034 5
    endloop
  endfacet
  facet normal -0.856601 0.51598 1.5212e-17
    outer loop
      vertex -15.0666 29.3981 4.65
      vertex -14.8315 29.7884 5
      vertex -14.8315 29.7884 4.65
    endloop
  endfacet
  facet normal -0.856601 0.51598 1.5212e-17
    outer loop
      vertex -14.8315 29.7884 5
      vertex -15.0666 29.3981 4.65
      vertex -15.0666 29.3981 5
    endloop
  endfacet
  facet normal -0.653825 0.756646 0
    outer loop
      vertex -14.5055 30.0701 4.65
      vertex -14.8315 29.7884 5
      vertex -14.5055 30.0701 5
    endloop
  endfacet
  facet normal -0.653825 0.756646 0
    outer loop
      vertex -14.8315 29.7884 5
      vertex -14.5055 30.0701 4.65
      vertex -14.8315 29.7884 4.65
    endloop
  endfacet
  facet normal -0.378171 0.925736 0
    outer loop
      vertex -14.0918 30.2391 4.65
      vertex -14.5055 30.0701 5
      vertex -14.0918 30.2391 5
    endloop
  endfacet
  facet normal -0.378171 0.925736 0
    outer loop
      vertex -14.5055 30.0701 5
      vertex -14.0918 30.2391 4.65
      vertex -14.5055 30.0701 4.65
    endloop
  endfacet
  facet normal -0.111802 0.99373 0
    outer loop
      vertex -13.5905 30.2955 4.65
      vertex -14.0918 30.2391 5
      vertex -13.5905 30.2955 5
    endloop
  endfacet
  facet normal -0.111802 0.99373 0
    outer loop
      vertex -14.0918 30.2391 5
      vertex -13.5905 30.2955 4.65
      vertex -14.0918 30.2391 4.65
    endloop
  endfacet
  facet normal 0.0828764 0.99656 -0
    outer loop
      vertex -13.249 30.2671 4.65
      vertex -13.5905 30.2955 5
      vertex -13.249 30.2671 5
    endloop
  endfacet
  facet normal 0.0828764 0.99656 0
    outer loop
      vertex -13.5905 30.2955 5
      vertex -13.249 30.2671 4.65
      vertex -13.5905 30.2955 4.65
    endloop
  endfacet
  facet normal 0.264932 0.964267 -0
    outer loop
      vertex -12.9389 30.1819 4.65
      vertex -13.249 30.2671 5
      vertex -12.9389 30.1819 5
    endloop
  endfacet
  facet normal 0.264932 0.964267 0
    outer loop
      vertex -13.249 30.2671 5
      vertex -12.9389 30.1819 4.65
      vertex -13.249 30.2671 4.65
    endloop
  endfacet
  facet normal 0.453978 0.891013 -0
    outer loop
      vertex -12.6602 30.0399 4.65
      vertex -12.9389 30.1819 5
      vertex -12.6602 30.0399 5
    endloop
  endfacet
  facet normal 0.453978 0.891013 0
    outer loop
      vertex -12.9389 30.1819 5
      vertex -12.6602 30.0399 4.65
      vertex -12.9389 30.1819 4.65
    endloop
  endfacet
  facet normal 0.630218 0.776418 -0
    outer loop
      vertex -12.426 29.8498 4.65
      vertex -12.6602 30.0399 5
      vertex -12.426 29.8498 5
    endloop
  endfacet
  facet normal 0.630218 0.776418 0
    outer loop
      vertex -12.6602 30.0399 5
      vertex -12.426 29.8498 4.65
      vertex -12.6602 30.0399 4.65
    endloop
  endfacet
  facet normal 0.792945 0.609294 1.4971e-17
    outer loop
      vertex -12.2495 29.6201 5
      vertex -12.426 29.8498 4.65
      vertex -12.426 29.8498 5
    endloop
  endfacet
  facet normal 0.792945 0.609294 1.4971e-17
    outer loop
      vertex -12.426 29.8498 4.65
      vertex -12.2495 29.6201 5
      vertex -12.2495 29.6201 4.65
    endloop
  endfacet
  facet normal 0.914874 0.403741 3.31948e-17
    outer loop
      vertex -12.1307 29.3509 5
      vertex -12.2495 29.6201 4.65
      vertex -12.2495 29.6201 5
    endloop
  endfacet
  facet normal 0.914874 0.403741 3.31948e-17
    outer loop
      vertex -12.2495 29.6201 4.65
      vertex -12.1307 29.3509 5
      vertex -12.1307 29.3509 4.65
    endloop
  endfacet
  facet normal -0.263401 0.964686 0
    outer loop
      vertex -11.0675 29.6412 4.65
      vertex -12.1307 29.3509 5
      vertex -11.0675 29.6412 5
    endloop
  endfacet
  facet normal -0.263401 0.964686 0
    outer loop
      vertex -12.1307 29.3509 5
      vertex -11.0675 29.6412 4.65
      vertex -12.1307 29.3509 4.65
    endloop
  endfacet
  facet normal -0.914465 -0.404664 3.69032e-17
    outer loop
      vertex -11.0675 29.6412 4.65
      vertex -11.2815 30.1248 5
      vertex -11.2815 30.1248 4.65
    endloop
  endfacet
  facet normal -0.914465 -0.404664 3.69032e-17
    outer loop
      vertex -11.2815 30.1248 5
      vertex -11.0675 29.6412 4.65
      vertex -11.0675 29.6412 5
    endloop
  endfacet
  facet normal -0.800506 -0.599325 -3.27694e-17
    outer loop
      vertex -11.2815 30.1248 4.65
      vertex -11.58 30.5235 5
      vertex -11.58 30.5235 4.65
    endloop
  endfacet
  facet normal -0.800506 -0.599325 -3.27694e-17
    outer loop
      vertex -11.58 30.5235 5
      vertex -11.2815 30.1248 4.65
      vertex -11.2815 30.1248 5
    endloop
  endfacet
  facet normal -0.633546 -0.773705 0
    outer loop
      vertex -11.9631 30.8372 4.65
      vertex -11.58 30.5235 5
      vertex -11.9631 30.8372 5
    endloop
  endfacet
  facet normal -0.633546 -0.773705 -0
    outer loop
      vertex -11.58 30.5235 5
      vertex -11.9631 30.8372 4.65
      vertex -11.58 30.5235 4.65
    endloop
  endfacet
  facet normal -0.435767 -0.900059 0
    outer loop
      vertex -12.4301 31.0633 4.65
      vertex -11.9631 30.8372 5
      vertex -12.4301 31.0633 5
    endloop
  endfacet
  facet normal -0.435767 -0.900059 -0
    outer loop
      vertex -11.9631 30.8372 5
      vertex -12.4301 31.0633 4.65
      vertex -11.9631 30.8372 4.65
    endloop
  endfacet
  facet normal -0.239091 -0.970997 0
    outer loop
      vertex -12.9808 31.1989 4.65
      vertex -12.4301 31.0633 5
      vertex -12.9808 31.1989 5
    endloop
  endfacet
  facet normal -0.239091 -0.970997 -0
    outer loop
      vertex -12.4301 31.0633 5
      vertex -12.9808 31.1989 4.65
      vertex -12.4301 31.0633 4.65
    endloop
  endfacet
  facet normal -0.071247 -0.997459 0
    outer loop
      vertex -13.615 31.2442 4.65
      vertex -12.9808 31.1989 5
      vertex -13.615 31.2442 5
    endloop
  endfacet
  facet normal -0.071247 -0.997459 -0
    outer loop
      vertex -12.9808 31.1989 5
      vertex -13.615 31.2442 4.65
      vertex -12.9808 31.1989 4.65
    endloop
  endfacet
  facet normal 0.098615 -0.995126 0
    outer loop
      vertex -14.4687 31.1596 4.65
      vertex -13.615 31.2442 5
      vertex -14.4687 31.1596 5
    endloop
  endfacet
  facet normal 0.098615 -0.995126 0
    outer loop
      vertex -13.615 31.2442 5
      vertex -14.4687 31.1596 4.65
      vertex -13.615 31.2442 4.65
    endloop
  endfacet
  facet normal 0.337306 -0.941395 0
    outer loop
      vertex -15.1762 30.9061 4.65
      vertex -14.4687 31.1596 5
      vertex -15.1762 30.9061 5
    endloop
  endfacet
  facet normal 0.337306 -0.941395 0
    outer loop
      vertex -14.4687 31.1596 5
      vertex -15.1762 30.9061 4.65
      vertex -14.4687 31.1596 4.65
    endloop
  endfacet
  facet normal 0.601525 -0.798854 0
    outer loop
      vertex -15.7373 30.4836 4.65
      vertex -15.1762 30.9061 5
      vertex -15.7373 30.4836 5
    endloop
  endfacet
  facet normal 0.601525 -0.798854 0
    outer loop
      vertex -15.1762 30.9061 5
      vertex -15.7373 30.4836 4.65
      vertex -15.1762 30.9061 4.65
    endloop
  endfacet
  facet normal 0.818927 -0.573898 7.37825e-18
    outer loop
      vertex -16.1439 29.9034 5
      vertex -15.7373 30.4836 4.65
      vertex -15.7373 30.4836 5
    endloop
  endfacet
  facet normal 0.818927 -0.573898 7.37825e-18
    outer loop
      vertex -15.7373 30.4836 4.65
      vertex -16.1439 29.9034 5
      vertex -16.1439 29.9034 4.65
    endloop
  endfacet
  facet normal 0.947963 -0.31838 2.14732e-17
    outer loop
      vertex -16.3879 29.1769 5
      vertex -16.1439 29.9034 4.65
      vertex -16.1439 29.9034 5
    endloop
  endfacet
  facet normal 0.947963 -0.31838 2.14732e-17
    outer loop
      vertex -16.1439 29.9034 4.65
      vertex -16.3879 29.1769 5
      vertex -16.3879 29.1769 4.65
    endloop
  endfacet
  facet normal 0.99569 -0.092747 -2.60623e-18
    outer loop
      vertex -16.4692 28.3041 5
      vertex -16.3879 29.1769 4.65
      vertex -16.3879 29.1769 5
    endloop
  endfacet
  facet normal 0.99569 -0.092747 -2.60623e-18
    outer loop
      vertex -16.3879 29.1769 4.65
      vertex -16.4692 28.3041 5
      vertex -16.4692 28.3041 4.65
    endloop
  endfacet
  facet normal 0.995375 0.096062 1.80247e-17
    outer loop
      vertex -16.3849 27.4306 5
      vertex -16.4692 28.3041 4.65
      vertex -16.4692 28.3041 5
    endloop
  endfacet
  facet normal 0.995375 0.096062 1.80247e-17
    outer loop
      vertex -16.4692 28.3041 4.65
      vertex -16.3849 27.4306 5
      vertex -16.3849 27.4306 4.65
    endloop
  endfacet
  facet normal 0.945493 0.325641 -5.38689e-18
    outer loop
      vertex -16.1321 26.6966 5
      vertex -16.3849 27.4306 4.65
      vertex -16.3849 27.4306 5
    endloop
  endfacet
  facet normal 0.945493 0.325641 -5.38689e-18
    outer loop
      vertex -16.3849 27.4306 4.65
      vertex -16.1321 26.6966 5
      vertex -16.1321 26.6966 4.65
    endloop
  endfacet
  facet normal 0.815833 0.578288 5.20748e-18
    outer loop
      vertex -15.7107 26.1021 5
      vertex -16.1321 26.6966 4.65
      vertex -16.1321 26.6966 5
    endloop
  endfacet
  facet normal 0.815833 0.578288 5.20748e-18
    outer loop
      vertex -16.1321 26.6966 4.65
      vertex -15.7107 26.1021 5
      vertex -15.7107 26.1021 4.65
    endloop
  endfacet
  facet normal 0.604747 0.796418 -0
    outer loop
      vertex -15.1348 25.6648 4.65
      vertex -15.7107 26.1021 5
      vertex -15.1348 25.6648 5
    endloop
  endfacet
  facet normal 0.604747 0.796418 0
    outer loop
      vertex -15.7107 26.1021 5
      vertex -15.1348 25.6648 4.65
      vertex -15.7107 26.1021 4.65
    endloop
  endfacet
  facet normal 0.343973 0.938979 -0
    outer loop
      vertex -14.4185 25.4024 4.65
      vertex -15.1348 25.6648 5
      vertex -14.4185 25.4024 5
    endloop
  endfacet
  facet normal 0.343973 0.938979 0
    outer loop
      vertex -15.1348 25.6648 5
      vertex -14.4185 25.4024 4.65
      vertex -15.1348 25.6648 4.65
    endloop
  endfacet
  facet normal 0.101493 0.994836 -0
    outer loop
      vertex -13.5618 25.315 4.65
      vertex -14.4185 25.4024 5
      vertex -13.5618 25.315 5
    endloop
  endfacet
  facet normal 0.101493 0.994836 0
    outer loop
      vertex -14.4185 25.4024 5
      vertex -13.5618 25.315 4.65
      vertex -14.4185 25.4024 4.65
    endloop
  endfacet
  facet normal -0.0774698 0.996995 0
    outer loop
      vertex -12.9801 25.3602 4.65
      vertex -13.5618 25.315 5
      vertex -12.9801 25.3602 5
    endloop
  endfacet
  facet normal -0.0774698 0.996995 0
    outer loop
      vertex -13.5618 25.315 5
      vertex -12.9801 25.3602 4.65
      vertex -13.5618 25.315 4.65
    endloop
  endfacet
  facet normal 0 -1 0
    outer loop
      vertex -9.1398 26.3291 4.65
      vertex -5.64771 26.3291 5
      vertex -9.1398 26.3291 5
    endloop
  endfacet
  facet normal 0 -1 -0
    outer loop
      vertex -5.64771 26.3291 5
      vertex -9.1398 26.3291 4.65
      vertex -5.64771 26.3291 4.65
    endloop
  endfacet
  facet normal -1 0 0
    outer loop
      vertex -9.1398 26.3291 4.65
      vertex -9.1398 27.8461 5
      vertex -9.1398 27.8461 4.65
    endloop
  endfacet
  facet normal -1 -0 0
    outer loop
      vertex -9.1398 27.8461 5
      vertex -9.1398 26.3291 4.65
      vertex -9.1398 26.3291 5
    endloop
  endfacet
  facet normal 0 1 -0
    outer loop
      vertex -6.0648 27.8461 4.65
      vertex -9.1398 27.8461 5
      vertex -6.0648 27.8461 5
    endloop
  endfacet
  facet normal 0 1 0
    outer loop
      vertex -9.1398 27.8461 5
      vertex -6.0648 27.8461 4.65
      vertex -9.1398 27.8461 4.65
    endloop
  endfacet
  facet normal -1 0 0
    outer loop
      vertex -6.0648 27.8461 4.65
      vertex -6.0648 28.7784 5
      vertex -6.0648 28.7784 4.65
    endloop
  endfacet
  facet normal -1 -0 0
    outer loop
      vertex -6.0648 28.7784 5
      vertex -6.0648 27.8461 4.65
      vertex -6.0648 27.8461 5
    endloop
  endfacet
  facet normal 0 -1 0
    outer loop
      vertex -9.1398 28.7784 4.65
      vertex -6.0648 28.7784 5
      vertex -9.1398 28.7784 5
    endloop
  endfacet
  facet normal 0 -1 -0
    outer loop
      vertex -6.0648 28.7784 5
      vertex -9.1398 28.7784 4.65
      vertex -6.0648 28.7784 4.65
    endloop
  endfacet
  facet normal -1 0 0
    outer loop
      vertex -9.1398 28.7784 4.65
      vertex -9.1398 30.226 5
      vertex -9.1398 30.226 4.65
    endloop
  endfacet
  facet normal -1 -0 0
    outer loop
      vertex -9.1398 30.226 5
      vertex -9.1398 28.7784 4.65
      vertex -9.1398 28.7784 5
    endloop
  endfacet
  facet normal 0 1 -0
    outer loop
      vertex -5.81534 30.226 4.65
      vertex -9.1398 30.226 5
      vertex -5.81534 30.226 5
    endloop
  endfacet
  facet normal 0 1 0
    outer loop
      vertex -9.1398 30.226 5
      vertex -5.81534 30.226 4.65
      vertex -9.1398 30.226 4.65
    endloop
  endfacet
  facet normal -1 0 0
    outer loop
      vertex -5.81534 30.226 4.65
      vertex -5.81534 31.1583 5
      vertex -5.81534 31.1583 4.65
    endloop
  endfacet
  facet normal -1 -0 0
    outer loop
      vertex -5.81534 31.1583 5
      vertex -5.81534 30.226 4.65
      vertex -5.81534 30.226 5
    endloop
  endfacet
  facet normal 0 -1 0
    outer loop
      vertex -10.3461 31.1583 4.65
      vertex -5.81534 31.1583 5
      vertex -10.3461 31.1583 5
    endloop
  endfacet
  facet normal 0 -1 -0
    outer loop
      vertex -5.81534 31.1583 5
      vertex -10.3461 31.1583 4.65
      vertex -5.81534 31.1583 4.65
    endloop
  endfacet
  facet normal 1 -0 0
    outer loop
      vertex -10.3461 25.3968 5
      vertex -10.3461 31.1583 4.65
      vertex -10.3461 31.1583 5
    endloop
  endfacet
  facet normal 1 0 0
    outer loop
      vertex -10.3461 31.1583 4.65
      vertex -10.3461 25.3968 5
      vertex -10.3461 25.3968 4.65
    endloop
  endfacet
  facet normal 0 1 -0
    outer loop
      vertex -5.64771 25.3968 4.65
      vertex -10.3461 25.3968 5
      vertex -5.64771 25.3968 5
    endloop
  endfacet
  facet normal 0 1 0
    outer loop
      vertex -10.3461 25.3968 5
      vertex -5.64771 25.3968 4.65
      vertex -10.3461 25.3968 4.65
    endloop
  endfacet
  facet normal -1 0 0
    outer loop
      vertex -5.64771 25.3968 4.65
      vertex -5.64771 26.3291 5
      vertex -5.64771 26.3291 4.65
    endloop
  endfacet
  facet normal -1 -0 0
    outer loop
      vertex -5.64771 26.3291 5
      vertex -5.64771 25.3968 4.65
      vertex -5.64771 25.3968 5
    endloop
  endfacet
  facet normal -0.999603 -0.0281807 3.21382e-19
    outer loop
      vertex -3.8196 28.7948 4.65
      vertex -3.82777 29.0846 5
      vertex -3.82777 29.0846 4.65
    endloop
  endfacet
  facet normal -0.999603 -0.0281807 3.21382e-19
    outer loop
      vertex -3.82777 29.0846 5
      vertex -3.8196 28.7948 4.65
      vertex -3.8196 28.7948 5
    endloop
  endfacet
  facet normal -0.997503 -0.0706288 3.03935e-18
    outer loop
      vertex -3.82777 29.0846 4.65
      vertex -3.85229 29.4309 5
      vertex -3.85229 29.4309 4.65
    endloop
  endfacet
  facet normal -0.997503 -0.0706288 3.03935e-18
    outer loop
      vertex -3.85229 29.4309 5
      vertex -3.82777 29.0846 4.65
      vertex -3.82777 29.0846 5
    endloop
  endfacet
  facet normal -0.994884 -0.101021 -8.67375e-18
    outer loop
      vertex -3.85229 29.4309 4.65
      vertex -3.89316 29.8334 5
      vertex -3.89316 29.8334 4.65
    endloop
  endfacet
  facet normal -0.994884 -0.101021 -8.67375e-18
    outer loop
      vertex -3.89316 29.8334 5
      vertex -3.85229 29.4309 4.65
      vertex -3.85229 29.4309 5
    endloop
  endfacet
  facet normal 0.87031 0.492504 -9.28516e-17
    outer loop
      vertex -1.38251 25.3968 5
      vertex -3.89316 29.8334 4.65
      vertex -3.89316 29.8334 5
    endloop
  endfacet
  facet normal 0.87031 0.492504 -9.28516e-17
    outer loop
      vertex -3.89316 29.8334 4.65
      vertex -1.38251 25.3968 5
      vertex -1.38251 25.3968 4.65
    endloop
  endfacet
  facet normal 0 1 -0
    outer loop
      vertex 0.0323486 25.3968 4.65
      vertex -1.38251 25.3968 5
      vertex 0.0323486 25.3968 5
    endloop
  endfacet
  facet normal 0 1 0
    outer loop
      vertex -1.38251 25.3968 5
      vertex 0.0323486 25.3968 4.65
      vertex -1.38251 25.3968 4.65
    endloop
  endfacet
  facet normal -1 0 0
    outer loop
      vertex 0.0323486 25.3968 4.65
      vertex 0.0323486 31.1583 5
      vertex 0.0323486 31.1583 4.65
    endloop
  endfacet
  facet normal -1 -0 0
    outer loop
      vertex 0.0323486 31.1583 5
      vertex 0.0323486 25.3968 4.65
      vertex 0.0323486 25.3968 5
    endloop
  endfacet
  facet normal 0 -1 0
    outer loop
      vertex -1.03899 31.1583 4.65
      vertex 0.0323486 31.1583 5
      vertex -1.03899 31.1583 5
    endloop
  endfacet
  facet normal 0 -1 -0
    outer loop
      vertex 0.0323486 31.1583 5
      vertex -1.03899 31.1583 4.65
      vertex 0.0323486 31.1583 4.65
    endloop
  endfacet
  facet normal 1 -0 0
    outer loop
      vertex -1.03899 27.8093 5
      vertex -1.03899 31.1583 4.65
      vertex -1.03899 31.1583 5
    endloop
  endfacet
  facet normal 1 0 0
    outer loop
      vertex -1.03899 31.1583 4.65
      vertex -1.03899 27.8093 5
      vertex -1.03899 27.8093 4.65
    endloop
  endfacet
  facet normal 0.999727 0.023345 9.68672e-19
    outer loop
      vertex -1.03081 27.459 5
      vertex -1.03899 27.8093 4.65
      vertex -1.03899 27.8093 5
    endloop
  endfacet
  facet normal 0.999727 0.023345 9.68672e-19
    outer loop
      vertex -1.03899 27.8093 4.65
      vertex -1.03081 27.459 5
      vertex -1.03081 27.459 4.65
    endloop
  endfacet
  facet normal 0.997867 0.065282 -5.43166e-18
    outer loop
      vertex -1.00629 27.0842 5
      vertex -1.03081 27.459 4.65
      vertex -1.03081 27.459 5
    endloop
  endfacet
  facet normal 0.997867 0.065282 -5.43166e-18
    outer loop
      vertex -1.03081 27.459 4.65
      vertex -1.00629 27.0842 5
      vertex -1.00629 27.0842 4.65
    endloop
  endfacet
  facet normal 0.994806 0.101787 5.63002e-18
    outer loop
      vertex -0.965424 26.6848 5
      vertex -1.00629 27.0842 4.65
      vertex -1.00629 27.0842 5
    endloop
  endfacet
  facet normal 0.994806 0.101787 5.63002e-18
    outer loop
      vertex -1.00629 27.0842 4.65
      vertex -0.965424 26.6848 5
      vertex -0.965424 26.6848 4.65
    endloop
  endfacet
  facet normal -0.868979 -0.49485 2.04108e-16
    outer loop
      vertex -0.965424 26.6848 4.65
      vertex -3.51291 31.1583 5
      vertex -3.51291 31.1583 4.65
    endloop
  endfacet
  facet normal -0.868979 -0.49485 2.04108e-16
    outer loop
      vertex -3.51291 31.1583 5
      vertex -0.965424 26.6848 4.65
      vertex -0.965424 26.6848 5
    endloop
  endfacet
  facet normal 0 -1 0
    outer loop
      vertex -4.89095 31.1583 4.65
      vertex -3.51291 31.1583 5
      vertex -4.89095 31.1583 5
    endloop
  endfacet
  facet normal 0 -1 -0
    outer loop
      vertex -3.51291 31.1583 5
      vertex -4.89095 31.1583 4.65
      vertex -3.51291 31.1583 4.65
    endloop
  endfacet
  facet normal 1 -0 0
    outer loop
      vertex -4.89095 25.3968 5
      vertex -4.89095 31.1583 4.65
      vertex -4.89095 31.1583 5
    endloop
  endfacet
  facet normal 1 0 0
    outer loop
      vertex -4.89095 31.1583 4.65
      vertex -4.89095 25.3968 5
      vertex -4.89095 25.3968 4.65
    endloop
  endfacet
  facet normal 0 1 -0
    outer loop
      vertex -3.8196 25.3968 4.65
      vertex -4.89095 25.3968 5
      vertex -3.8196 25.3968 5
    endloop
  endfacet
  facet normal 0 1 0
    outer loop
      vertex -4.89095 25.3968 5
      vertex -3.8196 25.3968 4.65
      vertex -4.89095 25.3968 4.65
    endloop
  endfacet
  facet normal -1 0 0
    outer loop
      vertex -3.8196 25.3968 4.65
      vertex -3.8196 28.7948 5
      vertex -3.8196 28.7948 4.65
    endloop
  endfacet
  facet normal -1 -0 0
    outer loop
      vertex -3.8196 28.7948 5
      vertex -3.8196 25.3968 4.65
      vertex -3.8196 25.3968 5
    endloop
  endfacet
  facet normal 0 1 -0
    outer loop
      vertex 5.48077 30.226 4.65
      vertex 3.6161 30.226 5
      vertex 5.48077 30.226 5
    endloop
  endfacet
  facet normal 0 1 0
    outer loop
      vertex 3.6161 30.226 5
      vertex 5.48077 30.226 4.65
      vertex 3.6161 30.226 4.65
    endloop
  endfacet
  facet normal -1 0 0
    outer loop
      vertex 5.48077 30.226 4.65
      vertex 5.48077 31.1583 5
      vertex 5.48077 31.1583 4.65
    endloop
  endfacet
  facet normal -1 -0 0
    outer loop
      vertex 5.48077 31.1583 5
      vertex 5.48077 30.226 4.65
      vertex 5.48077 30.226 5
    endloop
  endfacet
  facet normal 0 -1 0
    outer loop
      vertex 0.549316 31.1583 4.65
      vertex 5.48077 31.1583 5
      vertex 0.549316 31.1583 5
    endloop
  endfacet
  facet normal 0 -1 -0
    outer loop
      vertex 5.48077 31.1583 5
      vertex 0.549316 31.1583 4.65
      vertex 5.48077 31.1583 4.65
    endloop
  endfacet
  facet normal 1 -0 0
    outer loop
      vertex 0.549316 30.226 5
      vertex 0.549316 31.1583 4.65
      vertex 0.549316 31.1583 5
    endloop
  endfacet
  facet normal 1 0 0
    outer loop
      vertex 0.549316 31.1583 4.65
      vertex 0.549316 30.226 5
      vertex 0.549316 30.226 4.65
    endloop
  endfacet
  facet normal 0 1 -0
    outer loop
      vertex 2.40981 30.226 4.65
      vertex 0.549316 30.226 5
      vertex 2.40981 30.226 5
    endloop
  endfacet
  facet normal 0 1 0
    outer loop
      vertex 0.549316 30.226 5
      vertex 2.40981 30.226 4.65
      vertex 0.549316 30.226 4.65
    endloop
  endfacet
  facet normal 1 -0 0
    outer loop
      vertex 2.40981 25.3968 5
      vertex 2.40981 30.226 4.65
      vertex 2.40981 30.226 5
    endloop
  endfacet
  facet normal 1 0 0
    outer loop
      vertex 2.40981 30.226 4.65
      vertex 2.40981 25.3968 5
      vertex 2.40981 25.3968 4.65
    endloop
  endfacet
  facet normal 0 1 -0
    outer loop
      vertex 3.6161 25.3968 4.65
      vertex 2.40981 25.3968 5
      vertex 3.6161 25.3968 5
    endloop
  endfacet
  facet normal 0 1 0
    outer loop
      vertex 2.40981 25.3968 5
      vertex 3.6161 25.3968 4.65
      vertex 2.40981 25.3968 4.65
    endloop
  endfacet
  facet normal -1 0 0
    outer loop
      vertex 3.6161 25.3968 4.65
      vertex 3.6161 30.226 5
      vertex 3.6161 30.226 4.65
    endloop
  endfacet
  facet normal -1 -0 0
    outer loop
      vertex 3.6161 30.226 5
      vertex 3.6161 25.3968 4.65
      vertex 3.6161 25.3968 5
    endloop
  endfacet
  facet normal 0 -1 0
    outer loop
      vertex 7.21762 26.3291 4.65
      vertex 10.7097 26.3291 5
      vertex 7.21762 26.3291 5
    endloop
  endfacet
  facet normal 0 -1 -0
    outer loop
      vertex 10.7097 26.3291 5
      vertex 7.21762 26.3291 4.65
      vertex 10.7097 26.3291 4.65
    endloop
  endfacet
  facet normal -1 0 0
    outer loop
      vertex 7.21762 26.3291 4.65
      vertex 7.21762 27.8461 5
      vertex 7.21762 27.8461 4.65
    endloop
  endfacet
  facet normal -1 -0 0
    outer loop
      vertex 7.21762 27.8461 5
      vertex 7.21762 26.3291 4.65
      vertex 7.21762 26.3291 5
    endloop
  endfacet
  facet normal 0 1 -0
    outer loop
      vertex 10.2926 27.8461 4.65
      vertex 7.21762 27.8461 5
      vertex 10.2926 27.8461 5
    endloop
  endfacet
  facet normal 0 1 0
    outer loop
      vertex 7.21762 27.8461 5
      vertex 10.2926 27.8461 4.65
      vertex 7.21762 27.8461 4.65
    endloop
  endfacet
  facet normal -1 0 0
    outer loop
      vertex 10.2926 27.8461 4.65
      vertex 10.2926 28.7784 5
      vertex 10.2926 28.7784 4.65
    endloop
  endfacet
  facet normal -1 -0 0
    outer loop
      vertex 10.2926 28.7784 5
      vertex 10.2926 27.8461 4.65
      vertex 10.2926 27.8461 5
    endloop
  endfacet
  facet normal 0 -1 0
    outer loop
      vertex 7.21762 28.7784 4.65
      vertex 10.2926 28.7784 5
      vertex 7.21762 28.7784 5
    endloop
  endfacet
  facet normal 0 -1 -0
    outer loop
      vertex 10.2926 28.7784 5
      vertex 7.21762 28.7784 4.65
      vertex 10.2926 28.7784 4.65
    endloop
  endfacet
  facet normal -1 0 0
    outer loop
      vertex 7.21762 28.7784 4.65
      vertex 7.21762 30.226 5
      vertex 7.21762 30.226 4.65
    endloop
  endfacet
  facet normal -1 -0 0
    outer loop
      vertex 7.21762 30.226 5
      vertex 7.21762 28.7784 4.65
      vertex 7.21762 28.7784 5
    endloop
  endfacet
  facet normal 0 1 -0
    outer loop
      vertex 10.5421 30.226 4.65
      vertex 7.21762 30.226 5
      vertex 10.5421 30.226 5
    endloop
  endfacet
  facet normal 0 1 0
    outer loop
      vertex 7.21762 30.226 5
      vertex 10.5421 30.226 4.65
      vertex 7.21762 30.226 4.65
    endloop
  endfacet
  facet normal -1 0 0
    outer loop
      vertex 10.5421 30.226 4.65
      vertex 10.5421 31.1583 5
      vertex 10.5421 31.1583 4.65
    endloop
  endfacet
  facet normal -1 -0 0
    outer loop
      vertex 10.5421 31.1583 5
      vertex 10.5421 30.226 4.65
      vertex 10.5421 30.226 5
    endloop
  endfacet
  facet normal 0 -1 0
    outer loop
      vertex 6.01132 31.1583 4.65
      vertex 10.5421 31.1583 5
      vertex 6.01132 31.1583 5
    endloop
  endfacet
  facet normal 0 -1 -0
    outer loop
      vertex 10.5421 31.1583 5
      vertex 6.01132 31.1583 4.65
      vertex 10.5421 31.1583 4.65
    endloop
  endfacet
  facet normal 1 -0 0
    outer loop
      vertex 6.01132 25.3968 5
      vertex 6.01132 31.1583 4.65
      vertex 6.01132 31.1583 5
    endloop
  endfacet
  facet normal 1 0 0
    outer loop
      vertex 6.01132 31.1583 4.65
      vertex 6.01132 25.3968 5
      vertex 6.01132 25.3968 4.65
    endloop
  endfacet
  facet normal 0 1 -0
    outer loop
      vertex 10.7097 25.3968 4.65
      vertex 6.01132 25.3968 5
      vertex 10.7097 25.3968 5
    endloop
  endfacet
  facet normal 0 1 0
    outer loop
      vertex 6.01132 25.3968 5
      vertex 10.7097 25.3968 4.65
      vertex 6.01132 25.3968 4.65
    endloop
  endfacet
  facet normal -1 0 0
    outer loop
      vertex 10.7097 25.3968 4.65
      vertex 10.7097 26.3291 5
      vertex 10.7097 26.3291 4.65
    endloop
  endfacet
  facet normal -1 -0 0
    outer loop
      vertex 10.7097 26.3291 5
      vertex 10.7097 25.3968 4.65
      vertex 10.7097 25.3968 5
    endloop
  endfacet
  facet normal 0 1 -0
    outer loop
      vertex 14.0876 27.5844 4.65
      vertex 12.6728 27.5844 5
      vertex 14.0876 27.5844 5
    endloop
  endfacet
  facet normal 0 1 0
    outer loop
      vertex 12.6728 27.5844 5
      vertex 14.0876 27.5844 4.65
      vertex 12.6728 27.5844 4.65
    endloop
  endfacet
  facet normal 0.853241 0.521516 7.56346e-17
    outer loop
      vertex 15.4247 25.3968 5
      vertex 14.0876 27.5844 4.65
      vertex 14.0876 27.5844 5
    endloop
  endfacet
  facet normal 0.853241 0.521516 7.56346e-17
    outer loop
      vertex 14.0876 27.5844 4.65
      vertex 15.4247 25.3968 5
      vertex 15.4247 25.3968 4.65
    endloop
  endfacet
  facet normal 0 1 -0
    outer loop
      vertex 16.7823 25.3968 4.65
      vertex 15.4247 25.3968 5
      vertex 16.7823 25.3968 5
    endloop
  endfacet
  facet normal 0 1 0
    outer loop
      vertex 15.4247 25.3968 5
      vertex 16.7823 25.3968 4.65
      vertex 15.4247 25.3968 4.65
    endloop
  endfacet
  facet normal -0.840904 -0.541184 -1.79491e-16
    outer loop
      vertex 16.7823 25.3968 4.65
      vertex 15.2244 27.8175 5
      vertex 15.2244 27.8175 4.65
    endloop
  endfacet
  facet normal -0.840904 -0.541184 -1.79491e-16
    outer loop
      vertex 15.2244 27.8175 5
      vertex 16.7823 25.3968 4.65
      vertex 16.7823 25.3968 5
    endloop
  endfacet
  facet normal -0.328147 0.944627 0
    outer loop
      vertex 15.5874 27.9436 4.65
      vertex 15.2244 27.8175 5
      vertex 15.5874 27.9436 5
    endloop
  endfacet
  facet normal -0.328147 0.944627 0
    outer loop
      vertex 15.2244 27.8175 5
      vertex 15.5874 27.9436 4.65
      vertex 15.2244 27.8175 4.65
    endloop
  endfacet
  facet normal -0.528864 0.848706 0
    outer loop
      vertex 15.8968 28.1364 4.65
      vertex 15.5874 27.9436 5
      vertex 15.8968 28.1364 5
    endloop
  endfacet
  facet normal -0.528864 0.848706 0
    outer loop
      vertex 15.5874 27.9436 5
      vertex 15.8968 28.1364 4.65
      vertex 15.5874 27.9436 4.65
    endloop
  endfacet
  facet normal -0.712436 0.701737 -1.54026e-18
    outer loop
      vertex 15.8968 28.1364 4.65
      vertex 16.1526 28.3961 5
      vertex 16.1526 28.3961 4.65
    endloop
  endfacet
  facet normal -0.712436 0.701737 -1.54026e-18
    outer loop
      vertex 16.1526 28.3961 5
      vertex 15.8968 28.1364 4.65
      vertex 15.8968 28.1364 5
    endloop
  endfacet
  facet normal -0.852672 0.522446 -1.44196e-17
    outer loop
      vertex 16.1526 28.3961 4.65
      vertex 16.3434 28.7075 5
      vertex 16.3434 28.7075 4.65
    endloop
  endfacet
  facet normal -0.852672 0.522446 -1.44196e-17
    outer loop
      vertex 16.3434 28.7075 5
      vertex 16.1526 28.3961 4.65
      vertex 16.1526 28.3961 5
    endloop
  endfacet
  facet normal -0.949984 0.312297 2.42909e-18
    outer loop
      vertex 16.3434 28.7075 4.65
      vertex 16.4579 29.0558 5
      vertex 16.4579 29.0558 4.65
    endloop
  endfacet
  facet normal -0.949984 0.312297 2.42909e-18
    outer loop
      vertex 16.4579 29.0558 5
      vertex 16.3434 28.7075 4.65
      vertex 16.3434 28.7075 5
    endloop
  endfacet
  facet normal -0.995116 0.0987106 4.06486e-18
    outer loop
      vertex 16.4579 29.0558 4.65
      vertex 16.4961 29.4409 5
      vertex 16.4961 29.4409 4.65
    endloop
  endfacet
  facet normal -0.995116 0.0987106 4.06486e-18
    outer loop
      vertex 16.4961 29.4409 5
      vertex 16.4579 29.0558 4.65
      vertex 16.4579 29.0558 5
    endloop
  endfacet
  facet normal -0.992633 -0.121162 -1.63791e-17
    outer loop
      vertex 16.4961 29.4409 4.65
      vertex 16.4338 29.9513 5
      vertex 16.4338 29.9513 4.65
    endloop
  endfacet
  facet normal -0.992633 -0.121162 -1.63791e-17
    outer loop
      vertex 16.4338 29.9513 5
      vertex 16.4961 29.4409 4.65
      vertex 16.4961 29.4409 5
    endloop
  endfacet
  facet normal -0.915414 -0.402515 -3.51874e-17
    outer loop
      vertex 16.4338 29.9513 4.65
      vertex 16.2471 30.3759 5
      vertex 16.2471 30.3759 4.65
    endloop
  endfacet
  facet normal -0.915414 -0.402515 -3.51874e-17
    outer loop
      vertex 16.2471 30.3759 5
      vertex 16.4338 29.9513 4.65
      vertex 16.4338 29.9513 5
    endloop
  endfacet
  facet normal -0.736369 -0.676581 2.15091e-17
    outer loop
      vertex 16.2471 30.3759 4.65
      vertex 15.9359 30.7146 5
      vertex 15.9359 30.7146 4.65
    endloop
  endfacet
  facet normal -0.736369 -0.676581 2.15091e-17
    outer loop
      vertex 15.9359 30.7146 5
      vertex 16.2471 30.3759 4.65
      vertex 16.2471 30.3759 5
    endloop
  endfacet
  facet normal -0.501012 -0.86544 0
    outer loop
      vertex 15.5101 30.9611 4.65
      vertex 15.9359 30.7146 5
      vertex 15.5101 30.9611 5
    endloop
  endfacet
  facet normal -0.501012 -0.86544 -0
    outer loop
      vertex 15.9359 30.7146 5
      vertex 15.5101 30.9611 4.65
      vertex 15.9359 30.7146 4.65
    endloop
  endfacet
  facet normal -0.268693 -0.963226 0
    outer loop
      vertex 14.9799 31.109 4.65
      vertex 15.5101 30.9611 5
      vertex 14.9799 31.109 5
    endloop
  endfacet
  facet normal -0.268693 -0.963226 -0
    outer loop
      vertex 15.5101 30.9611 5
      vertex 14.9799 31.109 4.65
      vertex 15.5101 30.9611 4.65
    endloop
  endfacet
  facet normal -0.0774412 -0.996997 0
    outer loop
      vertex 14.3452 31.1583 4.65
      vertex 14.9799 31.109 5
      vertex 14.3452 31.1583 5
    endloop
  endfacet
  facet normal -0.0774412 -0.996997 -0
    outer loop
      vertex 14.9799 31.109 5
      vertex 14.3452 31.1583 4.65
      vertex 14.9799 31.109 4.65
    endloop
  endfacet
  facet normal 0 -1 0
    outer loop
      vertex 11.4665 31.1583 4.65
      vertex 14.3452 31.1583 5
      vertex 11.4665 31.1583 5
    endloop
  endfacet
  facet normal 0 -1 -0
    outer loop
      vertex 14.3452 31.1583 5
      vertex 11.4665 31.1583 4.65
      vertex 14.3452 31.1583 4.65
    endloop
  endfacet
  facet normal 1 -0 0
    outer loop
      vertex 11.4665 25.3968 5
      vertex 11.4665 31.1583 4.65
      vertex 11.4665 31.1583 5
    endloop
  endfacet
  facet normal 1 0 0
    outer loop
      vertex 11.4665 31.1583 4.65
      vertex 11.4665 25.3968 5
      vertex 11.4665 25.3968 4.65
    endloop
  endfacet
  facet normal 0 1 -0
    outer loop
      vertex 12.6728 25.3968 4.65
      vertex 11.4665 25.3968 5
      vertex 12.6728 25.3968 5
    endloop
  endfacet
  facet normal 0 1 0
    outer loop
      vertex 11.4665 25.3968 5
      vertex 12.6728 25.3968 4.65
      vertex 11.4665 25.3968 4.65
    endloop
  endfacet
  facet normal -1 0 0
    outer loop
      vertex 12.6728 25.3968 4.65
      vertex 12.6728 27.5844 5
      vertex 12.6728 27.5844 4.65
    endloop
  endfacet
  facet normal -1 -0 0
    outer loop
      vertex 12.6728 27.5844 5
      vertex 12.6728 25.3968 4.65
      vertex 12.6728 25.3968 5
    endloop
  endfacet
  facet normal -1 0 0
    outer loop
      vertex 12.6728 28.5208 4.65
      vertex 12.6728 30.2219 5
      vertex 12.6728 30.2219 4.65
    endloop
  endfacet
  facet normal -1 -0 0
    outer loop
      vertex 12.6728 30.2219 5
      vertex 12.6728 28.5208 4.65
      vertex 12.6728 28.5208 5
    endloop
  endfacet
  facet normal 0 1 -0
    outer loop
      vertex 14.2184 30.2219 4.65
      vertex 12.6728 30.2219 5
      vertex 14.2184 30.2219 5
    endloop
  endfacet
  facet normal 0 1 0
    outer loop
      vertex 12.6728 30.2219 5
      vertex 14.2184 30.2219 4.65
      vertex 12.6728 30.2219 4.65
    endloop
  endfacet
  facet normal 0.154382 0.988011 -0
    outer loop
      vertex 14.8091 30.1296 4.65
      vertex 14.2184 30.2219 5
      vertex 14.8091 30.1296 5
    endloop
  endfacet
  facet normal 0.154382 0.988011 0
    outer loop
      vertex 14.2184 30.2219 5
      vertex 14.8091 30.1296 4.65
      vertex 14.2184 30.2219 4.65
    endloop
  endfacet
  facet normal 0.615402 0.788213 -0
    outer loop
      vertex 15.1635 29.8529 4.65
      vertex 14.8091 30.1296 5
      vertex 15.1635 29.8529 5
    endloop
  endfacet
  facet normal 0.615402 0.788213 0
    outer loop
      vertex 14.8091 30.1296 5
      vertex 15.1635 29.8529 4.65
      vertex 14.8091 30.1296 4.65
    endloop
  endfacet
  facet normal 0.96873 0.248118 3.15233e-18
    outer loop
      vertex 15.2816 29.3918 5
      vertex 15.1635 29.8529 4.65
      vertex 15.1635 29.8529 5
    endloop
  endfacet
  facet normal 0.96873 0.248118 3.15233e-18
    outer loop
      vertex 15.1635 29.8529 4.65
      vertex 15.2816 29.3918 5
      vertex 15.2816 29.3918 4.65
    endloop
  endfacet
  facet normal 0.993546 -0.113426 4.15053e-19
    outer loop
      vertex 15.2525 29.1369 5
      vertex 15.2816 29.3918 4.65
      vertex 15.2816 29.3918 5
    endloop
  endfacet
  facet normal 0.993546 -0.113426 4.15053e-19
    outer loop
      vertex 15.2816 29.3918 4.65
      vertex 15.2525 29.1369 5
      vertex 15.2525 29.1369 4.65
    endloop
  endfacet
  facet normal 0.92607 -0.377352 5.02694e-19
    outer loop
      vertex 15.1653 28.9229 5
      vertex 15.2525 29.1369 4.65
      vertex 15.2525 29.1369 5
    endloop
  endfacet
  facet normal 0.92607 -0.377352 5.02694e-19
    outer loop
      vertex 15.2525 29.1369 4.65
      vertex 15.1653 28.9229 5
      vertex 15.1653 28.9229 4.65
    endloop
  endfacet
  facet normal 0.765714 -0.643182 6.16629e-18
    outer loop
      vertex 15.0199 28.7498 5
      vertex 15.1653 28.9229 4.65
      vertex 15.1653 28.9229 5
    endloop
  endfacet
  facet normal 0.765714 -0.643182 6.16629e-18
    outer loop
      vertex 15.1653 28.9229 4.65
      vertex 15.0199 28.7498 5
      vertex 15.0199 28.7498 4.65
    endloop
  endfacet
  facet normal 0.533425 -0.845847 0
    outer loop
      vertex 14.8182 28.6226 4.65
      vertex 15.0199 28.7498 5
      vertex 14.8182 28.6226 5
    endloop
  endfacet
  facet normal 0.533425 -0.845847 0
    outer loop
      vertex 15.0199 28.7498 5
      vertex 14.8182 28.6226 4.65
      vertex 15.0199 28.7498 4.65
    endloop
  endfacet
  facet normal 0.285323 -0.958431 0
    outer loop
      vertex 14.5619 28.5463 4.65
      vertex 14.8182 28.6226 5
      vertex 14.5619 28.5463 5
    endloop
  endfacet
  facet normal 0.285323 -0.958431 0
    outer loop
      vertex 14.8182 28.6226 5
      vertex 14.5619 28.5463 4.65
      vertex 14.8182 28.6226 4.65
    endloop
  endfacet
  facet normal 0.0817977 -0.996649 0
    outer loop
      vertex 14.2512 28.5208 4.65
      vertex 14.5619 28.5463 5
      vertex 14.2512 28.5208 5
    endloop
  endfacet
  facet normal 0.0817977 -0.996649 0
    outer loop
      vertex 14.5619 28.5463 5
      vertex 14.2512 28.5208 4.65
      vertex 14.5619 28.5463 4.65
    endloop
  endfacet
  facet normal 0 -1 0
    outer loop
      vertex 12.6728 28.5208 4.65
      vertex 14.2512 28.5208 5
      vertex 12.6728 28.5208 5
    endloop
  endfacet
  facet normal 0 -1 -0
    outer loop
      vertex 14.2512 28.5208 5
      vertex 12.6728 28.5208 4.65
      vertex 14.2512 28.5208 4.65
    endloop
  endfacet
endsolid OpenSCAD_Model
