solid OpenSCAD_Model
  facet normal -1 0 0
    outer loop
      vertex 0 6.5 15
      vertex 0 40.5 18
      vertex 0 40.5 15
    endloop
  endfacet
  facet normal -1 -0 0
    outer loop
      vertex 0 40.5 18
      vertex 0 6.5 15
      vertex 0 6.5 18
    endloop
  endfacet
  facet normal -1 0 0
    outer loop
      vertex 0 40.5 15
      vertex 0 45 0
      vertex 0 40.5 3
    endloop
  endfacet
  facet normal -1 0 0
    outer loop
      vertex 0 45 0
      vertex 0 6.5 3
      vertex 0 40.5 3
    endloop
  endfacet
  facet normal -1 0 0
    outer loop
      vertex 0 0 0
      vertex 0 6.5 15
      vertex 0 6.5 3
    endloop
  endfacet
  facet normal -1 -0 0
    outer loop
      vertex 0 6.5 15
      vertex 0 0 0
      vertex 0 6.5 18
    endloop
  endfacet
  facet normal -1 0 0
    outer loop
      vertex 0 0 45
      vertex 0 6.5 18
      vertex 0 0 0
    endloop
  endfacet
  facet normal -1 0 0
    outer loop
      vertex 0 0 0
      vertex 0 6.5 3
      vertex 0 45 0
    endloop
  endfacet
  facet normal -1 0 0
    outer loop
      vertex 0 40.5 18
      vertex 0 45 0
      vertex 0 40.5 15
    endloop
  endfacet
  facet normal -1 0 0
    outer loop
      vertex 0 45 0
      vertex 0 40.5 18
      vertex 0 45 45
    endloop
  endfacet
  facet normal -1 0 0
    outer loop
      vertex 0 40.5 42
      vertex 0 45 45
      vertex 0 40.5 18
    endloop
  endfacet
  facet normal -1 0 0
    outer loop
      vertex 0 6.5 42
      vertex 0 45 45
      vertex 0 40.5 42
    endloop
  endfacet
  facet normal -1 0 0
    outer loop
      vertex 0 6.5 42
      vertex 0 0 45
      vertex 0 45 45
    endloop
  endfacet
  facet normal -1 0 0
    outer loop
      vertex 0 6.5 18
      vertex 0 0 45
      vertex 0 6.5 42
    endloop
  endfacet
  facet normal 0 0 1
    outer loop
      vertex 70 42 18
      vertex 69.99 40.95 18
      vertex 70 40.95 18
    endloop
  endfacet
  facet normal 0 0 1
    outer loop
      vertex 69.99 40.95 18
      vertex 8 13 18
      vertex 69.99 4.05005 18
    endloop
  endfacet
  facet normal 0 0 1
    outer loop
      vertex 3.01 40.5 18
      vertex 69.99 40.95 18
      vertex 70 42 18
    endloop
  endfacet
  facet normal 0 0 1
    outer loop
      vertex 69.99 40.95 18
      vertex 3.01 40.5 18
      vertex 8 13 18
    endloop
  endfacet
  facet normal -0 0 1
    outer loop
      vertex 3 42 18
      vertex 3.01 40.5 18
      vertex 70 42 18
    endloop
  endfacet
  facet normal 0 0 1
    outer loop
      vertex 3.01 40.5 18
      vertex 3 42 18
      vertex 3 40.5 18
    endloop
  endfacet
  facet normal -0 0 1
    outer loop
      vertex 69.99 4.05005 18
      vertex 70 3 18
      vertex 70 4.05005 18
    endloop
  endfacet
  facet normal 0 0 1
    outer loop
      vertex 8 3 18
      vertex 69.99 4.05005 18
      vertex 8 13 18
    endloop
  endfacet
  facet normal 0 0 1
    outer loop
      vertex 69.99 4.05005 18
      vertex 8 3 18
      vertex 70 3 18
    endloop
  endfacet
  facet normal 0 0 1
    outer loop
      vertex 8 13 18
      vertex 3.01 40.5 18
      vertex 3.01 13 18
    endloop
  endfacet
  facet normal -0 0 1
    outer loop
      vertex 3 40.5 18
      vertex 3.01 13 18
      vertex 3.01 40.5 18
    endloop
  endfacet
  facet normal 0 0 1
    outer loop
      vertex 3 40.5 18
      vertex 3 13 18
      vertex 3.01 13 18
    endloop
  endfacet
  facet normal -0 0 1
    outer loop
      vertex 0 40.5 18
      vertex 3 13 18
      vertex 3 40.5 18
    endloop
  endfacet
  facet normal 0 0 1
    outer loop
      vertex 0 6.5 18
      vertex 3 13 18
      vertex 0 40.5 18
    endloop
  endfacet
  facet normal 0 0 1
    outer loop
      vertex 3 13 18
      vertex 0 6.5 18
      vertex 3 6.5 18
    endloop
  endfacet
  facet normal 1 0 0
    outer loop
      vertex 76 10.9335 7.42629
      vertex 76 8.5681 6.86466
      vertex 76 8.6 6.5
    endloop
  endfacet
  facet normal 1 0 0
    outer loop
      vertex 76 9.97243 8.21504
      vertex 76 8.47335 7.21824
      vertex 76 8.5681 6.86466
    endloop
  endfacet
  facet normal 1 0 0
    outer loop
      vertex 76 9.97243 8.21504
      vertex 76 8.31865 7.55
      vertex 76 8.47335 7.21824
    endloop
  endfacet
  facet normal 1 0 0
    outer loop
      vertex 76 7.55 8.31865
      vertex 76 9.06497 9.06497
      vertex 76 8.21504 9.97243
    endloop
  endfacet
  facet normal 1 0 0
    outer loop
      vertex 76 9.06497 9.06497
      vertex 76 8.10869 7.84985
      vertex 76 8.31865 7.55
    endloop
  endfacet
  facet normal 1 0 0
    outer loop
      vertex 76 9.06497 9.06497
      vertex 76 7.84985 8.10869
      vertex 76 8.10869 7.84985
    endloop
  endfacet
  facet normal 1 0 0
    outer loop
      vertex 76 9.06497 9.06497
      vertex 76 7.55 8.31865
      vertex 76 7.84985 8.10869
    endloop
  endfacet
  facet normal 1 0 0
    outer loop
      vertex 76 6.86466 8.5681
      vertex 76 8.21504 9.97243
      vertex 76 7.42629 10.9335
    endloop
  endfacet
  facet normal 1 0 0
    outer loop
      vertex 76 8.21504 9.97243
      vertex 76 7.21824 8.47335
      vertex 76 7.55 8.31865
    endloop
  endfacet
  facet normal 1 0 0
    outer loop
      vertex 76 8.21504 9.97243
      vertex 76 6.86466 8.5681
      vertex 76 7.21824 8.47335
    endloop
  endfacet
  facet normal 1 0 0
    outer loop
      vertex 76 6.13534 8.5681
      vertex 76 7.42629 10.9335
      vertex 76 6.70208 11.9442
    endloop
  endfacet
  facet normal 1 0 0
    outer loop
      vertex 76 7.42629 10.9335
      vertex 76 6.5 8.6
      vertex 76 6.86466 8.5681
    endloop
  endfacet
  facet normal 1 0 0
    outer loop
      vertex 76 7.42629 10.9335
      vertex 76 6.13534 8.5681
      vertex 76 6.5 8.6
    endloop
  endfacet
  facet normal 1 0 0
    outer loop
      vertex 76 5.45 8.31865
      vertex 76 6.70208 11.9442
      vertex 76 6.04552 13
    endloop
  endfacet
  facet normal 1 0 0
    outer loop
      vertex 76 6.70208 11.9442
      vertex 76 5.78176 8.47335
      vertex 76 6.13534 8.5681
    endloop
  endfacet
  facet normal 1 0 0
    outer loop
      vertex 76 4.89131 7.84985
      vertex 76 6.04552 13
      vertex 76 5.45942 14.0965
    endloop
  endfacet
  facet normal 1 0 0
    outer loop
      vertex 76 6.70208 11.9442
      vertex 76 5.45 8.31865
      vertex 76 5.78176 8.47335
    endloop
  endfacet
  facet normal 1 0 0
    outer loop
      vertex 76 6.04552 13
      vertex 76 5.15015 8.10869
      vertex 76 5.45 8.31865
    endloop
  endfacet
  facet normal 1 0 0
    outer loop
      vertex 76 4.68135 7.55
      vertex 76 5.45942 14.0965
      vertex 76 4.94629 15.229
    endloop
  endfacet
  facet normal 1 0 0
    outer loop
      vertex 76 6.04552 13
      vertex 76 4.89131 7.84985
      vertex 76 5.15015 8.10869
    endloop
  endfacet
  facet normal 1 0 0
    outer loop
      vertex 76 5.45942 14.0965
      vertex 76 4.68135 7.55
      vertex 76 4.89131 7.84985
    endloop
  endfacet
  facet normal 1 0 0
    outer loop
      vertex 76 4.94629 15.229
      vertex 76 4.52664 7.21824
      vertex 76 4.68135 7.55
    endloop
  endfacet
  facet normal 1 0 0
    outer loop
      vertex 76 4.50833 16.3927
      vertex 76 4.52664 7.21824
      vertex 76 4.94629 15.229
    endloop
  endfacet
  facet normal 1 0 0
    outer loop
      vertex 76 0 0
      vertex 76 4.52664 7.21824
      vertex 76 4.50833 16.3927
    endloop
  endfacet
  facet normal 1 0 0
    outer loop
      vertex 76 4.52664 7.21824
      vertex 76 0 0
      vertex 76 4.4319 6.86466
    endloop
  endfacet
  facet normal 1 0 0
    outer loop
      vertex 76 0 0
      vertex 76 4.50833 16.3927
      vertex 76 4.14741 17.5824
    endloop
  endfacet
  facet normal 1 -0 0
    outer loop
      vertex 76 8.47335 37.7818
      vertex 76 9.97243 36.785
      vertex 76 8.5681 38.1353
    endloop
  endfacet
  facet normal 1 -0 0
    outer loop
      vertex 76 8.31865 37.45
      vertex 76 9.97243 36.785
      vertex 76 8.47335 37.7818
    endloop
  endfacet
  facet normal 1 0 0
    outer loop
      vertex 76 9.97243 36.785
      vertex 76 8.31865 37.45
      vertex 76 9.06497 35.935
    endloop
  endfacet
  facet normal 1 -0 0
    outer loop
      vertex 76 8.10869 37.1501
      vertex 76 9.06497 35.935
      vertex 76 8.31865 37.45
    endloop
  endfacet
  facet normal 1 -0 0
    outer loop
      vertex 76 7.84985 36.8913
      vertex 76 9.06497 35.935
      vertex 76 8.10869 37.1501
    endloop
  endfacet
  facet normal 1 -0 0
    outer loop
      vertex 76 7.55 36.6813
      vertex 76 9.06497 35.935
      vertex 76 7.84985 36.8913
    endloop
  endfacet
  facet normal 1 0 0
    outer loop
      vertex 76 9.06497 35.935
      vertex 76 7.55 36.6813
      vertex 76 8.21504 35.0276
    endloop
  endfacet
  facet normal 1 -0 0
    outer loop
      vertex 76 7.21824 36.5266
      vertex 76 8.21504 35.0276
      vertex 76 7.55 36.6813
    endloop
  endfacet
  facet normal 1 -0 0
    outer loop
      vertex 76 6.86466 36.4319
      vertex 76 8.21504 35.0276
      vertex 76 7.21824 36.5266
    endloop
  endfacet
  facet normal 1 0 0
    outer loop
      vertex 76 8.21504 35.0276
      vertex 76 6.86466 36.4319
      vertex 76 7.42629 34.0665
    endloop
  endfacet
  facet normal 1 -0 0
    outer loop
      vertex 76 6.5 36.4
      vertex 76 7.42629 34.0665
      vertex 76 6.86466 36.4319
    endloop
  endfacet
  facet normal 1 0 0
    outer loop
      vertex 76 6.13534 36.4319
      vertex 76 7.42629 34.0665
      vertex 76 6.5 36.4
    endloop
  endfacet
  facet normal 1 0 0
    outer loop
      vertex 76 7.42629 34.0665
      vertex 76 6.13534 36.4319
      vertex 76 6.70208 33.0558
    endloop
  endfacet
  facet normal 1 0 0
    outer loop
      vertex 76 5.78176 36.5266
      vertex 76 6.70208 33.0558
      vertex 76 6.13534 36.4319
    endloop
  endfacet
  facet normal 1 0 0
    outer loop
      vertex 76 5.45 36.6813
      vertex 76 6.70208 33.0558
      vertex 76 5.78176 36.5266
    endloop
  endfacet
  facet normal 1 0 0
    outer loop
      vertex 76 6.70208 33.0558
      vertex 76 5.45 36.6813
      vertex 76 6.04552 32
    endloop
  endfacet
  facet normal 1 0 0
    outer loop
      vertex 76 5.15015 36.8913
      vertex 76 6.04552 32
      vertex 76 5.45 36.6813
    endloop
  endfacet
  facet normal 1 0 0
    outer loop
      vertex 76 4.89131 37.1501
      vertex 76 6.04552 32
      vertex 76 5.15015 36.8913
    endloop
  endfacet
  facet normal 1 0 0
    outer loop
      vertex 76 6.04552 32
      vertex 76 4.89131 37.1501
      vertex 76 5.45942 30.9035
    endloop
  endfacet
  facet normal 1 0 0
    outer loop
      vertex 76 4.68135 37.45
      vertex 76 5.45942 30.9035
      vertex 76 4.89131 37.1501
    endloop
  endfacet
  facet normal 1 0 0
    outer loop
      vertex 76 5.45942 30.9035
      vertex 76 4.68135 37.45
      vertex 76 4.94629 29.771
    endloop
  endfacet
  facet normal 1 0 0
    outer loop
      vertex 76 4.52664 37.7818
      vertex 76 4.94629 29.771
      vertex 76 4.68135 37.45
    endloop
  endfacet
  facet normal 1 0 0
    outer loop
      vertex 76 4.52664 37.7818
      vertex 76 4.50833 28.6073
      vertex 76 4.94629 29.771
    endloop
  endfacet
  facet normal 1 0 0
    outer loop
      vertex 76 0 45
      vertex 76 4.52664 37.7818
      vertex 76 4.4319 38.1353
    endloop
  endfacet
  facet normal 1 0 0
    outer loop
      vertex 76 0 45
      vertex 76 4.4319 38.1353
      vertex 76 4.4 38.5
    endloop
  endfacet
  facet normal 1 0 0
    outer loop
      vertex 76 4.52664 37.7818
      vertex 76 0 45
      vertex 76 4.50833 28.6073
    endloop
  endfacet
  facet normal 1 0 0
    outer loop
      vertex 76 45 0
      vertex 76 40.5681 6.86466
      vertex 76 40.6 6.5
    endloop
  endfacet
  facet normal 1 -0 0
    outer loop
      vertex 76 40.4734 7.21824
      vertex 76 45 0
      vertex 76 40.4917 16.3927
    endloop
  endfacet
  facet normal 1 0 0
    outer loop
      vertex 76 45 0
      vertex 76 40.4734 7.21824
      vertex 76 40.5681 6.86466
    endloop
  endfacet
  facet normal 1 -0 0
    outer loop
      vertex 76 40.0537 15.229
      vertex 76 40.4734 7.21824
      vertex 76 40.4917 16.3927
    endloop
  endfacet
  facet normal 1 0 0
    outer loop
      vertex 76 40.4734 7.21824
      vertex 76 40.0537 15.229
      vertex 76 40.3187 7.55
    endloop
  endfacet
  facet normal 1 -0 0
    outer loop
      vertex 76 39.5406 14.0965
      vertex 76 40.3187 7.55
      vertex 76 40.0537 15.229
    endloop
  endfacet
  facet normal 1 0 0
    outer loop
      vertex 76 40.3187 7.55
      vertex 76 39.5406 14.0965
      vertex 76 40.1087 7.84985
    endloop
  endfacet
  facet normal 1 -0 0
    outer loop
      vertex 76 38.9545 13
      vertex 76 40.1087 7.84985
      vertex 76 39.5406 14.0965
    endloop
  endfacet
  facet normal 1 0 0
    outer loop
      vertex 76 40.1087 7.84985
      vertex 76 38.9545 13
      vertex 76 39.8499 8.10869
    endloop
  endfacet
  facet normal 1 0 0
    outer loop
      vertex 76 39.8499 8.10869
      vertex 76 38.9545 13
      vertex 76 39.55 8.31865
    endloop
  endfacet
  facet normal 1 -0 0
    outer loop
      vertex 76 38.2979 11.9442
      vertex 76 39.55 8.31865
      vertex 76 38.9545 13
    endloop
  endfacet
  facet normal 1 0 0
    outer loop
      vertex 76 39.55 8.31865
      vertex 76 38.2979 11.9442
      vertex 76 39.2182 8.47335
    endloop
  endfacet
  facet normal 1 0 0
    outer loop
      vertex 76 39.2182 8.47335
      vertex 76 38.2979 11.9442
      vertex 76 38.8647 8.5681
    endloop
  endfacet
  facet normal 1 -0 0
    outer loop
      vertex 76 37.5737 10.9335
      vertex 76 38.8647 8.5681
      vertex 76 38.2979 11.9442
    endloop
  endfacet
  facet normal 1 0 0
    outer loop
      vertex 76 38.8647 8.5681
      vertex 76 37.5737 10.9335
      vertex 76 38.5 8.6
    endloop
  endfacet
  facet normal 1 0 0
    outer loop
      vertex 76 38.5 8.6
      vertex 76 37.5737 10.9335
      vertex 76 38.1353 8.5681
    endloop
  endfacet
  facet normal 1 -0 0
    outer loop
      vertex 76 36.785 9.97243
      vertex 76 38.1353 8.5681
      vertex 76 37.5737 10.9335
    endloop
  endfacet
  facet normal 1 0 0
    outer loop
      vertex 76 38.1353 8.5681
      vertex 76 36.785 9.97243
      vertex 76 37.7818 8.47335
    endloop
  endfacet
  facet normal 1 0 0
    outer loop
      vertex 76 37.7818 8.47335
      vertex 76 36.785 9.97243
      vertex 76 37.45 8.31865
    endloop
  endfacet
  facet normal 1 -0 0
    outer loop
      vertex 76 35.935 9.06497
      vertex 76 37.45 8.31865
      vertex 76 36.785 9.97243
    endloop
  endfacet
  facet normal 1 0 0
    outer loop
      vertex 76 37.45 8.31865
      vertex 76 35.935 9.06497
      vertex 76 37.1501 8.10869
    endloop
  endfacet
  facet normal 1 0 0
    outer loop
      vertex 76 37.1501 8.10869
      vertex 76 35.935 9.06497
      vertex 76 36.8913 7.84985
    endloop
  endfacet
  facet normal 1 0 0
    outer loop
      vertex 76 36.8913 7.84985
      vertex 76 35.935 9.06497
      vertex 76 36.6813 7.55
    endloop
  endfacet
  facet normal 1 -0 0
    outer loop
      vertex 76 35.0276 8.21504
      vertex 76 36.6813 7.55
      vertex 76 35.935 9.06497
    endloop
  endfacet
  facet normal 1 0 0
    outer loop
      vertex 76 36.5266 7.21824
      vertex 76 35.0276 8.21504
      vertex 76 36.4319 6.86466
    endloop
  endfacet
  facet normal 1 0 0
    outer loop
      vertex 76 36.6813 7.55
      vertex 76 35.0276 8.21504
      vertex 76 36.5266 7.21824
    endloop
  endfacet
  facet normal 1 0 0
    outer loop
      vertex 76 45 45
      vertex 76 41.5 22.5
      vertex 76 45 0
    endloop
  endfacet
  facet normal 1 0 0
    outer loop
      vertex 76 45 45
      vertex 76 41.4593 23.7427
      vertex 76 41.5 22.5
    endloop
  endfacet
  facet normal 1 0 0
    outer loop
      vertex 76 45 45
      vertex 76 41.3375 24.98
      vertex 76 41.4593 23.7427
    endloop
  endfacet
  facet normal 1 0 0
    outer loop
      vertex 76 45 45
      vertex 76 41.1349 26.2067
      vertex 76 41.3375 24.98
    endloop
  endfacet
  facet normal 1 0 0
    outer loop
      vertex 76 45 45
      vertex 76 40.8526 27.4176
      vertex 76 41.1349 26.2067
    endloop
  endfacet
  facet normal 1 0 0
    outer loop
      vertex 76 40.5681 38.1353
      vertex 76 45 45
      vertex 76 40.6 38.5
    endloop
  endfacet
  facet normal 1 0 0
    outer loop
      vertex 76 45 45
      vertex 76 40.5681 38.8647
      vertex 76 40.6 38.5
    endloop
  endfacet
  facet normal 1 0 0
    outer loop
      vertex 76 45 45
      vertex 76 40.4734 39.2182
      vertex 76 40.5681 38.8647
    endloop
  endfacet
  facet normal 1 0 0
    outer loop
      vertex 76 45 45
      vertex 76 40.3187 39.55
      vertex 76 40.4734 39.2182
    endloop
  endfacet
  facet normal 1 0 0
    outer loop
      vertex 76 45 45
      vertex 76 40.1087 39.8499
      vertex 76 40.3187 39.55
    endloop
  endfacet
  facet normal 1 0 0
    outer loop
      vertex 76 45 45
      vertex 76 39.8499 40.1087
      vertex 76 40.1087 39.8499
    endloop
  endfacet
  facet normal 1 0 0
    outer loop
      vertex 76 45 45
      vertex 76 39.55 40.3187
      vertex 76 39.8499 40.1087
    endloop
  endfacet
  facet normal 1 0 0
    outer loop
      vertex 76 45 45
      vertex 76 39.2182 40.4734
      vertex 76 39.55 40.3187
    endloop
  endfacet
  facet normal 1 0 0
    outer loop
      vertex 76 45 45
      vertex 76 38.8647 40.5681
      vertex 76 39.2182 40.4734
    endloop
  endfacet
  facet normal 1 0 0
    outer loop
      vertex 76 45 45
      vertex 76 38.5 40.6
      vertex 76 38.8647 40.5681
    endloop
  endfacet
  facet normal 1 0 0
    outer loop
      vertex 76 45 45
      vertex 76 38.1353 40.5681
      vertex 76 38.5 40.6
    endloop
  endfacet
  facet normal 1 0 0
    outer loop
      vertex 76 45 45
      vertex 76 37.7818 40.4734
      vertex 76 38.1353 40.5681
    endloop
  endfacet
  facet normal 1 -0 0
    outer loop
      vertex 76 28.6073 40.4917
      vertex 76 37.7818 40.4734
      vertex 76 45 45
    endloop
  endfacet
  facet normal 1 0 0
    outer loop
      vertex 76 34.0665 37.5737
      vertex 76 36.4 38.5
      vertex 76 36.4319 38.8647
    endloop
  endfacet
  facet normal 1 0 0
    outer loop
      vertex 76 36.4 38.5
      vertex 76 35.0276 36.785
      vertex 76 35.935 35.935
    endloop
  endfacet
  facet normal 1 0 0
    outer loop
      vertex 76 33.0558 38.2979
      vertex 76 36.4319 38.8647
      vertex 76 36.5266 39.2182
    endloop
  endfacet
  facet normal 1 0 0
    outer loop
      vertex 76 33.0558 38.2979
      vertex 76 36.5266 39.2182
      vertex 76 36.6813 39.55
    endloop
  endfacet
  facet normal 1 0 0
    outer loop
      vertex 76 36.4 38.5
      vertex 76 34.0665 37.5737
      vertex 76 35.0276 36.785
    endloop
  endfacet
  facet normal 1 0 0
    outer loop
      vertex 76 32 38.9545
      vertex 76 36.6813 39.55
      vertex 76 36.8913 39.8499
    endloop
  endfacet
  facet normal 1 0 0
    outer loop
      vertex 76 32 38.9545
      vertex 76 36.8913 39.8499
      vertex 76 37.1501 40.1087
    endloop
  endfacet
  facet normal 1 0 0
    outer loop
      vertex 76 36.4319 38.8647
      vertex 76 33.0558 38.2979
      vertex 76 34.0665 37.5737
    endloop
  endfacet
  facet normal 1 0 0
    outer loop
      vertex 76 30.9035 39.5406
      vertex 76 37.1501 40.1087
      vertex 76 37.45 40.3187
    endloop
  endfacet
  facet normal 1 0 -0
    outer loop
      vertex 76 29.771 40.0537
      vertex 76 37.7818 40.4734
      vertex 76 28.6073 40.4917
    endloop
  endfacet
  facet normal 1 0 0
    outer loop
      vertex 76 36.6813 39.55
      vertex 76 32 38.9545
      vertex 76 33.0558 38.2979
    endloop
  endfacet
  facet normal 1 0 0
    outer loop
      vertex 76 37.1501 40.1087
      vertex 76 30.9035 39.5406
      vertex 76 32 38.9545
    endloop
  endfacet
  facet normal 1 0 0
    outer loop
      vertex 76 37.45 40.3187
      vertex 76 29.771 40.0537
      vertex 76 30.9035 39.5406
    endloop
  endfacet
  facet normal 1 0 0
    outer loop
      vertex 76 37.7818 40.4734
      vertex 76 29.771 40.0537
      vertex 76 37.45 40.3187
    endloop
  endfacet
  facet normal 1 0 0
    outer loop
      vertex 76 45 45
      vertex 76 27.4176 40.8526
      vertex 76 28.6073 40.4917
    endloop
  endfacet
  facet normal 1 0 0
    outer loop
      vertex 76 45 45
      vertex 76 26.2067 41.1349
      vertex 76 27.4176 40.8526
    endloop
  endfacet
  facet normal 1 0 0
    outer loop
      vertex 76 45 45
      vertex 76 24.98 41.3375
      vertex 76 26.2067 41.1349
    endloop
  endfacet
  facet normal 1 0 0
    outer loop
      vertex 76 45 45
      vertex 76 23.7427 41.4593
      vertex 76 24.98 41.3375
    endloop
  endfacet
  facet normal 1 0 0
    outer loop
      vertex 76 45 45
      vertex 76 22.5 41.5
      vertex 76 23.7427 41.4593
    endloop
  endfacet
  facet normal 1 -0 0
    outer loop
      vertex 76 0 45
      vertex 76 22.5 41.5
      vertex 76 45 45
    endloop
  endfacet
  facet normal 1 0 0
    outer loop
      vertex 76 22.5 41.5
      vertex 76 0 45
      vertex 76 21.2573 41.4593
    endloop
  endfacet
  facet normal 1 0 0
    outer loop
      vertex 76 10.9335 37.5737
      vertex 76 8.5681 38.1353
      vertex 76 9.97243 36.785
    endloop
  endfacet
  facet normal 1 -0 0
    outer loop
      vertex 76 8.5681 38.1353
      vertex 76 10.9335 37.5737
      vertex 76 8.6 38.5
    endloop
  endfacet
  facet normal 1 0 0
    outer loop
      vertex 76 8.5681 38.8647
      vertex 76 10.9335 37.5737
      vertex 76 11.9442 38.2979
    endloop
  endfacet
  facet normal 1 0 0
    outer loop
      vertex 76 8.31865 39.55
      vertex 76 11.9442 38.2979
      vertex 76 13 38.9545
    endloop
  endfacet
  facet normal 1 0 0
    outer loop
      vertex 76 7.84985 40.1087
      vertex 76 13 38.9545
      vertex 76 14.0965 39.5406
    endloop
  endfacet
  facet normal 1 0 0
    outer loop
      vertex 76 7.55 40.3187
      vertex 76 14.0965 39.5406
      vertex 76 15.229 40.0537
    endloop
  endfacet
  facet normal 1 -0 0
    outer loop
      vertex 76 7.21824 40.4734
      vertex 76 15.229 40.0537
      vertex 76 16.3927 40.4917
    endloop
  endfacet
  facet normal 1 0 0
    outer loop
      vertex 76 0 45
      vertex 76 16.3927 40.4917
      vertex 76 17.5824 40.8526
    endloop
  endfacet
  facet normal 1 0 0
    outer loop
      vertex 76 10.9335 37.5737
      vertex 76 8.5681 38.8647
      vertex 76 8.6 38.5
    endloop
  endfacet
  facet normal 1 0 0
    outer loop
      vertex 76 0 45
      vertex 76 17.5824 40.8526
      vertex 76 18.7933 41.1349
    endloop
  endfacet
  facet normal 1 0 0
    outer loop
      vertex 76 11.9442 38.2979
      vertex 76 8.47335 39.2182
      vertex 76 8.5681 38.8647
    endloop
  endfacet
  facet normal 1 0 0
    outer loop
      vertex 76 11.9442 38.2979
      vertex 76 8.31865 39.55
      vertex 76 8.47335 39.2182
    endloop
  endfacet
  facet normal 1 0 0
    outer loop
      vertex 76 0 45
      vertex 76 18.7933 41.1349
      vertex 76 20.02 41.3375
    endloop
  endfacet
  facet normal 1 0 0
    outer loop
      vertex 76 13 38.9545
      vertex 76 8.10869 39.8499
      vertex 76 8.31865 39.55
    endloop
  endfacet
  facet normal 1 0 0
    outer loop
      vertex 76 21.2573 41.4593
      vertex 76 0 45
      vertex 76 20.02 41.3375
    endloop
  endfacet
  facet normal 1 0 0
    outer loop
      vertex 76 13 38.9545
      vertex 76 7.84985 40.1087
      vertex 76 8.10869 39.8499
    endloop
  endfacet
  facet normal 1 0 0
    outer loop
      vertex 76 14.0965 39.5406
      vertex 76 7.55 40.3187
      vertex 76 7.84985 40.1087
    endloop
  endfacet
  facet normal 1 0 0
    outer loop
      vertex 76 15.229 40.0537
      vertex 76 7.21824 40.4734
      vertex 76 7.55 40.3187
    endloop
  endfacet
  facet normal 1 0 0
    outer loop
      vertex 76 16.3927 40.4917
      vertex 76 0 45
      vertex 76 7.21824 40.4734
    endloop
  endfacet
  facet normal 1 0 0
    outer loop
      vertex 76 7.21824 40.4734
      vertex 76 0 45
      vertex 76 6.86466 40.5681
    endloop
  endfacet
  facet normal 1 0 0
    outer loop
      vertex 76 6.86466 40.5681
      vertex 76 0 45
      vertex 76 6.5 40.6
    endloop
  endfacet
  facet normal 1 0 0
    outer loop
      vertex 76 4.50833 28.6073
      vertex 76 0 45
      vertex 76 4.14741 27.4176
    endloop
  endfacet
  facet normal 1 0 0
    outer loop
      vertex 76 4.14741 27.4176
      vertex 76 0 45
      vertex 76 3.86508 26.2067
    endloop
  endfacet
  facet normal 1 0 0
    outer loop
      vertex 76 3.86508 26.2067
      vertex 76 0 45
      vertex 76 3.66255 24.98
    endloop
  endfacet
  facet normal 1 0 0
    outer loop
      vertex 76 3.54068 23.7427
      vertex 76 0 45
      vertex 76 3.5 22.5
    endloop
  endfacet
  facet normal 1 0 0
    outer loop
      vertex 76 3.66255 24.98
      vertex 76 0 45
      vertex 76 3.54068 23.7427
    endloop
  endfacet
  facet normal 1 0 0
    outer loop
      vertex 76 4.4319 38.8647
      vertex 76 0 45
      vertex 76 4.4 38.5
    endloop
  endfacet
  facet normal 1 0 0
    outer loop
      vertex 76 4.52664 39.2182
      vertex 76 0 45
      vertex 76 4.4319 38.8647
    endloop
  endfacet
  facet normal 1 0 0
    outer loop
      vertex 76 4.68135 39.55
      vertex 76 0 45
      vertex 76 4.52664 39.2182
    endloop
  endfacet
  facet normal 1 0 0
    outer loop
      vertex 76 4.89131 39.8499
      vertex 76 0 45
      vertex 76 4.68135 39.55
    endloop
  endfacet
  facet normal 1 0 0
    outer loop
      vertex 76 5.15015 40.1087
      vertex 76 0 45
      vertex 76 4.89131 39.8499
    endloop
  endfacet
  facet normal 1 0 0
    outer loop
      vertex 76 5.45 40.3187
      vertex 76 0 45
      vertex 76 5.15015 40.1087
    endloop
  endfacet
  facet normal 1 0 0
    outer loop
      vertex 76 5.78176 40.4734
      vertex 76 0 45
      vertex 76 5.45 40.3187
    endloop
  endfacet
  facet normal 1 0 0
    outer loop
      vertex 76 6.13534 40.5681
      vertex 76 0 45
      vertex 76 5.78176 40.4734
    endloop
  endfacet
  facet normal 1 0 0
    outer loop
      vertex 76 6.5 40.6
      vertex 76 0 45
      vertex 76 6.13534 40.5681
    endloop
  endfacet
  facet normal 1 -0 0
    outer loop
      vertex 76 41.4593 21.2573
      vertex 76 45 0
      vertex 76 41.5 22.5
    endloop
  endfacet
  facet normal 1 -0 0
    outer loop
      vertex 76 41.3375 20.02
      vertex 76 45 0
      vertex 76 41.4593 21.2573
    endloop
  endfacet
  facet normal 1 -0 0
    outer loop
      vertex 76 41.1349 18.7933
      vertex 76 45 0
      vertex 76 41.3375 20.02
    endloop
  endfacet
  facet normal 1 -0 0
    outer loop
      vertex 76 40.8526 17.5824
      vertex 76 45 0
      vertex 76 41.1349 18.7933
    endloop
  endfacet
  facet normal 1 -0 0
    outer loop
      vertex 76 40.4917 16.3927
      vertex 76 45 0
      vertex 76 40.8526 17.5824
    endloop
  endfacet
  facet normal 1 -0 0
    outer loop
      vertex 76 40.5681 6.13534
      vertex 76 45 0
      vertex 76 40.6 6.5
    endloop
  endfacet
  facet normal 1 -0 0
    outer loop
      vertex 76 40.4734 5.78176
      vertex 76 45 0
      vertex 76 40.5681 6.13534
    endloop
  endfacet
  facet normal 1 -0 0
    outer loop
      vertex 76 40.3187 5.45
      vertex 76 45 0
      vertex 76 40.4734 5.78176
    endloop
  endfacet
  facet normal 1 -0 0
    outer loop
      vertex 76 40.1087 5.15015
      vertex 76 45 0
      vertex 76 40.3187 5.45
    endloop
  endfacet
  facet normal 1 -0 0
    outer loop
      vertex 76 39.8499 4.89131
      vertex 76 45 0
      vertex 76 40.1087 5.15015
    endloop
  endfacet
  facet normal 1 -0 0
    outer loop
      vertex 76 39.55 4.68135
      vertex 76 45 0
      vertex 76 39.8499 4.89131
    endloop
  endfacet
  facet normal 1 -0 0
    outer loop
      vertex 76 39.2182 4.52664
      vertex 76 45 0
      vertex 76 39.55 4.68135
    endloop
  endfacet
  facet normal 1 -0 0
    outer loop
      vertex 76 38.8647 4.4319
      vertex 76 45 0
      vertex 76 39.2182 4.52664
    endloop
  endfacet
  facet normal 1 -0 0
    outer loop
      vertex 76 38.5 4.4
      vertex 76 45 0
      vertex 76 38.8647 4.4319
    endloop
  endfacet
  facet normal 1 0 0
    outer loop
      vertex 76 38.1353 4.4319
      vertex 76 45 0
      vertex 76 38.5 4.4
    endloop
  endfacet
  facet normal 1 0 0
    outer loop
      vertex 76 37.7818 4.52664
      vertex 76 45 0
      vertex 76 38.1353 4.4319
    endloop
  endfacet
  facet normal 1 0 0
    outer loop
      vertex 76 29.771 4.94629
      vertex 76 37.7818 4.52664
      vertex 76 37.45 4.68135
    endloop
  endfacet
  facet normal 1 -0 0
    outer loop
      vertex 76 34.0665 7.42629
      vertex 76 36.4319 6.86466
      vertex 76 35.0276 8.21504
    endloop
  endfacet
  facet normal 1 0 0
    outer loop
      vertex 76 36.4319 6.86466
      vertex 76 34.0665 7.42629
      vertex 76 36.4 6.5
    endloop
  endfacet
  facet normal 1 0 0
    outer loop
      vertex 76 36.4 6.5
      vertex 76 34.0665 7.42629
      vertex 76 36.4319 6.13534
    endloop
  endfacet
  facet normal 1 -0 0
    outer loop
      vertex 76 33.0558 6.70208
      vertex 76 36.4319 6.13534
      vertex 76 34.0665 7.42629
    endloop
  endfacet
  facet normal 1 0 0
    outer loop
      vertex 76 36.4319 6.13534
      vertex 76 33.0558 6.70208
      vertex 76 36.5266 5.78176
    endloop
  endfacet
  facet normal 1 0 0
    outer loop
      vertex 76 36.5266 5.78176
      vertex 76 33.0558 6.70208
      vertex 76 36.6813 5.45
    endloop
  endfacet
  facet normal 1 -0 0
    outer loop
      vertex 76 32 6.04552
      vertex 76 36.6813 5.45
      vertex 76 33.0558 6.70208
    endloop
  endfacet
  facet normal 1 0 0
    outer loop
      vertex 76 36.6813 5.45
      vertex 76 32 6.04552
      vertex 76 36.8913 5.15015
    endloop
  endfacet
  facet normal 1 0 0
    outer loop
      vertex 76 36.8913 5.15015
      vertex 76 32 6.04552
      vertex 76 37.1501 4.89131
    endloop
  endfacet
  facet normal 1 -0 0
    outer loop
      vertex 76 30.9035 5.45942
      vertex 76 37.1501 4.89131
      vertex 76 32 6.04552
    endloop
  endfacet
  facet normal 1 0 0
    outer loop
      vertex 76 37.1501 4.89131
      vertex 76 30.9035 5.45942
      vertex 76 37.45 4.68135
    endloop
  endfacet
  facet normal 1 -0 0
    outer loop
      vertex 76 29.771 4.94629
      vertex 76 37.45 4.68135
      vertex 76 30.9035 5.45942
    endloop
  endfacet
  facet normal 1 0 0
    outer loop
      vertex 76 37.7818 4.52664
      vertex 76 29.771 4.94629
      vertex 76 28.6073 4.50833
    endloop
  endfacet
  facet normal 1 0 0
    outer loop
      vertex 76 37.7818 4.52664
      vertex 76 28.6073 4.50833
      vertex 76 45 0
    endloop
  endfacet
  facet normal 1 -0 0
    outer loop
      vertex 76 27.4176 4.14741
      vertex 76 45 0
      vertex 76 28.6073 4.50833
    endloop
  endfacet
  facet normal 1 -0 0
    outer loop
      vertex 76 26.2067 3.86508
      vertex 76 45 0
      vertex 76 27.4176 4.14741
    endloop
  endfacet
  facet normal 1 -0 0
    outer loop
      vertex 76 24.98 3.66255
      vertex 76 45 0
      vertex 76 26.2067 3.86508
    endloop
  endfacet
  facet normal 1 -0 0
    outer loop
      vertex 76 23.7427 3.54068
      vertex 76 45 0
      vertex 76 24.98 3.66255
    endloop
  endfacet
  facet normal 1 -0 0
    outer loop
      vertex 76 22.5 3.5
      vertex 76 45 0
      vertex 76 23.7427 3.54068
    endloop
  endfacet
  facet normal 1 0 0
    outer loop
      vertex 76 0 0
      vertex 76 22.5 3.5
      vertex 76 21.2573 3.54068
    endloop
  endfacet
  facet normal 1 0 0
    outer loop
      vertex 76 0 0
      vertex 76 21.2573 3.54068
      vertex 76 20.02 3.66255
    endloop
  endfacet
  facet normal 1 0 0
    outer loop
      vertex 76 8.31865 7.55
      vertex 76 9.97243 8.21504
      vertex 76 9.06497 9.06497
    endloop
  endfacet
  facet normal 1 0 0
    outer loop
      vertex 76 8.5681 6.86466
      vertex 76 10.9335 7.42629
      vertex 76 9.97243 8.21504
    endloop
  endfacet
  facet normal 1 0 0
    outer loop
      vertex 76 8.5681 6.13534
      vertex 76 10.9335 7.42629
      vertex 76 8.6 6.5
    endloop
  endfacet
  facet normal 1 0 0
    outer loop
      vertex 76 10.9335 7.42629
      vertex 76 8.5681 6.13534
      vertex 76 11.9442 6.70208
    endloop
  endfacet
  facet normal 1 0 0
    outer loop
      vertex 76 8.47335 5.78176
      vertex 76 11.9442 6.70208
      vertex 76 8.5681 6.13534
    endloop
  endfacet
  facet normal 1 0 0
    outer loop
      vertex 76 8.31865 5.45
      vertex 76 11.9442 6.70208
      vertex 76 8.47335 5.78176
    endloop
  endfacet
  facet normal 1 0 0
    outer loop
      vertex 76 11.9442 6.70208
      vertex 76 8.31865 5.45
      vertex 76 13 6.04552
    endloop
  endfacet
  facet normal 1 0 0
    outer loop
      vertex 76 8.10869 5.15015
      vertex 76 13 6.04552
      vertex 76 8.31865 5.45
    endloop
  endfacet
  facet normal 1 0 0
    outer loop
      vertex 76 7.84985 4.89131
      vertex 76 13 6.04552
      vertex 76 8.10869 5.15015
    endloop
  endfacet
  facet normal 1 0 0
    outer loop
      vertex 76 13 6.04552
      vertex 76 7.84985 4.89131
      vertex 76 14.0965 5.45942
    endloop
  endfacet
  facet normal 1 0 0
    outer loop
      vertex 76 7.55 4.68135
      vertex 76 14.0965 5.45942
      vertex 76 7.84985 4.89131
    endloop
  endfacet
  facet normal 1 0 0
    outer loop
      vertex 76 14.0965 5.45942
      vertex 76 7.55 4.68135
      vertex 76 15.229 4.94629
    endloop
  endfacet
  facet normal 1 0 0
    outer loop
      vertex 76 7.21824 4.52664
      vertex 76 15.229 4.94629
      vertex 76 7.55 4.68135
    endloop
  endfacet
  facet normal 1 0 0
    outer loop
      vertex 76 15.229 4.94629
      vertex 76 7.21824 4.52664
      vertex 76 16.3927 4.50833
    endloop
  endfacet
  facet normal 1 0 0
    outer loop
      vertex 76 0 0
      vertex 76 16.3927 4.50833
      vertex 76 7.21824 4.52664
    endloop
  endfacet
  facet normal 1 0 0
    outer loop
      vertex 76 16.3927 4.50833
      vertex 76 0 0
      vertex 76 17.5824 4.14741
    endloop
  endfacet
  facet normal 1 0 0
    outer loop
      vertex 76 17.5824 4.14741
      vertex 76 0 0
      vertex 76 18.7933 3.86508
    endloop
  endfacet
  facet normal 1 0 0
    outer loop
      vertex 76 18.7933 3.86508
      vertex 76 0 0
      vertex 76 20.02 3.66255
    endloop
  endfacet
  facet normal 1 0 0
    outer loop
      vertex 76 0 0
      vertex 76 7.21824 4.52664
      vertex 76 6.86466 4.4319
    endloop
  endfacet
  facet normal 1 0 0
    outer loop
      vertex 76 0 0
      vertex 76 6.86466 4.4319
      vertex 76 6.5 4.4
    endloop
  endfacet
  facet normal 1 0 0
    outer loop
      vertex 76 0 0
      vertex 76 6.5 4.4
      vertex 76 6.13534 4.4319
    endloop
  endfacet
  facet normal 1 0 0
    outer loop
      vertex 76 0 0
      vertex 76 4.14741 17.5824
      vertex 76 3.86508 18.7933
    endloop
  endfacet
  facet normal 1 0 0
    outer loop
      vertex 76 0 0
      vertex 76 3.86508 18.7933
      vertex 76 3.66255 20.02
    endloop
  endfacet
  facet normal 1 0 0
    outer loop
      vertex 76 0 0
      vertex 76 3.66255 20.02
      vertex 76 3.54068 21.2573
    endloop
  endfacet
  facet normal 1 0 0
    outer loop
      vertex 76 0 0
      vertex 76 3.5 22.5
      vertex 76 0 45
    endloop
  endfacet
  facet normal 1 0 0
    outer loop
      vertex 76 3.5 22.5
      vertex 76 0 0
      vertex 76 3.54068 21.2573
    endloop
  endfacet
  facet normal 1 0 0
    outer loop
      vertex 76 4.4319 6.86466
      vertex 76 0 0
      vertex 76 4.4 6.5
    endloop
  endfacet
  facet normal 1 0 0
    outer loop
      vertex 76 22.5 3.5
      vertex 76 0 0
      vertex 76 45 0
    endloop
  endfacet
  facet normal 1 0 0
    outer loop
      vertex 76 5.78176 4.52664
      vertex 76 0 0
      vertex 76 6.13534 4.4319
    endloop
  endfacet
  facet normal 1 0 0
    outer loop
      vertex 76 5.45 4.68135
      vertex 76 0 0
      vertex 76 5.78176 4.52664
    endloop
  endfacet
  facet normal 1 0 0
    outer loop
      vertex 76 5.15015 4.89131
      vertex 76 0 0
      vertex 76 5.45 4.68135
    endloop
  endfacet
  facet normal 1 0 0
    outer loop
      vertex 76 4.89131 5.15015
      vertex 76 0 0
      vertex 76 5.15015 4.89131
    endloop
  endfacet
  facet normal 1 0 0
    outer loop
      vertex 76 4.68135 5.45
      vertex 76 0 0
      vertex 76 4.89131 5.15015
    endloop
  endfacet
  facet normal 1 0 0
    outer loop
      vertex 76 4.52664 5.78176
      vertex 76 0 0
      vertex 76 4.68135 5.45
    endloop
  endfacet
  facet normal 1 0 0
    outer loop
      vertex 76 4.4319 6.13534
      vertex 76 0 0
      vertex 76 4.52664 5.78176
    endloop
  endfacet
  facet normal 1 0 0
    outer loop
      vertex 76 4.4 6.5
      vertex 76 0 0
      vertex 76 4.4319 6.13534
    endloop
  endfacet
  facet normal 1 0 0
    outer loop
      vertex 76 40.4734 37.7818
      vertex 76 45 45
      vertex 76 40.5681 38.1353
    endloop
  endfacet
  facet normal 1 0 0
    outer loop
      vertex 76 45 45
      vertex 76 40.4917 28.6073
      vertex 76 40.8526 27.4176
    endloop
  endfacet
  facet normal 1 0 0
    outer loop
      vertex 76 45 45
      vertex 76 40.4734 37.7818
      vertex 76 40.4917 28.6073
    endloop
  endfacet
  facet normal 1 0 0
    outer loop
      vertex 76 40.0537 29.771
      vertex 76 40.4734 37.7818
      vertex 76 40.3187 37.45
    endloop
  endfacet
  facet normal 1 0 0
    outer loop
      vertex 76 39.5406 30.9035
      vertex 76 40.3187 37.45
      vertex 76 40.1087 37.1501
    endloop
  endfacet
  facet normal 1 0 0
    outer loop
      vertex 76 40.4734 37.7818
      vertex 76 40.0537 29.771
      vertex 76 40.4917 28.6073
    endloop
  endfacet
  facet normal 1 0 0
    outer loop
      vertex 76 38.9545 32
      vertex 76 40.1087 37.1501
      vertex 76 39.8499 36.8913
    endloop
  endfacet
  facet normal 1 0 0
    outer loop
      vertex 76 38.9545 32
      vertex 76 39.8499 36.8913
      vertex 76 39.55 36.6813
    endloop
  endfacet
  facet normal 1 0 0
    outer loop
      vertex 76 40.3187 37.45
      vertex 76 39.5406 30.9035
      vertex 76 40.0537 29.771
    endloop
  endfacet
  facet normal 1 0 0
    outer loop
      vertex 76 38.2979 33.0558
      vertex 76 39.55 36.6813
      vertex 76 39.2182 36.5266
    endloop
  endfacet
  facet normal 1 0 0
    outer loop
      vertex 76 40.1087 37.1501
      vertex 76 38.9545 32
      vertex 76 39.5406 30.9035
    endloop
  endfacet
  facet normal 1 0 0
    outer loop
      vertex 76 38.2979 33.0558
      vertex 76 39.2182 36.5266
      vertex 76 38.8647 36.4319
    endloop
  endfacet
  facet normal 1 0 0
    outer loop
      vertex 76 37.5737 34.0665
      vertex 76 38.8647 36.4319
      vertex 76 38.5 36.4
    endloop
  endfacet
  facet normal 1 0 0
    outer loop
      vertex 76 39.55 36.6813
      vertex 76 38.2979 33.0558
      vertex 76 38.9545 32
    endloop
  endfacet
  facet normal 1 0 0
    outer loop
      vertex 76 37.5737 34.0665
      vertex 76 38.5 36.4
      vertex 76 38.1353 36.4319
    endloop
  endfacet
  facet normal 1 0 0
    outer loop
      vertex 76 36.785 35.0276
      vertex 76 38.1353 36.4319
      vertex 76 37.7818 36.5266
    endloop
  endfacet
  facet normal 1 0 0
    outer loop
      vertex 76 38.8647 36.4319
      vertex 76 37.5737 34.0665
      vertex 76 38.2979 33.0558
    endloop
  endfacet
  facet normal 1 0 0
    outer loop
      vertex 76 36.785 35.0276
      vertex 76 37.7818 36.5266
      vertex 76 37.45 36.6813
    endloop
  endfacet
  facet normal 1 0 0
    outer loop
      vertex 76 35.935 35.935
      vertex 76 37.45 36.6813
      vertex 76 37.1501 36.8913
    endloop
  endfacet
  facet normal 1 0 0
    outer loop
      vertex 76 35.935 35.935
      vertex 76 37.1501 36.8913
      vertex 76 36.8913 37.1501
    endloop
  endfacet
  facet normal 1 0 0
    outer loop
      vertex 76 38.1353 36.4319
      vertex 76 36.785 35.0276
      vertex 76 37.5737 34.0665
    endloop
  endfacet
  facet normal 1 0 0
    outer loop
      vertex 76 35.935 35.935
      vertex 76 36.8913 37.1501
      vertex 76 36.6813 37.45
    endloop
  endfacet
  facet normal 1 0 0
    outer loop
      vertex 76 35.935 35.935
      vertex 76 36.6813 37.45
      vertex 76 36.5266 37.7818
    endloop
  endfacet
  facet normal 1 0 0
    outer loop
      vertex 76 35.935 35.935
      vertex 76 36.5266 37.7818
      vertex 76 36.4319 38.1353
    endloop
  endfacet
  facet normal 1 0 0
    outer loop
      vertex 76 37.45 36.6813
      vertex 76 35.935 35.935
      vertex 76 36.785 35.0276
    endloop
  endfacet
  facet normal 1 0 0
    outer loop
      vertex 76 35.935 35.935
      vertex 76 36.4319 38.1353
      vertex 76 36.4 38.5
    endloop
  endfacet
  facet normal 0 1 -0
    outer loop
      vertex 76 45 0
      vertex 0 45 45
      vertex 76 45 45
    endloop
  endfacet
  facet normal 0 1 0
    outer loop
      vertex 0 45 45
      vertex 76 45 0
      vertex 0 45 0
    endloop
  endfacet
  facet normal 0 0 -1
    outer loop
      vertex 70 3 15
      vertex 69.99 5.05005 15
      vertex 70 5.05005 15
    endloop
  endfacet
  facet normal 0 0 -1
    outer loop
      vertex 8 13 15
      vertex 69.99 5.05005 15
      vertex 8 3 15
    endloop
  endfacet
  facet normal 0 0 -1
    outer loop
      vertex 8 3 15
      vertex 69.99 5.05005 15
      vertex 70 3 15
    endloop
  endfacet
  facet normal 0 0 -1
    outer loop
      vertex 69.99 39.9499 15
      vertex 70 42 15
      vertex 70 39.9499 15
    endloop
  endfacet
  facet normal 0 0 -1
    outer loop
      vertex 69.99 5.05005 15
      vertex 8 13 15
      vertex 69.99 39.9499 15
    endloop
  endfacet
  facet normal 0 0 -1
    outer loop
      vertex 3.01 40.5 15
      vertex 69.99 39.9499 15
      vertex 8 13 15
    endloop
  endfacet
  facet normal 0 0 -1
    outer loop
      vertex 3.01 40.5 15
      vertex 8 13 15
      vertex 3.01 13 15
    endloop
  endfacet
  facet normal 0 0 -1
    outer loop
      vertex 69.99 39.9499 15
      vertex 3.01 40.5 15
      vertex 70 42 15
    endloop
  endfacet
  facet normal 0 0 -1
    outer loop
      vertex 3 42 15
      vertex 3.01 40.5 15
      vertex 3 40.5 15
    endloop
  endfacet
  facet normal 0 0 -1
    outer loop
      vertex 3.01 40.5 15
      vertex 3 42 15
      vertex 70 42 15
    endloop
  endfacet
  facet normal 0 0 -1
    outer loop
      vertex 0 6.5 15
      vertex 3 13 15
      vertex 3 6.5 15
    endloop
  endfacet
  facet normal 0 0 -1
    outer loop
      vertex 0 40.5 15
      vertex 3 13 15
      vertex 0 6.5 15
    endloop
  endfacet
  facet normal 0 0 -1
    outer loop
      vertex 3 13 15
      vertex 0 40.5 15
      vertex 3 40.5 15
    endloop
  endfacet
  facet normal 0 0 -1
    outer loop
      vertex 3 13 15
      vertex 3.01 40.5 15
      vertex 3.01 13 15
    endloop
  endfacet
  facet normal -0 0 -1
    outer loop
      vertex 3.01 40.5 15
      vertex 3 13 15
      vertex 3 40.5 15
    endloop
  endfacet
  facet normal 0 -1 0
    outer loop
      vertex 8 3 15
      vertex 70 3 18
      vertex 8 3 18
    endloop
  endfacet
  facet normal 0 -1 -0
    outer loop
      vertex 70 3 18
      vertex 8 3 15
      vertex 70 3 15
    endloop
  endfacet
  facet normal -1 0 0
    outer loop
      vertex 8 3 15
      vertex 8 13 18
      vertex 8 13 15
    endloop
  endfacet
  facet normal -1 -0 0
    outer loop
      vertex 8 13 18
      vertex 8 3 15
      vertex 8 3 18
    endloop
  endfacet
  facet normal 0 -1 0
    outer loop
      vertex 3.01 13 15
      vertex 3.01 13 18
      vertex 3 13 18
    endloop
  endfacet
  facet normal 0 -1 0
    outer loop
      vertex 3.01 13 15
      vertex 3 13 18
      vertex 3 13 15
    endloop
  endfacet
  facet normal 0 -1 0
    outer loop
      vertex 3.01 13 18
      vertex 3.01 13 15
      vertex 8 13 18
    endloop
  endfacet
  facet normal 0 -1 -0
    outer loop
      vertex 8 13 18
      vertex 3.01 13 15
      vertex 8 13 15
    endloop
  endfacet
  facet normal 0 0 1
    outer loop
      vertex 3.01 6.5 3
      vertex 70 42 3
      vertex 3.01 40.5 3
    endloop
  endfacet
  facet normal -0 0 1
    outer loop
      vertex 3 42 3
      vertex 3.01 40.5 3
      vertex 70 42 3
    endloop
  endfacet
  facet normal 0 0 1
    outer loop
      vertex 3.01 40.5 3
      vertex 3 42 3
      vertex 3 40.5 3
    endloop
  endfacet
  facet normal 0 0 1
    outer loop
      vertex 70 42 3
      vertex 3.01 6.5 3
      vertex 70 0 3
    endloop
  endfacet
  facet normal 0 0 1
    outer loop
      vertex 3 0 3
      vertex 3.01 6.5 3
      vertex 3 6.5 3
    endloop
  endfacet
  facet normal 0 0 1
    outer loop
      vertex 3.01 6.5 3
      vertex 3 0 3
      vertex 70 0 3
    endloop
  endfacet
  facet normal -0 0 1
    outer loop
      vertex 3 40.5 3
      vertex 3.01 6.5 3
      vertex 3.01 40.5 3
    endloop
  endfacet
  facet normal 0 0 1
    outer loop
      vertex 3 40.5 3
      vertex 3 6.5 3
      vertex 3.01 6.5 3
    endloop
  endfacet
  facet normal -0 0 1
    outer loop
      vertex 0 40.5 3
      vertex 3 6.5 3
      vertex 3 40.5 3
    endloop
  endfacet
  facet normal 0 0 1
    outer loop
      vertex 3 6.5 3
      vertex 0 40.5 3
      vertex 0 6.5 3
    endloop
  endfacet
  facet normal 0 0 -1
    outer loop
      vertex 0 0 0
      vertex 76 45 0
      vertex 76 0 0
    endloop
  endfacet
  facet normal -0 0 -1
    outer loop
      vertex 76 45 0
      vertex 0 0 0
      vertex 0 45 0
    endloop
  endfacet
  facet normal 0 -1 0
    outer loop
      vertex 0 0 45
      vertex 3 0 3
      vertex 3 0 45
    endloop
  endfacet
  facet normal 0 -1 -0
    outer loop
      vertex 3 0 3
      vertex 0 0 0
      vertex 70 0 3
    endloop
  endfacet
  facet normal 0 -1 0
    outer loop
      vertex 0 0 0
      vertex 3 0 3
      vertex 0 0 45
    endloop
  endfacet
  facet normal 0 -1 0
    outer loop
      vertex 70 0 3
      vertex 76 0 45
      vertex 70 0 45
    endloop
  endfacet
  facet normal 0 -1 0
    outer loop
      vertex 70 0 3
      vertex 76 0 0
      vertex 76 0 45
    endloop
  endfacet
  facet normal 0 -1 0
    outer loop
      vertex 76 0 0
      vertex 70 0 3
      vertex 0 0 0
    endloop
  endfacet
  facet normal 0 0 1
    outer loop
      vertex 76 45 45
      vertex 70 42 45
      vertex 76 0 45
    endloop
  endfacet
  facet normal -0 0 1
    outer loop
      vertex 0 45 45
      vertex 70 42 45
      vertex 76 45 45
    endloop
  endfacet
  facet normal 0 0 1
    outer loop
      vertex 70 42 45
      vertex 0 45 45
      vertex 3 42 45
    endloop
  endfacet
  facet normal 0 0 1
    outer loop
      vertex 0 0 45
      vertex 3 42 45
      vertex 0 45 45
    endloop
  endfacet
  facet normal 0 0 1
    outer loop
      vertex 3 42 45
      vertex 0 0 45
      vertex 3 0 45
    endloop
  endfacet
  facet normal 0 0 1
    outer loop
      vertex 76 0 45
      vertex 70 42 45
      vertex 70 0 45
    endloop
  endfacet
  facet normal 1 0 0
    outer loop
      vertex 3 42 45
      vertex 3 40.5 42
      vertex 3 42 18
    endloop
  endfacet
  facet normal 1 0 0
    outer loop
      vertex 3 42 45
      vertex 3 6.5 42
      vertex 3 40.5 42
    endloop
  endfacet
  facet normal 1 0 0
    outer loop
      vertex 3 0 45
      vertex 3 6.5 18
      vertex 3 6.5 42
    endloop
  endfacet
  facet normal 1 0 0
    outer loop
      vertex 3 0 3
      vertex 3 6.5 18
      vertex 3 0 45
    endloop
  endfacet
  facet normal 1 -0 0
    outer loop
      vertex 3 0 45
      vertex 3 6.5 42
      vertex 3 42 45
    endloop
  endfacet
  facet normal 1 0 0
    outer loop
      vertex 3 6.5 18
      vertex 3 0 3
      vertex 3 6.5 15
    endloop
  endfacet
  facet normal 1 0 0
    outer loop
      vertex 3 6.5 15
      vertex 3 0 3
      vertex 3 6.5 3
    endloop
  endfacet
  facet normal 1 0 0
    outer loop
      vertex 3 42 18
      vertex 3 40.5 42
      vertex 3 40.5 18
    endloop
  endfacet
  facet normal 1 -0 0
    outer loop
      vertex 3 6.5 18
      vertex 3 13 15
      vertex 3 13 18
    endloop
  endfacet
  facet normal 1 0 0
    outer loop
      vertex 3 13 15
      vertex 3 6.5 18
      vertex 3 6.5 15
    endloop
  endfacet
  facet normal 1 -0 0
    outer loop
      vertex 3 40.5 15
      vertex 3 42 3
      vertex 3 42 15
    endloop
  endfacet
  facet normal 1 0 0
    outer loop
      vertex 3 42 3
      vertex 3 40.5 15
      vertex 3 40.5 3
    endloop
  endfacet
  facet normal -1 0 0
    outer loop
      vertex 70 41.4743 6.89158
      vertex 70 42 3
      vertex 70 41.5 6.5
    endloop
  endfacet
  facet normal -1 0 0
    outer loop
      vertex 70 42 3
      vertex 70 41.4743 6.10842
      vertex 70 41.5 6.5
    endloop
  endfacet
  facet normal -1 0 0
    outer loop
      vertex 70 42 3
      vertex 70 41.3978 5.72354
      vertex 70 41.4743 6.10842
    endloop
  endfacet
  facet normal -1 0 0
    outer loop
      vertex 70 42 3
      vertex 70 41.2716 5.35195
      vertex 70 41.3978 5.72354
    endloop
  endfacet
  facet normal -1 0 0
    outer loop
      vertex 70 42 3
      vertex 70 41.0981 5
      vertex 70 41.2716 5.35195
    endloop
  endfacet
  facet normal -1 0 0
    outer loop
      vertex 70 42 3
      vertex 70 40.8801 4.67372
      vertex 70 41.0981 5
    endloop
  endfacet
  facet normal -1 0 0
    outer loop
      vertex 70 42 3
      vertex 70 40.6213 4.37868
      vertex 70 40.8801 4.67372
    endloop
  endfacet
  facet normal -1 0 0
    outer loop
      vertex 70 42 3
      vertex 70 40.3263 4.11994
      vertex 70 40.6213 4.37868
    endloop
  endfacet
  facet normal -1 0 0
    outer loop
      vertex 70 42 3
      vertex 70 40 3.90192
      vertex 70 40.3263 4.11994
    endloop
  endfacet
  facet normal -1 0 0
    outer loop
      vertex 70 42 3
      vertex 70 39.648 3.72836
      vertex 70 40 3.90192
    endloop
  endfacet
  facet normal -1 0 0
    outer loop
      vertex 70 42 3
      vertex 70 39.2765 3.60222
      vertex 70 39.648 3.72836
    endloop
  endfacet
  facet normal -1 0 0
    outer loop
      vertex 70 42 3
      vertex 70 38.8916 3.52567
      vertex 70 39.2765 3.60222
    endloop
  endfacet
  facet normal -1 0 0
    outer loop
      vertex 70 42 3
      vertex 70 38.5 3.5
      vertex 70 38.8916 3.52567
    endloop
  endfacet
  facet normal -1 0 0
    outer loop
      vertex 70 42 3
      vertex 70 38.1084 3.52567
      vertex 70 38.5 3.5
    endloop
  endfacet
  facet normal -1 0 0
    outer loop
      vertex 70 34.0665 7.42629
      vertex 70 35.5 6.5
      vertex 70 35.5257 6.10842
    endloop
  endfacet
  facet normal -1 0 0
    outer loop
      vertex 70 33.0558 6.70208
      vertex 70 35.5257 6.10842
      vertex 70 35.6022 5.72354
    endloop
  endfacet
  facet normal -1 0 0
    outer loop
      vertex 70 35.5 6.5
      vertex 70 34.0665 7.42629
      vertex 70 35.0276 8.21504
    endloop
  endfacet
  facet normal -1 0 0
    outer loop
      vertex 70 33.0558 6.70208
      vertex 70 35.6022 5.72354
      vertex 70 35.7284 5.35195
    endloop
  endfacet
  facet normal -1 0 0
    outer loop
      vertex 70 32 6.04552
      vertex 70 35.7284 5.35195
      vertex 70 35.9019 5
    endloop
  endfacet
  facet normal -1 0 0
    outer loop
      vertex 70 32 6.04552
      vertex 70 35.9019 5
      vertex 70 36.1199 4.67372
    endloop
  endfacet
  facet normal -1 0 0
    outer loop
      vertex 70 35.5257 6.10842
      vertex 70 33.0558 6.70208
      vertex 70 34.0665 7.42629
    endloop
  endfacet
  facet normal -1 0 0
    outer loop
      vertex 70 30.9035 5.45942
      vertex 70 36.1199 4.67372
      vertex 70 36.3787 4.37868
    endloop
  endfacet
  facet normal -1 0 0
    outer loop
      vertex 70 29.771 4.94629
      vertex 70 36.3787 4.37868
      vertex 70 36.6737 4.11994
    endloop
  endfacet
  facet normal -1 0 0
    outer loop
      vertex 70 35.7284 5.35195
      vertex 70 32 6.04552
      vertex 70 33.0558 6.70208
    endloop
  endfacet
  facet normal -1 0 0
    outer loop
      vertex 70 29.771 4.94629
      vertex 70 36.6737 4.11994
      vertex 70 37 3.90192
    endloop
  endfacet
  facet normal -1 0 0
    outer loop
      vertex 70 28.6073 4.50833
      vertex 70 37 3.90192
      vertex 70 37.352 3.72836
    endloop
  endfacet
  facet normal -1 0 0
    outer loop
      vertex 70 36.1199 4.67372
      vertex 70 30.9035 5.45942
      vertex 70 32 6.04552
    endloop
  endfacet
  facet normal -1 0 0
    outer loop
      vertex 70 27.4176 4.14741
      vertex 70 37.352 3.72836
      vertex 70 37.7235 3.60222
    endloop
  endfacet
  facet normal -1 0 0
    outer loop
      vertex 70 36.3787 4.37868
      vertex 70 29.771 4.94629
      vertex 70 30.9035 5.45942
    endloop
  endfacet
  facet normal -1 0 0
    outer loop
      vertex 70 26.2067 3.86508
      vertex 70 37.7235 3.60222
      vertex 70 38.1084 3.52567
    endloop
  endfacet
  facet normal -1 0 0
    outer loop
      vertex 70 37 3.90192
      vertex 70 28.6073 4.50833
      vertex 70 29.771 4.94629
    endloop
  endfacet
  facet normal -1 0 0
    outer loop
      vertex 70 24.98 3.66255
      vertex 70 38.1084 3.52567
      vertex 70 42 3
    endloop
  endfacet
  facet normal -1 0 0
    outer loop
      vertex 70 37.352 3.72836
      vertex 70 27.4176 4.14741
      vertex 70 28.6073 4.50833
    endloop
  endfacet
  facet normal -1 0 0
    outer loop
      vertex 70 37.7235 3.60222
      vertex 70 26.2067 3.86508
      vertex 70 27.4176 4.14741
    endloop
  endfacet
  facet normal -1 0 0
    outer loop
      vertex 70 38.1084 3.52567
      vertex 70 24.98 3.66255
      vertex 70 26.2067 3.86508
    endloop
  endfacet
  facet normal -1 0 0
    outer loop
      vertex 70 42 3
      vertex 70 23.7427 3.54068
      vertex 70 24.98 3.66255
    endloop
  endfacet
  facet normal -1 0 0
    outer loop
      vertex 70 42 3
      vertex 70 22.5 3.5
      vertex 70 23.7427 3.54068
    endloop
  endfacet
  facet normal -1 0 0
    outer loop
      vertex 70 9.47433 6.89158
      vertex 70 10.9335 7.42629
      vertex 70 9.5 6.5
    endloop
  endfacet
  facet normal -1 0 0
    outer loop
      vertex 70 9.47433 6.10842
      vertex 70 10.9335 7.42629
      vertex 70 11.9442 6.70208
    endloop
  endfacet
  facet normal -1 0 0
    outer loop
      vertex 70 9.27164 5.35195
      vertex 70 11.9442 6.70208
      vertex 70 13 6.04552
    endloop
  endfacet
  facet normal -1 0 0
    outer loop
      vertex 70 8.88006 4.67372
      vertex 70 13 6.04552
      vertex 70 14.0965 5.45942
    endloop
  endfacet
  facet normal -1 0 0
    outer loop
      vertex 70 8.62132 4.37868
      vertex 70 14.0965 5.45942
      vertex 70 15.229 4.94629
    endloop
  endfacet
  facet normal -1 0 0
    outer loop
      vertex 70 8 3.90192
      vertex 70 15.229 4.94629
      vertex 70 16.3927 4.50833
    endloop
  endfacet
  facet normal -1 0 0
    outer loop
      vertex 70 7.64805 3.72836
      vertex 70 16.3927 4.50833
      vertex 70 17.5824 4.14741
    endloop
  endfacet
  facet normal -1 0 0
    outer loop
      vertex 70 10.9335 7.42629
      vertex 70 9.47433 6.10842
      vertex 70 9.5 6.5
    endloop
  endfacet
  facet normal -1 0 0
    outer loop
      vertex 70 11.9442 6.70208
      vertex 70 9.39778 5.72354
      vertex 70 9.47433 6.10842
    endloop
  endfacet
  facet normal -1 0 0
    outer loop
      vertex 70 7.27646 3.60222
      vertex 70 17.5824 4.14741
      vertex 70 18.7933 3.86508
    endloop
  endfacet
  facet normal -1 0 0
    outer loop
      vertex 70 11.9442 6.70208
      vertex 70 9.27164 5.35195
      vertex 70 9.39778 5.72354
    endloop
  endfacet
  facet normal -1 0 0
    outer loop
      vertex 70 7.27646 3.60222
      vertex 70 18.7933 3.86508
      vertex 70 20.02 3.66255
    endloop
  endfacet
  facet normal -1 0 0
    outer loop
      vertex 70 13 6.04552
      vertex 70 9.09808 5
      vertex 70 9.27164 5.35195
    endloop
  endfacet
  facet normal -1 0 0
    outer loop
      vertex 70 13 6.04552
      vertex 70 8.88006 4.67372
      vertex 70 9.09808 5
    endloop
  endfacet
  facet normal -1 0 0
    outer loop
      vertex 70 6.89158 3.52567
      vertex 70 20.02 3.66255
      vertex 70 21.2573 3.54068
    endloop
  endfacet
  facet normal -1 0 0
    outer loop
      vertex 70 14.0965 5.45942
      vertex 70 8.62132 4.37868
      vertex 70 8.88006 4.67372
    endloop
  endfacet
  facet normal -1 0 0
    outer loop
      vertex 70 15.229 4.94629
      vertex 70 8.32628 4.11994
      vertex 70 8.62132 4.37868
    endloop
  endfacet
  facet normal -1 0 0
    outer loop
      vertex 70 15.229 4.94629
      vertex 70 8 3.90192
      vertex 70 8.32628 4.11994
    endloop
  endfacet
  facet normal -1 0 0
    outer loop
      vertex 70 0 3
      vertex 70 21.2573 3.54068
      vertex 70 22.5 3.5
    endloop
  endfacet
  facet normal -1 0 0
    outer loop
      vertex 70 16.3927 4.50833
      vertex 70 7.64805 3.72836
      vertex 70 8 3.90192
    endloop
  endfacet
  facet normal -1 0 0
    outer loop
      vertex 70 0 3
      vertex 70 22.5 3.5
      vertex 70 42 3
    endloop
  endfacet
  facet normal -1 0 0
    outer loop
      vertex 70 17.5824 4.14741
      vertex 70 7.27646 3.60222
      vertex 70 7.64805 3.72836
    endloop
  endfacet
  facet normal -1 0 0
    outer loop
      vertex 70 20.02 3.66255
      vertex 70 6.89158 3.52567
      vertex 70 7.27646 3.60222
    endloop
  endfacet
  facet normal -1 0 0
    outer loop
      vertex 70 21.2573 3.54068
      vertex 70 6.5 3.5
      vertex 70 6.89158 3.52567
    endloop
  endfacet
  facet normal -1 -0 0
    outer loop
      vertex 70 3 15
      vertex 70 0 3
      vertex 70 3 18
    endloop
  endfacet
  facet normal -1 -0 0
    outer loop
      vertex 70 3.72836 7.64805
      vertex 70 0 3
      vertex 70 3 15
    endloop
  endfacet
  facet normal -1 -0 0
    outer loop
      vertex 70 3.52567 6.10842
      vertex 70 0 3
      vertex 70 3.5 6.5
    endloop
  endfacet
  facet normal -1 -0 0
    outer loop
      vertex 70 3.60222 5.72354
      vertex 70 0 3
      vertex 70 3.52567 6.10842
    endloop
  endfacet
  facet normal -1 -0 0
    outer loop
      vertex 70 3.72836 5.35195
      vertex 70 0 3
      vertex 70 3.60222 5.72354
    endloop
  endfacet
  facet normal -1 -0 0
    outer loop
      vertex 70 3.90192 5
      vertex 70 0 3
      vertex 70 3.72836 5.35195
    endloop
  endfacet
  facet normal -1 -0 0
    outer loop
      vertex 70 4.11994 4.67372
      vertex 70 0 3
      vertex 70 3.90192 5
    endloop
  endfacet
  facet normal -1 -0 0
    outer loop
      vertex 70 4.37868 4.37868
      vertex 70 0 3
      vertex 70 4.11994 4.67372
    endloop
  endfacet
  facet normal -1 -0 0
    outer loop
      vertex 70 4.67372 4.11994
      vertex 70 0 3
      vertex 70 4.37868 4.37868
    endloop
  endfacet
  facet normal -1 -0 0
    outer loop
      vertex 70 5 3.90192
      vertex 70 0 3
      vertex 70 4.67372 4.11994
    endloop
  endfacet
  facet normal -1 -0 0
    outer loop
      vertex 70 5.35195 3.72836
      vertex 70 0 3
      vertex 70 5 3.90192
    endloop
  endfacet
  facet normal -1 -0 0
    outer loop
      vertex 70 5.72354 3.60222
      vertex 70 0 3
      vertex 70 5.35195 3.72836
    endloop
  endfacet
  facet normal -1 -0 0
    outer loop
      vertex 70 6.10842 3.52567
      vertex 70 0 3
      vertex 70 5.72354 3.60222
    endloop
  endfacet
  facet normal -1 -0 0
    outer loop
      vertex 70 6.5 3.5
      vertex 70 0 3
      vertex 70 6.10842 3.52567
    endloop
  endfacet
  facet normal -1 0 0
    outer loop
      vertex 70 21.2573 3.54068
      vertex 70 0 3
      vertex 70 6.5 3.5
    endloop
  endfacet
  facet normal -1 0 0
    outer loop
      vertex 70 42 3
      vertex 70 41.4743 6.89158
      vertex 70 42 15
    endloop
  endfacet
  facet normal -1 0 0
    outer loop
      vertex 70 41.3978 7.27646
      vertex 70 42 15
      vertex 70 41.4743 6.89158
    endloop
  endfacet
  facet normal -1 0 0
    outer loop
      vertex 70 41.2716 7.64805
      vertex 70 42 15
      vertex 70 41.3978 7.27646
    endloop
  endfacet
  facet normal -1 0 0
    outer loop
      vertex 70 41.0981 8
      vertex 70 42 15
      vertex 70 41.2716 7.64805
    endloop
  endfacet
  facet normal -1 0 0
    outer loop
      vertex 70 40.8801 8.32628
      vertex 70 42 15
      vertex 70 41.0981 8
    endloop
  endfacet
  facet normal -1 0 0
    outer loop
      vertex 70 40.6213 8.62132
      vertex 70 42 15
      vertex 70 40.8801 8.32628
    endloop
  endfacet
  facet normal -1 0 0
    outer loop
      vertex 70 40.3263 8.88006
      vertex 70 42 15
      vertex 70 40.6213 8.62132
    endloop
  endfacet
  facet normal -1 0 0
    outer loop
      vertex 70 40 9.09808
      vertex 70 42 15
      vertex 70 40.3263 8.88006
    endloop
  endfacet
  facet normal -1 0 0
    outer loop
      vertex 70 38.9545 13
      vertex 70 42 15
      vertex 70 40 9.09808
    endloop
  endfacet
  facet normal -1 0 0
    outer loop
      vertex 70 38.9545 13
      vertex 70 40 9.09808
      vertex 70 39.648 9.27164
    endloop
  endfacet
  facet normal -1 -0 0
    outer loop
      vertex 70 42 15
      vertex 70 39.5406 14.0965
      vertex 70 39.9499 15
    endloop
  endfacet
  facet normal -1 0 0
    outer loop
      vertex 70 38.2979 11.9442
      vertex 70 39.648 9.27164
      vertex 70 39.2765 9.39778
    endloop
  endfacet
  facet normal -1 0 0
    outer loop
      vertex 70 42 15
      vertex 70 38.9545 13
      vertex 70 39.5406 14.0965
    endloop
  endfacet
  facet normal -1 0 0
    outer loop
      vertex 70 38.2979 11.9442
      vertex 70 39.2765 9.39778
      vertex 70 38.8916 9.47433
    endloop
  endfacet
  facet normal -1 0 0
    outer loop
      vertex 70 37.5737 10.9335
      vertex 70 38.8916 9.47433
      vertex 70 38.5 9.5
    endloop
  endfacet
  facet normal -1 0 0
    outer loop
      vertex 70 39.648 9.27164
      vertex 70 38.2979 11.9442
      vertex 70 38.9545 13
    endloop
  endfacet
  facet normal -1 0 0
    outer loop
      vertex 70 37.5737 10.9335
      vertex 70 38.5 9.5
      vertex 70 38.1084 9.47433
    endloop
  endfacet
  facet normal -1 0 0
    outer loop
      vertex 70 37.5737 10.9335
      vertex 70 38.1084 9.47433
      vertex 70 37.7235 9.39778
    endloop
  endfacet
  facet normal -1 0 0
    outer loop
      vertex 70 38.8916 9.47433
      vertex 70 37.5737 10.9335
      vertex 70 38.2979 11.9442
    endloop
  endfacet
  facet normal -1 0 0
    outer loop
      vertex 70 36.785 9.97243
      vertex 70 37.7235 9.39778
      vertex 70 37.352 9.27164
    endloop
  endfacet
  facet normal -1 0 0
    outer loop
      vertex 70 36.785 9.97243
      vertex 70 37.352 9.27164
      vertex 70 37 9.09808
    endloop
  endfacet
  facet normal -1 0 0
    outer loop
      vertex 70 37.7235 9.39778
      vertex 70 36.785 9.97243
      vertex 70 37.5737 10.9335
    endloop
  endfacet
  facet normal -1 0 0
    outer loop
      vertex 70 36.6737 8.88006
      vertex 70 36.785 9.97243
      vertex 70 37 9.09808
    endloop
  endfacet
  facet normal -1 0 0
    outer loop
      vertex 70 35.935 9.06497
      vertex 70 36.6737 8.88006
      vertex 70 36.3787 8.62132
    endloop
  endfacet
  facet normal -1 0 0
    outer loop
      vertex 70 35.935 9.06497
      vertex 70 36.3787 8.62132
      vertex 70 36.1199 8.32628
    endloop
  endfacet
  facet normal -1 0 0
    outer loop
      vertex 70 36.6737 8.88006
      vertex 70 35.935 9.06497
      vertex 70 36.785 9.97243
    endloop
  endfacet
  facet normal -1 0 0
    outer loop
      vertex 70 35.0276 8.21504
      vertex 70 36.1199 8.32628
      vertex 70 35.9019 8
    endloop
  endfacet
  facet normal -1 0 0
    outer loop
      vertex 70 35.0276 8.21504
      vertex 70 35.9019 8
      vertex 70 35.7284 7.64805
    endloop
  endfacet
  facet normal -1 0 0
    outer loop
      vertex 70 35.0276 8.21504
      vertex 70 35.7284 7.64805
      vertex 70 35.6022 7.27646
    endloop
  endfacet
  facet normal -1 0 0
    outer loop
      vertex 70 35.0276 8.21504
      vertex 70 35.6022 7.27646
      vertex 70 35.5257 6.89158
    endloop
  endfacet
  facet normal -1 -0 0
    outer loop
      vertex 70 36.1199 8.32628
      vertex 70 35.0276 8.21504
      vertex 70 35.935 9.06497
    endloop
  endfacet
  facet normal -1 0 0
    outer loop
      vertex 70 35.0276 8.21504
      vertex 70 35.5257 6.89158
      vertex 70 35.5 6.5
    endloop
  endfacet
  facet normal -1 0 0
    outer loop
      vertex 70 9.39778 7.27646
      vertex 70 10.9335 7.42629
      vertex 70 9.47433 6.89158
    endloop
  endfacet
  facet normal -1 -0 0
    outer loop
      vertex 70 10.9335 7.42629
      vertex 70 9.39778 7.27646
      vertex 70 9.97243 8.21504
    endloop
  endfacet
  facet normal -1 0 0
    outer loop
      vertex 70 9.27164 7.64805
      vertex 70 9.97243 8.21504
      vertex 70 9.39778 7.27646
    endloop
  endfacet
  facet normal -1 0 0
    outer loop
      vertex 70 9.09808 8
      vertex 70 9.97243 8.21504
      vertex 70 9.27164 7.64805
    endloop
  endfacet
  facet normal -1 0 0
    outer loop
      vertex 70 8.88006 8.32628
      vertex 70 9.97243 8.21504
      vertex 70 9.09808 8
    endloop
  endfacet
  facet normal -1 0 0
    outer loop
      vertex 70 9.97243 8.21504
      vertex 70 8.88006 8.32628
      vertex 70 9.06497 9.06497
    endloop
  endfacet
  facet normal -1 0 0
    outer loop
      vertex 70 8.62132 8.62132
      vertex 70 9.06497 9.06497
      vertex 70 8.88006 8.32628
    endloop
  endfacet
  facet normal -1 0 0
    outer loop
      vertex 70 8.32628 8.88006
      vertex 70 9.06497 9.06497
      vertex 70 8.62132 8.62132
    endloop
  endfacet
  facet normal -1 0 0
    outer loop
      vertex 70 8.32628 8.88006
      vertex 70 8.21504 9.97243
      vertex 70 9.06497 9.06497
    endloop
  endfacet
  facet normal -1 0 0
    outer loop
      vertex 70 8 9.09808
      vertex 70 8.21504 9.97243
      vertex 70 8.32628 8.88006
    endloop
  endfacet
  facet normal -1 0 0
    outer loop
      vertex 70 7.64805 9.27164
      vertex 70 8.21504 9.97243
      vertex 70 8 9.09808
    endloop
  endfacet
  facet normal -1 0 0
    outer loop
      vertex 70 7.27646 9.39778
      vertex 70 8.21504 9.97243
      vertex 70 7.64805 9.27164
    endloop
  endfacet
  facet normal -1 -0 0
    outer loop
      vertex 70 8.21504 9.97243
      vertex 70 7.27646 9.39778
      vertex 70 7.42629 10.9335
    endloop
  endfacet
  facet normal -1 0 0
    outer loop
      vertex 70 6.89158 9.47433
      vertex 70 7.42629 10.9335
      vertex 70 7.27646 9.39778
    endloop
  endfacet
  facet normal -1 0 0
    outer loop
      vertex 70 6.5 9.5
      vertex 70 7.42629 10.9335
      vertex 70 6.89158 9.47433
    endloop
  endfacet
  facet normal -1 0 0
    outer loop
      vertex 70 6.10842 9.47433
      vertex 70 7.42629 10.9335
      vertex 70 6.5 9.5
    endloop
  endfacet
  facet normal -1 -0 0
    outer loop
      vertex 70 7.42629 10.9335
      vertex 70 6.10842 9.47433
      vertex 70 6.70208 11.9442
    endloop
  endfacet
  facet normal -1 0 0
    outer loop
      vertex 70 5.72354 9.39778
      vertex 70 6.70208 11.9442
      vertex 70 6.10842 9.47433
    endloop
  endfacet
  facet normal -1 0 0
    outer loop
      vertex 70 5.35195 9.27164
      vertex 70 6.70208 11.9442
      vertex 70 5.72354 9.39778
    endloop
  endfacet
  facet normal -1 -0 0
    outer loop
      vertex 70 6.70208 11.9442
      vertex 70 5.35195 9.27164
      vertex 70 6.04552 13
    endloop
  endfacet
  facet normal -1 0 0
    outer loop
      vertex 70 5 9.09808
      vertex 70 6.04552 13
      vertex 70 5.35195 9.27164
    endloop
  endfacet
  facet normal -1 0 0
    outer loop
      vertex 70 3 15
      vertex 70 6.04552 13
      vertex 70 5 9.09808
    endloop
  endfacet
  facet normal -1 0 0
    outer loop
      vertex 70 6.04552 13
      vertex 70 3 15
      vertex 70 5.45942 14.0965
    endloop
  endfacet
  facet normal -1 0 0
    outer loop
      vertex 70 3 15
      vertex 70 5 9.09808
      vertex 70 4.67372 8.88006
    endloop
  endfacet
  facet normal -1 0 0
    outer loop
      vertex 70 3 15
      vertex 70 4.67372 8.88006
      vertex 70 4.37868 8.62132
    endloop
  endfacet
  facet normal -1 0 0
    outer loop
      vertex 70 3 15
      vertex 70 4.37868 8.62132
      vertex 70 4.11994 8.32628
    endloop
  endfacet
  facet normal -1 0 0
    outer loop
      vertex 70 3 15
      vertex 70 4.11994 8.32628
      vertex 70 3.90192 8
    endloop
  endfacet
  facet normal -1 0 0
    outer loop
      vertex 70 3 15
      vertex 70 3.90192 8
      vertex 70 3.72836 7.64805
    endloop
  endfacet
  facet normal -1 0 0
    outer loop
      vertex 70 0 3
      vertex 70 3.72836 7.64805
      vertex 70 3.60222 7.27646
    endloop
  endfacet
  facet normal -1 0 0
    outer loop
      vertex 70 0 3
      vertex 70 3.60222 7.27646
      vertex 70 3.52567 6.89158
    endloop
  endfacet
  facet normal -1 0 0
    outer loop
      vertex 70 5.45942 14.0965
      vertex 70 3 15
      vertex 70 5.05005 15
    endloop
  endfacet
  facet normal -1 0 0
    outer loop
      vertex 70 0 3
      vertex 70 3.52567 6.89158
      vertex 70 3.5 6.5
    endloop
  endfacet
  facet normal -1 0 0
    outer loop
      vertex 70 0 45
      vertex 70 3.54068 23.7427
      vertex 70 3 18
    endloop
  endfacet
  facet normal -1 -0 0
    outer loop
      vertex 70 3.54068 21.2573
      vertex 70 3 18
      vertex 70 3.5 22.5
    endloop
  endfacet
  facet normal -1 -0 0
    outer loop
      vertex 70 3.66255 20.02
      vertex 70 3 18
      vertex 70 3.54068 21.2573
    endloop
  endfacet
  facet normal -1 -0 0
    outer loop
      vertex 70 3.86508 18.7933
      vertex 70 3 18
      vertex 70 3.66255 20.02
    endloop
  endfacet
  facet normal -1 0 0
    outer loop
      vertex 70 3 18
      vertex 70 3.86508 18.7933
      vertex 70 4.05005 18
    endloop
  endfacet
  facet normal -1 0 0
    outer loop
      vertex 70 10.9335 37.5737
      vertex 70 9.47433 38.1084
      vertex 70 9.5 38.5
    endloop
  endfacet
  facet normal -1 0 0
    outer loop
      vertex 70 10.9335 37.5737
      vertex 70 9.39778 37.7235
      vertex 70 9.47433 38.1084
    endloop
  endfacet
  facet normal -1 0 0
    outer loop
      vertex 70 9.97243 36.785
      vertex 70 9.27164 37.352
      vertex 70 9.39778 37.7235
    endloop
  endfacet
  facet normal -1 0 0
    outer loop
      vertex 70 9.97243 36.785
      vertex 70 9.09808 37
      vertex 70 9.27164 37.352
    endloop
  endfacet
  facet normal -1 0 0
    outer loop
      vertex 70 8.88006 36.6737
      vertex 70 9.97243 36.785
      vertex 70 9.06497 35.935
    endloop
  endfacet
  facet normal -1 -0 0
    outer loop
      vertex 70 9.97243 36.785
      vertex 70 8.88006 36.6737
      vertex 70 9.09808 37
    endloop
  endfacet
  facet normal -1 0 0
    outer loop
      vertex 70 9.06497 35.935
      vertex 70 8.62132 36.3787
      vertex 70 8.88006 36.6737
    endloop
  endfacet
  facet normal -1 0 0
    outer loop
      vertex 70 9.06497 35.935
      vertex 70 8.32628 36.1199
      vertex 70 8.62132 36.3787
    endloop
  endfacet
  facet normal -1 0 0
    outer loop
      vertex 70 8.21504 35.0276
      vertex 70 8.32628 36.1199
      vertex 70 9.06497 35.935
    endloop
  endfacet
  facet normal -1 0 0
    outer loop
      vertex 70 8.21504 35.0276
      vertex 70 8 35.9019
      vertex 70 8.32628 36.1199
    endloop
  endfacet
  facet normal -1 0 0
    outer loop
      vertex 70 8.21504 35.0276
      vertex 70 7.64805 35.7284
      vertex 70 8 35.9019
    endloop
  endfacet
  facet normal -1 0 0
    outer loop
      vertex 70 7.27646 35.6022
      vertex 70 8.21504 35.0276
      vertex 70 7.42629 34.0665
    endloop
  endfacet
  facet normal -1 0 0
    outer loop
      vertex 70 8.21504 35.0276
      vertex 70 7.27646 35.6022
      vertex 70 7.64805 35.7284
    endloop
  endfacet
  facet normal -1 0 0
    outer loop
      vertex 70 7.42629 34.0665
      vertex 70 6.89158 35.5257
      vertex 70 7.27646 35.6022
    endloop
  endfacet
  facet normal -1 0 0
    outer loop
      vertex 70 6.10842 35.5257
      vertex 70 7.42629 34.0665
      vertex 70 6.70208 33.0558
    endloop
  endfacet
  facet normal -1 0 0
    outer loop
      vertex 70 7.42629 34.0665
      vertex 70 6.5 35.5
      vertex 70 6.89158 35.5257
    endloop
  endfacet
  facet normal -1 0 0
    outer loop
      vertex 70 7.42629 34.0665
      vertex 70 6.10842 35.5257
      vertex 70 6.5 35.5
    endloop
  endfacet
  facet normal -1 0 0
    outer loop
      vertex 70 5.35195 35.7284
      vertex 70 6.70208 33.0558
      vertex 70 6.04552 32
    endloop
  endfacet
  facet normal -1 0 0
    outer loop
      vertex 70 6.70208 33.0558
      vertex 70 5.72354 35.6022
      vertex 70 6.10842 35.5257
    endloop
  endfacet
  facet normal -1 0 0
    outer loop
      vertex 70 4.67372 36.1199
      vertex 70 6.04552 32
      vertex 70 5.45942 30.9035
    endloop
  endfacet
  facet normal -1 0 0
    outer loop
      vertex 70 6.70208 33.0558
      vertex 70 5.35195 35.7284
      vertex 70 5.72354 35.6022
    endloop
  endfacet
  facet normal -1 0 0
    outer loop
      vertex 70 6.04552 32
      vertex 70 5 35.9019
      vertex 70 5.35195 35.7284
    endloop
  endfacet
  facet normal -1 0 0
    outer loop
      vertex 70 4.37868 36.3787
      vertex 70 5.45942 30.9035
      vertex 70 4.94629 29.771
    endloop
  endfacet
  facet normal -1 0 0
    outer loop
      vertex 70 6.04552 32
      vertex 70 4.67372 36.1199
      vertex 70 5 35.9019
    endloop
  endfacet
  facet normal -1 0 0
    outer loop
      vertex 70 3.90192 37
      vertex 70 4.94629 29.771
      vertex 70 4.50833 28.6073
    endloop
  endfacet
  facet normal -1 0 0
    outer loop
      vertex 70 5.45942 30.9035
      vertex 70 4.37868 36.3787
      vertex 70 4.67372 36.1199
    endloop
  endfacet
  facet normal -1 0 0
    outer loop
      vertex 70 3.72836 37.352
      vertex 70 4.50833 28.6073
      vertex 70 4.14741 27.4176
    endloop
  endfacet
  facet normal -1 0 0
    outer loop
      vertex 70 4.94629 29.771
      vertex 70 4.11994 36.6737
      vertex 70 4.37868 36.3787
    endloop
  endfacet
  facet normal -1 0 0
    outer loop
      vertex 70 4.94629 29.771
      vertex 70 3.90192 37
      vertex 70 4.11994 36.6737
    endloop
  endfacet
  facet normal -1 0 0
    outer loop
      vertex 70 3.60222 37.7235
      vertex 70 4.14741 27.4176
      vertex 70 3.86508 26.2067
    endloop
  endfacet
  facet normal -1 0 0
    outer loop
      vertex 70 4.50833 28.6073
      vertex 70 3.72836 37.352
      vertex 70 3.90192 37
    endloop
  endfacet
  facet normal -1 0 0
    outer loop
      vertex 70 3.60222 37.7235
      vertex 70 3.86508 26.2067
      vertex 70 3.66255 24.98
    endloop
  endfacet
  facet normal -1 0 0
    outer loop
      vertex 70 4.14741 27.4176
      vertex 70 3.60222 37.7235
      vertex 70 3.72836 37.352
    endloop
  endfacet
  facet normal -1 0 0
    outer loop
      vertex 70 3.52567 38.1084
      vertex 70 3.66255 24.98
      vertex 70 3.54068 23.7427
    endloop
  endfacet
  facet normal -1 0 0
    outer loop
      vertex 70 3.66255 24.98
      vertex 70 3.52567 38.1084
      vertex 70 3.60222 37.7235
    endloop
  endfacet
  facet normal -1 0 0
    outer loop
      vertex 70 3 18
      vertex 70 3.54068 23.7427
      vertex 70 3.5 22.5
    endloop
  endfacet
  facet normal -1 0 0
    outer loop
      vertex 70 3.54068 23.7427
      vertex 70 3.5 38.5
      vertex 70 3.52567 38.1084
    endloop
  endfacet
  facet normal -1 0 0
    outer loop
      vertex 70 42 18
      vertex 70 41.4743 38.1084
      vertex 70 41.5 38.5
    endloop
  endfacet
  facet normal -1 0 0
    outer loop
      vertex 70 42 18
      vertex 70 41.4593 23.7427
      vertex 70 41.4743 38.1084
    endloop
  endfacet
  facet normal -1 0 0
    outer loop
      vertex 70 41.3375 24.98
      vertex 70 41.4743 38.1084
      vertex 70 41.4593 23.7427
    endloop
  endfacet
  facet normal -1 0 0
    outer loop
      vertex 70 41.4743 38.1084
      vertex 70 41.3375 24.98
      vertex 70 41.3978 37.7235
    endloop
  endfacet
  facet normal -1 0 0
    outer loop
      vertex 70 41.1349 26.2067
      vertex 70 41.3978 37.7235
      vertex 70 41.3375 24.98
    endloop
  endfacet
  facet normal -1 0 0
    outer loop
      vertex 70 40.8526 27.4176
      vertex 70 41.3978 37.7235
      vertex 70 41.1349 26.2067
    endloop
  endfacet
  facet normal -1 0 0
    outer loop
      vertex 70 41.3978 37.7235
      vertex 70 40.8526 27.4176
      vertex 70 41.2716 37.352
    endloop
  endfacet
  facet normal -1 0 0
    outer loop
      vertex 70 40.4917 28.6073
      vertex 70 41.2716 37.352
      vertex 70 40.8526 27.4176
    endloop
  endfacet
  facet normal -1 0 0
    outer loop
      vertex 70 41.2716 37.352
      vertex 70 40.4917 28.6073
      vertex 70 41.0981 37
    endloop
  endfacet
  facet normal -1 0 0
    outer loop
      vertex 70 40.0537 29.771
      vertex 70 41.0981 37
      vertex 70 40.4917 28.6073
    endloop
  endfacet
  facet normal -1 0 0
    outer loop
      vertex 70 41.0981 37
      vertex 70 40.0537 29.771
      vertex 70 40.8801 36.6737
    endloop
  endfacet
  facet normal -1 0 0
    outer loop
      vertex 70 40.8801 36.6737
      vertex 70 40.0537 29.771
      vertex 70 40.6213 36.3787
    endloop
  endfacet
  facet normal -1 0 0
    outer loop
      vertex 70 39.5406 30.9035
      vertex 70 40.6213 36.3787
      vertex 70 40.0537 29.771
    endloop
  endfacet
  facet normal -1 0 0
    outer loop
      vertex 70 40.6213 36.3787
      vertex 70 39.5406 30.9035
      vertex 70 40.3263 36.1199
    endloop
  endfacet
  facet normal -1 0 0
    outer loop
      vertex 70 38.9545 32
      vertex 70 40.3263 36.1199
      vertex 70 39.5406 30.9035
    endloop
  endfacet
  facet normal -1 0 0
    outer loop
      vertex 70 40.3263 36.1199
      vertex 70 38.9545 32
      vertex 70 40 35.9019
    endloop
  endfacet
  facet normal -1 0 0
    outer loop
      vertex 70 40 35.9019
      vertex 70 38.9545 32
      vertex 70 39.648 35.7284
    endloop
  endfacet
  facet normal -1 0 0
    outer loop
      vertex 70 38.2979 33.0558
      vertex 70 39.648 35.7284
      vertex 70 38.9545 32
    endloop
  endfacet
  facet normal -1 0 0
    outer loop
      vertex 70 39.648 35.7284
      vertex 70 38.2979 33.0558
      vertex 70 39.2765 35.6022
    endloop
  endfacet
  facet normal -1 0 0
    outer loop
      vertex 70 39.2765 35.6022
      vertex 70 38.2979 33.0558
      vertex 70 38.8916 35.5257
    endloop
  endfacet
  facet normal -1 0 0
    outer loop
      vertex 70 37.5737 34.0665
      vertex 70 38.8916 35.5257
      vertex 70 38.2979 33.0558
    endloop
  endfacet
  facet normal -1 0 0
    outer loop
      vertex 70 38.8916 35.5257
      vertex 70 37.5737 34.0665
      vertex 70 38.5 35.5
    endloop
  endfacet
  facet normal -1 -0 0
    outer loop
      vertex 70 38.5 35.5
      vertex 70 37.5737 34.0665
      vertex 70 38.1084 35.5257
    endloop
  endfacet
  facet normal -1 -0 0
    outer loop
      vertex 70 38.1084 35.5257
      vertex 70 37.5737 34.0665
      vertex 70 37.7235 35.6022
    endloop
  endfacet
  facet normal -1 0 0
    outer loop
      vertex 70 36.785 35.0276
      vertex 70 37.7235 35.6022
      vertex 70 37.5737 34.0665
    endloop
  endfacet
  facet normal -1 -0 0
    outer loop
      vertex 70 37.7235 35.6022
      vertex 70 36.785 35.0276
      vertex 70 37.352 35.7284
    endloop
  endfacet
  facet normal -1 -0 0
    outer loop
      vertex 70 37.352 35.7284
      vertex 70 36.785 35.0276
      vertex 70 37 35.9019
    endloop
  endfacet
  facet normal -1 0 0
    outer loop
      vertex 70 36.785 35.0276
      vertex 70 36.6737 36.1199
      vertex 70 37 35.9019
    endloop
  endfacet
  facet normal -1 0 0
    outer loop
      vertex 70 35.935 35.935
      vertex 70 36.6737 36.1199
      vertex 70 36.785 35.0276
    endloop
  endfacet
  facet normal -1 -0 0
    outer loop
      vertex 70 36.6737 36.1199
      vertex 70 35.935 35.935
      vertex 70 36.3787 36.3787
    endloop
  endfacet
  facet normal -1 -0 0
    outer loop
      vertex 70 36.3787 36.3787
      vertex 70 35.935 35.935
      vertex 70 36.1199 36.6737
    endloop
  endfacet
  facet normal -1 0 0
    outer loop
      vertex 70 35.0276 36.785
      vertex 70 36.1199 36.6737
      vertex 70 35.935 35.935
    endloop
  endfacet
  facet normal -1 0 0
    outer loop
      vertex 70 36.1199 36.6737
      vertex 70 35.0276 36.785
      vertex 70 35.9019 37
    endloop
  endfacet
  facet normal -1 -0 0
    outer loop
      vertex 70 35.9019 37
      vertex 70 35.0276 36.785
      vertex 70 35.7284 37.352
    endloop
  endfacet
  facet normal -1 -0 0
    outer loop
      vertex 70 35.7284 37.352
      vertex 70 35.0276 36.785
      vertex 70 35.6022 37.7235
    endloop
  endfacet
  facet normal -1 -0 0
    outer loop
      vertex 70 35.6022 37.7235
      vertex 70 34.0665 37.5737
      vertex 70 35.5257 38.1084
    endloop
  endfacet
  facet normal -1 0 0
    outer loop
      vertex 70 34.0665 37.5737
      vertex 70 35.6022 37.7235
      vertex 70 35.0276 36.785
    endloop
  endfacet
  facet normal -1 0 0
    outer loop
      vertex 70 41.4593 23.7427
      vertex 70 42 18
      vertex 70 41.5 22.5
    endloop
  endfacet
  facet normal -1 0 0
    outer loop
      vertex 70 42 18
      vertex 70 41.4593 21.2573
      vertex 70 41.5 22.5
    endloop
  endfacet
  facet normal -1 0 0
    outer loop
      vertex 70 42 18
      vertex 70 41.3375 20.02
      vertex 70 41.4593 21.2573
    endloop
  endfacet
  facet normal -1 0 0
    outer loop
      vertex 70 42 18
      vertex 70 41.1349 18.7933
      vertex 70 41.3375 20.02
    endloop
  endfacet
  facet normal -1 0 -0
    outer loop
      vertex 70 41.1349 18.7933
      vertex 70 42 18
      vertex 70 40.95 18
    endloop
  endfacet
  facet normal -1 0 0
    outer loop
      vertex 70 42 18
      vertex 70 41.5 38.5
      vertex 70 42 45
    endloop
  endfacet
  facet normal -1 0 0
    outer loop
      vertex 70 41.4743 38.8916
      vertex 70 42 45
      vertex 70 41.5 38.5
    endloop
  endfacet
  facet normal -1 0 0
    outer loop
      vertex 70 41.3978 39.2765
      vertex 70 42 45
      vertex 70 41.4743 38.8916
    endloop
  endfacet
  facet normal -1 0 0
    outer loop
      vertex 70 41.2716 39.648
      vertex 70 42 45
      vertex 70 41.3978 39.2765
    endloop
  endfacet
  facet normal -1 0 0
    outer loop
      vertex 70 41.0981 40
      vertex 70 42 45
      vertex 70 41.2716 39.648
    endloop
  endfacet
  facet normal -1 0 0
    outer loop
      vertex 70 40.8801 40.3263
      vertex 70 42 45
      vertex 70 41.0981 40
    endloop
  endfacet
  facet normal -1 0 0
    outer loop
      vertex 70 40.6213 40.6213
      vertex 70 42 45
      vertex 70 40.8801 40.3263
    endloop
  endfacet
  facet normal -1 0 0
    outer loop
      vertex 70 40.3263 40.8801
      vertex 70 42 45
      vertex 70 40.6213 40.6213
    endloop
  endfacet
  facet normal -1 0 0
    outer loop
      vertex 70 40 41.0981
      vertex 70 42 45
      vertex 70 40.3263 40.8801
    endloop
  endfacet
  facet normal -1 0 0
    outer loop
      vertex 70 39.648 41.2716
      vertex 70 42 45
      vertex 70 40 41.0981
    endloop
  endfacet
  facet normal -1 0 0
    outer loop
      vertex 70 39.2765 41.3978
      vertex 70 42 45
      vertex 70 39.648 41.2716
    endloop
  endfacet
  facet normal -1 0 0
    outer loop
      vertex 70 38.8916 41.4743
      vertex 70 42 45
      vertex 70 39.2765 41.3978
    endloop
  endfacet
  facet normal -1 0 0
    outer loop
      vertex 70 38.5 41.5
      vertex 70 42 45
      vertex 70 38.8916 41.4743
    endloop
  endfacet
  facet normal -1 0 0
    outer loop
      vertex 70 38.1084 41.4743
      vertex 70 42 45
      vertex 70 38.5 41.5
    endloop
  endfacet
  facet normal -1 0 0
    outer loop
      vertex 70 37.7235 41.3978
      vertex 70 42 45
      vertex 70 38.1084 41.4743
    endloop
  endfacet
  facet normal -1 0 0
    outer loop
      vertex 70 37.352 41.2716
      vertex 70 42 45
      vertex 70 37.7235 41.3978
    endloop
  endfacet
  facet normal -1 0 0
    outer loop
      vertex 70 28.6073 40.4917
      vertex 70 37.352 41.2716
      vertex 70 37 41.0981
    endloop
  endfacet
  facet normal -1 0 0
    outer loop
      vertex 70 29.771 40.0537
      vertex 70 37 41.0981
      vertex 70 36.6737 40.8801
    endloop
  endfacet
  facet normal -1 -0 0
    outer loop
      vertex 70 35.5257 38.1084
      vertex 70 34.0665 37.5737
      vertex 70 35.5 38.5
    endloop
  endfacet
  facet normal -1 -0 0
    outer loop
      vertex 70 35.5 38.5
      vertex 70 34.0665 37.5737
      vertex 70 35.5257 38.8916
    endloop
  endfacet
  facet normal -1 0 0
    outer loop
      vertex 70 33.0558 38.2979
      vertex 70 35.5257 38.8916
      vertex 70 34.0665 37.5737
    endloop
  endfacet
  facet normal -1 -0 0
    outer loop
      vertex 70 35.5257 38.8916
      vertex 70 33.0558 38.2979
      vertex 70 35.6022 39.2765
    endloop
  endfacet
  facet normal -1 -0 0
    outer loop
      vertex 70 35.6022 39.2765
      vertex 70 33.0558 38.2979
      vertex 70 35.7284 39.648
    endloop
  endfacet
  facet normal -1 0 0
    outer loop
      vertex 70 32 38.9545
      vertex 70 35.7284 39.648
      vertex 70 33.0558 38.2979
    endloop
  endfacet
  facet normal -1 -0 0
    outer loop
      vertex 70 35.7284 39.648
      vertex 70 32 38.9545
      vertex 70 35.9019 40
    endloop
  endfacet
  facet normal -1 -0 0
    outer loop
      vertex 70 35.9019 40
      vertex 70 32 38.9545
      vertex 70 36.1199 40.3263
    endloop
  endfacet
  facet normal -1 0 0
    outer loop
      vertex 70 30.9035 39.5406
      vertex 70 36.1199 40.3263
      vertex 70 32 38.9545
    endloop
  endfacet
  facet normal -1 -0 0
    outer loop
      vertex 70 36.1199 40.3263
      vertex 70 30.9035 39.5406
      vertex 70 36.3787 40.6213
    endloop
  endfacet
  facet normal -1 0 0
    outer loop
      vertex 70 29.771 40.0537
      vertex 70 36.3787 40.6213
      vertex 70 30.9035 39.5406
    endloop
  endfacet
  facet normal -1 -0 0
    outer loop
      vertex 70 36.3787 40.6213
      vertex 70 29.771 40.0537
      vertex 70 36.6737 40.8801
    endloop
  endfacet
  facet normal -1 0 0
    outer loop
      vertex 70 37 41.0981
      vertex 70 29.771 40.0537
      vertex 70 28.6073 40.4917
    endloop
  endfacet
  facet normal -1 -0 0
    outer loop
      vertex 70 37.352 41.2716
      vertex 70 28.6073 40.4917
      vertex 70 42 45
    endloop
  endfacet
  facet normal -1 0 0
    outer loop
      vertex 70 27.4176 40.8526
      vertex 70 42 45
      vertex 70 28.6073 40.4917
    endloop
  endfacet
  facet normal -1 0 0
    outer loop
      vertex 70 26.2067 41.1349
      vertex 70 42 45
      vertex 70 27.4176 40.8526
    endloop
  endfacet
  facet normal -1 0 0
    outer loop
      vertex 70 24.98 41.3375
      vertex 70 42 45
      vertex 70 26.2067 41.1349
    endloop
  endfacet
  facet normal -1 0 0
    outer loop
      vertex 70 23.7427 41.4593
      vertex 70 42 45
      vertex 70 24.98 41.3375
    endloop
  endfacet
  facet normal -1 0 0
    outer loop
      vertex 70 22.5 41.5
      vertex 70 42 45
      vertex 70 23.7427 41.4593
    endloop
  endfacet
  facet normal -1 0 0
    outer loop
      vertex 70 0 45
      vertex 70 22.5 41.5
      vertex 70 21.2573 41.4593
    endloop
  endfacet
  facet normal -1 0 0
    outer loop
      vertex 70 0 45
      vertex 70 21.2573 41.4593
      vertex 70 20.02 41.3375
    endloop
  endfacet
  facet normal -1 0 0
    outer loop
      vertex 70 0 45
      vertex 70 20.02 41.3375
      vertex 70 18.7933 41.1349
    endloop
  endfacet
  facet normal -1 0 0
    outer loop
      vertex 70 9.39778 37.7235
      vertex 70 10.9335 37.5737
      vertex 70 9.97243 36.785
    endloop
  endfacet
  facet normal -1 0 0
    outer loop
      vertex 70 9.47433 38.8916
      vertex 70 10.9335 37.5737
      vertex 70 9.5 38.5
    endloop
  endfacet
  facet normal -1 0 0
    outer loop
      vertex 70 10.9335 37.5737
      vertex 70 9.47433 38.8916
      vertex 70 11.9442 38.2979
    endloop
  endfacet
  facet normal -1 0 0
    outer loop
      vertex 70 9.39778 39.2765
      vertex 70 11.9442 38.2979
      vertex 70 9.47433 38.8916
    endloop
  endfacet
  facet normal -1 0 0
    outer loop
      vertex 70 9.27164 39.648
      vertex 70 11.9442 38.2979
      vertex 70 9.39778 39.2765
    endloop
  endfacet
  facet normal -1 0 0
    outer loop
      vertex 70 11.9442 38.2979
      vertex 70 9.27164 39.648
      vertex 70 13 38.9545
    endloop
  endfacet
  facet normal -1 0 0
    outer loop
      vertex 70 9.09808 40
      vertex 70 13 38.9545
      vertex 70 9.27164 39.648
    endloop
  endfacet
  facet normal -1 0 0
    outer loop
      vertex 70 8.88006 40.3263
      vertex 70 13 38.9545
      vertex 70 9.09808 40
    endloop
  endfacet
  facet normal -1 0 0
    outer loop
      vertex 70 13 38.9545
      vertex 70 8.88006 40.3263
      vertex 70 14.0965 39.5406
    endloop
  endfacet
  facet normal -1 0 0
    outer loop
      vertex 70 8.62132 40.6213
      vertex 70 14.0965 39.5406
      vertex 70 8.88006 40.3263
    endloop
  endfacet
  facet normal -1 0 0
    outer loop
      vertex 70 14.0965 39.5406
      vertex 70 8.62132 40.6213
      vertex 70 15.229 40.0537
    endloop
  endfacet
  facet normal -1 0 0
    outer loop
      vertex 70 8.32628 40.8801
      vertex 70 15.229 40.0537
      vertex 70 8.62132 40.6213
    endloop
  endfacet
  facet normal -1 0 0
    outer loop
      vertex 70 8 41.0981
      vertex 70 15.229 40.0537
      vertex 70 8.32628 40.8801
    endloop
  endfacet
  facet normal -1 0 0
    outer loop
      vertex 70 15.229 40.0537
      vertex 70 8 41.0981
      vertex 70 16.3927 40.4917
    endloop
  endfacet
  facet normal -1 0 0
    outer loop
      vertex 70 7.64805 41.2716
      vertex 70 16.3927 40.4917
      vertex 70 8 41.0981
    endloop
  endfacet
  facet normal -1 0 0
    outer loop
      vertex 70 16.3927 40.4917
      vertex 70 7.64805 41.2716
      vertex 70 17.5824 40.8526
    endloop
  endfacet
  facet normal -1 0 0
    outer loop
      vertex 70 7.27646 41.3978
      vertex 70 17.5824 40.8526
      vertex 70 7.64805 41.2716
    endloop
  endfacet
  facet normal -1 0 0
    outer loop
      vertex 70 17.5824 40.8526
      vertex 70 7.27646 41.3978
      vertex 70 18.7933 41.1349
    endloop
  endfacet
  facet normal -1 0 0
    outer loop
      vertex 70 18.7933 41.1349
      vertex 70 7.27646 41.3978
      vertex 70 0 45
    endloop
  endfacet
  facet normal -1 0 0
    outer loop
      vertex 70 0 45
      vertex 70 7.27646 41.3978
      vertex 70 6.89158 41.4743
    endloop
  endfacet
  facet normal -1 0 0
    outer loop
      vertex 70 0 45
      vertex 70 6.89158 41.4743
      vertex 70 6.5 41.5
    endloop
  endfacet
  facet normal -1 0 0
    outer loop
      vertex 70 0 45
      vertex 70 6.5 41.5
      vertex 70 6.10842 41.4743
    endloop
  endfacet
  facet normal -1 0 0
    outer loop
      vertex 70 0 45
      vertex 70 3 18
      vertex 70 0 3
    endloop
  endfacet
  facet normal -1 0 0
    outer loop
      vertex 70 3.54068 23.7427
      vertex 70 0 45
      vertex 70 3.5 38.5
    endloop
  endfacet
  facet normal -1 0 0
    outer loop
      vertex 70 22.5 41.5
      vertex 70 0 45
      vertex 70 42 45
    endloop
  endfacet
  facet normal -1 0 0
    outer loop
      vertex 70 5.72354 41.3978
      vertex 70 0 45
      vertex 70 6.10842 41.4743
    endloop
  endfacet
  facet normal -1 0 0
    outer loop
      vertex 70 5.35195 41.2716
      vertex 70 0 45
      vertex 70 5.72354 41.3978
    endloop
  endfacet
  facet normal -1 0 0
    outer loop
      vertex 70 5 41.0981
      vertex 70 0 45
      vertex 70 5.35195 41.2716
    endloop
  endfacet
  facet normal -1 0 0
    outer loop
      vertex 70 4.67372 40.8801
      vertex 70 0 45
      vertex 70 5 41.0981
    endloop
  endfacet
  facet normal -1 0 0
    outer loop
      vertex 70 4.37868 40.6213
      vertex 70 0 45
      vertex 70 4.67372 40.8801
    endloop
  endfacet
  facet normal -1 0 0
    outer loop
      vertex 70 4.11994 40.3263
      vertex 70 0 45
      vertex 70 4.37868 40.6213
    endloop
  endfacet
  facet normal -1 0 0
    outer loop
      vertex 70 3.90192 40
      vertex 70 0 45
      vertex 70 4.11994 40.3263
    endloop
  endfacet
  facet normal -1 0 0
    outer loop
      vertex 70 3.72836 39.648
      vertex 70 0 45
      vertex 70 3.90192 40
    endloop
  endfacet
  facet normal -1 0 0
    outer loop
      vertex 70 3.60222 39.2765
      vertex 70 0 45
      vertex 70 3.72836 39.648
    endloop
  endfacet
  facet normal -1 0 0
    outer loop
      vertex 70 3.52567 38.8916
      vertex 70 0 45
      vertex 70 3.60222 39.2765
    endloop
  endfacet
  facet normal -1 0 0
    outer loop
      vertex 70 3.5 38.5
      vertex 70 0 45
      vertex 70 3.52567 38.8916
    endloop
  endfacet
  facet normal 0 -1 0
    outer loop
      vertex 3 42 45
      vertex 8 42 40
      vertex 70 42 45
    endloop
  endfacet
  facet normal 0 -1 0
    outer loop
      vertex 3 42 45
      vertex 8 42 38
      vertex 8 42 40
    endloop
  endfacet
  facet normal 0 -1 -0
    outer loop
      vertex 8 42 38
      vertex 3 42 18
      vertex 65 42 38
    endloop
  endfacet
  facet normal 0 -1 0
    outer loop
      vertex 3 42 18
      vertex 8 42 38
      vertex 3 42 45
    endloop
  endfacet
  facet normal 0 -1 0
    outer loop
      vertex 65 42 40
      vertex 70 42 45
      vertex 8 42 40
    endloop
  endfacet
  facet normal 0 -1 0
    outer loop
      vertex 65 42 38
      vertex 70 42 45
      vertex 65 42 40
    endloop
  endfacet
  facet normal 0 -1 0
    outer loop
      vertex 65 42 38
      vertex 70 42 18
      vertex 70 42 45
    endloop
  endfacet
  facet normal 0 -1 0
    outer loop
      vertex 70 42 18
      vertex 65 42 38
      vertex 3 42 18
    endloop
  endfacet
  facet normal 0 -1 0
    outer loop
      vertex 3 42 3
      vertex 70 42 15
      vertex 3 42 15
    endloop
  endfacet
  facet normal 0 -1 -0
    outer loop
      vertex 70 42 15
      vertex 3 42 3
      vertex 70 42 3
    endloop
  endfacet
  facet normal -1 0 0
    outer loop
      vertex 8 40 38
      vertex 8 42 40
      vertex 8 42 38
    endloop
  endfacet
  facet normal -1 -0 0
    outer loop
      vertex 8 42 40
      vertex 8 40 38
      vertex 8 40 40
    endloop
  endfacet
  facet normal -0 0 1
    outer loop
      vertex 8 42 40
      vertex 65 40 40
      vertex 65 42 40
    endloop
  endfacet
  facet normal 0 0 1
    outer loop
      vertex 65 40 40
      vertex 8 42 40
      vertex 8 40 40
    endloop
  endfacet
  facet normal 1 -0 0
    outer loop
      vertex 65 40 40
      vertex 65 42 38
      vertex 65 42 40
    endloop
  endfacet
  facet normal 1 0 0
    outer loop
      vertex 65 42 38
      vertex 65 40 40
      vertex 65 40 38
    endloop
  endfacet
  facet normal 0 0 -1
    outer loop
      vertex 8 40 38
      vertex 65 42 38
      vertex 65 40 38
    endloop
  endfacet
  facet normal -0 0 -1
    outer loop
      vertex 65 42 38
      vertex 8 40 38
      vertex 8 42 38
    endloop
  endfacet
  facet normal 0 -1 0
    outer loop
      vertex 8 40 38
      vertex 65 40 40
      vertex 8 40 40
    endloop
  endfacet
  facet normal 0 -1 -0
    outer loop
      vertex 65 40 40
      vertex 8 40 38
      vertex 65 40 38
    endloop
  endfacet
  facet normal 0 -0.0871459 0.996196
    outer loop
      vertex 73.01 6.86466 4.4319
      vertex 76 6.5 4.4
      vertex 76 6.86466 4.4319
    endloop
  endfacet
  facet normal 0 -0.0871459 0.996196
    outer loop
      vertex 76 6.5 4.4
      vertex 73.01 6.86466 4.4319
      vertex 73.01 6.5 4.4
    endloop
  endfacet
  facet normal 0 0.0871459 -0.996196
    outer loop
      vertex 73.01 6.13534 8.5681
      vertex 76 6.5 8.6
      vertex 76 6.13534 8.5681
    endloop
  endfacet
  facet normal 0 0.0871459 -0.996196
    outer loop
      vertex 76 6.5 8.6
      vertex 73.01 6.13534 8.5681
      vertex 73.01 6.5 8.6
    endloop
  endfacet
  facet normal 6.81033e-20 -0.996196 -0.0871459
    outer loop
      vertex 73.01 8.6 6.5
      vertex 76 8.5681 6.86466
      vertex 73.01 8.5681 6.86466
    endloop
  endfacet
  facet normal 6.81033e-20 -0.996196 -0.0871459
    outer loop
      vertex 76 8.5681 6.86466
      vertex 73.01 8.6 6.5
      vertex 76 8.6 6.5
    endloop
  endfacet
  facet normal 4.27191e-19 0.707107 -0.707107
    outer loop
      vertex 76 4.89131 7.84985
      vertex 73.01 5.15015 8.10869
      vertex 76 5.15015 8.10869
    endloop
  endfacet
  facet normal 4.27191e-19 0.707107 -0.707107
    outer loop
      vertex 73.01 5.15015 8.10869
      vertex 76 4.89131 7.84985
      vertex 73.01 4.89131 7.84985
    endloop
  endfacet
  facet normal 5.07676e-18 -0.707107 -0.707107
    outer loop
      vertex 73.01 8.10869 7.84985
      vertex 76 7.84985 8.10869
      vertex 73.01 7.84985 8.10869
    endloop
  endfacet
  facet normal 5.07676e-18 -0.707107 -0.707107
    outer loop
      vertex 76 7.84985 8.10869
      vertex 73.01 8.10869 7.84985
      vertex 76 8.10869 7.84985
    endloop
  endfacet
  facet normal -2.35883e-18 -0.90631 -0.422613
    outer loop
      vertex 73.01 8.47335 7.21824
      vertex 76 8.31865 7.55
      vertex 73.01 8.31865 7.55
    endloop
  endfacet
  facet normal -2.35883e-18 -0.90631 -0.422613
    outer loop
      vertex 76 8.31865 7.55
      vertex 73.01 8.47335 7.21824
      vertex 76 8.47335 7.21824
    endloop
  endfacet
  facet normal 8.04841e-20 0.9063 -0.422636
    outer loop
      vertex 76 4.52664 7.21824
      vertex 73.01 4.68135 7.55
      vertex 76 4.68135 7.55
    endloop
  endfacet
  facet normal 8.04841e-20 0.9063 -0.422636
    outer loop
      vertex 73.01 4.68135 7.55
      vertex 76 4.52664 7.21824
      vertex 73.01 4.52664 7.21824
    endloop
  endfacet
  facet normal 0 -0.258815 0.965927
    outer loop
      vertex 73.01 7.21824 4.52664
      vertex 76 6.86466 4.4319
      vertex 76 7.21824 4.52664
    endloop
  endfacet
  facet normal 0 -0.258815 0.965927
    outer loop
      vertex 76 6.86466 4.4319
      vertex 73.01 7.21824 4.52664
      vertex 73.01 6.86466 4.4319
    endloop
  endfacet
  facet normal 0 -0.573582 0.819148
    outer loop
      vertex 73.01 7.84985 4.89131
      vertex 76 7.55 4.68135
      vertex 76 7.84985 4.89131
    endloop
  endfacet
  facet normal 0 -0.573582 0.819148
    outer loop
      vertex 76 7.55 4.68135
      vertex 73.01 7.84985 4.89131
      vertex 73.01 7.55 4.68135
    endloop
  endfacet
  facet normal 7.67705e-19 -0.96592 0.258841
    outer loop
      vertex 73.01 8.47335 5.78176
      vertex 76 8.5681 6.13534
      vertex 73.01 8.5681 6.13534
    endloop
  endfacet
  facet normal 7.67705e-19 -0.96592 0.258841
    outer loop
      vertex 76 8.5681 6.13534
      vertex 73.01 8.47335 5.78176
      vertex 76 8.47335 5.78176
    endloop
  endfacet
  facet normal 3.89429e-18 -0.819148 0.573582
    outer loop
      vertex 73.01 8.10869 5.15015
      vertex 76 8.31865 5.45
      vertex 73.01 8.31865 5.45
    endloop
  endfacet
  facet normal 3.89429e-18 -0.819148 0.573582
    outer loop
      vertex 76 8.31865 5.45
      vertex 73.01 8.10869 5.15015
      vertex 76 8.10869 5.15015
    endloop
  endfacet
  facet normal 0 -0.422613 -0.90631
    outer loop
      vertex 73.01 7.21824 8.47335
      vertex 76 7.55 8.31865
      vertex 76 7.21824 8.47335
    endloop
  endfacet
  facet normal -0 -0.422613 -0.90631
    outer loop
      vertex 76 7.55 8.31865
      vertex 73.01 7.21824 8.47335
      vertex 73.01 7.55 8.31865
    endloop
  endfacet
  facet normal 0 -0.573582 -0.819148
    outer loop
      vertex 73.01 7.55 8.31865
      vertex 76 7.84985 8.10869
      vertex 76 7.55 8.31865
    endloop
  endfacet
  facet normal -0 -0.573582 -0.819148
    outer loop
      vertex 76 7.84985 8.10869
      vertex 73.01 7.55 8.31865
      vertex 73.01 7.84985 8.10869
    endloop
  endfacet
  facet normal 0 -0.258841 -0.96592
    outer loop
      vertex 73.01 6.86466 8.5681
      vertex 76 7.21824 8.47335
      vertex 76 6.86466 8.5681
    endloop
  endfacet
  facet normal -0 -0.258841 -0.96592
    outer loop
      vertex 76 7.21824 8.47335
      vertex 73.01 6.86466 8.5681
      vertex 73.01 7.21824 8.47335
    endloop
  endfacet
  facet normal -3.89429e-18 -0.819148 -0.573582
    outer loop
      vertex 73.01 8.31865 7.55
      vertex 76 8.10869 7.84985
      vertex 73.01 8.10869 7.84985
    endloop
  endfacet
  facet normal -3.89429e-18 -0.819148 -0.573582
    outer loop
      vertex 76 8.10869 7.84985
      vertex 73.01 8.31865 7.55
      vertex 76 8.31865 7.55
    endloop
  endfacet
  facet normal -7.67705e-19 -0.96592 -0.258841
    outer loop
      vertex 73.01 8.5681 6.86466
      vertex 76 8.47335 7.21824
      vertex 73.01 8.47335 7.21824
    endloop
  endfacet
  facet normal -7.67705e-19 -0.96592 -0.258841
    outer loop
      vertex 76 8.47335 7.21824
      vertex 73.01 8.5681 6.86466
      vertex 76 8.5681 6.86466
    endloop
  endfacet
  facet normal -1.16085e-18 0.965927 0.258815
    outer loop
      vertex 76 4.52664 5.78176
      vertex 73.01 4.4319 6.13534
      vertex 76 4.4319 6.13534
    endloop
  endfacet
  facet normal -1.16085e-18 0.965927 0.258815
    outer loop
      vertex 73.01 4.4319 6.13534
      vertex 76 4.52664 5.78176
      vertex 73.01 4.52664 5.78176
    endloop
  endfacet
  facet normal -6.30887e-18 0.819148 0.573582
    outer loop
      vertex 76 4.89131 5.15015
      vertex 73.01 4.68135 5.45
      vertex 76 4.68135 5.45
    endloop
  endfacet
  facet normal -6.30887e-18 0.819148 0.573582
    outer loop
      vertex 73.01 4.68135 5.45
      vertex 76 4.89131 5.15015
      vertex 73.01 4.89131 5.15015
    endloop
  endfacet
  facet normal -0 0.573582 0.819148
    outer loop
      vertex 73.01 5.45 4.68135
      vertex 76 5.15015 4.89131
      vertex 76 5.45 4.68135
    endloop
  endfacet
  facet normal 0 0.573582 0.819148
    outer loop
      vertex 76 5.15015 4.89131
      vertex 73.01 5.45 4.68135
      vertex 73.01 5.15015 4.89131
    endloop
  endfacet
  facet normal -0 0.258815 0.965927
    outer loop
      vertex 73.01 6.13534 4.4319
      vertex 76 5.78176 4.52664
      vertex 76 6.13534 4.4319
    endloop
  endfacet
  facet normal 0 0.258815 0.965927
    outer loop
      vertex 76 5.78176 4.52664
      vertex 73.01 6.13534 4.4319
      vertex 73.01 5.78176 4.52664
    endloop
  endfacet
  facet normal 1.16085e-18 0.965927 -0.258815
    outer loop
      vertex 76 4.4319 6.86466
      vertex 73.01 4.52664 7.21824
      vertex 76 4.52664 7.21824
    endloop
  endfacet
  facet normal 1.16085e-18 0.965927 -0.258815
    outer loop
      vertex 73.01 4.52664 7.21824
      vertex 76 4.4319 6.86466
      vertex 73.01 4.4319 6.86466
    endloop
  endfacet
  facet normal 0 0.258841 -0.96592
    outer loop
      vertex 73.01 5.78176 8.47335
      vertex 76 6.13534 8.5681
      vertex 76 5.78176 8.47335
    endloop
  endfacet
  facet normal 0 0.258841 -0.96592
    outer loop
      vertex 76 6.13534 8.5681
      vertex 73.01 5.78176 8.47335
      vertex 73.01 6.13534 8.5681
    endloop
  endfacet
  facet normal 0 0.422613 -0.90631
    outer loop
      vertex 73.01 5.45 8.31865
      vertex 76 5.78176 8.47335
      vertex 76 5.45 8.31865
    endloop
  endfacet
  facet normal 0 0.422613 -0.90631
    outer loop
      vertex 76 5.78176 8.47335
      vertex 73.01 5.45 8.31865
      vertex 73.01 5.78176 8.47335
    endloop
  endfacet
  facet normal 0 -0.422636 0.9063
    outer loop
      vertex 73.01 7.55 4.68135
      vertex 76 7.21824 4.52664
      vertex 76 7.55 4.68135
    endloop
  endfacet
  facet normal 0 -0.422636 0.9063
    outer loop
      vertex 76 7.21824 4.52664
      vertex 73.01 7.55 4.68135
      vertex 73.01 7.21824 4.52664
    endloop
  endfacet
  facet normal 4.27191e-19 -0.707107 0.707107
    outer loop
      vertex 73.01 7.84985 4.89131
      vertex 76 8.10869 5.15015
      vertex 73.01 8.10869 5.15015
    endloop
  endfacet
  facet normal 4.27191e-19 -0.707107 0.707107
    outer loop
      vertex 76 8.10869 5.15015
      vertex 73.01 7.84985 4.89131
      vertex 76 7.84985 4.89131
    endloop
  endfacet
  facet normal -6.81033e-20 -0.996196 0.0871459
    outer loop
      vertex 73.01 8.5681 6.13534
      vertex 76 8.6 6.5
      vertex 73.01 8.6 6.5
    endloop
  endfacet
  facet normal -6.81033e-20 -0.996196 0.0871459
    outer loop
      vertex 76 8.6 6.5
      vertex 73.01 8.5681 6.13534
      vertex 76 8.5681 6.13534
    endloop
  endfacet
  facet normal 2.35883e-18 -0.90631 0.422613
    outer loop
      vertex 73.01 8.31865 5.45
      vertex 76 8.47335 5.78176
      vertex 73.01 8.47335 5.78176
    endloop
  endfacet
  facet normal 2.35883e-18 -0.90631 0.422613
    outer loop
      vertex 76 8.47335 5.78176
      vertex 73.01 8.31865 5.45
      vertex 76 8.31865 5.45
    endloop
  endfacet
  facet normal 0 -0.0871459 -0.996196
    outer loop
      vertex 73.01 6.5 8.6
      vertex 76 6.86466 8.5681
      vertex 76 6.5 8.6
    endloop
  endfacet
  facet normal -0 -0.0871459 -0.996196
    outer loop
      vertex 76 6.86466 8.5681
      vertex 73.01 6.5 8.6
      vertex 73.01 6.86466 8.5681
    endloop
  endfacet
  facet normal -0 0.0871459 0.996196
    outer loop
      vertex 73.01 6.5 4.4
      vertex 76 6.13534 4.4319
      vertex 76 6.5 4.4
    endloop
  endfacet
  facet normal 0 0.0871459 0.996196
    outer loop
      vertex 76 6.13534 4.4319
      vertex 73.01 6.5 4.4
      vertex 73.01 6.13534 4.4319
    endloop
  endfacet
  facet normal -8.04841e-20 0.9063 0.422636
    outer loop
      vertex 76 4.68135 5.45
      vertex 73.01 4.52664 5.78176
      vertex 76 4.52664 5.78176
    endloop
  endfacet
  facet normal -8.04841e-20 0.9063 0.422636
    outer loop
      vertex 73.01 4.52664 5.78176
      vertex 76 4.68135 5.45
      vertex 73.01 4.68135 5.45
    endloop
  endfacet
  facet normal -5.93733e-18 0.707107 0.707107
    outer loop
      vertex 76 5.15015 4.89131
      vertex 73.01 4.89131 5.15015
      vertex 76 4.89131 5.15015
    endloop
  endfacet
  facet normal -5.93733e-18 0.707107 0.707107
    outer loop
      vertex 73.01 4.89131 5.15015
      vertex 76 5.15015 4.89131
      vertex 73.01 5.15015 4.89131
    endloop
  endfacet
  facet normal -0 0.422636 0.9063
    outer loop
      vertex 73.01 5.78176 4.52664
      vertex 76 5.45 4.68135
      vertex 76 5.78176 4.52664
    endloop
  endfacet
  facet normal 0 0.422636 0.9063
    outer loop
      vertex 76 5.45 4.68135
      vertex 73.01 5.78176 4.52664
      vertex 73.01 5.45 4.68135
    endloop
  endfacet
  facet normal -5.33992e-19 0.996196 -0.0871459
    outer loop
      vertex 76 4.4 6.5
      vertex 73.01 4.4319 6.86466
      vertex 76 4.4319 6.86466
    endloop
  endfacet
  facet normal -5.33992e-19 0.996196 -0.0871459
    outer loop
      vertex 73.01 4.4319 6.86466
      vertex 76 4.4 6.5
      vertex 73.01 4.4 6.5
    endloop
  endfacet
  facet normal 5.33992e-19 0.996196 0.0871459
    outer loop
      vertex 76 4.4319 6.13534
      vertex 73.01 4.4 6.5
      vertex 76 4.4 6.5
    endloop
  endfacet
  facet normal 5.33992e-19 0.996196 0.0871459
    outer loop
      vertex 73.01 4.4 6.5
      vertex 76 4.4319 6.13534
      vertex 73.01 4.4319 6.13534
    endloop
  endfacet
  facet normal 6.30887e-18 0.819148 -0.573582
    outer loop
      vertex 76 4.68135 7.55
      vertex 73.01 4.89131 7.84985
      vertex 76 4.89131 7.84985
    endloop
  endfacet
  facet normal 6.30887e-18 0.819148 -0.573582
    outer loop
      vertex 73.01 4.89131 7.84985
      vertex 76 4.68135 7.55
      vertex 73.01 4.68135 7.55
    endloop
  endfacet
  facet normal 0 0.573582 -0.819148
    outer loop
      vertex 73.01 5.15015 8.10869
      vertex 76 5.45 8.31865
      vertex 76 5.15015 8.10869
    endloop
  endfacet
  facet normal 0 0.573582 -0.819148
    outer loop
      vertex 76 5.45 8.31865
      vertex 73.01 5.15015 8.10869
      vertex 73.01 5.45 8.31865
    endloop
  endfacet
  facet normal 5.87483e-18 -0.819193 0.573517
    outer loop
      vertex 73.01 8.10869 37.1501
      vertex 76 8.31865 37.45
      vertex 73.01 8.31865 37.45
    endloop
  endfacet
  facet normal 5.87483e-18 -0.819193 0.573517
    outer loop
      vertex 76 8.31865 37.45
      vertex 73.01 8.10869 37.1501
      vertex 76 8.10869 37.1501
    endloop
  endfacet
  facet normal -0 0.258713 0.965954
    outer loop
      vertex 73.01 6.13534 36.4319
      vertex 76 5.78176 36.5266
      vertex 76 6.13534 36.4319
    endloop
  endfacet
  facet normal 0 0.258713 0.965954
    outer loop
      vertex 76 5.78176 36.5266
      vertex 73.01 6.13534 36.4319
      vertex 73.01 5.78176 36.5266
    endloop
  endfacet
  facet normal 1.52336e-18 0.965912 -0.25887
    outer loop
      vertex 76 4.4319 38.8647
      vertex 73.01 4.52664 39.2182
      vertex 76 4.52664 39.2182
    endloop
  endfacet
  facet normal 1.52336e-18 0.965912 -0.25887
    outer loop
      vertex 73.01 4.52664 39.2182
      vertex 76 4.4319 38.8647
      vertex 73.01 4.4319 38.8647
    endloop
  endfacet
  facet normal 1.61883e-18 -0.90633 -0.422571
    outer loop
      vertex 73.01 8.47335 39.2182
      vertex 76 8.31865 39.55
      vertex 73.01 8.31865 39.55
    endloop
  endfacet
  facet normal 1.61883e-18 -0.90633 -0.422571
    outer loop
      vertex 76 8.31865 39.55
      vertex 73.01 8.47335 39.2182
      vertex 76 8.47335 39.2182
    endloop
  endfacet
  facet normal 0 -0.422613 -0.90631
    outer loop
      vertex 73.01 7.21824 40.4734
      vertex 76 7.55 40.3187
      vertex 76 7.21824 40.4734
    endloop
  endfacet
  facet normal -0 -0.422613 -0.90631
    outer loop
      vertex 76 7.55 40.3187
      vertex 73.01 7.21824 40.4734
      vertex 73.01 7.55 40.3187
    endloop
  endfacet
  facet normal 0 0.422613 -0.90631
    outer loop
      vertex 73.01 5.45 40.3187
      vertex 76 5.78176 40.4734
      vertex 76 5.45 40.3187
    endloop
  endfacet
  facet normal 0 0.422613 -0.90631
    outer loop
      vertex 76 5.78176 40.4734
      vertex 73.01 5.45 40.3187
      vertex 73.01 5.78176 40.4734
    endloop
  endfacet
  facet normal 1.04929e-18 0.906319 -0.422594
    outer loop
      vertex 76 4.52664 39.2182
      vertex 73.01 4.68135 39.55
      vertex 76 4.68135 39.55
    endloop
  endfacet
  facet normal 1.04929e-18 0.906319 -0.422594
    outer loop
      vertex 73.01 4.68135 39.55
      vertex 76 4.52664 39.2182
      vertex 73.01 4.52664 39.2182
    endloop
  endfacet
  facet normal 0 -0.422613 0.90631
    outer loop
      vertex 73.01 7.55 36.6813
      vertex 76 7.21824 36.5266
      vertex 76 7.55 36.6813
    endloop
  endfacet
  facet normal 0 -0.422613 0.90631
    outer loop
      vertex 76 7.21824 36.5266
      vertex 73.01 7.55 36.6813
      vertex 73.01 7.21824 36.5266
    endloop
  endfacet
  facet normal 0 -0.258713 0.965954
    outer loop
      vertex 73.01 7.21824 36.5266
      vertex 76 6.86466 36.4319
      vertex 76 7.21824 36.5266
    endloop
  endfacet
  facet normal 0 -0.258713 0.965954
    outer loop
      vertex 76 6.86466 36.4319
      vertex 73.01 7.21824 36.5266
      vertex 73.01 6.86466 36.4319
    endloop
  endfacet
  facet normal 0 -0.573655 0.819097
    outer loop
      vertex 73.01 7.84985 36.8913
      vertex 76 7.55 36.6813
      vertex 76 7.84985 36.8913
    endloop
  endfacet
  facet normal 0 -0.573655 0.819097
    outer loop
      vertex 76 7.55 36.6813
      vertex 73.01 7.84985 36.8913
      vertex 73.01 7.55 36.6813
    endloop
  endfacet
  facet normal -2.41816e-18 -0.965905 0.258895
    outer loop
      vertex 73.01 8.47335 37.7818
      vertex 76 8.5681 38.1353
      vertex 73.01 8.5681 38.1353
    endloop
  endfacet
  facet normal -2.41816e-18 -0.965905 0.258895
    outer loop
      vertex 76 8.5681 38.1353
      vertex 73.01 8.47335 37.7818
      vertex 76 8.47335 37.7818
    endloop
  endfacet
  facet normal 4.69707e-19 -0.996196 0.0871365
    outer loop
      vertex 73.01 8.5681 38.1353
      vertex 76 8.6 38.5
      vertex 73.01 8.6 38.5
    endloop
  endfacet
  facet normal 4.69707e-19 -0.996196 0.0871365
    outer loop
      vertex 76 8.6 38.5
      vertex 73.01 8.5681 38.1353
      vertex 76 8.5681 38.1353
    endloop
  endfacet
  facet normal 0 -0.0871459 -0.996196
    outer loop
      vertex 73.01 6.5 40.6
      vertex 76 6.86466 40.5681
      vertex 76 6.5 40.6
    endloop
  endfacet
  facet normal -0 -0.0871459 -0.996196
    outer loop
      vertex 76 6.86466 40.5681
      vertex 73.01 6.5 40.6
      vertex 73.01 6.86466 40.5681
    endloop
  endfacet
  facet normal 0 -0.573655 -0.819097
    outer loop
      vertex 73.01 7.55 40.3187
      vertex 76 7.84985 40.1087
      vertex 76 7.55 40.3187
    endloop
  endfacet
  facet normal -0 -0.573655 -0.819097
    outer loop
      vertex 76 7.84985 40.1087
      vertex 73.01 7.55 40.3187
      vertex 73.01 7.84985 40.1087
    endloop
  endfacet
  facet normal -5.87483e-18 -0.819193 -0.573517
    outer loop
      vertex 73.01 8.31865 39.55
      vertex 76 8.10869 39.8499
      vertex 73.01 8.10869 39.8499
    endloop
  endfacet
  facet normal -5.87483e-18 -0.819193 -0.573517
    outer loop
      vertex 76 8.10869 39.8499
      vertex 73.01 8.31865 39.55
      vertex 76 8.31865 39.55
    endloop
  endfacet
  facet normal 2.41816e-18 -0.965905 -0.258895
    outer loop
      vertex 73.01 8.5681 38.8647
      vertex 76 8.47335 39.2182
      vertex 73.01 8.47335 39.2182
    endloop
  endfacet
  facet normal 2.41816e-18 -0.965905 -0.258895
    outer loop
      vertex 76 8.47335 39.2182
      vertex 73.01 8.5681 38.8647
      vertex 76 8.5681 38.8647
    endloop
  endfacet
  facet normal 0 -0.707052 -0.707161
    outer loop
      vertex 73.01 7.84985 40.1087
      vertex 76 8.10869 39.8499
      vertex 76 7.84985 40.1087
    endloop
  endfacet
  facet normal -0 -0.707052 -0.707161
    outer loop
      vertex 76 8.10869 39.8499
      vertex 73.01 7.84985 40.1087
      vertex 73.01 8.10869 39.8499
    endloop
  endfacet
  facet normal -0 0.0871459 0.996196
    outer loop
      vertex 73.01 6.5 36.4
      vertex 76 6.13534 36.4319
      vertex 76 6.5 36.4
    endloop
  endfacet
  facet normal 0 0.0871459 0.996196
    outer loop
      vertex 76 6.13534 36.4319
      vertex 73.01 6.5 36.4
      vertex 73.01 6.13534 36.4319
    endloop
  endfacet
  facet normal -1.52336e-18 0.965912 0.25887
    outer loop
      vertex 76 4.52664 37.7818
      vertex 73.01 4.4319 38.1353
      vertex 76 4.4319 38.1353
    endloop
  endfacet
  facet normal -1.52336e-18 0.965912 0.25887
    outer loop
      vertex 73.01 4.4319 38.1353
      vertex 76 4.52664 37.7818
      vertex 73.01 4.52664 37.7818
    endloop
  endfacet
  facet normal -1.04929e-18 0.906319 0.422594
    outer loop
      vertex 76 4.68135 37.45
      vertex 73.01 4.52664 37.7818
      vertex 76 4.52664 37.7818
    endloop
  endfacet
  facet normal -1.04929e-18 0.906319 0.422594
    outer loop
      vertex 73.01 4.52664 37.7818
      vertex 76 4.68135 37.45
      vertex 73.01 4.68135 37.45
    endloop
  endfacet
  facet normal 4.35196e-18 0.819193 0.573517
    outer loop
      vertex 76 4.89131 37.1501
      vertex 73.01 4.68135 37.45
      vertex 76 4.68135 37.45
    endloop
  endfacet
  facet normal 4.35196e-18 0.819193 0.573517
    outer loop
      vertex 73.01 4.68135 37.45
      vertex 76 4.89131 37.1501
      vertex 73.01 4.89131 37.1501
    endloop
  endfacet
  facet normal -0 0.573655 0.819097
    outer loop
      vertex 73.01 5.45 36.6813
      vertex 76 5.15015 36.8913
      vertex 76 5.45 36.6813
    endloop
  endfacet
  facet normal 0 0.573655 0.819097
    outer loop
      vertex 76 5.15015 36.8913
      vertex 73.01 5.45 36.6813
      vertex 73.01 5.15015 36.8913
    endloop
  endfacet
  facet normal 3.63694e-20 0.996196 -0.0871365
    outer loop
      vertex 76 4.4 38.5
      vertex 73.01 4.4319 38.8647
      vertex 76 4.4319 38.8647
    endloop
  endfacet
  facet normal 3.63694e-20 0.996196 -0.0871365
    outer loop
      vertex 73.01 4.4319 38.8647
      vertex 76 4.4 38.5
      vertex 73.01 4.4 38.5
    endloop
  endfacet
  facet normal -4.35196e-18 0.819193 -0.573517
    outer loop
      vertex 76 4.68135 39.55
      vertex 73.01 4.89131 39.8499
      vertex 76 4.89131 39.8499
    endloop
  endfacet
  facet normal -4.35196e-18 0.819193 -0.573517
    outer loop
      vertex 73.01 4.89131 39.8499
      vertex 76 4.68135 39.55
      vertex 73.01 4.68135 39.55
    endloop
  endfacet
  facet normal 0 0.573655 -0.819097
    outer loop
      vertex 73.01 5.15015 40.1087
      vertex 76 5.45 40.3187
      vertex 76 5.15015 40.1087
    endloop
  endfacet
  facet normal 0 0.573655 -0.819097
    outer loop
      vertex 76 5.45 40.3187
      vertex 73.01 5.15015 40.1087
      vertex 73.01 5.45 40.3187
    endloop
  endfacet
  facet normal 0 0.258713 -0.965954
    outer loop
      vertex 73.01 5.78176 40.4734
      vertex 76 6.13534 40.5681
      vertex 76 5.78176 40.4734
    endloop
  endfacet
  facet normal 0 0.258713 -0.965954
    outer loop
      vertex 76 6.13534 40.5681
      vertex 73.01 5.78176 40.4734
      vertex 73.01 6.13534 40.5681
    endloop
  endfacet
  facet normal 0 0.707052 -0.707161
    outer loop
      vertex 73.01 4.89131 39.8499
      vertex 76 5.15015 40.1087
      vertex 76 4.89131 39.8499
    endloop
  endfacet
  facet normal 0 0.707052 -0.707161
    outer loop
      vertex 76 5.15015 40.1087
      vertex 73.01 4.89131 39.8499
      vertex 73.01 5.15015 40.1087
    endloop
  endfacet
  facet normal 5.6344e-18 -0.707052 0.707161
    outer loop
      vertex 73.01 7.84985 36.8913
      vertex 76 8.10869 37.1501
      vertex 73.01 8.10869 37.1501
    endloop
  endfacet
  facet normal 5.6344e-18 -0.707052 0.707161
    outer loop
      vertex 76 8.10869 37.1501
      vertex 73.01 7.84985 36.8913
      vertex 76 7.84985 36.8913
    endloop
  endfacet
  facet normal -4.69707e-19 -0.996196 -0.0871365
    outer loop
      vertex 73.01 8.6 38.5
      vertex 76 8.5681 38.8647
      vertex 73.01 8.5681 38.8647
    endloop
  endfacet
  facet normal -4.69707e-19 -0.996196 -0.0871365
    outer loop
      vertex 76 8.5681 38.8647
      vertex 73.01 8.6 38.5
      vertex 76 8.6 38.5
    endloop
  endfacet
  facet normal -1.61883e-18 -0.90633 0.422571
    outer loop
      vertex 73.01 8.31865 37.45
      vertex 76 8.47335 37.7818
      vertex 73.01 8.47335 37.7818
    endloop
  endfacet
  facet normal -1.61883e-18 -0.90633 0.422571
    outer loop
      vertex 76 8.47335 37.7818
      vertex 73.01 8.31865 37.45
      vertex 76 8.31865 37.45
    endloop
  endfacet
  facet normal 0 0.0871459 -0.996196
    outer loop
      vertex 73.01 6.13534 40.5681
      vertex 76 6.5 40.6
      vertex 76 6.13534 40.5681
    endloop
  endfacet
  facet normal 0 0.0871459 -0.996196
    outer loop
      vertex 76 6.5 40.6
      vertex 73.01 6.13534 40.5681
      vertex 73.01 6.5 40.6
    endloop
  endfacet
  facet normal 0 -0.258713 -0.965954
    outer loop
      vertex 73.01 6.86466 40.5681
      vertex 76 7.21824 40.4734
      vertex 76 6.86466 40.5681
    endloop
  endfacet
  facet normal -0 -0.258713 -0.965954
    outer loop
      vertex 76 7.21824 40.4734
      vertex 73.01 6.86466 40.5681
      vertex 73.01 7.21824 40.4734
    endloop
  endfacet
  facet normal 0 -0.0871459 0.996196
    outer loop
      vertex 73.01 6.86466 36.4319
      vertex 76 6.5 36.4
      vertex 76 6.86466 36.4319
    endloop
  endfacet
  facet normal 0 -0.0871459 0.996196
    outer loop
      vertex 76 6.5 36.4
      vertex 73.01 6.86466 36.4319
      vertex 73.01 6.5 36.4
    endloop
  endfacet
  facet normal 1.51076e-18 0.707052 0.707161
    outer loop
      vertex 76 5.15015 36.8913
      vertex 73.01 4.89131 37.1501
      vertex 76 4.89131 37.1501
    endloop
  endfacet
  facet normal 1.51076e-18 0.707052 0.707161
    outer loop
      vertex 73.01 4.89131 37.1501
      vertex 76 5.15015 36.8913
      vertex 73.01 5.15015 36.8913
    endloop
  endfacet
  facet normal -0 0.422613 0.90631
    outer loop
      vertex 73.01 5.78176 36.5266
      vertex 76 5.45 36.6813
      vertex 76 5.78176 36.5266
    endloop
  endfacet
  facet normal 0 0.422613 0.90631
    outer loop
      vertex 76 5.45 36.6813
      vertex 73.01 5.78176 36.5266
      vertex 73.01 5.45 36.6813
    endloop
  endfacet
  facet normal -3.63694e-20 0.996196 0.0871365
    outer loop
      vertex 76 4.4319 38.1353
      vertex 73.01 4.4 38.5
      vertex 76 4.4 38.5
    endloop
  endfacet
  facet normal -3.63694e-20 0.996196 0.0871365
    outer loop
      vertex 73.01 4.4 38.5
      vertex 76 4.4319 38.1353
      vertex 73.01 4.4319 38.1353
    endloop
  endfacet
  facet normal -3.33068e-18 -0.819097 0.573655
    outer loop
      vertex 73.01 40.1087 5.15015
      vertex 76 40.3187 5.45
      vertex 73.01 40.3187 5.45
    endloop
  endfacet
  facet normal -3.33068e-18 -0.819097 0.573655
    outer loop
      vertex 76 40.3187 5.45
      vertex 73.01 40.1087 5.15015
      vertex 76 40.1087 5.15015
    endloop
  endfacet
  facet normal -0 0.25887 0.965912
    outer loop
      vertex 73.01 38.1353 4.4319
      vertex 76 37.7818 4.52664
      vertex 76 38.1353 4.4319
    endloop
  endfacet
  facet normal 0 0.25887 0.965912
    outer loop
      vertex 76 37.7818 4.52664
      vertex 73.01 38.1353 4.4319
      vertex 73.01 37.7818 4.52664
    endloop
  endfacet
  facet normal 1.30948e-18 0.965954 -0.258713
    outer loop
      vertex 76 36.4319 6.86466
      vertex 73.01 36.5266 7.21824
      vertex 76 36.5266 7.21824
    endloop
  endfacet
  facet normal 1.30948e-18 0.965954 -0.258713
    outer loop
      vertex 73.01 36.5266 7.21824
      vertex 76 36.4319 6.86466
      vertex 73.01 36.4319 6.86466
    endloop
  endfacet
  facet normal -1.91926e-18 -0.90631 -0.422613
    outer loop
      vertex 73.01 40.4734 7.21824
      vertex 76 40.3187 7.55
      vertex 73.01 40.3187 7.55
    endloop
  endfacet
  facet normal -1.91926e-18 -0.90631 -0.422613
    outer loop
      vertex 76 40.3187 7.55
      vertex 73.01 40.4734 7.21824
      vertex 76 40.4734 7.21824
    endloop
  endfacet
  facet normal 0 -0.422571 -0.90633
    outer loop
      vertex 73.01 39.2182 8.47335
      vertex 76 39.55 8.31865
      vertex 76 39.2182 8.47335
    endloop
  endfacet
  facet normal -0 -0.422571 -0.90633
    outer loop
      vertex 76 39.55 8.31865
      vertex 73.01 39.2182 8.47335
      vertex 73.01 39.55 8.31865
    endloop
  endfacet
  facet normal 0 0.422571 -0.90633
    outer loop
      vertex 73.01 37.45 8.31865
      vertex 76 37.7818 8.47335
      vertex 76 37.45 8.31865
    endloop
  endfacet
  facet normal 0 0.422571 -0.90633
    outer loop
      vertex 76 37.7818 8.47335
      vertex 73.01 37.45 8.31865
      vertex 73.01 37.7818 8.47335
    endloop
  endfacet
  facet normal 1.91926e-18 0.90631 -0.422613
    outer loop
      vertex 76 36.5266 7.21824
      vertex 73.01 36.6813 7.55
      vertex 76 36.6813 7.55
    endloop
  endfacet
  facet normal 1.91926e-18 0.90631 -0.422613
    outer loop
      vertex 73.01 36.6813 7.55
      vertex 76 36.5266 7.21824
      vertex 73.01 36.5266 7.21824
    endloop
  endfacet
  facet normal 0 -0.422594 0.906319
    outer loop
      vertex 73.01 39.55 4.68135
      vertex 76 39.2182 4.52664
      vertex 76 39.55 4.68135
    endloop
  endfacet
  facet normal 0 -0.422594 0.906319
    outer loop
      vertex 76 39.2182 4.52664
      vertex 73.01 39.55 4.68135
      vertex 73.01 39.2182 4.52664
    endloop
  endfacet
  facet normal 0 -0.25887 0.965912
    outer loop
      vertex 73.01 39.2182 4.52664
      vertex 76 38.8647 4.4319
      vertex 76 39.2182 4.52664
    endloop
  endfacet
  facet normal 0 -0.25887 0.965912
    outer loop
      vertex 76 38.8647 4.4319
      vertex 73.01 39.2182 4.52664
      vertex 73.01 38.8647 4.4319
    endloop
  endfacet
  facet normal 0 -0.573517 0.819193
    outer loop
      vertex 73.01 39.8499 4.89131
      vertex 76 39.55 4.68135
      vertex 76 39.8499 4.89131
    endloop
  endfacet
  facet normal 0 -0.573517 0.819193
    outer loop
      vertex 76 39.55 4.68135
      vertex 73.01 39.8499 4.89131
      vertex 73.01 39.55 4.68135
    endloop
  endfacet
  facet normal 1.30948e-18 -0.965954 0.258713
    outer loop
      vertex 73.01 40.4734 5.78176
      vertex 76 40.5681 6.13534
      vertex 73.01 40.5681 6.13534
    endloop
  endfacet
  facet normal 1.30948e-18 -0.965954 0.258713
    outer loop
      vertex 76 40.5681 6.13534
      vertex 73.01 40.4734 5.78176
      vertex 76 40.4734 5.78176
    endloop
  endfacet
  facet normal -6.81033e-20 -0.996196 0.0871459
    outer loop
      vertex 73.01 40.5681 6.13534
      vertex 76 40.6 6.5
      vertex 73.01 40.6 6.5
    endloop
  endfacet
  facet normal -6.81033e-20 -0.996196 0.0871459
    outer loop
      vertex 76 40.6 6.5
      vertex 73.01 40.5681 6.13534
      vertex 76 40.5681 6.13534
    endloop
  endfacet
  facet normal 0 -0.0871365 -0.996196
    outer loop
      vertex 73.01 38.5 8.6
      vertex 76 38.8647 8.5681
      vertex 76 38.5 8.6
    endloop
  endfacet
  facet normal -0 -0.0871365 -0.996196
    outer loop
      vertex 76 38.8647 8.5681
      vertex 73.01 38.5 8.6
      vertex 73.01 38.8647 8.5681
    endloop
  endfacet
  facet normal 0 -0.573517 -0.819193
    outer loop
      vertex 73.01 39.55 8.31865
      vertex 76 39.8499 8.10869
      vertex 76 39.55 8.31865
    endloop
  endfacet
  facet normal -0 -0.573517 -0.819193
    outer loop
      vertex 76 39.8499 8.10869
      vertex 73.01 39.55 8.31865
      vertex 73.01 39.8499 8.10869
    endloop
  endfacet
  facet normal 3.33068e-18 -0.819097 -0.573655
    outer loop
      vertex 73.01 40.3187 7.55
      vertex 76 40.1087 7.84985
      vertex 73.01 40.1087 7.84985
    endloop
  endfacet
  facet normal 3.33068e-18 -0.819097 -0.573655
    outer loop
      vertex 76 40.1087 7.84985
      vertex 73.01 40.3187 7.55
      vertex 76 40.3187 7.55
    endloop
  endfacet
  facet normal -1.30948e-18 -0.965954 -0.258713
    outer loop
      vertex 73.01 40.5681 6.86466
      vertex 76 40.4734 7.21824
      vertex 73.01 40.4734 7.21824
    endloop
  endfacet
  facet normal -1.30948e-18 -0.965954 -0.258713
    outer loop
      vertex 76 40.4734 7.21824
      vertex 73.01 40.5681 6.86466
      vertex 76 40.5681 6.86466
    endloop
  endfacet
  facet normal -5.6344e-18 -0.707161 -0.707052
    outer loop
      vertex 73.01 40.1087 7.84985
      vertex 76 39.8499 8.10869
      vertex 73.01 39.8499 8.10869
    endloop
  endfacet
  facet normal -5.6344e-18 -0.707161 -0.707052
    outer loop
      vertex 76 39.8499 8.10869
      vertex 73.01 40.1087 7.84985
      vertex 76 40.1087 7.84985
    endloop
  endfacet
  facet normal -0 0.0871365 0.996196
    outer loop
      vertex 73.01 38.5 4.4
      vertex 76 38.1353 4.4319
      vertex 76 38.5 4.4
    endloop
  endfacet
  facet normal 0 0.0871365 0.996196
    outer loop
      vertex 76 38.1353 4.4319
      vertex 73.01 38.5 4.4
      vertex 73.01 38.1353 4.4319
    endloop
  endfacet
  facet normal -1.30948e-18 0.965954 0.258713
    outer loop
      vertex 76 36.5266 5.78176
      vertex 73.01 36.4319 6.13534
      vertex 76 36.4319 6.13534
    endloop
  endfacet
  facet normal -1.30948e-18 0.965954 0.258713
    outer loop
      vertex 73.01 36.4319 6.13534
      vertex 76 36.5266 5.78176
      vertex 73.01 36.5266 5.78176
    endloop
  endfacet
  facet normal -1.91926e-18 0.90631 0.422613
    outer loop
      vertex 76 36.6813 5.45
      vertex 73.01 36.5266 5.78176
      vertex 76 36.5266 5.78176
    endloop
  endfacet
  facet normal -1.91926e-18 0.90631 0.422613
    outer loop
      vertex 73.01 36.5266 5.78176
      vertex 76 36.6813 5.45
      vertex 73.01 36.6813 5.45
    endloop
  endfacet
  facet normal 3.33068e-18 0.819097 0.573655
    outer loop
      vertex 76 36.8913 5.15015
      vertex 73.01 36.6813 5.45
      vertex 76 36.6813 5.45
    endloop
  endfacet
  facet normal 3.33068e-18 0.819097 0.573655
    outer loop
      vertex 73.01 36.6813 5.45
      vertex 76 36.8913 5.15015
      vertex 73.01 36.8913 5.15015
    endloop
  endfacet
  facet normal -0 0.573517 0.819193
    outer loop
      vertex 73.01 37.45 4.68135
      vertex 76 37.1501 4.89131
      vertex 76 37.45 4.68135
    endloop
  endfacet
  facet normal 0 0.573517 0.819193
    outer loop
      vertex 76 37.1501 4.89131
      vertex 73.01 37.45 4.68135
      vertex 73.01 37.1501 4.89131
    endloop
  endfacet
  facet normal -6.81033e-20 0.996196 -0.0871459
    outer loop
      vertex 76 36.4 6.5
      vertex 73.01 36.4319 6.86466
      vertex 76 36.4319 6.86466
    endloop
  endfacet
  facet normal -6.81033e-20 0.996196 -0.0871459
    outer loop
      vertex 73.01 36.4319 6.86466
      vertex 76 36.4 6.5
      vertex 73.01 36.4 6.5
    endloop
  endfacet
  facet normal -3.33068e-18 0.819097 -0.573655
    outer loop
      vertex 76 36.6813 7.55
      vertex 73.01 36.8913 7.84985
      vertex 76 36.8913 7.84985
    endloop
  endfacet
  facet normal -3.33068e-18 0.819097 -0.573655
    outer loop
      vertex 73.01 36.8913 7.84985
      vertex 76 36.6813 7.55
      vertex 73.01 36.6813 7.55
    endloop
  endfacet
  facet normal 0 0.573517 -0.819193
    outer loop
      vertex 73.01 37.1501 8.10869
      vertex 76 37.45 8.31865
      vertex 76 37.1501 8.10869
    endloop
  endfacet
  facet normal 0 0.573517 -0.819193
    outer loop
      vertex 76 37.45 8.31865
      vertex 73.01 37.1501 8.10869
      vertex 73.01 37.45 8.31865
    endloop
  endfacet
  facet normal 0 0.258895 -0.965905
    outer loop
      vertex 73.01 37.7818 8.47335
      vertex 76 38.1353 8.5681
      vertex 76 37.7818 8.47335
    endloop
  endfacet
  facet normal 0 0.258895 -0.965905
    outer loop
      vertex 76 38.1353 8.5681
      vertex 73.01 37.7818 8.47335
      vertex 73.01 38.1353 8.5681
    endloop
  endfacet
  facet normal 0 0.707161 -0.707052
    outer loop
      vertex 73.01 36.8913 7.84985
      vertex 76 37.1501 8.10869
      vertex 76 36.8913 7.84985
    endloop
  endfacet
  facet normal 0 0.707161 -0.707052
    outer loop
      vertex 76 37.1501 8.10869
      vertex 73.01 36.8913 7.84985
      vertex 73.01 37.1501 8.10869
    endloop
  endfacet
  facet normal -1.51076e-18 -0.707161 0.707052
    outer loop
      vertex 73.01 39.8499 4.89131
      vertex 76 40.1087 5.15015
      vertex 73.01 40.1087 5.15015
    endloop
  endfacet
  facet normal -1.51076e-18 -0.707161 0.707052
    outer loop
      vertex 76 40.1087 5.15015
      vertex 73.01 39.8499 4.89131
      vertex 76 39.8499 4.89131
    endloop
  endfacet
  facet normal 6.81033e-20 -0.996196 -0.0871459
    outer loop
      vertex 73.01 40.6 6.5
      vertex 76 40.5681 6.86466
      vertex 73.01 40.5681 6.86466
    endloop
  endfacet
  facet normal 6.81033e-20 -0.996196 -0.0871459
    outer loop
      vertex 76 40.5681 6.86466
      vertex 73.01 40.6 6.5
      vertex 76 40.6 6.5
    endloop
  endfacet
  facet normal 1.91926e-18 -0.90631 0.422613
    outer loop
      vertex 73.01 40.3187 5.45
      vertex 76 40.4734 5.78176
      vertex 73.01 40.4734 5.78176
    endloop
  endfacet
  facet normal 1.91926e-18 -0.90631 0.422613
    outer loop
      vertex 76 40.4734 5.78176
      vertex 73.01 40.3187 5.45
      vertex 76 40.3187 5.45
    endloop
  endfacet
  facet normal 0 0.0871365 -0.996196
    outer loop
      vertex 73.01 38.1353 8.5681
      vertex 76 38.5 8.6
      vertex 76 38.1353 8.5681
    endloop
  endfacet
  facet normal 0 0.0871365 -0.996196
    outer loop
      vertex 76 38.5 8.6
      vertex 73.01 38.1353 8.5681
      vertex 73.01 38.5 8.6
    endloop
  endfacet
  facet normal 0 -0.258895 -0.965905
    outer loop
      vertex 73.01 38.8647 8.5681
      vertex 76 39.2182 8.47335
      vertex 76 38.8647 8.5681
    endloop
  endfacet
  facet normal -0 -0.258895 -0.965905
    outer loop
      vertex 76 39.2182 8.47335
      vertex 73.01 38.8647 8.5681
      vertex 73.01 39.2182 8.47335
    endloop
  endfacet
  facet normal 0 -0.0871365 0.996196
    outer loop
      vertex 73.01 38.8647 4.4319
      vertex 76 38.5 4.4
      vertex 76 38.8647 4.4319
    endloop
  endfacet
  facet normal 0 -0.0871365 0.996196
    outer loop
      vertex 76 38.5 4.4
      vertex 73.01 38.8647 4.4319
      vertex 73.01 38.5 4.4
    endloop
  endfacet
  facet normal -0 0.707161 0.707052
    outer loop
      vertex 73.01 37.1501 4.89131
      vertex 76 36.8913 5.15015
      vertex 76 37.1501 4.89131
    endloop
  endfacet
  facet normal 0 0.707161 0.707052
    outer loop
      vertex 76 36.8913 5.15015
      vertex 73.01 37.1501 4.89131
      vertex 73.01 36.8913 5.15015
    endloop
  endfacet
  facet normal -0 0.422594 0.906319
    outer loop
      vertex 73.01 37.7818 4.52664
      vertex 76 37.45 4.68135
      vertex 76 37.7818 4.52664
    endloop
  endfacet
  facet normal 0 0.422594 0.906319
    outer loop
      vertex 76 37.45 4.68135
      vertex 73.01 37.7818 4.52664
      vertex 73.01 37.45 4.68135
    endloop
  endfacet
  facet normal 6.81033e-20 0.996196 0.0871459
    outer loop
      vertex 76 36.4319 6.13534
      vertex 73.01 36.4 6.5
      vertex 76 36.4 6.5
    endloop
  endfacet
  facet normal 6.81033e-20 0.996196 0.0871459
    outer loop
      vertex 73.01 36.4 6.5
      vertex 76 36.4319 6.13534
      vertex 73.01 36.4319 6.13534
    endloop
  endfacet
  facet normal -2.35845e-18 -0.819142 0.573591
    outer loop
      vertex 73.01 40.1087 37.1501
      vertex 76 40.3187 37.45
      vertex 73.01 40.3187 37.45
    endloop
  endfacet
  facet normal -2.35845e-18 -0.819142 0.573591
    outer loop
      vertex 76 40.3187 37.45
      vertex 73.01 40.1087 37.1501
      vertex 76 40.1087 37.1501
    endloop
  endfacet
  facet normal 0 -0.258768 -0.96594
    outer loop
      vertex 73.01 38.8647 40.5681
      vertex 76 39.2182 40.4734
      vertex 76 38.8647 40.5681
    endloop
  endfacet
  facet normal -0 -0.258768 -0.96594
    outer loop
      vertex 76 39.2182 40.4734
      vertex 73.01 38.8647 40.5681
      vertex 73.01 39.2182 40.4734
    endloop
  endfacet
  facet normal -0 0.258768 0.96594
    outer loop
      vertex 73.01 38.1353 36.4319
      vertex 76 37.7818 36.5266
      vertex 76 38.1353 36.4319
    endloop
  endfacet
  facet normal 0 0.258768 0.96594
    outer loop
      vertex 76 37.7818 36.5266
      vertex 73.01 38.1353 36.4319
      vertex 73.01 37.7818 36.5266
    endloop
  endfacet
  facet normal 2.98797e-18 0.96594 -0.258768
    outer loop
      vertex 76 36.4319 38.8647
      vertex 73.01 36.5266 39.2182
      vertex 76 36.5266 39.2182
    endloop
  endfacet
  facet normal 2.98797e-18 0.96594 -0.258768
    outer loop
      vertex 73.01 36.5266 39.2182
      vertex 76 36.4319 38.8647
      vertex 73.01 36.4319 38.8647
    endloop
  endfacet
  facet normal 1.99645e-18 -0.90633 -0.422571
    outer loop
      vertex 73.01 40.4734 39.2182
      vertex 76 40.3187 39.55
      vertex 73.01 40.3187 39.55
    endloop
  endfacet
  facet normal 1.99645e-18 -0.90633 -0.422571
    outer loop
      vertex 76 40.3187 39.55
      vertex 73.01 40.4734 39.2182
      vertex 76 40.4734 39.2182
    endloop
  endfacet
  facet normal 0 -0.422571 -0.90633
    outer loop
      vertex 73.01 39.2182 40.4734
      vertex 76 39.55 40.3187
      vertex 76 39.2182 40.4734
    endloop
  endfacet
  facet normal -0 -0.422571 -0.90633
    outer loop
      vertex 76 39.55 40.3187
      vertex 73.01 39.2182 40.4734
      vertex 73.01 39.55 40.3187
    endloop
  endfacet
  facet normal 0 0.422571 -0.90633
    outer loop
      vertex 73.01 37.45 40.3187
      vertex 76 37.7818 40.4734
      vertex 76 37.45 40.3187
    endloop
  endfacet
  facet normal 0 0.422571 -0.90633
    outer loop
      vertex 76 37.7818 40.4734
      vertex 73.01 37.45 40.3187
      vertex 73.01 37.7818 40.4734
    endloop
  endfacet
  facet normal -1.99645e-18 0.90633 -0.422571
    outer loop
      vertex 76 36.5266 39.2182
      vertex 73.01 36.6813 39.55
      vertex 76 36.6813 39.55
    endloop
  endfacet
  facet normal -1.99645e-18 0.90633 -0.422571
    outer loop
      vertex 73.01 36.6813 39.55
      vertex 76 36.5266 39.2182
      vertex 73.01 36.5266 39.2182
    endloop
  endfacet
  facet normal 0 -0.422571 0.90633
    outer loop
      vertex 73.01 39.55 36.6813
      vertex 76 39.2182 36.5266
      vertex 76 39.55 36.6813
    endloop
  endfacet
  facet normal 0 -0.422571 0.90633
    outer loop
      vertex 76 39.2182 36.5266
      vertex 73.01 39.55 36.6813
      vertex 73.01 39.2182 36.5266
    endloop
  endfacet
  facet normal 0 -0.258768 0.96594
    outer loop
      vertex 73.01 39.2182 36.5266
      vertex 76 38.8647 36.4319
      vertex 76 39.2182 36.5266
    endloop
  endfacet
  facet normal 0 -0.258768 0.96594
    outer loop
      vertex 76 38.8647 36.4319
      vertex 73.01 39.2182 36.5266
      vertex 73.01 38.8647 36.4319
    endloop
  endfacet
  facet normal 0 -0.573591 0.819142
    outer loop
      vertex 73.01 39.8499 36.8913
      vertex 76 39.55 36.6813
      vertex 76 39.8499 36.8913
    endloop
  endfacet
  facet normal 0 -0.573591 0.819142
    outer loop
      vertex 76 39.55 36.6813
      vertex 73.01 39.8499 36.8913
      vertex 73.01 39.55 36.6813
    endloop
  endfacet
  facet normal 2.98797e-18 -0.96594 0.258768
    outer loop
      vertex 73.01 40.4734 37.7818
      vertex 76 40.5681 38.1353
      vertex 73.01 40.5681 38.1353
    endloop
  endfacet
  facet normal 2.98797e-18 -0.96594 0.258768
    outer loop
      vertex 76 40.5681 38.1353
      vertex 73.01 40.4734 37.7818
      vertex 76 40.4734 37.7818
    endloop
  endfacet
  facet normal 4.69707e-19 -0.996196 0.0871365
    outer loop
      vertex 73.01 40.5681 38.1353
      vertex 76 40.6 38.5
      vertex 73.01 40.6 38.5
    endloop
  endfacet
  facet normal 4.69707e-19 -0.996196 0.0871365
    outer loop
      vertex 76 40.6 38.5
      vertex 73.01 40.5681 38.1353
      vertex 76 40.5681 38.1353
    endloop
  endfacet
  facet normal 0 -0.0871365 -0.996196
    outer loop
      vertex 73.01 38.5 40.6
      vertex 76 38.8647 40.5681
      vertex 76 38.5 40.6
    endloop
  endfacet
  facet normal -0 -0.0871365 -0.996196
    outer loop
      vertex 76 38.8647 40.5681
      vertex 73.01 38.5 40.6
      vertex 73.01 38.8647 40.5681
    endloop
  endfacet
  facet normal 0 -0.573591 -0.819142
    outer loop
      vertex 73.01 39.55 40.3187
      vertex 76 39.8499 40.1087
      vertex 76 39.55 40.3187
    endloop
  endfacet
  facet normal -0 -0.573591 -0.819142
    outer loop
      vertex 76 39.8499 40.1087
      vertex 73.01 39.55 40.3187
      vertex 73.01 39.8499 40.1087
    endloop
  endfacet
  facet normal 2.35845e-18 -0.819142 -0.573591
    outer loop
      vertex 73.01 40.3187 39.55
      vertex 76 40.1087 39.8499
      vertex 73.01 40.1087 39.8499
    endloop
  endfacet
  facet normal 2.35845e-18 -0.819142 -0.573591
    outer loop
      vertex 76 40.1087 39.8499
      vertex 73.01 40.3187 39.55
      vertex 76 40.3187 39.55
    endloop
  endfacet
  facet normal -2.98797e-18 -0.96594 -0.258768
    outer loop
      vertex 73.01 40.5681 38.8647
      vertex 76 40.4734 39.2182
      vertex 73.01 40.4734 39.2182
    endloop
  endfacet
  facet normal -2.98797e-18 -0.96594 -0.258768
    outer loop
      vertex 76 40.4734 39.2182
      vertex 73.01 40.5681 38.8647
      vertex 76 40.5681 38.8647
    endloop
  endfacet
  facet normal 2.06817e-18 -0.707107 -0.707107
    outer loop
      vertex 73.01 40.1087 39.8499
      vertex 76 39.8499 40.1087
      vertex 73.01 39.8499 40.1087
    endloop
  endfacet
  facet normal 2.06817e-18 -0.707107 -0.707107
    outer loop
      vertex 76 39.8499 40.1087
      vertex 73.01 40.1087 39.8499
      vertex 76 40.1087 39.8499
    endloop
  endfacet
  facet normal -0 0.0871365 0.996196
    outer loop
      vertex 73.01 38.5 36.4
      vertex 76 38.1353 36.4319
      vertex 76 38.5 36.4
    endloop
  endfacet
  facet normal 0 0.0871365 0.996196
    outer loop
      vertex 76 38.1353 36.4319
      vertex 73.01 38.5 36.4
      vertex 73.01 38.1353 36.4319
    endloop
  endfacet
  facet normal -2.98797e-18 0.96594 0.258768
    outer loop
      vertex 76 36.5266 37.7818
      vertex 73.01 36.4319 38.1353
      vertex 76 36.4319 38.1353
    endloop
  endfacet
  facet normal -2.98797e-18 0.96594 0.258768
    outer loop
      vertex 73.01 36.4319 38.1353
      vertex 76 36.5266 37.7818
      vertex 73.01 36.5266 37.7818
    endloop
  endfacet
  facet normal 1.99645e-18 0.90633 0.422571
    outer loop
      vertex 76 36.6813 37.45
      vertex 73.01 36.5266 37.7818
      vertex 76 36.5266 37.7818
    endloop
  endfacet
  facet normal 1.99645e-18 0.90633 0.422571
    outer loop
      vertex 73.01 36.5266 37.7818
      vertex 76 36.6813 37.45
      vertex 73.01 36.6813 37.45
    endloop
  endfacet
  facet normal 2.35845e-18 0.819142 0.573591
    outer loop
      vertex 76 36.8913 37.1501
      vertex 73.01 36.6813 37.45
      vertex 76 36.6813 37.45
    endloop
  endfacet
  facet normal 2.35845e-18 0.819142 0.573591
    outer loop
      vertex 73.01 36.6813 37.45
      vertex 76 36.8913 37.1501
      vertex 73.01 36.8913 37.1501
    endloop
  endfacet
  facet normal -0 0.573591 0.819142
    outer loop
      vertex 73.01 37.45 36.6813
      vertex 76 37.1501 36.8913
      vertex 76 37.45 36.6813
    endloop
  endfacet
  facet normal 0 0.573591 0.819142
    outer loop
      vertex 76 37.1501 36.8913
      vertex 73.01 37.45 36.6813
      vertex 73.01 37.1501 36.8913
    endloop
  endfacet
  facet normal 4.69707e-19 0.996196 -0.0871365
    outer loop
      vertex 76 36.4 38.5
      vertex 73.01 36.4319 38.8647
      vertex 76 36.4319 38.8647
    endloop
  endfacet
  facet normal 4.69707e-19 0.996196 -0.0871365
    outer loop
      vertex 73.01 36.4319 38.8647
      vertex 76 36.4 38.5
      vertex 73.01 36.4 38.5
    endloop
  endfacet
  facet normal -2.35845e-18 0.819142 -0.573591
    outer loop
      vertex 76 36.6813 39.55
      vertex 73.01 36.8913 39.8499
      vertex 76 36.8913 39.8499
    endloop
  endfacet
  facet normal -2.35845e-18 0.819142 -0.573591
    outer loop
      vertex 73.01 36.8913 39.8499
      vertex 76 36.6813 39.55
      vertex 73.01 36.6813 39.55
    endloop
  endfacet
  facet normal 0 0.573591 -0.819142
    outer loop
      vertex 73.01 37.1501 40.1087
      vertex 76 37.45 40.3187
      vertex 76 37.1501 40.1087
    endloop
  endfacet
  facet normal 0 0.573591 -0.819142
    outer loop
      vertex 76 37.45 40.3187
      vertex 73.01 37.1501 40.1087
      vertex 73.01 37.45 40.3187
    endloop
  endfacet
  facet normal 0 0.258768 -0.96594
    outer loop
      vertex 73.01 37.7818 40.4734
      vertex 76 38.1353 40.5681
      vertex 76 37.7818 40.4734
    endloop
  endfacet
  facet normal 0 0.258768 -0.96594
    outer loop
      vertex 76 38.1353 40.5681
      vertex 73.01 37.7818 40.4734
      vertex 73.01 38.1353 40.5681
    endloop
  endfacet
  facet normal 0 0.707107 -0.707107
    outer loop
      vertex 73.01 36.8913 39.8499
      vertex 76 37.1501 40.1087
      vertex 76 36.8913 39.8499
    endloop
  endfacet
  facet normal 0 0.707107 -0.707107
    outer loop
      vertex 76 37.1501 40.1087
      vertex 73.01 36.8913 39.8499
      vertex 73.01 37.1501 40.1087
    endloop
  endfacet
  facet normal -2.06817e-18 -0.707107 0.707107
    outer loop
      vertex 73.01 39.8499 36.8913
      vertex 76 40.1087 37.1501
      vertex 73.01 40.1087 37.1501
    endloop
  endfacet
  facet normal -2.06817e-18 -0.707107 0.707107
    outer loop
      vertex 76 40.1087 37.1501
      vertex 73.01 39.8499 36.8913
      vertex 76 39.8499 36.8913
    endloop
  endfacet
  facet normal -4.69707e-19 -0.996196 -0.0871365
    outer loop
      vertex 73.01 40.6 38.5
      vertex 76 40.5681 38.8647
      vertex 73.01 40.5681 38.8647
    endloop
  endfacet
  facet normal -4.69707e-19 -0.996196 -0.0871365
    outer loop
      vertex 76 40.5681 38.8647
      vertex 73.01 40.6 38.5
      vertex 76 40.6 38.5
    endloop
  endfacet
  facet normal -1.99645e-18 -0.90633 0.422571
    outer loop
      vertex 73.01 40.3187 37.45
      vertex 76 40.4734 37.7818
      vertex 73.01 40.4734 37.7818
    endloop
  endfacet
  facet normal -1.99645e-18 -0.90633 0.422571
    outer loop
      vertex 76 40.4734 37.7818
      vertex 73.01 40.3187 37.45
      vertex 76 40.3187 37.45
    endloop
  endfacet
  facet normal 0 0.0871365 -0.996196
    outer loop
      vertex 73.01 38.1353 40.5681
      vertex 76 38.5 40.6
      vertex 76 38.1353 40.5681
    endloop
  endfacet
  facet normal 0 0.0871365 -0.996196
    outer loop
      vertex 76 38.5 40.6
      vertex 73.01 38.1353 40.5681
      vertex 73.01 38.5 40.6
    endloop
  endfacet
  facet normal 0 -0.0871365 0.996196
    outer loop
      vertex 73.01 38.8647 36.4319
      vertex 76 38.5 36.4
      vertex 76 38.8647 36.4319
    endloop
  endfacet
  facet normal 0 -0.0871365 0.996196
    outer loop
      vertex 76 38.5 36.4
      vertex 73.01 38.8647 36.4319
      vertex 73.01 38.5 36.4
    endloop
  endfacet
  facet normal 2.06817e-18 0.707107 0.707107
    outer loop
      vertex 76 37.1501 36.8913
      vertex 73.01 36.8913 37.1501
      vertex 76 36.8913 37.1501
    endloop
  endfacet
  facet normal 2.06817e-18 0.707107 0.707107
    outer loop
      vertex 73.01 36.8913 37.1501
      vertex 76 37.1501 36.8913
      vertex 73.01 37.1501 36.8913
    endloop
  endfacet
  facet normal -0 0.422571 0.90633
    outer loop
      vertex 73.01 37.7818 36.5266
      vertex 76 37.45 36.6813
      vertex 76 37.7818 36.5266
    endloop
  endfacet
  facet normal 0 0.422571 0.90633
    outer loop
      vertex 76 37.45 36.6813
      vertex 73.01 37.7818 36.5266
      vertex 73.01 37.45 36.6813
    endloop
  endfacet
  facet normal -4.69707e-19 0.996196 0.0871365
    outer loop
      vertex 76 36.4319 38.1353
      vertex 73.01 36.4 38.5
      vertex 76 36.4 38.5
    endloop
  endfacet
  facet normal -4.69707e-19 0.996196 0.0871365
    outer loop
      vertex 73.01 36.4 38.5
      vertex 76 36.4319 38.1353
      vertex 73.01 36.4319 38.1353
    endloop
  endfacet
  facet normal 0 -0.0654145 0.997858
    outer loop
      vertex 70 6.89158 3.52567
      vertex 73.01 6.5 3.5
      vertex 73.01 6.89158 3.52567
    endloop
  endfacet
  facet normal 0 -0.0654145 0.997858
    outer loop
      vertex 73.01 6.5 3.5
      vertex 70 6.89158 3.52567
      vertex 70 6.5 3.5
    endloop
  endfacet
  facet normal 0 -0.0654145 -0.997858
    outer loop
      vertex 70 6.5 9.5
      vertex 73.01 6.89158 9.47433
      vertex 73.01 6.5 9.5
    endloop
  endfacet
  facet normal -0 -0.0654145 -0.997858
    outer loop
      vertex 73.01 6.89158 9.47433
      vertex 70 6.5 9.5
      vertex 70 6.89158 9.47433
    endloop
  endfacet
  facet normal 5.42131e-19 0.997858 0.0654145
    outer loop
      vertex 73.01 3.52567 6.10842
      vertex 70 3.5 6.5
      vertex 73.01 3.5 6.5
    endloop
  endfacet
  facet normal 5.42131e-19 0.997858 0.0654145
    outer loop
      vertex 70 3.5 6.5
      vertex 73.01 3.52567 6.10842
      vertex 70 3.52567 6.10842
    endloop
  endfacet
  facet normal 3.50519e-18 -0.751844 -0.659341
    outer loop
      vertex 70 8.88006 8.32628
      vertex 73.01 8.62132 8.62132
      vertex 70 8.62132 8.62132
    endloop
  endfacet
  facet normal 3.50519e-18 -0.751844 -0.659341
    outer loop
      vertex 73.01 8.62132 8.62132
      vertex 70 8.88006 8.32628
      vertex 73.01 8.88006 8.32628
    endloop
  endfacet
  facet normal 4.76162e-19 -0.946928 -0.321444
    outer loop
      vertex 70 9.39778 7.27646
      vertex 73.01 9.27164 7.64805
      vertex 70 9.27164 7.64805
    endloop
  endfacet
  facet normal 4.76162e-19 -0.946928 -0.321444
    outer loop
      vertex 73.01 9.27164 7.64805
      vertex 70 9.39778 7.27646
      vertex 73.01 9.39778 7.27646
    endloop
  endfacet
  facet normal -0 0.555582 0.831462
    outer loop
      vertex 70 5 3.90192
      vertex 73.01 4.67372 4.11994
      vertex 73.01 5 3.90192
    endloop
  endfacet
  facet normal 0 0.555582 0.831462
    outer loop
      vertex 73.01 4.67372 4.11994
      vertex 70 5 3.90192
      vertex 70 4.67372 4.11994
    endloop
  endfacet
  facet normal 0 -0.442283 0.896875
    outer loop
      vertex 70 8 3.90192
      vertex 73.01 7.64805 3.72836
      vertex 73.01 8 3.90192
    endloop
  endfacet
  facet normal 0 -0.442283 0.896875
    outer loop
      vertex 73.01 7.64805 3.72836
      vertex 70 8 3.90192
      vertex 70 7.64805 3.72836
    endloop
  endfacet
  facet normal 0 -0.195072 0.980789
    outer loop
      vertex 70 7.27646 3.60222
      vertex 73.01 6.89158 3.52567
      vertex 73.01 7.27646 3.60222
    endloop
  endfacet
  facet normal 0 -0.195072 0.980789
    outer loop
      vertex 73.01 6.89158 3.52567
      vertex 70 7.27646 3.60222
      vertex 70 6.89158 3.52567
    endloop
  endfacet
  facet normal 0 -0.555582 0.831462
    outer loop
      vertex 70 8.32628 4.11994
      vertex 73.01 8 3.90192
      vertex 73.01 8.32628 4.11994
    endloop
  endfacet
  facet normal 0 -0.555582 0.831462
    outer loop
      vertex 73.01 8 3.90192
      vertex 70 8.32628 4.11994
      vertex 70 8 3.90192
    endloop
  endfacet
  facet normal -4.76162e-19 -0.946928 0.321444
    outer loop
      vertex 70 9.27164 5.35195
      vertex 73.01 9.39778 5.72354
      vertex 70 9.39778 5.72354
    endloop
  endfacet
  facet normal -4.76162e-19 -0.946928 0.321444
    outer loop
      vertex 73.01 9.39778 5.72354
      vertex 70 9.27164 5.35195
      vertex 73.01 9.27164 5.35195
    endloop
  endfacet
  facet normal 0 -0.442283 -0.896875
    outer loop
      vertex 70 7.64805 9.27164
      vertex 73.01 8 9.09808
      vertex 73.01 7.64805 9.27164
    endloop
  endfacet
  facet normal -0 -0.442283 -0.896875
    outer loop
      vertex 73.01 8 9.09808
      vertex 70 7.64805 9.27164
      vertex 70 8 9.09808
    endloop
  endfacet
  facet normal 0 -0.555582 -0.831462
    outer loop
      vertex 70 8 9.09808
      vertex 73.01 8.32628 8.88006
      vertex 73.01 8 9.09808
    endloop
  endfacet
  facet normal -0 -0.555582 -0.831462
    outer loop
      vertex 73.01 8.32628 8.88006
      vertex 70 8 9.09808
      vertex 70 8.32628 8.88006
    endloop
  endfacet
  facet normal 0 -0.321444 -0.946928
    outer loop
      vertex 70 7.27646 9.39778
      vertex 73.01 7.64805 9.27164
      vertex 73.01 7.27646 9.39778
    endloop
  endfacet
  facet normal -0 -0.321444 -0.946928
    outer loop
      vertex 73.01 7.64805 9.27164
      vertex 70 7.27646 9.39778
      vertex 70 7.64805 9.27164
    endloop
  endfacet
  facet normal 2.30335e-18 -0.896875 -0.442283
    outer loop
      vertex 70 9.27164 7.64805
      vertex 73.01 9.09808 8
      vertex 70 9.09808 8
    endloop
  endfacet
  facet normal 2.30335e-18 -0.896875 -0.442283
    outer loop
      vertex 73.01 9.09808 8
      vertex 70 9.27164 7.64805
      vertex 73.01 9.27164 7.64805
    endloop
  endfacet
  facet normal 3.80067e-19 -0.980789 -0.195072
    outer loop
      vertex 70 9.47433 6.89158
      vertex 73.01 9.39778 7.27646
      vertex 70 9.39778 7.27646
    endloop
  endfacet
  facet normal 3.80067e-19 -0.980789 -0.195072
    outer loop
      vertex 73.01 9.39778 7.27646
      vertex 70 9.47433 6.89158
      vertex 73.01 9.47433 6.89158
    endloop
  endfacet
  facet normal -1.17462e-18 0.980789 0.195072
    outer loop
      vertex 73.01 3.60222 5.72354
      vertex 70 3.52567 6.10842
      vertex 73.01 3.52567 6.10842
    endloop
  endfacet
  facet normal -1.17462e-18 0.980789 0.195072
    outer loop
      vertex 70 3.52567 6.10842
      vertex 73.01 3.60222 5.72354
      vertex 70 3.60222 5.72354
    endloop
  endfacet
  facet normal 0 -0.321444 0.946928
    outer loop
      vertex 70 7.64805 3.72836
      vertex 73.01 7.27646 3.60222
      vertex 73.01 7.64805 3.72836
    endloop
  endfacet
  facet normal 0 -0.321444 0.946928
    outer loop
      vertex 73.01 7.27646 3.60222
      vertex 70 7.64805 3.72836
      vertex 70 7.27646 3.60222
    endloop
  endfacet
  facet normal 0 -0.659341 0.751844
    outer loop
      vertex 70 8.62132 4.37868
      vertex 73.01 8.32628 4.11994
      vertex 73.01 8.62132 4.37868
    endloop
  endfacet
  facet normal 0 -0.659341 0.751844
    outer loop
      vertex 73.01 8.32628 4.11994
      vertex 70 8.62132 4.37868
      vertex 70 8.32628 4.11994
    endloop
  endfacet
  facet normal -3.80067e-19 -0.980789 0.195072
    outer loop
      vertex 70 9.39778 5.72354
      vertex 73.01 9.47433 6.10842
      vertex 70 9.47433 6.10842
    endloop
  endfacet
  facet normal -3.80067e-19 -0.980789 0.195072
    outer loop
      vertex 73.01 9.47433 6.10842
      vertex 70 9.39778 5.72354
      vertex 73.01 9.39778 5.72354
    endloop
  endfacet
  facet normal -2.30335e-18 -0.896875 0.442283
    outer loop
      vertex 70 9.09808 5
      vertex 73.01 9.27164 5.35195
      vertex 70 9.27164 5.35195
    endloop
  endfacet
  facet normal -2.30335e-18 -0.896875 0.442283
    outer loop
      vertex 73.01 9.27164 5.35195
      vertex 70 9.09808 5
      vertex 73.01 9.09808 5
    endloop
  endfacet
  facet normal -3.50519e-18 -0.751844 0.659341
    outer loop
      vertex 70 8.62132 4.37868
      vertex 73.01 8.88006 4.67372
      vertex 70 8.88006 4.67372
    endloop
  endfacet
  facet normal -3.50519e-18 -0.751844 0.659341
    outer loop
      vertex 73.01 8.88006 4.67372
      vertex 70 8.62132 4.37868
      vertex 73.01 8.62132 4.37868
    endloop
  endfacet
  facet normal 0 -0.195072 -0.980789
    outer loop
      vertex 70 6.89158 9.47433
      vertex 73.01 7.27646 9.39778
      vertex 73.01 6.89158 9.47433
    endloop
  endfacet
  facet normal -0 -0.195072 -0.980789
    outer loop
      vertex 73.01 7.27646 9.39778
      vertex 70 6.89158 9.47433
      vertex 70 7.27646 9.39778
    endloop
  endfacet
  facet normal 6.76952e-19 -0.831462 -0.555582
    outer loop
      vertex 70 9.09808 8
      vertex 73.01 8.88006 8.32628
      vertex 70 8.88006 8.32628
    endloop
  endfacet
  facet normal 6.76952e-19 -0.831462 -0.555582
    outer loop
      vertex 73.01 8.88006 8.32628
      vertex 70 9.09808 8
      vertex 73.01 9.09808 8
    endloop
  endfacet
  facet normal 5.42131e-19 -0.997858 -0.0654145
    outer loop
      vertex 70 9.5 6.5
      vertex 73.01 9.47433 6.89158
      vertex 70 9.47433 6.89158
    endloop
  endfacet
  facet normal 5.42131e-19 -0.997858 -0.0654145
    outer loop
      vertex 73.01 9.47433 6.89158
      vertex 70 9.5 6.5
      vertex 73.01 9.5 6.5
    endloop
  endfacet
  facet normal -0 0.0654145 0.997858
    outer loop
      vertex 70 6.5 3.5
      vertex 73.01 6.10842 3.52567
      vertex 73.01 6.5 3.5
    endloop
  endfacet
  facet normal 0 0.0654145 0.997858
    outer loop
      vertex 73.01 6.10842 3.52567
      vertex 70 6.5 3.5
      vertex 70 6.10842 3.52567
    endloop
  endfacet
  facet normal -0 0.195072 0.980789
    outer loop
      vertex 70 6.10842 3.52567
      vertex 73.01 5.72354 3.60222
      vertex 73.01 6.10842 3.52567
    endloop
  endfacet
  facet normal 0 0.195072 0.980789
    outer loop
      vertex 73.01 5.72354 3.60222
      vertex 70 6.10842 3.52567
      vertex 70 5.72354 3.60222
    endloop
  endfacet
  facet normal -0 0.659341 0.751844
    outer loop
      vertex 70 4.67372 4.11994
      vertex 73.01 4.37868 4.37868
      vertex 73.01 4.67372 4.11994
    endloop
  endfacet
  facet normal 0 0.659341 0.751844
    outer loop
      vertex 73.01 4.37868 4.37868
      vertex 70 4.67372 4.11994
      vertex 70 4.37868 4.37868
    endloop
  endfacet
  facet normal 8.06034e-19 0.946928 -0.321444
    outer loop
      vertex 73.01 3.60222 7.27646
      vertex 70 3.72836 7.64805
      vertex 73.01 3.72836 7.64805
    endloop
  endfacet
  facet normal 8.06034e-19 0.946928 -0.321444
    outer loop
      vertex 70 3.72836 7.64805
      vertex 73.01 3.60222 7.27646
      vertex 70 3.60222 7.27646
    endloop
  endfacet
  facet normal 2.30335e-18 0.896875 0.442283
    outer loop
      vertex 73.01 3.90192 5
      vertex 70 3.72836 5.35195
      vertex 73.01 3.72836 5.35195
    endloop
  endfacet
  facet normal 2.30335e-18 0.896875 0.442283
    outer loop
      vertex 70 3.72836 5.35195
      vertex 73.01 3.90192 5
      vertex 70 3.90192 5
    endloop
  endfacet
  facet normal -5.42131e-19 -0.997858 0.0654145
    outer loop
      vertex 70 9.47433 6.10842
      vertex 73.01 9.5 6.5
      vertex 70 9.5 6.5
    endloop
  endfacet
  facet normal -5.42131e-19 -0.997858 0.0654145
    outer loop
      vertex 73.01 9.5 6.5
      vertex 70 9.47433 6.10842
      vertex 73.01 9.47433 6.10842
    endloop
  endfacet
  facet normal -1.22769e-18 -0.831462 0.555582
    outer loop
      vertex 70 8.88006 4.67372
      vertex 73.01 9.09808 5
      vertex 70 9.09808 5
    endloop
  endfacet
  facet normal -1.22769e-18 -0.831462 0.555582
    outer loop
      vertex 73.01 9.09808 5
      vertex 70 8.88006 4.67372
      vertex 73.01 8.88006 4.67372
    endloop
  endfacet
  facet normal 0 -0.659341 -0.751844
    outer loop
      vertex 70 8.32628 8.88006
      vertex 73.01 8.62132 8.62132
      vertex 73.01 8.32628 8.88006
    endloop
  endfacet
  facet normal -0 -0.659341 -0.751844
    outer loop
      vertex 73.01 8.62132 8.62132
      vertex 70 8.32628 8.88006
      vertex 70 8.62132 8.62132
    endloop
  endfacet
  facet normal -5.34103e-18 0.831462 0.555582
    outer loop
      vertex 73.01 4.11994 4.67372
      vertex 70 3.90192 5
      vertex 73.01 3.90192 5
    endloop
  endfacet
  facet normal -5.34103e-18 0.831462 0.555582
    outer loop
      vertex 70 3.90192 5
      vertex 73.01 4.11994 4.67372
      vertex 70 4.11994 4.67372
    endloop
  endfacet
  facet normal -0 0.442283 0.896875
    outer loop
      vertex 70 5.35195 3.72836
      vertex 73.01 5 3.90192
      vertex 73.01 5.35195 3.72836
    endloop
  endfacet
  facet normal 0 0.442283 0.896875
    outer loop
      vertex 73.01 5 3.90192
      vertex 70 5.35195 3.72836
      vertex 70 5 3.90192
    endloop
  endfacet
  facet normal -1 0 0
    outer loop
      vertex 73.01 8.6 6.5
      vertex 73.01 9.5 6.5
      vertex 73.01 9.47433 6.10842
    endloop
  endfacet
  facet normal -1 0 0
    outer loop
      vertex 73.01 8.5681 6.13534
      vertex 73.01 9.47433 6.10842
      vertex 73.01 9.39778 5.72354
    endloop
  endfacet
  facet normal -1 0 0
    outer loop
      vertex 73.01 9.5 6.5
      vertex 73.01 8.6 6.5
      vertex 73.01 9.47433 6.89158
    endloop
  endfacet
  facet normal -1 0 0
    outer loop
      vertex 73.01 8.47335 5.78176
      vertex 73.01 9.39778 5.72354
      vertex 73.01 9.27164 5.35195
    endloop
  endfacet
  facet normal -1 0 0
    outer loop
      vertex 73.01 8.5681 6.86466
      vertex 73.01 9.47433 6.89158
      vertex 73.01 8.6 6.5
    endloop
  endfacet
  facet normal -1 0 0
    outer loop
      vertex 73.01 8.31865 5.45
      vertex 73.01 9.27164 5.35195
      vertex 73.01 9.09808 5
    endloop
  endfacet
  facet normal -1 -0 0
    outer loop
      vertex 73.01 9.47433 6.89158
      vertex 73.01 8.5681 6.86466
      vertex 73.01 9.39778 7.27646
    endloop
  endfacet
  facet normal -1 0 0
    outer loop
      vertex 73.01 8.31865 5.45
      vertex 73.01 9.09808 5
      vertex 73.01 8.88006 4.67372
    endloop
  endfacet
  facet normal -1 0 0
    outer loop
      vertex 73.01 8.47335 7.21824
      vertex 73.01 9.39778 7.27646
      vertex 73.01 8.5681 6.86466
    endloop
  endfacet
  facet normal -1 0 0
    outer loop
      vertex 73.01 8.10869 5.15015
      vertex 73.01 8.88006 4.67372
      vertex 73.01 8.62132 4.37868
    endloop
  endfacet
  facet normal -1 -0 0
    outer loop
      vertex 73.01 9.39778 7.27646
      vertex 73.01 8.47335 7.21824
      vertex 73.01 9.27164 7.64805
    endloop
  endfacet
  facet normal -1 0 0
    outer loop
      vertex 73.01 8.31865 7.55
      vertex 73.01 9.27164 7.64805
      vertex 73.01 8.47335 7.21824
    endloop
  endfacet
  facet normal -1 0 0
    outer loop
      vertex 73.01 9.47433 6.10842
      vertex 73.01 8.5681 6.13534
      vertex 73.01 8.6 6.5
    endloop
  endfacet
  facet normal -1 0 0
    outer loop
      vertex 73.01 9.39778 5.72354
      vertex 73.01 8.47335 5.78176
      vertex 73.01 8.5681 6.13534
    endloop
  endfacet
  facet normal -1 0 0
    outer loop
      vertex 73.01 7.84985 4.89131
      vertex 73.01 8.62132 4.37868
      vertex 73.01 8.32628 4.11994
    endloop
  endfacet
  facet normal -1 0 0
    outer loop
      vertex 73.01 9.27164 5.35195
      vertex 73.01 8.31865 5.45
      vertex 73.01 8.47335 5.78176
    endloop
  endfacet
  facet normal -1 0 0
    outer loop
      vertex 73.01 8.88006 4.67372
      vertex 73.01 8.10869 5.15015
      vertex 73.01 8.31865 5.45
    endloop
  endfacet
  facet normal -1 0 0
    outer loop
      vertex 73.01 7.55 4.68135
      vertex 73.01 8.32628 4.11994
      vertex 73.01 8 3.90192
    endloop
  endfacet
  facet normal -1 0 0
    outer loop
      vertex 73.01 8.62132 4.37868
      vertex 73.01 7.84985 4.89131
      vertex 73.01 8.10869 5.15015
    endloop
  endfacet
  facet normal -1 0 0
    outer loop
      vertex 73.01 7.55 4.68135
      vertex 73.01 8 3.90192
      vertex 73.01 7.64805 3.72836
    endloop
  endfacet
  facet normal -1 0 0
    outer loop
      vertex 73.01 8.32628 4.11994
      vertex 73.01 7.55 4.68135
      vertex 73.01 7.84985 4.89131
    endloop
  endfacet
  facet normal -1 0 0
    outer loop
      vertex 73.01 7.21824 4.52664
      vertex 73.01 7.64805 3.72836
      vertex 73.01 7.27646 3.60222
    endloop
  endfacet
  facet normal -1 0 0
    outer loop
      vertex 73.01 7.64805 3.72836
      vertex 73.01 7.21824 4.52664
      vertex 73.01 7.55 4.68135
    endloop
  endfacet
  facet normal -1 0 0
    outer loop
      vertex 73.01 6.86466 4.4319
      vertex 73.01 7.27646 3.60222
      vertex 73.01 6.89158 3.52567
    endloop
  endfacet
  facet normal -1 0 0
    outer loop
      vertex 73.01 7.27646 3.60222
      vertex 73.01 6.86466 4.4319
      vertex 73.01 7.21824 4.52664
    endloop
  endfacet
  facet normal -1 0 0
    outer loop
      vertex 73.01 6.5 4.4
      vertex 73.01 6.89158 3.52567
      vertex 73.01 6.5 3.5
    endloop
  endfacet
  facet normal -1 0 0
    outer loop
      vertex 73.01 6.89158 3.52567
      vertex 73.01 6.5 4.4
      vertex 73.01 6.86466 4.4319
    endloop
  endfacet
  facet normal -1 0 0
    outer loop
      vertex 73.01 6.10842 3.52567
      vertex 73.01 6.5 4.4
      vertex 73.01 6.5 3.5
    endloop
  endfacet
  facet normal -1 -0 0
    outer loop
      vertex 73.01 6.5 4.4
      vertex 73.01 6.10842 3.52567
      vertex 73.01 6.13534 4.4319
    endloop
  endfacet
  facet normal -1 0 0
    outer loop
      vertex 73.01 5.72354 3.60222
      vertex 73.01 6.13534 4.4319
      vertex 73.01 6.10842 3.52567
    endloop
  endfacet
  facet normal -1 -0 0
    outer loop
      vertex 73.01 6.13534 4.4319
      vertex 73.01 5.72354 3.60222
      vertex 73.01 5.78176 4.52664
    endloop
  endfacet
  facet normal -1 0 0
    outer loop
      vertex 73.01 5.35195 3.72836
      vertex 73.01 5.78176 4.52664
      vertex 73.01 5.72354 3.60222
    endloop
  endfacet
  facet normal -1 -0 0
    outer loop
      vertex 73.01 5.78176 4.52664
      vertex 73.01 5.35195 3.72836
      vertex 73.01 5.45 4.68135
    endloop
  endfacet
  facet normal -1 0 0
    outer loop
      vertex 73.01 5 3.90192
      vertex 73.01 5.45 4.68135
      vertex 73.01 5.35195 3.72836
    endloop
  endfacet
  facet normal -1 0 0
    outer loop
      vertex 73.01 4.67372 4.11994
      vertex 73.01 5.45 4.68135
      vertex 73.01 5 3.90192
    endloop
  endfacet
  facet normal -1 -0 0
    outer loop
      vertex 73.01 5.45 4.68135
      vertex 73.01 4.67372 4.11994
      vertex 73.01 5.15015 4.89131
    endloop
  endfacet
  facet normal -1 0 0
    outer loop
      vertex 73.01 4.37868 4.37868
      vertex 73.01 5.15015 4.89131
      vertex 73.01 4.67372 4.11994
    endloop
  endfacet
  facet normal -1 -0 0
    outer loop
      vertex 73.01 5.15015 4.89131
      vertex 73.01 4.37868 4.37868
      vertex 73.01 4.89131 5.15015
    endloop
  endfacet
  facet normal -1 0 0
    outer loop
      vertex 73.01 4.11994 4.67372
      vertex 73.01 4.89131 5.15015
      vertex 73.01 4.37868 4.37868
    endloop
  endfacet
  facet normal -1 -0 0
    outer loop
      vertex 73.01 4.89131 5.15015
      vertex 73.01 4.11994 4.67372
      vertex 73.01 4.68135 5.45
    endloop
  endfacet
  facet normal -1 0 0
    outer loop
      vertex 73.01 3.72836 5.35195
      vertex 73.01 4.68135 5.45
      vertex 73.01 3.90192 5
    endloop
  endfacet
  facet normal -1 0 0
    outer loop
      vertex 73.01 3.90192 5
      vertex 73.01 4.68135 5.45
      vertex 73.01 4.11994 4.67372
    endloop
  endfacet
  facet normal -1 -0 0
    outer loop
      vertex 73.01 9.27164 7.64805
      vertex 73.01 8.31865 7.55
      vertex 73.01 9.09808 8
    endloop
  endfacet
  facet normal -1 -0 0
    outer loop
      vertex 73.01 9.09808 8
      vertex 73.01 8.31865 7.55
      vertex 73.01 8.88006 8.32628
    endloop
  endfacet
  facet normal -1 0 0
    outer loop
      vertex 73.01 8.10869 7.84985
      vertex 73.01 8.88006 8.32628
      vertex 73.01 8.31865 7.55
    endloop
  endfacet
  facet normal -1 -0 0
    outer loop
      vertex 73.01 8.88006 8.32628
      vertex 73.01 8.10869 7.84985
      vertex 73.01 8.62132 8.62132
    endloop
  endfacet
  facet normal -1 0 0
    outer loop
      vertex 73.01 7.84985 8.10869
      vertex 73.01 8.62132 8.62132
      vertex 73.01 8.10869 7.84985
    endloop
  endfacet
  facet normal -1 -0 0
    outer loop
      vertex 73.01 8.62132 8.62132
      vertex 73.01 7.84985 8.10869
      vertex 73.01 8.32628 8.88006
    endloop
  endfacet
  facet normal -1 0 0
    outer loop
      vertex 73.01 7.55 8.31865
      vertex 73.01 8.32628 8.88006
      vertex 73.01 7.84985 8.10869
    endloop
  endfacet
  facet normal -1 -0 0
    outer loop
      vertex 73.01 8.32628 8.88006
      vertex 73.01 7.55 8.31865
      vertex 73.01 8 9.09808
    endloop
  endfacet
  facet normal -1 -0 0
    outer loop
      vertex 73.01 8 9.09808
      vertex 73.01 7.55 8.31865
      vertex 73.01 7.64805 9.27164
    endloop
  endfacet
  facet normal -1 0 0
    outer loop
      vertex 73.01 7.21824 8.47335
      vertex 73.01 7.64805 9.27164
      vertex 73.01 7.55 8.31865
    endloop
  endfacet
  facet normal -1 -0 0
    outer loop
      vertex 73.01 7.64805 9.27164
      vertex 73.01 7.21824 8.47335
      vertex 73.01 7.27646 9.39778
    endloop
  endfacet
  facet normal -1 0 0
    outer loop
      vertex 73.01 6.86466 8.5681
      vertex 73.01 7.27646 9.39778
      vertex 73.01 7.21824 8.47335
    endloop
  endfacet
  facet normal -1 -0 0
    outer loop
      vertex 73.01 7.27646 9.39778
      vertex 73.01 6.86466 8.5681
      vertex 73.01 6.89158 9.47433
    endloop
  endfacet
  facet normal -1 0 0
    outer loop
      vertex 73.01 6.5 8.6
      vertex 73.01 6.89158 9.47433
      vertex 73.01 6.86466 8.5681
    endloop
  endfacet
  facet normal -1 0 0
    outer loop
      vertex 73.01 6.5 8.6
      vertex 73.01 6.5 9.5
      vertex 73.01 6.89158 9.47433
    endloop
  endfacet
  facet normal -1 0 0
    outer loop
      vertex 73.01 6.10842 9.47433
      vertex 73.01 6.5 8.6
      vertex 73.01 6.13534 8.5681
    endloop
  endfacet
  facet normal -1 0 0
    outer loop
      vertex 73.01 6.5 8.6
      vertex 73.01 6.10842 9.47433
      vertex 73.01 6.5 9.5
    endloop
  endfacet
  facet normal -1 0 0
    outer loop
      vertex 73.01 5.72354 9.39778
      vertex 73.01 6.13534 8.5681
      vertex 73.01 5.78176 8.47335
    endloop
  endfacet
  facet normal -1 0 0
    outer loop
      vertex 73.01 6.13534 8.5681
      vertex 73.01 5.72354 9.39778
      vertex 73.01 6.10842 9.47433
    endloop
  endfacet
  facet normal -1 0 0
    outer loop
      vertex 73.01 5.35195 9.27164
      vertex 73.01 5.78176 8.47335
      vertex 73.01 5.45 8.31865
    endloop
  endfacet
  facet normal -1 0 0
    outer loop
      vertex 73.01 5.78176 8.47335
      vertex 73.01 5.35195 9.27164
      vertex 73.01 5.72354 9.39778
    endloop
  endfacet
  facet normal -1 0 0
    outer loop
      vertex 73.01 4.67372 8.88006
      vertex 73.01 5.45 8.31865
      vertex 73.01 5.15015 8.10869
    endloop
  endfacet
  facet normal -1 0 0
    outer loop
      vertex 73.01 5.45 8.31865
      vertex 73.01 5 9.09808
      vertex 73.01 5.35195 9.27164
    endloop
  endfacet
  facet normal -1 0 0
    outer loop
      vertex 73.01 4.37868 8.62132
      vertex 73.01 5.15015 8.10869
      vertex 73.01 4.89131 7.84985
    endloop
  endfacet
  facet normal -1 0 0
    outer loop
      vertex 73.01 4.11994 8.32628
      vertex 73.01 4.89131 7.84985
      vertex 73.01 4.68135 7.55
    endloop
  endfacet
  facet normal -1 0 0
    outer loop
      vertex 73.01 5.45 8.31865
      vertex 73.01 4.67372 8.88006
      vertex 73.01 5 9.09808
    endloop
  endfacet
  facet normal -1 0 0
    outer loop
      vertex 73.01 3.72836 7.64805
      vertex 73.01 4.68135 7.55
      vertex 73.01 4.52664 7.21824
    endloop
  endfacet
  facet normal -1 0 0
    outer loop
      vertex 73.01 3.60222 7.27646
      vertex 73.01 4.52664 7.21824
      vertex 73.01 4.4319 6.86466
    endloop
  endfacet
  facet normal -1 0 0
    outer loop
      vertex 73.01 5.15015 8.10869
      vertex 73.01 4.37868 8.62132
      vertex 73.01 4.67372 8.88006
    endloop
  endfacet
  facet normal -1 0 0
    outer loop
      vertex 73.01 3.52567 6.89158
      vertex 73.01 4.4319 6.86466
      vertex 73.01 4.4 6.5
    endloop
  endfacet
  facet normal -1 -0 0
    outer loop
      vertex 73.01 4.68135 5.45
      vertex 73.01 3.72836 5.35195
      vertex 73.01 4.52664 5.78176
    endloop
  endfacet
  facet normal -1 0 0
    outer loop
      vertex 73.01 3.60222 5.72354
      vertex 73.01 4.52664 5.78176
      vertex 73.01 3.72836 5.35195
    endloop
  endfacet
  facet normal -1 0 0
    outer loop
      vertex 73.01 4.89131 7.84985
      vertex 73.01 4.11994 8.32628
      vertex 73.01 4.37868 8.62132
    endloop
  endfacet
  facet normal -1 -0 0
    outer loop
      vertex 73.01 4.52664 5.78176
      vertex 73.01 3.60222 5.72354
      vertex 73.01 4.4319 6.13534
    endloop
  endfacet
  facet normal -1 0 0
    outer loop
      vertex 73.01 4.68135 7.55
      vertex 73.01 3.90192 8
      vertex 73.01 4.11994 8.32628
    endloop
  endfacet
  facet normal -1 0 0
    outer loop
      vertex 73.01 3.52567 6.10842
      vertex 73.01 4.4319 6.13534
      vertex 73.01 3.60222 5.72354
    endloop
  endfacet
  facet normal -1 0 0
    outer loop
      vertex 73.01 4.68135 7.55
      vertex 73.01 3.72836 7.64805
      vertex 73.01 3.90192 8
    endloop
  endfacet
  facet normal -1 -0 0
    outer loop
      vertex 73.01 4.4319 6.13534
      vertex 73.01 3.52567 6.10842
      vertex 73.01 4.4 6.5
    endloop
  endfacet
  facet normal -1 0 0
    outer loop
      vertex 73.01 4.52664 7.21824
      vertex 73.01 3.60222 7.27646
      vertex 73.01 3.72836 7.64805
    endloop
  endfacet
  facet normal -1 0 0
    outer loop
      vertex 73.01 3.5 6.5
      vertex 73.01 4.4 6.5
      vertex 73.01 3.52567 6.10842
    endloop
  endfacet
  facet normal -1 0 0
    outer loop
      vertex 73.01 4.4319 6.86466
      vertex 73.01 3.52567 6.89158
      vertex 73.01 3.60222 7.27646
    endloop
  endfacet
  facet normal -1 0 0
    outer loop
      vertex 73.01 4.4 6.5
      vertex 73.01 3.5 6.5
      vertex 73.01 3.52567 6.89158
    endloop
  endfacet
  facet normal 0 0.442283 -0.896875
    outer loop
      vertex 70 5 9.09808
      vertex 73.01 5.35195 9.27164
      vertex 73.01 5 9.09808
    endloop
  endfacet
  facet normal 0 0.442283 -0.896875
    outer loop
      vertex 73.01 5.35195 9.27164
      vertex 70 5 9.09808
      vertex 70 5.35195 9.27164
    endloop
  endfacet
  facet normal 0 0.321444 -0.946928
    outer loop
      vertex 70 5.35195 9.27164
      vertex 73.01 5.72354 9.39778
      vertex 73.01 5.35195 9.27164
    endloop
  endfacet
  facet normal 0 0.321444 -0.946928
    outer loop
      vertex 73.01 5.72354 9.39778
      vertex 70 5.35195 9.27164
      vertex 70 5.72354 9.39778
    endloop
  endfacet
  facet normal -8.06034e-19 0.946928 0.321444
    outer loop
      vertex 73.01 3.72836 5.35195
      vertex 70 3.60222 5.72354
      vertex 73.01 3.60222 5.72354
    endloop
  endfacet
  facet normal -8.06034e-19 0.946928 0.321444
    outer loop
      vertex 70 3.60222 5.72354
      vertex 73.01 3.72836 5.35195
      vertex 70 3.72836 5.35195
    endloop
  endfacet
  facet normal 2.12836e-18 0.751844 0.659341
    outer loop
      vertex 73.01 4.37868 4.37868
      vertex 70 4.11994 4.67372
      vertex 73.01 4.11994 4.67372
    endloop
  endfacet
  facet normal 2.12836e-18 0.751844 0.659341
    outer loop
      vertex 70 4.11994 4.67372
      vertex 73.01 4.37868 4.37868
      vertex 70 4.37868 4.37868
    endloop
  endfacet
  facet normal -0 0.321444 0.946928
    outer loop
      vertex 70 5.72354 3.60222
      vertex 73.01 5.35195 3.72836
      vertex 73.01 5.72354 3.60222
    endloop
  endfacet
  facet normal 0 0.321444 0.946928
    outer loop
      vertex 73.01 5.35195 3.72836
      vertex 70 5.72354 3.60222
      vertex 70 5.35195 3.72836
    endloop
  endfacet
  facet normal -5.42131e-19 0.997858 -0.0654145
    outer loop
      vertex 73.01 3.5 6.5
      vertex 70 3.52567 6.89158
      vertex 73.01 3.52567 6.89158
    endloop
  endfacet
  facet normal -5.42131e-19 0.997858 -0.0654145
    outer loop
      vertex 70 3.52567 6.89158
      vertex 73.01 3.5 6.5
      vertex 70 3.5 6.5
    endloop
  endfacet
  facet normal 1.17462e-18 0.980789 -0.195072
    outer loop
      vertex 73.01 3.52567 6.89158
      vertex 70 3.60222 7.27646
      vertex 73.01 3.60222 7.27646
    endloop
  endfacet
  facet normal 1.17462e-18 0.980789 -0.195072
    outer loop
      vertex 70 3.60222 7.27646
      vertex 73.01 3.52567 6.89158
      vertex 70 3.52567 6.89158
    endloop
  endfacet
  facet normal 0 0.659341 -0.751844
    outer loop
      vertex 70 4.37868 8.62132
      vertex 73.01 4.67372 8.88006
      vertex 73.01 4.37868 8.62132
    endloop
  endfacet
  facet normal 0 0.659341 -0.751844
    outer loop
      vertex 73.01 4.67372 8.88006
      vertex 70 4.37868 8.62132
      vertex 70 4.67372 8.88006
    endloop
  endfacet
  facet normal 0 0.555582 -0.831462
    outer loop
      vertex 70 4.67372 8.88006
      vertex 73.01 5 9.09808
      vertex 73.01 4.67372 8.88006
    endloop
  endfacet
  facet normal 0 0.555582 -0.831462
    outer loop
      vertex 73.01 5 9.09808
      vertex 70 4.67372 8.88006
      vertex 70 5 9.09808
    endloop
  endfacet
  facet normal 0 0.195072 -0.980789
    outer loop
      vertex 70 5.72354 9.39778
      vertex 73.01 6.10842 9.47433
      vertex 73.01 5.72354 9.39778
    endloop
  endfacet
  facet normal 0 0.195072 -0.980789
    outer loop
      vertex 73.01 6.10842 9.47433
      vertex 70 5.72354 9.39778
      vertex 70 6.10842 9.47433
    endloop
  endfacet
  facet normal 0 0.0654145 -0.997858
    outer loop
      vertex 70 6.10842 9.47433
      vertex 73.01 6.5 9.5
      vertex 73.01 6.10842 9.47433
    endloop
  endfacet
  facet normal 0 0.0654145 -0.997858
    outer loop
      vertex 73.01 6.5 9.5
      vertex 70 6.10842 9.47433
      vertex 70 6.5 9.5
    endloop
  endfacet
  facet normal -2.30335e-18 0.896875 -0.442283
    outer loop
      vertex 73.01 3.72836 7.64805
      vertex 70 3.90192 8
      vertex 73.01 3.90192 8
    endloop
  endfacet
  facet normal -2.30335e-18 0.896875 -0.442283
    outer loop
      vertex 70 3.90192 8
      vertex 73.01 3.72836 7.64805
      vertex 70 3.72836 7.64805
    endloop
  endfacet
  facet normal -2.12836e-18 0.751844 -0.659341
    outer loop
      vertex 73.01 4.11994 8.32628
      vertex 70 4.37868 8.62132
      vertex 73.01 4.37868 8.62132
    endloop
  endfacet
  facet normal -2.12836e-18 0.751844 -0.659341
    outer loop
      vertex 70 4.37868 8.62132
      vertex 73.01 4.11994 8.32628
      vertex 70 4.11994 8.32628
    endloop
  endfacet
  facet normal -5.85735e-18 0.831462 -0.555582
    outer loop
      vertex 73.01 3.90192 8
      vertex 70 4.11994 8.32628
      vertex 73.01 4.11994 8.32628
    endloop
  endfacet
  facet normal -5.85735e-18 0.831462 -0.555582
    outer loop
      vertex 70 4.11994 8.32628
      vertex 73.01 3.90192 8
      vertex 70 3.90192 8
    endloop
  endfacet
  facet normal 0 -0.0654906 0.997853
    outer loop
      vertex 70 6.89158 35.5257
      vertex 73.01 6.5 35.5
      vertex 73.01 6.89158 35.5257
    endloop
  endfacet
  facet normal 0 -0.0654906 0.997853
    outer loop
      vertex 73.01 6.5 35.5
      vertex 70 6.89158 35.5257
      vertex 70 6.5 35.5
    endloop
  endfacet
  facet normal 0 -0.0654906 -0.997853
    outer loop
      vertex 70 6.5 41.5
      vertex 73.01 6.89158 41.4743
      vertex 73.01 6.5 41.5
    endloop
  endfacet
  facet normal -0 -0.0654906 -0.997853
    outer loop
      vertex 73.01 6.89158 41.4743
      vertex 70 6.5 41.5
      vertex 70 6.89158 41.4743
    endloop
  endfacet
  facet normal 4.58206e-19 0.997858 0.0654112
    outer loop
      vertex 73.01 3.52567 38.1084
      vertex 70 3.5 38.5
      vertex 73.01 3.5 38.5
    endloop
  endfacet
  facet normal 4.58206e-19 0.997858 0.0654112
    outer loop
      vertex 70 3.5 38.5
      vertex 73.01 3.52567 38.1084
      vertex 70 3.52567 38.1084
    endloop
  endfacet
  facet normal 1.39989e-18 -0.751799 -0.659392
    outer loop
      vertex 70 8.88006 40.3263
      vertex 73.01 8.62132 40.6213
      vertex 70 8.62132 40.6213
    endloop
  endfacet
  facet normal 1.39989e-18 -0.751799 -0.659392
    outer loop
      vertex 73.01 8.62132 40.6213
      vertex 70 8.88006 40.3263
      vertex 73.01 8.88006 40.3263
    endloop
  endfacet
  facet normal 2.09442e-18 -0.946905 -0.321514
    outer loop
      vertex 70 9.39778 39.2765
      vertex 73.01 9.27164 39.648
      vertex 70 9.27164 39.648
    endloop
  endfacet
  facet normal 2.09442e-18 -0.946905 -0.321514
    outer loop
      vertex 73.01 9.27164 39.648
      vertex 70 9.39778 39.2765
      vertex 73.01 9.39778 39.2765
    endloop
  endfacet
  facet normal -0 0.555547 0.831485
    outer loop
      vertex 70 5 35.9019
      vertex 73.01 4.67372 36.1199
      vertex 73.01 5 35.9019
    endloop
  endfacet
  facet normal 0 0.555547 0.831485
    outer loop
      vertex 73.01 4.67372 36.1199
      vertex 70 5 35.9019
      vertex 70 4.67372 36.1199
    endloop
  endfacet
  facet normal 0 -0.44216 0.896936
    outer loop
      vertex 70 8 35.9019
      vertex 73.01 7.64805 35.7284
      vertex 73.01 8 35.9019
    endloop
  endfacet
  facet normal 0 -0.44216 0.896936
    outer loop
      vertex 73.01 7.64805 35.7284
      vertex 70 8 35.9019
      vertex 70 7.64805 35.7284
    endloop
  endfacet
  facet normal 0 -0.19495 0.980813
    outer loop
      vertex 70 7.27646 35.6022
      vertex 73.01 6.89158 35.5257
      vertex 73.01 7.27646 35.6022
    endloop
  endfacet
  facet normal 0 -0.19495 0.980813
    outer loop
      vertex 73.01 6.89158 35.5257
      vertex 70 7.27646 35.6022
      vertex 70 6.89158 35.5257
    endloop
  endfacet
  facet normal 0 -0.555547 0.831485
    outer loop
      vertex 70 8.32628 36.1199
      vertex 73.01 8 35.9019
      vertex 73.01 8.32628 36.1199
    endloop
  endfacet
  facet normal 0 -0.555547 0.831485
    outer loop
      vertex 73.01 8 35.9019
      vertex 70 8.32628 36.1199
      vertex 70 8 35.9019
    endloop
  endfacet
  facet normal -2.09442e-18 -0.946905 0.321514
    outer loop
      vertex 70 9.27164 37.352
      vertex 73.01 9.39778 37.7235
      vertex 70 9.39778 37.7235
    endloop
  endfacet
  facet normal -2.09442e-18 -0.946905 0.321514
    outer loop
      vertex 73.01 9.39778 37.7235
      vertex 70 9.27164 37.352
      vertex 73.01 9.27164 37.352
    endloop
  endfacet
  facet normal 0 -0.44216 -0.896936
    outer loop
      vertex 70 7.64805 41.2716
      vertex 73.01 8 41.0981
      vertex 73.01 7.64805 41.2716
    endloop
  endfacet
  facet normal -0 -0.44216 -0.896936
    outer loop
      vertex 73.01 8 41.0981
      vertex 70 7.64805 41.2716
      vertex 70 8 41.0981
    endloop
  endfacet
  facet normal 0 -0.555547 -0.831485
    outer loop
      vertex 70 8 41.0981
      vertex 73.01 8.32628 40.8801
      vertex 73.01 8 41.0981
    endloop
  endfacet
  facet normal -0 -0.555547 -0.831485
    outer loop
      vertex 73.01 8.32628 40.8801
      vertex 70 8 41.0981
      vertex 70 8.32628 40.8801
    endloop
  endfacet
  facet normal 0 -0.321582 -0.946882
    outer loop
      vertex 70 7.27646 41.3978
      vertex 73.01 7.64805 41.2716
      vertex 73.01 7.27646 41.3978
    endloop
  endfacet
  facet normal -0 -0.321582 -0.946882
    outer loop
      vertex 73.01 7.64805 41.2716
      vertex 70 7.27646 41.3978
      vertex 70 7.64805 41.2716
    endloop
  endfacet
  facet normal -6.28115e-19 -0.8969 -0.442233
    outer loop
      vertex 70 9.27164 39.648
      vertex 73.01 9.09808 40
      vertex 70 9.09808 40
    endloop
  endfacet
  facet normal -6.28115e-19 -0.8969 -0.442233
    outer loop
      vertex 73.01 9.09808 40
      vertex 70 9.27164 39.648
      vertex 73.01 9.27164 39.648
    endloop
  endfacet
  facet normal 1.43988e-18 -0.980791 -0.195062
    outer loop
      vertex 70 9.47433 38.8916
      vertex 73.01 9.39778 39.2765
      vertex 70 9.39778 39.2765
    endloop
  endfacet
  facet normal 1.43988e-18 -0.980791 -0.195062
    outer loop
      vertex 73.01 9.39778 39.2765
      vertex 70 9.47433 38.8916
      vertex 73.01 9.47433 38.8916
    endloop
  endfacet
  facet normal -1.30507e-19 0.980791 0.195062
    outer loop
      vertex 73.01 3.60222 37.7235
      vertex 70 3.52567 38.1084
      vertex 73.01 3.52567 38.1084
    endloop
  endfacet
  facet normal -1.30507e-19 0.980791 0.195062
    outer loop
      vertex 70 3.52567 38.1084
      vertex 73.01 3.60222 37.7235
      vertex 70 3.60222 37.7235
    endloop
  endfacet
  facet normal 0 -0.321582 0.946882
    outer loop
      vertex 70 7.64805 35.7284
      vertex 73.01 7.27646 35.6022
      vertex 73.01 7.64805 35.7284
    endloop
  endfacet
  facet normal 0 -0.321582 0.946882
    outer loop
      vertex 73.01 7.27646 35.6022
      vertex 70 7.64805 35.7284
      vertex 70 7.27646 35.6022
    endloop
  endfacet
  facet normal 0 -0.659428 0.751768
    outer loop
      vertex 70 8.62132 36.3787
      vertex 73.01 8.32628 36.1199
      vertex 73.01 8.62132 36.3787
    endloop
  endfacet
  facet normal 0 -0.659428 0.751768
    outer loop
      vertex 73.01 8.32628 36.1199
      vertex 70 8.62132 36.3787
      vertex 70 8.32628 36.1199
    endloop
  endfacet
  facet normal -1.43988e-18 -0.980791 0.195062
    outer loop
      vertex 70 9.39778 37.7235
      vertex 73.01 9.47433 38.1084
      vertex 70 9.47433 38.1084
    endloop
  endfacet
  facet normal -1.43988e-18 -0.980791 0.195062
    outer loop
      vertex 73.01 9.47433 38.1084
      vertex 70 9.39778 37.7235
      vertex 73.01 9.39778 37.7235
    endloop
  endfacet
  facet normal 6.28115e-19 -0.8969 0.442233
    outer loop
      vertex 70 9.09808 37
      vertex 73.01 9.27164 37.352
      vertex 70 9.27164 37.352
    endloop
  endfacet
  facet normal 6.28115e-19 -0.8969 0.442233
    outer loop
      vertex 73.01 9.27164 37.352
      vertex 70 9.09808 37
      vertex 73.01 9.09808 37
    endloop
  endfacet
  facet normal -1.39989e-18 -0.751799 0.659392
    outer loop
      vertex 70 8.62132 36.3787
      vertex 73.01 8.88006 36.6737
      vertex 70 8.88006 36.6737
    endloop
  endfacet
  facet normal -1.39989e-18 -0.751799 0.659392
    outer loop
      vertex 73.01 8.88006 36.6737
      vertex 70 8.62132 36.3787
      vertex 73.01 8.62132 36.3787
    endloop
  endfacet
  facet normal 0 -0.19495 -0.980813
    outer loop
      vertex 70 6.89158 41.4743
      vertex 73.01 7.27646 41.3978
      vertex 73.01 6.89158 41.4743
    endloop
  endfacet
  facet normal -0 -0.19495 -0.980813
    outer loop
      vertex 73.01 7.27646 41.3978
      vertex 70 6.89158 41.4743
      vertex 70 7.27646 41.3978
    endloop
  endfacet
  facet normal 4.58206e-19 -0.997858 -0.0654112
    outer loop
      vertex 70 9.5 38.5
      vertex 73.01 9.47433 38.8916
      vertex 70 9.47433 38.8916
    endloop
  endfacet
  facet normal 4.58206e-19 -0.997858 -0.0654112
    outer loop
      vertex 73.01 9.47433 38.8916
      vertex 70 9.5 38.5
      vertex 73.01 9.5 38.5
    endloop
  endfacet
  facet normal -0 0.0654906 0.997853
    outer loop
      vertex 70 6.5 35.5
      vertex 73.01 6.10842 35.5257
      vertex 73.01 6.5 35.5
    endloop
  endfacet
  facet normal 0 0.0654906 0.997853
    outer loop
      vertex 73.01 6.10842 35.5257
      vertex 70 6.5 35.5
      vertex 70 6.10842 35.5257
    endloop
  endfacet
  facet normal -0 0.19495 0.980813
    outer loop
      vertex 70 6.10842 35.5257
      vertex 73.01 5.72354 35.6022
      vertex 73.01 6.10842 35.5257
    endloop
  endfacet
  facet normal 0 0.19495 0.980813
    outer loop
      vertex 73.01 5.72354 35.6022
      vertex 70 6.10842 35.5257
      vertex 70 5.72354 35.6022
    endloop
  endfacet
  facet normal -0 0.659428 0.751768
    outer loop
      vertex 70 4.67372 36.1199
      vertex 73.01 4.37868 36.3787
      vertex 73.01 4.67372 36.1199
    endloop
  endfacet
  facet normal 0 0.659428 0.751768
    outer loop
      vertex 73.01 4.37868 36.3787
      vertex 70 4.67372 36.1199
      vertex 70 4.37868 36.3787
    endloop
  endfacet
  facet normal -7.77518e-19 0.946905 -0.321514
    outer loop
      vertex 73.01 3.60222 39.2765
      vertex 70 3.72836 39.648
      vertex 73.01 3.72836 39.648
    endloop
  endfacet
  facet normal -7.77518e-19 0.946905 -0.321514
    outer loop
      vertex 70 3.72836 39.648
      vertex 73.01 3.60222 39.2765
      vertex 70 3.60222 39.2765
    endloop
  endfacet
  facet normal -6.28115e-19 0.8969 0.442233
    outer loop
      vertex 73.01 3.90192 37
      vertex 70 3.72836 37.352
      vertex 73.01 3.72836 37.352
    endloop
  endfacet
  facet normal -6.28115e-19 0.8969 0.442233
    outer loop
      vertex 70 3.72836 37.352
      vertex 73.01 3.90192 37
      vertex 70 3.90192 37
    endloop
  endfacet
  facet normal -4.58206e-19 -0.997858 0.0654112
    outer loop
      vertex 70 9.47433 38.1084
      vertex 73.01 9.5 38.5
      vertex 70 9.5 38.5
    endloop
  endfacet
  facet normal -4.58206e-19 -0.997858 0.0654112
    outer loop
      vertex 73.01 9.5 38.5
      vertex 70 9.47433 38.1084
      vertex 73.01 9.47433 38.1084
    endloop
  endfacet
  facet normal 5.22034e-19 -0.831477 0.555558
    outer loop
      vertex 70 8.88006 36.6737
      vertex 73.01 9.09808 37
      vertex 70 9.09808 37
    endloop
  endfacet
  facet normal 5.22034e-19 -0.831477 0.555558
    outer loop
      vertex 73.01 9.09808 37
      vertex 70 8.88006 36.6737
      vertex 73.01 8.88006 36.6737
    endloop
  endfacet
  facet normal 0 -0.659428 -0.751768
    outer loop
      vertex 70 8.32628 40.8801
      vertex 73.01 8.62132 40.6213
      vertex 73.01 8.32628 40.8801
    endloop
  endfacet
  facet normal -0 -0.659428 -0.751768
    outer loop
      vertex 73.01 8.62132 40.6213
      vertex 70 8.32628 40.8801
      vertex 70 8.62132 40.6213
    endloop
  endfacet
  facet normal -5.22034e-19 -0.831477 -0.555558
    outer loop
      vertex 70 9.09808 40
      vertex 73.01 8.88006 40.3263
      vertex 70 8.88006 40.3263
    endloop
  endfacet
  facet normal -5.22034e-19 -0.831477 -0.555558
    outer loop
      vertex 73.01 8.88006 40.3263
      vertex 70 9.09808 40
      vertex 73.01 9.09808 40
    endloop
  endfacet
  facet normal -0 0.321582 0.946882
    outer loop
      vertex 70 5.72354 35.6022
      vertex 73.01 5.35195 35.7284
      vertex 73.01 5.72354 35.6022
    endloop
  endfacet
  facet normal 0 0.321582 0.946882
    outer loop
      vertex 73.01 5.35195 35.7284
      vertex 70 5.72354 35.6022
      vertex 70 5.35195 35.7284
    endloop
  endfacet
  facet normal 4.66962e-18 0.831477 0.555558
    outer loop
      vertex 73.01 4.11994 36.6737
      vertex 70 3.90192 37
      vertex 73.01 3.90192 37
    endloop
  endfacet
  facet normal 4.66962e-18 0.831477 0.555558
    outer loop
      vertex 70 3.90192 37
      vertex 73.01 4.11994 36.6737
      vertex 70 4.11994 36.6737
    endloop
  endfacet
  facet normal -0 0.44216 0.896936
    outer loop
      vertex 70 5.35195 35.7284
      vertex 73.01 5 35.9019
      vertex 73.01 5.35195 35.7284
    endloop
  endfacet
  facet normal 0 0.44216 0.896936
    outer loop
      vertex 73.01 5 35.9019
      vertex 70 5.35195 35.7284
      vertex 70 5 35.9019
    endloop
  endfacet
  facet normal -1 0 0
    outer loop
      vertex 73.01 8.6 38.5
      vertex 73.01 9.5 38.5
      vertex 73.01 9.47433 38.1084
    endloop
  endfacet
  facet normal -1 0 0
    outer loop
      vertex 73.01 8.5681 38.1353
      vertex 73.01 9.47433 38.1084
      vertex 73.01 9.39778 37.7235
    endloop
  endfacet
  facet normal -1 0 0
    outer loop
      vertex 73.01 9.5 38.5
      vertex 73.01 8.6 38.5
      vertex 73.01 9.47433 38.8916
    endloop
  endfacet
  facet normal -1 0 0
    outer loop
      vertex 73.01 8.47335 37.7818
      vertex 73.01 9.39778 37.7235
      vertex 73.01 9.27164 37.352
    endloop
  endfacet
  facet normal -1 0 0
    outer loop
      vertex 73.01 8.5681 38.8647
      vertex 73.01 9.47433 38.8916
      vertex 73.01 8.6 38.5
    endloop
  endfacet
  facet normal -1 0 0
    outer loop
      vertex 73.01 8.31865 37.45
      vertex 73.01 9.27164 37.352
      vertex 73.01 9.09808 37
    endloop
  endfacet
  facet normal -1 -0 0
    outer loop
      vertex 73.01 9.47433 38.8916
      vertex 73.01 8.5681 38.8647
      vertex 73.01 9.39778 39.2765
    endloop
  endfacet
  facet normal -1 0 0
    outer loop
      vertex 73.01 8.31865 37.45
      vertex 73.01 9.09808 37
      vertex 73.01 8.88006 36.6737
    endloop
  endfacet
  facet normal -1 0 0
    outer loop
      vertex 73.01 8.47335 39.2182
      vertex 73.01 9.39778 39.2765
      vertex 73.01 8.5681 38.8647
    endloop
  endfacet
  facet normal -1 0 0
    outer loop
      vertex 73.01 8.10869 37.1501
      vertex 73.01 8.88006 36.6737
      vertex 73.01 8.62132 36.3787
    endloop
  endfacet
  facet normal -1 -0 0
    outer loop
      vertex 73.01 9.39778 39.2765
      vertex 73.01 8.47335 39.2182
      vertex 73.01 9.27164 39.648
    endloop
  endfacet
  facet normal -1 0 0
    outer loop
      vertex 73.01 8.31865 39.55
      vertex 73.01 9.27164 39.648
      vertex 73.01 8.47335 39.2182
    endloop
  endfacet
  facet normal -1 0 0
    outer loop
      vertex 73.01 9.47433 38.1084
      vertex 73.01 8.5681 38.1353
      vertex 73.01 8.6 38.5
    endloop
  endfacet
  facet normal -1 0 0
    outer loop
      vertex 73.01 9.39778 37.7235
      vertex 73.01 8.47335 37.7818
      vertex 73.01 8.5681 38.1353
    endloop
  endfacet
  facet normal -1 0 0
    outer loop
      vertex 73.01 7.84985 36.8913
      vertex 73.01 8.62132 36.3787
      vertex 73.01 8.32628 36.1199
    endloop
  endfacet
  facet normal -1 0 0
    outer loop
      vertex 73.01 9.27164 37.352
      vertex 73.01 8.31865 37.45
      vertex 73.01 8.47335 37.7818
    endloop
  endfacet
  facet normal -1 0 0
    outer loop
      vertex 73.01 8.88006 36.6737
      vertex 73.01 8.10869 37.1501
      vertex 73.01 8.31865 37.45
    endloop
  endfacet
  facet normal -1 0 0
    outer loop
      vertex 73.01 7.55 36.6813
      vertex 73.01 8.32628 36.1199
      vertex 73.01 8 35.9019
    endloop
  endfacet
  facet normal -1 0 0
    outer loop
      vertex 73.01 8.62132 36.3787
      vertex 73.01 7.84985 36.8913
      vertex 73.01 8.10869 37.1501
    endloop
  endfacet
  facet normal -1 0 0
    outer loop
      vertex 73.01 7.55 36.6813
      vertex 73.01 8 35.9019
      vertex 73.01 7.64805 35.7284
    endloop
  endfacet
  facet normal -1 0 0
    outer loop
      vertex 73.01 8.32628 36.1199
      vertex 73.01 7.55 36.6813
      vertex 73.01 7.84985 36.8913
    endloop
  endfacet
  facet normal -1 0 0
    outer loop
      vertex 73.01 7.21824 36.5266
      vertex 73.01 7.64805 35.7284
      vertex 73.01 7.27646 35.6022
    endloop
  endfacet
  facet normal -1 0 0
    outer loop
      vertex 73.01 7.64805 35.7284
      vertex 73.01 7.21824 36.5266
      vertex 73.01 7.55 36.6813
    endloop
  endfacet
  facet normal -1 0 0
    outer loop
      vertex 73.01 6.86466 36.4319
      vertex 73.01 7.27646 35.6022
      vertex 73.01 6.89158 35.5257
    endloop
  endfacet
  facet normal -1 0 0
    outer loop
      vertex 73.01 7.27646 35.6022
      vertex 73.01 6.86466 36.4319
      vertex 73.01 7.21824 36.5266
    endloop
  endfacet
  facet normal -1 0 0
    outer loop
      vertex 73.01 6.5 36.4
      vertex 73.01 6.89158 35.5257
      vertex 73.01 6.5 35.5
    endloop
  endfacet
  facet normal -1 0 0
    outer loop
      vertex 73.01 6.89158 35.5257
      vertex 73.01 6.5 36.4
      vertex 73.01 6.86466 36.4319
    endloop
  endfacet
  facet normal -1 0 0
    outer loop
      vertex 73.01 6.10842 35.5257
      vertex 73.01 6.5 36.4
      vertex 73.01 6.5 35.5
    endloop
  endfacet
  facet normal -1 -0 0
    outer loop
      vertex 73.01 6.5 36.4
      vertex 73.01 6.10842 35.5257
      vertex 73.01 6.13534 36.4319
    endloop
  endfacet
  facet normal -1 0 0
    outer loop
      vertex 73.01 5.72354 35.6022
      vertex 73.01 6.13534 36.4319
      vertex 73.01 6.10842 35.5257
    endloop
  endfacet
  facet normal -1 -0 0
    outer loop
      vertex 73.01 6.13534 36.4319
      vertex 73.01 5.72354 35.6022
      vertex 73.01 5.78176 36.5266
    endloop
  endfacet
  facet normal -1 0 0
    outer loop
      vertex 73.01 5.35195 35.7284
      vertex 73.01 5.78176 36.5266
      vertex 73.01 5.72354 35.6022
    endloop
  endfacet
  facet normal -1 -0 0
    outer loop
      vertex 73.01 5.78176 36.5266
      vertex 73.01 5.35195 35.7284
      vertex 73.01 5.45 36.6813
    endloop
  endfacet
  facet normal -1 0 0
    outer loop
      vertex 73.01 5 35.9019
      vertex 73.01 5.45 36.6813
      vertex 73.01 5.35195 35.7284
    endloop
  endfacet
  facet normal -1 0 0
    outer loop
      vertex 73.01 4.67372 36.1199
      vertex 73.01 5.45 36.6813
      vertex 73.01 5 35.9019
    endloop
  endfacet
  facet normal -1 -0 0
    outer loop
      vertex 73.01 5.45 36.6813
      vertex 73.01 4.67372 36.1199
      vertex 73.01 5.15015 36.8913
    endloop
  endfacet
  facet normal -1 0 0
    outer loop
      vertex 73.01 4.37868 36.3787
      vertex 73.01 5.15015 36.8913
      vertex 73.01 4.67372 36.1199
    endloop
  endfacet
  facet normal -1 -0 0
    outer loop
      vertex 73.01 5.15015 36.8913
      vertex 73.01 4.37868 36.3787
      vertex 73.01 4.89131 37.1501
    endloop
  endfacet
  facet normal -1 0 0
    outer loop
      vertex 73.01 4.11994 36.6737
      vertex 73.01 4.89131 37.1501
      vertex 73.01 4.37868 36.3787
    endloop
  endfacet
  facet normal -1 -0 0
    outer loop
      vertex 73.01 4.89131 37.1501
      vertex 73.01 4.11994 36.6737
      vertex 73.01 4.68135 37.45
    endloop
  endfacet
  facet normal -1 0 0
    outer loop
      vertex 73.01 3.72836 37.352
      vertex 73.01 4.68135 37.45
      vertex 73.01 3.90192 37
    endloop
  endfacet
  facet normal -1 0 0
    outer loop
      vertex 73.01 3.90192 37
      vertex 73.01 4.68135 37.45
      vertex 73.01 4.11994 36.6737
    endloop
  endfacet
  facet normal -1 -0 0
    outer loop
      vertex 73.01 9.27164 39.648
      vertex 73.01 8.31865 39.55
      vertex 73.01 9.09808 40
    endloop
  endfacet
  facet normal -1 -0 0
    outer loop
      vertex 73.01 9.09808 40
      vertex 73.01 8.31865 39.55
      vertex 73.01 8.88006 40.3263
    endloop
  endfacet
  facet normal -1 0 0
    outer loop
      vertex 73.01 8.10869 39.8499
      vertex 73.01 8.88006 40.3263
      vertex 73.01 8.31865 39.55
    endloop
  endfacet
  facet normal -1 -0 0
    outer loop
      vertex 73.01 8.88006 40.3263
      vertex 73.01 8.10869 39.8499
      vertex 73.01 8.62132 40.6213
    endloop
  endfacet
  facet normal -1 0 0
    outer loop
      vertex 73.01 7.84985 40.1087
      vertex 73.01 8.62132 40.6213
      vertex 73.01 8.10869 39.8499
    endloop
  endfacet
  facet normal -1 -0 0
    outer loop
      vertex 73.01 8.62132 40.6213
      vertex 73.01 7.84985 40.1087
      vertex 73.01 8.32628 40.8801
    endloop
  endfacet
  facet normal -1 0 0
    outer loop
      vertex 73.01 7.55 40.3187
      vertex 73.01 8.32628 40.8801
      vertex 73.01 7.84985 40.1087
    endloop
  endfacet
  facet normal -1 -0 0
    outer loop
      vertex 73.01 8.32628 40.8801
      vertex 73.01 7.55 40.3187
      vertex 73.01 8 41.0981
    endloop
  endfacet
  facet normal -1 -0 0
    outer loop
      vertex 73.01 8 41.0981
      vertex 73.01 7.55 40.3187
      vertex 73.01 7.64805 41.2716
    endloop
  endfacet
  facet normal -1 0 0
    outer loop
      vertex 73.01 7.21824 40.4734
      vertex 73.01 7.64805 41.2716
      vertex 73.01 7.55 40.3187
    endloop
  endfacet
  facet normal -1 -0 0
    outer loop
      vertex 73.01 7.64805 41.2716
      vertex 73.01 7.21824 40.4734
      vertex 73.01 7.27646 41.3978
    endloop
  endfacet
  facet normal -1 0 0
    outer loop
      vertex 73.01 6.86466 40.5681
      vertex 73.01 7.27646 41.3978
      vertex 73.01 7.21824 40.4734
    endloop
  endfacet
  facet normal -1 -0 0
    outer loop
      vertex 73.01 7.27646 41.3978
      vertex 73.01 6.86466 40.5681
      vertex 73.01 6.89158 41.4743
    endloop
  endfacet
  facet normal -1 0 0
    outer loop
      vertex 73.01 6.5 40.6
      vertex 73.01 6.89158 41.4743
      vertex 73.01 6.86466 40.5681
    endloop
  endfacet
  facet normal -1 0 0
    outer loop
      vertex 73.01 6.5 40.6
      vertex 73.01 6.5 41.5
      vertex 73.01 6.89158 41.4743
    endloop
  endfacet
  facet normal -1 0 0
    outer loop
      vertex 73.01 6.10842 41.4743
      vertex 73.01 6.5 40.6
      vertex 73.01 6.13534 40.5681
    endloop
  endfacet
  facet normal -1 0 0
    outer loop
      vertex 73.01 6.5 40.6
      vertex 73.01 6.10842 41.4743
      vertex 73.01 6.5 41.5
    endloop
  endfacet
  facet normal -1 0 0
    outer loop
      vertex 73.01 5.72354 41.3978
      vertex 73.01 6.13534 40.5681
      vertex 73.01 5.78176 40.4734
    endloop
  endfacet
  facet normal -1 0 0
    outer loop
      vertex 73.01 6.13534 40.5681
      vertex 73.01 5.72354 41.3978
      vertex 73.01 6.10842 41.4743
    endloop
  endfacet
  facet normal -1 0 0
    outer loop
      vertex 73.01 5.35195 41.2716
      vertex 73.01 5.78176 40.4734
      vertex 73.01 5.45 40.3187
    endloop
  endfacet
  facet normal -1 0 0
    outer loop
      vertex 73.01 5.78176 40.4734
      vertex 73.01 5.35195 41.2716
      vertex 73.01 5.72354 41.3978
    endloop
  endfacet
  facet normal -1 0 0
    outer loop
      vertex 73.01 4.67372 40.8801
      vertex 73.01 5.45 40.3187
      vertex 73.01 5.15015 40.1087
    endloop
  endfacet
  facet normal -1 0 0
    outer loop
      vertex 73.01 5.45 40.3187
      vertex 73.01 5 41.0981
      vertex 73.01 5.35195 41.2716
    endloop
  endfacet
  facet normal -1 0 0
    outer loop
      vertex 73.01 4.37868 40.6213
      vertex 73.01 5.15015 40.1087
      vertex 73.01 4.89131 39.8499
    endloop
  endfacet
  facet normal -1 0 0
    outer loop
      vertex 73.01 4.11994 40.3263
      vertex 73.01 4.89131 39.8499
      vertex 73.01 4.68135 39.55
    endloop
  endfacet
  facet normal -1 0 0
    outer loop
      vertex 73.01 5.45 40.3187
      vertex 73.01 4.67372 40.8801
      vertex 73.01 5 41.0981
    endloop
  endfacet
  facet normal -1 0 0
    outer loop
      vertex 73.01 3.72836 39.648
      vertex 73.01 4.68135 39.55
      vertex 73.01 4.52664 39.2182
    endloop
  endfacet
  facet normal -1 0 0
    outer loop
      vertex 73.01 3.60222 39.2765
      vertex 73.01 4.52664 39.2182
      vertex 73.01 4.4319 38.8647
    endloop
  endfacet
  facet normal -1 0 0
    outer loop
      vertex 73.01 5.15015 40.1087
      vertex 73.01 4.37868 40.6213
      vertex 73.01 4.67372 40.8801
    endloop
  endfacet
  facet normal -1 0 0
    outer loop
      vertex 73.01 3.52567 38.8916
      vertex 73.01 4.4319 38.8647
      vertex 73.01 4.4 38.5
    endloop
  endfacet
  facet normal -1 -0 0
    outer loop
      vertex 73.01 4.68135 37.45
      vertex 73.01 3.72836 37.352
      vertex 73.01 4.52664 37.7818
    endloop
  endfacet
  facet normal -1 0 0
    outer loop
      vertex 73.01 3.60222 37.7235
      vertex 73.01 4.52664 37.7818
      vertex 73.01 3.72836 37.352
    endloop
  endfacet
  facet normal -1 0 0
    outer loop
      vertex 73.01 4.89131 39.8499
      vertex 73.01 4.11994 40.3263
      vertex 73.01 4.37868 40.6213
    endloop
  endfacet
  facet normal -1 -0 0
    outer loop
      vertex 73.01 4.52664 37.7818
      vertex 73.01 3.60222 37.7235
      vertex 73.01 4.4319 38.1353
    endloop
  endfacet
  facet normal -1 0 0
    outer loop
      vertex 73.01 4.68135 39.55
      vertex 73.01 3.90192 40
      vertex 73.01 4.11994 40.3263
    endloop
  endfacet
  facet normal -1 0 0
    outer loop
      vertex 73.01 3.52567 38.1084
      vertex 73.01 4.4319 38.1353
      vertex 73.01 3.60222 37.7235
    endloop
  endfacet
  facet normal -1 0 0
    outer loop
      vertex 73.01 4.68135 39.55
      vertex 73.01 3.72836 39.648
      vertex 73.01 3.90192 40
    endloop
  endfacet
  facet normal -1 -0 0
    outer loop
      vertex 73.01 4.4319 38.1353
      vertex 73.01 3.52567 38.1084
      vertex 73.01 4.4 38.5
    endloop
  endfacet
  facet normal -1 0 0
    outer loop
      vertex 73.01 4.52664 39.2182
      vertex 73.01 3.60222 39.2765
      vertex 73.01 3.72836 39.648
    endloop
  endfacet
  facet normal -1 0 0
    outer loop
      vertex 73.01 3.5 38.5
      vertex 73.01 4.4 38.5
      vertex 73.01 3.52567 38.1084
    endloop
  endfacet
  facet normal -1 0 0
    outer loop
      vertex 73.01 4.4319 38.8647
      vertex 73.01 3.52567 38.8916
      vertex 73.01 3.60222 39.2765
    endloop
  endfacet
  facet normal -1 0 0
    outer loop
      vertex 73.01 4.4 38.5
      vertex 73.01 3.5 38.5
      vertex 73.01 3.52567 38.8916
    endloop
  endfacet
  facet normal 0 0.44216 -0.896936
    outer loop
      vertex 70 5 41.0981
      vertex 73.01 5.35195 41.2716
      vertex 73.01 5 41.0981
    endloop
  endfacet
  facet normal 0 0.44216 -0.896936
    outer loop
      vertex 73.01 5.35195 41.2716
      vertex 70 5 41.0981
      vertex 70 5.35195 41.2716
    endloop
  endfacet
  facet normal 0 0.321582 -0.946882
    outer loop
      vertex 70 5.35195 41.2716
      vertex 73.01 5.72354 41.3978
      vertex 73.01 5.35195 41.2716
    endloop
  endfacet
  facet normal 0 0.321582 -0.946882
    outer loop
      vertex 73.01 5.72354 41.3978
      vertex 70 5.35195 41.2716
      vertex 70 5.72354 41.3978
    endloop
  endfacet
  facet normal 7.77518e-19 0.946905 0.321514
    outer loop
      vertex 73.01 3.72836 37.352
      vertex 70 3.60222 37.7235
      vertex 73.01 3.60222 37.7235
    endloop
  endfacet
  facet normal 7.77518e-19 0.946905 0.321514
    outer loop
      vertex 70 3.60222 37.7235
      vertex 73.01 3.72836 37.352
      vertex 70 3.72836 37.352
    endloop
  endfacet
  facet normal -1.14745e-20 0.751799 0.659392
    outer loop
      vertex 73.01 4.37868 36.3787
      vertex 70 4.11994 36.6737
      vertex 73.01 4.11994 36.6737
    endloop
  endfacet
  facet normal -1.14745e-20 0.751799 0.659392
    outer loop
      vertex 70 4.11994 36.6737
      vertex 73.01 4.37868 36.3787
      vertex 70 4.37868 36.3787
    endloop
  endfacet
  facet normal -4.58206e-19 0.997858 -0.0654112
    outer loop
      vertex 73.01 3.5 38.5
      vertex 70 3.52567 38.8916
      vertex 73.01 3.52567 38.8916
    endloop
  endfacet
  facet normal -4.58206e-19 0.997858 -0.0654112
    outer loop
      vertex 70 3.52567 38.8916
      vertex 73.01 3.5 38.5
      vertex 70 3.5 38.5
    endloop
  endfacet
  facet normal 1.30507e-19 0.980791 -0.195062
    outer loop
      vertex 73.01 3.52567 38.8916
      vertex 70 3.60222 39.2765
      vertex 73.01 3.60222 39.2765
    endloop
  endfacet
  facet normal 1.30507e-19 0.980791 -0.195062
    outer loop
      vertex 70 3.60222 39.2765
      vertex 73.01 3.52567 38.8916
      vertex 70 3.52567 38.8916
    endloop
  endfacet
  facet normal 0 0.659428 -0.751768
    outer loop
      vertex 70 4.37868 40.6213
      vertex 73.01 4.67372 40.8801
      vertex 73.01 4.37868 40.6213
    endloop
  endfacet
  facet normal 0 0.659428 -0.751768
    outer loop
      vertex 73.01 4.67372 40.8801
      vertex 70 4.37868 40.6213
      vertex 70 4.67372 40.8801
    endloop
  endfacet
  facet normal 0 0.555547 -0.831485
    outer loop
      vertex 70 4.67372 40.8801
      vertex 73.01 5 41.0981
      vertex 73.01 4.67372 40.8801
    endloop
  endfacet
  facet normal 0 0.555547 -0.831485
    outer loop
      vertex 73.01 5 41.0981
      vertex 70 4.67372 40.8801
      vertex 70 5 41.0981
    endloop
  endfacet
  facet normal 0 0.19495 -0.980813
    outer loop
      vertex 70 5.72354 41.3978
      vertex 73.01 6.10842 41.4743
      vertex 73.01 5.72354 41.3978
    endloop
  endfacet
  facet normal 0 0.19495 -0.980813
    outer loop
      vertex 73.01 6.10842 41.4743
      vertex 70 5.72354 41.3978
      vertex 70 6.10842 41.4743
    endloop
  endfacet
  facet normal 0 0.0654906 -0.997853
    outer loop
      vertex 70 6.10842 41.4743
      vertex 73.01 6.5 41.5
      vertex 73.01 6.10842 41.4743
    endloop
  endfacet
  facet normal 0 0.0654906 -0.997853
    outer loop
      vertex 73.01 6.5 41.5
      vertex 70 6.10842 41.4743
      vertex 70 6.5 41.5
    endloop
  endfacet
  facet normal 6.28115e-19 0.8969 -0.442233
    outer loop
      vertex 73.01 3.72836 39.648
      vertex 70 3.90192 40
      vertex 73.01 3.90192 40
    endloop
  endfacet
  facet normal 6.28115e-19 0.8969 -0.442233
    outer loop
      vertex 70 3.90192 40
      vertex 73.01 3.72836 39.648
      vertex 70 3.72836 39.648
    endloop
  endfacet
  facet normal 1.14745e-20 0.751799 -0.659392
    outer loop
      vertex 73.01 4.11994 40.3263
      vertex 70 4.37868 40.6213
      vertex 73.01 4.37868 40.6213
    endloop
  endfacet
  facet normal 1.14745e-20 0.751799 -0.659392
    outer loop
      vertex 70 4.37868 40.6213
      vertex 73.01 4.11994 40.3263
      vertex 70 4.11994 40.3263
    endloop
  endfacet
  facet normal -4.66962e-18 0.831477 -0.555558
    outer loop
      vertex 73.01 3.90192 40
      vertex 70 4.11994 40.3263
      vertex 73.01 4.11994 40.3263
    endloop
  endfacet
  facet normal -4.66962e-18 0.831477 -0.555558
    outer loop
      vertex 70 4.11994 40.3263
      vertex 73.01 3.90192 40
      vertex 70 3.90192 40
    endloop
  endfacet
  facet normal 0 -0.321514 -0.946905
    outer loop
      vertex 70 39.2765 9.39778
      vertex 73.01 39.648 9.27164
      vertex 73.01 39.2765 9.39778
    endloop
  endfacet
  facet normal -0 -0.321514 -0.946905
    outer loop
      vertex 73.01 39.648 9.27164
      vertex 70 39.2765 9.39778
      vertex 70 39.648 9.27164
    endloop
  endfacet
  facet normal 0 -0.555558 0.831477
    outer loop
      vertex 70 40.3263 4.11994
      vertex 73.01 40 3.90192
      vertex 73.01 40.3263 4.11994
    endloop
  endfacet
  facet normal 0 -0.555558 0.831477
    outer loop
      vertex 73.01 40 3.90192
      vertex 70 40.3263 4.11994
      vertex 70 40 3.90192
    endloop
  endfacet
  facet normal 7.51496e-19 -0.946882 0.321582
    outer loop
      vertex 70 41.2716 5.35195
      vertex 73.01 41.3978 5.72354
      vertex 70 41.3978 5.72354
    endloop
  endfacet
  facet normal 7.51496e-19 -0.946882 0.321582
    outer loop
      vertex 73.01 41.3978 5.72354
      vertex 70 41.2716 5.35195
      vertex 73.01 41.2716 5.35195
    endloop
  endfacet
  facet normal -7.51496e-19 -0.946882 -0.321582
    outer loop
      vertex 70 41.3978 7.27646
      vertex 73.01 41.2716 7.64805
      vertex 70 41.2716 7.64805
    endloop
  endfacet
  facet normal -7.51496e-19 -0.946882 -0.321582
    outer loop
      vertex 73.01 41.2716 7.64805
      vertex 70 41.3978 7.27646
      vertex 73.01 41.3978 7.27646
    endloop
  endfacet
  facet normal 0 -0.442233 -0.8969
    outer loop
      vertex 70 39.648 9.27164
      vertex 73.01 40 9.09808
      vertex 73.01 39.648 9.27164
    endloop
  endfacet
  facet normal -0 -0.442233 -0.8969
    outer loop
      vertex 73.01 40 9.09808
      vertex 70 39.648 9.27164
      vertex 70 40 9.09808
    endloop
  endfacet
  facet normal 0 -0.195062 0.980791
    outer loop
      vertex 70 39.2765 3.60222
      vertex 73.01 38.8916 3.52567
      vertex 73.01 39.2765 3.60222
    endloop
  endfacet
  facet normal 0 -0.195062 0.980791
    outer loop
      vertex 73.01 38.8916 3.52567
      vertex 70 39.2765 3.60222
      vertex 70 38.8916 3.52567
    endloop
  endfacet
  facet normal 1.24636e-18 -0.980813 0.19495
    outer loop
      vertex 70 41.3978 5.72354
      vertex 73.01 41.4743 6.10842
      vertex 70 41.4743 6.10842
    endloop
  endfacet
  facet normal 1.24636e-18 -0.980813 0.19495
    outer loop
      vertex 73.01 41.4743 6.10842
      vertex 70 41.3978 5.72354
      vertex 73.01 41.3978 5.72354
    endloop
  endfacet
  facet normal 0 -0.195062 -0.980791
    outer loop
      vertex 70 38.8916 9.47433
      vertex 73.01 39.2765 9.39778
      vertex 73.01 38.8916 9.47433
    endloop
  endfacet
  facet normal -0 -0.195062 -0.980791
    outer loop
      vertex 73.01 39.2765 9.39778
      vertex 70 38.8916 9.47433
      vertex 70 39.2765 9.39778
    endloop
  endfacet
  facet normal 0 -0.659392 -0.751799
    outer loop
      vertex 70 40.3263 8.88006
      vertex 73.01 40.6213 8.62132
      vertex 73.01 40.3263 8.88006
    endloop
  endfacet
  facet normal -0 -0.659392 -0.751799
    outer loop
      vertex 73.01 40.6213 8.62132
      vertex 70 40.3263 8.88006
      vertex 70 40.6213 8.62132
    endloop
  endfacet
  facet normal 2.66782e-18 -0.896936 -0.44216
    outer loop
      vertex 70 41.2716 7.64805
      vertex 73.01 41.0981 8
      vertex 70 41.0981 8
    endloop
  endfacet
  facet normal 2.66782e-18 -0.896936 -0.44216
    outer loop
      vertex 73.01 41.0981 8
      vertex 70 41.2716 7.64805
      vertex 73.01 41.2716 7.64805
    endloop
  endfacet
  facet normal -1.24636e-18 -0.980813 -0.19495
    outer loop
      vertex 70 41.4743 6.89158
      vertex 73.01 41.3978 7.27646
      vertex 70 41.3978 7.27646
    endloop
  endfacet
  facet normal -1.24636e-18 -0.980813 -0.19495
    outer loop
      vertex 73.01 41.3978 7.27646
      vertex 70 41.4743 6.89158
      vertex 73.01 41.4743 6.89158
    endloop
  endfacet
  facet normal 0 -0.321514 0.946905
    outer loop
      vertex 70 39.648 3.72836
      vertex 73.01 39.2765 3.60222
      vertex 73.01 39.648 3.72836
    endloop
  endfacet
  facet normal 0 -0.321514 0.946905
    outer loop
      vertex 73.01 39.2765 3.60222
      vertex 70 39.648 3.72836
      vertex 70 39.2765 3.60222
    endloop
  endfacet
  facet normal 0 -0.659392 0.751799
    outer loop
      vertex 70 40.6213 4.37868
      vertex 73.01 40.3263 4.11994
      vertex 73.01 40.6213 4.37868
    endloop
  endfacet
  facet normal 0 -0.659392 0.751799
    outer loop
      vertex 73.01 40.3263 4.11994
      vertex 70 40.6213 4.37868
      vertex 70 40.3263 4.11994
    endloop
  endfacet
  facet normal -3.21978e-19 -0.997853 0.0654906
    outer loop
      vertex 70 41.4743 6.10842
      vertex 73.01 41.5 6.5
      vertex 70 41.5 6.5
    endloop
  endfacet
  facet normal -3.21978e-19 -0.997853 0.0654906
    outer loop
      vertex 73.01 41.5 6.5
      vertex 70 41.4743 6.10842
      vertex 73.01 41.4743 6.10842
    endloop
  endfacet
  facet normal -2.66782e-18 -0.896936 0.44216
    outer loop
      vertex 70 41.0981 5
      vertex 73.01 41.2716 5.35195
      vertex 70 41.2716 5.35195
    endloop
  endfacet
  facet normal -2.66782e-18 -0.896936 0.44216
    outer loop
      vertex 73.01 41.2716 5.35195
      vertex 70 41.0981 5
      vertex 73.01 41.0981 5
    endloop
  endfacet
  facet normal 5.23718e-18 -0.751768 0.659428
    outer loop
      vertex 70 40.6213 4.37868
      vertex 73.01 40.8801 4.67372
      vertex 70 40.8801 4.67372
    endloop
  endfacet
  facet normal 5.23718e-18 -0.751768 0.659428
    outer loop
      vertex 73.01 40.8801 4.67372
      vertex 70 40.6213 4.37868
      vertex 73.01 40.6213 4.37868
    endloop
  endfacet
  facet normal 0 -0.0654112 -0.997858
    outer loop
      vertex 70 38.5 9.5
      vertex 73.01 38.8916 9.47433
      vertex 73.01 38.5 9.5
    endloop
  endfacet
  facet normal -0 -0.0654112 -0.997858
    outer loop
      vertex 73.01 38.8916 9.47433
      vertex 70 38.5 9.5
      vertex 70 38.8916 9.47433
    endloop
  endfacet
  facet normal 0 -0.555558 -0.831477
    outer loop
      vertex 70 40 9.09808
      vertex 73.01 40.3263 8.88006
      vertex 73.01 40 9.09808
    endloop
  endfacet
  facet normal -0 -0.555558 -0.831477
    outer loop
      vertex 73.01 40.3263 8.88006
      vertex 70 40 9.09808
      vertex 70 40.3263 8.88006
    endloop
  endfacet
  facet normal 3.21978e-19 -0.997853 -0.0654906
    outer loop
      vertex 70 41.5 6.5
      vertex 73.01 41.4743 6.89158
      vertex 70 41.4743 6.89158
    endloop
  endfacet
  facet normal 3.21978e-19 -0.997853 -0.0654906
    outer loop
      vertex 73.01 41.4743 6.89158
      vertex 70 41.5 6.5
      vertex 73.01 41.5 6.5
    endloop
  endfacet
  facet normal 5.67967e-18 -0.831485 -0.555547
    outer loop
      vertex 70 41.0981 8
      vertex 73.01 40.8801 8.32628
      vertex 70 40.8801 8.32628
    endloop
  endfacet
  facet normal 5.67967e-18 -0.831485 -0.555547
    outer loop
      vertex 73.01 40.8801 8.32628
      vertex 70 41.0981 8
      vertex 73.01 41.0981 8
    endloop
  endfacet
  facet normal -5.23718e-18 -0.751768 -0.659428
    outer loop
      vertex 70 40.8801 8.32628
      vertex 73.01 40.6213 8.62132
      vertex 70 40.6213 8.62132
    endloop
  endfacet
  facet normal -5.23718e-18 -0.751768 -0.659428
    outer loop
      vertex 73.01 40.6213 8.62132
      vertex 70 40.8801 8.32628
      vertex 73.01 40.8801 8.32628
    endloop
  endfacet
  facet normal 0 -0.0654112 0.997858
    outer loop
      vertex 70 38.8916 3.52567
      vertex 73.01 38.5 3.5
      vertex 73.01 38.8916 3.52567
    endloop
  endfacet
  facet normal 0 -0.0654112 0.997858
    outer loop
      vertex 73.01 38.5 3.5
      vertex 70 38.8916 3.52567
      vertex 70 38.5 3.5
    endloop
  endfacet
  facet normal -0 0.0654112 0.997858
    outer loop
      vertex 70 38.5 3.5
      vertex 73.01 38.1084 3.52567
      vertex 73.01 38.5 3.5
    endloop
  endfacet
  facet normal 0 0.0654112 0.997858
    outer loop
      vertex 73.01 38.1084 3.52567
      vertex 70 38.5 3.5
      vertex 70 38.1084 3.52567
    endloop
  endfacet
  facet normal -0 0.195062 0.980791
    outer loop
      vertex 70 38.1084 3.52567
      vertex 73.01 37.7235 3.60222
      vertex 73.01 38.1084 3.52567
    endloop
  endfacet
  facet normal 0 0.195062 0.980791
    outer loop
      vertex 73.01 37.7235 3.60222
      vertex 70 38.1084 3.52567
      vertex 70 37.7235 3.60222
    endloop
  endfacet
  facet normal 0 0.321514 -0.946905
    outer loop
      vertex 70 37.352 9.27164
      vertex 73.01 37.7235 9.39778
      vertex 73.01 37.352 9.27164
    endloop
  endfacet
  facet normal 0 0.321514 -0.946905
    outer loop
      vertex 73.01 37.7235 9.39778
      vertex 70 37.352 9.27164
      vertex 70 37.7235 9.39778
    endloop
  endfacet
  facet normal 0 0.195062 -0.980791
    outer loop
      vertex 70 37.7235 9.39778
      vertex 73.01 38.1084 9.47433
      vertex 73.01 37.7235 9.39778
    endloop
  endfacet
  facet normal 0 0.195062 -0.980791
    outer loop
      vertex 73.01 38.1084 9.47433
      vertex 70 37.7235 9.39778
      vertex 70 38.1084 9.47433
    endloop
  endfacet
  facet normal -1.24636e-18 0.980813 0.19495
    outer loop
      vertex 73.01 35.6022 5.72354
      vertex 70 35.5257 6.10842
      vertex 73.01 35.5257 6.10842
    endloop
  endfacet
  facet normal -1.24636e-18 0.980813 0.19495
    outer loop
      vertex 70 35.5257 6.10842
      vertex 73.01 35.6022 5.72354
      vertex 70 35.6022 5.72354
    endloop
  endfacet
  facet normal 0 -0.442233 0.8969
    outer loop
      vertex 70 40 3.90192
      vertex 73.01 39.648 3.72836
      vertex 73.01 40 3.90192
    endloop
  endfacet
  facet normal 0 -0.442233 0.8969
    outer loop
      vertex 73.01 39.648 3.72836
      vertex 70 40 3.90192
      vertex 70 39.648 3.72836
    endloop
  endfacet
  facet normal 5.50756e-18 -0.831485 0.555547
    outer loop
      vertex 70 40.8801 4.67372
      vertex 73.01 41.0981 5
      vertex 70 41.0981 5
    endloop
  endfacet
  facet normal 5.50756e-18 -0.831485 0.555547
    outer loop
      vertex 73.01 41.0981 5
      vertex 70 40.8801 4.67372
      vertex 73.01 40.8801 4.67372
    endloop
  endfacet
  facet normal -0 0.659392 0.751799
    outer loop
      vertex 70 36.6737 4.11994
      vertex 73.01 36.3787 4.37868
      vertex 73.01 36.6737 4.11994
    endloop
  endfacet
  facet normal 0 0.659392 0.751799
    outer loop
      vertex 73.01 36.3787 4.37868
      vertex 70 36.6737 4.11994
      vertex 70 36.3787 4.37868
    endloop
  endfacet
  facet normal -0 0.555558 0.831477
    outer loop
      vertex 70 37 3.90192
      vertex 73.01 36.6737 4.11994
      vertex 73.01 37 3.90192
    endloop
  endfacet
  facet normal 0 0.555558 0.831477
    outer loop
      vertex 73.01 36.6737 4.11994
      vertex 70 37 3.90192
      vertex 70 36.6737 4.11994
    endloop
  endfacet
  facet normal -0 0.442233 0.8969
    outer loop
      vertex 70 37.352 3.72836
      vertex 73.01 37 3.90192
      vertex 73.01 37.352 3.72836
    endloop
  endfacet
  facet normal 0 0.442233 0.8969
    outer loop
      vertex 73.01 37 3.90192
      vertex 70 37.352 3.72836
      vertex 70 37 3.90192
    endloop
  endfacet
  facet normal -5.67967e-18 0.831485 -0.555547
    outer loop
      vertex 73.01 35.9019 8
      vertex 70 36.1199 8.32628
      vertex 73.01 36.1199 8.32628
    endloop
  endfacet
  facet normal -5.67967e-18 0.831485 -0.555547
    outer loop
      vertex 70 36.1199 8.32628
      vertex 73.01 35.9019 8
      vertex 70 35.9019 8
    endloop
  endfacet
  facet normal 1.24636e-18 0.980813 -0.19495
    outer loop
      vertex 73.01 35.5257 6.89158
      vertex 70 35.6022 7.27646
      vertex 73.01 35.6022 7.27646
    endloop
  endfacet
  facet normal 1.24636e-18 0.980813 -0.19495
    outer loop
      vertex 70 35.6022 7.27646
      vertex 73.01 35.5257 6.89158
      vertex 70 35.5257 6.89158
    endloop
  endfacet
  facet normal 0 0.0654112 -0.997858
    outer loop
      vertex 70 38.1084 9.47433
      vertex 73.01 38.5 9.5
      vertex 73.01 38.1084 9.47433
    endloop
  endfacet
  facet normal 0 0.0654112 -0.997858
    outer loop
      vertex 73.01 38.5 9.5
      vertex 70 38.1084 9.47433
      vertex 70 38.5 9.5
    endloop
  endfacet
  facet normal 0 0.442233 -0.8969
    outer loop
      vertex 70 37 9.09808
      vertex 73.01 37.352 9.27164
      vertex 73.01 37 9.09808
    endloop
  endfacet
  facet normal 0 0.442233 -0.8969
    outer loop
      vertex 73.01 37.352 9.27164
      vertex 70 37 9.09808
      vertex 70 37.352 9.27164
    endloop
  endfacet
  facet normal 0 0.659392 -0.751799
    outer loop
      vertex 70 36.3787 8.62132
      vertex 73.01 36.6737 8.88006
      vertex 73.01 36.3787 8.62132
    endloop
  endfacet
  facet normal 0 0.659392 -0.751799
    outer loop
      vertex 73.01 36.6737 8.88006
      vertex 70 36.3787 8.62132
      vertex 70 36.6737 8.88006
    endloop
  endfacet
  facet normal 2.66782e-18 0.896936 0.44216
    outer loop
      vertex 73.01 35.9019 5
      vertex 70 35.7284 5.35195
      vertex 73.01 35.7284 5.35195
    endloop
  endfacet
  facet normal 2.66782e-18 0.896936 0.44216
    outer loop
      vertex 70 35.7284 5.35195
      vertex 73.01 35.9019 5
      vertex 70 35.9019 5
    endloop
  endfacet
  facet normal -7.51496e-19 0.946882 0.321582
    outer loop
      vertex 73.01 35.7284 5.35195
      vertex 70 35.6022 5.72354
      vertex 73.01 35.6022 5.72354
    endloop
  endfacet
  facet normal -7.51496e-19 0.946882 0.321582
    outer loop
      vertex 70 35.6022 5.72354
      vertex 73.01 35.7284 5.35195
      vertex 70 35.7284 5.35195
    endloop
  endfacet
  facet normal -5.23718e-18 0.751768 0.659428
    outer loop
      vertex 73.01 36.3787 4.37868
      vertex 70 36.1199 4.67372
      vertex 73.01 36.1199 4.67372
    endloop
  endfacet
  facet normal -5.23718e-18 0.751768 0.659428
    outer loop
      vertex 70 36.1199 4.67372
      vertex 73.01 36.3787 4.37868
      vertex 70 36.3787 4.37868
    endloop
  endfacet
  facet normal -5.50756e-18 0.831485 0.555547
    outer loop
      vertex 73.01 36.1199 4.67372
      vertex 70 35.9019 5
      vertex 73.01 35.9019 5
    endloop
  endfacet
  facet normal -5.50756e-18 0.831485 0.555547
    outer loop
      vertex 70 35.9019 5
      vertex 73.01 36.1199 4.67372
      vertex 70 36.1199 4.67372
    endloop
  endfacet
  facet normal -0 0.321514 0.946905
    outer loop
      vertex 70 37.7235 3.60222
      vertex 73.01 37.352 3.72836
      vertex 73.01 37.7235 3.60222
    endloop
  endfacet
  facet normal 0 0.321514 0.946905
    outer loop
      vertex 73.01 37.352 3.72836
      vertex 70 37.7235 3.60222
      vertex 70 37.352 3.72836
    endloop
  endfacet
  facet normal 5.23718e-18 0.751768 -0.659428
    outer loop
      vertex 73.01 36.1199 8.32628
      vertex 70 36.3787 8.62132
      vertex 73.01 36.3787 8.62132
    endloop
  endfacet
  facet normal 5.23718e-18 0.751768 -0.659428
    outer loop
      vertex 70 36.3787 8.62132
      vertex 73.01 36.1199 8.32628
      vertex 70 36.1199 8.32628
    endloop
  endfacet
  facet normal 3.21978e-19 0.997853 0.0654906
    outer loop
      vertex 73.01 35.5257 6.10842
      vertex 70 35.5 6.5
      vertex 73.01 35.5 6.5
    endloop
  endfacet
  facet normal 3.21978e-19 0.997853 0.0654906
    outer loop
      vertex 70 35.5 6.5
      vertex 73.01 35.5257 6.10842
      vertex 70 35.5257 6.10842
    endloop
  endfacet
  facet normal -3.21978e-19 0.997853 -0.0654906
    outer loop
      vertex 73.01 35.5 6.5
      vertex 70 35.5257 6.89158
      vertex 73.01 35.5257 6.89158
    endloop
  endfacet
  facet normal -3.21978e-19 0.997853 -0.0654906
    outer loop
      vertex 70 35.5257 6.89158
      vertex 73.01 35.5 6.5
      vertex 70 35.5 6.5
    endloop
  endfacet
  facet normal -1 0 0
    outer loop
      vertex 73.01 40.6 6.5
      vertex 73.01 41.5 6.5
      vertex 73.01 41.4743 6.10842
    endloop
  endfacet
  facet normal -1 0 0
    outer loop
      vertex 73.01 40.5681 6.13534
      vertex 73.01 41.4743 6.10842
      vertex 73.01 41.3978 5.72354
    endloop
  endfacet
  facet normal -1 0 0
    outer loop
      vertex 73.01 41.5 6.5
      vertex 73.01 40.6 6.5
      vertex 73.01 41.4743 6.89158
    endloop
  endfacet
  facet normal -1 0 0
    outer loop
      vertex 73.01 40.4734 5.78176
      vertex 73.01 41.3978 5.72354
      vertex 73.01 41.2716 5.35195
    endloop
  endfacet
  facet normal -1 0 0
    outer loop
      vertex 73.01 40.5681 6.86466
      vertex 73.01 41.4743 6.89158
      vertex 73.01 40.6 6.5
    endloop
  endfacet
  facet normal -1 0 0
    outer loop
      vertex 73.01 40.3187 5.45
      vertex 73.01 41.2716 5.35195
      vertex 73.01 41.0981 5
    endloop
  endfacet
  facet normal -1 -0 0
    outer loop
      vertex 73.01 41.4743 6.89158
      vertex 73.01 40.5681 6.86466
      vertex 73.01 41.3978 7.27646
    endloop
  endfacet
  facet normal -1 0 0
    outer loop
      vertex 73.01 40.3187 5.45
      vertex 73.01 41.0981 5
      vertex 73.01 40.8801 4.67372
    endloop
  endfacet
  facet normal -1 0 0
    outer loop
      vertex 73.01 40.4734 7.21824
      vertex 73.01 41.3978 7.27646
      vertex 73.01 40.5681 6.86466
    endloop
  endfacet
  facet normal -1 0 0
    outer loop
      vertex 73.01 40.1087 5.15015
      vertex 73.01 40.8801 4.67372
      vertex 73.01 40.6213 4.37868
    endloop
  endfacet
  facet normal -1 -0 0
    outer loop
      vertex 73.01 41.3978 7.27646
      vertex 73.01 40.4734 7.21824
      vertex 73.01 41.2716 7.64805
    endloop
  endfacet
  facet normal -1 0 0
    outer loop
      vertex 73.01 40.3187 7.55
      vertex 73.01 41.2716 7.64805
      vertex 73.01 40.4734 7.21824
    endloop
  endfacet
  facet normal -1 0 0
    outer loop
      vertex 73.01 41.4743 6.10842
      vertex 73.01 40.5681 6.13534
      vertex 73.01 40.6 6.5
    endloop
  endfacet
  facet normal -1 0 0
    outer loop
      vertex 73.01 41.3978 5.72354
      vertex 73.01 40.4734 5.78176
      vertex 73.01 40.5681 6.13534
    endloop
  endfacet
  facet normal -1 0 0
    outer loop
      vertex 73.01 39.8499 4.89131
      vertex 73.01 40.6213 4.37868
      vertex 73.01 40.3263 4.11994
    endloop
  endfacet
  facet normal -1 0 0
    outer loop
      vertex 73.01 41.2716 5.35195
      vertex 73.01 40.3187 5.45
      vertex 73.01 40.4734 5.78176
    endloop
  endfacet
  facet normal -1 0 0
    outer loop
      vertex 73.01 40.8801 4.67372
      vertex 73.01 40.1087 5.15015
      vertex 73.01 40.3187 5.45
    endloop
  endfacet
  facet normal -1 0 0
    outer loop
      vertex 73.01 39.55 4.68135
      vertex 73.01 40.3263 4.11994
      vertex 73.01 40 3.90192
    endloop
  endfacet
  facet normal -1 0 0
    outer loop
      vertex 73.01 40.6213 4.37868
      vertex 73.01 39.8499 4.89131
      vertex 73.01 40.1087 5.15015
    endloop
  endfacet
  facet normal -1 0 0
    outer loop
      vertex 73.01 39.55 4.68135
      vertex 73.01 40 3.90192
      vertex 73.01 39.648 3.72836
    endloop
  endfacet
  facet normal -1 0 0
    outer loop
      vertex 73.01 40.3263 4.11994
      vertex 73.01 39.55 4.68135
      vertex 73.01 39.8499 4.89131
    endloop
  endfacet
  facet normal -1 0 0
    outer loop
      vertex 73.01 39.2182 4.52664
      vertex 73.01 39.648 3.72836
      vertex 73.01 39.2765 3.60222
    endloop
  endfacet
  facet normal -1 0 0
    outer loop
      vertex 73.01 39.648 3.72836
      vertex 73.01 39.2182 4.52664
      vertex 73.01 39.55 4.68135
    endloop
  endfacet
  facet normal -1 0 0
    outer loop
      vertex 73.01 38.8647 4.4319
      vertex 73.01 39.2765 3.60222
      vertex 73.01 38.8916 3.52567
    endloop
  endfacet
  facet normal -1 0 0
    outer loop
      vertex 73.01 39.2765 3.60222
      vertex 73.01 38.8647 4.4319
      vertex 73.01 39.2182 4.52664
    endloop
  endfacet
  facet normal -1 0 0
    outer loop
      vertex 73.01 38.5 4.4
      vertex 73.01 38.8916 3.52567
      vertex 73.01 38.5 3.5
    endloop
  endfacet
  facet normal -1 0 0
    outer loop
      vertex 73.01 38.8916 3.52567
      vertex 73.01 38.5 4.4
      vertex 73.01 38.8647 4.4319
    endloop
  endfacet
  facet normal -1 0 0
    outer loop
      vertex 73.01 38.1084 3.52567
      vertex 73.01 38.5 4.4
      vertex 73.01 38.5 3.5
    endloop
  endfacet
  facet normal -1 -0 0
    outer loop
      vertex 73.01 38.5 4.4
      vertex 73.01 38.1084 3.52567
      vertex 73.01 38.1353 4.4319
    endloop
  endfacet
  facet normal -1 0 0
    outer loop
      vertex 73.01 37.7235 3.60222
      vertex 73.01 38.1353 4.4319
      vertex 73.01 38.1084 3.52567
    endloop
  endfacet
  facet normal -1 -0 0
    outer loop
      vertex 73.01 38.1353 4.4319
      vertex 73.01 37.7235 3.60222
      vertex 73.01 37.7818 4.52664
    endloop
  endfacet
  facet normal -1 0 0
    outer loop
      vertex 73.01 37.352 3.72836
      vertex 73.01 37.7818 4.52664
      vertex 73.01 37.7235 3.60222
    endloop
  endfacet
  facet normal -1 -0 0
    outer loop
      vertex 73.01 37.7818 4.52664
      vertex 73.01 37.352 3.72836
      vertex 73.01 37.45 4.68135
    endloop
  endfacet
  facet normal -1 0 0
    outer loop
      vertex 73.01 37 3.90192
      vertex 73.01 37.45 4.68135
      vertex 73.01 37.352 3.72836
    endloop
  endfacet
  facet normal -1 0 0
    outer loop
      vertex 73.01 36.6737 4.11994
      vertex 73.01 37.45 4.68135
      vertex 73.01 37 3.90192
    endloop
  endfacet
  facet normal -1 -0 0
    outer loop
      vertex 73.01 37.45 4.68135
      vertex 73.01 36.6737 4.11994
      vertex 73.01 37.1501 4.89131
    endloop
  endfacet
  facet normal -1 0 0
    outer loop
      vertex 73.01 36.3787 4.37868
      vertex 73.01 37.1501 4.89131
      vertex 73.01 36.6737 4.11994
    endloop
  endfacet
  facet normal -1 -0 0
    outer loop
      vertex 73.01 37.1501 4.89131
      vertex 73.01 36.3787 4.37868
      vertex 73.01 36.8913 5.15015
    endloop
  endfacet
  facet normal -1 0 0
    outer loop
      vertex 73.01 36.1199 4.67372
      vertex 73.01 36.8913 5.15015
      vertex 73.01 36.3787 4.37868
    endloop
  endfacet
  facet normal -1 -0 0
    outer loop
      vertex 73.01 36.8913 5.15015
      vertex 73.01 36.1199 4.67372
      vertex 73.01 36.6813 5.45
    endloop
  endfacet
  facet normal -1 0 0
    outer loop
      vertex 73.01 35.7284 5.35195
      vertex 73.01 36.6813 5.45
      vertex 73.01 35.9019 5
    endloop
  endfacet
  facet normal -1 0 0
    outer loop
      vertex 73.01 35.9019 5
      vertex 73.01 36.6813 5.45
      vertex 73.01 36.1199 4.67372
    endloop
  endfacet
  facet normal -1 -0 0
    outer loop
      vertex 73.01 41.2716 7.64805
      vertex 73.01 40.3187 7.55
      vertex 73.01 41.0981 8
    endloop
  endfacet
  facet normal -1 -0 0
    outer loop
      vertex 73.01 41.0981 8
      vertex 73.01 40.3187 7.55
      vertex 73.01 40.8801 8.32628
    endloop
  endfacet
  facet normal -1 0 0
    outer loop
      vertex 73.01 40.1087 7.84985
      vertex 73.01 40.8801 8.32628
      vertex 73.01 40.3187 7.55
    endloop
  endfacet
  facet normal -1 -0 0
    outer loop
      vertex 73.01 40.8801 8.32628
      vertex 73.01 40.1087 7.84985
      vertex 73.01 40.6213 8.62132
    endloop
  endfacet
  facet normal -1 0 0
    outer loop
      vertex 73.01 39.8499 8.10869
      vertex 73.01 40.6213 8.62132
      vertex 73.01 40.1087 7.84985
    endloop
  endfacet
  facet normal -1 -0 0
    outer loop
      vertex 73.01 40.6213 8.62132
      vertex 73.01 39.8499 8.10869
      vertex 73.01 40.3263 8.88006
    endloop
  endfacet
  facet normal -1 0 0
    outer loop
      vertex 73.01 39.55 8.31865
      vertex 73.01 40.3263 8.88006
      vertex 73.01 39.8499 8.10869
    endloop
  endfacet
  facet normal -1 -0 0
    outer loop
      vertex 73.01 40.3263 8.88006
      vertex 73.01 39.55 8.31865
      vertex 73.01 40 9.09808
    endloop
  endfacet
  facet normal -1 -0 0
    outer loop
      vertex 73.01 40 9.09808
      vertex 73.01 39.55 8.31865
      vertex 73.01 39.648 9.27164
    endloop
  endfacet
  facet normal -1 0 0
    outer loop
      vertex 73.01 39.2182 8.47335
      vertex 73.01 39.648 9.27164
      vertex 73.01 39.55 8.31865
    endloop
  endfacet
  facet normal -1 -0 0
    outer loop
      vertex 73.01 39.648 9.27164
      vertex 73.01 39.2182 8.47335
      vertex 73.01 39.2765 9.39778
    endloop
  endfacet
  facet normal -1 0 0
    outer loop
      vertex 73.01 38.8647 8.5681
      vertex 73.01 39.2765 9.39778
      vertex 73.01 39.2182 8.47335
    endloop
  endfacet
  facet normal -1 -0 0
    outer loop
      vertex 73.01 39.2765 9.39778
      vertex 73.01 38.8647 8.5681
      vertex 73.01 38.8916 9.47433
    endloop
  endfacet
  facet normal -1 0 0
    outer loop
      vertex 73.01 38.5 8.6
      vertex 73.01 38.8916 9.47433
      vertex 73.01 38.8647 8.5681
    endloop
  endfacet
  facet normal -1 0 0
    outer loop
      vertex 73.01 38.5 8.6
      vertex 73.01 38.5 9.5
      vertex 73.01 38.8916 9.47433
    endloop
  endfacet
  facet normal -1 0 0
    outer loop
      vertex 73.01 38.1084 9.47433
      vertex 73.01 38.5 8.6
      vertex 73.01 38.1353 8.5681
    endloop
  endfacet
  facet normal -1 0 0
    outer loop
      vertex 73.01 38.5 8.6
      vertex 73.01 38.1084 9.47433
      vertex 73.01 38.5 9.5
    endloop
  endfacet
  facet normal -1 0 0
    outer loop
      vertex 73.01 37.7235 9.39778
      vertex 73.01 38.1353 8.5681
      vertex 73.01 37.7818 8.47335
    endloop
  endfacet
  facet normal -1 0 0
    outer loop
      vertex 73.01 38.1353 8.5681
      vertex 73.01 37.7235 9.39778
      vertex 73.01 38.1084 9.47433
    endloop
  endfacet
  facet normal -1 0 0
    outer loop
      vertex 73.01 37.352 9.27164
      vertex 73.01 37.7818 8.47335
      vertex 73.01 37.45 8.31865
    endloop
  endfacet
  facet normal -1 0 0
    outer loop
      vertex 73.01 37.7818 8.47335
      vertex 73.01 37.352 9.27164
      vertex 73.01 37.7235 9.39778
    endloop
  endfacet
  facet normal -1 0 0
    outer loop
      vertex 73.01 36.6737 8.88006
      vertex 73.01 37.45 8.31865
      vertex 73.01 37.1501 8.10869
    endloop
  endfacet
  facet normal -1 0 0
    outer loop
      vertex 73.01 37.45 8.31865
      vertex 73.01 37 9.09808
      vertex 73.01 37.352 9.27164
    endloop
  endfacet
  facet normal -1 0 0
    outer loop
      vertex 73.01 36.3787 8.62132
      vertex 73.01 37.1501 8.10869
      vertex 73.01 36.8913 7.84985
    endloop
  endfacet
  facet normal -1 0 0
    outer loop
      vertex 73.01 36.1199 8.32628
      vertex 73.01 36.8913 7.84985
      vertex 73.01 36.6813 7.55
    endloop
  endfacet
  facet normal -1 0 0
    outer loop
      vertex 73.01 37.45 8.31865
      vertex 73.01 36.6737 8.88006
      vertex 73.01 37 9.09808
    endloop
  endfacet
  facet normal -1 0 0
    outer loop
      vertex 73.01 35.7284 7.64805
      vertex 73.01 36.6813 7.55
      vertex 73.01 36.5266 7.21824
    endloop
  endfacet
  facet normal -1 0 0
    outer loop
      vertex 73.01 35.6022 7.27646
      vertex 73.01 36.5266 7.21824
      vertex 73.01 36.4319 6.86466
    endloop
  endfacet
  facet normal -1 0 0
    outer loop
      vertex 73.01 37.1501 8.10869
      vertex 73.01 36.3787 8.62132
      vertex 73.01 36.6737 8.88006
    endloop
  endfacet
  facet normal -1 0 0
    outer loop
      vertex 73.01 35.5257 6.89158
      vertex 73.01 36.4319 6.86466
      vertex 73.01 36.4 6.5
    endloop
  endfacet
  facet normal -1 -0 0
    outer loop
      vertex 73.01 36.6813 5.45
      vertex 73.01 35.7284 5.35195
      vertex 73.01 36.5266 5.78176
    endloop
  endfacet
  facet normal -1 0 0
    outer loop
      vertex 73.01 35.6022 5.72354
      vertex 73.01 36.5266 5.78176
      vertex 73.01 35.7284 5.35195
    endloop
  endfacet
  facet normal -1 0 0
    outer loop
      vertex 73.01 36.8913 7.84985
      vertex 73.01 36.1199 8.32628
      vertex 73.01 36.3787 8.62132
    endloop
  endfacet
  facet normal -1 -0 0
    outer loop
      vertex 73.01 36.5266 5.78176
      vertex 73.01 35.6022 5.72354
      vertex 73.01 36.4319 6.13534
    endloop
  endfacet
  facet normal -1 0 0
    outer loop
      vertex 73.01 36.6813 7.55
      vertex 73.01 35.9019 8
      vertex 73.01 36.1199 8.32628
    endloop
  endfacet
  facet normal -1 0 0
    outer loop
      vertex 73.01 35.5257 6.10842
      vertex 73.01 36.4319 6.13534
      vertex 73.01 35.6022 5.72354
    endloop
  endfacet
  facet normal -1 0 0
    outer loop
      vertex 73.01 36.6813 7.55
      vertex 73.01 35.7284 7.64805
      vertex 73.01 35.9019 8
    endloop
  endfacet
  facet normal -1 -0 0
    outer loop
      vertex 73.01 36.4319 6.13534
      vertex 73.01 35.5257 6.10842
      vertex 73.01 36.4 6.5
    endloop
  endfacet
  facet normal -1 0 0
    outer loop
      vertex 73.01 36.5266 7.21824
      vertex 73.01 35.6022 7.27646
      vertex 73.01 35.7284 7.64805
    endloop
  endfacet
  facet normal -1 0 0
    outer loop
      vertex 73.01 35.5 6.5
      vertex 73.01 36.4 6.5
      vertex 73.01 35.5257 6.10842
    endloop
  endfacet
  facet normal -1 0 0
    outer loop
      vertex 73.01 36.4319 6.86466
      vertex 73.01 35.5257 6.89158
      vertex 73.01 35.6022 7.27646
    endloop
  endfacet
  facet normal -1 0 0
    outer loop
      vertex 73.01 36.4 6.5
      vertex 73.01 35.5 6.5
      vertex 73.01 35.5257 6.89158
    endloop
  endfacet
  facet normal 0 0.555558 -0.831477
    outer loop
      vertex 70 36.6737 8.88006
      vertex 73.01 37 9.09808
      vertex 73.01 36.6737 8.88006
    endloop
  endfacet
  facet normal 0 0.555558 -0.831477
    outer loop
      vertex 73.01 37 9.09808
      vertex 70 36.6737 8.88006
      vertex 70 37 9.09808
    endloop
  endfacet
  facet normal -2.66782e-18 0.896936 -0.44216
    outer loop
      vertex 73.01 35.7284 7.64805
      vertex 70 35.9019 8
      vertex 73.01 35.9019 8
    endloop
  endfacet
  facet normal -2.66782e-18 0.896936 -0.44216
    outer loop
      vertex 70 35.9019 8
      vertex 73.01 35.7284 7.64805
      vertex 70 35.7284 7.64805
    endloop
  endfacet
  facet normal 7.51496e-19 0.946882 -0.321582
    outer loop
      vertex 73.01 35.6022 7.27646
      vertex 70 35.7284 7.64805
      vertex 73.01 35.7284 7.64805
    endloop
  endfacet
  facet normal 7.51496e-19 0.946882 -0.321582
    outer loop
      vertex 70 35.7284 7.64805
      vertex 73.01 35.6022 7.27646
      vertex 70 35.6022 7.27646
    endloop
  endfacet
  facet normal 0 -0.555523 0.831501
    outer loop
      vertex 70 40.3263 36.1199
      vertex 73.01 40 35.9019
      vertex 73.01 40.3263 36.1199
    endloop
  endfacet
  facet normal 0 -0.555523 0.831501
    outer loop
      vertex 73.01 40 35.9019
      vertex 70 40.3263 36.1199
      vertex 70 40 35.9019
    endloop
  endfacet
  facet normal 2.27793e-18 -0.946858 0.321651
    outer loop
      vertex 70 41.2716 37.352
      vertex 73.01 41.3978 37.7235
      vertex 70 41.3978 37.7235
    endloop
  endfacet
  facet normal 2.27793e-18 -0.946858 0.321651
    outer loop
      vertex 73.01 41.3978 37.7235
      vertex 70 41.2716 37.352
      vertex 73.01 41.2716 37.352
    endloop
  endfacet
  facet normal 1.54315e-18 -0.896961 0.44211
    outer loop
      vertex 70 41.0981 37
      vertex 73.01 41.2716 37.352
      vertex 70 41.2716 37.352
    endloop
  endfacet
  facet normal 1.54315e-18 -0.896961 0.44211
    outer loop
      vertex 73.01 41.2716 37.352
      vertex 70 41.0981 37
      vertex 73.01 41.0981 37
    endloop
  endfacet
  facet normal -2.27793e-18 -0.946858 -0.321651
    outer loop
      vertex 70 41.3978 39.2765
      vertex 73.01 41.2716 39.648
      vertex 70 41.2716 39.648
    endloop
  endfacet
  facet normal -2.27793e-18 -0.946858 -0.321651
    outer loop
      vertex 73.01 41.2716 39.648
      vertex 70 41.3978 39.2765
      vertex 73.01 41.3978 39.2765
    endloop
  endfacet
  facet normal 0 -0.44211 -0.896961
    outer loop
      vertex 70 39.648 41.2716
      vertex 73.01 40 41.0981
      vertex 73.01 39.648 41.2716
    endloop
  endfacet
  facet normal -0 -0.44211 -0.896961
    outer loop
      vertex 73.01 40 41.0981
      vertex 70 39.648 41.2716
      vertex 70 40 41.0981
    endloop
  endfacet
  facet normal 0 -0.19494 0.980815
    outer loop
      vertex 70 39.2765 35.6022
      vertex 73.01 38.8916 35.5257
      vertex 73.01 39.2765 35.6022
    endloop
  endfacet
  facet normal 0 -0.19494 0.980815
    outer loop
      vertex 73.01 38.8916 35.5257
      vertex 70 39.2765 35.6022
      vertex 70 38.8916 35.5257
    endloop
  endfacet
  facet normal 6.81235e-19 -0.980815 0.19494
    outer loop
      vertex 70 41.3978 37.7235
      vertex 73.01 41.4743 38.1084
      vertex 70 41.4743 38.1084
    endloop
  endfacet
  facet normal 6.81235e-19 -0.980815 0.19494
    outer loop
      vertex 73.01 41.4743 38.1084
      vertex 70 41.3978 37.7235
      vertex 73.01 41.3978 37.7235
    endloop
  endfacet
  facet normal 0 -0.19494 -0.980815
    outer loop
      vertex 70 38.8916 41.4743
      vertex 73.01 39.2765 41.3978
      vertex 73.01 38.8916 41.4743
    endloop
  endfacet
  facet normal -0 -0.19494 -0.980815
    outer loop
      vertex 73.01 39.2765 41.3978
      vertex 70 38.8916 41.4743
      vertex 70 39.2765 41.3978
    endloop
  endfacet
  facet normal 0 -0.659478 -0.751724
    outer loop
      vertex 70 40.3263 40.8801
      vertex 73.01 40.6213 40.6213
      vertex 73.01 40.3263 40.8801
    endloop
  endfacet
  facet normal -0 -0.659478 -0.751724
    outer loop
      vertex 73.01 40.6213 40.6213
      vertex 70 40.3263 40.8801
      vertex 70 40.6213 40.6213
    endloop
  endfacet
  facet normal -1.54315e-18 -0.896961 -0.44211
    outer loop
      vertex 70 41.2716 39.648
      vertex 73.01 41.0981 40
      vertex 70 41.0981 40
    endloop
  endfacet
  facet normal -1.54315e-18 -0.896961 -0.44211
    outer loop
      vertex 73.01 41.0981 40
      vertex 70 41.2716 39.648
      vertex 73.01 41.2716 39.648
    endloop
  endfacet
  facet normal -6.81235e-19 -0.980815 -0.19494
    outer loop
      vertex 70 41.4743 38.8916
      vertex 73.01 41.3978 39.2765
      vertex 70 41.3978 39.2765
    endloop
  endfacet
  facet normal -6.81235e-19 -0.980815 -0.19494
    outer loop
      vertex 73.01 41.3978 39.2765
      vertex 70 41.4743 38.8916
      vertex 73.01 41.4743 38.8916
    endloop
  endfacet
  facet normal 4.04435e-18 0.751724 -0.659478
    outer loop
      vertex 73.01 36.1199 40.3263
      vertex 70 36.3787 40.6213
      vertex 73.01 36.3787 40.6213
    endloop
  endfacet
  facet normal 4.04435e-18 0.751724 -0.659478
    outer loop
      vertex 70 36.3787 40.6213
      vertex 73.01 36.1199 40.3263
      vertex 70 36.1199 40.3263
    endloop
  endfacet
  facet normal 0 -0.321651 0.946858
    outer loop
      vertex 70 39.648 35.7284
      vertex 73.01 39.2765 35.6022
      vertex 73.01 39.648 35.7284
    endloop
  endfacet
  facet normal 0 -0.321651 0.946858
    outer loop
      vertex 73.01 39.2765 35.6022
      vertex 70 39.648 35.7284
      vertex 70 39.2765 35.6022
    endloop
  endfacet
  facet normal 0 -0.659478 0.751724
    outer loop
      vertex 70 40.6213 36.3787
      vertex 73.01 40.3263 36.1199
      vertex 73.01 40.6213 36.3787
    endloop
  endfacet
  facet normal 0 -0.659478 0.751724
    outer loop
      vertex 73.01 40.3263 36.1199
      vertex 70 40.6213 36.3787
      vertex 70 40.3263 36.1199
    endloop
  endfacet
  facet normal -7.228e-19 -0.997853 0.0654873
    outer loop
      vertex 70 41.4743 38.1084
      vertex 73.01 41.5 38.5
      vertex 70 41.5 38.5
    endloop
  endfacet
  facet normal -7.228e-19 -0.997853 0.0654873
    outer loop
      vertex 73.01 41.5 38.5
      vertex 70 41.4743 38.1084
      vertex 73.01 41.4743 38.1084
    endloop
  endfacet
  facet normal 4.04435e-18 -0.751724 0.659478
    outer loop
      vertex 70 40.6213 36.3787
      vertex 73.01 40.8801 36.6737
      vertex 70 40.8801 36.6737
    endloop
  endfacet
  facet normal 4.04435e-18 -0.751724 0.659478
    outer loop
      vertex 73.01 40.8801 36.6737
      vertex 70 40.6213 36.3787
      vertex 73.01 40.6213 36.3787
    endloop
  endfacet
  facet normal 0 -0.0654873 -0.997853
    outer loop
      vertex 70 38.5 41.5
      vertex 73.01 38.8916 41.4743
      vertex 73.01 38.5 41.5
    endloop
  endfacet
  facet normal -0 -0.0654873 -0.997853
    outer loop
      vertex 73.01 38.8916 41.4743
      vertex 70 38.5 41.5
      vertex 70 38.8916 41.4743
    endloop
  endfacet
  facet normal 0 -0.321651 -0.946858
    outer loop
      vertex 70 39.2765 41.3978
      vertex 73.01 39.648 41.2716
      vertex 73.01 39.2765 41.3978
    endloop
  endfacet
  facet normal -0 -0.321651 -0.946858
    outer loop
      vertex 73.01 39.648 41.2716
      vertex 70 39.2765 41.3978
      vertex 70 39.648 41.2716
    endloop
  endfacet
  facet normal 0 -0.555523 -0.831501
    outer loop
      vertex 70 40 41.0981
      vertex 73.01 40.3263 40.8801
      vertex 73.01 40 41.0981
    endloop
  endfacet
  facet normal -0 -0.555523 -0.831501
    outer loop
      vertex 73.01 40.3263 40.8801
      vertex 70 40 41.0981
      vertex 70 40.3263 40.8801
    endloop
  endfacet
  facet normal 7.228e-19 -0.997853 -0.0654873
    outer loop
      vertex 70 41.5 38.5
      vertex 73.01 41.4743 38.8916
      vertex 70 41.4743 38.8916
    endloop
  endfacet
  facet normal 7.228e-19 -0.997853 -0.0654873
    outer loop
      vertex 73.01 41.4743 38.8916
      vertex 70 41.5 38.5
      vertex 73.01 41.5 38.5
    endloop
  endfacet
  facet normal -2.71924e-18 -0.831501 -0.555523
    outer loop
      vertex 70 41.0981 40
      vertex 73.01 40.8801 40.3263
      vertex 70 40.8801 40.3263
    endloop
  endfacet
  facet normal -2.71924e-18 -0.831501 -0.555523
    outer loop
      vertex 73.01 40.8801 40.3263
      vertex 70 41.0981 40
      vertex 73.01 41.0981 40
    endloop
  endfacet
  facet normal -4.04435e-18 -0.751724 -0.659478
    outer loop
      vertex 70 40.8801 40.3263
      vertex 73.01 40.6213 40.6213
      vertex 70 40.6213 40.6213
    endloop
  endfacet
  facet normal -4.04435e-18 -0.751724 -0.659478
    outer loop
      vertex 73.01 40.6213 40.6213
      vertex 70 40.8801 40.3263
      vertex 73.01 40.8801 40.3263
    endloop
  endfacet
  facet normal 0 -0.0654873 0.997853
    outer loop
      vertex 70 38.8916 35.5257
      vertex 73.01 38.5 35.5
      vertex 73.01 38.8916 35.5257
    endloop
  endfacet
  facet normal 0 -0.0654873 0.997853
    outer loop
      vertex 73.01 38.5 35.5
      vertex 70 38.8916 35.5257
      vertex 70 38.5 35.5
    endloop
  endfacet
  facet normal -0 0.0654873 0.997853
    outer loop
      vertex 70 38.5 35.5
      vertex 73.01 38.1084 35.5257
      vertex 73.01 38.5 35.5
    endloop
  endfacet
  facet normal 0 0.0654873 0.997853
    outer loop
      vertex 73.01 38.1084 35.5257
      vertex 70 38.5 35.5
      vertex 70 38.1084 35.5257
    endloop
  endfacet
  facet normal -0 0.19494 0.980815
    outer loop
      vertex 70 38.1084 35.5257
      vertex 73.01 37.7235 35.6022
      vertex 73.01 38.1084 35.5257
    endloop
  endfacet
  facet normal 0 0.19494 0.980815
    outer loop
      vertex 73.01 37.7235 35.6022
      vertex 70 38.1084 35.5257
      vertex 70 37.7235 35.6022
    endloop
  endfacet
  facet normal 0 0.321651 -0.946858
    outer loop
      vertex 70 37.352 41.2716
      vertex 73.01 37.7235 41.3978
      vertex 73.01 37.352 41.2716
    endloop
  endfacet
  facet normal 0 0.321651 -0.946858
    outer loop
      vertex 73.01 37.7235 41.3978
      vertex 70 37.352 41.2716
      vertex 70 37.7235 41.3978
    endloop
  endfacet
  facet normal -6.81235e-19 0.980815 0.19494
    outer loop
      vertex 73.01 35.6022 37.7235
      vertex 70 35.5257 38.1084
      vertex 73.01 35.5257 38.1084
    endloop
  endfacet
  facet normal -6.81235e-19 0.980815 0.19494
    outer loop
      vertex 70 35.5257 38.1084
      vertex 73.01 35.6022 37.7235
      vertex 70 35.6022 37.7235
    endloop
  endfacet
  facet normal 0 -0.44211 0.896961
    outer loop
      vertex 70 40 35.9019
      vertex 73.01 39.648 35.7284
      vertex 73.01 40 35.9019
    endloop
  endfacet
  facet normal 0 -0.44211 0.896961
    outer loop
      vertex 73.01 39.648 35.7284
      vertex 70 40 35.9019
      vertex 70 39.648 35.7284
    endloop
  endfacet
  facet normal 2.71924e-18 -0.831501 0.555523
    outer loop
      vertex 70 40.8801 36.6737
      vertex 73.01 41.0981 37
      vertex 70 41.0981 37
    endloop
  endfacet
  facet normal 2.71924e-18 -0.831501 0.555523
    outer loop
      vertex 73.01 41.0981 37
      vertex 70 40.8801 36.6737
      vertex 73.01 40.8801 36.6737
    endloop
  endfacet
  facet normal -0 0.659478 0.751724
    outer loop
      vertex 70 36.6737 36.1199
      vertex 73.01 36.3787 36.3787
      vertex 73.01 36.6737 36.1199
    endloop
  endfacet
  facet normal 0 0.659478 0.751724
    outer loop
      vertex 73.01 36.3787 36.3787
      vertex 70 36.6737 36.1199
      vertex 70 36.3787 36.3787
    endloop
  endfacet
  facet normal -0 0.555523 0.831501
    outer loop
      vertex 70 37 35.9019
      vertex 73.01 36.6737 36.1199
      vertex 73.01 37 35.9019
    endloop
  endfacet
  facet normal 0 0.555523 0.831501
    outer loop
      vertex 73.01 36.6737 36.1199
      vertex 70 37 35.9019
      vertex 70 36.6737 36.1199
    endloop
  endfacet
  facet normal -0 0.44211 0.896961
    outer loop
      vertex 70 37.352 35.7284
      vertex 73.01 37 35.9019
      vertex 73.01 37.352 35.7284
    endloop
  endfacet
  facet normal 0 0.44211 0.896961
    outer loop
      vertex 73.01 37 35.9019
      vertex 70 37.352 35.7284
      vertex 70 37 35.9019
    endloop
  endfacet
  facet normal 6.81235e-19 0.980815 -0.19494
    outer loop
      vertex 73.01 35.5257 38.8916
      vertex 70 35.6022 39.2765
      vertex 73.01 35.6022 39.2765
    endloop
  endfacet
  facet normal 6.81235e-19 0.980815 -0.19494
    outer loop
      vertex 70 35.6022 39.2765
      vertex 73.01 35.5257 38.8916
      vertex 70 35.5257 38.8916
    endloop
  endfacet
  facet normal 0 0.0654873 -0.997853
    outer loop
      vertex 70 38.1084 41.4743
      vertex 73.01 38.5 41.5
      vertex 73.01 38.1084 41.4743
    endloop
  endfacet
  facet normal 0 0.0654873 -0.997853
    outer loop
      vertex 73.01 38.5 41.5
      vertex 70 38.1084 41.4743
      vertex 70 38.5 41.5
    endloop
  endfacet
  facet normal 0 0.44211 -0.896961
    outer loop
      vertex 70 37 41.0981
      vertex 73.01 37.352 41.2716
      vertex 73.01 37 41.0981
    endloop
  endfacet
  facet normal 0 0.44211 -0.896961
    outer loop
      vertex 73.01 37.352 41.2716
      vertex 70 37 41.0981
      vertex 70 37.352 41.2716
    endloop
  endfacet
  facet normal 0 0.659478 -0.751724
    outer loop
      vertex 70 36.3787 40.6213
      vertex 73.01 36.6737 40.8801
      vertex 73.01 36.3787 40.6213
    endloop
  endfacet
  facet normal 0 0.659478 -0.751724
    outer loop
      vertex 73.01 36.6737 40.8801
      vertex 70 36.3787 40.6213
      vertex 70 36.6737 40.8801
    endloop
  endfacet
  facet normal -1.54315e-18 0.896961 0.44211
    outer loop
      vertex 73.01 35.9019 37
      vertex 70 35.7284 37.352
      vertex 73.01 35.7284 37.352
    endloop
  endfacet
  facet normal -1.54315e-18 0.896961 0.44211
    outer loop
      vertex 70 35.7284 37.352
      vertex 73.01 35.9019 37
      vertex 70 35.9019 37
    endloop
  endfacet
  facet normal -2.27793e-18 0.946858 0.321651
    outer loop
      vertex 73.01 35.7284 37.352
      vertex 70 35.6022 37.7235
      vertex 73.01 35.6022 37.7235
    endloop
  endfacet
  facet normal -2.27793e-18 0.946858 0.321651
    outer loop
      vertex 70 35.6022 37.7235
      vertex 73.01 35.7284 37.352
      vertex 70 35.7284 37.352
    endloop
  endfacet
  facet normal -4.04435e-18 0.751724 0.659478
    outer loop
      vertex 73.01 36.3787 36.3787
      vertex 70 36.1199 36.6737
      vertex 73.01 36.1199 36.6737
    endloop
  endfacet
  facet normal -4.04435e-18 0.751724 0.659478
    outer loop
      vertex 70 36.1199 36.6737
      vertex 73.01 36.3787 36.3787
      vertex 70 36.3787 36.3787
    endloop
  endfacet
  facet normal -2.71924e-18 0.831501 0.555523
    outer loop
      vertex 73.01 36.1199 36.6737
      vertex 70 35.9019 37
      vertex 73.01 35.9019 37
    endloop
  endfacet
  facet normal -2.71924e-18 0.831501 0.555523
    outer loop
      vertex 70 35.9019 37
      vertex 73.01 36.1199 36.6737
      vertex 70 36.1199 36.6737
    endloop
  endfacet
  facet normal -0 0.321651 0.946858
    outer loop
      vertex 70 37.7235 35.6022
      vertex 73.01 37.352 35.7284
      vertex 73.01 37.7235 35.6022
    endloop
  endfacet
  facet normal 0 0.321651 0.946858
    outer loop
      vertex 73.01 37.352 35.7284
      vertex 70 37.7235 35.6022
      vertex 70 37.352 35.7284
    endloop
  endfacet
  facet normal 7.228e-19 0.997853 0.0654873
    outer loop
      vertex 73.01 35.5257 38.1084
      vertex 70 35.5 38.5
      vertex 73.01 35.5 38.5
    endloop
  endfacet
  facet normal 7.228e-19 0.997853 0.0654873
    outer loop
      vertex 70 35.5 38.5
      vertex 73.01 35.5257 38.1084
      vertex 70 35.5257 38.1084
    endloop
  endfacet
  facet normal -7.228e-19 0.997853 -0.0654873
    outer loop
      vertex 73.01 35.5 38.5
      vertex 70 35.5257 38.8916
      vertex 73.01 35.5257 38.8916
    endloop
  endfacet
  facet normal -7.228e-19 0.997853 -0.0654873
    outer loop
      vertex 70 35.5257 38.8916
      vertex 73.01 35.5 38.5
      vertex 70 35.5 38.5
    endloop
  endfacet
  facet normal -1 0 0
    outer loop
      vertex 73.01 40.6 38.5
      vertex 73.01 41.5 38.5
      vertex 73.01 41.4743 38.1084
    endloop
  endfacet
  facet normal -1 0 0
    outer loop
      vertex 73.01 40.5681 38.1353
      vertex 73.01 41.4743 38.1084
      vertex 73.01 41.3978 37.7235
    endloop
  endfacet
  facet normal -1 0 0
    outer loop
      vertex 73.01 41.5 38.5
      vertex 73.01 40.6 38.5
      vertex 73.01 41.4743 38.8916
    endloop
  endfacet
  facet normal -1 0 0
    outer loop
      vertex 73.01 40.4734 37.7818
      vertex 73.01 41.3978 37.7235
      vertex 73.01 41.2716 37.352
    endloop
  endfacet
  facet normal -1 0 0
    outer loop
      vertex 73.01 40.5681 38.8647
      vertex 73.01 41.4743 38.8916
      vertex 73.01 40.6 38.5
    endloop
  endfacet
  facet normal -1 0 0
    outer loop
      vertex 73.01 40.3187 37.45
      vertex 73.01 41.2716 37.352
      vertex 73.01 41.0981 37
    endloop
  endfacet
  facet normal -1 -0 0
    outer loop
      vertex 73.01 41.4743 38.8916
      vertex 73.01 40.5681 38.8647
      vertex 73.01 41.3978 39.2765
    endloop
  endfacet
  facet normal -1 0 0
    outer loop
      vertex 73.01 40.3187 37.45
      vertex 73.01 41.0981 37
      vertex 73.01 40.8801 36.6737
    endloop
  endfacet
  facet normal -1 0 0
    outer loop
      vertex 73.01 40.4734 39.2182
      vertex 73.01 41.3978 39.2765
      vertex 73.01 40.5681 38.8647
    endloop
  endfacet
  facet normal -1 0 0
    outer loop
      vertex 73.01 40.1087 37.1501
      vertex 73.01 40.8801 36.6737
      vertex 73.01 40.6213 36.3787
    endloop
  endfacet
  facet normal -1 -0 0
    outer loop
      vertex 73.01 41.3978 39.2765
      vertex 73.01 40.4734 39.2182
      vertex 73.01 41.2716 39.648
    endloop
  endfacet
  facet normal -1 0 0
    outer loop
      vertex 73.01 40.3187 39.55
      vertex 73.01 41.2716 39.648
      vertex 73.01 40.4734 39.2182
    endloop
  endfacet
  facet normal -1 0 0
    outer loop
      vertex 73.01 41.4743 38.1084
      vertex 73.01 40.5681 38.1353
      vertex 73.01 40.6 38.5
    endloop
  endfacet
  facet normal -1 0 0
    outer loop
      vertex 73.01 41.3978 37.7235
      vertex 73.01 40.4734 37.7818
      vertex 73.01 40.5681 38.1353
    endloop
  endfacet
  facet normal -1 0 0
    outer loop
      vertex 73.01 39.8499 36.8913
      vertex 73.01 40.6213 36.3787
      vertex 73.01 40.3263 36.1199
    endloop
  endfacet
  facet normal -1 0 0
    outer loop
      vertex 73.01 41.2716 37.352
      vertex 73.01 40.3187 37.45
      vertex 73.01 40.4734 37.7818
    endloop
  endfacet
  facet normal -1 0 0
    outer loop
      vertex 73.01 40.8801 36.6737
      vertex 73.01 40.1087 37.1501
      vertex 73.01 40.3187 37.45
    endloop
  endfacet
  facet normal -1 0 0
    outer loop
      vertex 73.01 39.55 36.6813
      vertex 73.01 40.3263 36.1199
      vertex 73.01 40 35.9019
    endloop
  endfacet
  facet normal -1 0 0
    outer loop
      vertex 73.01 40.6213 36.3787
      vertex 73.01 39.8499 36.8913
      vertex 73.01 40.1087 37.1501
    endloop
  endfacet
  facet normal -1 0 0
    outer loop
      vertex 73.01 39.55 36.6813
      vertex 73.01 40 35.9019
      vertex 73.01 39.648 35.7284
    endloop
  endfacet
  facet normal -1 0 0
    outer loop
      vertex 73.01 40.3263 36.1199
      vertex 73.01 39.55 36.6813
      vertex 73.01 39.8499 36.8913
    endloop
  endfacet
  facet normal -1 0 0
    outer loop
      vertex 73.01 39.2182 36.5266
      vertex 73.01 39.648 35.7284
      vertex 73.01 39.2765 35.6022
    endloop
  endfacet
  facet normal -1 0 0
    outer loop
      vertex 73.01 39.648 35.7284
      vertex 73.01 39.2182 36.5266
      vertex 73.01 39.55 36.6813
    endloop
  endfacet
  facet normal -1 0 0
    outer loop
      vertex 73.01 38.8647 36.4319
      vertex 73.01 39.2765 35.6022
      vertex 73.01 38.8916 35.5257
    endloop
  endfacet
  facet normal -1 0 0
    outer loop
      vertex 73.01 39.2765 35.6022
      vertex 73.01 38.8647 36.4319
      vertex 73.01 39.2182 36.5266
    endloop
  endfacet
  facet normal -1 0 0
    outer loop
      vertex 73.01 38.5 36.4
      vertex 73.01 38.8916 35.5257
      vertex 73.01 38.5 35.5
    endloop
  endfacet
  facet normal -1 0 0
    outer loop
      vertex 73.01 38.8916 35.5257
      vertex 73.01 38.5 36.4
      vertex 73.01 38.8647 36.4319
    endloop
  endfacet
  facet normal -1 0 0
    outer loop
      vertex 73.01 38.1084 35.5257
      vertex 73.01 38.5 36.4
      vertex 73.01 38.5 35.5
    endloop
  endfacet
  facet normal -1 -0 0
    outer loop
      vertex 73.01 38.5 36.4
      vertex 73.01 38.1084 35.5257
      vertex 73.01 38.1353 36.4319
    endloop
  endfacet
  facet normal -1 0 0
    outer loop
      vertex 73.01 37.7235 35.6022
      vertex 73.01 38.1353 36.4319
      vertex 73.01 38.1084 35.5257
    endloop
  endfacet
  facet normal -1 -0 0
    outer loop
      vertex 73.01 38.1353 36.4319
      vertex 73.01 37.7235 35.6022
      vertex 73.01 37.7818 36.5266
    endloop
  endfacet
  facet normal -1 0 0
    outer loop
      vertex 73.01 37.352 35.7284
      vertex 73.01 37.7818 36.5266
      vertex 73.01 37.7235 35.6022
    endloop
  endfacet
  facet normal -1 -0 0
    outer loop
      vertex 73.01 37.7818 36.5266
      vertex 73.01 37.352 35.7284
      vertex 73.01 37.45 36.6813
    endloop
  endfacet
  facet normal -1 0 0
    outer loop
      vertex 73.01 37 35.9019
      vertex 73.01 37.45 36.6813
      vertex 73.01 37.352 35.7284
    endloop
  endfacet
  facet normal -1 0 0
    outer loop
      vertex 73.01 36.6737 36.1199
      vertex 73.01 37.45 36.6813
      vertex 73.01 37 35.9019
    endloop
  endfacet
  facet normal -1 -0 0
    outer loop
      vertex 73.01 37.45 36.6813
      vertex 73.01 36.6737 36.1199
      vertex 73.01 37.1501 36.8913
    endloop
  endfacet
  facet normal -1 0 0
    outer loop
      vertex 73.01 36.3787 36.3787
      vertex 73.01 37.1501 36.8913
      vertex 73.01 36.6737 36.1199
    endloop
  endfacet
  facet normal -1 -0 0
    outer loop
      vertex 73.01 37.1501 36.8913
      vertex 73.01 36.3787 36.3787
      vertex 73.01 36.8913 37.1501
    endloop
  endfacet
  facet normal -1 0 0
    outer loop
      vertex 73.01 36.1199 36.6737
      vertex 73.01 36.8913 37.1501
      vertex 73.01 36.3787 36.3787
    endloop
  endfacet
  facet normal -1 -0 0
    outer loop
      vertex 73.01 36.8913 37.1501
      vertex 73.01 36.1199 36.6737
      vertex 73.01 36.6813 37.45
    endloop
  endfacet
  facet normal -1 0 0
    outer loop
      vertex 73.01 35.7284 37.352
      vertex 73.01 36.6813 37.45
      vertex 73.01 35.9019 37
    endloop
  endfacet
  facet normal -1 0 0
    outer loop
      vertex 73.01 35.9019 37
      vertex 73.01 36.6813 37.45
      vertex 73.01 36.1199 36.6737
    endloop
  endfacet
  facet normal -1 -0 0
    outer loop
      vertex 73.01 41.2716 39.648
      vertex 73.01 40.3187 39.55
      vertex 73.01 41.0981 40
    endloop
  endfacet
  facet normal -1 -0 0
    outer loop
      vertex 73.01 41.0981 40
      vertex 73.01 40.3187 39.55
      vertex 73.01 40.8801 40.3263
    endloop
  endfacet
  facet normal -1 0 0
    outer loop
      vertex 73.01 40.1087 39.8499
      vertex 73.01 40.8801 40.3263
      vertex 73.01 40.3187 39.55
    endloop
  endfacet
  facet normal -1 -0 0
    outer loop
      vertex 73.01 40.8801 40.3263
      vertex 73.01 40.1087 39.8499
      vertex 73.01 40.6213 40.6213
    endloop
  endfacet
  facet normal -1 0 0
    outer loop
      vertex 73.01 39.8499 40.1087
      vertex 73.01 40.6213 40.6213
      vertex 73.01 40.1087 39.8499
    endloop
  endfacet
  facet normal -1 -0 0
    outer loop
      vertex 73.01 40.6213 40.6213
      vertex 73.01 39.8499 40.1087
      vertex 73.01 40.3263 40.8801
    endloop
  endfacet
  facet normal -1 0 0
    outer loop
      vertex 73.01 39.55 40.3187
      vertex 73.01 40.3263 40.8801
      vertex 73.01 39.8499 40.1087
    endloop
  endfacet
  facet normal -1 -0 0
    outer loop
      vertex 73.01 40.3263 40.8801
      vertex 73.01 39.55 40.3187
      vertex 73.01 40 41.0981
    endloop
  endfacet
  facet normal -1 -0 0
    outer loop
      vertex 73.01 40 41.0981
      vertex 73.01 39.55 40.3187
      vertex 73.01 39.648 41.2716
    endloop
  endfacet
  facet normal -1 0 0
    outer loop
      vertex 73.01 39.2182 40.4734
      vertex 73.01 39.648 41.2716
      vertex 73.01 39.55 40.3187
    endloop
  endfacet
  facet normal -1 -0 0
    outer loop
      vertex 73.01 39.648 41.2716
      vertex 73.01 39.2182 40.4734
      vertex 73.01 39.2765 41.3978
    endloop
  endfacet
  facet normal -1 0 0
    outer loop
      vertex 73.01 38.8647 40.5681
      vertex 73.01 39.2765 41.3978
      vertex 73.01 39.2182 40.4734
    endloop
  endfacet
  facet normal -1 -0 0
    outer loop
      vertex 73.01 39.2765 41.3978
      vertex 73.01 38.8647 40.5681
      vertex 73.01 38.8916 41.4743
    endloop
  endfacet
  facet normal -1 0 0
    outer loop
      vertex 73.01 38.5 40.6
      vertex 73.01 38.8916 41.4743
      vertex 73.01 38.8647 40.5681
    endloop
  endfacet
  facet normal -1 0 0
    outer loop
      vertex 73.01 38.5 40.6
      vertex 73.01 38.5 41.5
      vertex 73.01 38.8916 41.4743
    endloop
  endfacet
  facet normal -1 0 0
    outer loop
      vertex 73.01 38.1084 41.4743
      vertex 73.01 38.5 40.6
      vertex 73.01 38.1353 40.5681
    endloop
  endfacet
  facet normal -1 0 0
    outer loop
      vertex 73.01 38.5 40.6
      vertex 73.01 38.1084 41.4743
      vertex 73.01 38.5 41.5
    endloop
  endfacet
  facet normal -1 0 0
    outer loop
      vertex 73.01 37.7235 41.3978
      vertex 73.01 38.1353 40.5681
      vertex 73.01 37.7818 40.4734
    endloop
  endfacet
  facet normal -1 0 0
    outer loop
      vertex 73.01 38.1353 40.5681
      vertex 73.01 37.7235 41.3978
      vertex 73.01 38.1084 41.4743
    endloop
  endfacet
  facet normal -1 0 0
    outer loop
      vertex 73.01 37.352 41.2716
      vertex 73.01 37.7818 40.4734
      vertex 73.01 37.45 40.3187
    endloop
  endfacet
  facet normal -1 0 0
    outer loop
      vertex 73.01 37.7818 40.4734
      vertex 73.01 37.352 41.2716
      vertex 73.01 37.7235 41.3978
    endloop
  endfacet
  facet normal -1 0 0
    outer loop
      vertex 73.01 36.6737 40.8801
      vertex 73.01 37.45 40.3187
      vertex 73.01 37.1501 40.1087
    endloop
  endfacet
  facet normal -1 0 0
    outer loop
      vertex 73.01 37.45 40.3187
      vertex 73.01 37 41.0981
      vertex 73.01 37.352 41.2716
    endloop
  endfacet
  facet normal -1 0 0
    outer loop
      vertex 73.01 36.3787 40.6213
      vertex 73.01 37.1501 40.1087
      vertex 73.01 36.8913 39.8499
    endloop
  endfacet
  facet normal -1 0 0
    outer loop
      vertex 73.01 36.1199 40.3263
      vertex 73.01 36.8913 39.8499
      vertex 73.01 36.6813 39.55
    endloop
  endfacet
  facet normal -1 0 0
    outer loop
      vertex 73.01 37.45 40.3187
      vertex 73.01 36.6737 40.8801
      vertex 73.01 37 41.0981
    endloop
  endfacet
  facet normal -1 0 0
    outer loop
      vertex 73.01 35.7284 39.648
      vertex 73.01 36.6813 39.55
      vertex 73.01 36.5266 39.2182
    endloop
  endfacet
  facet normal -1 0 0
    outer loop
      vertex 73.01 35.6022 39.2765
      vertex 73.01 36.5266 39.2182
      vertex 73.01 36.4319 38.8647
    endloop
  endfacet
  facet normal -1 0 0
    outer loop
      vertex 73.01 37.1501 40.1087
      vertex 73.01 36.3787 40.6213
      vertex 73.01 36.6737 40.8801
    endloop
  endfacet
  facet normal -1 0 0
    outer loop
      vertex 73.01 35.5257 38.8916
      vertex 73.01 36.4319 38.8647
      vertex 73.01 36.4 38.5
    endloop
  endfacet
  facet normal -1 -0 0
    outer loop
      vertex 73.01 36.6813 37.45
      vertex 73.01 35.7284 37.352
      vertex 73.01 36.5266 37.7818
    endloop
  endfacet
  facet normal -1 0 0
    outer loop
      vertex 73.01 35.6022 37.7235
      vertex 73.01 36.5266 37.7818
      vertex 73.01 35.7284 37.352
    endloop
  endfacet
  facet normal -1 0 0
    outer loop
      vertex 73.01 36.8913 39.8499
      vertex 73.01 36.1199 40.3263
      vertex 73.01 36.3787 40.6213
    endloop
  endfacet
  facet normal -1 -0 0
    outer loop
      vertex 73.01 36.5266 37.7818
      vertex 73.01 35.6022 37.7235
      vertex 73.01 36.4319 38.1353
    endloop
  endfacet
  facet normal -1 0 0
    outer loop
      vertex 73.01 36.6813 39.55
      vertex 73.01 35.9019 40
      vertex 73.01 36.1199 40.3263
    endloop
  endfacet
  facet normal -1 0 0
    outer loop
      vertex 73.01 35.5257 38.1084
      vertex 73.01 36.4319 38.1353
      vertex 73.01 35.6022 37.7235
    endloop
  endfacet
  facet normal -1 0 0
    outer loop
      vertex 73.01 36.6813 39.55
      vertex 73.01 35.7284 39.648
      vertex 73.01 35.9019 40
    endloop
  endfacet
  facet normal -1 -0 0
    outer loop
      vertex 73.01 36.4319 38.1353
      vertex 73.01 35.5257 38.1084
      vertex 73.01 36.4 38.5
    endloop
  endfacet
  facet normal -1 0 0
    outer loop
      vertex 73.01 36.5266 39.2182
      vertex 73.01 35.6022 39.2765
      vertex 73.01 35.7284 39.648
    endloop
  endfacet
  facet normal -1 0 0
    outer loop
      vertex 73.01 35.5 38.5
      vertex 73.01 36.4 38.5
      vertex 73.01 35.5257 38.1084
    endloop
  endfacet
  facet normal -1 0 0
    outer loop
      vertex 73.01 36.4319 38.8647
      vertex 73.01 35.5257 38.8916
      vertex 73.01 35.6022 39.2765
    endloop
  endfacet
  facet normal -1 0 0
    outer loop
      vertex 73.01 36.4 38.5
      vertex 73.01 35.5 38.5
      vertex 73.01 35.5257 38.8916
    endloop
  endfacet
  facet normal 0 0.19494 -0.980815
    outer loop
      vertex 70 37.7235 41.3978
      vertex 73.01 38.1084 41.4743
      vertex 73.01 37.7235 41.3978
    endloop
  endfacet
  facet normal 0 0.19494 -0.980815
    outer loop
      vertex 73.01 38.1084 41.4743
      vertex 70 37.7235 41.3978
      vertex 70 38.1084 41.4743
    endloop
  endfacet
  facet normal 0 0.555523 -0.831501
    outer loop
      vertex 70 36.6737 40.8801
      vertex 73.01 37 41.0981
      vertex 73.01 36.6737 40.8801
    endloop
  endfacet
  facet normal 0 0.555523 -0.831501
    outer loop
      vertex 73.01 37 41.0981
      vertex 70 36.6737 40.8801
      vertex 70 37 41.0981
    endloop
  endfacet
  facet normal 1.54315e-18 0.896961 -0.44211
    outer loop
      vertex 73.01 35.7284 39.648
      vertex 70 35.9019 40
      vertex 73.01 35.9019 40
    endloop
  endfacet
  facet normal 1.54315e-18 0.896961 -0.44211
    outer loop
      vertex 70 35.9019 40
      vertex 73.01 35.7284 39.648
      vertex 70 35.7284 39.648
    endloop
  endfacet
  facet normal 2.27793e-18 0.946858 -0.321651
    outer loop
      vertex 73.01 35.6022 39.2765
      vertex 70 35.7284 39.648
      vertex 73.01 35.7284 39.648
    endloop
  endfacet
  facet normal 2.27793e-18 0.946858 -0.321651
    outer loop
      vertex 70 35.7284 39.648
      vertex 73.01 35.6022 39.2765
      vertex 70 35.6022 39.2765
    endloop
  endfacet
  facet normal 2.71924e-18 0.831501 -0.555523
    outer loop
      vertex 73.01 35.9019 40
      vertex 70 36.1199 40.3263
      vertex 73.01 36.1199 40.3263
    endloop
  endfacet
  facet normal 2.71924e-18 0.831501 -0.555523
    outer loop
      vertex 70 36.1199 40.3263
      vertex 73.01 35.9019 40
      vertex 70 35.9019 40
    endloop
  endfacet
  facet normal 0 -0.471402 0.881918
    outer loop
      vertex 70 32 6.04552
      vertex 76 30.9035 5.45942
      vertex 76 32 6.04552
    endloop
  endfacet
  facet normal 0 -0.471402 0.881918
    outer loop
      vertex 76 30.9035 5.45942
      vertex 70 32 6.04552
      vertex 70 30.9035 5.45942
    endloop
  endfacet
  facet normal 1.19169e-18 -0.935902 -0.35226
    outer loop
      vertex 70 40.4917 28.6073
      vertex 76 40.0537 29.771
      vertex 70 40.0537 29.771
    endloop
  endfacet
  facet normal 1.19169e-18 -0.935902 -0.35226
    outer loop
      vertex 76 40.0537 29.771
      vertex 70 40.4917 28.6073
      vertex 76 40.4917 28.6073
    endloop
  endfacet
  facet normal 0 -0.412688 -0.910873
    outer loop
      vertex 70 29.771 40.0537
      vertex 76 30.9035 39.5406
      vertex 76 29.771 40.0537
    endloop
  endfacet
  facet normal -0 -0.412688 -0.910873
    outer loop
      vertex 76 30.9035 39.5406
      vertex 70 29.771 40.0537
      vertex 70 30.9035 39.5406
    endloop
  endfacet
  facet normal -0 0.0327176 0.999465
    outer loop
      vertex 70 22.5 3.5
      vertex 76 21.2573 3.54068
      vertex 76 22.5 3.5
    endloop
  endfacet
  facet normal 0 0.0327176 0.999465
    outer loop
      vertex 76 21.2573 3.54068
      vertex 70 22.5 3.5
      vertex 70 21.2573 3.54068
    endloop
  endfacet
  facet normal -5.90432e-19 -0.986634 0.162951
    outer loop
      vertex 70 41.1349 18.7933
      vertex 76 41.3375 20.02
      vertex 70 41.3375 20.02
    endloop
  endfacet
  facet normal -5.90432e-19 -0.986634 0.162951
    outer loop
      vertex 76 41.3375 20.02
      vertex 70 41.1349 18.7933
      vertex 76 41.1349 18.7933
    endloop
  endfacet
  facet normal 0 -0.162951 -0.986634
    outer loop
      vertex 70 24.98 41.3375
      vertex 76 26.2067 41.1349
      vertex 76 24.98 41.3375
    endloop
  endfacet
  facet normal -0 -0.162951 -0.986634
    outer loop
      vertex 76 26.2067 41.1349
      vertex 70 24.98 41.3375
      vertex 70 26.2067 41.1349
    endloop
  endfacet
  facet normal 0 -0.683647 -0.729813
    outer loop
      vertex 70 35.0276 36.785
      vertex 76 35.935 35.935
      vertex 76 35.0276 36.785
    endloop
  endfacet
  facet normal -0 -0.683647 -0.729813
    outer loop
      vertex 76 35.935 35.935
      vertex 70 35.0276 36.785
      vertex 70 35.935 35.935
    endloop
  endfacet
  facet normal 5.90432e-19 -0.986634 -0.162951
    outer loop
      vertex 70 41.3375 24.98
      vertex 76 41.1349 26.2067
      vertex 70 41.1349 26.2067
    endloop
  endfacet
  facet normal 5.90432e-19 -0.986634 -0.162951
    outer loop
      vertex 76 41.1349 26.2067
      vertex 70 41.3375 24.98
      vertex 76 41.3375 24.98
    endloop
  endfacet
  facet normal 0 -0.582453 0.812865
    outer loop
      vertex 70 34.0665 7.42629
      vertex 76 33.0558 6.70208
      vertex 76 34.0665 7.42629
    endloop
  endfacet
  facet normal 0 -0.582453 0.812865
    outer loop
      vertex 76 33.0558 6.70208
      vertex 70 34.0665 7.42629
      vertex 70 33.0558 6.70208
    endloop
  endfacet
  facet normal 0 -0.634391 0.773012
    outer loop
      vertex 70 35.0276 8.21504
      vertex 76 34.0665 7.42629
      vertex 76 35.0276 8.21504
    endloop
  endfacet
  facet normal 0 -0.634391 0.773012
    outer loop
      vertex 76 34.0665 7.42629
      vertex 70 35.0276 8.21504
      vertex 70 34.0665 7.42629
    endloop
  endfacet
  facet normal 0 -0.683617 0.729841
    outer loop
      vertex 70 35.935 9.06497
      vertex 76 35.0276 8.21504
      vertex 76 35.935 9.06497
    endloop
  endfacet
  facet normal 0 -0.683617 0.729841
    outer loop
      vertex 76 35.0276 8.21504
      vertex 70 35.935 9.06497
      vertex 70 35.0276 8.21504
    endloop
  endfacet
  facet normal -1.4843e-18 -0.99519 0.0979666
    outer loop
      vertex 70 41.3375 20.02
      vertex 76 41.4593 21.2573
      vertex 70 41.4593 21.2573
    endloop
  endfacet
  facet normal -1.4843e-18 -0.99519 0.0979666
    outer loop
      vertex 76 41.4593 21.2573
      vertex 70 41.3375 20.02
      vertex 76 41.3375 20.02
    endloop
  endfacet
  facet normal 1.13368e-18 -0.773022 0.634379
    outer loop
      vertex 70 36.785 9.97243
      vertex 76 37.5737 10.9335
      vertex 70 37.5737 10.9335
    endloop
  endfacet
  facet normal 1.13368e-18 -0.773022 0.634379
    outer loop
      vertex 76 37.5737 10.9335
      vertex 70 36.785 9.97243
      vertex 76 36.785 9.97243
    endloop
  endfacet
  facet normal 0 -0.227044 -0.973884
    outer loop
      vertex 70 26.2067 41.1349
      vertex 76 27.4176 40.8526
      vertex 76 26.2067 41.1349
    endloop
  endfacet
  facet normal -0 -0.227044 -0.973884
    outer loop
      vertex 76 27.4176 40.8526
      vertex 70 26.2067 41.1349
      vertex 70 27.4176 40.8526
    endloop
  endfacet
  facet normal 0 -0.528103 -0.84918
    outer loop
      vertex 70 32 38.9545
      vertex 76 33.0558 38.2979
      vertex 76 32 38.9545
    endloop
  endfacet
  facet normal -0 -0.528103 -0.84918
    outer loop
      vertex 76 33.0558 38.2979
      vertex 70 32 38.9545
      vertex 70 33.0558 38.2979
    endloop
  endfacet
  facet normal 0 -0.582447 -0.812869
    outer loop
      vertex 70 33.0558 38.2979
      vertex 76 34.0665 37.5737
      vertex 76 33.0558 38.2979
    endloop
  endfacet
  facet normal -0 -0.582447 -0.812869
    outer loop
      vertex 76 34.0665 37.5737
      vertex 70 33.0558 38.2979
      vertex 70 34.0665 37.5737
    endloop
  endfacet
  facet normal -2.48516e-18 -0.973884 -0.227044
    outer loop
      vertex 70 41.1349 26.2067
      vertex 76 40.8526 27.4176
      vertex 70 40.8526 27.4176
    endloop
  endfacet
  facet normal -2.48516e-18 -0.973884 -0.227044
    outer loop
      vertex 76 40.8526 27.4176
      vertex 70 41.1349 26.2067
      vertex 76 41.1349 26.2067
    endloop
  endfacet
  facet normal 5.25394e-18 -0.84918 -0.528103
    outer loop
      vertex 70 38.9545 32
      vertex 76 38.2979 33.0558
      vertex 70 38.2979 33.0558
    endloop
  endfacet
  facet normal 5.25394e-18 -0.84918 -0.528103
    outer loop
      vertex 76 38.2979 33.0558
      vertex 70 38.9545 32
      vertex 76 38.9545 32
    endloop
  endfacet
  facet normal 4.91969e-18 -0.881918 -0.471402
    outer loop
      vertex 70 39.5406 30.9035
      vertex 76 38.9545 32
      vertex 70 38.9545 32
    endloop
  endfacet
  facet normal 4.91969e-18 -0.881918 -0.471402
    outer loop
      vertex 76 38.9545 32
      vertex 70 39.5406 30.9035
      vertex 76 39.5406 30.9035
    endloop
  endfacet
  facet normal -6.83077e-18 -0.729813 -0.683647
    outer loop
      vertex 70 36.785 35.0276
      vertex 76 35.935 35.935
      vertex 70 35.935 35.935
    endloop
  endfacet
  facet normal -6.83077e-18 -0.729813 -0.683647
    outer loop
      vertex 76 35.935 35.935
      vertex 70 36.785 35.0276
      vertex 76 36.785 35.0276
    endloop
  endfacet
  facet normal -0 0.290306 0.956934
    outer loop
      vertex 70 17.5824 4.14741
      vertex 76 16.3927 4.50833
      vertex 76 17.5824 4.14741
    endloop
  endfacet
  facet normal 0 0.290306 0.956934
    outer loop
      vertex 76 16.3927 4.50833
      vertex 70 17.5824 4.14741
      vertex 70 16.3927 4.50833
    endloop
  endfacet
  facet normal 0 0.412688 -0.910873
    outer loop
      vertex 70 14.0965 39.5406
      vertex 76 15.229 40.0537
      vertex 76 14.0965 39.5406
    endloop
  endfacet
  facet normal 0 0.412688 -0.910873
    outer loop
      vertex 76 15.229 40.0537
      vertex 70 14.0965 39.5406
      vertex 70 15.229 40.0537
    endloop
  endfacet
  facet normal 0 -0.0980224 0.995184
    outer loop
      vertex 70 24.98 3.66255
      vertex 76 23.7427 3.54068
      vertex 76 24.98 3.66255
    endloop
  endfacet
  facet normal 0 -0.0980224 0.995184
    outer loop
      vertex 76 23.7427 3.54068
      vertex 70 24.98 3.66255
      vertex 70 23.7427 3.54068
    endloop
  endfacet
  facet normal 0 -0.412708 0.910864
    outer loop
      vertex 70 30.9035 5.45942
      vertex 76 29.771 4.94629
      vertex 76 30.9035 5.45942
    endloop
  endfacet
  facet normal 0 -0.412708 0.910864
    outer loop
      vertex 76 29.771 4.94629
      vertex 70 30.9035 5.45942
      vertex 70 29.771 4.94629
    endloop
  endfacet
  facet normal 0 -0.227067 0.973879
    outer loop
      vertex 70 27.4176 4.14741
      vertex 76 26.2067 3.86508
      vertex 76 27.4176 4.14741
    endloop
  endfacet
  facet normal 0 -0.227067 0.973879
    outer loop
      vertex 76 26.2067 3.86508
      vertex 70 27.4176 4.14741
      vertex 70 26.2067 3.86508
    endloop
  endfacet
  facet normal -5.02843e-18 -0.729836 0.683623
    outer loop
      vertex 70 35.935 9.06497
      vertex 76 36.785 9.97243
      vertex 70 36.785 9.97243
    endloop
  endfacet
  facet normal -5.02843e-18 -0.729836 0.683623
    outer loop
      vertex 76 36.785 9.97243
      vertex 70 35.935 9.06497
      vertex 76 35.935 9.06497
    endloop
  endfacet
  facet normal 0 -0.52808 0.849194
    outer loop
      vertex 70 33.0558 6.70208
      vertex 76 32 6.04552
      vertex 76 33.0558 6.70208
    endloop
  endfacet
  facet normal 0 -0.52808 0.849194
    outer loop
      vertex 76 32 6.04552
      vertex 70 33.0558 6.70208
      vertex 70 32 6.04552
    endloop
  endfacet
  facet normal 5.90409e-20 -0.999464 0.0327337
    outer loop
      vertex 70 41.4593 21.2573
      vertex 76 41.5 22.5
      vertex 70 41.5 22.5
    endloop
  endfacet
  facet normal 5.90409e-20 -0.999464 0.0327337
    outer loop
      vertex 76 41.5 22.5
      vertex 70 41.4593 21.2573
      vertex 76 41.4593 21.2573
    endloop
  endfacet
  facet normal -1.1897e-18 -0.935902 0.35226
    outer loop
      vertex 69.99 40.0537 15.229
      vertex 76 40.4917 16.3927
      vertex 69.99 40.4917 16.3927
    endloop
  endfacet
  facet normal -1.1897e-18 -0.935902 0.35226
    outer loop
      vertex 76 40.4917 16.3927
      vertex 69.99 40.0537 15.229
      vertex 76 40.0537 15.229
    endloop
  endfacet
  facet normal 0 -0.973862 0.227141
    outer loop
      vertex 69.99 40.95 18
      vertex 69.99 40.8526 17.5824
      vertex 70 40.95 18
    endloop
  endfacet
  facet normal 2.61491e-18 -0.973896 0.226993
    outer loop
      vertex 70 40.95 18
      vertex 76 41.1349 18.7933
      vertex 70 41.1349 18.7933
    endloop
  endfacet
  facet normal 0 -0.973862 0.227141
    outer loop
      vertex 76 40.8526 17.5824
      vertex 70 40.95 18
      vertex 69.99 40.8526 17.5824
    endloop
  endfacet
  facet normal -7.12847e-06 -0.973884 0.227044
    outer loop
      vertex 70 40.95 18
      vertex 76 40.8526 17.5824
      vertex 76 41.1349 18.7933
    endloop
  endfacet
  facet normal 2.10012e-18 -0.84918 0.528103
    outer loop
      vertex 70 38.2979 11.9442
      vertex 76 38.9545 13
      vertex 70 38.9545 13
    endloop
  endfacet
  facet normal 2.10012e-18 -0.84918 0.528103
    outer loop
      vertex 76 38.9545 13
      vertex 70 38.2979 11.9442
      vertex 76 38.2979 11.9442
    endloop
  endfacet
  facet normal 0 -0.910802 0.412844
    outer loop
      vertex 70 39.9499 15
      vertex 69.99 40.0537 15.229
      vertex 69.99 39.9499 15
    endloop
  endfacet
  facet normal 0 -0.910802 0.412844
    outer loop
      vertex 69.99 40.0537 15.229
      vertex 70 39.9499 15
      vertex 76 40.0537 15.229
    endloop
  endfacet
  facet normal 0 -0.910891 0.412648
    outer loop
      vertex 76 39.5406 14.0965
      vertex 70 39.9499 15
      vertex 70 39.5406 14.0965
    endloop
  endfacet
  facet normal 7.1851e-06 -0.910873 0.412688
    outer loop
      vertex 70 39.9499 15
      vertex 76 39.5406 14.0965
      vertex 76 40.0537 15.229
    endloop
  endfacet
  facet normal 2.23809e-18 -0.812869 0.582447
    outer loop
      vertex 70 37.5737 10.9335
      vertex 76 38.2979 11.9442
      vertex 70 38.2979 11.9442
    endloop
  endfacet
  facet normal 2.23809e-18 -0.812869 0.582447
    outer loop
      vertex 76 38.2979 11.9442
      vertex 70 37.5737 10.9335
      vertex 76 37.5737 10.9335
    endloop
  endfacet
  facet normal 0 -0.0327337 -0.999464
    outer loop
      vertex 70 22.5 41.5
      vertex 76 23.7427 41.4593
      vertex 76 22.5 41.5
    endloop
  endfacet
  facet normal -0 -0.0327337 -0.999464
    outer loop
      vertex 76 23.7427 41.4593
      vertex 70 22.5 41.5
      vertex 70 23.7427 41.4593
    endloop
  endfacet
  facet normal 0 -0.290291 -0.956938
    outer loop
      vertex 70 27.4176 40.8526
      vertex 76 28.6073 40.4917
      vertex 76 27.4176 40.8526
    endloop
  endfacet
  facet normal -0 -0.290291 -0.956938
    outer loop
      vertex 76 28.6073 40.4917
      vertex 70 27.4176 40.8526
      vertex 70 28.6073 40.4917
    endloop
  endfacet
  facet normal 0 -0.35226 -0.935902
    outer loop
      vertex 70 28.6073 40.4917
      vertex 76 29.771 40.0537
      vertex 76 28.6073 40.4917
    endloop
  endfacet
  facet normal -0 -0.35226 -0.935902
    outer loop
      vertex 76 29.771 40.0537
      vertex 70 28.6073 40.4917
      vertex 70 29.771 40.0537
    endloop
  endfacet
  facet normal 0 -0.471402 -0.881918
    outer loop
      vertex 70 30.9035 39.5406
      vertex 76 32 38.9545
      vertex 76 30.9035 39.5406
    endloop
  endfacet
  facet normal -0 -0.471402 -0.881918
    outer loop
      vertex 76 32 38.9545
      vertex 70 30.9035 39.5406
      vertex 70 32 38.9545
    endloop
  endfacet
  facet normal 0 -0.634367 -0.773032
    outer loop
      vertex 70 34.0665 37.5737
      vertex 76 35.0276 36.785
      vertex 76 34.0665 37.5737
    endloop
  endfacet
  facet normal -0 -0.634367 -0.773032
    outer loop
      vertex 76 35.0276 36.785
      vertex 70 34.0665 37.5737
      vertex 70 35.0276 36.785
    endloop
  endfacet
  facet normal 2.26014e-18 -0.956938 -0.290291
    outer loop
      vertex 70 40.8526 27.4176
      vertex 76 40.4917 28.6073
      vertex 70 40.4917 28.6073
    endloop
  endfacet
  facet normal 2.26014e-18 -0.956938 -0.290291
    outer loop
      vertex 76 40.4917 28.6073
      vertex 70 40.8526 27.4176
      vertex 76 40.8526 27.4176
    endloop
  endfacet
  facet normal -5.90409e-20 -0.999464 -0.0327337
    outer loop
      vertex 70 41.5 22.5
      vertex 76 41.4593 23.7427
      vertex 70 41.4593 23.7427
    endloop
  endfacet
  facet normal -5.90409e-20 -0.999464 -0.0327337
    outer loop
      vertex 76 41.4593 23.7427
      vertex 70 41.5 22.5
      vertex 76 41.5 22.5
    endloop
  endfacet
  facet normal 1.4843e-18 -0.99519 -0.0979666
    outer loop
      vertex 70 41.4593 23.7427
      vertex 76 41.3375 24.98
      vertex 70 41.3375 24.98
    endloop
  endfacet
  facet normal 1.4843e-18 -0.99519 -0.0979666
    outer loop
      vertex 76 41.3375 24.98
      vertex 70 41.4593 23.7427
      vertex 76 41.4593 23.7427
    endloop
  endfacet
  facet normal 6.453e-18 -0.910873 -0.412688
    outer loop
      vertex 70 40.0537 29.771
      vertex 76 39.5406 30.9035
      vertex 70 39.5406 30.9035
    endloop
  endfacet
  facet normal 6.453e-18 -0.910873 -0.412688
    outer loop
      vertex 76 39.5406 30.9035
      vertex 70 40.0537 29.771
      vertex 76 40.0537 29.771
    endloop
  endfacet
  facet normal -1.44614e-18 -0.773032 -0.634367
    outer loop
      vertex 70 37.5737 34.0665
      vertex 76 36.785 35.0276
      vertex 70 36.785 35.0276
    endloop
  endfacet
  facet normal -1.44614e-18 -0.773032 -0.634367
    outer loop
      vertex 76 36.785 35.0276
      vertex 70 37.5737 34.0665
      vertex 76 37.5737 34.0665
    endloop
  endfacet
  facet normal -2.23809e-18 -0.812869 -0.582447
    outer loop
      vertex 70 38.2979 33.0558
      vertex 76 37.5737 34.0665
      vertex 70 37.5737 34.0665
    endloop
  endfacet
  facet normal -2.23809e-18 -0.812869 -0.582447
    outer loop
      vertex 76 37.5737 34.0665
      vertex 70 38.2979 33.0558
      vertex 76 38.2979 33.0558
    endloop
  endfacet
  facet normal 0 -0.0327176 0.999465
    outer loop
      vertex 70 23.7427 3.54068
      vertex 76 22.5 3.5
      vertex 76 23.7427 3.54068
    endloop
  endfacet
  facet normal 0 -0.0327176 0.999465
    outer loop
      vertex 76 22.5 3.5
      vertex 70 23.7427 3.54068
      vertex 70 22.5 3.5
    endloop
  endfacet
  facet normal -0 0.0980224 0.995184
    outer loop
      vertex 70 21.2573 3.54068
      vertex 76 20.02 3.66255
      vertex 76 21.2573 3.54068
    endloop
  endfacet
  facet normal 0 0.0980224 0.995184
    outer loop
      vertex 76 20.02 3.66255
      vertex 70 21.2573 3.54068
      vertex 70 20.02 3.66255
    endloop
  endfacet
  facet normal -0 0.471402 0.881918
    outer loop
      vertex 70 14.0965 5.45942
      vertex 76 13 6.04552
      vertex 76 14.0965 5.45942
    endloop
  endfacet
  facet normal 0 0.471402 0.881918
    outer loop
      vertex 76 13 6.04552
      vertex 70 14.0965 5.45942
      vertex 70 13 6.04552
    endloop
  endfacet
  facet normal -0 0.352232 0.935913
    outer loop
      vertex 70 16.3927 4.50833
      vertex 76 15.229 4.94629
      vertex 76 16.3927 4.50833
    endloop
  endfacet
  facet normal 0 0.352232 0.935913
    outer loop
      vertex 76 15.229 4.94629
      vertex 70 16.3927 4.50833
      vertex 70 15.229 4.94629
    endloop
  endfacet
  facet normal 7.15072e-18 0.773002 0.634403
    outer loop
      vertex 76 8.21504 9.97243
      vertex 70 7.42629 10.9335
      vertex 76 7.42629 10.9335
    endloop
  endfacet
  facet normal 7.15072e-18 0.773002 0.634403
    outer loop
      vertex 70 7.42629 10.9335
      vertex 76 8.21504 9.97243
      vertex 70 8.21504 9.97243
    endloop
  endfacet
  facet normal -1.81855e-18 0.986643 -0.162896
    outer loop
      vertex 76 3.66255 24.98
      vertex 70 3.86508 26.2067
      vertex 76 3.86508 26.2067
    endloop
  endfacet
  facet normal -1.81855e-18 0.986643 -0.162896
    outer loop
      vertex 70 3.86508 26.2067
      vertex 76 3.66255 24.98
      vertex 70 3.66255 24.98
    endloop
  endfacet
  facet normal 0 0.227044 -0.973884
    outer loop
      vertex 70 17.5824 40.8526
      vertex 76 18.7933 41.1349
      vertex 76 17.5824 40.8526
    endloop
  endfacet
  facet normal 0 0.227044 -0.973884
    outer loop
      vertex 76 18.7933 41.1349
      vertex 70 17.5824 40.8526
      vertex 70 18.7933 41.1349
    endloop
  endfacet
  facet normal 0 0.162951 -0.986634
    outer loop
      vertex 70 18.7933 41.1349
      vertex 76 20.02 41.3375
      vertex 76 18.7933 41.1349
    endloop
  endfacet
  facet normal 0 0.162951 -0.986634
    outer loop
      vertex 76 20.02 41.3375
      vertex 70 18.7933 41.1349
      vertex 70 20.02 41.3375
    endloop
  endfacet
  facet normal -9.7015e-19 0.995184 0.0980224
    outer loop
      vertex 76 3.66255 20.02
      vertex 70 3.54068 21.2573
      vertex 76 3.54068 21.2573
    endloop
  endfacet
  facet normal -9.7015e-19 0.995184 0.0980224
    outer loop
      vertex 70 3.54068 21.2573
      vertex 76 3.66255 20.02
      vertex 70 3.66255 20.02
    endloop
  endfacet
  facet normal -2.2999e-18 0.956934 0.290306
    outer loop
      vertex 76 4.50833 16.3927
      vertex 69.99 4.14741 17.5824
      vertex 76 4.14741 17.5824
    endloop
  endfacet
  facet normal -2.2999e-18 0.956934 0.290306
    outer loop
      vertex 69.99 4.14741 17.5824
      vertex 76 4.50833 16.3927
      vertex 69.99 4.50833 16.3927
    endloop
  endfacet
  facet normal 0 0.910862 0.412712
    outer loop
      vertex 76 4.94629 15.229
      vertex 70 5.05005 15
      vertex 69.99 4.94629 15.229
    endloop
  endfacet
  facet normal 1.9169e-07 0.910864 0.412708
    outer loop
      vertex 76 5.45942 14.0965
      vertex 70 5.05005 15
      vertex 76 4.94629 15.229
    endloop
  endfacet
  facet normal 9.79181e-19 0.910864 0.412707
    outer loop
      vertex 70 5.05005 15
      vertex 76 5.45942 14.0965
      vertex 70 5.45942 14.0965
    endloop
  endfacet
  facet normal -5.52537e-17 0.910862 0.412712
    outer loop
      vertex 69.99 4.94629 15.229
      vertex 70 5.05005 15
      vertex 69.99 5.05005 15
    endloop
  endfacet
  facet normal 0 -0.290306 0.956934
    outer loop
      vertex 70 28.6073 4.50833
      vertex 76 27.4176 4.14741
      vertex 76 28.6073 4.50833
    endloop
  endfacet
  facet normal 0 -0.290306 0.956934
    outer loop
      vertex 76 27.4176 4.14741
      vertex 70 28.6073 4.50833
      vertex 70 27.4176 4.14741
    endloop
  endfacet
  facet normal 0 -0.162896 0.986643
    outer loop
      vertex 70 26.2067 3.86508
      vertex 76 24.98 3.66255
      vertex 76 26.2067 3.86508
    endloop
  endfacet
  facet normal 0 -0.162896 0.986643
    outer loop
      vertex 76 24.98 3.66255
      vertex 70 26.2067 3.86508
      vertex 70 24.98 3.66255
    endloop
  endfacet
  facet normal -2.25638e-18 -0.956938 0.290291
    outer loop
      vertex 69.99 40.4917 16.3927
      vertex 76 40.8526 17.5824
      vertex 69.99 40.8526 17.5824
    endloop
  endfacet
  facet normal -2.25638e-18 -0.956938 0.290291
    outer loop
      vertex 76 40.8526 17.5824
      vertex 69.99 40.4917 16.3927
      vertex 76 40.4917 16.3927
    endloop
  endfacet
  facet normal 4.3456e-18 -0.881918 0.471402
    outer loop
      vertex 70 38.9545 13
      vertex 76 39.5406 14.0965
      vertex 70 39.5406 14.0965
    endloop
  endfacet
  facet normal 4.3456e-18 -0.881918 0.471402
    outer loop
      vertex 76 39.5406 14.0965
      vertex 70 38.9545 13
      vertex 76 38.9545 13
    endloop
  endfacet
  facet normal 0 -0.0979666 -0.99519
    outer loop
      vertex 70 23.7427 41.4593
      vertex 76 24.98 41.3375
      vertex 76 23.7427 41.4593
    endloop
  endfacet
  facet normal -0 -0.0979666 -0.99519
    outer loop
      vertex 76 24.98 41.3375
      vertex 70 23.7427 41.4593
      vertex 70 24.98 41.3375
    endloop
  endfacet
  facet normal -0 0.227067 0.973879
    outer loop
      vertex 70 18.7933 3.86508
      vertex 76 17.5824 4.14741
      vertex 76 18.7933 3.86508
    endloop
  endfacet
  facet normal 0 0.227067 0.973879
    outer loop
      vertex 76 17.5824 4.14741
      vertex 70 18.7933 3.86508
      vertex 70 17.5824 4.14741
    endloop
  endfacet
  facet normal -0 0.162896 0.986643
    outer loop
      vertex 70 20.02 3.66255
      vertex 76 18.7933 3.86508
      vertex 76 20.02 3.66255
    endloop
  endfacet
  facet normal 0 0.162896 0.986643
    outer loop
      vertex 76 18.7933 3.86508
      vertex 70 20.02 3.66255
      vertex 70 18.7933 3.86508
    endloop
  endfacet
  facet normal 7.41183e-18 0.812865 0.582453
    outer loop
      vertex 76 7.42629 10.9335
      vertex 70 6.70208 11.9442
      vertex 76 6.70208 11.9442
    endloop
  endfacet
  facet normal 7.41183e-18 0.812865 0.582453
    outer loop
      vertex 70 6.70208 11.9442
      vertex 76 7.42629 10.9335
      vertex 70 7.42629 10.9335
    endloop
  endfacet
  facet normal -0 0.683593 0.729864
    outer loop
      vertex 70 9.97243 8.21504
      vertex 76 9.06497 9.06497
      vertex 76 9.97243 8.21504
    endloop
  endfacet
  facet normal 0 0.683593 0.729864
    outer loop
      vertex 76 9.06497 9.06497
      vertex 70 9.97243 8.21504
      vertex 70 9.06497 9.06497
    endloop
  endfacet
  facet normal -6.99793e-18 0.729864 0.683593
    outer loop
      vertex 76 9.06497 9.06497
      vertex 70 8.21504 9.97243
      vertex 76 8.21504 9.97243
    endloop
  endfacet
  facet normal -6.99793e-18 0.729864 0.683593
    outer loop
      vertex 70 8.21504 9.97243
      vertex 76 9.06497 9.06497
      vertex 70 9.06497 9.06497
    endloop
  endfacet
  facet normal -0 0.634403 0.773002
    outer loop
      vertex 70 10.9335 7.42629
      vertex 76 9.97243 8.21504
      vertex 76 10.9335 7.42629
    endloop
  endfacet
  facet normal 0 0.634403 0.773002
    outer loop
      vertex 76 9.97243 8.21504
      vertex 70 10.9335 7.42629
      vertex 70 9.97243 8.21504
    endloop
  endfacet
  facet normal 5.59551e-19 0.881918 -0.471402
    outer loop
      vertex 76 5.45942 30.9035
      vertex 70 6.04552 32
      vertex 76 6.04552 32
    endloop
  endfacet
  facet normal 5.59551e-19 0.881918 -0.471402
    outer loop
      vertex 70 6.04552 32
      vertex 76 5.45942 30.9035
      vertex 70 5.45942 30.9035
    endloop
  endfacet
  facet normal -6.0752e-18 0.849194 -0.52808
    outer loop
      vertex 76 6.04552 32
      vertex 70 6.70208 33.0558
      vertex 76 6.70208 33.0558
    endloop
  endfacet
  facet normal -6.0752e-18 0.849194 -0.52808
    outer loop
      vertex 70 6.70208 33.0558
      vertex 76 6.04552 32
      vertex 70 6.04552 32
    endloop
  endfacet
  facet normal 1 0 0
    outer loop
      vertex 69.99 40.95 18
      vertex 69.99 40.4917 16.3927
      vertex 69.99 40.8526 17.5824
    endloop
  endfacet
  facet normal 1 0 0
    outer loop
      vertex 69.99 39.9499 15
      vertex 69.99 40.4917 16.3927
      vertex 69.99 40.95 18
    endloop
  endfacet
  facet normal 1 0 0
    outer loop
      vertex 69.99 40.4917 16.3927
      vertex 69.99 39.9499 15
      vertex 69.99 40.0537 15.229
    endloop
  endfacet
  facet normal 1 0 0
    outer loop
      vertex 69.99 40.95 18
      vertex 69.99 5.05005 15
      vertex 69.99 39.9499 15
    endloop
  endfacet
  facet normal 1 -0 0
    outer loop
      vertex 69.99 4.50833 16.3927
      vertex 69.99 5.05005 15
      vertex 69.99 40.95 18
    endloop
  endfacet
  facet normal 1 0 0
    outer loop
      vertex 69.99 5.05005 15
      vertex 69.99 4.50833 16.3927
      vertex 69.99 4.94629 15.229
    endloop
  endfacet
  facet normal 1 -0 0
    outer loop
      vertex 69.99 4.05005 18
      vertex 69.99 4.50833 16.3927
      vertex 69.99 40.95 18
    endloop
  endfacet
  facet normal 1 0 0
    outer loop
      vertex 69.99 4.50833 16.3927
      vertex 69.99 4.05005 18
      vertex 69.99 4.14741 17.5824
    endloop
  endfacet
  facet normal 0 0.0327337 -0.999464
    outer loop
      vertex 70 21.2573 41.4593
      vertex 76 22.5 41.5
      vertex 76 21.2573 41.4593
    endloop
  endfacet
  facet normal 0 0.0327337 -0.999464
    outer loop
      vertex 76 22.5 41.5
      vertex 70 21.2573 41.4593
      vertex 70 22.5 41.5
    endloop
  endfacet
  facet normal 0 0.528103 -0.84918
    outer loop
      vertex 70 11.9442 38.2979
      vertex 76 13 38.9545
      vertex 76 11.9442 38.2979
    endloop
  endfacet
  facet normal 0 0.528103 -0.84918
    outer loop
      vertex 76 13 38.9545
      vertex 70 11.9442 38.2979
      vertex 70 13 38.9545
    endloop
  endfacet
  facet normal 0 0.683623 -0.729836
    outer loop
      vertex 70 9.06497 35.935
      vertex 76 9.97243 36.785
      vertex 76 9.06497 35.935
    endloop
  endfacet
  facet normal 0 0.683623 -0.729836
    outer loop
      vertex 76 9.97243 36.785
      vertex 70 9.06497 35.935
      vertex 70 9.97243 36.785
    endloop
  endfacet
  facet normal 0 0.290291 -0.956938
    outer loop
      vertex 70 16.3927 40.4917
      vertex 76 17.5824 40.8526
      vertex 76 16.3927 40.4917
    endloop
  endfacet
  facet normal 0 0.290291 -0.956938
    outer loop
      vertex 76 17.5824 40.8526
      vertex 70 16.3927 40.4917
      vertex 70 17.5824 40.8526
    endloop
  endfacet
  facet normal 1.81855e-18 0.986643 0.162896
    outer loop
      vertex 76 3.86508 18.7933
      vertex 70 3.66255 20.02
      vertex 76 3.66255 20.02
    endloop
  endfacet
  facet normal 1.81855e-18 0.986643 0.162896
    outer loop
      vertex 70 3.66255 20.02
      vertex 76 3.86508 18.7933
      vertex 70 3.86508 18.7933
    endloop
  endfacet
  facet normal 0 -0.352232 0.935913
    outer loop
      vertex 70 29.771 4.94629
      vertex 76 28.6073 4.50833
      vertex 76 29.771 4.94629
    endloop
  endfacet
  facet normal 0 -0.352232 0.935913
    outer loop
      vertex 76 28.6073 4.50833
      vertex 70 29.771 4.94629
      vertex 70 28.6073 4.50833
    endloop
  endfacet
  facet normal -0 0.412708 0.910864
    outer loop
      vertex 70 15.229 4.94629
      vertex 76 14.0965 5.45942
      vertex 76 15.229 4.94629
    endloop
  endfacet
  facet normal 0 0.412708 0.910864
    outer loop
      vertex 76 14.0965 5.45942
      vertex 70 15.229 4.94629
      vertex 70 14.0965 5.45942
    endloop
  endfacet
  facet normal -1.28626e-18 0.849194 0.52808
    outer loop
      vertex 76 6.70208 11.9442
      vertex 70 6.04552 13
      vertex 76 6.04552 13
    endloop
  endfacet
  facet normal -1.28626e-18 0.849194 0.52808
    outer loop
      vertex 70 6.04552 13
      vertex 76 6.70208 11.9442
      vertex 70 6.70208 11.9442
    endloop
  endfacet
  facet normal 5.05776e-18 0.881918 0.471402
    outer loop
      vertex 76 6.04552 13
      vertex 70 5.45942 14.0965
      vertex 76 5.45942 14.0965
    endloop
  endfacet
  facet normal 5.05776e-18 0.881918 0.471402
    outer loop
      vertex 70 5.45942 14.0965
      vertex 76 6.04552 13
      vertex 70 6.04552 13
    endloop
  endfacet
  facet normal -0 0.52808 0.849194
    outer loop
      vertex 70 13 6.04552
      vertex 76 11.9442 6.70208
      vertex 76 13 6.04552
    endloop
  endfacet
  facet normal 0 0.52808 0.849194
    outer loop
      vertex 76 11.9442 6.70208
      vertex 70 13 6.04552
      vertex 70 11.9442 6.70208
    endloop
  endfacet
  facet normal -0 0.582453 0.812865
    outer loop
      vertex 70 11.9442 6.70208
      vertex 76 10.9335 7.42629
      vertex 76 11.9442 6.70208
    endloop
  endfacet
  facet normal 0 0.582453 0.812865
    outer loop
      vertex 76 10.9335 7.42629
      vertex 70 11.9442 6.70208
      vertex 70 10.9335 7.42629
    endloop
  endfacet
  facet normal 5.74805e-18 0.910864 -0.412708
    outer loop
      vertex 76 4.94629 29.771
      vertex 70 5.45942 30.9035
      vertex 76 5.45942 30.9035
    endloop
  endfacet
  facet normal 5.74805e-18 0.910864 -0.412708
    outer loop
      vertex 70 5.45942 30.9035
      vertex 76 4.94629 29.771
      vertex 70 4.94629 29.771
    endloop
  endfacet
  facet normal 2.30374e-18 0.956934 -0.290306
    outer loop
      vertex 76 4.14741 27.4176
      vertex 70 4.50833 28.6073
      vertex 76 4.50833 28.6073
    endloop
  endfacet
  facet normal 2.30374e-18 0.956934 -0.290306
    outer loop
      vertex 70 4.50833 28.6073
      vertex 76 4.14741 27.4176
      vertex 70 4.14741 27.4176
    endloop
  endfacet
  facet normal 7.99324e-20 0.999465 0.0327176
    outer loop
      vertex 76 3.54068 21.2573
      vertex 70 3.5 22.5
      vertex 76 3.5 22.5
    endloop
  endfacet
  facet normal 7.99324e-20 0.999465 0.0327176
    outer loop
      vertex 70 3.5 22.5
      vertex 76 3.54068 21.2573
      vertex 70 3.54068 21.2573
    endloop
  endfacet
  facet normal -7.99324e-20 0.999465 -0.0327176
    outer loop
      vertex 76 3.5 22.5
      vertex 70 3.54068 23.7427
      vertex 76 3.54068 23.7427
    endloop
  endfacet
  facet normal -7.99324e-20 0.999465 -0.0327176
    outer loop
      vertex 70 3.54068 23.7427
      vertex 76 3.5 22.5
      vertex 70 3.5 22.5
    endloop
  endfacet
  facet normal 0 0.471402 -0.881918
    outer loop
      vertex 70 13 38.9545
      vertex 76 14.0965 39.5406
      vertex 76 13 38.9545
    endloop
  endfacet
  facet normal 0 0.471402 -0.881918
    outer loop
      vertex 76 14.0965 39.5406
      vertex 70 13 38.9545
      vertex 70 14.0965 39.5406
    endloop
  endfacet
  facet normal 0 0.634379 -0.773022
    outer loop
      vertex 70 9.97243 36.785
      vertex 76 10.9335 37.5737
      vertex 76 9.97243 36.785
    endloop
  endfacet
  facet normal 0 0.634379 -0.773022
    outer loop
      vertex 76 10.9335 37.5737
      vertex 70 9.97243 36.785
      vertex 70 10.9335 37.5737
    endloop
  endfacet
  facet normal 0 0.582447 -0.812869
    outer loop
      vertex 70 10.9335 37.5737
      vertex 76 11.9442 38.2979
      vertex 76 10.9335 37.5737
    endloop
  endfacet
  facet normal 0 0.582447 -0.812869
    outer loop
      vertex 76 11.9442 38.2979
      vertex 70 10.9335 37.5737
      vertex 70 11.9442 38.2979
    endloop
  endfacet
  facet normal 5.99532e-18 0.729841 -0.683617
    outer loop
      vertex 76 8.21504 35.0276
      vertex 70 9.06497 35.935
      vertex 76 9.06497 35.935
    endloop
  endfacet
  facet normal 5.99532e-18 0.729841 -0.683617
    outer loop
      vertex 70 9.06497 35.935
      vertex 76 8.21504 35.0276
      vertex 70 8.21504 35.0276
    endloop
  endfacet
  facet normal 0 0.0979666 -0.99519
    outer loop
      vertex 70 20.02 41.3375
      vertex 76 21.2573 41.4593
      vertex 76 20.02 41.3375
    endloop
  endfacet
  facet normal 0 0.0979666 -0.99519
    outer loop
      vertex 76 21.2573 41.4593
      vertex 70 20.02 41.3375
      vertex 70 21.2573 41.4593
    endloop
  endfacet
  facet normal 0 0.35226 -0.935902
    outer loop
      vertex 70 15.229 40.0537
      vertex 76 16.3927 40.4917
      vertex 76 15.229 40.0537
    endloop
  endfacet
  facet normal 0 0.35226 -0.935902
    outer loop
      vertex 76 16.3927 40.4917
      vertex 70 15.229 40.0537
      vertex 70 16.3927 40.4917
    endloop
  endfacet
  facet normal 0 0.973877 0.227074
    outer loop
      vertex 76 3.86508 18.7933
      vertex 70 4.05005 18
      vertex 70 3.86508 18.7933
    endloop
  endfacet
  facet normal 1.04339e-06 0.973879 0.227067
    outer loop
      vertex 76 4.14741 17.5824
      vertex 70 4.05005 18
      vertex 76 3.86508 18.7933
    endloop
  endfacet
  facet normal -0 0.973882 0.227053
    outer loop
      vertex 69.99 4.14741 17.5824
      vertex 70 4.05005 18
      vertex 76 4.14741 17.5824
    endloop
  endfacet
  facet normal 0 0.973882 0.227053
    outer loop
      vertex 70 4.05005 18
      vertex 69.99 4.14741 17.5824
      vertex 69.99 4.05005 18
    endloop
  endfacet
  facet normal 4.42517e-19 0.935913 0.352232
    outer loop
      vertex 76 4.94629 15.229
      vertex 69.99 4.50833 16.3927
      vertex 76 4.50833 16.3927
    endloop
  endfacet
  facet normal 4.42517e-19 0.935913 0.352232
    outer loop
      vertex 69.99 4.50833 16.3927
      vertex 76 4.94629 15.229
      vertex 69.99 4.94629 15.229
    endloop
  endfacet
  facet normal -4.43255e-19 0.935913 -0.352232
    outer loop
      vertex 76 4.50833 28.6073
      vertex 70 4.94629 29.771
      vertex 76 4.94629 29.771
    endloop
  endfacet
  facet normal -4.43255e-19 0.935913 -0.352232
    outer loop
      vertex 70 4.94629 29.771
      vertex 76 4.50833 28.6073
      vertex 70 4.50833 28.6073
    endloop
  endfacet
  facet normal -7.41183e-18 0.812865 -0.582453
    outer loop
      vertex 76 6.70208 33.0558
      vertex 70 7.42629 34.0665
      vertex 76 7.42629 34.0665
    endloop
  endfacet
  facet normal -7.41183e-18 0.812865 -0.582453
    outer loop
      vertex 70 7.42629 34.0665
      vertex 76 6.70208 33.0558
      vertex 70 6.70208 33.0558
    endloop
  endfacet
  facet normal -5.065e-18 0.773012 -0.634391
    outer loop
      vertex 76 7.42629 34.0665
      vertex 70 8.21504 35.0276
      vertex 76 8.21504 35.0276
    endloop
  endfacet
  facet normal -5.065e-18 0.773012 -0.634391
    outer loop
      vertex 70 8.21504 35.0276
      vertex 76 7.42629 34.0665
      vertex 70 7.42629 34.0665
    endloop
  endfacet
  facet normal 3.0374e-18 0.973879 -0.227067
    outer loop
      vertex 76 3.86508 26.2067
      vertex 70 4.14741 27.4176
      vertex 76 4.14741 27.4176
    endloop
  endfacet
  facet normal 3.0374e-18 0.973879 -0.227067
    outer loop
      vertex 70 4.14741 27.4176
      vertex 76 3.86508 26.2067
      vertex 70 3.86508 26.2067
    endloop
  endfacet
  facet normal 9.7015e-19 0.995184 -0.0980224
    outer loop
      vertex 76 3.54068 23.7427
      vertex 70 3.66255 24.98
      vertex 76 3.66255 24.98
    endloop
  endfacet
  facet normal 9.7015e-19 0.995184 -0.0980224
    outer loop
      vertex 70 3.66255 24.98
      vertex 76 3.54068 23.7427
      vertex 70 3.54068 23.7427
    endloop
  endfacet
  facet normal 0 0 -1
    outer loop
      vertex 0 6.5 42
      vertex 3 40.5 42
      vertex 3 6.5 42
    endloop
  endfacet
  facet normal -0 0 -1
    outer loop
      vertex 3 40.5 42
      vertex 0 6.5 42
      vertex 0 40.5 42
    endloop
  endfacet
  facet normal 0 1 -0
    outer loop
      vertex 3 6.5 18
      vertex 0 6.5 42
      vertex 3 6.5 42
    endloop
  endfacet
  facet normal 0 1 0
    outer loop
      vertex 0 6.5 42
      vertex 3 6.5 18
      vertex 0 6.5 18
    endloop
  endfacet
  facet normal 0 -1 0
    outer loop
      vertex 0 40.5 18
      vertex 3 40.5 42
      vertex 0 40.5 42
    endloop
  endfacet
  facet normal 0 -1 -0
    outer loop
      vertex 3 40.5 42
      vertex 0 40.5 18
      vertex 3 40.5 18
    endloop
  endfacet
  facet normal 0 -1 0
    outer loop
      vertex 0 40.5 3
      vertex 3 40.5 15
      vertex 0 40.5 15
    endloop
  endfacet
  facet normal 0 -1 -0
    outer loop
      vertex 3 40.5 15
      vertex 0 40.5 3
      vertex 3 40.5 3
    endloop
  endfacet
  facet normal 0 1 -0
    outer loop
      vertex 3 6.5 3
      vertex 0 6.5 15
      vertex 3 6.5 15
    endloop
  endfacet
  facet normal 0 1 0
    outer loop
      vertex 0 6.5 15
      vertex 3 6.5 3
      vertex 0 6.5 3
    endloop
  endfacet
endsolid OpenSCAD_Model
