solid OpenSCAD_Model
  facet normal 0.998431 0.0560014 -7.15051e-19
    outer loop
      vertex -42 1 9
      vertex -42.0314 1.55982 6
      vertex -42.0314 1.55982 9
    endloop
  endfacet
  facet normal 0.998431 0.0560014 -7.15051e-19
    outer loop
      vertex -42.0314 1.55982 6
      vertex -42 1 9
      vertex -42 1 6
    endloop
  endfacet
  facet normal -0.998431 0.0560014 7.15051e-19
    outer loop
      vertex -52 1 6
      vertex -51.9686 1.55982 9
      vertex -51.9686 1.55982 6
    endloop
  endfacet
  facet normal -0.998431 0.0560014 7.15051e-19
    outer loop
      vertex -51.9686 1.55982 9
      vertex -52 1 6
      vertex -52 1 9
    endloop
  endfacet
  facet normal 0.0560745 0.998427 -0
    outer loop
      vertex -46.4402 5.96856 6
      vertex -47 6 9
      vertex -46.4402 5.96856 9
    endloop
  endfacet
  facet normal 0.0560745 0.998427 0
    outer loop
      vertex -47 6 9
      vertex -46.4402 5.96856 6
      vertex -47 6 6
    endloop
  endfacet
  facet normal 0.745571 0.666427 2.31212e-18
    outer loop
      vertex -43.0908 4.11745 9
      vertex -43.4645 4.53553 6
      vertex -43.4645 4.53553 9
    endloop
  endfacet
  facet normal 0.745571 0.666427 2.31212e-18
    outer loop
      vertex -43.4645 4.53553 6
      vertex -43.0908 4.11745 9
      vertex -43.0908 4.11745 6
    endloop
  endfacet
  facet normal -0.66634 0.745648 0
    outer loop
      vertex -50.1174 4.90916 6
      vertex -50.5355 4.53553 9
      vertex -50.1174 4.90916 9
    endloop
  endfacet
  facet normal -0.66634 0.745648 0
    outer loop
      vertex -50.5355 4.53553 9
      vertex -50.1174 4.90916 6
      vertex -50.5355 4.53553 6
    endloop
  endfacet
  facet normal -0.276826 0.96092 0
    outer loop
      vertex -48.1126 5.87464 6
      vertex -48.6514 5.71942 9
      vertex -48.1126 5.87464 9
    endloop
  endfacet
  facet normal -0.276826 0.96092 0
    outer loop
      vertex -48.6514 5.71942 9
      vertex -48.1126 5.87464 6
      vertex -48.6514 5.71942 6
    endloop
  endfacet
  facet normal 0.923864 0.382721 3.91551e-18
    outer loop
      vertex -42.2806 2.65139 9
      vertex -42.4952 3.16942 6
      vertex -42.4952 3.16942 9
    endloop
  endfacet
  facet normal 0.923864 0.382721 3.91551e-18
    outer loop
      vertex -42.4952 3.16942 6
      vertex -42.2806 2.65139 9
      vertex -42.2806 2.65139 6
    endloop
  endfacet
  facet normal 0.985848 0.167643 0
    outer loop
      vertex -42.0314 1.55982 9
      vertex -42.1254 2.1126 6
      vertex -42.1254 2.1126 9
    endloop
  endfacet
  facet normal 0.985848 0.167643 0
    outer loop
      vertex -42.1254 2.1126 6
      vertex -42.0314 1.55982 9
      vertex -42.0314 1.55982 6
    endloop
  endfacet
  facet normal 0.87524 0.483688 -2.79579e-18
    outer loop
      vertex -42.4952 3.16942 9
      vertex -42.7664 3.66016 6
      vertex -42.7664 3.66016 9
    endloop
  endfacet
  facet normal 0.87524 0.483688 -2.79579e-18
    outer loop
      vertex -42.7664 3.66016 6
      vertex -42.4952 3.16942 9
      vertex -42.4952 3.16942 6
    endloop
  endfacet
  facet normal 0.38271 0.923869 -0
    outer loop
      vertex -44.8306 5.50484 6
      vertex -45.3486 5.71942 9
      vertex -44.8306 5.50484 9
    endloop
  endfacet
  facet normal 0.38271 0.923869 0
    outer loop
      vertex -45.3486 5.71942 9
      vertex -44.8306 5.50484 6
      vertex -45.3486 5.71942 6
    endloop
  endfacet
  facet normal 0.276826 0.96092 -0
    outer loop
      vertex -45.3486 5.71942 6
      vertex -45.8874 5.87464 9
      vertex -45.3486 5.71942 9
    endloop
  endfacet
  facet normal 0.276826 0.96092 0
    outer loop
      vertex -45.8874 5.87464 9
      vertex -45.3486 5.71942 6
      vertex -45.8874 5.87464 6
    endloop
  endfacet
  facet normal 0.578657 0.815571 -0
    outer loop
      vertex -43.8825 4.90916 6
      vertex -44.3398 5.23362 9
      vertex -43.8825 4.90916 9
    endloop
  endfacet
  facet normal 0.578657 0.815571 0
    outer loop
      vertex -44.3398 5.23362 9
      vertex -43.8825 4.90916 6
      vertex -44.3398 5.23362 6
    endloop
  endfacet
  facet normal -0.923864 0.382721 -3.91551e-18
    outer loop
      vertex -51.7194 2.65139 6
      vertex -51.5048 3.16942 9
      vertex -51.5048 3.16942 6
    endloop
  endfacet
  facet normal -0.923864 0.382721 -3.91551e-18
    outer loop
      vertex -51.5048 3.16942 9
      vertex -51.7194 2.65139 6
      vertex -51.7194 2.65139 9
    endloop
  endfacet
  facet normal -0.960928 0.276798 -6.68726e-19
    outer loop
      vertex -51.8746 2.1126 6
      vertex -51.7194 2.65139 9
      vertex -51.7194 2.65139 6
    endloop
  endfacet
  facet normal -0.960928 0.276798 -6.68726e-19
    outer loop
      vertex -51.7194 2.65139 9
      vertex -51.8746 2.1126 6
      vertex -51.8746 2.1126 9
    endloop
  endfacet
  facet normal -0.167498 0.985872 0
    outer loop
      vertex -47.5598 5.96856 6
      vertex -48.1126 5.87464 9
      vertex -47.5598 5.96856 9
    endloop
  endfacet
  facet normal -0.167498 0.985872 0
    outer loop
      vertex -48.1126 5.87464 9
      vertex -47.5598 5.96856 6
      vertex -48.1126 5.87464 6
    endloop
  endfacet
  facet normal 0.960928 -0.276798 3.25097e-18
    outer loop
      vertex -42.2806 -0.651395 9
      vertex -42.1254 -0.112604 6
      vertex -42.1254 -0.112604 9
    endloop
  endfacet
  facet normal 0.960928 -0.276798 3.25097e-18
    outer loop
      vertex -42.1254 -0.112604 6
      vertex -42.2806 -0.651395 9
      vertex -42.2806 -0.651395 6
    endloop
  endfacet
  facet normal -0.38271 -0.923869 0
    outer loop
      vertex -49.1694 -3.50484 6
      vertex -48.6514 -3.71942 9
      vertex -49.1694 -3.50484 9
    endloop
  endfacet
  facet normal -0.38271 -0.923869 -0
    outer loop
      vertex -48.6514 -3.71942 9
      vertex -49.1694 -3.50484 6
      vertex -48.6514 -3.71942 6
    endloop
  endfacet
  facet normal -0.276826 -0.96092 0
    outer loop
      vertex -48.6514 -3.71942 6
      vertex -48.1126 -3.87464 9
      vertex -48.6514 -3.71942 9
    endloop
  endfacet
  facet normal -0.276826 -0.96092 -0
    outer loop
      vertex -48.1126 -3.87464 9
      vertex -48.6514 -3.71942 6
      vertex -48.1126 -3.87464 6
    endloop
  endfacet
  facet normal 0.960928 0.276798 6.68726e-19
    outer loop
      vertex -42.1254 2.1126 9
      vertex -42.2806 2.65139 6
      vertex -42.2806 2.65139 9
    endloop
  endfacet
  facet normal 0.960928 0.276798 6.68726e-19
    outer loop
      vertex -42.2806 2.65139 6
      vertex -42.1254 2.1126 9
      vertex -42.1254 2.1126 6
    endloop
  endfacet
  facet normal 0.815615 0.578595 7.57392e-19
    outer loop
      vertex -42.7664 3.66016 9
      vertex -43.0908 4.11745 6
      vertex -43.0908 4.11745 9
    endloop
  endfacet
  facet normal 0.815615 0.578595 7.57392e-19
    outer loop
      vertex -43.0908 4.11745 6
      vertex -42.7664 3.66016 9
      vertex -42.7664 3.66016 6
    endloop
  endfacet
  facet normal 0.167498 0.985872 -0
    outer loop
      vertex -45.8874 5.87464 6
      vertex -46.4402 5.96856 9
      vertex -45.8874 5.87464 9
    endloop
  endfacet
  facet normal 0.167498 0.985872 0
    outer loop
      vertex -46.4402 5.96856 9
      vertex -45.8874 5.87464 6
      vertex -46.4402 5.96856 6
    endloop
  endfacet
  facet normal 0.48367 0.87525 -0
    outer loop
      vertex -44.3398 5.23362 6
      vertex -44.8306 5.50484 9
      vertex -44.3398 5.23362 9
    endloop
  endfacet
  facet normal 0.48367 0.87525 0
    outer loop
      vertex -44.8306 5.50484 9
      vertex -44.3398 5.23362 6
      vertex -44.8306 5.50484 6
    endloop
  endfacet
  facet normal 0.666428 0.745569 -0
    outer loop
      vertex -43.4645 4.53553 6
      vertex -43.8825 4.90916 9
      vertex -43.4645 4.53553 9
    endloop
  endfacet
  facet normal 0.666428 0.745569 0
    outer loop
      vertex -43.8825 4.90916 9
      vertex -43.4645 4.53553 6
      vertex -43.8825 4.90916 6
    endloop
  endfacet
  facet normal -0.815615 0.578595 -7.57392e-19
    outer loop
      vertex -51.2336 3.66016 6
      vertex -50.9092 4.11745 9
      vertex -50.9092 4.11745 6
    endloop
  endfacet
  facet normal -0.815615 0.578595 -7.57392e-19
    outer loop
      vertex -50.9092 4.11745 9
      vertex -51.2336 3.66016 6
      vertex -51.2336 3.66016 9
    endloop
  endfacet
  facet normal -0.745571 0.666427 -2.31212e-18
    outer loop
      vertex -50.9092 4.11745 6
      vertex -50.5355 4.53553 9
      vertex -50.5355 4.53553 6
    endloop
  endfacet
  facet normal -0.745571 0.666427 -2.31212e-18
    outer loop
      vertex -50.5355 4.53553 9
      vertex -50.9092 4.11745 6
      vertex -50.9092 4.11745 9
    endloop
  endfacet
  facet normal -0.87524 0.483688 2.79579e-18
    outer loop
      vertex -51.5048 3.16942 6
      vertex -51.2336 3.66016 9
      vertex -51.2336 3.66016 6
    endloop
  endfacet
  facet normal -0.87524 0.483688 2.79579e-18
    outer loop
      vertex -51.2336 3.66016 9
      vertex -51.5048 3.16942 6
      vertex -51.5048 3.16942 9
    endloop
  endfacet
  facet normal -0.985848 0.167643 0
    outer loop
      vertex -51.9686 1.55982 6
      vertex -51.8746 2.1126 9
      vertex -51.8746 2.1126 6
    endloop
  endfacet
  facet normal -0.985848 0.167643 0
    outer loop
      vertex -51.8746 2.1126 9
      vertex -51.9686 1.55982 6
      vertex -51.9686 1.55982 9
    endloop
  endfacet
  facet normal -0.48367 0.87525 0
    outer loop
      vertex -49.1694 5.50484 6
      vertex -49.6602 5.23362 9
      vertex -49.1694 5.50484 9
    endloop
  endfacet
  facet normal -0.48367 0.87525 0
    outer loop
      vertex -49.6602 5.23362 9
      vertex -49.1694 5.50484 6
      vertex -49.6602 5.23362 6
    endloop
  endfacet
  facet normal -0.38271 0.923869 0
    outer loop
      vertex -48.6514 5.71942 6
      vertex -49.1694 5.50484 9
      vertex -48.6514 5.71942 9
    endloop
  endfacet
  facet normal -0.38271 0.923869 0
    outer loop
      vertex -49.1694 5.50484 9
      vertex -48.6514 5.71942 6
      vertex -49.1694 5.50484 6
    endloop
  endfacet
  facet normal -0.578742 0.815511 0
    outer loop
      vertex -49.6602 5.23362 6
      vertex -50.1174 4.90916 9
      vertex -49.6602 5.23362 9
    endloop
  endfacet
  facet normal -0.578742 0.815511 0
    outer loop
      vertex -50.1174 4.90916 9
      vertex -49.6602 5.23362 6
      vertex -50.1174 4.90916 6
    endloop
  endfacet
  facet normal -0.0560745 0.998427 0
    outer loop
      vertex -47 6 6
      vertex -47.5598 5.96856 9
      vertex -47 6 9
    endloop
  endfacet
  facet normal -0.0560745 0.998427 0
    outer loop
      vertex -47.5598 5.96856 9
      vertex -47 6 6
      vertex -47.5598 5.96856 6
    endloop
  endfacet
  facet normal 0.998431 -0.0560011 1.6718e-19
    outer loop
      vertex -42.0314 0.440177 9
      vertex -42 1 6
      vertex -42 1 9
    endloop
  endfacet
  facet normal 0.998431 -0.0560011 1.6718e-19
    outer loop
      vertex -42 1 6
      vertex -42.0314 0.440177 9
      vertex -42.0314 0.440177 6
    endloop
  endfacet
  facet normal 0.0560745 -0.998427 0
    outer loop
      vertex -47 -4 6
      vertex -46.4402 -3.96856 9
      vertex -47 -4 9
    endloop
  endfacet
  facet normal 0.0560745 -0.998427 0
    outer loop
      vertex -46.4402 -3.96856 9
      vertex -47 -4 6
      vertex -46.4402 -3.96856 6
    endloop
  endfacet
  facet normal 0.276826 -0.96092 0
    outer loop
      vertex -45.8874 -3.87464 6
      vertex -45.3486 -3.71942 9
      vertex -45.8874 -3.87464 9
    endloop
  endfacet
  facet normal 0.276826 -0.96092 0
    outer loop
      vertex -45.3486 -3.71942 9
      vertex -45.8874 -3.87464 6
      vertex -45.3486 -3.71942 6
    endloop
  endfacet
  facet normal 0.578657 -0.815571 0
    outer loop
      vertex -44.3398 -3.23362 6
      vertex -43.8825 -2.90916 9
      vertex -44.3398 -3.23362 9
    endloop
  endfacet
  facet normal 0.578657 -0.815571 0
    outer loop
      vertex -43.8825 -2.90916 9
      vertex -44.3398 -3.23362 6
      vertex -43.8825 -2.90916 6
    endloop
  endfacet
  facet normal 0.38271 -0.923869 0
    outer loop
      vertex -45.3486 -3.71942 6
      vertex -44.8306 -3.50484 9
      vertex -45.3486 -3.71942 9
    endloop
  endfacet
  facet normal 0.38271 -0.923869 0
    outer loop
      vertex -44.8306 -3.50484 9
      vertex -45.3486 -3.71942 6
      vertex -44.8306 -3.50484 6
    endloop
  endfacet
  facet normal 0.745571 -0.666427 -1.97376e-18
    outer loop
      vertex -43.4645 -2.53553 9
      vertex -43.0908 -2.11745 6
      vertex -43.0908 -2.11745 9
    endloop
  endfacet
  facet normal 0.745571 -0.666427 -1.97376e-18
    outer loop
      vertex -43.0908 -2.11745 6
      vertex -43.4645 -2.53553 9
      vertex -43.4645 -2.53553 6
    endloop
  endfacet
  facet normal 0.87524 -0.483688 -2.80385e-18
    outer loop
      vertex -42.7664 -1.66016 9
      vertex -42.4952 -1.16942 6
      vertex -42.4952 -1.16942 9
    endloop
  endfacet
  facet normal 0.87524 -0.483688 -2.80385e-18
    outer loop
      vertex -42.4952 -1.16942 6
      vertex -42.7664 -1.66016 9
      vertex -42.7664 -1.66016 6
    endloop
  endfacet
  facet normal -0.66634 -0.745648 0
    outer loop
      vertex -50.5355 -2.53553 6
      vertex -50.1174 -2.90916 9
      vertex -50.5355 -2.53553 9
    endloop
  endfacet
  facet normal -0.66634 -0.745648 -0
    outer loop
      vertex -50.1174 -2.90916 9
      vertex -50.5355 -2.53553 6
      vertex -50.1174 -2.90916 6
    endloop
  endfacet
  facet normal -0.48367 -0.87525 0
    outer loop
      vertex -49.6602 -3.23362 6
      vertex -49.1694 -3.50484 9
      vertex -49.6602 -3.23362 9
    endloop
  endfacet
  facet normal -0.48367 -0.87525 -0
    outer loop
      vertex -49.1694 -3.50484 9
      vertex -49.6602 -3.23362 6
      vertex -49.1694 -3.50484 6
    endloop
  endfacet
  facet normal -0.167498 -0.985872 0
    outer loop
      vertex -48.1126 -3.87464 6
      vertex -47.5598 -3.96856 9
      vertex -48.1126 -3.87464 9
    endloop
  endfacet
  facet normal -0.167498 -0.985872 -0
    outer loop
      vertex -47.5598 -3.96856 9
      vertex -48.1126 -3.87464 6
      vertex -47.5598 -3.96856 6
    endloop
  endfacet
  facet normal -0.923862 -0.382725 2.24781e-18
    outer loop
      vertex -51.5048 -1.16942 6
      vertex -51.7194 -0.651395 9
      vertex -51.7194 -0.651395 6
    endloop
  endfacet
  facet normal -0.923862 -0.382725 2.24781e-18
    outer loop
      vertex -51.7194 -0.651395 9
      vertex -51.5048 -1.16942 6
      vertex -51.5048 -1.16942 9
    endloop
  endfacet
  facet normal -0.815615 -0.578595 7.43694e-18
    outer loop
      vertex -50.9092 -2.11745 6
      vertex -51.2336 -1.66016 9
      vertex -51.2336 -1.66016 6
    endloop
  endfacet
  facet normal -0.815615 -0.578595 7.43694e-18
    outer loop
      vertex -51.2336 -1.66016 9
      vertex -50.9092 -2.11745 6
      vertex -50.9092 -2.11745 9
    endloop
  endfacet
  facet normal -0.960928 -0.276798 -3.25097e-18
    outer loop
      vertex -51.7194 -0.651395 6
      vertex -51.8746 -0.112604 9
      vertex -51.8746 -0.112604 6
    endloop
  endfacet
  facet normal -0.960928 -0.276798 -3.25097e-18
    outer loop
      vertex -51.8746 -0.112604 9
      vertex -51.7194 -0.651395 6
      vertex -51.7194 -0.651395 9
    endloop
  endfacet
  facet normal -0.998431 -0.0560011 -1.6718e-19
    outer loop
      vertex -51.9686 0.440177 6
      vertex -52 1 9
      vertex -52 1 6
    endloop
  endfacet
  facet normal -0.998431 -0.0560011 -1.6718e-19
    outer loop
      vertex -52 1 9
      vertex -51.9686 0.440177 6
      vertex -51.9686 0.440177 9
    endloop
  endfacet
  facet normal 0.167498 -0.985872 0
    outer loop
      vertex -46.4402 -3.96856 6
      vertex -45.8874 -3.87464 9
      vertex -46.4402 -3.96856 9
    endloop
  endfacet
  facet normal 0.167498 -0.985872 0
    outer loop
      vertex -45.8874 -3.87464 9
      vertex -46.4402 -3.96856 6
      vertex -45.8874 -3.87464 6
    endloop
  endfacet
  facet normal 0.666428 -0.745569 0
    outer loop
      vertex -43.8825 -2.90916 6
      vertex -43.4645 -2.53553 9
      vertex -43.8825 -2.90916 9
    endloop
  endfacet
  facet normal 0.666428 -0.745569 0
    outer loop
      vertex -43.4645 -2.53553 9
      vertex -43.8825 -2.90916 6
      vertex -43.4645 -2.53553 6
    endloop
  endfacet
  facet normal 0.48367 -0.87525 0
    outer loop
      vertex -44.8306 -3.50484 6
      vertex -44.3398 -3.23362 9
      vertex -44.8306 -3.50484 9
    endloop
  endfacet
  facet normal 0.48367 -0.87525 0
    outer loop
      vertex -44.3398 -3.23362 9
      vertex -44.8306 -3.50484 6
      vertex -44.3398 -3.23362 6
    endloop
  endfacet
  facet normal 0.815615 -0.578595 -7.43694e-18
    outer loop
      vertex -43.0908 -2.11745 9
      vertex -42.7664 -1.66016 6
      vertex -42.7664 -1.66016 9
    endloop
  endfacet
  facet normal 0.815615 -0.578595 -7.43694e-18
    outer loop
      vertex -42.7664 -1.66016 6
      vertex -43.0908 -2.11745 9
      vertex -43.0908 -2.11745 6
    endloop
  endfacet
  facet normal 0.923862 -0.382725 -2.24781e-18
    outer loop
      vertex -42.4952 -1.16942 9
      vertex -42.2806 -0.651395 6
      vertex -42.2806 -0.651395 9
    endloop
  endfacet
  facet normal 0.923862 -0.382725 -2.24781e-18
    outer loop
      vertex -42.2806 -0.651395 6
      vertex -42.4952 -1.16942 9
      vertex -42.4952 -1.16942 6
    endloop
  endfacet
  facet normal 0.985848 -0.167643 -6.64676e-20
    outer loop
      vertex -42.1254 -0.112604 9
      vertex -42.0314 0.440177 6
      vertex -42.0314 0.440177 9
    endloop
  endfacet
  facet normal 0.985848 -0.167643 -6.64676e-20
    outer loop
      vertex -42.0314 0.440177 6
      vertex -42.1254 -0.112604 9
      vertex -42.1254 -0.112604 6
    endloop
  endfacet
  facet normal -0.578742 -0.815511 0
    outer loop
      vertex -50.1174 -2.90916 6
      vertex -49.6602 -3.23362 9
      vertex -50.1174 -2.90916 9
    endloop
  endfacet
  facet normal -0.578742 -0.815511 -0
    outer loop
      vertex -49.6602 -3.23362 9
      vertex -50.1174 -2.90916 6
      vertex -49.6602 -3.23362 6
    endloop
  endfacet
  facet normal -0.0560745 -0.998427 0
    outer loop
      vertex -47.5598 -3.96856 6
      vertex -47 -4 9
      vertex -47.5598 -3.96856 9
    endloop
  endfacet
  facet normal -0.0560745 -0.998427 -0
    outer loop
      vertex -47 -4 9
      vertex -47.5598 -3.96856 6
      vertex -47 -4 6
    endloop
  endfacet
  facet normal -0.87524 -0.483688 2.80385e-18
    outer loop
      vertex -51.2336 -1.66016 6
      vertex -51.5048 -1.16942 9
      vertex -51.5048 -1.16942 6
    endloop
  endfacet
  facet normal -0.87524 -0.483688 2.80385e-18
    outer loop
      vertex -51.5048 -1.16942 9
      vertex -51.2336 -1.66016 6
      vertex -51.2336 -1.66016 9
    endloop
  endfacet
  facet normal -0.745571 -0.666427 1.97376e-18
    outer loop
      vertex -50.5355 -2.53553 6
      vertex -50.9092 -2.11745 9
      vertex -50.9092 -2.11745 6
    endloop
  endfacet
  facet normal -0.745571 -0.666427 1.97376e-18
    outer loop
      vertex -50.9092 -2.11745 9
      vertex -50.5355 -2.53553 6
      vertex -50.5355 -2.53553 9
    endloop
  endfacet
  facet normal -0.985848 -0.167643 6.64676e-20
    outer loop
      vertex -51.8746 -0.112604 6
      vertex -51.9686 0.440177 9
      vertex -51.9686 0.440177 6
    endloop
  endfacet
  facet normal -0.985848 -0.167643 6.64676e-20
    outer loop
      vertex -51.9686 0.440177 9
      vertex -51.8746 -0.112604 6
      vertex -51.8746 -0.112604 9
    endloop
  endfacet
  facet normal 0 0 1
    outer loop
      vertex -45.5 1 9
      vertex -42 1 9
      vertex -42.0314 1.55982 9
    endloop
  endfacet
  facet normal 0 0 1
    outer loop
      vertex -45.5228 1.26047 9
      vertex -42.0314 1.55982 9
      vertex -42.1254 2.1126 9
    endloop
  endfacet
  facet normal 0 0 1
    outer loop
      vertex -42 1 9
      vertex -45.5 1 9
      vertex -42.0314 0.440177 9
    endloop
  endfacet
  facet normal 0 0 1
    outer loop
      vertex -45.5905 1.51303 9
      vertex -42.1254 2.1126 9
      vertex -42.2806 2.65139 9
    endloop
  endfacet
  facet normal -0 0 1
    outer loop
      vertex -45.5228 0.739528 9
      vertex -42.0314 0.440177 9
      vertex -45.5 1 9
    endloop
  endfacet
  facet normal 0 0 1
    outer loop
      vertex -45.5905 1.51303 9
      vertex -42.2806 2.65139 9
      vertex -42.4952 3.16942 9
    endloop
  endfacet
  facet normal 0 0 1
    outer loop
      vertex -42.0314 0.440177 9
      vertex -45.5228 0.739528 9
      vertex -42.1254 -0.112604 9
    endloop
  endfacet
  facet normal 0 0 1
    outer loop
      vertex -45.701 1.75 9
      vertex -42.4952 3.16942 9
      vertex -42.7664 3.66016 9
    endloop
  endfacet
  facet normal -0 0 1
    outer loop
      vertex -45.5905 0.486969 9
      vertex -42.1254 -0.112604 9
      vertex -45.5228 0.739528 9
    endloop
  endfacet
  facet normal 0 0 1
    outer loop
      vertex -45.8509 1.96418 9
      vertex -42.7664 3.66016 9
      vertex -43.0908 4.11745 9
    endloop
  endfacet
  facet normal 0 0 1
    outer loop
      vertex -42.1254 -0.112604 9
      vertex -45.5905 0.486969 9
      vertex -42.2806 -0.651395 9
    endloop
  endfacet
  facet normal 0 0 1
    outer loop
      vertex -45.8509 1.96418 9
      vertex -43.0908 4.11745 9
      vertex -43.4645 4.53553 9
    endloop
  endfacet
  facet normal 0 0 1
    outer loop
      vertex -42.2806 -0.651395 9
      vertex -45.5905 0.486969 9
      vertex -42.4952 -1.16942 9
    endloop
  endfacet
  facet normal 0 0 1
    outer loop
      vertex -46.0358 2.14907 9
      vertex -43.4645 4.53553 9
      vertex -43.8825 4.90916 9
    endloop
  endfacet
  facet normal -0 0 1
    outer loop
      vertex -45.701 0.25 9
      vertex -42.4952 -1.16942 9
      vertex -45.5905 0.486969 9
    endloop
  endfacet
  facet normal 0 0 1
    outer loop
      vertex -46.0358 2.14907 9
      vertex -43.8825 4.90916 9
      vertex -44.3398 5.23362 9
    endloop
  endfacet
  facet normal 0 0 1
    outer loop
      vertex -42.4952 -1.16942 9
      vertex -45.701 0.25 9
      vertex -42.7664 -1.66016 9
    endloop
  endfacet
  facet normal 0 0 1
    outer loop
      vertex -46.25 2.29904 9
      vertex -44.3398 5.23362 9
      vertex -44.8306 5.50484 9
    endloop
  endfacet
  facet normal -0 0 1
    outer loop
      vertex -45.8509 0.0358181 9
      vertex -42.7664 -1.66016 9
      vertex -45.701 0.25 9
    endloop
  endfacet
  facet normal 0 0 1
    outer loop
      vertex -46.487 2.40954 9
      vertex -44.8306 5.50484 9
      vertex -45.3486 5.71942 9
    endloop
  endfacet
  facet normal 0 0 1
    outer loop
      vertex -42.7664 -1.66016 9
      vertex -45.8509 0.0358181 9
      vertex -43.0908 -2.11745 9
    endloop
  endfacet
  facet normal 0 0 1
    outer loop
      vertex -43.0908 -2.11745 9
      vertex -45.8509 0.0358181 9
      vertex -43.4645 -2.53553 9
    endloop
  endfacet
  facet normal 0 0 1
    outer loop
      vertex -42.0314 1.55982 9
      vertex -45.5228 1.26047 9
      vertex -45.5 1 9
    endloop
  endfacet
  facet normal 0 0 1
    outer loop
      vertex -42.1254 2.1126 9
      vertex -45.5905 1.51303 9
      vertex -45.5228 1.26047 9
    endloop
  endfacet
  facet normal 0 0 1
    outer loop
      vertex -42.4952 3.16942 9
      vertex -45.701 1.75 9
      vertex -45.5905 1.51303 9
    endloop
  endfacet
  facet normal 0 0 1
    outer loop
      vertex -42.7664 3.66016 9
      vertex -45.8509 1.96418 9
      vertex -45.701 1.75 9
    endloop
  endfacet
  facet normal 0 0 1
    outer loop
      vertex -46.487 2.40954 9
      vertex -45.3486 5.71942 9
      vertex -45.8874 5.87464 9
    endloop
  endfacet
  facet normal 0 0 1
    outer loop
      vertex -43.4645 4.53553 9
      vertex -46.0358 2.14907 9
      vertex -45.8509 1.96418 9
    endloop
  endfacet
  facet normal 0 0 1
    outer loop
      vertex -44.3398 5.23362 9
      vertex -46.25 2.29904 9
      vertex -46.0358 2.14907 9
    endloop
  endfacet
  facet normal 0 0 1
    outer loop
      vertex -46.7395 2.47721 9
      vertex -45.8874 5.87464 9
      vertex -46.4402 5.96856 9
    endloop
  endfacet
  facet normal 0 0 1
    outer loop
      vertex -44.8306 5.50484 9
      vertex -46.487 2.40954 9
      vertex -46.25 2.29904 9
    endloop
  endfacet
  facet normal 0 0 1
    outer loop
      vertex -45.8874 5.87464 9
      vertex -46.7395 2.47721 9
      vertex -46.487 2.40954 9
    endloop
  endfacet
  facet normal 0 0 1
    outer loop
      vertex -47 2.5 9
      vertex -46.4402 5.96856 9
      vertex -47 6 9
    endloop
  endfacet
  facet normal 0 0 1
    outer loop
      vertex -46.4402 5.96856 9
      vertex -47 2.5 9
      vertex -46.7395 2.47721 9
    endloop
  endfacet
  facet normal -0 0 1
    outer loop
      vertex -47.5598 5.96856 9
      vertex -47 2.5 9
      vertex -47 6 9
    endloop
  endfacet
  facet normal 0 0 1
    outer loop
      vertex -47 2.5 9
      vertex -47.5598 5.96856 9
      vertex -47.2605 2.47721 9
    endloop
  endfacet
  facet normal -0 0 1
    outer loop
      vertex -48.1126 5.87464 9
      vertex -47.2605 2.47721 9
      vertex -47.5598 5.96856 9
    endloop
  endfacet
  facet normal 0 0 1
    outer loop
      vertex -47.2605 2.47721 9
      vertex -48.1126 5.87464 9
      vertex -47.513 2.40954 9
    endloop
  endfacet
  facet normal -0 0 1
    outer loop
      vertex -48.6514 5.71942 9
      vertex -47.513 2.40954 9
      vertex -48.1126 5.87464 9
    endloop
  endfacet
  facet normal -0 0 1
    outer loop
      vertex -49.1694 5.50484 9
      vertex -47.513 2.40954 9
      vertex -48.6514 5.71942 9
    endloop
  endfacet
  facet normal 0 0 1
    outer loop
      vertex -47.513 2.40954 9
      vertex -49.1694 5.50484 9
      vertex -47.75 2.29904 9
    endloop
  endfacet
  facet normal -0 0 1
    outer loop
      vertex -49.6602 5.23362 9
      vertex -47.75 2.29904 9
      vertex -49.1694 5.50484 9
    endloop
  endfacet
  facet normal 0 0 1
    outer loop
      vertex -47.75 2.29904 9
      vertex -49.6602 5.23362 9
      vertex -47.9642 2.14907 9
    endloop
  endfacet
  facet normal -0 0 1
    outer loop
      vertex -50.1174 4.90916 9
      vertex -47.9642 2.14907 9
      vertex -49.6602 5.23362 9
    endloop
  endfacet
  facet normal -0 0 1
    outer loop
      vertex -50.5355 4.53553 9
      vertex -47.9642 2.14907 9
      vertex -50.1174 4.90916 9
    endloop
  endfacet
  facet normal 0 0 1
    outer loop
      vertex -47.9642 2.14907 9
      vertex -50.5355 4.53553 9
      vertex -48.1491 1.96418 9
    endloop
  endfacet
  facet normal -0 0 1
    outer loop
      vertex -46.0358 -0.149066 9
      vertex -43.4645 -2.53553 9
      vertex -45.8509 0.0358181 9
    endloop
  endfacet
  facet normal 0 0 1
    outer loop
      vertex -43.4645 -2.53553 9
      vertex -46.0358 -0.149066 9
      vertex -43.8825 -2.90916 9
    endloop
  endfacet
  facet normal 0 0 1
    outer loop
      vertex -43.8825 -2.90916 9
      vertex -46.0358 -0.149066 9
      vertex -44.3398 -3.23362 9
    endloop
  endfacet
  facet normal -0 0 1
    outer loop
      vertex -46.25 -0.299038 9
      vertex -44.3398 -3.23362 9
      vertex -46.0358 -0.149066 9
    endloop
  endfacet
  facet normal 0 0 1
    outer loop
      vertex -44.3398 -3.23362 9
      vertex -46.25 -0.299038 9
      vertex -44.8306 -3.50484 9
    endloop
  endfacet
  facet normal -0 0 1
    outer loop
      vertex -46.487 -0.409538 9
      vertex -44.8306 -3.50484 9
      vertex -46.25 -0.299038 9
    endloop
  endfacet
  facet normal 0 0 1
    outer loop
      vertex -44.8306 -3.50484 9
      vertex -46.487 -0.409538 9
      vertex -45.3486 -3.71942 9
    endloop
  endfacet
  facet normal 0 0 1
    outer loop
      vertex -45.3486 -3.71942 9
      vertex -46.487 -0.409538 9
      vertex -45.8874 -3.87464 9
    endloop
  endfacet
  facet normal -0 0 1
    outer loop
      vertex -46.7395 -0.477211 9
      vertex -45.8874 -3.87464 9
      vertex -46.487 -0.409538 9
    endloop
  endfacet
  facet normal 0 0 1
    outer loop
      vertex -45.8874 -3.87464 9
      vertex -46.7395 -0.477211 9
      vertex -46.4402 -3.96856 9
    endloop
  endfacet
  facet normal -0 0 1
    outer loop
      vertex -47 -0.5 9
      vertex -46.4402 -3.96856 9
      vertex -46.7395 -0.477211 9
    endloop
  endfacet
  facet normal 0 0 1
    outer loop
      vertex -47 -0.5 9
      vertex -47 -4 9
      vertex -46.4402 -3.96856 9
    endloop
  endfacet
  facet normal 0 0 1
    outer loop
      vertex -47.5598 -3.96856 9
      vertex -47 -0.5 9
      vertex -47.2605 -0.477211 9
    endloop
  endfacet
  facet normal 0 0 1
    outer loop
      vertex -48.1126 -3.87464 9
      vertex -47.2605 -0.477211 9
      vertex -47.513 -0.409538 9
    endloop
  endfacet
  facet normal 0 0 1
    outer loop
      vertex -47 -0.5 9
      vertex -47.5598 -3.96856 9
      vertex -47 -4 9
    endloop
  endfacet
  facet normal 0 0 1
    outer loop
      vertex -49.1694 -3.50484 9
      vertex -47.513 -0.409538 9
      vertex -47.75 -0.299038 9
    endloop
  endfacet
  facet normal 0 0 1
    outer loop
      vertex -49.6602 -3.23362 9
      vertex -47.75 -0.299038 9
      vertex -47.9642 -0.149066 9
    endloop
  endfacet
  facet normal 0 0 1
    outer loop
      vertex -47.2605 -0.477211 9
      vertex -48.1126 -3.87464 9
      vertex -47.5598 -3.96856 9
    endloop
  endfacet
  facet normal 0 0 1
    outer loop
      vertex -50.5355 -2.53553 9
      vertex -47.9642 -0.149066 9
      vertex -48.1491 0.0358181 9
    endloop
  endfacet
  facet normal 0 0 1
    outer loop
      vertex -51.2336 -1.66016 9
      vertex -48.1491 0.0358181 9
      vertex -48.299 0.25 9
    endloop
  endfacet
  facet normal 0 0 1
    outer loop
      vertex -51.5048 -1.16942 9
      vertex -48.299 0.25 9
      vertex -48.4095 0.486969 9
    endloop
  endfacet
  facet normal 0 0 1
    outer loop
      vertex -51.8746 -0.112604 9
      vertex -48.4095 0.486969 9
      vertex -48.4772 0.739528 9
    endloop
  endfacet
  facet normal 0 0 1
    outer loop
      vertex -51.9686 0.440177 9
      vertex -48.4772 0.739528 9
      vertex -48.5 1 9
    endloop
  endfacet
  facet normal 0 0 1
    outer loop
      vertex -47.513 -0.409538 9
      vertex -48.6514 -3.71942 9
      vertex -48.1126 -3.87464 9
    endloop
  endfacet
  facet normal -0 0 1
    outer loop
      vertex -50.9092 4.11745 9
      vertex -48.1491 1.96418 9
      vertex -50.5355 4.53553 9
    endloop
  endfacet
  facet normal -0 0 1
    outer loop
      vertex -51.2336 3.66016 9
      vertex -48.1491 1.96418 9
      vertex -50.9092 4.11745 9
    endloop
  endfacet
  facet normal 0 0 1
    outer loop
      vertex -47.513 -0.409538 9
      vertex -49.1694 -3.50484 9
      vertex -48.6514 -3.71942 9
    endloop
  endfacet
  facet normal 0 0 1
    outer loop
      vertex -48.1491 1.96418 9
      vertex -51.2336 3.66016 9
      vertex -48.299 1.75 9
    endloop
  endfacet
  facet normal 0 0 1
    outer loop
      vertex -47.75 -0.299038 9
      vertex -49.6602 -3.23362 9
      vertex -49.1694 -3.50484 9
    endloop
  endfacet
  facet normal -0 0 1
    outer loop
      vertex -51.5048 3.16942 9
      vertex -48.299 1.75 9
      vertex -51.2336 3.66016 9
    endloop
  endfacet
  facet normal 0 0 1
    outer loop
      vertex -47.9642 -0.149066 9
      vertex -50.1174 -2.90916 9
      vertex -49.6602 -3.23362 9
    endloop
  endfacet
  facet normal 0 0 1
    outer loop
      vertex -48.299 1.75 9
      vertex -51.5048 3.16942 9
      vertex -48.4095 1.51303 9
    endloop
  endfacet
  facet normal 0 0 1
    outer loop
      vertex -47.9642 -0.149066 9
      vertex -50.5355 -2.53553 9
      vertex -50.1174 -2.90916 9
    endloop
  endfacet
  facet normal -0 0 1
    outer loop
      vertex -51.7194 2.65139 9
      vertex -48.4095 1.51303 9
      vertex -51.5048 3.16942 9
    endloop
  endfacet
  facet normal 0 0 1
    outer loop
      vertex -48.1491 0.0358181 9
      vertex -50.9092 -2.11745 9
      vertex -50.5355 -2.53553 9
    endloop
  endfacet
  facet normal -0 0 1
    outer loop
      vertex -51.8746 2.1126 9
      vertex -48.4095 1.51303 9
      vertex -51.7194 2.65139 9
    endloop
  endfacet
  facet normal 0 0 1
    outer loop
      vertex -48.1491 0.0358181 9
      vertex -51.2336 -1.66016 9
      vertex -50.9092 -2.11745 9
    endloop
  endfacet
  facet normal 0 0 1
    outer loop
      vertex -48.4095 1.51303 9
      vertex -51.8746 2.1126 9
      vertex -48.4772 1.26047 9
    endloop
  endfacet
  facet normal 0 0 1
    outer loop
      vertex -48.299 0.25 9
      vertex -51.5048 -1.16942 9
      vertex -51.2336 -1.66016 9
    endloop
  endfacet
  facet normal -0 0 1
    outer loop
      vertex -51.9686 1.55982 9
      vertex -48.4772 1.26047 9
      vertex -51.8746 2.1126 9
    endloop
  endfacet
  facet normal 0 0 1
    outer loop
      vertex -48.4095 0.486969 9
      vertex -51.7194 -0.651395 9
      vertex -51.5048 -1.16942 9
    endloop
  endfacet
  facet normal 0 0 1
    outer loop
      vertex -48.4772 1.26047 9
      vertex -51.9686 1.55982 9
      vertex -48.5 1 9
    endloop
  endfacet
  facet normal 0 0 1
    outer loop
      vertex -48.4095 0.486969 9
      vertex -51.8746 -0.112604 9
      vertex -51.7194 -0.651395 9
    endloop
  endfacet
  facet normal 0 0 1
    outer loop
      vertex -52 1 9
      vertex -48.5 1 9
      vertex -51.9686 1.55982 9
    endloop
  endfacet
  facet normal 0 0 1
    outer loop
      vertex -48.4772 0.739528 9
      vertex -51.9686 0.440177 9
      vertex -51.8746 -0.112604 9
    endloop
  endfacet
  facet normal 0 0 1
    outer loop
      vertex -48.5 1 9
      vertex -52 1 9
      vertex -51.9686 0.440177 9
    endloop
  endfacet
  facet normal -0.96082 0.277173 1.97259e-18
    outer loop
      vertex -51.8746 100.113 6
      vertex -51.7194 100.651 9
      vertex -51.7194 100.651 6
    endloop
  endfacet
  facet normal -0.96082 0.277173 1.97259e-18
    outer loop
      vertex -51.7194 100.651 9
      vertex -51.8746 100.113 6
      vertex -51.8746 100.113 9
    endloop
  endfacet
  facet normal 0.875349 0.483492 5.07387e-18
    outer loop
      vertex -42.4952 101.169 9
      vertex -42.7664 101.66 6
      vertex -42.7664 101.66 9
    endloop
  endfacet
  facet normal 0.875349 0.483492 5.07387e-18
    outer loop
      vertex -42.7664 101.66 6
      vertex -42.4952 101.169 9
      vertex -42.4952 101.169 6
    endloop
  endfacet
  facet normal 0.381826 0.924234 -0
    outer loop
      vertex -44.8306 103.505 6
      vertex -45.3486 103.719 9
      vertex -44.8306 103.505 9
    endloop
  endfacet
  facet normal 0.381826 0.924234 0
    outer loop
      vertex -45.3486 103.719 9
      vertex -44.8306 103.505 6
      vertex -45.3486 103.719 6
    endloop
  endfacet
  facet normal -0.27811 0.960549 0
    outer loop
      vertex -48.1126 103.875 6
      vertex -48.6514 103.719 9
      vertex -48.1126 103.875 9
    endloop
  endfacet
  facet normal -0.27811 0.960549 0
    outer loop
      vertex -48.6514 103.719 9
      vertex -48.1126 103.875 6
      vertex -48.6514 103.719 6
    endloop
  endfacet
  facet normal -0.923856 0.38274 3.2228e-20
    outer loop
      vertex -51.7194 100.651 6
      vertex -51.5048 101.169 9
      vertex -51.5048 101.169 6
    endloop
  endfacet
  facet normal -0.923856 0.38274 3.2228e-20
    outer loop
      vertex -51.5048 101.169 9
      vertex -51.7194 100.651 6
      vertex -51.7194 100.651 9
    endloop
  endfacet
  facet normal 0.998431 -0.0560034 -4.63289e-20
    outer loop
      vertex -42.0314 98.4402 9
      vertex -42 99 6
      vertex -42 99 9
    endloop
  endfacet
  facet normal 0.998431 -0.0560034 -4.63289e-20
    outer loop
      vertex -42 99 6
      vertex -42.0314 98.4402 9
      vertex -42.0314 98.4402 6
    endloop
  endfacet
  facet normal 0.985869 0.167519 7.2658e-19
    outer loop
      vertex -42.0314 99.5598 9
      vertex -42.1254 100.113 6
      vertex -42.1254 100.113 9
    endloop
  endfacet
  facet normal 0.985869 0.167519 7.2658e-19
    outer loop
      vertex -42.1254 100.113 6
      vertex -42.0314 99.5598 9
      vertex -42.0314 99.5598 6
    endloop
  endfacet
  facet normal 0.167637 0.985849 -0
    outer loop
      vertex -45.8874 103.875 6
      vertex -46.4402 103.969 9
      vertex -45.8874 103.875 9
    endloop
  endfacet
  facet normal 0.167637 0.985849 0
    outer loop
      vertex -46.4402 103.969 9
      vertex -45.8874 103.875 6
      vertex -46.4402 103.969 6
    endloop
  endfacet
  facet normal -0.579382 0.815056 0
    outer loop
      vertex -49.6602 103.234 6
      vertex -50.1174 102.909 9
      vertex -49.6602 103.234 9
    endloop
  endfacet
  facet normal -0.579382 0.815056 0
    outer loop
      vertex -50.1174 102.909 9
      vertex -49.6602 103.234 6
      vertex -50.1174 102.909 6
    endloop
  endfacet
  facet normal 0.998431 0.0560034 4.63289e-20
    outer loop
      vertex -42 99 9
      vertex -42.0314 99.5598 6
      vertex -42.0314 99.5598 9
    endloop
  endfacet
  facet normal 0.998431 0.0560034 4.63289e-20
    outer loop
      vertex -42.0314 99.5598 6
      vertex -42 99 9
      vertex -42 99 6
    endloop
  endfacet
  facet normal 0.923856 -0.38274 3.2228e-20
    outer loop
      vertex -42.4952 96.8306 9
      vertex -42.2806 97.3486 6
      vertex -42.2806 97.3486 9
    endloop
  endfacet
  facet normal 0.923856 -0.38274 3.2228e-20
    outer loop
      vertex -42.2806 97.3486 6
      vertex -42.4952 96.8306 9
      vertex -42.4952 96.8306 6
    endloop
  endfacet
  facet normal -0.0560034 -0.998431 0
    outer loop
      vertex -47.5598 94.0314 6
      vertex -47 94 9
      vertex -47.5598 94.0314 9
    endloop
  endfacet
  facet normal -0.0560034 -0.998431 -0
    outer loop
      vertex -47 94 9
      vertex -47.5598 94.0314 6
      vertex -47 94 6
    endloop
  endfacet
  facet normal 0.276793 -0.960929 0
    outer loop
      vertex -45.8874 94.1254 6
      vertex -45.3486 94.2806 9
      vertex -45.8874 94.1254 9
    endloop
  endfacet
  facet normal 0.276793 -0.960929 0
    outer loop
      vertex -45.3486 94.2806 9
      vertex -45.8874 94.1254 6
      vertex -45.3486 94.2806 6
    endloop
  endfacet
  facet normal 0.746298 0.665612 -6.99225e-18
    outer loop
      vertex -43.0908 102.117 9
      vertex -43.4645 102.536 6
      vertex -43.4645 102.536 9
    endloop
  endfacet
  facet normal 0.746298 0.665612 -6.99225e-18
    outer loop
      vertex -43.4645 102.536 6
      vertex -43.0908 102.117 9
      vertex -43.0908 102.117 6
    endloop
  endfacet
  facet normal 0.815442 0.578839 -1.13657e-18
    outer loop
      vertex -42.7664 101.66 9
      vertex -43.0908 102.117 6
      vertex -43.0908 102.117 9
    endloop
  endfacet
  facet normal 0.815442 0.578839 -1.13657e-18
    outer loop
      vertex -43.0908 102.117 6
      vertex -42.7664 101.66 9
      vertex -42.7664 101.66 6
    endloop
  endfacet
  facet normal 0.0552922 0.99847 -0
    outer loop
      vertex -46.4402 103.969 6
      vertex -47 104 9
      vertex -46.4402 103.969 9
    endloop
  endfacet
  facet normal 0.0552922 0.99847 0
    outer loop
      vertex -47 104 9
      vertex -46.4402 103.969 6
      vertex -47 104 6
    endloop
  endfacet
  facet normal 0.27811 0.960549 -0
    outer loop
      vertex -45.3486 103.719 6
      vertex -45.8874 103.875 9
      vertex -45.3486 103.719 9
    endloop
  endfacet
  facet normal 0.27811 0.960549 0
    outer loop
      vertex -45.8874 103.875 9
      vertex -45.3486 103.719 6
      vertex -45.8874 103.875 6
    endloop
  endfacet
  facet normal 0.665803 0.746128 -0
    outer loop
      vertex -43.4645 102.536 6
      vertex -43.8825 102.909 9
      vertex -43.4645 102.536 9
    endloop
  endfacet
  facet normal 0.665803 0.746128 0
    outer loop
      vertex -43.8825 102.909 9
      vertex -43.4645 102.536 6
      vertex -43.8825 102.909 6
    endloop
  endfacet
  facet normal 0.579298 0.815116 -0
    outer loop
      vertex -43.8825 102.909 6
      vertex -44.3398 103.234 9
      vertex -43.8825 102.909 9
    endloop
  endfacet
  facet normal 0.579298 0.815116 0
    outer loop
      vertex -44.3398 103.234 9
      vertex -43.8825 102.909 6
      vertex -44.3398 103.234 6
    endloop
  endfacet
  facet normal -0.998431 0.0560034 -4.63289e-20
    outer loop
      vertex -52 99 6
      vertex -51.9686 99.5598 9
      vertex -51.9686 99.5598 6
    endloop
  endfacet
  facet normal -0.998431 0.0560034 -4.63289e-20
    outer loop
      vertex -51.9686 99.5598 9
      vertex -52 99 6
      vertex -52 99 9
    endloop
  endfacet
  facet normal -0.985869 0.167519 -7.2658e-19
    outer loop
      vertex -51.9686 99.5598 6
      vertex -51.8746 100.113 9
      vertex -51.8746 100.113 6
    endloop
  endfacet
  facet normal -0.985869 0.167519 -7.2658e-19
    outer loop
      vertex -51.8746 100.113 9
      vertex -51.9686 99.5598 6
      vertex -51.9686 99.5598 9
    endloop
  endfacet
  facet normal -0.746298 0.665612 6.99225e-18
    outer loop
      vertex -50.9092 102.117 6
      vertex -50.5355 102.536 9
      vertex -50.5355 102.536 6
    endloop
  endfacet
  facet normal -0.746298 0.665612 6.99225e-18
    outer loop
      vertex -50.5355 102.536 9
      vertex -50.9092 102.117 6
      vertex -50.9092 102.117 9
    endloop
  endfacet
  facet normal -0.875349 0.483492 -5.07387e-18
    outer loop
      vertex -51.5048 101.169 6
      vertex -51.2336 101.66 9
      vertex -51.2336 101.66 6
    endloop
  endfacet
  facet normal -0.875349 0.483492 -5.07387e-18
    outer loop
      vertex -51.2336 101.66 9
      vertex -51.5048 101.169 6
      vertex -51.5048 101.169 9
    endloop
  endfacet
  facet normal -0.815442 0.578839 1.13657e-18
    outer loop
      vertex -51.2336 101.66 6
      vertex -50.9092 102.117 9
      vertex -50.9092 102.117 6
    endloop
  endfacet
  facet normal -0.815442 0.578839 1.13657e-18
    outer loop
      vertex -50.9092 102.117 9
      vertex -51.2336 101.66 6
      vertex -51.2336 101.66 9
    endloop
  endfacet
  facet normal -0.0552922 0.99847 0
    outer loop
      vertex -47 104 6
      vertex -47.5598 103.969 9
      vertex -47 104 9
    endloop
  endfacet
  facet normal -0.0552922 0.99847 0
    outer loop
      vertex -47.5598 103.969 9
      vertex -47 104 6
      vertex -47.5598 103.969 6
    endloop
  endfacet
  facet normal -0.167637 0.985849 0
    outer loop
      vertex -47.5598 103.969 6
      vertex -48.1126 103.875 9
      vertex -47.5598 103.969 9
    endloop
  endfacet
  facet normal -0.167637 0.985849 0
    outer loop
      vertex -48.1126 103.875 9
      vertex -47.5598 103.969 6
      vertex -48.1126 103.875 6
    endloop
  endfacet
  facet normal -0.381826 0.924234 0
    outer loop
      vertex -48.6514 103.719 6
      vertex -49.1694 103.505 9
      vertex -48.6514 103.719 9
    endloop
  endfacet
  facet normal -0.381826 0.924234 0
    outer loop
      vertex -49.1694 103.505 9
      vertex -48.6514 103.719 6
      vertex -49.1694 103.505 6
    endloop
  endfacet
  facet normal -0.48337 0.875416 0
    outer loop
      vertex -49.1694 103.505 6
      vertex -49.6602 103.234 9
      vertex -49.1694 103.505 9
    endloop
  endfacet
  facet normal -0.48337 0.875416 0
    outer loop
      vertex -49.6602 103.234 9
      vertex -49.1694 103.505 6
      vertex -49.6602 103.234 6
    endloop
  endfacet
  facet normal -0.665714 0.746207 0
    outer loop
      vertex -50.1174 102.909 6
      vertex -50.5355 102.536 9
      vertex -50.1174 102.909 9
    endloop
  endfacet
  facet normal -0.665714 0.746207 0
    outer loop
      vertex -50.5355 102.536 9
      vertex -50.1174 102.909 6
      vertex -50.5355 102.536 6
    endloop
  endfacet
  facet normal 0.985849 -0.167637 1.83485e-18
    outer loop
      vertex -42.1254 97.8874 9
      vertex -42.0314 98.4402 6
      vertex -42.0314 98.4402 9
    endloop
  endfacet
  facet normal 0.985849 -0.167637 1.83485e-18
    outer loop
      vertex -42.0314 98.4402 6
      vertex -42.1254 97.8874 9
      vertex -42.1254 97.8874 6
    endloop
  endfacet
  facet normal 0.875265 -0.483643 5.26075e-18
    outer loop
      vertex -42.7664 96.3398 9
      vertex -42.4952 96.8306 6
      vertex -42.4952 96.8306 9
    endloop
  endfacet
  facet normal 0.875265 -0.483643 5.26075e-18
    outer loop
      vertex -42.4952 96.8306 6
      vertex -42.7664 96.3398 9
      vertex -42.7664 96.3398 6
    endloop
  endfacet
  facet normal -0.815561 -0.57867 -2.48199e-18
    outer loop
      vertex -50.9092 95.8826 6
      vertex -51.2336 96.3398 9
      vertex -51.2336 96.3398 6
    endloop
  endfacet
  facet normal -0.815561 -0.57867 -2.48199e-18
    outer loop
      vertex -51.2336 96.3398 9
      vertex -50.9092 95.8826 6
      vertex -50.9092 95.8826 9
    endloop
  endfacet
  facet normal 0.167637 -0.985849 0
    outer loop
      vertex -46.4402 94.0314 6
      vertex -45.8874 94.1254 9
      vertex -46.4402 94.0314 9
    endloop
  endfacet
  facet normal 0.167637 -0.985849 0
    outer loop
      vertex -45.8874 94.1254 9
      vertex -46.4402 94.0314 6
      vertex -45.8874 94.1254 6
    endloop
  endfacet
  facet normal 0.923856 0.38274 -3.2228e-20
    outer loop
      vertex -42.2806 100.651 9
      vertex -42.4952 101.169 6
      vertex -42.4952 101.169 9
    endloop
  endfacet
  facet normal 0.923856 0.38274 -3.2228e-20
    outer loop
      vertex -42.4952 101.169 6
      vertex -42.2806 100.651 9
      vertex -42.2806 100.651 6
    endloop
  endfacet
  facet normal 0.96082 0.277173 -1.97259e-18
    outer loop
      vertex -42.1254 100.113 9
      vertex -42.2806 100.651 6
      vertex -42.2806 100.651 9
    endloop
  endfacet
  facet normal 0.96082 0.277173 -1.97259e-18
    outer loop
      vertex -42.2806 100.651 6
      vertex -42.1254 100.113 9
      vertex -42.1254 100.113 6
    endloop
  endfacet
  facet normal 0.48337 0.875416 -0
    outer loop
      vertex -44.3398 103.234 6
      vertex -44.8306 103.505 9
      vertex -44.3398 103.234 9
    endloop
  endfacet
  facet normal 0.48337 0.875416 0
    outer loop
      vertex -44.8306 103.505 9
      vertex -44.3398 103.234 6
      vertex -44.8306 103.505 6
    endloop
  endfacet
  facet normal 0 0 1
    outer loop
      vertex -45.5 99 9
      vertex -42 99 9
      vertex -42.0314 99.5598 9
    endloop
  endfacet
  facet normal 0 0 1
    outer loop
      vertex -45.5228 99.2605 9
      vertex -42.0314 99.5598 9
      vertex -42.1254 100.113 9
    endloop
  endfacet
  facet normal 0 0 1
    outer loop
      vertex -42 99 9
      vertex -45.5 99 9
      vertex -42.0314 98.4402 9
    endloop
  endfacet
  facet normal 0 0 1
    outer loop
      vertex -45.5905 99.513 9
      vertex -42.1254 100.113 9
      vertex -42.2806 100.651 9
    endloop
  endfacet
  facet normal -0 0 1
    outer loop
      vertex -45.5228 98.7395 9
      vertex -42.0314 98.4402 9
      vertex -45.5 99 9
    endloop
  endfacet
  facet normal 0 0 1
    outer loop
      vertex -45.5905 99.513 9
      vertex -42.2806 100.651 9
      vertex -42.4952 101.169 9
    endloop
  endfacet
  facet normal 0 0 1
    outer loop
      vertex -42.0314 98.4402 9
      vertex -45.5228 98.7395 9
      vertex -42.1254 97.8874 9
    endloop
  endfacet
  facet normal 0 0 1
    outer loop
      vertex -45.701 99.75 9
      vertex -42.4952 101.169 9
      vertex -42.7664 101.66 9
    endloop
  endfacet
  facet normal -0 0 1
    outer loop
      vertex -45.5905 98.487 9
      vertex -42.1254 97.8874 9
      vertex -45.5228 98.7395 9
    endloop
  endfacet
  facet normal 0 0 1
    outer loop
      vertex -45.8509 99.9642 9
      vertex -42.7664 101.66 9
      vertex -43.0908 102.117 9
    endloop
  endfacet
  facet normal 0 0 1
    outer loop
      vertex -42.1254 97.8874 9
      vertex -45.5905 98.487 9
      vertex -42.2806 97.3486 9
    endloop
  endfacet
  facet normal 0 0 1
    outer loop
      vertex -45.8509 99.9642 9
      vertex -43.0908 102.117 9
      vertex -43.4645 102.536 9
    endloop
  endfacet
  facet normal 0 0 1
    outer loop
      vertex -42.2806 97.3486 9
      vertex -45.5905 98.487 9
      vertex -42.4952 96.8306 9
    endloop
  endfacet
  facet normal 0 0 1
    outer loop
      vertex -46.0358 100.149 9
      vertex -43.4645 102.536 9
      vertex -43.8825 102.909 9
    endloop
  endfacet
  facet normal -0 0 1
    outer loop
      vertex -45.701 98.25 9
      vertex -42.4952 96.8306 9
      vertex -45.5905 98.487 9
    endloop
  endfacet
  facet normal 0 0 1
    outer loop
      vertex -46.0358 100.149 9
      vertex -43.8825 102.909 9
      vertex -44.3398 103.234 9
    endloop
  endfacet
  facet normal 0 0 1
    outer loop
      vertex -42.4952 96.8306 9
      vertex -45.701 98.25 9
      vertex -42.7664 96.3398 9
    endloop
  endfacet
  facet normal 0 0 1
    outer loop
      vertex -46.25 100.299 9
      vertex -44.3398 103.234 9
      vertex -44.8306 103.505 9
    endloop
  endfacet
  facet normal -0 0 1
    outer loop
      vertex -45.8509 98.0358 9
      vertex -42.7664 96.3398 9
      vertex -45.701 98.25 9
    endloop
  endfacet
  facet normal 0 0 1
    outer loop
      vertex -46.487 100.41 9
      vertex -44.8306 103.505 9
      vertex -45.3486 103.719 9
    endloop
  endfacet
  facet normal 0 0 1
    outer loop
      vertex -42.7664 96.3398 9
      vertex -45.8509 98.0358 9
      vertex -43.0908 95.8826 9
    endloop
  endfacet
  facet normal 0 0 1
    outer loop
      vertex -43.0908 95.8826 9
      vertex -45.8509 98.0358 9
      vertex -43.4645 95.4645 9
    endloop
  endfacet
  facet normal 0 0 1
    outer loop
      vertex -42.0314 99.5598 9
      vertex -45.5228 99.2605 9
      vertex -45.5 99 9
    endloop
  endfacet
  facet normal 0 0 1
    outer loop
      vertex -42.1254 100.113 9
      vertex -45.5905 99.513 9
      vertex -45.5228 99.2605 9
    endloop
  endfacet
  facet normal 0 0 1
    outer loop
      vertex -42.4952 101.169 9
      vertex -45.701 99.75 9
      vertex -45.5905 99.513 9
    endloop
  endfacet
  facet normal 0 0 1
    outer loop
      vertex -42.7664 101.66 9
      vertex -45.8509 99.9642 9
      vertex -45.701 99.75 9
    endloop
  endfacet
  facet normal 0 0 1
    outer loop
      vertex -46.487 100.41 9
      vertex -45.3486 103.719 9
      vertex -45.8874 103.875 9
    endloop
  endfacet
  facet normal 0 0 1
    outer loop
      vertex -43.4645 102.536 9
      vertex -46.0358 100.149 9
      vertex -45.8509 99.9642 9
    endloop
  endfacet
  facet normal 0 0 1
    outer loop
      vertex -44.3398 103.234 9
      vertex -46.25 100.299 9
      vertex -46.0358 100.149 9
    endloop
  endfacet
  facet normal 0 0 1
    outer loop
      vertex -46.7395 100.477 9
      vertex -45.8874 103.875 9
      vertex -46.4402 103.969 9
    endloop
  endfacet
  facet normal 0 0 1
    outer loop
      vertex -44.8306 103.505 9
      vertex -46.487 100.41 9
      vertex -46.25 100.299 9
    endloop
  endfacet
  facet normal 0 0 1
    outer loop
      vertex -45.8874 103.875 9
      vertex -46.7395 100.477 9
      vertex -46.487 100.41 9
    endloop
  endfacet
  facet normal 0 0 1
    outer loop
      vertex -47 100.5 9
      vertex -46.4402 103.969 9
      vertex -47 104 9
    endloop
  endfacet
  facet normal 0 0 1
    outer loop
      vertex -46.4402 103.969 9
      vertex -47 100.5 9
      vertex -46.7395 100.477 9
    endloop
  endfacet
  facet normal -0 0 1
    outer loop
      vertex -47.5598 103.969 9
      vertex -47 100.5 9
      vertex -47 104 9
    endloop
  endfacet
  facet normal 0 0 1
    outer loop
      vertex -47 100.5 9
      vertex -47.5598 103.969 9
      vertex -47.2605 100.477 9
    endloop
  endfacet
  facet normal -0 0 1
    outer loop
      vertex -48.1126 103.875 9
      vertex -47.2605 100.477 9
      vertex -47.5598 103.969 9
    endloop
  endfacet
  facet normal 0 0 1
    outer loop
      vertex -47.2605 100.477 9
      vertex -48.1126 103.875 9
      vertex -47.513 100.41 9
    endloop
  endfacet
  facet normal -0 0 1
    outer loop
      vertex -48.6514 103.719 9
      vertex -47.513 100.41 9
      vertex -48.1126 103.875 9
    endloop
  endfacet
  facet normal -0 0 1
    outer loop
      vertex -49.1694 103.505 9
      vertex -47.513 100.41 9
      vertex -48.6514 103.719 9
    endloop
  endfacet
  facet normal 0 0 1
    outer loop
      vertex -47.513 100.41 9
      vertex -49.1694 103.505 9
      vertex -47.75 100.299 9
    endloop
  endfacet
  facet normal -0 0 1
    outer loop
      vertex -49.6602 103.234 9
      vertex -47.75 100.299 9
      vertex -49.1694 103.505 9
    endloop
  endfacet
  facet normal 0 0 1
    outer loop
      vertex -47.75 100.299 9
      vertex -49.6602 103.234 9
      vertex -47.9642 100.149 9
    endloop
  endfacet
  facet normal -0 0 1
    outer loop
      vertex -50.1174 102.909 9
      vertex -47.9642 100.149 9
      vertex -49.6602 103.234 9
    endloop
  endfacet
  facet normal -0 0 1
    outer loop
      vertex -50.5355 102.536 9
      vertex -47.9642 100.149 9
      vertex -50.1174 102.909 9
    endloop
  endfacet
  facet normal 0 0 1
    outer loop
      vertex -47.9642 100.149 9
      vertex -50.5355 102.536 9
      vertex -48.1491 99.9642 9
    endloop
  endfacet
  facet normal -0 0 1
    outer loop
      vertex -46.0358 97.8509 9
      vertex -43.4645 95.4645 9
      vertex -45.8509 98.0358 9
    endloop
  endfacet
  facet normal 0 0 1
    outer loop
      vertex -43.4645 95.4645 9
      vertex -46.0358 97.8509 9
      vertex -43.8825 95.0908 9
    endloop
  endfacet
  facet normal 0 0 1
    outer loop
      vertex -43.8825 95.0908 9
      vertex -46.0358 97.8509 9
      vertex -44.3398 94.7664 9
    endloop
  endfacet
  facet normal -0 0 1
    outer loop
      vertex -46.25 97.701 9
      vertex -44.3398 94.7664 9
      vertex -46.0358 97.8509 9
    endloop
  endfacet
  facet normal 0 0 1
    outer loop
      vertex -44.3398 94.7664 9
      vertex -46.25 97.701 9
      vertex -44.8306 94.4952 9
    endloop
  endfacet
  facet normal -0 0 1
    outer loop
      vertex -46.487 97.5905 9
      vertex -44.8306 94.4952 9
      vertex -46.25 97.701 9
    endloop
  endfacet
  facet normal 0 0 1
    outer loop
      vertex -44.8306 94.4952 9
      vertex -46.487 97.5905 9
      vertex -45.3486 94.2806 9
    endloop
  endfacet
  facet normal 0 0 1
    outer loop
      vertex -45.3486 94.2806 9
      vertex -46.487 97.5905 9
      vertex -45.8874 94.1254 9
    endloop
  endfacet
  facet normal -0 0 1
    outer loop
      vertex -46.7395 97.5228 9
      vertex -45.8874 94.1254 9
      vertex -46.487 97.5905 9
    endloop
  endfacet
  facet normal 0 0 1
    outer loop
      vertex -45.8874 94.1254 9
      vertex -46.7395 97.5228 9
      vertex -46.4402 94.0314 9
    endloop
  endfacet
  facet normal -0 0 1
    outer loop
      vertex -47 97.5 9
      vertex -46.4402 94.0314 9
      vertex -46.7395 97.5228 9
    endloop
  endfacet
  facet normal 0 0 1
    outer loop
      vertex -47 97.5 9
      vertex -47 94 9
      vertex -46.4402 94.0314 9
    endloop
  endfacet
  facet normal 0 0 1
    outer loop
      vertex -47.5598 94.0314 9
      vertex -47 97.5 9
      vertex -47.2605 97.5228 9
    endloop
  endfacet
  facet normal 0 0 1
    outer loop
      vertex -48.1126 94.1254 9
      vertex -47.2605 97.5228 9
      vertex -47.513 97.5905 9
    endloop
  endfacet
  facet normal 0 0 1
    outer loop
      vertex -47 97.5 9
      vertex -47.5598 94.0314 9
      vertex -47 94 9
    endloop
  endfacet
  facet normal 0 0 1
    outer loop
      vertex -49.1694 94.4952 9
      vertex -47.513 97.5905 9
      vertex -47.75 97.701 9
    endloop
  endfacet
  facet normal 0 0 1
    outer loop
      vertex -49.6602 94.7664 9
      vertex -47.75 97.701 9
      vertex -47.9642 97.8509 9
    endloop
  endfacet
  facet normal 0 0 1
    outer loop
      vertex -47.2605 97.5228 9
      vertex -48.1126 94.1254 9
      vertex -47.5598 94.0314 9
    endloop
  endfacet
  facet normal 0 0 1
    outer loop
      vertex -50.5355 95.4645 9
      vertex -47.9642 97.8509 9
      vertex -48.1491 98.0358 9
    endloop
  endfacet
  facet normal 0 0 1
    outer loop
      vertex -51.2336 96.3398 9
      vertex -48.1491 98.0358 9
      vertex -48.299 98.25 9
    endloop
  endfacet
  facet normal 0 0 1
    outer loop
      vertex -51.5048 96.8306 9
      vertex -48.299 98.25 9
      vertex -48.4095 98.487 9
    endloop
  endfacet
  facet normal 0 0 1
    outer loop
      vertex -51.8746 97.8874 9
      vertex -48.4095 98.487 9
      vertex -48.4772 98.7395 9
    endloop
  endfacet
  facet normal 0 0 1
    outer loop
      vertex -51.9686 98.4402 9
      vertex -48.4772 98.7395 9
      vertex -48.5 99 9
    endloop
  endfacet
  facet normal 0 0 1
    outer loop
      vertex -47.513 97.5905 9
      vertex -48.6514 94.2806 9
      vertex -48.1126 94.1254 9
    endloop
  endfacet
  facet normal -0 0 1
    outer loop
      vertex -50.9092 102.117 9
      vertex -48.1491 99.9642 9
      vertex -50.5355 102.536 9
    endloop
  endfacet
  facet normal -0 0 1
    outer loop
      vertex -51.2336 101.66 9
      vertex -48.1491 99.9642 9
      vertex -50.9092 102.117 9
    endloop
  endfacet
  facet normal 0 0 1
    outer loop
      vertex -47.513 97.5905 9
      vertex -49.1694 94.4952 9
      vertex -48.6514 94.2806 9
    endloop
  endfacet
  facet normal 0 0 1
    outer loop
      vertex -48.1491 99.9642 9
      vertex -51.2336 101.66 9
      vertex -48.299 99.75 9
    endloop
  endfacet
  facet normal 0 0 1
    outer loop
      vertex -47.75 97.701 9
      vertex -49.6602 94.7664 9
      vertex -49.1694 94.4952 9
    endloop
  endfacet
  facet normal -0 0 1
    outer loop
      vertex -51.5048 101.169 9
      vertex -48.299 99.75 9
      vertex -51.2336 101.66 9
    endloop
  endfacet
  facet normal 0 0 1
    outer loop
      vertex -47.9642 97.8509 9
      vertex -50.1174 95.0908 9
      vertex -49.6602 94.7664 9
    endloop
  endfacet
  facet normal 0 0 1
    outer loop
      vertex -48.299 99.75 9
      vertex -51.5048 101.169 9
      vertex -48.4095 99.513 9
    endloop
  endfacet
  facet normal 0 0 1
    outer loop
      vertex -47.9642 97.8509 9
      vertex -50.5355 95.4645 9
      vertex -50.1174 95.0908 9
    endloop
  endfacet
  facet normal -0 0 1
    outer loop
      vertex -51.7194 100.651 9
      vertex -48.4095 99.513 9
      vertex -51.5048 101.169 9
    endloop
  endfacet
  facet normal 0 0 1
    outer loop
      vertex -48.1491 98.0358 9
      vertex -50.9092 95.8826 9
      vertex -50.5355 95.4645 9
    endloop
  endfacet
  facet normal -0 0 1
    outer loop
      vertex -51.8746 100.113 9
      vertex -48.4095 99.513 9
      vertex -51.7194 100.651 9
    endloop
  endfacet
  facet normal 0 0 1
    outer loop
      vertex -48.1491 98.0358 9
      vertex -51.2336 96.3398 9
      vertex -50.9092 95.8826 9
    endloop
  endfacet
  facet normal 0 0 1
    outer loop
      vertex -48.4095 99.513 9
      vertex -51.8746 100.113 9
      vertex -48.4772 99.2605 9
    endloop
  endfacet
  facet normal 0 0 1
    outer loop
      vertex -48.299 98.25 9
      vertex -51.5048 96.8306 9
      vertex -51.2336 96.3398 9
    endloop
  endfacet
  facet normal -0 0 1
    outer loop
      vertex -51.9686 99.5598 9
      vertex -48.4772 99.2605 9
      vertex -51.8746 100.113 9
    endloop
  endfacet
  facet normal 0 0 1
    outer loop
      vertex -48.4095 98.487 9
      vertex -51.7194 97.3486 9
      vertex -51.5048 96.8306 9
    endloop
  endfacet
  facet normal 0 0 1
    outer loop
      vertex -48.4772 99.2605 9
      vertex -51.9686 99.5598 9
      vertex -48.5 99 9
    endloop
  endfacet
  facet normal 0 0 1
    outer loop
      vertex -48.4095 98.487 9
      vertex -51.8746 97.8874 9
      vertex -51.7194 97.3486 9
    endloop
  endfacet
  facet normal 0 0 1
    outer loop
      vertex -52 99 9
      vertex -48.5 99 9
      vertex -51.9686 99.5598 9
    endloop
  endfacet
  facet normal 0 0 1
    outer loop
      vertex -48.4772 98.7395 9
      vertex -51.9686 98.4402 9
      vertex -51.8746 97.8874 9
    endloop
  endfacet
  facet normal 0 0 1
    outer loop
      vertex -48.5 99 9
      vertex -52 99 9
      vertex -51.9686 98.4402 9
    endloop
  endfacet
  facet normal 0.578586 -0.815621 0
    outer loop
      vertex -44.3398 94.7664 6
      vertex -43.8825 95.0908 9
      vertex -44.3398 94.7664 9
    endloop
  endfacet
  facet normal 0.578586 -0.815621 0
    outer loop
      vertex -43.8825 95.0908 9
      vertex -44.3398 94.7664 6
      vertex -43.8825 95.0908 6
    endloop
  endfacet
  facet normal 0.745586 -0.666409 2.49734e-18
    outer loop
      vertex -43.4645 95.4645 9
      vertex -43.0908 95.8826 6
      vertex -43.0908 95.8826 9
    endloop
  endfacet
  facet normal 0.745586 -0.666409 2.49734e-18
    outer loop
      vertex -43.0908 95.8826 6
      vertex -43.4645 95.4645 9
      vertex -43.4645 95.4645 6
    endloop
  endfacet
  facet normal -0.38274 -0.923856 0
    outer loop
      vertex -49.1694 94.4952 6
      vertex -48.6514 94.2806 9
      vertex -49.1694 94.4952 9
    endloop
  endfacet
  facet normal -0.38274 -0.923856 -0
    outer loop
      vertex -48.6514 94.2806 9
      vertex -49.1694 94.4952 6
      vertex -48.6514 94.2806 6
    endloop
  endfacet
  facet normal -0.998431 -0.0560034 4.63289e-20
    outer loop
      vertex -51.9686 98.4402 6
      vertex -52 99 9
      vertex -52 99 6
    endloop
  endfacet
  facet normal -0.998431 -0.0560034 4.63289e-20
    outer loop
      vertex -52 99 9
      vertex -51.9686 98.4402 6
      vertex -51.9686 98.4402 9
    endloop
  endfacet
  facet normal -0.960929 -0.276793 6.72743e-19
    outer loop
      vertex -51.7194 97.3486 6
      vertex -51.8746 97.8874 9
      vertex -51.8746 97.8874 6
    endloop
  endfacet
  facet normal -0.960929 -0.276793 6.72743e-19
    outer loop
      vertex -51.8746 97.8874 9
      vertex -51.7194 97.3486 6
      vertex -51.7194 97.3486 9
    endloop
  endfacet
  facet normal 0.38274 -0.923856 0
    outer loop
      vertex -45.3486 94.2806 6
      vertex -44.8306 94.4952 9
      vertex -45.3486 94.2806 9
    endloop
  endfacet
  facet normal 0.38274 -0.923856 0
    outer loop
      vertex -44.8306 94.4952 9
      vertex -45.3486 94.2806 6
      vertex -44.8306 94.4952 6
    endloop
  endfacet
  facet normal 0.960929 -0.276793 -6.72743e-19
    outer loop
      vertex -42.2806 97.3486 9
      vertex -42.1254 97.8874 6
      vertex -42.1254 97.8874 9
    endloop
  endfacet
  facet normal 0.960929 -0.276793 -6.72743e-19
    outer loop
      vertex -42.1254 97.8874 6
      vertex -42.2806 97.3486 9
      vertex -42.2806 97.3486 6
    endloop
  endfacet
  facet normal 0.666498 -0.745507 0
    outer loop
      vertex -43.8825 95.0908 6
      vertex -43.4645 95.4645 9
      vertex -43.8825 95.0908 9
    endloop
  endfacet
  facet normal 0.666498 -0.745507 0
    outer loop
      vertex -43.4645 95.4645 9
      vertex -43.8825 95.0908 6
      vertex -43.4645 95.4645 6
    endloop
  endfacet
  facet normal 0.815561 -0.57867 2.48199e-18
    outer loop
      vertex -43.0908 95.8826 9
      vertex -42.7664 96.3398 6
      vertex -42.7664 96.3398 9
    endloop
  endfacet
  facet normal 0.815561 -0.57867 2.48199e-18
    outer loop
      vertex -42.7664 96.3398 6
      vertex -43.0908 95.8826 9
      vertex -43.0908 95.8826 6
    endloop
  endfacet
  facet normal -0.666409 -0.745586 0
    outer loop
      vertex -50.5355 95.4645 6
      vertex -50.1174 95.0908 9
      vertex -50.5355 95.4645 9
    endloop
  endfacet
  facet normal -0.666409 -0.745586 -0
    outer loop
      vertex -50.1174 95.0908 9
      vertex -50.5355 95.4645 6
      vertex -50.1174 95.0908 6
    endloop
  endfacet
  facet normal 0.0560034 -0.998431 0
    outer loop
      vertex -47 94 6
      vertex -46.4402 94.0314 9
      vertex -47 94 9
    endloop
  endfacet
  facet normal 0.0560034 -0.998431 0
    outer loop
      vertex -46.4402 94.0314 9
      vertex -47 94 6
      vertex -46.4402 94.0314 6
    endloop
  endfacet
  facet normal -0.276793 -0.960929 0
    outer loop
      vertex -48.6514 94.2806 6
      vertex -48.1126 94.1254 9
      vertex -48.6514 94.2806 9
    endloop
  endfacet
  facet normal -0.276793 -0.960929 -0
    outer loop
      vertex -48.1126 94.1254 9
      vertex -48.6514 94.2806 6
      vertex -48.1126 94.1254 6
    endloop
  endfacet
  facet normal -0.483643 -0.875265 0
    outer loop
      vertex -49.6602 94.7664 6
      vertex -49.1694 94.4952 9
      vertex -49.6602 94.7664 9
    endloop
  endfacet
  facet normal -0.483643 -0.875265 -0
    outer loop
      vertex -49.1694 94.4952 9
      vertex -49.6602 94.7664 6
      vertex -49.1694 94.4952 6
    endloop
  endfacet
  facet normal -0.985849 -0.167637 -1.83485e-18
    outer loop
      vertex -51.8746 97.8874 6
      vertex -51.9686 98.4402 9
      vertex -51.9686 98.4402 6
    endloop
  endfacet
  facet normal -0.985849 -0.167637 -1.83485e-18
    outer loop
      vertex -51.9686 98.4402 9
      vertex -51.8746 97.8874 6
      vertex -51.8746 97.8874 9
    endloop
  endfacet
  facet normal -0.745586 -0.666409 -2.49734e-18
    outer loop
      vertex -50.5355 95.4645 6
      vertex -50.9092 95.8826 9
      vertex -50.9092 95.8826 6
    endloop
  endfacet
  facet normal -0.745586 -0.666409 -2.49734e-18
    outer loop
      vertex -50.9092 95.8826 9
      vertex -50.5355 95.4645 6
      vertex -50.5355 95.4645 9
    endloop
  endfacet
  facet normal -0.875265 -0.483643 -5.26075e-18
    outer loop
      vertex -51.2336 96.3398 6
      vertex -51.5048 96.8306 9
      vertex -51.5048 96.8306 6
    endloop
  endfacet
  facet normal -0.875265 -0.483643 -5.26075e-18
    outer loop
      vertex -51.5048 96.8306 9
      vertex -51.2336 96.3398 6
      vertex -51.2336 96.3398 9
    endloop
  endfacet
  facet normal -0.923856 -0.38274 -3.2228e-20
    outer loop
      vertex -51.5048 96.8306 6
      vertex -51.7194 97.3486 9
      vertex -51.7194 97.3486 6
    endloop
  endfacet
  facet normal -0.923856 -0.38274 -3.2228e-20
    outer loop
      vertex -51.7194 97.3486 9
      vertex -51.5048 96.8306 6
      vertex -51.5048 96.8306 9
    endloop
  endfacet
  facet normal 0.483643 -0.875265 0
    outer loop
      vertex -44.8306 94.4952 6
      vertex -44.3398 94.7664 9
      vertex -44.8306 94.4952 9
    endloop
  endfacet
  facet normal 0.483643 -0.875265 0
    outer loop
      vertex -44.3398 94.7664 9
      vertex -44.8306 94.4952 6
      vertex -44.3398 94.7664 6
    endloop
  endfacet
  facet normal -0.167637 -0.985849 0
    outer loop
      vertex -48.1126 94.1254 6
      vertex -47.5598 94.0314 9
      vertex -48.1126 94.1254 9
    endloop
  endfacet
  facet normal -0.167637 -0.985849 -0
    outer loop
      vertex -47.5598 94.0314 9
      vertex -48.1126 94.1254 6
      vertex -47.5598 94.0314 6
    endloop
  endfacet
  facet normal -0.57867 -0.815561 0
    outer loop
      vertex -50.1174 95.0908 6
      vertex -49.6602 94.7664 9
      vertex -50.1174 95.0908 9
    endloop
  endfacet
  facet normal -0.57867 -0.815561 -0
    outer loop
      vertex -49.6602 94.7664 9
      vertex -50.1174 95.0908 6
      vertex -49.6602 94.7664 6
    endloop
  endfacet
  facet normal 0.998431 0.0560014 -7.15051e-19
    outer loop
      vertex 52 1 9
      vertex 51.9686 1.55982 6
      vertex 51.9686 1.55982 9
    endloop
  endfacet
  facet normal 0.998431 0.0560014 -7.15051e-19
    outer loop
      vertex 51.9686 1.55982 6
      vertex 52 1 9
      vertex 52 1 6
    endloop
  endfacet
  facet normal -0.0560745 0.998427 0
    outer loop
      vertex 47 6 6
      vertex 46.4402 5.96856 9
      vertex 47 6 9
    endloop
  endfacet
  facet normal -0.0560745 0.998427 0
    outer loop
      vertex 46.4402 5.96856 9
      vertex 47 6 6
      vertex 46.4402 5.96856 6
    endloop
  endfacet
  facet normal 0.0560745 -0.998427 0
    outer loop
      vertex 47 -4 6
      vertex 47.5598 -3.96856 9
      vertex 47 -4 9
    endloop
  endfacet
  facet normal 0.0560745 -0.998427 0
    outer loop
      vertex 47.5598 -3.96856 9
      vertex 47 -4 6
      vertex 47.5598 -3.96856 6
    endloop
  endfacet
  facet normal 0.815615 -0.578595 -7.43694e-18
    outer loop
      vertex 50.9092 -2.11745 9
      vertex 51.2336 -1.66016 6
      vertex 51.2336 -1.66016 9
    endloop
  endfacet
  facet normal 0.815615 -0.578595 -7.43694e-18
    outer loop
      vertex 51.2336 -1.66016 6
      vertex 50.9092 -2.11745 9
      vertex 50.9092 -2.11745 6
    endloop
  endfacet
  facet normal 0.66634 0.745648 -0
    outer loop
      vertex 50.5355 4.53553 6
      vertex 50.1174 4.90916 9
      vertex 50.5355 4.53553 9
    endloop
  endfacet
  facet normal 0.66634 0.745648 0
    outer loop
      vertex 50.1174 4.90916 9
      vertex 50.5355 4.53553 6
      vertex 50.1174 4.90916 6
    endloop
  endfacet
  facet normal -0.745571 0.666427 -2.31212e-18
    outer loop
      vertex 43.0908 4.11745 6
      vertex 43.4645 4.53553 9
      vertex 43.4645 4.53553 6
    endloop
  endfacet
  facet normal -0.745571 0.666427 -2.31212e-18
    outer loop
      vertex 43.4645 4.53553 9
      vertex 43.0908 4.11745 6
      vertex 43.0908 4.11745 9
    endloop
  endfacet
  facet normal -0.48367 0.87525 0
    outer loop
      vertex 44.8306 5.50484 6
      vertex 44.3398 5.23362 9
      vertex 44.8306 5.50484 9
    endloop
  endfacet
  facet normal -0.48367 0.87525 0
    outer loop
      vertex 44.3398 5.23362 9
      vertex 44.8306 5.50484 6
      vertex 44.3398 5.23362 6
    endloop
  endfacet
  facet normal 0.87524 0.483688 -2.79579e-18
    outer loop
      vertex 51.5048 3.16942 9
      vertex 51.2336 3.66016 6
      vertex 51.2336 3.66016 9
    endloop
  endfacet
  facet normal 0.87524 0.483688 -2.79579e-18
    outer loop
      vertex 51.2336 3.66016 6
      vertex 51.5048 3.16942 9
      vertex 51.5048 3.16942 6
    endloop
  endfacet
  facet normal 0.276826 0.96092 -0
    outer loop
      vertex 48.6514 5.71942 6
      vertex 48.1126 5.87464 9
      vertex 48.6514 5.71942 9
    endloop
  endfacet
  facet normal 0.276826 0.96092 0
    outer loop
      vertex 48.1126 5.87464 9
      vertex 48.6514 5.71942 6
      vertex 48.1126 5.87464 6
    endloop
  endfacet
  facet normal 0.48367 0.87525 -0
    outer loop
      vertex 49.6602 5.23362 6
      vertex 49.1694 5.50484 9
      vertex 49.6602 5.23362 9
    endloop
  endfacet
  facet normal 0.48367 0.87525 0
    outer loop
      vertex 49.1694 5.50484 9
      vertex 49.6602 5.23362 6
      vertex 49.1694 5.50484 6
    endloop
  endfacet
  facet normal -0.923864 0.382721 -3.91551e-18
    outer loop
      vertex 42.2806 2.65139 6
      vertex 42.4952 3.16942 9
      vertex 42.4952 3.16942 6
    endloop
  endfacet
  facet normal -0.923864 0.382721 -3.91551e-18
    outer loop
      vertex 42.4952 3.16942 9
      vertex 42.2806 2.65139 6
      vertex 42.2806 2.65139 9
    endloop
  endfacet
  facet normal -0.87524 0.483688 2.79579e-18
    outer loop
      vertex 42.4952 3.16942 6
      vertex 42.7664 3.66016 9
      vertex 42.7664 3.66016 6
    endloop
  endfacet
  facet normal -0.87524 0.483688 2.79579e-18
    outer loop
      vertex 42.7664 3.66016 9
      vertex 42.4952 3.16942 6
      vertex 42.4952 3.16942 9
    endloop
  endfacet
  facet normal -0.666428 0.745569 0
    outer loop
      vertex 43.8825 4.90916 6
      vertex 43.4645 4.53553 9
      vertex 43.8825 4.90916 9
    endloop
  endfacet
  facet normal -0.666428 0.745569 0
    outer loop
      vertex 43.4645 4.53553 9
      vertex 43.8825 4.90916 6
      vertex 43.4645 4.53553 6
    endloop
  endfacet
  facet normal -0.276826 0.96092 0
    outer loop
      vertex 45.8874 5.87464 6
      vertex 45.3486 5.71942 9
      vertex 45.8874 5.87464 9
    endloop
  endfacet
  facet normal -0.276826 0.96092 0
    outer loop
      vertex 45.3486 5.71942 9
      vertex 45.8874 5.87464 6
      vertex 45.3486 5.71942 6
    endloop
  endfacet
  facet normal 0.48367 -0.87525 0
    outer loop
      vertex 49.1694 -3.50484 6
      vertex 49.6602 -3.23362 9
      vertex 49.1694 -3.50484 9
    endloop
  endfacet
  facet normal 0.48367 -0.87525 0
    outer loop
      vertex 49.6602 -3.23362 9
      vertex 49.1694 -3.50484 6
      vertex 49.6602 -3.23362 6
    endloop
  endfacet
  facet normal 0.960928 0.276798 6.68726e-19
    outer loop
      vertex 51.8746 2.1126 9
      vertex 51.7194 2.65139 6
      vertex 51.7194 2.65139 9
    endloop
  endfacet
  facet normal 0.960928 0.276798 6.68726e-19
    outer loop
      vertex 51.7194 2.65139 6
      vertex 51.8746 2.1126 9
      vertex 51.8746 2.1126 6
    endloop
  endfacet
  facet normal 0.985848 0.167643 0
    outer loop
      vertex 51.9686 1.55982 9
      vertex 51.8746 2.1126 6
      vertex 51.8746 2.1126 9
    endloop
  endfacet
  facet normal 0.985848 0.167643 0
    outer loop
      vertex 51.8746 2.1126 6
      vertex 51.9686 1.55982 9
      vertex 51.9686 1.55982 6
    endloop
  endfacet
  facet normal 0.923864 0.382721 3.91551e-18
    outer loop
      vertex 51.7194 2.65139 9
      vertex 51.5048 3.16942 6
      vertex 51.5048 3.16942 9
    endloop
  endfacet
  facet normal 0.923864 0.382721 3.91551e-18
    outer loop
      vertex 51.5048 3.16942 6
      vertex 51.7194 2.65139 9
      vertex 51.7194 2.65139 6
    endloop
  endfacet
  facet normal 0.745571 0.666427 2.31212e-18
    outer loop
      vertex 50.9092 4.11745 9
      vertex 50.5355 4.53553 6
      vertex 50.5355 4.53553 9
    endloop
  endfacet
  facet normal 0.745571 0.666427 2.31212e-18
    outer loop
      vertex 50.5355 4.53553 6
      vertex 50.9092 4.11745 9
      vertex 50.9092 4.11745 6
    endloop
  endfacet
  facet normal 0.815615 0.578595 7.57392e-19
    outer loop
      vertex 51.2336 3.66016 9
      vertex 50.9092 4.11745 6
      vertex 50.9092 4.11745 9
    endloop
  endfacet
  facet normal 0.815615 0.578595 7.57392e-19
    outer loop
      vertex 50.9092 4.11745 6
      vertex 51.2336 3.66016 9
      vertex 51.2336 3.66016 6
    endloop
  endfacet
  facet normal 0.0560745 0.998427 -0
    outer loop
      vertex 47.5598 5.96856 6
      vertex 47 6 9
      vertex 47.5598 5.96856 9
    endloop
  endfacet
  facet normal 0.0560745 0.998427 0
    outer loop
      vertex 47 6 9
      vertex 47.5598 5.96856 6
      vertex 47 6 6
    endloop
  endfacet
  facet normal 0.578742 0.815511 -0
    outer loop
      vertex 50.1174 4.90916 6
      vertex 49.6602 5.23362 9
      vertex 50.1174 4.90916 9
    endloop
  endfacet
  facet normal 0.578742 0.815511 0
    outer loop
      vertex 49.6602 5.23362 9
      vertex 50.1174 4.90916 6
      vertex 49.6602 5.23362 6
    endloop
  endfacet
  facet normal -0.815615 0.578595 -7.57392e-19
    outer loop
      vertex 42.7664 3.66016 6
      vertex 43.0908 4.11745 9
      vertex 43.0908 4.11745 6
    endloop
  endfacet
  facet normal -0.815615 0.578595 -7.57392e-19
    outer loop
      vertex 43.0908 4.11745 9
      vertex 42.7664 3.66016 6
      vertex 42.7664 3.66016 9
    endloop
  endfacet
  facet normal -0.960928 0.276798 -6.68726e-19
    outer loop
      vertex 42.1254 2.1126 6
      vertex 42.2806 2.65139 9
      vertex 42.2806 2.65139 6
    endloop
  endfacet
  facet normal -0.960928 0.276798 -6.68726e-19
    outer loop
      vertex 42.2806 2.65139 9
      vertex 42.1254 2.1126 6
      vertex 42.1254 2.1126 9
    endloop
  endfacet
  facet normal -0.998431 0.0560014 7.15051e-19
    outer loop
      vertex 42 1 6
      vertex 42.0314 1.55982 9
      vertex 42.0314 1.55982 6
    endloop
  endfacet
  facet normal -0.998431 0.0560014 7.15051e-19
    outer loop
      vertex 42.0314 1.55982 9
      vertex 42 1 6
      vertex 42 1 9
    endloop
  endfacet
  facet normal -0.998431 -0.0560011 -1.6718e-19
    outer loop
      vertex 42.0314 0.440177 6
      vertex 42 1 9
      vertex 42 1 6
    endloop
  endfacet
  facet normal -0.998431 -0.0560011 -1.6718e-19
    outer loop
      vertex 42 1 9
      vertex 42.0314 0.440177 6
      vertex 42.0314 0.440177 9
    endloop
  endfacet
  facet normal -0.167498 0.985872 0
    outer loop
      vertex 46.4402 5.96856 6
      vertex 45.8874 5.87464 9
      vertex 46.4402 5.96856 9
    endloop
  endfacet
  facet normal -0.167498 0.985872 0
    outer loop
      vertex 45.8874 5.87464 9
      vertex 46.4402 5.96856 6
      vertex 45.8874 5.87464 6
    endloop
  endfacet
  facet normal 0.998431 -0.0560011 1.6718e-19
    outer loop
      vertex 51.9686 0.440177 9
      vertex 52 1 6
      vertex 52 1 9
    endloop
  endfacet
  facet normal 0.998431 -0.0560011 1.6718e-19
    outer loop
      vertex 52 1 6
      vertex 51.9686 0.440177 9
      vertex 51.9686 0.440177 6
    endloop
  endfacet
  facet normal -0.87524 -0.483688 2.80385e-18
    outer loop
      vertex 42.7664 -1.66016 6
      vertex 42.4952 -1.16942 9
      vertex 42.4952 -1.16942 6
    endloop
  endfacet
  facet normal -0.87524 -0.483688 2.80385e-18
    outer loop
      vertex 42.4952 -1.16942 9
      vertex 42.7664 -1.66016 6
      vertex 42.7664 -1.66016 9
    endloop
  endfacet
  facet normal 0.167498 -0.985872 0
    outer loop
      vertex 47.5598 -3.96856 6
      vertex 48.1126 -3.87464 9
      vertex 47.5598 -3.96856 9
    endloop
  endfacet
  facet normal 0.167498 -0.985872 0
    outer loop
      vertex 48.1126 -3.87464 9
      vertex 47.5598 -3.96856 6
      vertex 48.1126 -3.87464 6
    endloop
  endfacet
  facet normal 0.167498 0.985872 -0
    outer loop
      vertex 48.1126 5.87464 6
      vertex 47.5598 5.96856 9
      vertex 48.1126 5.87464 9
    endloop
  endfacet
  facet normal 0.167498 0.985872 0
    outer loop
      vertex 47.5598 5.96856 9
      vertex 48.1126 5.87464 6
      vertex 47.5598 5.96856 6
    endloop
  endfacet
  facet normal 0.38271 0.923869 -0
    outer loop
      vertex 49.1694 5.50484 6
      vertex 48.6514 5.71942 9
      vertex 49.1694 5.50484 9
    endloop
  endfacet
  facet normal 0.38271 0.923869 0
    outer loop
      vertex 48.6514 5.71942 9
      vertex 49.1694 5.50484 6
      vertex 48.6514 5.71942 6
    endloop
  endfacet
  facet normal 0 0 1
    outer loop
      vertex 48.5 1 9
      vertex 52 1 9
      vertex 51.9686 1.55982 9
    endloop
  endfacet
  facet normal 0 0 1
    outer loop
      vertex 48.4772 1.26047 9
      vertex 51.9686 1.55982 9
      vertex 51.8746 2.1126 9
    endloop
  endfacet
  facet normal 0 0 1
    outer loop
      vertex 52 1 9
      vertex 48.5 1 9
      vertex 51.9686 0.440177 9
    endloop
  endfacet
  facet normal 0 0 1
    outer loop
      vertex 48.4095 1.51303 9
      vertex 51.8746 2.1126 9
      vertex 51.7194 2.65139 9
    endloop
  endfacet
  facet normal -0 0 1
    outer loop
      vertex 48.4772 0.739528 9
      vertex 51.9686 0.440177 9
      vertex 48.5 1 9
    endloop
  endfacet
  facet normal 0 0 1
    outer loop
      vertex 48.4095 1.51303 9
      vertex 51.7194 2.65139 9
      vertex 51.5048 3.16942 9
    endloop
  endfacet
  facet normal 0 0 1
    outer loop
      vertex 51.9686 0.440177 9
      vertex 48.4772 0.739528 9
      vertex 51.8746 -0.112604 9
    endloop
  endfacet
  facet normal 0 0 1
    outer loop
      vertex 48.299 1.75 9
      vertex 51.5048 3.16942 9
      vertex 51.2336 3.66016 9
    endloop
  endfacet
  facet normal -0 0 1
    outer loop
      vertex 48.4095 0.486969 9
      vertex 51.8746 -0.112604 9
      vertex 48.4772 0.739528 9
    endloop
  endfacet
  facet normal 0 0 1
    outer loop
      vertex 48.1491 1.96418 9
      vertex 51.2336 3.66016 9
      vertex 50.9092 4.11745 9
    endloop
  endfacet
  facet normal 0 0 1
    outer loop
      vertex 51.8746 -0.112604 9
      vertex 48.4095 0.486969 9
      vertex 51.7194 -0.651395 9
    endloop
  endfacet
  facet normal 0 0 1
    outer loop
      vertex 48.1491 1.96418 9
      vertex 50.9092 4.11745 9
      vertex 50.5355 4.53553 9
    endloop
  endfacet
  facet normal 0 0 1
    outer loop
      vertex 51.7194 -0.651395 9
      vertex 48.4095 0.486969 9
      vertex 51.5048 -1.16942 9
    endloop
  endfacet
  facet normal 0 0 1
    outer loop
      vertex 47.9642 2.14907 9
      vertex 50.5355 4.53553 9
      vertex 50.1174 4.90916 9
    endloop
  endfacet
  facet normal -0 0 1
    outer loop
      vertex 48.299 0.25 9
      vertex 51.5048 -1.16942 9
      vertex 48.4095 0.486969 9
    endloop
  endfacet
  facet normal 0 0 1
    outer loop
      vertex 47.9642 2.14907 9
      vertex 50.1174 4.90916 9
      vertex 49.6602 5.23362 9
    endloop
  endfacet
  facet normal 0 0 1
    outer loop
      vertex 51.5048 -1.16942 9
      vertex 48.299 0.25 9
      vertex 51.2336 -1.66016 9
    endloop
  endfacet
  facet normal 0 0 1
    outer loop
      vertex 47.75 2.29904 9
      vertex 49.6602 5.23362 9
      vertex 49.1694 5.50484 9
    endloop
  endfacet
  facet normal -0 0 1
    outer loop
      vertex 48.1491 0.0358181 9
      vertex 51.2336 -1.66016 9
      vertex 48.299 0.25 9
    endloop
  endfacet
  facet normal 0 0 1
    outer loop
      vertex 47.513 2.40954 9
      vertex 49.1694 5.50484 9
      vertex 48.6514 5.71942 9
    endloop
  endfacet
  facet normal 0 0 1
    outer loop
      vertex 51.2336 -1.66016 9
      vertex 48.1491 0.0358181 9
      vertex 50.9092 -2.11745 9
    endloop
  endfacet
  facet normal 0 0 1
    outer loop
      vertex 50.9092 -2.11745 9
      vertex 48.1491 0.0358181 9
      vertex 50.5355 -2.53553 9
    endloop
  endfacet
  facet normal 0 0 1
    outer loop
      vertex 51.9686 1.55982 9
      vertex 48.4772 1.26047 9
      vertex 48.5 1 9
    endloop
  endfacet
  facet normal 0 0 1
    outer loop
      vertex 51.8746 2.1126 9
      vertex 48.4095 1.51303 9
      vertex 48.4772 1.26047 9
    endloop
  endfacet
  facet normal 0 0 1
    outer loop
      vertex 51.5048 3.16942 9
      vertex 48.299 1.75 9
      vertex 48.4095 1.51303 9
    endloop
  endfacet
  facet normal 0 0 1
    outer loop
      vertex 51.2336 3.66016 9
      vertex 48.1491 1.96418 9
      vertex 48.299 1.75 9
    endloop
  endfacet
  facet normal 0 0 1
    outer loop
      vertex 47.513 2.40954 9
      vertex 48.6514 5.71942 9
      vertex 48.1126 5.87464 9
    endloop
  endfacet
  facet normal 0 0 1
    outer loop
      vertex 50.5355 4.53553 9
      vertex 47.9642 2.14907 9
      vertex 48.1491 1.96418 9
    endloop
  endfacet
  facet normal 0 0 1
    outer loop
      vertex 49.6602 5.23362 9
      vertex 47.75 2.29904 9
      vertex 47.9642 2.14907 9
    endloop
  endfacet
  facet normal 0 0 1
    outer loop
      vertex 47.2605 2.47721 9
      vertex 48.1126 5.87464 9
      vertex 47.5598 5.96856 9
    endloop
  endfacet
  facet normal 0 0 1
    outer loop
      vertex 49.1694 5.50484 9
      vertex 47.513 2.40954 9
      vertex 47.75 2.29904 9
    endloop
  endfacet
  facet normal 0 0 1
    outer loop
      vertex 48.1126 5.87464 9
      vertex 47.2605 2.47721 9
      vertex 47.513 2.40954 9
    endloop
  endfacet
  facet normal 0 0 1
    outer loop
      vertex 47 2.5 9
      vertex 47.5598 5.96856 9
      vertex 47 6 9
    endloop
  endfacet
  facet normal 0 0 1
    outer loop
      vertex 47.5598 5.96856 9
      vertex 47 2.5 9
      vertex 47.2605 2.47721 9
    endloop
  endfacet
  facet normal -0 0 1
    outer loop
      vertex 46.4402 5.96856 9
      vertex 47 2.5 9
      vertex 47 6 9
    endloop
  endfacet
  facet normal 0 0 1
    outer loop
      vertex 47 2.5 9
      vertex 46.4402 5.96856 9
      vertex 46.7395 2.47721 9
    endloop
  endfacet
  facet normal -0 0 1
    outer loop
      vertex 45.8874 5.87464 9
      vertex 46.7395 2.47721 9
      vertex 46.4402 5.96856 9
    endloop
  endfacet
  facet normal 0 0 1
    outer loop
      vertex 46.7395 2.47721 9
      vertex 45.8874 5.87464 9
      vertex 46.487 2.40954 9
    endloop
  endfacet
  facet normal -0 0 1
    outer loop
      vertex 45.3486 5.71942 9
      vertex 46.487 2.40954 9
      vertex 45.8874 5.87464 9
    endloop
  endfacet
  facet normal -0 0 1
    outer loop
      vertex 44.8306 5.50484 9
      vertex 46.487 2.40954 9
      vertex 45.3486 5.71942 9
    endloop
  endfacet
  facet normal 0 0 1
    outer loop
      vertex 46.487 2.40954 9
      vertex 44.8306 5.50484 9
      vertex 46.25 2.29904 9
    endloop
  endfacet
  facet normal -0 0 1
    outer loop
      vertex 44.3398 5.23362 9
      vertex 46.25 2.29904 9
      vertex 44.8306 5.50484 9
    endloop
  endfacet
  facet normal 0 0 1
    outer loop
      vertex 46.25 2.29904 9
      vertex 44.3398 5.23362 9
      vertex 46.0358 2.14907 9
    endloop
  endfacet
  facet normal -0 0 1
    outer loop
      vertex 43.8825 4.90916 9
      vertex 46.0358 2.14907 9
      vertex 44.3398 5.23362 9
    endloop
  endfacet
  facet normal -0 0 1
    outer loop
      vertex 43.4645 4.53553 9
      vertex 46.0358 2.14907 9
      vertex 43.8825 4.90916 9
    endloop
  endfacet
  facet normal 0 0 1
    outer loop
      vertex 46.0358 2.14907 9
      vertex 43.4645 4.53553 9
      vertex 45.8509 1.96418 9
    endloop
  endfacet
  facet normal -0 0 1
    outer loop
      vertex 47.9642 -0.149066 9
      vertex 50.5355 -2.53553 9
      vertex 48.1491 0.0358181 9
    endloop
  endfacet
  facet normal 0 0 1
    outer loop
      vertex 50.5355 -2.53553 9
      vertex 47.9642 -0.149066 9
      vertex 50.1174 -2.90916 9
    endloop
  endfacet
  facet normal 0 0 1
    outer loop
      vertex 50.1174 -2.90916 9
      vertex 47.9642 -0.149066 9
      vertex 49.6602 -3.23362 9
    endloop
  endfacet
  facet normal -0 0 1
    outer loop
      vertex 47.75 -0.299038 9
      vertex 49.6602 -3.23362 9
      vertex 47.9642 -0.149066 9
    endloop
  endfacet
  facet normal 0 0 1
    outer loop
      vertex 49.6602 -3.23362 9
      vertex 47.75 -0.299038 9
      vertex 49.1694 -3.50484 9
    endloop
  endfacet
  facet normal -0 0 1
    outer loop
      vertex 47.513 -0.409538 9
      vertex 49.1694 -3.50484 9
      vertex 47.75 -0.299038 9
    endloop
  endfacet
  facet normal 0 0 1
    outer loop
      vertex 49.1694 -3.50484 9
      vertex 47.513 -0.409538 9
      vertex 48.6514 -3.71942 9
    endloop
  endfacet
  facet normal 0 0 1
    outer loop
      vertex 48.6514 -3.71942 9
      vertex 47.513 -0.409538 9
      vertex 48.1126 -3.87464 9
    endloop
  endfacet
  facet normal -0 0 1
    outer loop
      vertex 47.2605 -0.477211 9
      vertex 48.1126 -3.87464 9
      vertex 47.513 -0.409538 9
    endloop
  endfacet
  facet normal 0 0 1
    outer loop
      vertex 48.1126 -3.87464 9
      vertex 47.2605 -0.477211 9
      vertex 47.5598 -3.96856 9
    endloop
  endfacet
  facet normal -0 0 1
    outer loop
      vertex 47 -0.5 9
      vertex 47.5598 -3.96856 9
      vertex 47.2605 -0.477211 9
    endloop
  endfacet
  facet normal 0 0 1
    outer loop
      vertex 47 -0.5 9
      vertex 47 -4 9
      vertex 47.5598 -3.96856 9
    endloop
  endfacet
  facet normal 0 0 1
    outer loop
      vertex 46.4402 -3.96856 9
      vertex 47 -0.5 9
      vertex 46.7395 -0.477211 9
    endloop
  endfacet
  facet normal 0 0 1
    outer loop
      vertex 45.8874 -3.87464 9
      vertex 46.7395 -0.477211 9
      vertex 46.487 -0.409538 9
    endloop
  endfacet
  facet normal 0 0 1
    outer loop
      vertex 47 -0.5 9
      vertex 46.4402 -3.96856 9
      vertex 47 -4 9
    endloop
  endfacet
  facet normal 0 0 1
    outer loop
      vertex 44.8306 -3.50484 9
      vertex 46.487 -0.409538 9
      vertex 46.25 -0.299038 9
    endloop
  endfacet
  facet normal 0 0 1
    outer loop
      vertex 44.3398 -3.23362 9
      vertex 46.25 -0.299038 9
      vertex 46.0358 -0.149066 9
    endloop
  endfacet
  facet normal 0 0 1
    outer loop
      vertex 46.7395 -0.477211 9
      vertex 45.8874 -3.87464 9
      vertex 46.4402 -3.96856 9
    endloop
  endfacet
  facet normal 0 0 1
    outer loop
      vertex 43.4645 -2.53553 9
      vertex 46.0358 -0.149066 9
      vertex 45.8509 0.0358181 9
    endloop
  endfacet
  facet normal 0 0 1
    outer loop
      vertex 42.7664 -1.66016 9
      vertex 45.8509 0.0358181 9
      vertex 45.701 0.25 9
    endloop
  endfacet
  facet normal 0 0 1
    outer loop
      vertex 42.4952 -1.16942 9
      vertex 45.701 0.25 9
      vertex 45.5905 0.486969 9
    endloop
  endfacet
  facet normal 0 0 1
    outer loop
      vertex 42.1254 -0.112604 9
      vertex 45.5905 0.486969 9
      vertex 45.5228 0.739528 9
    endloop
  endfacet
  facet normal 0 0 1
    outer loop
      vertex 42.0314 0.440177 9
      vertex 45.5228 0.739528 9
      vertex 45.5 1 9
    endloop
  endfacet
  facet normal 0 0 1
    outer loop
      vertex 46.487 -0.409538 9
      vertex 45.3486 -3.71942 9
      vertex 45.8874 -3.87464 9
    endloop
  endfacet
  facet normal -0 0 1
    outer loop
      vertex 43.0908 4.11745 9
      vertex 45.8509 1.96418 9
      vertex 43.4645 4.53553 9
    endloop
  endfacet
  facet normal -0 0 1
    outer loop
      vertex 42.7664 3.66016 9
      vertex 45.8509 1.96418 9
      vertex 43.0908 4.11745 9
    endloop
  endfacet
  facet normal 0 0 1
    outer loop
      vertex 46.487 -0.409538 9
      vertex 44.8306 -3.50484 9
      vertex 45.3486 -3.71942 9
    endloop
  endfacet
  facet normal 0 0 1
    outer loop
      vertex 45.8509 1.96418 9
      vertex 42.7664 3.66016 9
      vertex 45.701 1.75 9
    endloop
  endfacet
  facet normal 0 0 1
    outer loop
      vertex 46.25 -0.299038 9
      vertex 44.3398 -3.23362 9
      vertex 44.8306 -3.50484 9
    endloop
  endfacet
  facet normal -0 0 1
    outer loop
      vertex 42.4952 3.16942 9
      vertex 45.701 1.75 9
      vertex 42.7664 3.66016 9
    endloop
  endfacet
  facet normal 0 0 1
    outer loop
      vertex 46.0358 -0.149066 9
      vertex 43.8825 -2.90916 9
      vertex 44.3398 -3.23362 9
    endloop
  endfacet
  facet normal 0 0 1
    outer loop
      vertex 45.701 1.75 9
      vertex 42.4952 3.16942 9
      vertex 45.5905 1.51303 9
    endloop
  endfacet
  facet normal 0 0 1
    outer loop
      vertex 46.0358 -0.149066 9
      vertex 43.4645 -2.53553 9
      vertex 43.8825 -2.90916 9
    endloop
  endfacet
  facet normal -0 0 1
    outer loop
      vertex 42.2806 2.65139 9
      vertex 45.5905 1.51303 9
      vertex 42.4952 3.16942 9
    endloop
  endfacet
  facet normal 0 0 1
    outer loop
      vertex 45.8509 0.0358181 9
      vertex 43.0908 -2.11745 9
      vertex 43.4645 -2.53553 9
    endloop
  endfacet
  facet normal -0 0 1
    outer loop
      vertex 42.1254 2.1126 9
      vertex 45.5905 1.51303 9
      vertex 42.2806 2.65139 9
    endloop
  endfacet
  facet normal 0 0 1
    outer loop
      vertex 45.8509 0.0358181 9
      vertex 42.7664 -1.66016 9
      vertex 43.0908 -2.11745 9
    endloop
  endfacet
  facet normal 0 0 1
    outer loop
      vertex 45.5905 1.51303 9
      vertex 42.1254 2.1126 9
      vertex 45.5228 1.26047 9
    endloop
  endfacet
  facet normal 0 0 1
    outer loop
      vertex 45.701 0.25 9
      vertex 42.4952 -1.16942 9
      vertex 42.7664 -1.66016 9
    endloop
  endfacet
  facet normal -0 0 1
    outer loop
      vertex 42.0314 1.55982 9
      vertex 45.5228 1.26047 9
      vertex 42.1254 2.1126 9
    endloop
  endfacet
  facet normal 0 0 1
    outer loop
      vertex 45.5905 0.486969 9
      vertex 42.2806 -0.651395 9
      vertex 42.4952 -1.16942 9
    endloop
  endfacet
  facet normal 0 0 1
    outer loop
      vertex 45.5228 1.26047 9
      vertex 42.0314 1.55982 9
      vertex 45.5 1 9
    endloop
  endfacet
  facet normal 0 0 1
    outer loop
      vertex 45.5905 0.486969 9
      vertex 42.1254 -0.112604 9
      vertex 42.2806 -0.651395 9
    endloop
  endfacet
  facet normal 0 0 1
    outer loop
      vertex 42 1 9
      vertex 45.5 1 9
      vertex 42.0314 1.55982 9
    endloop
  endfacet
  facet normal 0 0 1
    outer loop
      vertex 45.5228 0.739528 9
      vertex 42.0314 0.440177 9
      vertex 42.1254 -0.112604 9
    endloop
  endfacet
  facet normal 0 0 1
    outer loop
      vertex 45.5 1 9
      vertex 42 1 9
      vertex 42.0314 0.440177 9
    endloop
  endfacet
  facet normal -0.985848 0.167643 0
    outer loop
      vertex 42.0314 1.55982 6
      vertex 42.1254 2.1126 9
      vertex 42.1254 2.1126 6
    endloop
  endfacet
  facet normal -0.985848 0.167643 0
    outer loop
      vertex 42.1254 2.1126 9
      vertex 42.0314 1.55982 6
      vertex 42.0314 1.55982 9
    endloop
  endfacet
  facet normal -0.578657 0.815571 0
    outer loop
      vertex 44.3398 5.23362 6
      vertex 43.8825 4.90916 9
      vertex 44.3398 5.23362 9
    endloop
  endfacet
  facet normal -0.578657 0.815571 0
    outer loop
      vertex 43.8825 4.90916 9
      vertex 44.3398 5.23362 6
      vertex 43.8825 4.90916 6
    endloop
  endfacet
  facet normal -0.38271 0.923869 0
    outer loop
      vertex 45.3486 5.71942 6
      vertex 44.8306 5.50484 9
      vertex 45.3486 5.71942 9
    endloop
  endfacet
  facet normal -0.38271 0.923869 0
    outer loop
      vertex 44.8306 5.50484 9
      vertex 45.3486 5.71942 6
      vertex 44.8306 5.50484 6
    endloop
  endfacet
  facet normal 0.960928 -0.276798 3.25097e-18
    outer loop
      vertex 51.7194 -0.651395 9
      vertex 51.8746 -0.112604 6
      vertex 51.8746 -0.112604 9
    endloop
  endfacet
  facet normal 0.960928 -0.276798 3.25097e-18
    outer loop
      vertex 51.8746 -0.112604 6
      vertex 51.7194 -0.651395 9
      vertex 51.7194 -0.651395 6
    endloop
  endfacet
  facet normal 0.985848 -0.167643 -6.64676e-20
    outer loop
      vertex 51.8746 -0.112604 9
      vertex 51.9686 0.440177 6
      vertex 51.9686 0.440177 9
    endloop
  endfacet
  facet normal 0.985848 -0.167643 -6.64676e-20
    outer loop
      vertex 51.9686 0.440177 6
      vertex 51.8746 -0.112604 9
      vertex 51.8746 -0.112604 6
    endloop
  endfacet
  facet normal -0.0560745 -0.998427 0
    outer loop
      vertex 46.4402 -3.96856 6
      vertex 47 -4 9
      vertex 46.4402 -3.96856 9
    endloop
  endfacet
  facet normal -0.0560745 -0.998427 -0
    outer loop
      vertex 47 -4 9
      vertex 46.4402 -3.96856 6
      vertex 47 -4 6
    endloop
  endfacet
  facet normal -0.666428 -0.745569 0
    outer loop
      vertex 43.4645 -2.53553 6
      vertex 43.8825 -2.90916 9
      vertex 43.4645 -2.53553 9
    endloop
  endfacet
  facet normal -0.666428 -0.745569 -0
    outer loop
      vertex 43.8825 -2.90916 9
      vertex 43.4645 -2.53553 6
      vertex 43.8825 -2.90916 6
    endloop
  endfacet
  facet normal -0.923862 -0.382725 2.24781e-18
    outer loop
      vertex 42.4952 -1.16942 6
      vertex 42.2806 -0.651395 9
      vertex 42.2806 -0.651395 6
    endloop
  endfacet
  facet normal -0.923862 -0.382725 2.24781e-18
    outer loop
      vertex 42.2806 -0.651395 9
      vertex 42.4952 -1.16942 6
      vertex 42.4952 -1.16942 9
    endloop
  endfacet
  facet normal 0.66634 -0.745648 0
    outer loop
      vertex 50.1174 -2.90916 6
      vertex 50.5355 -2.53553 9
      vertex 50.1174 -2.90916 9
    endloop
  endfacet
  facet normal 0.66634 -0.745648 0
    outer loop
      vertex 50.5355 -2.53553 9
      vertex 50.1174 -2.90916 6
      vertex 50.5355 -2.53553 6
    endloop
  endfacet
  facet normal 0.745571 -0.666427 -1.97376e-18
    outer loop
      vertex 50.5355 -2.53553 9
      vertex 50.9092 -2.11745 6
      vertex 50.9092 -2.11745 9
    endloop
  endfacet
  facet normal 0.745571 -0.666427 -1.97376e-18
    outer loop
      vertex 50.9092 -2.11745 6
      vertex 50.5355 -2.53553 9
      vertex 50.5355 -2.53553 6
    endloop
  endfacet
  facet normal 0.578742 -0.815511 0
    outer loop
      vertex 49.6602 -3.23362 6
      vertex 50.1174 -2.90916 9
      vertex 49.6602 -3.23362 9
    endloop
  endfacet
  facet normal 0.578742 -0.815511 0
    outer loop
      vertex 50.1174 -2.90916 9
      vertex 49.6602 -3.23362 6
      vertex 50.1174 -2.90916 6
    endloop
  endfacet
  facet normal 0.276826 -0.96092 0
    outer loop
      vertex 48.1126 -3.87464 6
      vertex 48.6514 -3.71942 9
      vertex 48.1126 -3.87464 9
    endloop
  endfacet
  facet normal 0.276826 -0.96092 0
    outer loop
      vertex 48.6514 -3.71942 9
      vertex 48.1126 -3.87464 6
      vertex 48.6514 -3.71942 6
    endloop
  endfacet
  facet normal 0.923862 -0.382725 -2.24781e-18
    outer loop
      vertex 51.5048 -1.16942 9
      vertex 51.7194 -0.651395 6
      vertex 51.7194 -0.651395 9
    endloop
  endfacet
  facet normal 0.923862 -0.382725 -2.24781e-18
    outer loop
      vertex 51.7194 -0.651395 6
      vertex 51.5048 -1.16942 9
      vertex 51.5048 -1.16942 6
    endloop
  endfacet
  facet normal 0.87524 -0.483688 -2.80385e-18
    outer loop
      vertex 51.2336 -1.66016 9
      vertex 51.5048 -1.16942 6
      vertex 51.5048 -1.16942 9
    endloop
  endfacet
  facet normal 0.87524 -0.483688 -2.80385e-18
    outer loop
      vertex 51.5048 -1.16942 6
      vertex 51.2336 -1.66016 9
      vertex 51.2336 -1.66016 6
    endloop
  endfacet
  facet normal -0.276826 -0.96092 0
    outer loop
      vertex 45.3486 -3.71942 6
      vertex 45.8874 -3.87464 9
      vertex 45.3486 -3.71942 9
    endloop
  endfacet
  facet normal -0.276826 -0.96092 -0
    outer loop
      vertex 45.8874 -3.87464 9
      vertex 45.3486 -3.71942 6
      vertex 45.8874 -3.87464 6
    endloop
  endfacet
  facet normal -0.48367 -0.87525 0
    outer loop
      vertex 44.3398 -3.23362 6
      vertex 44.8306 -3.50484 9
      vertex 44.3398 -3.23362 9
    endloop
  endfacet
  facet normal -0.48367 -0.87525 -0
    outer loop
      vertex 44.8306 -3.50484 9
      vertex 44.3398 -3.23362 6
      vertex 44.8306 -3.50484 6
    endloop
  endfacet
  facet normal -0.167498 -0.985872 0
    outer loop
      vertex 45.8874 -3.87464 6
      vertex 46.4402 -3.96856 9
      vertex 45.8874 -3.87464 9
    endloop
  endfacet
  facet normal -0.167498 -0.985872 -0
    outer loop
      vertex 46.4402 -3.96856 9
      vertex 45.8874 -3.87464 6
      vertex 46.4402 -3.96856 6
    endloop
  endfacet
  facet normal -0.745571 -0.666427 1.97376e-18
    outer loop
      vertex 43.4645 -2.53553 6
      vertex 43.0908 -2.11745 9
      vertex 43.0908 -2.11745 6
    endloop
  endfacet
  facet normal -0.745571 -0.666427 1.97376e-18
    outer loop
      vertex 43.0908 -2.11745 9
      vertex 43.4645 -2.53553 6
      vertex 43.4645 -2.53553 9
    endloop
  endfacet
  facet normal -0.815615 -0.578595 7.43694e-18
    outer loop
      vertex 43.0908 -2.11745 6
      vertex 42.7664 -1.66016 9
      vertex 42.7664 -1.66016 6
    endloop
  endfacet
  facet normal -0.815615 -0.578595 7.43694e-18
    outer loop
      vertex 42.7664 -1.66016 9
      vertex 43.0908 -2.11745 6
      vertex 43.0908 -2.11745 9
    endloop
  endfacet
  facet normal -0.960928 -0.276798 -3.25097e-18
    outer loop
      vertex 42.2806 -0.651395 6
      vertex 42.1254 -0.112604 9
      vertex 42.1254 -0.112604 6
    endloop
  endfacet
  facet normal -0.960928 -0.276798 -3.25097e-18
    outer loop
      vertex 42.1254 -0.112604 9
      vertex 42.2806 -0.651395 6
      vertex 42.2806 -0.651395 9
    endloop
  endfacet
  facet normal -0.985848 -0.167643 6.64676e-20
    outer loop
      vertex 42.1254 -0.112604 6
      vertex 42.0314 0.440177 9
      vertex 42.0314 0.440177 6
    endloop
  endfacet
  facet normal -0.985848 -0.167643 6.64676e-20
    outer loop
      vertex 42.0314 0.440177 9
      vertex 42.1254 -0.112604 6
      vertex 42.1254 -0.112604 9
    endloop
  endfacet
  facet normal 0.38271 -0.923869 0
    outer loop
      vertex 48.6514 -3.71942 6
      vertex 49.1694 -3.50484 9
      vertex 48.6514 -3.71942 9
    endloop
  endfacet
  facet normal 0.38271 -0.923869 0
    outer loop
      vertex 49.1694 -3.50484 9
      vertex 48.6514 -3.71942 6
      vertex 49.1694 -3.50484 6
    endloop
  endfacet
  facet normal -0.578657 -0.815571 0
    outer loop
      vertex 43.8825 -2.90916 6
      vertex 44.3398 -3.23362 9
      vertex 43.8825 -2.90916 9
    endloop
  endfacet
  facet normal -0.578657 -0.815571 -0
    outer loop
      vertex 44.3398 -3.23362 9
      vertex 43.8825 -2.90916 6
      vertex 44.3398 -3.23362 6
    endloop
  endfacet
  facet normal -0.38271 -0.923869 0
    outer loop
      vertex 44.8306 -3.50484 6
      vertex 45.3486 -3.71942 9
      vertex 44.8306 -3.50484 9
    endloop
  endfacet
  facet normal -0.38271 -0.923869 -0
    outer loop
      vertex 45.3486 -3.71942 9
      vertex 44.8306 -3.50484 6
      vertex 45.3486 -3.71942 6
    endloop
  endfacet
  facet normal 0.998431 0.0560034 4.63289e-20
    outer loop
      vertex 52 99 9
      vertex 51.9686 99.5598 6
      vertex 51.9686 99.5598 9
    endloop
  endfacet
  facet normal 0.998431 0.0560034 4.63289e-20
    outer loop
      vertex 51.9686 99.5598 6
      vertex 52 99 9
      vertex 52 99 6
    endloop
  endfacet
  facet normal -0.0552922 0.99847 0
    outer loop
      vertex 47 104 6
      vertex 46.4402 103.969 9
      vertex 47 104 9
    endloop
  endfacet
  facet normal -0.0552922 0.99847 0
    outer loop
      vertex 46.4402 103.969 9
      vertex 47 104 6
      vertex 46.4402 103.969 6
    endloop
  endfacet
  facet normal 0.665714 0.746207 -0
    outer loop
      vertex 50.5355 102.536 6
      vertex 50.1174 102.909 9
      vertex 50.5355 102.536 9
    endloop
  endfacet
  facet normal 0.665714 0.746207 0
    outer loop
      vertex 50.1174 102.909 9
      vertex 50.5355 102.536 6
      vertex 50.1174 102.909 6
    endloop
  endfacet
  facet normal -0.746298 0.665612 6.99225e-18
    outer loop
      vertex 43.0908 102.117 6
      vertex 43.4645 102.536 9
      vertex 43.4645 102.536 6
    endloop
  endfacet
  facet normal -0.746298 0.665612 6.99225e-18
    outer loop
      vertex 43.4645 102.536 9
      vertex 43.0908 102.117 6
      vertex 43.0908 102.117 9
    endloop
  endfacet
  facet normal -0.48337 0.875416 0
    outer loop
      vertex 44.8306 103.505 6
      vertex 44.3398 103.234 9
      vertex 44.8306 103.505 9
    endloop
  endfacet
  facet normal -0.48337 0.875416 0
    outer loop
      vertex 44.3398 103.234 9
      vertex 44.8306 103.505 6
      vertex 44.3398 103.234 6
    endloop
  endfacet
  facet normal -0.923856 -0.38274 -3.2228e-20
    outer loop
      vertex 42.4952 96.8306 6
      vertex 42.2806 97.3486 9
      vertex 42.2806 97.3486 6
    endloop
  endfacet
  facet normal -0.923856 -0.38274 -3.2228e-20
    outer loop
      vertex 42.2806 97.3486 9
      vertex 42.4952 96.8306 6
      vertex 42.4952 96.8306 9
    endloop
  endfacet
  facet normal 0.875349 0.483492 5.07387e-18
    outer loop
      vertex 51.5048 101.169 9
      vertex 51.2336 101.66 6
      vertex 51.2336 101.66 9
    endloop
  endfacet
  facet normal 0.875349 0.483492 5.07387e-18
    outer loop
      vertex 51.2336 101.66 6
      vertex 51.5048 101.169 9
      vertex 51.5048 101.169 6
    endloop
  endfacet
  facet normal 0.27811 0.960549 -0
    outer loop
      vertex 48.6514 103.719 6
      vertex 48.1126 103.875 9
      vertex 48.6514 103.719 9
    endloop
  endfacet
  facet normal 0.27811 0.960549 0
    outer loop
      vertex 48.1126 103.875 9
      vertex 48.6514 103.719 6
      vertex 48.1126 103.875 6
    endloop
  endfacet
  facet normal -0.923856 0.38274 3.2228e-20
    outer loop
      vertex 42.2806 100.651 6
      vertex 42.4952 101.169 9
      vertex 42.4952 101.169 6
    endloop
  endfacet
  facet normal -0.923856 0.38274 3.2228e-20
    outer loop
      vertex 42.4952 101.169 9
      vertex 42.2806 100.651 6
      vertex 42.2806 100.651 9
    endloop
  endfacet
  facet normal -0.875349 0.483492 -5.07387e-18
    outer loop
      vertex 42.4952 101.169 6
      vertex 42.7664 101.66 9
      vertex 42.7664 101.66 6
    endloop
  endfacet
  facet normal -0.875349 0.483492 -5.07387e-18
    outer loop
      vertex 42.7664 101.66 9
      vertex 42.4952 101.169 6
      vertex 42.4952 101.169 9
    endloop
  endfacet
  facet normal -0.665803 0.746128 0
    outer loop
      vertex 43.8825 102.909 6
      vertex 43.4645 102.536 9
      vertex 43.8825 102.909 9
    endloop
  endfacet
  facet normal -0.665803 0.746128 0
    outer loop
      vertex 43.4645 102.536 9
      vertex 43.8825 102.909 6
      vertex 43.4645 102.536 6
    endloop
  endfacet
  facet normal -0.27811 0.960549 0
    outer loop
      vertex 45.8874 103.875 6
      vertex 45.3486 103.719 9
      vertex 45.8874 103.875 9
    endloop
  endfacet
  facet normal -0.27811 0.960549 0
    outer loop
      vertex 45.3486 103.719 9
      vertex 45.8874 103.875 6
      vertex 45.3486 103.719 6
    endloop
  endfacet
  facet normal 0.38274 -0.923856 0
    outer loop
      vertex 48.6514 94.2806 6
      vertex 49.1694 94.4952 9
      vertex 48.6514 94.2806 9
    endloop
  endfacet
  facet normal 0.38274 -0.923856 0
    outer loop
      vertex 49.1694 94.4952 9
      vertex 48.6514 94.2806 6
      vertex 49.1694 94.4952 6
    endloop
  endfacet
  facet normal 0.923856 -0.38274 3.2228e-20
    outer loop
      vertex 51.5048 96.8306 9
      vertex 51.7194 97.3486 6
      vertex 51.7194 97.3486 9
    endloop
  endfacet
  facet normal 0.923856 -0.38274 3.2228e-20
    outer loop
      vertex 51.7194 97.3486 6
      vertex 51.5048 96.8306 9
      vertex 51.5048 96.8306 6
    endloop
  endfacet
  facet normal 0.985849 -0.167637 1.83485e-18
    outer loop
      vertex 51.8746 97.8874 9
      vertex 51.9686 98.4402 6
      vertex 51.9686 98.4402 9
    endloop
  endfacet
  facet normal 0.985849 -0.167637 1.83485e-18
    outer loop
      vertex 51.9686 98.4402 6
      vertex 51.8746 97.8874 9
      vertex 51.8746 97.8874 6
    endloop
  endfacet
  facet normal -0.167637 -0.985849 0
    outer loop
      vertex 45.8874 94.1254 6
      vertex 46.4402 94.0314 9
      vertex 45.8874 94.1254 9
    endloop
  endfacet
  facet normal -0.167637 -0.985849 -0
    outer loop
      vertex 46.4402 94.0314 9
      vertex 45.8874 94.1254 6
      vertex 46.4402 94.0314 6
    endloop
  endfacet
  facet normal -0.666498 -0.745507 0
    outer loop
      vertex 43.4645 95.4645 6
      vertex 43.8825 95.0908 9
      vertex 43.4645 95.4645 9
    endloop
  endfacet
  facet normal -0.666498 -0.745507 -0
    outer loop
      vertex 43.8825 95.0908 9
      vertex 43.4645 95.4645 6
      vertex 43.8825 95.0908 6
    endloop
  endfacet
  facet normal 0.96082 0.277173 -1.97259e-18
    outer loop
      vertex 51.8746 100.113 9
      vertex 51.7194 100.651 6
      vertex 51.7194 100.651 9
    endloop
  endfacet
  facet normal 0.96082 0.277173 -1.97259e-18
    outer loop
      vertex 51.7194 100.651 6
      vertex 51.8746 100.113 9
      vertex 51.8746 100.113 6
    endloop
  endfacet
  facet normal 0.985869 0.167519 7.2658e-19
    outer loop
      vertex 51.9686 99.5598 9
      vertex 51.8746 100.113 6
      vertex 51.8746 100.113 9
    endloop
  endfacet
  facet normal 0.985869 0.167519 7.2658e-19
    outer loop
      vertex 51.8746 100.113 6
      vertex 51.9686 99.5598 9
      vertex 51.9686 99.5598 6
    endloop
  endfacet
  facet normal 0.923856 0.38274 -3.2228e-20
    outer loop
      vertex 51.7194 100.651 9
      vertex 51.5048 101.169 6
      vertex 51.5048 101.169 9
    endloop
  endfacet
  facet normal 0.923856 0.38274 -3.2228e-20
    outer loop
      vertex 51.5048 101.169 6
      vertex 51.7194 100.651 9
      vertex 51.7194 100.651 6
    endloop
  endfacet
  facet normal 0.746298 0.665612 -6.99225e-18
    outer loop
      vertex 50.9092 102.117 9
      vertex 50.5355 102.536 6
      vertex 50.5355 102.536 9
    endloop
  endfacet
  facet normal 0.746298 0.665612 -6.99225e-18
    outer loop
      vertex 50.5355 102.536 6
      vertex 50.9092 102.117 9
      vertex 50.9092 102.117 6
    endloop
  endfacet
  facet normal 0.815442 0.578839 -1.13657e-18
    outer loop
      vertex 51.2336 101.66 9
      vertex 50.9092 102.117 6
      vertex 50.9092 102.117 9
    endloop
  endfacet
  facet normal 0.815442 0.578839 -1.13657e-18
    outer loop
      vertex 50.9092 102.117 6
      vertex 51.2336 101.66 9
      vertex 51.2336 101.66 6
    endloop
  endfacet
  facet normal 0.167637 0.985849 -0
    outer loop
      vertex 48.1126 103.875 6
      vertex 47.5598 103.969 9
      vertex 48.1126 103.875 9
    endloop
  endfacet
  facet normal 0.167637 0.985849 0
    outer loop
      vertex 47.5598 103.969 9
      vertex 48.1126 103.875 6
      vertex 47.5598 103.969 6
    endloop
  endfacet
  facet normal 0.0552922 0.99847 -0
    outer loop
      vertex 47.5598 103.969 6
      vertex 47 104 9
      vertex 47.5598 103.969 9
    endloop
  endfacet
  facet normal 0.0552922 0.99847 0
    outer loop
      vertex 47 104 9
      vertex 47.5598 103.969 6
      vertex 47 104 6
    endloop
  endfacet
  facet normal 0.48337 0.875416 -0
    outer loop
      vertex 49.6602 103.234 6
      vertex 49.1694 103.505 9
      vertex 49.6602 103.234 9
    endloop
  endfacet
  facet normal 0.48337 0.875416 0
    outer loop
      vertex 49.1694 103.505 9
      vertex 49.6602 103.234 6
      vertex 49.1694 103.505 6
    endloop
  endfacet
  facet normal 0.579382 0.815056 -0
    outer loop
      vertex 50.1174 102.909 6
      vertex 49.6602 103.234 9
      vertex 50.1174 102.909 9
    endloop
  endfacet
  facet normal 0.579382 0.815056 0
    outer loop
      vertex 49.6602 103.234 9
      vertex 50.1174 102.909 6
      vertex 49.6602 103.234 6
    endloop
  endfacet
  facet normal -0.815442 0.578839 1.13657e-18
    outer loop
      vertex 42.7664 101.66 6
      vertex 43.0908 102.117 9
      vertex 43.0908 102.117 6
    endloop
  endfacet
  facet normal -0.815442 0.578839 1.13657e-18
    outer loop
      vertex 43.0908 102.117 9
      vertex 42.7664 101.66 6
      vertex 42.7664 101.66 9
    endloop
  endfacet
  facet normal -0.96082 0.277173 1.97259e-18
    outer loop
      vertex 42.1254 100.113 6
      vertex 42.2806 100.651 9
      vertex 42.2806 100.651 6
    endloop
  endfacet
  facet normal -0.96082 0.277173 1.97259e-18
    outer loop
      vertex 42.2806 100.651 9
      vertex 42.1254 100.113 6
      vertex 42.1254 100.113 9
    endloop
  endfacet
  facet normal -0.998431 0.0560034 -4.63289e-20
    outer loop
      vertex 42 99 6
      vertex 42.0314 99.5598 9
      vertex 42.0314 99.5598 6
    endloop
  endfacet
  facet normal -0.998431 0.0560034 -4.63289e-20
    outer loop
      vertex 42.0314 99.5598 9
      vertex 42 99 6
      vertex 42 99 9
    endloop
  endfacet
  facet normal -0.998431 -0.0560034 4.63289e-20
    outer loop
      vertex 42.0314 98.4402 6
      vertex 42 99 9
      vertex 42 99 6
    endloop
  endfacet
  facet normal -0.998431 -0.0560034 4.63289e-20
    outer loop
      vertex 42 99 9
      vertex 42.0314 98.4402 6
      vertex 42.0314 98.4402 9
    endloop
  endfacet
  facet normal -0.167637 0.985849 0
    outer loop
      vertex 46.4402 103.969 6
      vertex 45.8874 103.875 9
      vertex 46.4402 103.969 9
    endloop
  endfacet
  facet normal -0.167637 0.985849 0
    outer loop
      vertex 45.8874 103.875 9
      vertex 46.4402 103.969 6
      vertex 45.8874 103.875 6
    endloop
  endfacet
  facet normal 0.998431 -0.0560034 -4.63289e-20
    outer loop
      vertex 51.9686 98.4402 9
      vertex 52 99 6
      vertex 52 99 9
    endloop
  endfacet
  facet normal 0.998431 -0.0560034 -4.63289e-20
    outer loop
      vertex 52 99 6
      vertex 51.9686 98.4402 9
      vertex 51.9686 98.4402 6
    endloop
  endfacet
  facet normal 0.167637 -0.985849 0
    outer loop
      vertex 47.5598 94.0314 6
      vertex 48.1126 94.1254 9
      vertex 47.5598 94.0314 9
    endloop
  endfacet
  facet normal 0.167637 -0.985849 0
    outer loop
      vertex 48.1126 94.1254 9
      vertex 47.5598 94.0314 6
      vertex 48.1126 94.1254 6
    endloop
  endfacet
  facet normal 0.57867 -0.815561 0
    outer loop
      vertex 49.6602 94.7664 6
      vertex 50.1174 95.0908 9
      vertex 49.6602 94.7664 9
    endloop
  endfacet
  facet normal 0.57867 -0.815561 0
    outer loop
      vertex 50.1174 95.0908 9
      vertex 49.6602 94.7664 6
      vertex 50.1174 95.0908 6
    endloop
  endfacet
  facet normal 0.745586 -0.666409 2.49734e-18
    outer loop
      vertex 50.5355 95.4645 9
      vertex 50.9092 95.8826 6
      vertex 50.9092 95.8826 9
    endloop
  endfacet
  facet normal 0.745586 -0.666409 2.49734e-18
    outer loop
      vertex 50.9092 95.8826 6
      vertex 50.5355 95.4645 9
      vertex 50.5355 95.4645 6
    endloop
  endfacet
  facet normal 0.666409 -0.745586 0
    outer loop
      vertex 50.1174 95.0908 6
      vertex 50.5355 95.4645 9
      vertex 50.1174 95.0908 9
    endloop
  endfacet
  facet normal 0.666409 -0.745586 0
    outer loop
      vertex 50.5355 95.4645 9
      vertex 50.1174 95.0908 6
      vertex 50.5355 95.4645 6
    endloop
  endfacet
  facet normal 0.815561 -0.57867 2.48199e-18
    outer loop
      vertex 50.9092 95.8826 9
      vertex 51.2336 96.3398 6
      vertex 51.2336 96.3398 9
    endloop
  endfacet
  facet normal 0.815561 -0.57867 2.48199e-18
    outer loop
      vertex 51.2336 96.3398 6
      vertex 50.9092 95.8826 9
      vertex 50.9092 95.8826 6
    endloop
  endfacet
  facet normal 0.875265 -0.483643 5.26075e-18
    outer loop
      vertex 51.2336 96.3398 9
      vertex 51.5048 96.8306 6
      vertex 51.5048 96.8306 9
    endloop
  endfacet
  facet normal 0.875265 -0.483643 5.26075e-18
    outer loop
      vertex 51.5048 96.8306 6
      vertex 51.2336 96.3398 9
      vertex 51.2336 96.3398 6
    endloop
  endfacet
  facet normal -0.578586 -0.815621 0
    outer loop
      vertex 43.8825 95.0908 6
      vertex 44.3398 94.7664 9
      vertex 43.8825 95.0908 9
    endloop
  endfacet
  facet normal -0.578586 -0.815621 -0
    outer loop
      vertex 44.3398 94.7664 9
      vertex 43.8825 95.0908 6
      vertex 44.3398 94.7664 6
    endloop
  endfacet
  facet normal -0.483643 -0.875265 0
    outer loop
      vertex 44.3398 94.7664 6
      vertex 44.8306 94.4952 9
      vertex 44.3398 94.7664 9
    endloop
  endfacet
  facet normal -0.483643 -0.875265 -0
    outer loop
      vertex 44.8306 94.4952 9
      vertex 44.3398 94.7664 6
      vertex 44.8306 94.4952 6
    endloop
  endfacet
  facet normal -0.38274 -0.923856 0
    outer loop
      vertex 44.8306 94.4952 6
      vertex 45.3486 94.2806 9
      vertex 44.8306 94.4952 9
    endloop
  endfacet
  facet normal -0.38274 -0.923856 -0
    outer loop
      vertex 45.3486 94.2806 9
      vertex 44.8306 94.4952 6
      vertex 45.3486 94.2806 6
    endloop
  endfacet
  facet normal 0.0560034 -0.998431 0
    outer loop
      vertex 47 94 6
      vertex 47.5598 94.0314 9
      vertex 47 94 9
    endloop
  endfacet
  facet normal 0.0560034 -0.998431 0
    outer loop
      vertex 47.5598 94.0314 9
      vertex 47 94 6
      vertex 47.5598 94.0314 6
    endloop
  endfacet
  facet normal -0.815561 -0.57867 -2.48199e-18
    outer loop
      vertex 43.0908 95.8826 6
      vertex 42.7664 96.3398 9
      vertex 42.7664 96.3398 6
    endloop
  endfacet
  facet normal -0.815561 -0.57867 -2.48199e-18
    outer loop
      vertex 42.7664 96.3398 9
      vertex 43.0908 95.8826 6
      vertex 43.0908 95.8826 9
    endloop
  endfacet
  facet normal -0.985849 -0.167637 -1.83485e-18
    outer loop
      vertex 42.1254 97.8874 6
      vertex 42.0314 98.4402 9
      vertex 42.0314 98.4402 6
    endloop
  endfacet
  facet normal -0.985849 -0.167637 -1.83485e-18
    outer loop
      vertex 42.0314 98.4402 9
      vertex 42.1254 97.8874 6
      vertex 42.1254 97.8874 9
    endloop
  endfacet
  facet normal 0.381826 0.924234 -0
    outer loop
      vertex 49.1694 103.505 6
      vertex 48.6514 103.719 9
      vertex 49.1694 103.505 9
    endloop
  endfacet
  facet normal 0.381826 0.924234 0
    outer loop
      vertex 48.6514 103.719 9
      vertex 49.1694 103.505 6
      vertex 48.6514 103.719 6
    endloop
  endfacet
  facet normal 0 0 1
    outer loop
      vertex 48.5 99 9
      vertex 52 99 9
      vertex 51.9686 99.5598 9
    endloop
  endfacet
  facet normal 0 0 1
    outer loop
      vertex 48.4772 99.2605 9
      vertex 51.9686 99.5598 9
      vertex 51.8746 100.113 9
    endloop
  endfacet
  facet normal 0 0 1
    outer loop
      vertex 52 99 9
      vertex 48.5 99 9
      vertex 51.9686 98.4402 9
    endloop
  endfacet
  facet normal 0 0 1
    outer loop
      vertex 48.4095 99.513 9
      vertex 51.8746 100.113 9
      vertex 51.7194 100.651 9
    endloop
  endfacet
  facet normal -0 0 1
    outer loop
      vertex 48.4772 98.7395 9
      vertex 51.9686 98.4402 9
      vertex 48.5 99 9
    endloop
  endfacet
  facet normal 0 0 1
    outer loop
      vertex 48.4095 99.513 9
      vertex 51.7194 100.651 9
      vertex 51.5048 101.169 9
    endloop
  endfacet
  facet normal 0 0 1
    outer loop
      vertex 51.9686 98.4402 9
      vertex 48.4772 98.7395 9
      vertex 51.8746 97.8874 9
    endloop
  endfacet
  facet normal 0 0 1
    outer loop
      vertex 48.299 99.75 9
      vertex 51.5048 101.169 9
      vertex 51.2336 101.66 9
    endloop
  endfacet
  facet normal -0 0 1
    outer loop
      vertex 48.4095 98.487 9
      vertex 51.8746 97.8874 9
      vertex 48.4772 98.7395 9
    endloop
  endfacet
  facet normal 0 0 1
    outer loop
      vertex 48.1491 99.9642 9
      vertex 51.2336 101.66 9
      vertex 50.9092 102.117 9
    endloop
  endfacet
  facet normal 0 0 1
    outer loop
      vertex 51.8746 97.8874 9
      vertex 48.4095 98.487 9
      vertex 51.7194 97.3486 9
    endloop
  endfacet
  facet normal 0 0 1
    outer loop
      vertex 48.1491 99.9642 9
      vertex 50.9092 102.117 9
      vertex 50.5355 102.536 9
    endloop
  endfacet
  facet normal 0 0 1
    outer loop
      vertex 51.7194 97.3486 9
      vertex 48.4095 98.487 9
      vertex 51.5048 96.8306 9
    endloop
  endfacet
  facet normal 0 0 1
    outer loop
      vertex 47.9642 100.149 9
      vertex 50.5355 102.536 9
      vertex 50.1174 102.909 9
    endloop
  endfacet
  facet normal -0 0 1
    outer loop
      vertex 48.299 98.25 9
      vertex 51.5048 96.8306 9
      vertex 48.4095 98.487 9
    endloop
  endfacet
  facet normal 0 0 1
    outer loop
      vertex 47.9642 100.149 9
      vertex 50.1174 102.909 9
      vertex 49.6602 103.234 9
    endloop
  endfacet
  facet normal 0 0 1
    outer loop
      vertex 51.5048 96.8306 9
      vertex 48.299 98.25 9
      vertex 51.2336 96.3398 9
    endloop
  endfacet
  facet normal 0 0 1
    outer loop
      vertex 47.75 100.299 9
      vertex 49.6602 103.234 9
      vertex 49.1694 103.505 9
    endloop
  endfacet
  facet normal -0 0 1
    outer loop
      vertex 48.1491 98.0358 9
      vertex 51.2336 96.3398 9
      vertex 48.299 98.25 9
    endloop
  endfacet
  facet normal 0 0 1
    outer loop
      vertex 47.513 100.41 9
      vertex 49.1694 103.505 9
      vertex 48.6514 103.719 9
    endloop
  endfacet
  facet normal 0 0 1
    outer loop
      vertex 51.2336 96.3398 9
      vertex 48.1491 98.0358 9
      vertex 50.9092 95.8826 9
    endloop
  endfacet
  facet normal 0 0 1
    outer loop
      vertex 50.9092 95.8826 9
      vertex 48.1491 98.0358 9
      vertex 50.5355 95.4645 9
    endloop
  endfacet
  facet normal 0 0 1
    outer loop
      vertex 51.9686 99.5598 9
      vertex 48.4772 99.2605 9
      vertex 48.5 99 9
    endloop
  endfacet
  facet normal 0 0 1
    outer loop
      vertex 51.8746 100.113 9
      vertex 48.4095 99.513 9
      vertex 48.4772 99.2605 9
    endloop
  endfacet
  facet normal 0 0 1
    outer loop
      vertex 51.5048 101.169 9
      vertex 48.299 99.75 9
      vertex 48.4095 99.513 9
    endloop
  endfacet
  facet normal 0 0 1
    outer loop
      vertex 51.2336 101.66 9
      vertex 48.1491 99.9642 9
      vertex 48.299 99.75 9
    endloop
  endfacet
  facet normal 0 0 1
    outer loop
      vertex 47.513 100.41 9
      vertex 48.6514 103.719 9
      vertex 48.1126 103.875 9
    endloop
  endfacet
  facet normal 0 0 1
    outer loop
      vertex 50.5355 102.536 9
      vertex 47.9642 100.149 9
      vertex 48.1491 99.9642 9
    endloop
  endfacet
  facet normal 0 0 1
    outer loop
      vertex 49.6602 103.234 9
      vertex 47.75 100.299 9
      vertex 47.9642 100.149 9
    endloop
  endfacet
  facet normal 0 0 1
    outer loop
      vertex 47.2605 100.477 9
      vertex 48.1126 103.875 9
      vertex 47.5598 103.969 9
    endloop
  endfacet
  facet normal 0 0 1
    outer loop
      vertex 49.1694 103.505 9
      vertex 47.513 100.41 9
      vertex 47.75 100.299 9
    endloop
  endfacet
  facet normal 0 0 1
    outer loop
      vertex 48.1126 103.875 9
      vertex 47.2605 100.477 9
      vertex 47.513 100.41 9
    endloop
  endfacet
  facet normal 0 0 1
    outer loop
      vertex 47 100.5 9
      vertex 47.5598 103.969 9
      vertex 47 104 9
    endloop
  endfacet
  facet normal 0 0 1
    outer loop
      vertex 47.5598 103.969 9
      vertex 47 100.5 9
      vertex 47.2605 100.477 9
    endloop
  endfacet
  facet normal -0 0 1
    outer loop
      vertex 46.4402 103.969 9
      vertex 47 100.5 9
      vertex 47 104 9
    endloop
  endfacet
  facet normal 0 0 1
    outer loop
      vertex 47 100.5 9
      vertex 46.4402 103.969 9
      vertex 46.7395 100.477 9
    endloop
  endfacet
  facet normal -0 0 1
    outer loop
      vertex 45.8874 103.875 9
      vertex 46.7395 100.477 9
      vertex 46.4402 103.969 9
    endloop
  endfacet
  facet normal 0 0 1
    outer loop
      vertex 46.7395 100.477 9
      vertex 45.8874 103.875 9
      vertex 46.487 100.41 9
    endloop
  endfacet
  facet normal -0 0 1
    outer loop
      vertex 45.3486 103.719 9
      vertex 46.487 100.41 9
      vertex 45.8874 103.875 9
    endloop
  endfacet
  facet normal -0 0 1
    outer loop
      vertex 44.8306 103.505 9
      vertex 46.487 100.41 9
      vertex 45.3486 103.719 9
    endloop
  endfacet
  facet normal 0 0 1
    outer loop
      vertex 46.487 100.41 9
      vertex 44.8306 103.505 9
      vertex 46.25 100.299 9
    endloop
  endfacet
  facet normal -0 0 1
    outer loop
      vertex 44.3398 103.234 9
      vertex 46.25 100.299 9
      vertex 44.8306 103.505 9
    endloop
  endfacet
  facet normal 0 0 1
    outer loop
      vertex 46.25 100.299 9
      vertex 44.3398 103.234 9
      vertex 46.0358 100.149 9
    endloop
  endfacet
  facet normal -0 0 1
    outer loop
      vertex 43.8825 102.909 9
      vertex 46.0358 100.149 9
      vertex 44.3398 103.234 9
    endloop
  endfacet
  facet normal -0 0 1
    outer loop
      vertex 43.4645 102.536 9
      vertex 46.0358 100.149 9
      vertex 43.8825 102.909 9
    endloop
  endfacet
  facet normal 0 0 1
    outer loop
      vertex 46.0358 100.149 9
      vertex 43.4645 102.536 9
      vertex 45.8509 99.9642 9
    endloop
  endfacet
  facet normal -0 0 1
    outer loop
      vertex 47.9642 97.8509 9
      vertex 50.5355 95.4645 9
      vertex 48.1491 98.0358 9
    endloop
  endfacet
  facet normal 0 0 1
    outer loop
      vertex 50.5355 95.4645 9
      vertex 47.9642 97.8509 9
      vertex 50.1174 95.0908 9
    endloop
  endfacet
  facet normal 0 0 1
    outer loop
      vertex 50.1174 95.0908 9
      vertex 47.9642 97.8509 9
      vertex 49.6602 94.7664 9
    endloop
  endfacet
  facet normal -0 0 1
    outer loop
      vertex 47.75 97.701 9
      vertex 49.6602 94.7664 9
      vertex 47.9642 97.8509 9
    endloop
  endfacet
  facet normal 0 0 1
    outer loop
      vertex 49.6602 94.7664 9
      vertex 47.75 97.701 9
      vertex 49.1694 94.4952 9
    endloop
  endfacet
  facet normal -0 0 1
    outer loop
      vertex 47.513 97.5905 9
      vertex 49.1694 94.4952 9
      vertex 47.75 97.701 9
    endloop
  endfacet
  facet normal 0 0 1
    outer loop
      vertex 49.1694 94.4952 9
      vertex 47.513 97.5905 9
      vertex 48.6514 94.2806 9
    endloop
  endfacet
  facet normal 0 0 1
    outer loop
      vertex 48.6514 94.2806 9
      vertex 47.513 97.5905 9
      vertex 48.1126 94.1254 9
    endloop
  endfacet
  facet normal -0 0 1
    outer loop
      vertex 47.2605 97.5228 9
      vertex 48.1126 94.1254 9
      vertex 47.513 97.5905 9
    endloop
  endfacet
  facet normal 0 0 1
    outer loop
      vertex 48.1126 94.1254 9
      vertex 47.2605 97.5228 9
      vertex 47.5598 94.0314 9
    endloop
  endfacet
  facet normal -0 0 1
    outer loop
      vertex 47 97.5 9
      vertex 47.5598 94.0314 9
      vertex 47.2605 97.5228 9
    endloop
  endfacet
  facet normal 0 0 1
    outer loop
      vertex 47 97.5 9
      vertex 47 94 9
      vertex 47.5598 94.0314 9
    endloop
  endfacet
  facet normal 0 0 1
    outer loop
      vertex 46.4402 94.0314 9
      vertex 47 97.5 9
      vertex 46.7395 97.5228 9
    endloop
  endfacet
  facet normal 0 0 1
    outer loop
      vertex 45.8874 94.1254 9
      vertex 46.7395 97.5228 9
      vertex 46.487 97.5905 9
    endloop
  endfacet
  facet normal 0 0 1
    outer loop
      vertex 47 97.5 9
      vertex 46.4402 94.0314 9
      vertex 47 94 9
    endloop
  endfacet
  facet normal 0 0 1
    outer loop
      vertex 44.8306 94.4952 9
      vertex 46.487 97.5905 9
      vertex 46.25 97.701 9
    endloop
  endfacet
  facet normal 0 0 1
    outer loop
      vertex 44.3398 94.7664 9
      vertex 46.25 97.701 9
      vertex 46.0358 97.8509 9
    endloop
  endfacet
  facet normal 0 0 1
    outer loop
      vertex 46.7395 97.5228 9
      vertex 45.8874 94.1254 9
      vertex 46.4402 94.0314 9
    endloop
  endfacet
  facet normal 0 0 1
    outer loop
      vertex 43.4645 95.4645 9
      vertex 46.0358 97.8509 9
      vertex 45.8509 98.0358 9
    endloop
  endfacet
  facet normal 0 0 1
    outer loop
      vertex 42.7664 96.3398 9
      vertex 45.8509 98.0358 9
      vertex 45.701 98.25 9
    endloop
  endfacet
  facet normal 0 0 1
    outer loop
      vertex 42.4952 96.8306 9
      vertex 45.701 98.25 9
      vertex 45.5905 98.487 9
    endloop
  endfacet
  facet normal 0 0 1
    outer loop
      vertex 42.1254 97.8874 9
      vertex 45.5905 98.487 9
      vertex 45.5228 98.7395 9
    endloop
  endfacet
  facet normal 0 0 1
    outer loop
      vertex 42.0314 98.4402 9
      vertex 45.5228 98.7395 9
      vertex 45.5 99 9
    endloop
  endfacet
  facet normal 0 0 1
    outer loop
      vertex 46.487 97.5905 9
      vertex 45.3486 94.2806 9
      vertex 45.8874 94.1254 9
    endloop
  endfacet
  facet normal -0 0 1
    outer loop
      vertex 43.0908 102.117 9
      vertex 45.8509 99.9642 9
      vertex 43.4645 102.536 9
    endloop
  endfacet
  facet normal -0 0 1
    outer loop
      vertex 42.7664 101.66 9
      vertex 45.8509 99.9642 9
      vertex 43.0908 102.117 9
    endloop
  endfacet
  facet normal 0 0 1
    outer loop
      vertex 46.487 97.5905 9
      vertex 44.8306 94.4952 9
      vertex 45.3486 94.2806 9
    endloop
  endfacet
  facet normal 0 0 1
    outer loop
      vertex 45.8509 99.9642 9
      vertex 42.7664 101.66 9
      vertex 45.701 99.75 9
    endloop
  endfacet
  facet normal 0 0 1
    outer loop
      vertex 46.25 97.701 9
      vertex 44.3398 94.7664 9
      vertex 44.8306 94.4952 9
    endloop
  endfacet
  facet normal -0 0 1
    outer loop
      vertex 42.4952 101.169 9
      vertex 45.701 99.75 9
      vertex 42.7664 101.66 9
    endloop
  endfacet
  facet normal 0 0 1
    outer loop
      vertex 46.0358 97.8509 9
      vertex 43.8825 95.0908 9
      vertex 44.3398 94.7664 9
    endloop
  endfacet
  facet normal 0 0 1
    outer loop
      vertex 45.701 99.75 9
      vertex 42.4952 101.169 9
      vertex 45.5905 99.513 9
    endloop
  endfacet
  facet normal 0 0 1
    outer loop
      vertex 46.0358 97.8509 9
      vertex 43.4645 95.4645 9
      vertex 43.8825 95.0908 9
    endloop
  endfacet
  facet normal -0 0 1
    outer loop
      vertex 42.2806 100.651 9
      vertex 45.5905 99.513 9
      vertex 42.4952 101.169 9
    endloop
  endfacet
  facet normal 0 0 1
    outer loop
      vertex 45.8509 98.0358 9
      vertex 43.0908 95.8826 9
      vertex 43.4645 95.4645 9
    endloop
  endfacet
  facet normal -0 0 1
    outer loop
      vertex 42.1254 100.113 9
      vertex 45.5905 99.513 9
      vertex 42.2806 100.651 9
    endloop
  endfacet
  facet normal 0 0 1
    outer loop
      vertex 45.8509 98.0358 9
      vertex 42.7664 96.3398 9
      vertex 43.0908 95.8826 9
    endloop
  endfacet
  facet normal 0 0 1
    outer loop
      vertex 45.5905 99.513 9
      vertex 42.1254 100.113 9
      vertex 45.5228 99.2605 9
    endloop
  endfacet
  facet normal 0 0 1
    outer loop
      vertex 45.701 98.25 9
      vertex 42.4952 96.8306 9
      vertex 42.7664 96.3398 9
    endloop
  endfacet
  facet normal -0 0 1
    outer loop
      vertex 42.0314 99.5598 9
      vertex 45.5228 99.2605 9
      vertex 42.1254 100.113 9
    endloop
  endfacet
  facet normal 0 0 1
    outer loop
      vertex 45.5905 98.487 9
      vertex 42.2806 97.3486 9
      vertex 42.4952 96.8306 9
    endloop
  endfacet
  facet normal 0 0 1
    outer loop
      vertex 45.5228 99.2605 9
      vertex 42.0314 99.5598 9
      vertex 45.5 99 9
    endloop
  endfacet
  facet normal 0 0 1
    outer loop
      vertex 45.5905 98.487 9
      vertex 42.1254 97.8874 9
      vertex 42.2806 97.3486 9
    endloop
  endfacet
  facet normal 0 0 1
    outer loop
      vertex 42 99 9
      vertex 45.5 99 9
      vertex 42.0314 99.5598 9
    endloop
  endfacet
  facet normal 0 0 1
    outer loop
      vertex 45.5228 98.7395 9
      vertex 42.0314 98.4402 9
      vertex 42.1254 97.8874 9
    endloop
  endfacet
  facet normal 0 0 1
    outer loop
      vertex 45.5 99 9
      vertex 42 99 9
      vertex 42.0314 98.4402 9
    endloop
  endfacet
  facet normal -0.985869 0.167519 -7.2658e-19
    outer loop
      vertex 42.0314 99.5598 6
      vertex 42.1254 100.113 9
      vertex 42.1254 100.113 6
    endloop
  endfacet
  facet normal -0.985869 0.167519 -7.2658e-19
    outer loop
      vertex 42.1254 100.113 9
      vertex 42.0314 99.5598 6
      vertex 42.0314 99.5598 9
    endloop
  endfacet
  facet normal -0.579298 0.815116 0
    outer loop
      vertex 44.3398 103.234 6
      vertex 43.8825 102.909 9
      vertex 44.3398 103.234 9
    endloop
  endfacet
  facet normal -0.579298 0.815116 0
    outer loop
      vertex 43.8825 102.909 9
      vertex 44.3398 103.234 6
      vertex 43.8825 102.909 6
    endloop
  endfacet
  facet normal -0.381826 0.924234 0
    outer loop
      vertex 45.3486 103.719 6
      vertex 44.8306 103.505 9
      vertex 45.3486 103.719 9
    endloop
  endfacet
  facet normal -0.381826 0.924234 0
    outer loop
      vertex 44.8306 103.505 9
      vertex 45.3486 103.719 6
      vertex 44.8306 103.505 6
    endloop
  endfacet
  facet normal 0.276793 -0.960929 0
    outer loop
      vertex 48.1126 94.1254 6
      vertex 48.6514 94.2806 9
      vertex 48.1126 94.1254 9
    endloop
  endfacet
  facet normal 0.276793 -0.960929 0
    outer loop
      vertex 48.6514 94.2806 9
      vertex 48.1126 94.1254 6
      vertex 48.6514 94.2806 6
    endloop
  endfacet
  facet normal 0.483643 -0.875265 0
    outer loop
      vertex 49.1694 94.4952 6
      vertex 49.6602 94.7664 9
      vertex 49.1694 94.4952 9
    endloop
  endfacet
  facet normal 0.483643 -0.875265 0
    outer loop
      vertex 49.6602 94.7664 9
      vertex 49.1694 94.4952 6
      vertex 49.6602 94.7664 6
    endloop
  endfacet
  facet normal 0.960929 -0.276793 -6.72743e-19
    outer loop
      vertex 51.7194 97.3486 9
      vertex 51.8746 97.8874 6
      vertex 51.8746 97.8874 9
    endloop
  endfacet
  facet normal 0.960929 -0.276793 -6.72743e-19
    outer loop
      vertex 51.8746 97.8874 6
      vertex 51.7194 97.3486 9
      vertex 51.7194 97.3486 6
    endloop
  endfacet
  facet normal -0.276793 -0.960929 0
    outer loop
      vertex 45.3486 94.2806 6
      vertex 45.8874 94.1254 9
      vertex 45.3486 94.2806 9
    endloop
  endfacet
  facet normal -0.276793 -0.960929 -0
    outer loop
      vertex 45.8874 94.1254 9
      vertex 45.3486 94.2806 6
      vertex 45.8874 94.1254 6
    endloop
  endfacet
  facet normal -0.0560034 -0.998431 0
    outer loop
      vertex 46.4402 94.0314 6
      vertex 47 94 9
      vertex 46.4402 94.0314 9
    endloop
  endfacet
  facet normal -0.0560034 -0.998431 -0
    outer loop
      vertex 47 94 9
      vertex 46.4402 94.0314 6
      vertex 47 94 6
    endloop
  endfacet
  facet normal -0.745586 -0.666409 -2.49734e-18
    outer loop
      vertex 43.4645 95.4645 6
      vertex 43.0908 95.8826 9
      vertex 43.0908 95.8826 6
    endloop
  endfacet
  facet normal -0.745586 -0.666409 -2.49734e-18
    outer loop
      vertex 43.0908 95.8826 9
      vertex 43.4645 95.4645 6
      vertex 43.4645 95.4645 9
    endloop
  endfacet
  facet normal -0.875265 -0.483643 -5.26075e-18
    outer loop
      vertex 42.7664 96.3398 6
      vertex 42.4952 96.8306 9
      vertex 42.4952 96.8306 6
    endloop
  endfacet
  facet normal -0.875265 -0.483643 -5.26075e-18
    outer loop
      vertex 42.4952 96.8306 9
      vertex 42.7664 96.3398 6
      vertex 42.7664 96.3398 9
    endloop
  endfacet
  facet normal -0.960929 -0.276793 6.72743e-19
    outer loop
      vertex 42.2806 97.3486 6
      vertex 42.1254 97.8874 9
      vertex 42.1254 97.8874 6
    endloop
  endfacet
  facet normal -0.960929 -0.276793 6.72743e-19
    outer loop
      vertex 42.1254 97.8874 9
      vertex 42.2806 97.3486 6
      vertex 42.2806 97.3486 9
    endloop
  endfacet
  facet normal -1 0 0
    outer loop
      vertex -53 -26 3
      vertex -53 105 6
      vertex -53 105 3
    endloop
  endfacet
  facet normal -1 -0 0
    outer loop
      vertex -53 105 6
      vertex -53 -26 3
      vertex -53 -26 6
    endloop
  endfacet
  facet normal 0 0 1
    outer loop
      vertex -42.7664 96.3398 6
      vertex 42.7664 96.3398 6
      vertex -42.4952 96.8306 6
    endloop
  endfacet
  facet normal 0 0 1
    outer loop
      vertex 43.4645 4.53553 6
      vertex -42.0314 1.55982 6
      vertex -42 1 6
    endloop
  endfacet
  facet normal 0 0 1
    outer loop
      vertex 42.7664 96.3398 6
      vertex -42.7664 96.3398 6
      vertex 43.0908 95.8826 6
    endloop
  endfacet
  facet normal 0 0 1
    outer loop
      vertex 43.4645 4.53553 6
      vertex -42.1254 2.1126 6
      vertex -42.0314 1.55982 6
    endloop
  endfacet
  facet normal 0 0 1
    outer loop
      vertex -43.0908 95.8826 6
      vertex 43.0908 95.8826 6
      vertex -42.7664 96.3398 6
    endloop
  endfacet
  facet normal 0 0 1
    outer loop
      vertex 43.4645 4.53553 6
      vertex -42.2806 2.65139 6
      vertex -42.1254 2.1126 6
    endloop
  endfacet
  facet normal 0 0 1
    outer loop
      vertex 43.0908 95.8826 6
      vertex -43.0908 95.8826 6
      vertex 43.4645 95.4645 6
    endloop
  endfacet
  facet normal 0 0 1
    outer loop
      vertex 43.4645 4.53553 6
      vertex -42.4952 3.16942 6
      vertex -42.2806 2.65139 6
    endloop
  endfacet
  facet normal 0 0 1
    outer loop
      vertex -43.4645 95.4645 6
      vertex 43.4645 95.4645 6
      vertex -43.0908 95.8826 6
    endloop
  endfacet
  facet normal 0 0 1
    outer loop
      vertex 43.4645 4.53553 6
      vertex -42.7664 3.66016 6
      vertex -42.4952 3.16942 6
    endloop
  endfacet
  facet normal 0 0 1
    outer loop
      vertex 43.4645 95.4645 6
      vertex -43.4645 95.4645 6
      vertex 43.4645 4.53553 6
    endloop
  endfacet
  facet normal 0 0 1
    outer loop
      vertex 43.4645 4.53553 6
      vertex -43.0908 4.11745 6
      vertex -42.7664 3.66016 6
    endloop
  endfacet
  facet normal 0 0 1
    outer loop
      vertex -43.4645 4.53553 6
      vertex 43.4645 4.53553 6
      vertex -43.4645 95.4645 6
    endloop
  endfacet
  facet normal 0 0 1
    outer loop
      vertex 43.4645 4.53553 6
      vertex -43.4645 4.53553 6
      vertex -43.0908 4.11745 6
    endloop
  endfacet
  facet normal -0 0 1
    outer loop
      vertex -43.8825 95.0908 6
      vertex -43.4645 4.53553 6
      vertex -43.4645 95.4645 6
    endloop
  endfacet
  facet normal 0 0 1
    outer loop
      vertex -43.8825 95.0908 6
      vertex -43.8825 4.90916 6
      vertex -43.4645 4.53553 6
    endloop
  endfacet
  facet normal -0 0 1
    outer loop
      vertex -44.3398 94.7664 6
      vertex -43.8825 4.90916 6
      vertex -43.8825 95.0908 6
    endloop
  endfacet
  facet normal 0 0 1
    outer loop
      vertex -44.3398 94.7664 6
      vertex -44.3398 5.23362 6
      vertex -43.8825 4.90916 6
    endloop
  endfacet
  facet normal -0 0 1
    outer loop
      vertex -44.8306 94.4952 6
      vertex -44.3398 5.23362 6
      vertex -44.3398 94.7664 6
    endloop
  endfacet
  facet normal 0 0 1
    outer loop
      vertex -44.8306 94.4952 6
      vertex -44.8306 5.50484 6
      vertex -44.3398 5.23362 6
    endloop
  endfacet
  facet normal -0 0 1
    outer loop
      vertex -45.3486 94.2806 6
      vertex -44.8306 5.50484 6
      vertex -44.8306 94.4952 6
    endloop
  endfacet
  facet normal 0 0 1
    outer loop
      vertex -45.3486 94.2806 6
      vertex -45.3486 5.71942 6
      vertex -44.8306 5.50484 6
    endloop
  endfacet
  facet normal -0 0 1
    outer loop
      vertex -45.8874 94.1254 6
      vertex -45.3486 5.71942 6
      vertex -45.3486 94.2806 6
    endloop
  endfacet
  facet normal 0 0 1
    outer loop
      vertex -45.8874 94.1254 6
      vertex -45.8874 5.87464 6
      vertex -45.3486 5.71942 6
    endloop
  endfacet
  facet normal -0 0 1
    outer loop
      vertex -46.4402 94.0314 6
      vertex -45.8874 5.87464 6
      vertex -45.8874 94.1254 6
    endloop
  endfacet
  facet normal 0 0 1
    outer loop
      vertex -46.4402 94.0314 6
      vertex -46.4402 5.96856 6
      vertex -45.8874 5.87464 6
    endloop
  endfacet
  facet normal -0 0 1
    outer loop
      vertex -47 94 6
      vertex -46.4402 5.96856 6
      vertex -46.4402 94.0314 6
    endloop
  endfacet
  facet normal 0 0 1
    outer loop
      vertex -47 94 6
      vertex -47 6 6
      vertex -46.4402 5.96856 6
    endloop
  endfacet
  facet normal 0 0 1
    outer loop
      vertex -47.5598 94.0314 6
      vertex -47 6 6
      vertex -47 94 6
    endloop
  endfacet
  facet normal 0 0 1
    outer loop
      vertex -47.5598 94.0314 6
      vertex -47.5598 5.96856 6
      vertex -47 6 6
    endloop
  endfacet
  facet normal 0 0 1
    outer loop
      vertex -48.1126 94.1254 6
      vertex -47.5598 5.96856 6
      vertex -47.5598 94.0314 6
    endloop
  endfacet
  facet normal 0 0 1
    outer loop
      vertex -48.1126 94.1254 6
      vertex -48.1126 5.87464 6
      vertex -47.5598 5.96856 6
    endloop
  endfacet
  facet normal 0 0 1
    outer loop
      vertex -48.6514 94.2806 6
      vertex -48.1126 5.87464 6
      vertex -48.1126 94.1254 6
    endloop
  endfacet
  facet normal 0 0 1
    outer loop
      vertex -48.6514 94.2806 6
      vertex -48.6514 5.71942 6
      vertex -48.1126 5.87464 6
    endloop
  endfacet
  facet normal 0 0 1
    outer loop
      vertex -49.1694 94.4952 6
      vertex -48.6514 5.71942 6
      vertex -48.6514 94.2806 6
    endloop
  endfacet
  facet normal 0 0 1
    outer loop
      vertex -49.1694 94.4952 6
      vertex -49.1694 5.50484 6
      vertex -48.6514 5.71942 6
    endloop
  endfacet
  facet normal 0 0 1
    outer loop
      vertex -49.6602 94.7664 6
      vertex -49.1694 5.50484 6
      vertex -49.1694 94.4952 6
    endloop
  endfacet
  facet normal 0 0 1
    outer loop
      vertex -49.6602 94.7664 6
      vertex -49.6602 5.23362 6
      vertex -49.1694 5.50484 6
    endloop
  endfacet
  facet normal 0 0 1
    outer loop
      vertex -50.1174 95.0908 6
      vertex -49.6602 5.23362 6
      vertex -49.6602 94.7664 6
    endloop
  endfacet
  facet normal 0 0 1
    outer loop
      vertex -50.1174 95.0908 6
      vertex -50.1174 4.90916 6
      vertex -49.6602 5.23362 6
    endloop
  endfacet
  facet normal 0 0 1
    outer loop
      vertex -50.5355 95.4645 6
      vertex -50.1174 4.90916 6
      vertex -50.1174 95.0908 6
    endloop
  endfacet
  facet normal 0 0 1
    outer loop
      vertex -50.5355 95.4645 6
      vertex -50.5355 4.53553 6
      vertex -50.1174 4.90916 6
    endloop
  endfacet
  facet normal 0 0 1
    outer loop
      vertex -50.9092 95.8826 6
      vertex -50.5355 4.53553 6
      vertex -50.5355 95.4645 6
    endloop
  endfacet
  facet normal 0 0 1
    outer loop
      vertex -50.9092 95.8826 6
      vertex -50.9092 4.11745 6
      vertex -50.5355 4.53553 6
    endloop
  endfacet
  facet normal 0 0 1
    outer loop
      vertex -51.2336 96.3398 6
      vertex -50.9092 4.11745 6
      vertex -50.9092 95.8826 6
    endloop
  endfacet
  facet normal 0 0 1
    outer loop
      vertex -51.2336 96.3398 6
      vertex -51.2336 3.66016 6
      vertex -50.9092 4.11745 6
    endloop
  endfacet
  facet normal 0 0 1
    outer loop
      vertex -51.5048 96.8306 6
      vertex -51.2336 3.66016 6
      vertex -51.2336 96.3398 6
    endloop
  endfacet
  facet normal 0 0 1
    outer loop
      vertex -51.5048 96.8306 6
      vertex -51.5048 3.16942 6
      vertex -51.2336 3.66016 6
    endloop
  endfacet
  facet normal 0 0 1
    outer loop
      vertex -51.7194 97.3486 6
      vertex -51.5048 3.16942 6
      vertex -51.5048 96.8306 6
    endloop
  endfacet
  facet normal 0 0 1
    outer loop
      vertex -51.7194 97.3486 6
      vertex -51.7194 2.65139 6
      vertex -51.5048 3.16942 6
    endloop
  endfacet
  facet normal 0 0 1
    outer loop
      vertex -51.8746 97.8874 6
      vertex -51.7194 2.65139 6
      vertex -51.7194 97.3486 6
    endloop
  endfacet
  facet normal 0 0 1
    outer loop
      vertex -51.8746 97.8874 6
      vertex -51.8746 2.1126 6
      vertex -51.7194 2.65139 6
    endloop
  endfacet
  facet normal 0 0 1
    outer loop
      vertex -51.9686 98.4402 6
      vertex -51.8746 2.1126 6
      vertex -51.8746 97.8874 6
    endloop
  endfacet
  facet normal 0 0 1
    outer loop
      vertex -51.9686 98.4402 6
      vertex -51.9686 1.55982 6
      vertex -51.8746 2.1126 6
    endloop
  endfacet
  facet normal 0 0 1
    outer loop
      vertex -53 105 6
      vertex -51.9686 98.4402 6
      vertex -52 99 6
    endloop
  endfacet
  facet normal 0 0 1
    outer loop
      vertex -51.9686 98.4402 6
      vertex -53 105 6
      vertex -51.9686 1.55982 6
    endloop
  endfacet
  facet normal 0 0 1
    outer loop
      vertex 51.9686 1.55982 6
      vertex 53 105 6
      vertex 51.9686 98.4402 6
    endloop
  endfacet
  facet normal 0 0 1
    outer loop
      vertex 53 105 6
      vertex 51.9686 1.55982 6
      vertex 52 1 6
    endloop
  endfacet
  facet normal -0 0 1
    outer loop
      vertex 51.8746 97.8874 6
      vertex 51.9686 1.55982 6
      vertex 51.9686 98.4402 6
    endloop
  endfacet
  facet normal 0 0 1
    outer loop
      vertex 51.8746 97.8874 6
      vertex 51.8746 2.1126 6
      vertex 51.9686 1.55982 6
    endloop
  endfacet
  facet normal -0 0 1
    outer loop
      vertex 51.7194 97.3486 6
      vertex 51.8746 2.1126 6
      vertex 51.8746 97.8874 6
    endloop
  endfacet
  facet normal 0 0 1
    outer loop
      vertex 51.7194 97.3486 6
      vertex 51.7194 2.65139 6
      vertex 51.8746 2.1126 6
    endloop
  endfacet
  facet normal -0 0 1
    outer loop
      vertex 51.5048 96.8306 6
      vertex 51.7194 2.65139 6
      vertex 51.7194 97.3486 6
    endloop
  endfacet
  facet normal 0 0 1
    outer loop
      vertex 51.5048 96.8306 6
      vertex 51.5048 3.16942 6
      vertex 51.7194 2.65139 6
    endloop
  endfacet
  facet normal -0 0 1
    outer loop
      vertex 51.2336 96.3398 6
      vertex 51.5048 3.16942 6
      vertex 51.5048 96.8306 6
    endloop
  endfacet
  facet normal 0 0 1
    outer loop
      vertex 51.2336 96.3398 6
      vertex 51.2336 3.66016 6
      vertex 51.5048 3.16942 6
    endloop
  endfacet
  facet normal -0 0 1
    outer loop
      vertex 50.9092 95.8826 6
      vertex 51.2336 3.66016 6
      vertex 51.2336 96.3398 6
    endloop
  endfacet
  facet normal 0 0 1
    outer loop
      vertex 50.9092 95.8826 6
      vertex 50.9092 4.11745 6
      vertex 51.2336 3.66016 6
    endloop
  endfacet
  facet normal -0 0 1
    outer loop
      vertex 50.5355 95.4645 6
      vertex 50.9092 4.11745 6
      vertex 50.9092 95.8826 6
    endloop
  endfacet
  facet normal 0 0 1
    outer loop
      vertex 50.5355 95.4645 6
      vertex 50.5355 4.53553 6
      vertex 50.9092 4.11745 6
    endloop
  endfacet
  facet normal -0 0 1
    outer loop
      vertex 50.1174 95.0908 6
      vertex 50.5355 4.53553 6
      vertex 50.5355 95.4645 6
    endloop
  endfacet
  facet normal 0 0 1
    outer loop
      vertex 50.1174 95.0908 6
      vertex 50.1174 4.90916 6
      vertex 50.5355 4.53553 6
    endloop
  endfacet
  facet normal -0 0 1
    outer loop
      vertex 49.6602 94.7664 6
      vertex 50.1174 4.90916 6
      vertex 50.1174 95.0908 6
    endloop
  endfacet
  facet normal 0 0 1
    outer loop
      vertex 49.6602 94.7664 6
      vertex 49.6602 5.23362 6
      vertex 50.1174 4.90916 6
    endloop
  endfacet
  facet normal -0 0 1
    outer loop
      vertex 49.1694 94.4952 6
      vertex 49.6602 5.23362 6
      vertex 49.6602 94.7664 6
    endloop
  endfacet
  facet normal 0 0 1
    outer loop
      vertex 49.1694 94.4952 6
      vertex 49.1694 5.50484 6
      vertex 49.6602 5.23362 6
    endloop
  endfacet
  facet normal -0 0 1
    outer loop
      vertex 48.6514 94.2806 6
      vertex 49.1694 5.50484 6
      vertex 49.1694 94.4952 6
    endloop
  endfacet
  facet normal 0 0 1
    outer loop
      vertex 48.6514 94.2806 6
      vertex 48.6514 5.71942 6
      vertex 49.1694 5.50484 6
    endloop
  endfacet
  facet normal -0 0 1
    outer loop
      vertex 48.1126 94.1254 6
      vertex 48.6514 5.71942 6
      vertex 48.6514 94.2806 6
    endloop
  endfacet
  facet normal 0 0 1
    outer loop
      vertex 48.1126 94.1254 6
      vertex 48.1126 5.87464 6
      vertex 48.6514 5.71942 6
    endloop
  endfacet
  facet normal -0 0 1
    outer loop
      vertex 47.5598 94.0314 6
      vertex 48.1126 5.87464 6
      vertex 48.1126 94.1254 6
    endloop
  endfacet
  facet normal 0 0 1
    outer loop
      vertex 47.5598 94.0314 6
      vertex 47.5598 5.96856 6
      vertex 48.1126 5.87464 6
    endloop
  endfacet
  facet normal -0 0 1
    outer loop
      vertex 47 94 6
      vertex 47.5598 5.96856 6
      vertex 47.5598 94.0314 6
    endloop
  endfacet
  facet normal 0 0 1
    outer loop
      vertex 47 94 6
      vertex 47 6 6
      vertex 47.5598 5.96856 6
    endloop
  endfacet
  facet normal 0 0 1
    outer loop
      vertex 46.4402 94.0314 6
      vertex 47 6 6
      vertex 47 94 6
    endloop
  endfacet
  facet normal 0 0 1
    outer loop
      vertex 46.4402 94.0314 6
      vertex 46.4402 5.96856 6
      vertex 47 6 6
    endloop
  endfacet
  facet normal 0 0 1
    outer loop
      vertex 45.8874 94.1254 6
      vertex 46.4402 5.96856 6
      vertex 46.4402 94.0314 6
    endloop
  endfacet
  facet normal 0 0 1
    outer loop
      vertex 45.8874 94.1254 6
      vertex 45.8874 5.87464 6
      vertex 46.4402 5.96856 6
    endloop
  endfacet
  facet normal 0 0 1
    outer loop
      vertex 45.3486 94.2806 6
      vertex 45.8874 5.87464 6
      vertex 45.8874 94.1254 6
    endloop
  endfacet
  facet normal 0 0 1
    outer loop
      vertex 45.3486 94.2806 6
      vertex 45.3486 5.71942 6
      vertex 45.8874 5.87464 6
    endloop
  endfacet
  facet normal 0 0 1
    outer loop
      vertex 44.8306 94.4952 6
      vertex 45.3486 5.71942 6
      vertex 45.3486 94.2806 6
    endloop
  endfacet
  facet normal 0 0 1
    outer loop
      vertex 44.8306 94.4952 6
      vertex 44.8306 5.50484 6
      vertex 45.3486 5.71942 6
    endloop
  endfacet
  facet normal 0 0 1
    outer loop
      vertex 44.3398 94.7664 6
      vertex 44.8306 5.50484 6
      vertex 44.8306 94.4952 6
    endloop
  endfacet
  facet normal 0 0 1
    outer loop
      vertex 44.3398 94.7664 6
      vertex 44.3398 5.23362 6
      vertex 44.8306 5.50484 6
    endloop
  endfacet
  facet normal 0 0 1
    outer loop
      vertex 43.8825 95.0908 6
      vertex 44.3398 5.23362 6
      vertex 44.3398 94.7664 6
    endloop
  endfacet
  facet normal 0 0 1
    outer loop
      vertex 43.8825 95.0908 6
      vertex 43.8825 4.90916 6
      vertex 44.3398 5.23362 6
    endloop
  endfacet
  facet normal 0 0 1
    outer loop
      vertex 43.4645 95.4645 6
      vertex 43.8825 4.90916 6
      vertex 43.8825 95.0908 6
    endloop
  endfacet
  facet normal 0 0 1
    outer loop
      vertex 43.4645 95.4645 6
      vertex 43.4645 4.53553 6
      vertex 43.8825 4.90916 6
    endloop
  endfacet
  facet normal 0 0 1
    outer loop
      vertex 42.2806 97.3486 6
      vertex -42.2806 97.3486 6
      vertex 42.4952 96.8306 6
    endloop
  endfacet
  facet normal 0 0 1
    outer loop
      vertex -42.4952 96.8306 6
      vertex 42.4952 96.8306 6
      vertex -42.2806 97.3486 6
    endloop
  endfacet
  facet normal 0 0 1
    outer loop
      vertex -42.2806 97.3486 6
      vertex 42.2806 97.3486 6
      vertex -42.1254 97.8874 6
    endloop
  endfacet
  facet normal 0 0 1
    outer loop
      vertex 42.4952 96.8306 6
      vertex -42.4952 96.8306 6
      vertex 42.7664 96.3398 6
    endloop
  endfacet
  facet normal 0 0 1
    outer loop
      vertex 42.1254 97.8874 6
      vertex -42.1254 97.8874 6
      vertex 42.2806 97.3486 6
    endloop
  endfacet
  facet normal 0 0 1
    outer loop
      vertex 43.4645 4.53553 6
      vertex -42 1 6
      vertex 43.0908 4.11745 6
    endloop
  endfacet
  facet normal 0 0 1
    outer loop
      vertex -42.1254 97.8874 6
      vertex 42.1254 97.8874 6
      vertex -42.0314 98.4402 6
    endloop
  endfacet
  facet normal 0 0 1
    outer loop
      vertex 43.0908 4.11745 6
      vertex -42 1 6
      vertex 42.7664 3.66016 6
    endloop
  endfacet
  facet normal 0 0 1
    outer loop
      vertex 42.0314 98.4402 6
      vertex -42.0314 98.4402 6
      vertex 42.1254 97.8874 6
    endloop
  endfacet
  facet normal 0 0 1
    outer loop
      vertex 42.7664 3.66016 6
      vertex -42 1 6
      vertex 42.4952 3.16942 6
    endloop
  endfacet
  facet normal 0 0 1
    outer loop
      vertex -42.0314 98.4402 6
      vertex 42.0314 98.4402 6
      vertex -42 99 6
    endloop
  endfacet
  facet normal 0 0 1
    outer loop
      vertex 42.4952 3.16942 6
      vertex -42 1 6
      vertex 42.2806 2.65139 6
    endloop
  endfacet
  facet normal -0 0 1
    outer loop
      vertex -42 99 6
      vertex 42.0314 98.4402 6
      vertex 42 99 6
    endloop
  endfacet
  facet normal 0 0 1
    outer loop
      vertex 42.2806 2.65139 6
      vertex -42 1 6
      vertex 42.1254 2.1126 6
    endloop
  endfacet
  facet normal 0 0 1
    outer loop
      vertex 51.9686 98.4402 6
      vertex 53 105 6
      vertex 52 99 6
    endloop
  endfacet
  facet normal 0 0 1
    outer loop
      vertex 53 105 6
      vertex 51.9686 99.5598 6
      vertex 52 99 6
    endloop
  endfacet
  facet normal 0 0 1
    outer loop
      vertex 53 105 6
      vertex 51.8746 100.113 6
      vertex 51.9686 99.5598 6
    endloop
  endfacet
  facet normal 0 0 1
    outer loop
      vertex 53 105 6
      vertex 51.7194 100.651 6
      vertex 51.8746 100.113 6
    endloop
  endfacet
  facet normal 0 0 1
    outer loop
      vertex 53 105 6
      vertex 51.5048 101.169 6
      vertex 51.7194 100.651 6
    endloop
  endfacet
  facet normal 0 0 1
    outer loop
      vertex 53 105 6
      vertex 51.2336 101.66 6
      vertex 51.5048 101.169 6
    endloop
  endfacet
  facet normal 0 0 1
    outer loop
      vertex 53 105 6
      vertex 50.9092 102.117 6
      vertex 51.2336 101.66 6
    endloop
  endfacet
  facet normal 0 0 1
    outer loop
      vertex 53 105 6
      vertex 50.5355 102.536 6
      vertex 50.9092 102.117 6
    endloop
  endfacet
  facet normal 0 0 1
    outer loop
      vertex 53 105 6
      vertex 50.1174 102.909 6
      vertex 50.5355 102.536 6
    endloop
  endfacet
  facet normal 0 0 1
    outer loop
      vertex 53 105 6
      vertex 49.6602 103.234 6
      vertex 50.1174 102.909 6
    endloop
  endfacet
  facet normal 0 0 1
    outer loop
      vertex 53 105 6
      vertex 49.1694 103.505 6
      vertex 49.6602 103.234 6
    endloop
  endfacet
  facet normal 0 0 1
    outer loop
      vertex 53 105 6
      vertex 48.6514 103.719 6
      vertex 49.1694 103.505 6
    endloop
  endfacet
  facet normal 0 0 1
    outer loop
      vertex 53 105 6
      vertex 48.1126 103.875 6
      vertex 48.6514 103.719 6
    endloop
  endfacet
  facet normal 0 0 1
    outer loop
      vertex 53 105 6
      vertex 47.5598 103.969 6
      vertex 48.1126 103.875 6
    endloop
  endfacet
  facet normal 0 0 1
    outer loop
      vertex 53 105 6
      vertex 47 104 6
      vertex 47.5598 103.969 6
    endloop
  endfacet
  facet normal 0 0 1
    outer loop
      vertex 53 105 6
      vertex 46.4402 103.969 6
      vertex 47 104 6
    endloop
  endfacet
  facet normal 0 0 1
    outer loop
      vertex 42.1254 2.1126 6
      vertex -42 1 6
      vertex 42.0314 1.55982 6
    endloop
  endfacet
  facet normal 0 0 1
    outer loop
      vertex 42.0314 99.5598 6
      vertex -42 99 6
      vertex 42 99 6
    endloop
  endfacet
  facet normal 0 0 1
    outer loop
      vertex -42.0314 99.5598 6
      vertex 42.0314 99.5598 6
      vertex 42.1254 100.113 6
    endloop
  endfacet
  facet normal 0 0 1
    outer loop
      vertex -42.1254 100.113 6
      vertex 42.1254 100.113 6
      vertex 42.2806 100.651 6
    endloop
  endfacet
  facet normal 0 0 1
    outer loop
      vertex -42.2806 100.651 6
      vertex 42.2806 100.651 6
      vertex 42.4952 101.169 6
    endloop
  endfacet
  facet normal 0 0 1
    outer loop
      vertex -42.4952 101.169 6
      vertex 42.4952 101.169 6
      vertex 42.7664 101.66 6
    endloop
  endfacet
  facet normal 0 0 1
    outer loop
      vertex -42.7664 101.66 6
      vertex 42.7664 101.66 6
      vertex 43.0908 102.117 6
    endloop
  endfacet
  facet normal 0 0 1
    outer loop
      vertex -43.0908 102.117 6
      vertex 43.0908 102.117 6
      vertex 43.4645 102.536 6
    endloop
  endfacet
  facet normal 0 0 1
    outer loop
      vertex -43.4645 102.536 6
      vertex 43.4645 102.536 6
      vertex 43.8825 102.909 6
    endloop
  endfacet
  facet normal 0 0 1
    outer loop
      vertex -43.8825 102.909 6
      vertex 43.8825 102.909 6
      vertex 44.3398 103.234 6
    endloop
  endfacet
  facet normal 0 0 1
    outer loop
      vertex -44.3398 103.234 6
      vertex 44.3398 103.234 6
      vertex 44.8306 103.505 6
    endloop
  endfacet
  facet normal 0 0 1
    outer loop
      vertex -44.8306 103.505 6
      vertex 44.8306 103.505 6
      vertex 45.3486 103.719 6
    endloop
  endfacet
  facet normal 0 0 1
    outer loop
      vertex -45.3486 103.719 6
      vertex 45.3486 103.719 6
      vertex 45.8874 103.875 6
    endloop
  endfacet
  facet normal 0 0 1
    outer loop
      vertex -45.8874 103.875 6
      vertex 45.8874 103.875 6
      vertex 46.4402 103.969 6
    endloop
  endfacet
  facet normal 0 0 1
    outer loop
      vertex -46.4402 103.969 6
      vertex 46.4402 103.969 6
      vertex 53 105 6
    endloop
  endfacet
  facet normal 0 0 1
    outer loop
      vertex 42.0314 99.5598 6
      vertex -42.0314 99.5598 6
      vertex -42 99 6
    endloop
  endfacet
  facet normal 0 0 1
    outer loop
      vertex 42.1254 100.113 6
      vertex -42.1254 100.113 6
      vertex -42.0314 99.5598 6
    endloop
  endfacet
  facet normal 0 0 1
    outer loop
      vertex 42.2806 100.651 6
      vertex -42.2806 100.651 6
      vertex -42.1254 100.113 6
    endloop
  endfacet
  facet normal 0 0 1
    outer loop
      vertex 42.4952 101.169 6
      vertex -42.4952 101.169 6
      vertex -42.2806 100.651 6
    endloop
  endfacet
  facet normal 0 0 1
    outer loop
      vertex 42.7664 101.66 6
      vertex -42.7664 101.66 6
      vertex -42.4952 101.169 6
    endloop
  endfacet
  facet normal 0 0 1
    outer loop
      vertex 43.0908 102.117 6
      vertex -43.0908 102.117 6
      vertex -42.7664 101.66 6
    endloop
  endfacet
  facet normal 0 0 1
    outer loop
      vertex 43.4645 102.536 6
      vertex -43.4645 102.536 6
      vertex -43.0908 102.117 6
    endloop
  endfacet
  facet normal 0 0 1
    outer loop
      vertex 43.8825 102.909 6
      vertex -43.8825 102.909 6
      vertex -43.4645 102.536 6
    endloop
  endfacet
  facet normal 0 0 1
    outer loop
      vertex 44.3398 103.234 6
      vertex -44.3398 103.234 6
      vertex -43.8825 102.909 6
    endloop
  endfacet
  facet normal 0 0 1
    outer loop
      vertex 44.8306 103.505 6
      vertex -44.8306 103.505 6
      vertex -44.3398 103.234 6
    endloop
  endfacet
  facet normal 0 0 1
    outer loop
      vertex 45.3486 103.719 6
      vertex -45.3486 103.719 6
      vertex -44.8306 103.505 6
    endloop
  endfacet
  facet normal 0 0 1
    outer loop
      vertex 45.8874 103.875 6
      vertex -45.8874 103.875 6
      vertex -45.3486 103.719 6
    endloop
  endfacet
  facet normal 0 0 1
    outer loop
      vertex 46.4402 103.969 6
      vertex -46.4402 103.969 6
      vertex -45.8874 103.875 6
    endloop
  endfacet
  facet normal -0 0 1
    outer loop
      vertex -53 105 6
      vertex -46.4402 103.969 6
      vertex 53 105 6
    endloop
  endfacet
  facet normal 0 0 1
    outer loop
      vertex -51.9686 1.55982 6
      vertex -53 105 6
      vertex -52 1 6
    endloop
  endfacet
  facet normal 0 0 1
    outer loop
      vertex -51.9686 99.5598 6
      vertex -53 105 6
      vertex -52 99 6
    endloop
  endfacet
  facet normal 0 0 1
    outer loop
      vertex -51.8746 100.113 6
      vertex -53 105 6
      vertex -51.9686 99.5598 6
    endloop
  endfacet
  facet normal 0 0 1
    outer loop
      vertex -51.7194 100.651 6
      vertex -53 105 6
      vertex -51.8746 100.113 6
    endloop
  endfacet
  facet normal 0 0 1
    outer loop
      vertex -51.5048 101.169 6
      vertex -53 105 6
      vertex -51.7194 100.651 6
    endloop
  endfacet
  facet normal 0 0 1
    outer loop
      vertex -51.2336 101.66 6
      vertex -53 105 6
      vertex -51.5048 101.169 6
    endloop
  endfacet
  facet normal 0 0 1
    outer loop
      vertex -50.9092 102.117 6
      vertex -53 105 6
      vertex -51.2336 101.66 6
    endloop
  endfacet
  facet normal 0 0 1
    outer loop
      vertex -50.5355 102.536 6
      vertex -53 105 6
      vertex -50.9092 102.117 6
    endloop
  endfacet
  facet normal 0 0 1
    outer loop
      vertex -50.1174 102.909 6
      vertex -53 105 6
      vertex -50.5355 102.536 6
    endloop
  endfacet
  facet normal 0 0 1
    outer loop
      vertex -49.6602 103.234 6
      vertex -53 105 6
      vertex -50.1174 102.909 6
    endloop
  endfacet
  facet normal 0 0 1
    outer loop
      vertex -49.1694 103.505 6
      vertex -53 105 6
      vertex -49.6602 103.234 6
    endloop
  endfacet
  facet normal 0 0 1
    outer loop
      vertex -48.6514 103.719 6
      vertex -53 105 6
      vertex -49.1694 103.505 6
    endloop
  endfacet
  facet normal 0 0 1
    outer loop
      vertex -48.1126 103.875 6
      vertex -53 105 6
      vertex -48.6514 103.719 6
    endloop
  endfacet
  facet normal 0 0 1
    outer loop
      vertex -47.5598 103.969 6
      vertex -53 105 6
      vertex -48.1126 103.875 6
    endloop
  endfacet
  facet normal 0 0 1
    outer loop
      vertex -47 104 6
      vertex -53 105 6
      vertex -47.5598 103.969 6
    endloop
  endfacet
  facet normal 0 0 1
    outer loop
      vertex -46.4402 103.969 6
      vertex -53 105 6
      vertex -47 104 6
    endloop
  endfacet
  facet normal 0 0 1
    outer loop
      vertex 53 105 6
      vertex 52 1 6
      vertex 53 -26 6
    endloop
  endfacet
  facet normal -0 0 1
    outer loop
      vertex 51.9686 0.440177 6
      vertex 53 -26 6
      vertex 52 1 6
    endloop
  endfacet
  facet normal -0 0 1
    outer loop
      vertex 51.8746 -0.112604 6
      vertex 53 -26 6
      vertex 51.9686 0.440177 6
    endloop
  endfacet
  facet normal -0 0 1
    outer loop
      vertex 51.7194 -0.651395 6
      vertex 53 -26 6
      vertex 51.8746 -0.112604 6
    endloop
  endfacet
  facet normal -0 0 1
    outer loop
      vertex 51.5048 -1.16942 6
      vertex 53 -26 6
      vertex 51.7194 -0.651395 6
    endloop
  endfacet
  facet normal -0 0 1
    outer loop
      vertex 51.2336 -1.66016 6
      vertex 53 -26 6
      vertex 51.5048 -1.16942 6
    endloop
  endfacet
  facet normal -0 0 1
    outer loop
      vertex 50.9092 -2.11745 6
      vertex 53 -26 6
      vertex 51.2336 -1.66016 6
    endloop
  endfacet
  facet normal -0 0 1
    outer loop
      vertex 50.5355 -2.53553 6
      vertex 53 -26 6
      vertex 50.9092 -2.11745 6
    endloop
  endfacet
  facet normal -0 0 1
    outer loop
      vertex 50.1174 -2.90916 6
      vertex 53 -26 6
      vertex 50.5355 -2.53553 6
    endloop
  endfacet
  facet normal -0 0 1
    outer loop
      vertex 49.6602 -3.23362 6
      vertex 53 -26 6
      vertex 50.1174 -2.90916 6
    endloop
  endfacet
  facet normal -0 0 1
    outer loop
      vertex 49.1694 -3.50484 6
      vertex 53 -26 6
      vertex 49.6602 -3.23362 6
    endloop
  endfacet
  facet normal -0 0 1
    outer loop
      vertex 48.6514 -3.71942 6
      vertex 53 -26 6
      vertex 49.1694 -3.50484 6
    endloop
  endfacet
  facet normal -0 0 1
    outer loop
      vertex 48.1126 -3.87464 6
      vertex 53 -26 6
      vertex 48.6514 -3.71942 6
    endloop
  endfacet
  facet normal -0 0 1
    outer loop
      vertex 47.5598 -3.96856 6
      vertex 53 -26 6
      vertex 48.1126 -3.87464 6
    endloop
  endfacet
  facet normal -0 0 1
    outer loop
      vertex 47 -4 6
      vertex 53 -26 6
      vertex 47.5598 -3.96856 6
    endloop
  endfacet
  facet normal 0 0 1
    outer loop
      vertex 46.4402 -3.96856 6
      vertex 53 -26 6
      vertex 47 -4 6
    endloop
  endfacet
  facet normal 0 0 1
    outer loop
      vertex 45.8874 -3.87464 6
      vertex 53 -26 6
      vertex 46.4402 -3.96856 6
    endloop
  endfacet
  facet normal 0 0 1
    outer loop
      vertex 45.3486 -3.71942 6
      vertex 53 -26 6
      vertex 45.8874 -3.87464 6
    endloop
  endfacet
  facet normal 0 0 1
    outer loop
      vertex 44.8306 -3.50484 6
      vertex 53 -26 6
      vertex 45.3486 -3.71942 6
    endloop
  endfacet
  facet normal 0 0 1
    outer loop
      vertex 44.3398 -3.23362 6
      vertex 53 -26 6
      vertex 44.8306 -3.50484 6
    endloop
  endfacet
  facet normal 0 0 1
    outer loop
      vertex 43.8825 -2.90916 6
      vertex 53 -26 6
      vertex 44.3398 -3.23362 6
    endloop
  endfacet
  facet normal 0 0 1
    outer loop
      vertex 43.4645 -2.53553 6
      vertex 53 -26 6
      vertex 43.8825 -2.90916 6
    endloop
  endfacet
  facet normal 0 0 1
    outer loop
      vertex 43.0908 -2.11745 6
      vertex 53 -26 6
      vertex 43.4645 -2.53553 6
    endloop
  endfacet
  facet normal 0 0 1
    outer loop
      vertex -43.0908 -2.11745 6
      vertex 43.0908 -2.11745 6
      vertex 42.7664 -1.66016 6
    endloop
  endfacet
  facet normal 0 0 1
    outer loop
      vertex -42.7664 -1.66016 6
      vertex 42.7664 -1.66016 6
      vertex 42.4952 -1.16942 6
    endloop
  endfacet
  facet normal 0 0 1
    outer loop
      vertex 42.0314 1.55982 6
      vertex -42 1 6
      vertex 42 1 6
    endloop
  endfacet
  facet normal 0 0 1
    outer loop
      vertex 42 1 6
      vertex -42 1 6
      vertex 42.0314 0.440177 6
    endloop
  endfacet
  facet normal 0 0 1
    outer loop
      vertex -42.0314 0.440177 6
      vertex 42.0314 0.440177 6
      vertex -42 1 6
    endloop
  endfacet
  facet normal 0 0 1
    outer loop
      vertex 42.0314 0.440177 6
      vertex -42.0314 0.440177 6
      vertex 42.1254 -0.112604 6
    endloop
  endfacet
  facet normal 0 0 1
    outer loop
      vertex -42.1254 -0.112604 6
      vertex 42.1254 -0.112604 6
      vertex -42.0314 0.440177 6
    endloop
  endfacet
  facet normal 0 0 1
    outer loop
      vertex 42.1254 -0.112604 6
      vertex -42.1254 -0.112604 6
      vertex 42.2806 -0.651395 6
    endloop
  endfacet
  facet normal 0 0 1
    outer loop
      vertex -42.2806 -0.651395 6
      vertex 42.2806 -0.651395 6
      vertex -42.1254 -0.112604 6
    endloop
  endfacet
  facet normal 0 0 1
    outer loop
      vertex 42.2806 -0.651395 6
      vertex -42.2806 -0.651395 6
      vertex 42.4952 -1.16942 6
    endloop
  endfacet
  facet normal 0 0 1
    outer loop
      vertex -42.4952 -1.16942 6
      vertex 42.4952 -1.16942 6
      vertex -42.2806 -0.651395 6
    endloop
  endfacet
  facet normal 0 0 1
    outer loop
      vertex -42.7664 -1.66016 6
      vertex 42.4952 -1.16942 6
      vertex -42.4952 -1.16942 6
    endloop
  endfacet
  facet normal 0 0 1
    outer loop
      vertex 42.7664 -1.66016 6
      vertex -42.7664 -1.66016 6
      vertex -43.0908 -2.11745 6
    endloop
  endfacet
  facet normal 0 0 1
    outer loop
      vertex 43.0908 -2.11745 6
      vertex -43.0908 -2.11745 6
      vertex 53 -26 6
    endloop
  endfacet
  facet normal 0 0 1
    outer loop
      vertex -53 -26 6
      vertex -43.0908 -2.11745 6
      vertex -43.4645 -2.53553 6
    endloop
  endfacet
  facet normal 0 0 1
    outer loop
      vertex -53 -26 6
      vertex -43.4645 -2.53553 6
      vertex -43.8825 -2.90916 6
    endloop
  endfacet
  facet normal 0 0 1
    outer loop
      vertex -53 -26 6
      vertex -43.8825 -2.90916 6
      vertex -44.3398 -3.23362 6
    endloop
  endfacet
  facet normal 0 0 1
    outer loop
      vertex -53 -26 6
      vertex -44.3398 -3.23362 6
      vertex -44.8306 -3.50484 6
    endloop
  endfacet
  facet normal 0 0 1
    outer loop
      vertex -53 -26 6
      vertex -44.8306 -3.50484 6
      vertex -45.3486 -3.71942 6
    endloop
  endfacet
  facet normal 0 0 1
    outer loop
      vertex -53 -26 6
      vertex -45.3486 -3.71942 6
      vertex -45.8874 -3.87464 6
    endloop
  endfacet
  facet normal 0 0 1
    outer loop
      vertex -53 -26 6
      vertex -45.8874 -3.87464 6
      vertex -46.4402 -3.96856 6
    endloop
  endfacet
  facet normal 0 0 1
    outer loop
      vertex -53 -26 6
      vertex -46.4402 -3.96856 6
      vertex -47 -4 6
    endloop
  endfacet
  facet normal 0 0 1
    outer loop
      vertex -53 -26 6
      vertex -47 -4 6
      vertex -47.5598 -3.96856 6
    endloop
  endfacet
  facet normal 0 0 1
    outer loop
      vertex -53 -26 6
      vertex -47.5598 -3.96856 6
      vertex -48.1126 -3.87464 6
    endloop
  endfacet
  facet normal 0 0 1
    outer loop
      vertex -43.0908 -2.11745 6
      vertex -53 -26 6
      vertex 53 -26 6
    endloop
  endfacet
  facet normal 0 0 1
    outer loop
      vertex -48.6514 -3.71942 6
      vertex -53 -26 6
      vertex -48.1126 -3.87464 6
    endloop
  endfacet
  facet normal 0 0 1
    outer loop
      vertex -49.1694 -3.50484 6
      vertex -53 -26 6
      vertex -48.6514 -3.71942 6
    endloop
  endfacet
  facet normal 0 0 1
    outer loop
      vertex -49.6602 -3.23362 6
      vertex -53 -26 6
      vertex -49.1694 -3.50484 6
    endloop
  endfacet
  facet normal 0 0 1
    outer loop
      vertex -50.1174 -2.90916 6
      vertex -53 -26 6
      vertex -49.6602 -3.23362 6
    endloop
  endfacet
  facet normal 0 0 1
    outer loop
      vertex -50.5355 -2.53553 6
      vertex -53 -26 6
      vertex -50.1174 -2.90916 6
    endloop
  endfacet
  facet normal 0 0 1
    outer loop
      vertex -50.9092 -2.11745 6
      vertex -53 -26 6
      vertex -50.5355 -2.53553 6
    endloop
  endfacet
  facet normal 0 0 1
    outer loop
      vertex -51.2336 -1.66016 6
      vertex -53 -26 6
      vertex -50.9092 -2.11745 6
    endloop
  endfacet
  facet normal 0 0 1
    outer loop
      vertex -51.5048 -1.16942 6
      vertex -53 -26 6
      vertex -51.2336 -1.66016 6
    endloop
  endfacet
  facet normal 0 0 1
    outer loop
      vertex -51.7194 -0.651395 6
      vertex -53 -26 6
      vertex -51.5048 -1.16942 6
    endloop
  endfacet
  facet normal 0 0 1
    outer loop
      vertex -51.8746 -0.112604 6
      vertex -53 -26 6
      vertex -51.7194 -0.651395 6
    endloop
  endfacet
  facet normal 0 0 1
    outer loop
      vertex -51.9686 0.440177 6
      vertex -53 -26 6
      vertex -51.8746 -0.112604 6
    endloop
  endfacet
  facet normal 0 0 1
    outer loop
      vertex -52 1 6
      vertex -53 -26 6
      vertex -51.9686 0.440177 6
    endloop
  endfacet
  facet normal 0 0 1
    outer loop
      vertex -53 -26 6
      vertex -52 1 6
      vertex -53 105 6
    endloop
  endfacet
  facet normal 1 -0 0
    outer loop
      vertex 53 -26 6
      vertex 53 105 3
      vertex 53 105 6
    endloop
  endfacet
  facet normal 1 0 0
    outer loop
      vertex 53 105 3
      vertex 53 -26 6
      vertex 53 -26 3
    endloop
  endfacet
  facet normal 0 1 0
    outer loop
      vertex -63.5 108 55
      vertex -58.4683 108 29.1673
      vertex -58.8 108 29.2
    endloop
  endfacet
  facet normal 0 1 0
    outer loop
      vertex -63.5 108 55
      vertex -58.1494 108 29.0706
      vertex -58.4683 108 29.1673
    endloop
  endfacet
  facet normal 0 1 0
    outer loop
      vertex -34.5 108 41.8
      vertex -57.8555 108 28.9135
      vertex -58.1494 108 29.0706
    endloop
  endfacet
  facet normal 0 1 0
    outer loop
      vertex -34.5 108 41.8
      vertex -57.5979 108 28.7021
      vertex -57.8555 108 28.9135
    endloop
  endfacet
  facet normal 0 1 0
    outer loop
      vertex -34.5 108 41.8
      vertex -57.3865 108 28.4445
      vertex -57.5979 108 28.7021
    endloop
  endfacet
  facet normal 0 1 0
    outer loop
      vertex -34.5 108 41.8
      vertex -57.2294 108 28.1506
      vertex -57.3865 108 28.4445
    endloop
  endfacet
  facet normal 0 1 0
    outer loop
      vertex -34.5 108 41.8
      vertex -57.1327 108 27.8317
      vertex -57.2294 108 28.1506
    endloop
  endfacet
  facet normal 0 1 -0
    outer loop
      vertex -34.5 108 17.8
      vertex -57.1327 108 27.8317
      vertex -34.5 108 41.8
    endloop
  endfacet
  facet normal 0 1 0
    outer loop
      vertex -57.1327 108 27.8317
      vertex -34.5 108 17.8
      vertex -57.1 108 27.5
    endloop
  endfacet
  facet normal 0 1 0
    outer loop
      vertex -57.1 108 27.5
      vertex -34.5 108 17.8
      vertex -57.1327 108 27.1683
    endloop
  endfacet
  facet normal 0 1 0
    outer loop
      vertex -57.1327 108 27.1683
      vertex -34.5 108 17.8
      vertex -57.2294 108 26.8494
    endloop
  endfacet
  facet normal 0 1 0
    outer loop
      vertex -57.2294 108 26.8494
      vertex -34.5 108 17.8
      vertex -57.3865 108 26.5555
    endloop
  endfacet
  facet normal 0 1 0
    outer loop
      vertex -57.3865 108 26.5555
      vertex -34.5 108 17.8
      vertex -57.5979 108 26.2979
    endloop
  endfacet
  facet normal 0 1 0
    outer loop
      vertex -58.1494 108 25.9294
      vertex -63.5 108 3
      vertex -58.4683 108 25.8327
    endloop
  endfacet
  facet normal 0 1 0
    outer loop
      vertex -57.8555 108 26.0865
      vertex -63.5 108 3
      vertex -58.1494 108 25.9294
    endloop
  endfacet
  facet normal 0 1 0
    outer loop
      vertex -63.5 108 3
      vertex -57.8555 108 26.0865
      vertex -34.5 108 17.8
    endloop
  endfacet
  facet normal 0 1 0
    outer loop
      vertex -57.5979 108 26.2979
      vertex -34.5 108 17.8
      vertex -57.8555 108 26.0865
    endloop
  endfacet
  facet normal 0 1 0
    outer loop
      vertex -34.5 108 41.8
      vertex 63.5 108 55
      vertex 44.5 108 41.8
    endloop
  endfacet
  facet normal 0 1 0
    outer loop
      vertex 63.5 108 55
      vertex 58.8 108 29.2
      vertex 44.5 108 41.8
    endloop
  endfacet
  facet normal 0 1 0
    outer loop
      vertex 63.5 108 55
      vertex 59.1317 108 29.1673
      vertex 58.8 108 29.2
    endloop
  endfacet
  facet normal 0 1 0
    outer loop
      vertex 63.5 108 55
      vertex 59.4506 108 29.0706
      vertex 59.1317 108 29.1673
    endloop
  endfacet
  facet normal 0 1 0
    outer loop
      vertex 63.5 108 55
      vertex 59.7445 108 28.9135
      vertex 59.4506 108 29.0706
    endloop
  endfacet
  facet normal 0 1 0
    outer loop
      vertex 63.5 108 55
      vertex 60.0021 108 28.7021
      vertex 59.7445 108 28.9135
    endloop
  endfacet
  facet normal 0 1 0
    outer loop
      vertex 63.5 108 55
      vertex 60.2135 108 28.4445
      vertex 60.0021 108 28.7021
    endloop
  endfacet
  facet normal 0 1 0
    outer loop
      vertex 63.5 108 55
      vertex 60.3706 108 28.1506
      vertex 60.2135 108 28.4445
    endloop
  endfacet
  facet normal 0 1 0
    outer loop
      vertex 63.5 108 55
      vertex 60.4673 108 27.8317
      vertex 60.3706 108 28.1506
    endloop
  endfacet
  facet normal 0 1 0
    outer loop
      vertex 63.5 108 55
      vertex 60.5 108 27.5
      vertex 60.4673 108 27.8317
    endloop
  endfacet
  facet normal 0 1 -0
    outer loop
      vertex 63.5 108 3
      vertex 60.5 108 27.5
      vertex 63.5 108 55
    endloop
  endfacet
  facet normal 0 1 0
    outer loop
      vertex 63.5 108 3
      vertex 58.8 108 25.8
      vertex 59.1317 108 25.8327
    endloop
  endfacet
  facet normal 0 1 0
    outer loop
      vertex 63.5 108 3
      vertex 59.1317 108 25.8327
      vertex 59.4506 108 25.9294
    endloop
  endfacet
  facet normal 0 1 0
    outer loop
      vertex 63.5 108 3
      vertex 59.4506 108 25.9294
      vertex 59.7445 108 26.0865
    endloop
  endfacet
  facet normal 0 1 0
    outer loop
      vertex 44.5 108 17.8
      vertex 63.5 108 3
      vertex -34.5 108 17.8
    endloop
  endfacet
  facet normal 0 1 0
    outer loop
      vertex 58.8 108 25.8
      vertex 63.5 108 3
      vertex 44.5 108 17.8
    endloop
  endfacet
  facet normal 0 1 0
    outer loop
      vertex 60.0021 108 26.2979
      vertex 63.5 108 3
      vertex 59.7445 108 26.0865
    endloop
  endfacet
  facet normal 0 1 0
    outer loop
      vertex 60.2135 108 26.5555
      vertex 63.5 108 3
      vertex 60.0021 108 26.2979
    endloop
  endfacet
  facet normal 0 1 0
    outer loop
      vertex 60.3706 108 26.8494
      vertex 63.5 108 3
      vertex 60.2135 108 26.5555
    endloop
  endfacet
  facet normal 0 1 0
    outer loop
      vertex 60.4673 108 27.1683
      vertex 63.5 108 3
      vertex 60.3706 108 26.8494
    endloop
  endfacet
  facet normal 0 1 0
    outer loop
      vertex 60.5 108 27.5
      vertex 63.5 108 3
      vertex 60.4673 108 27.1683
    endloop
  endfacet
  facet normal 0 1 0
    outer loop
      vertex 63.5 108 55
      vertex -34.5 108 41.8
      vertex -63.5 108 55
    endloop
  endfacet
  facet normal 0 1 -0
    outer loop
      vertex -58.1494 108 29.0706
      vertex -63.5 108 55
      vertex -34.5 108 41.8
    endloop
  endfacet
  facet normal 0 1 -0
    outer loop
      vertex -59.1317 108 29.1673
      vertex -63.5 108 55
      vertex -58.8 108 29.2
    endloop
  endfacet
  facet normal 0 1 -0
    outer loop
      vertex -59.4506 108 29.0706
      vertex -63.5 108 55
      vertex -59.1317 108 29.1673
    endloop
  endfacet
  facet normal 0 1 -0
    outer loop
      vertex -59.7445 108 28.9135
      vertex -63.5 108 55
      vertex -59.4506 108 29.0706
    endloop
  endfacet
  facet normal 0 1 -0
    outer loop
      vertex -60.0021 108 28.7021
      vertex -63.5 108 55
      vertex -59.7445 108 28.9135
    endloop
  endfacet
  facet normal 0 1 -0
    outer loop
      vertex -60.2135 108 28.4445
      vertex -63.5 108 55
      vertex -60.0021 108 28.7021
    endloop
  endfacet
  facet normal 0 1 -0
    outer loop
      vertex -60.3706 108 28.1506
      vertex -63.5 108 55
      vertex -60.2135 108 28.4445
    endloop
  endfacet
  facet normal 0 1 -0
    outer loop
      vertex -60.4673 108 27.8317
      vertex -63.5 108 55
      vertex -60.3706 108 28.1506
    endloop
  endfacet
  facet normal 0 1 -0
    outer loop
      vertex -60.5 108 27.5
      vertex -63.5 108 55
      vertex -60.4673 108 27.8317
    endloop
  endfacet
  facet normal 0 1 0
    outer loop
      vertex -63.5 108 3
      vertex -60.5 108 27.5
      vertex -60.4673 108 27.1683
    endloop
  endfacet
  facet normal 0 1 0
    outer loop
      vertex -58.4683 108 25.8327
      vertex -63.5 108 3
      vertex -58.8 108 25.8
    endloop
  endfacet
  facet normal 0 1 0
    outer loop
      vertex -58.8 108 25.8
      vertex -63.5 108 3
      vertex -59.1317 108 25.8327
    endloop
  endfacet
  facet normal 0 1 0
    outer loop
      vertex -60.5 108 27.5
      vertex -63.5 108 3
      vertex -63.5 108 55
    endloop
  endfacet
  facet normal 0 1 0
    outer loop
      vertex -60.3706 108 26.8494
      vertex -63.5 108 3
      vertex -60.4673 108 27.1683
    endloop
  endfacet
  facet normal 0 1 0
    outer loop
      vertex -60.2135 108 26.5555
      vertex -63.5 108 3
      vertex -60.3706 108 26.8494
    endloop
  endfacet
  facet normal 0 1 0
    outer loop
      vertex -60.0021 108 26.2979
      vertex -63.5 108 3
      vertex -60.2135 108 26.5555
    endloop
  endfacet
  facet normal 0 1 0
    outer loop
      vertex -59.7445 108 26.0865
      vertex -63.5 108 3
      vertex -60.0021 108 26.2979
    endloop
  endfacet
  facet normal 0 1 0
    outer loop
      vertex -59.4506 108 25.9294
      vertex -63.5 108 3
      vertex -59.7445 108 26.0865
    endloop
  endfacet
  facet normal 0 1 0
    outer loop
      vertex -59.1317 108 25.8327
      vertex -63.5 108 3
      vertex -59.4506 108 25.9294
    endloop
  endfacet
  facet normal 0 1 0
    outer loop
      vertex -63.5 108 3
      vertex -34.5 108 17.8
      vertex 63.5 108 3
    endloop
  endfacet
  facet normal 0 1 -0
    outer loop
      vertex 58.4683 108 29.1673
      vertex 44.5 108 41.8
      vertex 58.8 108 29.2
    endloop
  endfacet
  facet normal 0 1 -0
    outer loop
      vertex 58.1494 108 29.0706
      vertex 44.5 108 41.8
      vertex 58.4683 108 29.1673
    endloop
  endfacet
  facet normal 0 1 -0
    outer loop
      vertex 57.8555 108 28.9135
      vertex 44.5 108 41.8
      vertex 58.1494 108 29.0706
    endloop
  endfacet
  facet normal 0 1 -0
    outer loop
      vertex 57.5979 108 28.7021
      vertex 44.5 108 41.8
      vertex 57.8555 108 28.9135
    endloop
  endfacet
  facet normal 0 1 -0
    outer loop
      vertex 57.3865 108 28.4445
      vertex 44.5 108 41.8
      vertex 57.5979 108 28.7021
    endloop
  endfacet
  facet normal 0 1 -0
    outer loop
      vertex 57.2294 108 28.1506
      vertex 44.5 108 41.8
      vertex 57.3865 108 28.4445
    endloop
  endfacet
  facet normal 0 1 -0
    outer loop
      vertex 57.1327 108 27.8317
      vertex 44.5 108 41.8
      vertex 57.2294 108 28.1506
    endloop
  endfacet
  facet normal 0 1 0
    outer loop
      vertex 44.5 108 17.8
      vertex 57.1327 108 27.8317
      vertex 57.1 108 27.5
    endloop
  endfacet
  facet normal 0 1 0
    outer loop
      vertex 44.5 108 17.8
      vertex 57.1 108 27.5
      vertex 57.1327 108 27.1683
    endloop
  endfacet
  facet normal 0 1 0
    outer loop
      vertex 44.5 108 17.8
      vertex 57.1327 108 27.1683
      vertex 57.2294 108 26.8494
    endloop
  endfacet
  facet normal 0 1 0
    outer loop
      vertex 44.5 108 17.8
      vertex 57.2294 108 26.8494
      vertex 57.3865 108 26.5555
    endloop
  endfacet
  facet normal 0 1 0
    outer loop
      vertex 44.5 108 17.8
      vertex 57.3865 108 26.5555
      vertex 57.5979 108 26.2979
    endloop
  endfacet
  facet normal 0 1 0
    outer loop
      vertex 57.1327 108 27.8317
      vertex 44.5 108 17.8
      vertex 44.5 108 41.8
    endloop
  endfacet
  facet normal 0 1 0
    outer loop
      vertex 57.8555 108 26.0865
      vertex 44.5 108 17.8
      vertex 57.5979 108 26.2979
    endloop
  endfacet
  facet normal 0 1 0
    outer loop
      vertex 58.1494 108 25.9294
      vertex 44.5 108 17.8
      vertex 57.8555 108 26.0865
    endloop
  endfacet
  facet normal 0 1 0
    outer loop
      vertex 58.4683 108 25.8327
      vertex 44.5 108 17.8
      vertex 58.1494 108 25.9294
    endloop
  endfacet
  facet normal 0 1 0
    outer loop
      vertex 44.5 108 17.8
      vertex 58.4683 108 25.8327
      vertex 58.8 108 25.8
    endloop
  endfacet
  facet normal 0 0 -1
    outer loop
      vertex -44.5729 2.76336 3
      vertex 44.5729 2.76336 3
      vertex -44.327 2.36197 3
    endloop
  endfacet
  facet normal 0 0 -1
    outer loop
      vertex 44.8787 96.8787 3
      vertex -44.0369 98.5307 3
      vertex -44 99 3
    endloop
  endfacet
  facet normal 0 0 -1
    outer loop
      vertex 44.5729 2.76336 3
      vertex -44.5729 2.76336 3
      vertex 44.8787 3.12132 3
    endloop
  endfacet
  facet normal 0 0 -1
    outer loop
      vertex 44.8787 96.8787 3
      vertex -44.1468 98.073 3
      vertex -44.0369 98.5307 3
    endloop
  endfacet
  facet normal 0 0 -1
    outer loop
      vertex -44.8787 3.12132 3
      vertex 44.8787 3.12132 3
      vertex -44.5729 2.76336 3
    endloop
  endfacet
  facet normal 0 0 -1
    outer loop
      vertex 44.8787 96.8787 3
      vertex -44.327 97.638 3
      vertex -44.1468 98.073 3
    endloop
  endfacet
  facet normal 0 0 -1
    outer loop
      vertex 44.8787 3.12132 3
      vertex -44.8787 3.12132 3
      vertex 44.8787 96.8787 3
    endloop
  endfacet
  facet normal 0 0 -1
    outer loop
      vertex 44.8787 96.8787 3
      vertex -44.5729 97.2366 3
      vertex -44.327 97.638 3
    endloop
  endfacet
  facet normal 0 0 -1
    outer loop
      vertex -44.8787 96.8787 3
      vertex 44.8787 96.8787 3
      vertex -44.8787 3.12132 3
    endloop
  endfacet
  facet normal 0 0 -1
    outer loop
      vertex 44.8787 96.8787 3
      vertex -44.8787 96.8787 3
      vertex -44.5729 97.2366 3
    endloop
  endfacet
  facet normal 0 0 -1
    outer loop
      vertex -45.2366 3.42705 3
      vertex -44.8787 96.8787 3
      vertex -44.8787 3.12132 3
    endloop
  endfacet
  facet normal 0 0 -1
    outer loop
      vertex -45.2366 3.42705 3
      vertex -45.2366 96.573 3
      vertex -44.8787 96.8787 3
    endloop
  endfacet
  facet normal 0 0 -1
    outer loop
      vertex -45.638 3.67302 3
      vertex -45.2366 96.573 3
      vertex -45.2366 3.42705 3
    endloop
  endfacet
  facet normal 0 0 -1
    outer loop
      vertex -45.638 3.67302 3
      vertex -45.638 96.327 3
      vertex -45.2366 96.573 3
    endloop
  endfacet
  facet normal 0 0 -1
    outer loop
      vertex -46.0729 3.85317 3
      vertex -45.638 96.327 3
      vertex -45.638 3.67302 3
    endloop
  endfacet
  facet normal 0 0 -1
    outer loop
      vertex -46.0729 3.85317 3
      vertex -46.0729 96.1468 3
      vertex -45.638 96.327 3
    endloop
  endfacet
  facet normal 0 0 -1
    outer loop
      vertex -46.5307 3.96306 3
      vertex -46.0729 96.1468 3
      vertex -46.0729 3.85317 3
    endloop
  endfacet
  facet normal 0 0 -1
    outer loop
      vertex -46.5307 3.96306 3
      vertex -46.5307 96.0369 3
      vertex -46.0729 96.1468 3
    endloop
  endfacet
  facet normal 0 0 -1
    outer loop
      vertex -47 4 3
      vertex -46.5307 96.0369 3
      vertex -46.5307 3.96306 3
    endloop
  endfacet
  facet normal 0 0 -1
    outer loop
      vertex -47 4 3
      vertex -47 96 3
      vertex -46.5307 96.0369 3
    endloop
  endfacet
  facet normal 0 0 -1
    outer loop
      vertex -47.4693 3.96306 3
      vertex -47 96 3
      vertex -47 4 3
    endloop
  endfacet
  facet normal 0 0 -1
    outer loop
      vertex -47.4693 3.96306 3
      vertex -47.4693 96.0369 3
      vertex -47 96 3
    endloop
  endfacet
  facet normal 0 0 -1
    outer loop
      vertex -47.9271 3.85317 3
      vertex -47.4693 96.0369 3
      vertex -47.4693 3.96306 3
    endloop
  endfacet
  facet normal 0 0 -1
    outer loop
      vertex -47.9271 3.85317 3
      vertex -47.9271 96.1468 3
      vertex -47.4693 96.0369 3
    endloop
  endfacet
  facet normal 0 0 -1
    outer loop
      vertex -48.362 3.67302 3
      vertex -47.9271 96.1468 3
      vertex -47.9271 3.85317 3
    endloop
  endfacet
  facet normal 0 0 -1
    outer loop
      vertex -48.362 3.67302 3
      vertex -48.362 96.327 3
      vertex -47.9271 96.1468 3
    endloop
  endfacet
  facet normal 0 0 -1
    outer loop
      vertex -48.7634 3.42705 3
      vertex -48.362 96.327 3
      vertex -48.362 3.67302 3
    endloop
  endfacet
  facet normal 0 0 -1
    outer loop
      vertex -48.7634 3.42705 3
      vertex -48.7634 96.573 3
      vertex -48.362 96.327 3
    endloop
  endfacet
  facet normal 0 0 -1
    outer loop
      vertex -49.1213 3.12132 3
      vertex -48.7634 96.573 3
      vertex -48.7634 3.42705 3
    endloop
  endfacet
  facet normal 0 0 -1
    outer loop
      vertex -49.1213 3.12132 3
      vertex -49.1213 96.8787 3
      vertex -48.7634 96.573 3
    endloop
  endfacet
  facet normal 0 0 -1
    outer loop
      vertex -49.4271 2.76336 3
      vertex -49.1213 96.8787 3
      vertex -49.1213 3.12132 3
    endloop
  endfacet
  facet normal 0 0 -1
    outer loop
      vertex -49.4271 2.76336 3
      vertex -49.4271 97.2366 3
      vertex -49.1213 96.8787 3
    endloop
  endfacet
  facet normal 0 0 -1
    outer loop
      vertex -49.673 2.36197 3
      vertex -49.4271 97.2366 3
      vertex -49.4271 2.76336 3
    endloop
  endfacet
  facet normal 0 0 -1
    outer loop
      vertex -49.673 2.36197 3
      vertex -49.673 97.638 3
      vertex -49.4271 97.2366 3
    endloop
  endfacet
  facet normal 0 0 -1
    outer loop
      vertex -49.8532 1.92705 3
      vertex -49.673 97.638 3
      vertex -49.673 2.36197 3
    endloop
  endfacet
  facet normal 0 0 -1
    outer loop
      vertex -49.8532 1.92705 3
      vertex -49.8532 98.073 3
      vertex -49.673 97.638 3
    endloop
  endfacet
  facet normal 0 0 -1
    outer loop
      vertex -53 105 3
      vertex -49.8532 1.92705 3
      vertex -49.9631 1.4693 3
    endloop
  endfacet
  facet normal 0 0 -1
    outer loop
      vertex -49.8532 1.92705 3
      vertex -53 105 3
      vertex -49.8532 98.073 3
    endloop
  endfacet
  facet normal 0 0 -1
    outer loop
      vertex -53 105 3
      vertex -49.9631 1.4693 3
      vertex -50 1 3
    endloop
  endfacet
  facet normal 0 0 -1
    outer loop
      vertex -49.8532 98.073 3
      vertex -53 105 3
      vertex -49.9631 98.5307 3
    endloop
  endfacet
  facet normal 0 0 -1
    outer loop
      vertex 49.8532 1.92705 3
      vertex 53 105 3
      vertex 49.9631 1.4693 3
    endloop
  endfacet
  facet normal 0 0 -1
    outer loop
      vertex 53 105 3
      vertex 49.9631 98.5307 3
      vertex 50 99 3
    endloop
  endfacet
  facet normal 0 0 -1
    outer loop
      vertex 49.8532 98.073 3
      vertex 53 105 3
      vertex 49.8532 1.92705 3
    endloop
  endfacet
  facet normal 0 0 -1
    outer loop
      vertex 53 105 3
      vertex 49.8532 98.073 3
      vertex 49.9631 98.5307 3
    endloop
  endfacet
  facet normal 0 0 -1
    outer loop
      vertex 49.673 2.36197 3
      vertex 49.8532 98.073 3
      vertex 49.8532 1.92705 3
    endloop
  endfacet
  facet normal 0 0 -1
    outer loop
      vertex 49.673 2.36197 3
      vertex 49.673 97.638 3
      vertex 49.8532 98.073 3
    endloop
  endfacet
  facet normal 0 0 -1
    outer loop
      vertex 49.4271 2.76336 3
      vertex 49.673 97.638 3
      vertex 49.673 2.36197 3
    endloop
  endfacet
  facet normal 0 0 -1
    outer loop
      vertex 49.4271 2.76336 3
      vertex 49.4271 97.2366 3
      vertex 49.673 97.638 3
    endloop
  endfacet
  facet normal 0 0 -1
    outer loop
      vertex 49.1213 3.12132 3
      vertex 49.4271 97.2366 3
      vertex 49.4271 2.76336 3
    endloop
  endfacet
  facet normal 0 0 -1
    outer loop
      vertex 49.1213 3.12132 3
      vertex 49.1213 96.8787 3
      vertex 49.4271 97.2366 3
    endloop
  endfacet
  facet normal 0 0 -1
    outer loop
      vertex 48.7634 3.42705 3
      vertex 49.1213 96.8787 3
      vertex 49.1213 3.12132 3
    endloop
  endfacet
  facet normal 0 0 -1
    outer loop
      vertex 48.7634 3.42705 3
      vertex 48.7634 96.573 3
      vertex 49.1213 96.8787 3
    endloop
  endfacet
  facet normal 0 0 -1
    outer loop
      vertex 48.362 3.67302 3
      vertex 48.7634 96.573 3
      vertex 48.7634 3.42705 3
    endloop
  endfacet
  facet normal 0 0 -1
    outer loop
      vertex 48.362 3.67302 3
      vertex 48.362 96.327 3
      vertex 48.7634 96.573 3
    endloop
  endfacet
  facet normal 0 0 -1
    outer loop
      vertex 47.9271 3.85317 3
      vertex 48.362 96.327 3
      vertex 48.362 3.67302 3
    endloop
  endfacet
  facet normal 0 0 -1
    outer loop
      vertex 47.9271 3.85317 3
      vertex 47.9271 96.1468 3
      vertex 48.362 96.327 3
    endloop
  endfacet
  facet normal 0 0 -1
    outer loop
      vertex 47.4693 3.96306 3
      vertex 47.9271 96.1468 3
      vertex 47.9271 3.85317 3
    endloop
  endfacet
  facet normal 0 0 -1
    outer loop
      vertex 47.4693 3.96306 3
      vertex 47.4693 96.0369 3
      vertex 47.9271 96.1468 3
    endloop
  endfacet
  facet normal 0 0 -1
    outer loop
      vertex 47 4 3
      vertex 47.4693 96.0369 3
      vertex 47.4693 3.96306 3
    endloop
  endfacet
  facet normal 0 0 -1
    outer loop
      vertex 47 4 3
      vertex 47 96 3
      vertex 47.4693 96.0369 3
    endloop
  endfacet
  facet normal 0 0 -1
    outer loop
      vertex 46.5307 3.96306 3
      vertex 47 96 3
      vertex 47 4 3
    endloop
  endfacet
  facet normal 0 0 -1
    outer loop
      vertex 46.5307 3.96306 3
      vertex 46.5307 96.0369 3
      vertex 47 96 3
    endloop
  endfacet
  facet normal 0 0 -1
    outer loop
      vertex 46.0729 3.85317 3
      vertex 46.5307 96.0369 3
      vertex 46.5307 3.96306 3
    endloop
  endfacet
  facet normal 0 0 -1
    outer loop
      vertex 46.0729 3.85317 3
      vertex 46.0729 96.1468 3
      vertex 46.5307 96.0369 3
    endloop
  endfacet
  facet normal 0 0 -1
    outer loop
      vertex 45.638 3.67302 3
      vertex 46.0729 96.1468 3
      vertex 46.0729 3.85317 3
    endloop
  endfacet
  facet normal 0 0 -1
    outer loop
      vertex 45.638 3.67302 3
      vertex 45.638 96.327 3
      vertex 46.0729 96.1468 3
    endloop
  endfacet
  facet normal 0 0 -1
    outer loop
      vertex 45.2366 3.42705 3
      vertex 45.638 96.327 3
      vertex 45.638 3.67302 3
    endloop
  endfacet
  facet normal 0 0 -1
    outer loop
      vertex 45.2366 3.42705 3
      vertex 45.2366 96.573 3
      vertex 45.638 96.327 3
    endloop
  endfacet
  facet normal 0 0 -1
    outer loop
      vertex 44.8787 3.12132 3
      vertex 45.2366 96.573 3
      vertex 45.2366 3.42705 3
    endloop
  endfacet
  facet normal 0 0 -1
    outer loop
      vertex 44.8787 3.12132 3
      vertex 44.8787 96.8787 3
      vertex 45.2366 96.573 3
    endloop
  endfacet
  facet normal 0 0 -1
    outer loop
      vertex 44.1468 1.92705 3
      vertex -44.1468 1.92705 3
      vertex 44.327 2.36197 3
    endloop
  endfacet
  facet normal 0 0 -1
    outer loop
      vertex -44.327 2.36197 3
      vertex 44.327 2.36197 3
      vertex -44.1468 1.92705 3
    endloop
  endfacet
  facet normal 0 0 -1
    outer loop
      vertex -44.1468 1.92705 3
      vertex 44.1468 1.92705 3
      vertex -44.0369 1.4693 3
    endloop
  endfacet
  facet normal 0 0 -1
    outer loop
      vertex 44.327 2.36197 3
      vertex -44.327 2.36197 3
      vertex 44.5729 2.76336 3
    endloop
  endfacet
  facet normal 0 0 -1
    outer loop
      vertex 44.0369 1.4693 3
      vertex -44.0369 1.4693 3
      vertex 44.1468 1.92705 3
    endloop
  endfacet
  facet normal 0 0 -1
    outer loop
      vertex 44.8787 96.8787 3
      vertex -44 99 3
      vertex 44.5729 97.2366 3
    endloop
  endfacet
  facet normal 0 0 -1
    outer loop
      vertex -44.0369 1.4693 3
      vertex 44.0369 1.4693 3
      vertex -44 1 3
    endloop
  endfacet
  facet normal 0 0 -1
    outer loop
      vertex 44.5729 97.2366 3
      vertex -44 99 3
      vertex 44.327 97.638 3
    endloop
  endfacet
  facet normal 0 0 -1
    outer loop
      vertex -44 1 3
      vertex 44.0369 1.4693 3
      vertex 44 1 3
    endloop
  endfacet
  facet normal 0 0 -1
    outer loop
      vertex 44.327 97.638 3
      vertex -44 99 3
      vertex 44.1468 98.073 3
    endloop
  endfacet
  facet normal 0 0 -1
    outer loop
      vertex 53 -26 3
      vertex 50 1 3
      vertex 53 105 3
    endloop
  endfacet
  facet normal 0 0 -1
    outer loop
      vertex 53 -26 3
      vertex 49.9631 0.530696 3
      vertex 50 1 3
    endloop
  endfacet
  facet normal 0 0 -1
    outer loop
      vertex 53 -26 3
      vertex 49.8532 0.0729485 3
      vertex 49.9631 0.530696 3
    endloop
  endfacet
  facet normal 0 0 -1
    outer loop
      vertex 53 -26 3
      vertex 49.673 -0.361971 3
      vertex 49.8532 0.0729485 3
    endloop
  endfacet
  facet normal 0 0 -1
    outer loop
      vertex 53 -26 3
      vertex 49.4271 -0.763355 3
      vertex 49.673 -0.361971 3
    endloop
  endfacet
  facet normal 0 0 -1
    outer loop
      vertex 53 -26 3
      vertex 49.1213 -1.12132 3
      vertex 49.4271 -0.763355 3
    endloop
  endfacet
  facet normal 0 0 -1
    outer loop
      vertex 53 -26 3
      vertex 48.7634 -1.42705 3
      vertex 49.1213 -1.12132 3
    endloop
  endfacet
  facet normal 0 0 -1
    outer loop
      vertex 53 -26 3
      vertex 48.362 -1.67302 3
      vertex 48.7634 -1.42705 3
    endloop
  endfacet
  facet normal 0 0 -1
    outer loop
      vertex 53 -26 3
      vertex 47.9271 -1.85317 3
      vertex 48.362 -1.67302 3
    endloop
  endfacet
  facet normal 0 0 -1
    outer loop
      vertex 53 -26 3
      vertex 47.4693 -1.96306 3
      vertex 47.9271 -1.85317 3
    endloop
  endfacet
  facet normal 0 0 -1
    outer loop
      vertex 53 -26 3
      vertex 47 -2 3
      vertex 47.4693 -1.96306 3
    endloop
  endfacet
  facet normal 0 0 -1
    outer loop
      vertex 53 -26 3
      vertex 46.5307 -1.96306 3
      vertex 47 -2 3
    endloop
  endfacet
  facet normal 0 0 -1
    outer loop
      vertex 53 -26 3
      vertex 46.0729 -1.85317 3
      vertex 46.5307 -1.96306 3
    endloop
  endfacet
  facet normal 0 0 -1
    outer loop
      vertex 53 -26 3
      vertex 45.638 -1.67302 3
      vertex 46.0729 -1.85317 3
    endloop
  endfacet
  facet normal 0 0 -1
    outer loop
      vertex 53 -26 3
      vertex 45.2366 -1.42705 3
      vertex 45.638 -1.67302 3
    endloop
  endfacet
  facet normal 0 0 -1
    outer loop
      vertex 53 -26 3
      vertex 44.8787 -1.12132 3
      vertex 45.2366 -1.42705 3
    endloop
  endfacet
  facet normal 0 0 -1
    outer loop
      vertex 53 -26 3
      vertex 44.5729 -0.763355 3
      vertex 44.8787 -1.12132 3
    endloop
  endfacet
  facet normal 0 0 -1
    outer loop
      vertex -44.5729 -0.763355 3
      vertex 44.5729 -0.763355 3
      vertex 53 -26 3
    endloop
  endfacet
  facet normal 0 0 -1
    outer loop
      vertex 44.5729 -0.763355 3
      vertex -44.5729 -0.763355 3
      vertex 44.327 -0.361971 3
    endloop
  endfacet
  facet normal 0 0 -1
    outer loop
      vertex 44.1468 98.073 3
      vertex -44 99 3
      vertex 44.0369 98.5307 3
    endloop
  endfacet
  facet normal 0 0 -1
    outer loop
      vertex 44.0369 0.530696 3
      vertex -44 1 3
      vertex 44 1 3
    endloop
  endfacet
  facet normal 0 0 -1
    outer loop
      vertex -44.0369 0.530696 3
      vertex 44.0369 0.530696 3
      vertex 44.1468 0.0729485 3
    endloop
  endfacet
  facet normal 0 -0 -1
    outer loop
      vertex -44.327 -0.361971 3
      vertex 44.327 -0.361971 3
      vertex -44.5729 -0.763355 3
    endloop
  endfacet
  facet normal 0 0 -1
    outer loop
      vertex 44.0369 0.530696 3
      vertex -44.0369 0.530696 3
      vertex -44 1 3
    endloop
  endfacet
  facet normal 0 0 -1
    outer loop
      vertex 44.1468 0.0729485 3
      vertex -44.1468 0.0729485 3
      vertex -44.0369 0.530696 3
    endloop
  endfacet
  facet normal -0 0 -1
    outer loop
      vertex 44.1468 0.0729485 3
      vertex -44.327 -0.361971 3
      vertex -44.1468 0.0729485 3
    endloop
  endfacet
  facet normal 0 0 -1
    outer loop
      vertex 44.327 -0.361971 3
      vertex -44.327 -0.361971 3
      vertex 44.1468 0.0729485 3
    endloop
  endfacet
  facet normal 0 0 -1
    outer loop
      vertex -53 -26 3
      vertex -44.5729 -0.763355 3
      vertex 53 -26 3
    endloop
  endfacet
  facet normal 0 0 -1
    outer loop
      vertex -44.5729 -0.763355 3
      vertex -53 -26 3
      vertex -44.8787 -1.12132 3
    endloop
  endfacet
  facet normal 0 0 -1
    outer loop
      vertex -44.8787 -1.12132 3
      vertex -53 -26 3
      vertex -45.2366 -1.42705 3
    endloop
  endfacet
  facet normal 0 0 -1
    outer loop
      vertex -45.2366 -1.42705 3
      vertex -53 -26 3
      vertex -45.638 -1.67302 3
    endloop
  endfacet
  facet normal 0 0 -1
    outer loop
      vertex -45.638 -1.67302 3
      vertex -53 -26 3
      vertex -46.0729 -1.85317 3
    endloop
  endfacet
  facet normal 0 0 -1
    outer loop
      vertex -46.0729 -1.85317 3
      vertex -53 -26 3
      vertex -46.5307 -1.96306 3
    endloop
  endfacet
  facet normal 0 0 -1
    outer loop
      vertex -46.5307 -1.96306 3
      vertex -53 -26 3
      vertex -47 -2 3
    endloop
  endfacet
  facet normal 0 0 -1
    outer loop
      vertex -53 105 3
      vertex -50 1 3
      vertex -53 -26 3
    endloop
  endfacet
  facet normal -0 0 -1
    outer loop
      vertex -49.9631 0.530696 3
      vertex -53 -26 3
      vertex -50 1 3
    endloop
  endfacet
  facet normal -0 0 -1
    outer loop
      vertex -49.8532 0.0729485 3
      vertex -53 -26 3
      vertex -49.9631 0.530696 3
    endloop
  endfacet
  facet normal -0 0 -1
    outer loop
      vertex -49.673 -0.361971 3
      vertex -53 -26 3
      vertex -49.8532 0.0729485 3
    endloop
  endfacet
  facet normal -0 0 -1
    outer loop
      vertex -49.4271 -0.763355 3
      vertex -53 -26 3
      vertex -49.673 -0.361971 3
    endloop
  endfacet
  facet normal -0 0 -1
    outer loop
      vertex -49.1213 -1.12132 3
      vertex -53 -26 3
      vertex -49.4271 -0.763355 3
    endloop
  endfacet
  facet normal -0 0 -1
    outer loop
      vertex -48.7634 -1.42705 3
      vertex -53 -26 3
      vertex -49.1213 -1.12132 3
    endloop
  endfacet
  facet normal -0 0 -1
    outer loop
      vertex -48.362 -1.67302 3
      vertex -53 -26 3
      vertex -48.7634 -1.42705 3
    endloop
  endfacet
  facet normal -0 0 -1
    outer loop
      vertex -47.9271 -1.85317 3
      vertex -53 -26 3
      vertex -48.362 -1.67302 3
    endloop
  endfacet
  facet normal -0 0 -1
    outer loop
      vertex -47.4693 -1.96306 3
      vertex -53 -26 3
      vertex -47.9271 -1.85317 3
    endloop
  endfacet
  facet normal -0 0 -1
    outer loop
      vertex -47 -2 3
      vertex -53 -26 3
      vertex -47.4693 -1.96306 3
    endloop
  endfacet
  facet normal 0 0 -1
    outer loop
      vertex 53 105 3
      vertex 63.5 108 3
      vertex 63.5 105 3
    endloop
  endfacet
  facet normal 0 0 -1
    outer loop
      vertex 49.9631 1.4693 3
      vertex 53 105 3
      vertex 50 1 3
    endloop
  endfacet
  facet normal 0 0 -1
    outer loop
      vertex 49.9631 99.4693 3
      vertex 53 105 3
      vertex 50 99 3
    endloop
  endfacet
  facet normal 0 0 -1
    outer loop
      vertex 49.8532 99.927 3
      vertex 53 105 3
      vertex 49.9631 99.4693 3
    endloop
  endfacet
  facet normal 0 0 -1
    outer loop
      vertex 49.673 100.362 3
      vertex 53 105 3
      vertex 49.8532 99.927 3
    endloop
  endfacet
  facet normal 0 0 -1
    outer loop
      vertex 49.4271 100.763 3
      vertex 53 105 3
      vertex 49.673 100.362 3
    endloop
  endfacet
  facet normal 0 0 -1
    outer loop
      vertex 49.1213 101.121 3
      vertex 53 105 3
      vertex 49.4271 100.763 3
    endloop
  endfacet
  facet normal 0 0 -1
    outer loop
      vertex 48.7634 101.427 3
      vertex 53 105 3
      vertex 49.1213 101.121 3
    endloop
  endfacet
  facet normal 0 0 -1
    outer loop
      vertex 48.362 101.673 3
      vertex 53 105 3
      vertex 48.7634 101.427 3
    endloop
  endfacet
  facet normal 0 0 -1
    outer loop
      vertex 47.9271 101.853 3
      vertex 53 105 3
      vertex 48.362 101.673 3
    endloop
  endfacet
  facet normal 0 0 -1
    outer loop
      vertex 47.4693 101.963 3
      vertex 53 105 3
      vertex 47.9271 101.853 3
    endloop
  endfacet
  facet normal 0 0 -1
    outer loop
      vertex 47 102 3
      vertex 53 105 3
      vertex 47.4693 101.963 3
    endloop
  endfacet
  facet normal 0 0 -1
    outer loop
      vertex 46.5307 101.963 3
      vertex 53 105 3
      vertex 47 102 3
    endloop
  endfacet
  facet normal 0 0 -1
    outer loop
      vertex 46.0729 101.853 3
      vertex 53 105 3
      vertex 46.5307 101.963 3
    endloop
  endfacet
  facet normal 0 0 -1
    outer loop
      vertex 45.638 101.673 3
      vertex 53 105 3
      vertex 46.0729 101.853 3
    endloop
  endfacet
  facet normal 0 0 -1
    outer loop
      vertex 44.0369 98.5307 3
      vertex -44 99 3
      vertex 44 99 3
    endloop
  endfacet
  facet normal 0 0 -1
    outer loop
      vertex 44 99 3
      vertex -44 99 3
      vertex 44.0369 99.4693 3
    endloop
  endfacet
  facet normal 0 0 -1
    outer loop
      vertex -44.0369 99.4693 3
      vertex 44.0369 99.4693 3
      vertex -44 99 3
    endloop
  endfacet
  facet normal 0 0 -1
    outer loop
      vertex 44.0369 99.4693 3
      vertex -44.0369 99.4693 3
      vertex 44.1468 99.927 3
    endloop
  endfacet
  facet normal 0 0 -1
    outer loop
      vertex -44.1468 99.927 3
      vertex 44.1468 99.927 3
      vertex -44.0369 99.4693 3
    endloop
  endfacet
  facet normal 0 0 -1
    outer loop
      vertex 44.1468 99.927 3
      vertex -44.1468 99.927 3
      vertex 44.327 100.362 3
    endloop
  endfacet
  facet normal 0 0 -1
    outer loop
      vertex -44.327 100.362 3
      vertex 44.327 100.362 3
      vertex -44.1468 99.927 3
    endloop
  endfacet
  facet normal 0 0 -1
    outer loop
      vertex 44.327 100.362 3
      vertex -44.327 100.362 3
      vertex 44.5729 100.763 3
    endloop
  endfacet
  facet normal 0 0 -1
    outer loop
      vertex -44.5729 100.763 3
      vertex 44.5729 100.763 3
      vertex -44.327 100.362 3
    endloop
  endfacet
  facet normal 0 0 -1
    outer loop
      vertex 44.5729 100.763 3
      vertex -44.5729 100.763 3
      vertex 44.8787 101.121 3
    endloop
  endfacet
  facet normal 0 0 -1
    outer loop
      vertex -44.8787 101.121 3
      vertex 44.8787 101.121 3
      vertex -44.5729 100.763 3
    endloop
  endfacet
  facet normal 0 0 -1
    outer loop
      vertex 44.8787 101.121 3
      vertex -44.8787 101.121 3
      vertex 45.2366 101.427 3
    endloop
  endfacet
  facet normal 0 0 -1
    outer loop
      vertex -45.2366 101.427 3
      vertex 45.2366 101.427 3
      vertex -44.8787 101.121 3
    endloop
  endfacet
  facet normal 0 0 -1
    outer loop
      vertex 45.2366 101.427 3
      vertex -45.2366 101.427 3
      vertex 45.638 101.673 3
    endloop
  endfacet
  facet normal 0 0 -1
    outer loop
      vertex -45.638 101.673 3
      vertex 45.638 101.673 3
      vertex -45.2366 101.427 3
    endloop
  endfacet
  facet normal 0 0 -1
    outer loop
      vertex 45.638 101.673 3
      vertex -45.638 101.673 3
      vertex 53 105 3
    endloop
  endfacet
  facet normal 0 0 -1
    outer loop
      vertex -46.0729 101.853 3
      vertex 53 105 3
      vertex -45.638 101.673 3
    endloop
  endfacet
  facet normal 0 0 -1
    outer loop
      vertex -53 105 3
      vertex 53 105 3
      vertex -46.0729 101.853 3
    endloop
  endfacet
  facet normal 0 0 -1
    outer loop
      vertex -53 105 3
      vertex -46.0729 101.853 3
      vertex -46.5307 101.963 3
    endloop
  endfacet
  facet normal 0 0 -1
    outer loop
      vertex -53 105 3
      vertex -46.5307 101.963 3
      vertex -47 102 3
    endloop
  endfacet
  facet normal 0 0 -1
    outer loop
      vertex -49.9631 98.5307 3
      vertex -53 105 3
      vertex -50 99 3
    endloop
  endfacet
  facet normal 0 0 -1
    outer loop
      vertex -53 105 3
      vertex -49.9631 99.4693 3
      vertex -50 99 3
    endloop
  endfacet
  facet normal 0 0 -1
    outer loop
      vertex -53 105 3
      vertex -49.8532 99.927 3
      vertex -49.9631 99.4693 3
    endloop
  endfacet
  facet normal 0 0 -1
    outer loop
      vertex -53 105 3
      vertex -49.673 100.362 3
      vertex -49.8532 99.927 3
    endloop
  endfacet
  facet normal 0 0 -1
    outer loop
      vertex -53 105 3
      vertex -49.4271 100.763 3
      vertex -49.673 100.362 3
    endloop
  endfacet
  facet normal 0 0 -1
    outer loop
      vertex -53 105 3
      vertex -49.1213 101.121 3
      vertex -49.4271 100.763 3
    endloop
  endfacet
  facet normal 0 0 -1
    outer loop
      vertex -53 105 3
      vertex -48.7634 101.427 3
      vertex -49.1213 101.121 3
    endloop
  endfacet
  facet normal 0 0 -1
    outer loop
      vertex -53 105 3
      vertex -48.362 101.673 3
      vertex -48.7634 101.427 3
    endloop
  endfacet
  facet normal 0 0 -1
    outer loop
      vertex -53 105 3
      vertex -47.9271 101.853 3
      vertex -48.362 101.673 3
    endloop
  endfacet
  facet normal 0 0 -1
    outer loop
      vertex -53 105 3
      vertex -47.4693 101.963 3
      vertex -47.9271 101.853 3
    endloop
  endfacet
  facet normal 0 0 -1
    outer loop
      vertex -53 105 3
      vertex -47 102 3
      vertex -47.4693 101.963 3
    endloop
  endfacet
  facet normal 0 0 -1
    outer loop
      vertex 53 105 3
      vertex -53 105 3
      vertex 63.5 108 3
    endloop
  endfacet
  facet normal 0 0 -1
    outer loop
      vertex -63.5 108 3
      vertex -53 105 3
      vertex -63.5 105 3
    endloop
  endfacet
  facet normal 0 0 -1
    outer loop
      vertex -53 105 3
      vertex -63.5 108 3
      vertex 63.5 108 3
    endloop
  endfacet
  facet normal 0 -1 0
    outer loop
      vertex -53 -26 3
      vertex 53 -26 6
      vertex -53 -26 6
    endloop
  endfacet
  facet normal 0 -1 -0
    outer loop
      vertex 53 -26 6
      vertex -53 -26 3
      vertex 53 -26 3
    endloop
  endfacet
  facet normal -1 0 0
    outer loop
      vertex -63.5 105 3
      vertex -63.5 108 55
      vertex -63.5 108 3
    endloop
  endfacet
  facet normal -1 -0 0
    outer loop
      vertex -63.5 108 55
      vertex -63.5 105 3
      vertex -63.5 105 55
    endloop
  endfacet
  facet normal -0 0 1
    outer loop
      vertex -63.5 108 55
      vertex 63.5 105 55
      vertex 63.5 108 55
    endloop
  endfacet
  facet normal 0 0 1
    outer loop
      vertex 63.5 105 55
      vertex -63.5 108 55
      vertex -63.5 105 55
    endloop
  endfacet
  facet normal 1 -0 0
    outer loop
      vertex 63.5 105 55
      vertex 63.5 108 3
      vertex 63.5 108 55
    endloop
  endfacet
  facet normal 1 0 0
    outer loop
      vertex 63.5 108 3
      vertex 63.5 105 55
      vertex 63.5 105 3
    endloop
  endfacet
  facet normal 0 -1 0
    outer loop
      vertex 44.5 105 41.8
      vertex 58.4683 105 29.1673
      vertex 58.8 105 29.2
    endloop
  endfacet
  facet normal 0 -1 0
    outer loop
      vertex 44.5 105 41.8
      vertex 58.1494 105 29.0706
      vertex 58.4683 105 29.1673
    endloop
  endfacet
  facet normal 0 -1 0
    outer loop
      vertex 44.5 105 41.8
      vertex 57.8555 105 28.9135
      vertex 58.1494 105 29.0706
    endloop
  endfacet
  facet normal 0 -1 0
    outer loop
      vertex 44.5 105 41.8
      vertex 57.5979 105 28.7021
      vertex 57.8555 105 28.9135
    endloop
  endfacet
  facet normal 0 -1 0
    outer loop
      vertex 44.5 105 41.8
      vertex 57.3865 105 28.4445
      vertex 57.5979 105 28.7021
    endloop
  endfacet
  facet normal 0 -1 0
    outer loop
      vertex 44.5 105 41.8
      vertex 57.2294 105 28.1506
      vertex 57.3865 105 28.4445
    endloop
  endfacet
  facet normal 0 -1 0
    outer loop
      vertex 44.5 105 41.8
      vertex 57.1327 105 27.8317
      vertex 57.2294 105 28.1506
    endloop
  endfacet
  facet normal 0 -1 0
    outer loop
      vertex 44.5 105 17.8
      vertex 57.1327 105 27.8317
      vertex 44.5 105 41.8
    endloop
  endfacet
  facet normal 0 -1 0
    outer loop
      vertex 57.1327 105 27.8317
      vertex 44.5 105 17.8
      vertex 57.1 105 27.5
    endloop
  endfacet
  facet normal 0 -1 -0
    outer loop
      vertex 57.1 105 27.5
      vertex 44.5 105 17.8
      vertex 57.1327 105 27.1683
    endloop
  endfacet
  facet normal 0 -1 -0
    outer loop
      vertex 57.1327 105 27.1683
      vertex 44.5 105 17.8
      vertex 57.2294 105 26.8494
    endloop
  endfacet
  facet normal 0 -1 -0
    outer loop
      vertex 57.2294 105 26.8494
      vertex 44.5 105 17.8
      vertex 57.3865 105 26.5555
    endloop
  endfacet
  facet normal 0 -1 -0
    outer loop
      vertex 58.1494 105 25.9294
      vertex 53 105 6
      vertex 58.4683 105 25.8327
    endloop
  endfacet
  facet normal 0 -1 0
    outer loop
      vertex 53 105 6
      vertex 58.1494 105 25.9294
      vertex 44.5 105 17.8
    endloop
  endfacet
  facet normal 0 -1 -0
    outer loop
      vertex 57.8555 105 26.0865
      vertex 44.5 105 17.8
      vertex 58.1494 105 25.9294
    endloop
  endfacet
  facet normal 0 -1 -0
    outer loop
      vertex 57.5979 105 26.2979
      vertex 44.5 105 17.8
      vertex 57.8555 105 26.0865
    endloop
  endfacet
  facet normal 0 -1 -0
    outer loop
      vertex 57.3865 105 26.5555
      vertex 44.5 105 17.8
      vertex 57.5979 105 26.2979
    endloop
  endfacet
  facet normal 0 -1 0
    outer loop
      vertex -63.5 105 55
      vertex -34.5 105 41.8
      vertex 63.5 105 55
    endloop
  endfacet
  facet normal 0 -1 0
    outer loop
      vertex -58.4683 105 29.1673
      vertex -63.5 105 55
      vertex -58.8 105 29.2
    endloop
  endfacet
  facet normal 0 -1 0
    outer loop
      vertex -63.5 105 55
      vertex -59.1317 105 29.1673
      vertex -58.8 105 29.2
    endloop
  endfacet
  facet normal 0 -1 0
    outer loop
      vertex -63.5 105 55
      vertex -59.4506 105 29.0706
      vertex -59.1317 105 29.1673
    endloop
  endfacet
  facet normal 0 -1 0
    outer loop
      vertex -63.5 105 55
      vertex -59.7445 105 28.9135
      vertex -59.4506 105 29.0706
    endloop
  endfacet
  facet normal 0 -1 0
    outer loop
      vertex -63.5 105 55
      vertex -60.0021 105 28.7021
      vertex -59.7445 105 28.9135
    endloop
  endfacet
  facet normal 0 -1 0
    outer loop
      vertex -63.5 105 55
      vertex -60.2135 105 28.4445
      vertex -60.0021 105 28.7021
    endloop
  endfacet
  facet normal 0 -1 0
    outer loop
      vertex -63.5 105 55
      vertex -60.3706 105 28.1506
      vertex -60.2135 105 28.4445
    endloop
  endfacet
  facet normal 0 -1 0
    outer loop
      vertex -63.5 105 55
      vertex -60.4673 105 27.8317
      vertex -60.3706 105 28.1506
    endloop
  endfacet
  facet normal 0 -1 0
    outer loop
      vertex -63.5 105 55
      vertex -60.5 105 27.5
      vertex -60.4673 105 27.8317
    endloop
  endfacet
  facet normal 0 -1 0
    outer loop
      vertex -63.5 105 3
      vertex -60.5 105 27.5
      vertex -63.5 105 55
    endloop
  endfacet
  facet normal 0 -1 0
    outer loop
      vertex -53 105 6
      vertex -58.8 105 25.8
      vertex -59.1317 105 25.8327
    endloop
  endfacet
  facet normal 0 -1 0
    outer loop
      vertex -63.5 105 3
      vertex -59.1317 105 25.8327
      vertex -59.4506 105 25.9294
    endloop
  endfacet
  facet normal 0 -1 0
    outer loop
      vertex 53 105 6
      vertex -34.5 105 17.8
      vertex -53 105 6
    endloop
  endfacet
  facet normal 0 -1 0
    outer loop
      vertex -58.8 105 25.8
      vertex -53 105 6
      vertex -34.5 105 17.8
    endloop
  endfacet
  facet normal 0 -1 0
    outer loop
      vertex -63.5 105 3
      vertex -59.4506 105 25.9294
      vertex -59.7445 105 26.0865
    endloop
  endfacet
  facet normal 0 -1 0
    outer loop
      vertex -63.5 105 3
      vertex -59.7445 105 26.0865
      vertex -60.0021 105 26.2979
    endloop
  endfacet
  facet normal 0 -1 0
    outer loop
      vertex -63.5 105 3
      vertex -60.0021 105 26.2979
      vertex -60.2135 105 26.5555
    endloop
  endfacet
  facet normal 0 -1 0
    outer loop
      vertex -63.5 105 3
      vertex -60.2135 105 26.5555
      vertex -60.3706 105 26.8494
    endloop
  endfacet
  facet normal 0 -1 -0
    outer loop
      vertex -60.5 105 27.5
      vertex -63.5 105 3
      vertex -60.4673 105 27.1683
    endloop
  endfacet
  facet normal 0 -1 0
    outer loop
      vertex -63.5 105 3
      vertex -60.3706 105 26.8494
      vertex -60.4673 105 27.1683
    endloop
  endfacet
  facet normal 0 -1 -0
    outer loop
      vertex -59.1317 105 25.8327
      vertex -63.5 105 3
      vertex -53 105 6
    endloop
  endfacet
  facet normal 0 -1 -0
    outer loop
      vertex -53 105 6
      vertex -63.5 105 3
      vertex -53 105 3
    endloop
  endfacet
  facet normal 0 -1 0
    outer loop
      vertex 44.5 105 41.8
      vertex 63.5 105 55
      vertex -34.5 105 41.8
    endloop
  endfacet
  facet normal 0 -1 0
    outer loop
      vertex 58.8 105 29.2
      vertex 63.5 105 55
      vertex 44.5 105 41.8
    endloop
  endfacet
  facet normal 0 -1 0
    outer loop
      vertex 59.1317 105 29.1673
      vertex 63.5 105 55
      vertex 58.8 105 29.2
    endloop
  endfacet
  facet normal 0 -1 0
    outer loop
      vertex 59.4506 105 29.0706
      vertex 63.5 105 55
      vertex 59.1317 105 29.1673
    endloop
  endfacet
  facet normal 0 -1 0
    outer loop
      vertex 59.7445 105 28.9135
      vertex 63.5 105 55
      vertex 59.4506 105 29.0706
    endloop
  endfacet
  facet normal 0 -1 0
    outer loop
      vertex 60.0021 105 28.7021
      vertex 63.5 105 55
      vertex 59.7445 105 28.9135
    endloop
  endfacet
  facet normal 0 -1 0
    outer loop
      vertex 60.2135 105 28.4445
      vertex 63.5 105 55
      vertex 60.0021 105 28.7021
    endloop
  endfacet
  facet normal 0 -1 0
    outer loop
      vertex 60.3706 105 28.1506
      vertex 63.5 105 55
      vertex 60.2135 105 28.4445
    endloop
  endfacet
  facet normal 0 -1 0
    outer loop
      vertex 60.4673 105 27.8317
      vertex 63.5 105 55
      vertex 60.3706 105 28.1506
    endloop
  endfacet
  facet normal 0 -1 0
    outer loop
      vertex 60.5 105 27.5
      vertex 63.5 105 55
      vertex 60.4673 105 27.8317
    endloop
  endfacet
  facet normal 0 -1 0
    outer loop
      vertex 63.5 105 3
      vertex 60.5 105 27.5
      vertex 60.4673 105 27.1683
    endloop
  endfacet
  facet normal 0 -1 -0
    outer loop
      vertex 58.4683 105 25.8327
      vertex 53 105 6
      vertex 58.8 105 25.8
    endloop
  endfacet
  facet normal 0 -1 -0
    outer loop
      vertex 58.8 105 25.8
      vertex 53 105 6
      vertex 59.1317 105 25.8327
    endloop
  endfacet
  facet normal 0 -1 0
    outer loop
      vertex 63.5 105 3
      vertex 59.1317 105 25.8327
      vertex 53 105 6
    endloop
  endfacet
  facet normal 0 -1 0
    outer loop
      vertex -34.5 105 17.8
      vertex 53 105 6
      vertex 44.5 105 17.8
    endloop
  endfacet
  facet normal 0 -1 0
    outer loop
      vertex 59.1317 105 25.8327
      vertex 63.5 105 3
      vertex 59.4506 105 25.9294
    endloop
  endfacet
  facet normal 0 -1 0
    outer loop
      vertex 59.4506 105 25.9294
      vertex 63.5 105 3
      vertex 59.7445 105 26.0865
    endloop
  endfacet
  facet normal 0 -1 0
    outer loop
      vertex 59.7445 105 26.0865
      vertex 63.5 105 3
      vertex 60.0021 105 26.2979
    endloop
  endfacet
  facet normal 0 -1 0
    outer loop
      vertex 60.0021 105 26.2979
      vertex 63.5 105 3
      vertex 60.2135 105 26.5555
    endloop
  endfacet
  facet normal 0 -1 0
    outer loop
      vertex 63.5 105 3
      vertex 53 105 6
      vertex 53 105 3
    endloop
  endfacet
  facet normal 0 -1 0
    outer loop
      vertex 60.5 105 27.5
      vertex 63.5 105 3
      vertex 63.5 105 55
    endloop
  endfacet
  facet normal 0 -1 0
    outer loop
      vertex 60.3706 105 26.8494
      vertex 63.5 105 3
      vertex 60.4673 105 27.1683
    endloop
  endfacet
  facet normal 0 -1 0
    outer loop
      vertex 60.2135 105 26.5555
      vertex 63.5 105 3
      vertex 60.3706 105 26.8494
    endloop
  endfacet
  facet normal 0 -1 0
    outer loop
      vertex -58.1494 105 29.0706
      vertex -63.5 105 55
      vertex -58.4683 105 29.1673
    endloop
  endfacet
  facet normal 0 -1 0
    outer loop
      vertex -63.5 105 55
      vertex -58.1494 105 29.0706
      vertex -34.5 105 41.8
    endloop
  endfacet
  facet normal 0 -1 0
    outer loop
      vertex -57.8555 105 28.9135
      vertex -34.5 105 41.8
      vertex -58.1494 105 29.0706
    endloop
  endfacet
  facet normal 0 -1 0
    outer loop
      vertex -57.5979 105 28.7021
      vertex -34.5 105 41.8
      vertex -57.8555 105 28.9135
    endloop
  endfacet
  facet normal 0 -1 0
    outer loop
      vertex -57.3865 105 28.4445
      vertex -34.5 105 41.8
      vertex -57.5979 105 28.7021
    endloop
  endfacet
  facet normal 0 -1 0
    outer loop
      vertex -57.2294 105 28.1506
      vertex -34.5 105 41.8
      vertex -57.3865 105 28.4445
    endloop
  endfacet
  facet normal 0 -1 0
    outer loop
      vertex -57.1327 105 27.8317
      vertex -34.5 105 41.8
      vertex -57.2294 105 28.1506
    endloop
  endfacet
  facet normal 0 -1 0
    outer loop
      vertex -34.5 105 17.8
      vertex -57.1327 105 27.8317
      vertex -57.1 105 27.5
    endloop
  endfacet
  facet normal 0 -1 0
    outer loop
      vertex -34.5 105 17.8
      vertex -57.1 105 27.5
      vertex -57.1327 105 27.1683
    endloop
  endfacet
  facet normal 0 -1 0
    outer loop
      vertex -34.5 105 17.8
      vertex -57.1327 105 27.1683
      vertex -57.2294 105 26.8494
    endloop
  endfacet
  facet normal 0 -1 0
    outer loop
      vertex -34.5 105 17.8
      vertex -57.2294 105 26.8494
      vertex -57.3865 105 26.5555
    endloop
  endfacet
  facet normal 0 -1 0
    outer loop
      vertex -34.5 105 17.8
      vertex -57.3865 105 26.5555
      vertex -57.5979 105 26.2979
    endloop
  endfacet
  facet normal 0 -1 0
    outer loop
      vertex -34.5 105 17.8
      vertex -57.5979 105 26.2979
      vertex -57.8555 105 26.0865
    endloop
  endfacet
  facet normal 0 -1 0
    outer loop
      vertex -57.1327 105 27.8317
      vertex -34.5 105 17.8
      vertex -34.5 105 41.8
    endloop
  endfacet
  facet normal 0 -1 0
    outer loop
      vertex -58.1494 105 25.9294
      vertex -34.5 105 17.8
      vertex -57.8555 105 26.0865
    endloop
  endfacet
  facet normal 0 -1 0
    outer loop
      vertex -58.4683 105 25.8327
      vertex -34.5 105 17.8
      vertex -58.1494 105 25.9294
    endloop
  endfacet
  facet normal 0 -1 0
    outer loop
      vertex -34.5 105 17.8
      vertex -58.4683 105 25.8327
      vertex -58.8 105 25.8
    endloop
  endfacet
  facet normal -0.995176 0 -0.0981075
    outer loop
      vertex -57.1 105 27.5
      vertex -57.1327 108 27.8317
      vertex -57.1 108 27.5
    endloop
  endfacet
  facet normal -0.995176 -0 -0.0981075
    outer loop
      vertex -57.1327 108 27.8317
      vertex -57.1 105 27.5
      vertex -57.1327 105 27.8317
    endloop
  endfacet
  facet normal -0.956971 0 -0.290182
    outer loop
      vertex -57.1327 105 27.8317
      vertex -57.2294 108 28.1506
      vertex -57.1327 108 27.8317
    endloop
  endfacet
  facet normal -0.956971 -0 -0.290182
    outer loop
      vertex -57.2294 108 28.1506
      vertex -57.1327 105 27.8317
      vertex -57.2294 105 28.1506
    endloop
  endfacet
  facet normal 0.0981075 4.51503e-19 -0.995176
    outer loop
      vertex -59.1317 105 29.1673
      vertex -58.8 108 29.2
      vertex -58.8 105 29.2
    endloop
  endfacet
  facet normal 0.0981075 4.51503e-19 -0.995176
    outer loop
      vertex -58.8 108 29.2
      vertex -59.1317 105 29.1673
      vertex -59.1317 108 29.1673
    endloop
  endfacet
  facet normal -0.634381 -1.66405e-18 -0.773021
    outer loop
      vertex -57.8555 105 28.9135
      vertex -57.5979 108 28.7021
      vertex -57.5979 105 28.7021
    endloop
  endfacet
  facet normal -0.634381 -1.66405e-18 -0.773021
    outer loop
      vertex -57.5979 108 28.7021
      vertex -57.8555 105 28.9135
      vertex -57.8555 108 28.9135
    endloop
  endfacet
  facet normal 0.773021 0 -0.634381
    outer loop
      vertex -60.0021 105 28.7021
      vertex -60.2135 108 28.4445
      vertex -60.0021 108 28.7021
    endloop
  endfacet
  facet normal 0.773021 0 -0.634381
    outer loop
      vertex -60.2135 108 28.4445
      vertex -60.0021 105 28.7021
      vertex -60.2135 105 28.4445
    endloop
  endfacet
  facet normal 0.471413 -2.46376e-18 -0.881912
    outer loop
      vertex -59.7445 105 28.9135
      vertex -59.4506 108 29.0706
      vertex -59.4506 105 29.0706
    endloop
  endfacet
  facet normal 0.471413 -2.46376e-18 -0.881912
    outer loop
      vertex -59.4506 108 29.0706
      vertex -59.7445 105 28.9135
      vertex -59.7445 108 28.9135
    endloop
  endfacet
  facet normal -0.881912 0 -0.471413
    outer loop
      vertex -57.2294 105 28.1506
      vertex -57.3865 108 28.4445
      vertex -57.2294 108 28.1506
    endloop
  endfacet
  facet normal -0.881912 -0 -0.471413
    outer loop
      vertex -57.3865 108 28.4445
      vertex -57.2294 105 28.1506
      vertex -57.3865 105 28.4445
    endloop
  endfacet
  facet normal -0.290182 1.45731e-18 -0.956971
    outer loop
      vertex -58.4683 105 29.1673
      vertex -58.1494 108 29.0706
      vertex -58.1494 105 29.0706
    endloop
  endfacet
  facet normal -0.290182 1.45731e-18 -0.956971
    outer loop
      vertex -58.1494 108 29.0706
      vertex -58.4683 105 29.1673
      vertex -58.4683 108 29.1673
    endloop
  endfacet
  facet normal -0.471413 2.46376e-18 -0.881912
    outer loop
      vertex -58.1494 105 29.0706
      vertex -57.8555 108 28.9135
      vertex -57.8555 105 28.9135
    endloop
  endfacet
  facet normal -0.471413 2.46376e-18 -0.881912
    outer loop
      vertex -57.8555 108 28.9135
      vertex -58.1494 105 29.0706
      vertex -58.1494 108 29.0706
    endloop
  endfacet
  facet normal 0.956971 0 -0.290182
    outer loop
      vertex -60.3706 105 28.1506
      vertex -60.4673 108 27.8317
      vertex -60.3706 108 28.1506
    endloop
  endfacet
  facet normal 0.956971 0 -0.290182
    outer loop
      vertex -60.4673 108 27.8317
      vertex -60.3706 105 28.1506
      vertex -60.4673 105 27.8317
    endloop
  endfacet
  facet normal 0.881912 0 -0.471413
    outer loop
      vertex -60.2135 105 28.4445
      vertex -60.3706 108 28.1506
      vertex -60.2135 108 28.4445
    endloop
  endfacet
  facet normal 0.881912 0 -0.471413
    outer loop
      vertex -60.3706 108 28.1506
      vertex -60.2135 105 28.4445
      vertex -60.3706 105 28.1506
    endloop
  endfacet
  facet normal 0.290182 -1.45731e-18 -0.956971
    outer loop
      vertex -59.4506 105 29.0706
      vertex -59.1317 108 29.1673
      vertex -59.1317 105 29.1673
    endloop
  endfacet
  facet normal 0.290182 -1.45731e-18 -0.956971
    outer loop
      vertex -59.1317 108 29.1673
      vertex -59.4506 105 29.0706
      vertex -59.4506 108 29.0706
    endloop
  endfacet
  facet normal -0.995176 0 0.0981075
    outer loop
      vertex -57.1327 105 27.1683
      vertex -57.1 108 27.5
      vertex -57.1327 108 27.1683
    endloop
  endfacet
  facet normal -0.995176 0 0.0981075
    outer loop
      vertex -57.1 108 27.5
      vertex -57.1327 105 27.1683
      vertex -57.1 105 27.5
    endloop
  endfacet
  facet normal -0.0981075 3.46463e-19 0.995176
    outer loop
      vertex -58.8 108 25.8
      vertex -58.4683 105 25.8327
      vertex -58.4683 108 25.8327
    endloop
  endfacet
  facet normal -0.0981075 3.46463e-19 0.995176
    outer loop
      vertex -58.4683 105 25.8327
      vertex -58.8 108 25.8
      vertex -58.8 105 25.8
    endloop
  endfacet
  facet normal -0.471413 -2.46376e-18 0.881912
    outer loop
      vertex -58.1494 108 25.9294
      vertex -57.8555 105 26.0865
      vertex -57.8555 108 26.0865
    endloop
  endfacet
  facet normal -0.471413 -2.46376e-18 0.881912
    outer loop
      vertex -57.8555 105 26.0865
      vertex -58.1494 108 25.9294
      vertex -58.1494 105 25.9294
    endloop
  endfacet
  facet normal -0.773021 0 -0.634381
    outer loop
      vertex -57.3865 105 28.4445
      vertex -57.5979 108 28.7021
      vertex -57.3865 108 28.4445
    endloop
  endfacet
  facet normal -0.773021 -0 -0.634381
    outer loop
      vertex -57.5979 108 28.7021
      vertex -57.3865 105 28.4445
      vertex -57.5979 105 28.7021
    endloop
  endfacet
  facet normal -0.0981075 -3.46463e-19 -0.995176
    outer loop
      vertex -58.8 105 29.2
      vertex -58.4683 108 29.1673
      vertex -58.4683 105 29.1673
    endloop
  endfacet
  facet normal -0.0981075 -3.46463e-19 -0.995176
    outer loop
      vertex -58.4683 108 29.1673
      vertex -58.8 105 29.2
      vertex -58.8 108 29.2
    endloop
  endfacet
  facet normal 0.995176 0 -0.0981075
    outer loop
      vertex -60.4673 105 27.8317
      vertex -60.5 108 27.5
      vertex -60.4673 108 27.8317
    endloop
  endfacet
  facet normal 0.995176 0 -0.0981075
    outer loop
      vertex -60.5 108 27.5
      vertex -60.4673 105 27.8317
      vertex -60.5 105 27.5
    endloop
  endfacet
  facet normal 0.995176 -0 0.0981075
    outer loop
      vertex -60.5 105 27.5
      vertex -60.4673 108 27.1683
      vertex -60.5 108 27.5
    endloop
  endfacet
  facet normal 0.995176 0 0.0981075
    outer loop
      vertex -60.4673 108 27.1683
      vertex -60.5 105 27.5
      vertex -60.4673 105 27.1683
    endloop
  endfacet
  facet normal 0.634381 1.66405e-18 -0.773021
    outer loop
      vertex -60.0021 105 28.7021
      vertex -59.7445 108 28.9135
      vertex -59.7445 105 28.9135
    endloop
  endfacet
  facet normal 0.634381 1.66405e-18 -0.773021
    outer loop
      vertex -59.7445 108 28.9135
      vertex -60.0021 105 28.7021
      vertex -60.0021 108 28.7021
    endloop
  endfacet
  facet normal -0.634381 1.66405e-18 0.773021
    outer loop
      vertex -57.8555 108 26.0865
      vertex -57.5979 105 26.2979
      vertex -57.5979 108 26.2979
    endloop
  endfacet
  facet normal -0.634381 1.66405e-18 0.773021
    outer loop
      vertex -57.5979 105 26.2979
      vertex -57.8555 108 26.0865
      vertex -57.8555 105 26.0865
    endloop
  endfacet
  facet normal 0.471413 2.46376e-18 0.881912
    outer loop
      vertex -59.7445 108 26.0865
      vertex -59.4506 105 25.9294
      vertex -59.4506 108 25.9294
    endloop
  endfacet
  facet normal 0.471413 2.46376e-18 0.881912
    outer loop
      vertex -59.4506 105 25.9294
      vertex -59.7445 108 26.0865
      vertex -59.7445 105 26.0865
    endloop
  endfacet
  facet normal 0.773021 -0 0.634381
    outer loop
      vertex -60.2135 105 26.5555
      vertex -60.0021 108 26.2979
      vertex -60.2135 108 26.5555
    endloop
  endfacet
  facet normal 0.773021 0 0.634381
    outer loop
      vertex -60.0021 108 26.2979
      vertex -60.2135 105 26.5555
      vertex -60.0021 105 26.2979
    endloop
  endfacet
  facet normal 0.881912 -0 0.471413
    outer loop
      vertex -60.3706 105 26.8494
      vertex -60.2135 108 26.5555
      vertex -60.3706 108 26.8494
    endloop
  endfacet
  facet normal 0.881912 0 0.471413
    outer loop
      vertex -60.2135 108 26.5555
      vertex -60.3706 105 26.8494
      vertex -60.2135 105 26.5555
    endloop
  endfacet
  facet normal 0.634381 -1.66405e-18 0.773021
    outer loop
      vertex -60.0021 108 26.2979
      vertex -59.7445 105 26.0865
      vertex -59.7445 108 26.0865
    endloop
  endfacet
  facet normal 0.634381 -1.66405e-18 0.773021
    outer loop
      vertex -59.7445 105 26.0865
      vertex -60.0021 108 26.2979
      vertex -60.0021 105 26.2979
    endloop
  endfacet
  facet normal 0.956971 -0 0.290182
    outer loop
      vertex -60.4673 105 27.1683
      vertex -60.3706 108 26.8494
      vertex -60.4673 108 27.1683
    endloop
  endfacet
  facet normal 0.956971 0 0.290182
    outer loop
      vertex -60.3706 108 26.8494
      vertex -60.4673 105 27.1683
      vertex -60.3706 105 26.8494
    endloop
  endfacet
  facet normal -0.290182 -1.45731e-18 0.956971
    outer loop
      vertex -58.4683 108 25.8327
      vertex -58.1494 105 25.9294
      vertex -58.1494 108 25.9294
    endloop
  endfacet
  facet normal -0.290182 -1.45731e-18 0.956971
    outer loop
      vertex -58.1494 105 25.9294
      vertex -58.4683 108 25.8327
      vertex -58.4683 105 25.8327
    endloop
  endfacet
  facet normal -0.881912 0 0.471413
    outer loop
      vertex -57.3865 105 26.5555
      vertex -57.2294 108 26.8494
      vertex -57.3865 108 26.5555
    endloop
  endfacet
  facet normal -0.881912 0 0.471413
    outer loop
      vertex -57.2294 108 26.8494
      vertex -57.3865 105 26.5555
      vertex -57.2294 105 26.8494
    endloop
  endfacet
  facet normal -0.956971 0 0.290182
    outer loop
      vertex -57.2294 105 26.8494
      vertex -57.1327 108 27.1683
      vertex -57.2294 108 26.8494
    endloop
  endfacet
  facet normal -0.956971 0 0.290182
    outer loop
      vertex -57.1327 108 27.1683
      vertex -57.2294 105 26.8494
      vertex -57.1327 105 27.1683
    endloop
  endfacet
  facet normal -0.773021 0 0.634381
    outer loop
      vertex -57.5979 105 26.2979
      vertex -57.3865 108 26.5555
      vertex -57.5979 108 26.2979
    endloop
  endfacet
  facet normal -0.773021 0 0.634381
    outer loop
      vertex -57.3865 108 26.5555
      vertex -57.5979 105 26.2979
      vertex -57.3865 105 26.5555
    endloop
  endfacet
  facet normal 0.290182 1.45731e-18 0.956971
    outer loop
      vertex -59.4506 108 25.9294
      vertex -59.1317 105 25.8327
      vertex -59.1317 108 25.8327
    endloop
  endfacet
  facet normal 0.290182 1.45731e-18 0.956971
    outer loop
      vertex -59.1317 105 25.8327
      vertex -59.4506 108 25.9294
      vertex -59.4506 105 25.9294
    endloop
  endfacet
  facet normal 0.0981075 -4.51503e-19 0.995176
    outer loop
      vertex -59.1317 108 25.8327
      vertex -58.8 105 25.8
      vertex -58.8 108 25.8
    endloop
  endfacet
  facet normal 0.0981075 -4.51503e-19 0.995176
    outer loop
      vertex -58.8 105 25.8
      vertex -59.1317 108 25.8327
      vertex -59.1317 105 25.8327
    endloop
  endfacet
  facet normal -0.995176 0 -0.0981075
    outer loop
      vertex 60.5 105 27.5
      vertex 60.4673 108 27.8317
      vertex 60.5 108 27.5
    endloop
  endfacet
  facet normal -0.995176 -0 -0.0981075
    outer loop
      vertex 60.4673 108 27.8317
      vertex 60.5 105 27.5
      vertex 60.4673 105 27.8317
    endloop
  endfacet
  facet normal -0.956971 0 -0.290182
    outer loop
      vertex 60.4673 105 27.8317
      vertex 60.3706 108 28.1506
      vertex 60.4673 108 27.8317
    endloop
  endfacet
  facet normal -0.956971 -0 -0.290182
    outer loop
      vertex 60.3706 108 28.1506
      vertex 60.4673 105 27.8317
      vertex 60.3706 105 28.1506
    endloop
  endfacet
  facet normal 0.0981075 3.46463e-19 -0.995176
    outer loop
      vertex 58.4683 105 29.1673
      vertex 58.8 108 29.2
      vertex 58.8 105 29.2
    endloop
  endfacet
  facet normal 0.0981075 3.46463e-19 -0.995176
    outer loop
      vertex 58.8 108 29.2
      vertex 58.4683 105 29.1673
      vertex 58.4683 108 29.1673
    endloop
  endfacet
  facet normal -0.634381 -1.66405e-18 -0.773021
    outer loop
      vertex 59.7445 105 28.9135
      vertex 60.0021 108 28.7021
      vertex 60.0021 105 28.7021
    endloop
  endfacet
  facet normal -0.634381 -1.66405e-18 -0.773021
    outer loop
      vertex 60.0021 108 28.7021
      vertex 59.7445 105 28.9135
      vertex 59.7445 108 28.9135
    endloop
  endfacet
  facet normal 0.773021 0 -0.634381
    outer loop
      vertex 57.5979 105 28.7021
      vertex 57.3865 108 28.4445
      vertex 57.5979 108 28.7021
    endloop
  endfacet
  facet normal 0.773021 0 -0.634381
    outer loop
      vertex 57.3865 108 28.4445
      vertex 57.5979 105 28.7021
      vertex 57.3865 105 28.4445
    endloop
  endfacet
  facet normal 0.471413 -2.46376e-18 -0.881912
    outer loop
      vertex 57.8555 105 28.9135
      vertex 58.1494 108 29.0706
      vertex 58.1494 105 29.0706
    endloop
  endfacet
  facet normal 0.471413 -2.46376e-18 -0.881912
    outer loop
      vertex 58.1494 108 29.0706
      vertex 57.8555 105 28.9135
      vertex 57.8555 108 28.9135
    endloop
  endfacet
  facet normal -0.881912 0 -0.471413
    outer loop
      vertex 60.3706 105 28.1506
      vertex 60.2135 108 28.4445
      vertex 60.3706 108 28.1506
    endloop
  endfacet
  facet normal -0.881912 -0 -0.471413
    outer loop
      vertex 60.2135 108 28.4445
      vertex 60.3706 105 28.1506
      vertex 60.2135 105 28.4445
    endloop
  endfacet
  facet normal -0.290182 1.45731e-18 -0.956971
    outer loop
      vertex 59.1317 105 29.1673
      vertex 59.4506 108 29.0706
      vertex 59.4506 105 29.0706
    endloop
  endfacet
  facet normal -0.290182 1.45731e-18 -0.956971
    outer loop
      vertex 59.4506 108 29.0706
      vertex 59.1317 105 29.1673
      vertex 59.1317 108 29.1673
    endloop
  endfacet
  facet normal -0.471413 2.46376e-18 -0.881912
    outer loop
      vertex 59.4506 105 29.0706
      vertex 59.7445 108 28.9135
      vertex 59.7445 105 28.9135
    endloop
  endfacet
  facet normal -0.471413 2.46376e-18 -0.881912
    outer loop
      vertex 59.7445 108 28.9135
      vertex 59.4506 105 29.0706
      vertex 59.4506 108 29.0706
    endloop
  endfacet
  facet normal 0.956971 0 -0.290182
    outer loop
      vertex 57.2294 105 28.1506
      vertex 57.1327 108 27.8317
      vertex 57.2294 108 28.1506
    endloop
  endfacet
  facet normal 0.956971 0 -0.290182
    outer loop
      vertex 57.1327 108 27.8317
      vertex 57.2294 105 28.1506
      vertex 57.1327 105 27.8317
    endloop
  endfacet
  facet normal 0.881912 0 -0.471413
    outer loop
      vertex 57.3865 105 28.4445
      vertex 57.2294 108 28.1506
      vertex 57.3865 108 28.4445
    endloop
  endfacet
  facet normal 0.881912 0 -0.471413
    outer loop
      vertex 57.2294 108 28.1506
      vertex 57.3865 105 28.4445
      vertex 57.2294 105 28.1506
    endloop
  endfacet
  facet normal 0.290182 -1.45731e-18 -0.956971
    outer loop
      vertex 58.1494 105 29.0706
      vertex 58.4683 108 29.1673
      vertex 58.4683 105 29.1673
    endloop
  endfacet
  facet normal 0.290182 -1.45731e-18 -0.956971
    outer loop
      vertex 58.4683 108 29.1673
      vertex 58.1494 105 29.0706
      vertex 58.1494 108 29.0706
    endloop
  endfacet
  facet normal -0.995176 0 0.0981075
    outer loop
      vertex 60.4673 105 27.1683
      vertex 60.5 108 27.5
      vertex 60.4673 108 27.1683
    endloop
  endfacet
  facet normal -0.995176 0 0.0981075
    outer loop
      vertex 60.5 108 27.5
      vertex 60.4673 105 27.1683
      vertex 60.5 105 27.5
    endloop
  endfacet
  facet normal -0.290182 -1.45731e-18 0.956971
    outer loop
      vertex 59.1317 108 25.8327
      vertex 59.4506 105 25.9294
      vertex 59.4506 108 25.9294
    endloop
  endfacet
  facet normal -0.290182 -1.45731e-18 0.956971
    outer loop
      vertex 59.4506 105 25.9294
      vertex 59.1317 108 25.8327
      vertex 59.1317 105 25.8327
    endloop
  endfacet
  facet normal -0.471413 -2.46376e-18 0.881912
    outer loop
      vertex 59.4506 108 25.9294
      vertex 59.7445 105 26.0865
      vertex 59.7445 108 26.0865
    endloop
  endfacet
  facet normal -0.471413 -2.46376e-18 0.881912
    outer loop
      vertex 59.7445 105 26.0865
      vertex 59.4506 108 25.9294
      vertex 59.4506 105 25.9294
    endloop
  endfacet
  facet normal -0.773021 0 -0.634381
    outer loop
      vertex 60.2135 105 28.4445
      vertex 60.0021 108 28.7021
      vertex 60.2135 108 28.4445
    endloop
  endfacet
  facet normal -0.773021 -0 -0.634381
    outer loop
      vertex 60.0021 108 28.7021
      vertex 60.2135 105 28.4445
      vertex 60.0021 105 28.7021
    endloop
  endfacet
  facet normal -0.0981075 -4.51503e-19 -0.995176
    outer loop
      vertex 58.8 105 29.2
      vertex 59.1317 108 29.1673
      vertex 59.1317 105 29.1673
    endloop
  endfacet
  facet normal -0.0981075 -4.51503e-19 -0.995176
    outer loop
      vertex 59.1317 108 29.1673
      vertex 58.8 105 29.2
      vertex 58.8 108 29.2
    endloop
  endfacet
  facet normal 0.995176 0 -0.0981075
    outer loop
      vertex 57.1327 105 27.8317
      vertex 57.1 108 27.5
      vertex 57.1327 108 27.8317
    endloop
  endfacet
  facet normal 0.995176 0 -0.0981075
    outer loop
      vertex 57.1 108 27.5
      vertex 57.1327 105 27.8317
      vertex 57.1 105 27.5
    endloop
  endfacet
  facet normal 0.995176 -0 0.0981075
    outer loop
      vertex 57.1 105 27.5
      vertex 57.1327 108 27.1683
      vertex 57.1 108 27.5
    endloop
  endfacet
  facet normal 0.995176 0 0.0981075
    outer loop
      vertex 57.1327 108 27.1683
      vertex 57.1 105 27.5
      vertex 57.1327 105 27.1683
    endloop
  endfacet
  facet normal 0.634381 1.66405e-18 -0.773021
    outer loop
      vertex 57.5979 105 28.7021
      vertex 57.8555 108 28.9135
      vertex 57.8555 105 28.9135
    endloop
  endfacet
  facet normal 0.634381 1.66405e-18 -0.773021
    outer loop
      vertex 57.8555 108 28.9135
      vertex 57.5979 105 28.7021
      vertex 57.5979 108 28.7021
    endloop
  endfacet
  facet normal -0.634381 1.66405e-18 0.773021
    outer loop
      vertex 59.7445 108 26.0865
      vertex 60.0021 105 26.2979
      vertex 60.0021 108 26.2979
    endloop
  endfacet
  facet normal -0.634381 1.66405e-18 0.773021
    outer loop
      vertex 60.0021 105 26.2979
      vertex 59.7445 108 26.0865
      vertex 59.7445 105 26.0865
    endloop
  endfacet
  facet normal 0.773021 -0 0.634381
    outer loop
      vertex 57.3865 105 26.5555
      vertex 57.5979 108 26.2979
      vertex 57.3865 108 26.5555
    endloop
  endfacet
  facet normal 0.773021 0 0.634381
    outer loop
      vertex 57.5979 108 26.2979
      vertex 57.3865 105 26.5555
      vertex 57.5979 105 26.2979
    endloop
  endfacet
  facet normal 0.881912 -0 0.471413
    outer loop
      vertex 57.2294 105 26.8494
      vertex 57.3865 108 26.5555
      vertex 57.2294 108 26.8494
    endloop
  endfacet
  facet normal 0.881912 0 0.471413
    outer loop
      vertex 57.3865 108 26.5555
      vertex 57.2294 105 26.8494
      vertex 57.3865 105 26.5555
    endloop
  endfacet
  facet normal 0.634381 -1.66405e-18 0.773021
    outer loop
      vertex 57.5979 108 26.2979
      vertex 57.8555 105 26.0865
      vertex 57.8555 108 26.0865
    endloop
  endfacet
  facet normal 0.634381 -1.66405e-18 0.773021
    outer loop
      vertex 57.8555 105 26.0865
      vertex 57.5979 108 26.2979
      vertex 57.5979 105 26.2979
    endloop
  endfacet
  facet normal 0.956971 -0 0.290182
    outer loop
      vertex 57.1327 105 27.1683
      vertex 57.2294 108 26.8494
      vertex 57.1327 108 27.1683
    endloop
  endfacet
  facet normal 0.956971 0 0.290182
    outer loop
      vertex 57.2294 108 26.8494
      vertex 57.1327 105 27.1683
      vertex 57.2294 105 26.8494
    endloop
  endfacet
  facet normal -0.0981075 4.51503e-19 0.995176
    outer loop
      vertex 58.8 108 25.8
      vertex 59.1317 105 25.8327
      vertex 59.1317 108 25.8327
    endloop
  endfacet
  facet normal -0.0981075 4.51503e-19 0.995176
    outer loop
      vertex 59.1317 105 25.8327
      vertex 58.8 108 25.8
      vertex 58.8 105 25.8
    endloop
  endfacet
  facet normal -0.881912 0 0.471413
    outer loop
      vertex 60.2135 105 26.5555
      vertex 60.3706 108 26.8494
      vertex 60.2135 108 26.5555
    endloop
  endfacet
  facet normal -0.881912 0 0.471413
    outer loop
      vertex 60.3706 108 26.8494
      vertex 60.2135 105 26.5555
      vertex 60.3706 105 26.8494
    endloop
  endfacet
  facet normal -0.956971 0 0.290182
    outer loop
      vertex 60.3706 105 26.8494
      vertex 60.4673 108 27.1683
      vertex 60.3706 108 26.8494
    endloop
  endfacet
  facet normal -0.956971 0 0.290182
    outer loop
      vertex 60.4673 108 27.1683
      vertex 60.3706 105 26.8494
      vertex 60.4673 105 27.1683
    endloop
  endfacet
  facet normal 0.0981075 -3.46463e-19 0.995176
    outer loop
      vertex 58.4683 108 25.8327
      vertex 58.8 105 25.8
      vertex 58.8 108 25.8
    endloop
  endfacet
  facet normal 0.0981075 -3.46463e-19 0.995176
    outer loop
      vertex 58.8 105 25.8
      vertex 58.4683 108 25.8327
      vertex 58.4683 105 25.8327
    endloop
  endfacet
  facet normal 0.471413 2.46376e-18 0.881912
    outer loop
      vertex 57.8555 108 26.0865
      vertex 58.1494 105 25.9294
      vertex 58.1494 108 25.9294
    endloop
  endfacet
  facet normal 0.471413 2.46376e-18 0.881912
    outer loop
      vertex 58.1494 105 25.9294
      vertex 57.8555 108 26.0865
      vertex 57.8555 105 26.0865
    endloop
  endfacet
  facet normal -0.773021 0 0.634381
    outer loop
      vertex 60.0021 105 26.2979
      vertex 60.2135 108 26.5555
      vertex 60.0021 108 26.2979
    endloop
  endfacet
  facet normal -0.773021 0 0.634381
    outer loop
      vertex 60.2135 108 26.5555
      vertex 60.0021 105 26.2979
      vertex 60.2135 105 26.5555
    endloop
  endfacet
  facet normal 0.290182 1.45731e-18 0.956971
    outer loop
      vertex 58.1494 108 25.9294
      vertex 58.4683 105 25.8327
      vertex 58.4683 108 25.8327
    endloop
  endfacet
  facet normal 0.290182 1.45731e-18 0.956971
    outer loop
      vertex 58.4683 105 25.8327
      vertex 58.1494 108 25.9294
      vertex 58.1494 105 25.9294
    endloop
  endfacet
  facet normal -0.996191 -0.0872006 -4.3052e-19
    outer loop
      vertex -45.5 1 5.2
      vertex -45.5228 1.26047 9
      vertex -45.5228 1.26047 5.2
    endloop
  endfacet
  facet normal -0.996191 -0.0872006 -4.3052e-19
    outer loop
      vertex -45.5228 1.26047 9
      vertex -45.5 1 5.2
      vertex -45.5 1 9
    endloop
  endfacet
  facet normal 0.996191 -0.0872006 4.3052e-19
    outer loop
      vertex -48.5 1 9
      vertex -48.4772 1.26047 5.2
      vertex -48.4772 1.26047 9
    endloop
  endfacet
  facet normal 0.996191 -0.0872006 4.3052e-19
    outer loop
      vertex -48.4772 1.26047 5.2
      vertex -48.5 1 9
      vertex -48.5 1 5.2
    endloop
  endfacet
  facet normal -0.0871527 -0.996195 0
    outer loop
      vertex -47 2.5 5.2
      vertex -46.7395 2.47721 9
      vertex -47 2.5 9
    endloop
  endfacet
  facet normal -0.0871527 -0.996195 -0
    outer loop
      vertex -46.7395 2.47721 9
      vertex -47 2.5 5.2
      vertex -46.7395 2.47721 5.2
    endloop
  endfacet
  facet normal 0.0871489 0.996195 -0
    outer loop
      vertex -47 -0.5 5.2
      vertex -47.2605 -0.477211 9
      vertex -47 -0.5 9
    endloop
  endfacet
  facet normal 0.0871489 0.996195 0
    outer loop
      vertex -47.2605 -0.477211 9
      vertex -47 -0.5 5.2
      vertex -47.2605 -0.477211 5.2
    endloop
  endfacet
  facet normal -0.707088 -0.707126 0
    outer loop
      vertex -46.0358 2.14907 5.2
      vertex -45.8509 1.96418 9
      vertex -46.0358 2.14907 9
    endloop
  endfacet
  facet normal -0.707088 -0.707126 -0
    outer loop
      vertex -45.8509 1.96418 9
      vertex -46.0358 2.14907 5.2
      vertex -45.8509 1.96418 5.2
    endloop
  endfacet
  facet normal 0.573539 -0.819178 0
    outer loop
      vertex -47.9642 2.14907 5.2
      vertex -47.75 2.29904 9
      vertex -47.9642 2.14907 9
    endloop
  endfacet
  facet normal 0.573539 -0.819178 0
    outer loop
      vertex -47.75 2.29904 9
      vertex -47.9642 2.14907 5.2
      vertex -47.75 2.29904 5.2
    endloop
  endfacet
  facet normal 0.258865 -0.965914 0
    outer loop
      vertex -47.513 2.40954 5.2
      vertex -47.2605 2.47721 9
      vertex -47.513 2.40954 9
    endloop
  endfacet
  facet normal 0.258865 -0.965914 0
    outer loop
      vertex -47.2605 2.47721 9
      vertex -47.513 2.40954 5.2
      vertex -47.2605 2.47721 5.2
    endloop
  endfacet
  facet normal -0.906309 -0.422615 8.1159e-19
    outer loop
      vertex -45.5905 1.51303 5.2
      vertex -45.701 1.75 9
      vertex -45.701 1.75 5.2
    endloop
  endfacet
  facet normal -0.906309 -0.422615 8.1159e-19
    outer loop
      vertex -45.701 1.75 9
      vertex -45.5905 1.51303 5.2
      vertex -45.5905 1.51303 9
    endloop
  endfacet
  facet normal -0.9659 -0.258915 1.07072e-18
    outer loop
      vertex -45.5228 1.26047 5.2
      vertex -45.5905 1.51303 9
      vertex -45.5905 1.51303 5.2
    endloop
  endfacet
  facet normal -0.9659 -0.258915 1.07072e-18
    outer loop
      vertex -45.5905 1.51303 9
      vertex -45.5228 1.26047 5.2
      vertex -45.5228 1.26047 9
    endloop
  endfacet
  facet normal -0.819279 -0.573396 -2.03953e-18
    outer loop
      vertex -45.701 1.75 5.2
      vertex -45.8509 1.96418 9
      vertex -45.8509 1.96418 5.2
    endloop
  endfacet
  facet normal -0.819279 -0.573396 -2.03953e-18
    outer loop
      vertex -45.8509 1.96418 9
      vertex -45.701 1.75 5.2
      vertex -45.701 1.75 9
    endloop
  endfacet
  facet normal -0.422571 -0.90633 0
    outer loop
      vertex -46.487 2.40954 5.2
      vertex -46.25 2.29904 9
      vertex -46.487 2.40954 9
    endloop
  endfacet
  facet normal -0.422571 -0.90633 -0
    outer loop
      vertex -46.25 2.29904 9
      vertex -46.487 2.40954 5.2
      vertex -46.25 2.29904 5.2
    endloop
  endfacet
  facet normal -0.258865 -0.965914 0
    outer loop
      vertex -46.7395 2.47721 5.2
      vertex -46.487 2.40954 9
      vertex -46.7395 2.47721 9
    endloop
  endfacet
  facet normal -0.258865 -0.965914 -0
    outer loop
      vertex -46.487 2.40954 9
      vertex -46.7395 2.47721 5.2
      vertex -46.487 2.40954 5.2
    endloop
  endfacet
  facet normal -0.573539 -0.819178 0
    outer loop
      vertex -46.25 2.29904 5.2
      vertex -46.0358 2.14907 9
      vertex -46.25 2.29904 9
    endloop
  endfacet
  facet normal -0.573539 -0.819178 -0
    outer loop
      vertex -46.0358 2.14907 9
      vertex -46.25 2.29904 5.2
      vertex -46.0358 2.14907 5.2
    endloop
  endfacet
  facet normal 0.819279 -0.573396 2.03953e-18
    outer loop
      vertex -48.299 1.75 9
      vertex -48.1491 1.96418 5.2
      vertex -48.1491 1.96418 9
    endloop
  endfacet
  facet normal 0.819279 -0.573396 2.03953e-18
    outer loop
      vertex -48.1491 1.96418 5.2
      vertex -48.299 1.75 9
      vertex -48.299 1.75 5.2
    endloop
  endfacet
  facet normal 0.707088 -0.707126 0
    outer loop
      vertex -48.1491 1.96418 5.2
      vertex -47.9642 2.14907 9
      vertex -48.1491 1.96418 9
    endloop
  endfacet
  facet normal 0.707088 -0.707126 0
    outer loop
      vertex -47.9642 2.14907 9
      vertex -48.1491 1.96418 5.2
      vertex -47.9642 2.14907 5.2
    endloop
  endfacet
  facet normal 0.906309 -0.422615 -8.1159e-19
    outer loop
      vertex -48.4095 1.51303 9
      vertex -48.299 1.75 5.2
      vertex -48.299 1.75 9
    endloop
  endfacet
  facet normal 0.906309 -0.422615 -8.1159e-19
    outer loop
      vertex -48.299 1.75 5.2
      vertex -48.4095 1.51303 9
      vertex -48.4095 1.51303 5.2
    endloop
  endfacet
  facet normal 0.422571 -0.90633 0
    outer loop
      vertex -47.75 2.29904 5.2
      vertex -47.513 2.40954 9
      vertex -47.75 2.29904 9
    endloop
  endfacet
  facet normal 0.422571 -0.90633 0
    outer loop
      vertex -47.513 2.40954 9
      vertex -47.75 2.29904 5.2
      vertex -47.513 2.40954 5.2
    endloop
  endfacet
  facet normal 0.0871527 -0.996195 0
    outer loop
      vertex -47.2605 2.47721 5.2
      vertex -47 2.5 9
      vertex -47.2605 2.47721 9
    endloop
  endfacet
  facet normal 0.0871527 -0.996195 0
    outer loop
      vertex -47 2.5 9
      vertex -47.2605 2.47721 5.2
      vertex -47 2.5 5.2
    endloop
  endfacet
  facet normal -0.0871489 0.996195 0
    outer loop
      vertex -46.7395 -0.477211 5.2
      vertex -47 -0.5 9
      vertex -46.7395 -0.477211 9
    endloop
  endfacet
  facet normal -0.0871489 0.996195 0
    outer loop
      vertex -47 -0.5 9
      vertex -46.7395 -0.477211 5.2
      vertex -47 -0.5 5.2
    endloop
  endfacet
  facet normal -0.707076 0.707137 0
    outer loop
      vertex -45.8509 0.0358181 5.2
      vertex -46.0358 -0.149066 9
      vertex -45.8509 0.0358181 9
    endloop
  endfacet
  facet normal -0.707076 0.707137 0
    outer loop
      vertex -46.0358 -0.149066 9
      vertex -45.8509 0.0358181 5.2
      vertex -46.0358 -0.149066 5.2
    endloop
  endfacet
  facet normal -0.422571 0.90633 0
    outer loop
      vertex -46.25 -0.299038 5.2
      vertex -46.487 -0.409538 9
      vertex -46.25 -0.299038 9
    endloop
  endfacet
  facet normal -0.422571 0.90633 0
    outer loop
      vertex -46.487 -0.409538 9
      vertex -46.25 -0.299038 5.2
      vertex -46.487 -0.409538 5.2
    endloop
  endfacet
  facet normal -0.819281 0.573392 1.7735e-19
    outer loop
      vertex -45.8509 0.0358181 5.2
      vertex -45.701 0.25 9
      vertex -45.701 0.25 5.2
    endloop
  endfacet
  facet normal -0.819281 0.573392 1.7735e-19
    outer loop
      vertex -45.701 0.25 9
      vertex -45.8509 0.0358181 5.2
      vertex -45.8509 0.0358181 9
    endloop
  endfacet
  facet normal -0.9659 0.258915 -3.76798e-19
    outer loop
      vertex -45.5905 0.486969 5.2
      vertex -45.5228 0.739528 9
      vertex -45.5228 0.739528 5.2
    endloop
  endfacet
  facet normal -0.9659 0.258915 -3.76798e-19
    outer loop
      vertex -45.5228 0.739528 9
      vertex -45.5905 0.486969 5.2
      vertex -45.5905 0.486969 9
    endloop
  endfacet
  facet normal 0.573544 0.819174 -0
    outer loop
      vertex -47.75 -0.299038 5.2
      vertex -47.9642 -0.149066 9
      vertex -47.75 -0.299038 9
    endloop
  endfacet
  facet normal 0.573544 0.819174 0
    outer loop
      vertex -47.9642 -0.149066 9
      vertex -47.75 -0.299038 5.2
      vertex -47.9642 -0.149066 5.2
    endloop
  endfacet
  facet normal 0.707076 0.707137 -0
    outer loop
      vertex -47.9642 -0.149066 5.2
      vertex -48.1491 0.0358181 9
      vertex -47.9642 -0.149066 9
    endloop
  endfacet
  facet normal 0.707076 0.707137 0
    outer loop
      vertex -48.1491 0.0358181 9
      vertex -47.9642 -0.149066 5.2
      vertex -48.1491 0.0358181 5.2
    endloop
  endfacet
  facet normal 0.422571 0.90633 -0
    outer loop
      vertex -47.513 -0.409538 5.2
      vertex -47.75 -0.299038 9
      vertex -47.513 -0.409538 9
    endloop
  endfacet
  facet normal 0.422571 0.90633 0
    outer loop
      vertex -47.75 -0.299038 9
      vertex -47.513 -0.409538 5.2
      vertex -47.75 -0.299038 5.2
    endloop
  endfacet
  facet normal 0.906308 0.422617 3.06905e-19
    outer loop
      vertex -48.299 0.25 9
      vertex -48.4095 0.486969 5.2
      vertex -48.4095 0.486969 9
    endloop
  endfacet
  facet normal 0.906308 0.422617 3.06905e-19
    outer loop
      vertex -48.4095 0.486969 5.2
      vertex -48.299 0.25 9
      vertex -48.299 0.25 5.2
    endloop
  endfacet
  facet normal 0.819281 0.573392 -1.7735e-19
    outer loop
      vertex -48.1491 0.0358181 9
      vertex -48.299 0.25 5.2
      vertex -48.299 0.25 9
    endloop
  endfacet
  facet normal 0.819281 0.573392 -1.7735e-19
    outer loop
      vertex -48.299 0.25 5.2
      vertex -48.1491 0.0358181 9
      vertex -48.1491 0.0358181 5.2
    endloop
  endfacet
  facet normal 0.996191 0.0872 7.24631e-20
    outer loop
      vertex -48.4772 0.739528 9
      vertex -48.5 1 5.2
      vertex -48.5 1 9
    endloop
  endfacet
  facet normal 0.996191 0.0872 7.24631e-20
    outer loop
      vertex -48.5 1 5.2
      vertex -48.4772 0.739528 9
      vertex -48.4772 0.739528 5.2
    endloop
  endfacet
  facet normal 0.9659 -0.258915 -1.07072e-18
    outer loop
      vertex -48.4772 1.26047 9
      vertex -48.4095 1.51303 5.2
      vertex -48.4095 1.51303 9
    endloop
  endfacet
  facet normal 0.9659 -0.258915 -1.07072e-18
    outer loop
      vertex -48.4095 1.51303 5.2
      vertex -48.4772 1.26047 9
      vertex -48.4772 1.26047 5.2
    endloop
  endfacet
  facet normal -0.996191 0.0872 -7.24631e-20
    outer loop
      vertex -45.5228 0.739528 5.2
      vertex -45.5 1 9
      vertex -45.5 1 5.2
    endloop
  endfacet
  facet normal -0.996191 0.0872 -7.24631e-20
    outer loop
      vertex -45.5 1 9
      vertex -45.5228 0.739528 5.2
      vertex -45.5228 0.739528 9
    endloop
  endfacet
  facet normal -0.258876 0.965911 0
    outer loop
      vertex -46.487 -0.409538 5.2
      vertex -46.7395 -0.477211 9
      vertex -46.487 -0.409538 9
    endloop
  endfacet
  facet normal -0.258876 0.965911 0
    outer loop
      vertex -46.7395 -0.477211 9
      vertex -46.487 -0.409538 5.2
      vertex -46.7395 -0.477211 5.2
    endloop
  endfacet
  facet normal -0.573544 0.819174 0
    outer loop
      vertex -46.0358 -0.149066 5.2
      vertex -46.25 -0.299038 9
      vertex -46.0358 -0.149066 9
    endloop
  endfacet
  facet normal -0.573544 0.819174 0
    outer loop
      vertex -46.25 -0.299038 9
      vertex -46.0358 -0.149066 5.2
      vertex -46.25 -0.299038 5.2
    endloop
  endfacet
  facet normal -0.906308 0.422617 -3.06905e-19
    outer loop
      vertex -45.701 0.25 5.2
      vertex -45.5905 0.486969 9
      vertex -45.5905 0.486969 5.2
    endloop
  endfacet
  facet normal -0.906308 0.422617 -3.06905e-19
    outer loop
      vertex -45.5905 0.486969 9
      vertex -45.701 0.25 5.2
      vertex -45.701 0.25 9
    endloop
  endfacet
  facet normal 0.258876 0.965911 -0
    outer loop
      vertex -47.2605 -0.477211 5.2
      vertex -47.513 -0.409538 9
      vertex -47.2605 -0.477211 9
    endloop
  endfacet
  facet normal 0.258876 0.965911 0
    outer loop
      vertex -47.513 -0.409538 9
      vertex -47.2605 -0.477211 5.2
      vertex -47.513 -0.409538 5.2
    endloop
  endfacet
  facet normal 0.9659 0.258915 3.76798e-19
    outer loop
      vertex -48.4095 0.486969 9
      vertex -48.4772 0.739528 5.2
      vertex -48.4772 0.739528 9
    endloop
  endfacet
  facet normal 0.9659 0.258915 3.76798e-19
    outer loop
      vertex -48.4772 0.739528 5.2
      vertex -48.4095 0.486969 9
      vertex -48.4095 0.486969 5.2
    endloop
  endfacet
  facet normal -0.522486 -0.852648 0
    outer loop
      vertex -45.638 3.67302 3
      vertex -45.2366 3.42705 5.2
      vertex -45.638 3.67302 5.2
    endloop
  endfacet
  facet normal -0.522486 -0.852648 -0
    outer loop
      vertex -45.2366 3.42705 5.2
      vertex -45.638 3.67302 3
      vertex -45.2366 3.42705 3
    endloop
  endfacet
  facet normal 0.923842 -0.382775 -6.54268e-18
    outer loop
      vertex -49.8532 1.92705 5.2
      vertex -49.673 2.36197 3
      vertex -49.673 2.36197 5.2
    endloop
  endfacet
  facet normal 0.923842 -0.382775 -6.54268e-18
    outer loop
      vertex -49.673 2.36197 3
      vertex -49.8532 1.92705 5.2
      vertex -49.8532 1.92705 3
    endloop
  endfacet
  facet normal 0.382699 0.923873 -0
    outer loop
      vertex -47.9271 -1.85317 3
      vertex -48.362 -1.67302 5.2
      vertex -47.9271 -1.85317 5.2
    endloop
  endfacet
  facet normal 0.382699 0.923873 0
    outer loop
      vertex -48.362 -1.67302 5.2
      vertex -47.9271 -1.85317 3
      vertex -48.362 -1.67302 3
    endloop
  endfacet
  facet normal 0.382699 -0.923873 0
    outer loop
      vertex -48.362 3.67302 3
      vertex -47.9271 3.85317 5.2
      vertex -48.362 3.67302 5.2
    endloop
  endfacet
  facet normal 0.382699 -0.923873 0
    outer loop
      vertex -47.9271 3.85317 5.2
      vertex -48.362 3.67302 3
      vertex -47.9271 3.85317 3
    endloop
  endfacet
  facet normal 0.852708 -0.522387 -1.31522e-18
    outer loop
      vertex -49.673 2.36197 5.2
      vertex -49.4271 2.76336 3
      vertex -49.4271 2.76336 5.2
    endloop
  endfacet
  facet normal 0.852708 -0.522387 -1.31522e-18
    outer loop
      vertex -49.4271 2.76336 3
      vertex -49.673 2.36197 5.2
      vertex -49.673 2.36197 3
    endloop
  endfacet
  facet normal 0.923842 0.382775 2.74793e-18
    outer loop
      vertex -49.673 -0.361971 5.2
      vertex -49.8532 0.0729485 3
      vertex -49.8532 0.0729485 5.2
    endloop
  endfacet
  facet normal 0.923842 0.382775 2.74793e-18
    outer loop
      vertex -49.8532 0.0729485 3
      vertex -49.673 -0.361971 5.2
      vertex -49.673 -0.361971 3
    endloop
  endfacet
  facet normal -0.923842 -0.382775 6.54268e-18
    outer loop
      vertex -44.1468 1.92705 3
      vertex -44.327 2.36197 5.2
      vertex -44.327 2.36197 3
    endloop
  endfacet
  facet normal -0.923842 -0.382775 6.54268e-18
    outer loop
      vertex -44.327 2.36197 5.2
      vertex -44.1468 1.92705 3
      vertex -44.1468 1.92705 5.2
    endloop
  endfacet
  facet normal -0.852708 -0.522387 1.31522e-18
    outer loop
      vertex -44.327 2.36197 3
      vertex -44.5729 2.76336 5.2
      vertex -44.5729 2.76336 3
    endloop
  endfacet
  facet normal -0.852708 -0.522387 1.31522e-18
    outer loop
      vertex -44.5729 2.76336 5.2
      vertex -44.327 2.36197 3
      vertex -44.327 2.36197 5.2
    endloop
  endfacet
  facet normal -0.760329 -0.649538 2.01505e-18
    outer loop
      vertex -44.5729 2.76336 3
      vertex -44.8787 3.12132 5.2
      vertex -44.8787 3.12132 3
    endloop
  endfacet
  facet normal -0.760329 -0.649538 2.01505e-18
    outer loop
      vertex -44.8787 3.12132 5.2
      vertex -44.5729 2.76336 3
      vertex -44.5729 2.76336 5.2
    endloop
  endfacet
  facet normal -0.382699 -0.923873 0
    outer loop
      vertex -46.0729 3.85317 3
      vertex -45.638 3.67302 5.2
      vertex -46.0729 3.85317 5.2
    endloop
  endfacet
  facet normal -0.382699 -0.923873 -0
    outer loop
      vertex -45.638 3.67302 5.2
      vertex -46.0729 3.85317 3
      vertex -45.638 3.67302 3
    endloop
  endfacet
  facet normal -0.0784703 -0.996916 0
    outer loop
      vertex -47 4 3
      vertex -46.5307 3.96306 5.2
      vertex -47 4 5.2
    endloop
  endfacet
  facet normal -0.0784703 -0.996916 -0
    outer loop
      vertex -46.5307 3.96306 5.2
      vertex -47 4 3
      vertex -46.5307 3.96306 3
    endloop
  endfacet
  facet normal -0.233409 -0.972379 0
    outer loop
      vertex -46.5307 3.96306 3
      vertex -46.0729 3.85317 5.2
      vertex -46.5307 3.96306 5.2
    endloop
  endfacet
  facet normal -0.233409 -0.972379 -0
    outer loop
      vertex -46.0729 3.85317 5.2
      vertex -46.5307 3.96306 3
      vertex -46.0729 3.85317 3
    endloop
  endfacet
  facet normal 0.760329 -0.649538 -2.01505e-18
    outer loop
      vertex -49.4271 2.76336 5.2
      vertex -49.1213 3.12132 3
      vertex -49.1213 3.12132 5.2
    endloop
  endfacet
  facet normal 0.760329 -0.649538 -2.01505e-18
    outer loop
      vertex -49.1213 3.12132 3
      vertex -49.4271 2.76336 5.2
      vertex -49.4271 2.76336 3
    endloop
  endfacet
  facet normal 0.522486 -0.852648 0
    outer loop
      vertex -48.7634 3.42705 3
      vertex -48.362 3.67302 5.2
      vertex -48.7634 3.42705 5.2
    endloop
  endfacet
  facet normal 0.522486 -0.852648 0
    outer loop
      vertex -48.362 3.67302 5.2
      vertex -48.7634 3.42705 3
      vertex -48.362 3.67302 3
    endloop
  endfacet
  facet normal 0.649515 -0.760349 0
    outer loop
      vertex -49.1213 3.12132 3
      vertex -48.7634 3.42705 5.2
      vertex -49.1213 3.12132 5.2
    endloop
  endfacet
  facet normal 0.649515 -0.760349 0
    outer loop
      vertex -48.7634 3.42705 5.2
      vertex -49.1213 3.12132 3
      vertex -48.7634 3.42705 3
    endloop
  endfacet
  facet normal -0.996923 -0.0783858 -8.99666e-20
    outer loop
      vertex -44 1 3
      vertex -44.0369 1.4693 5.2
      vertex -44.0369 1.4693 3
    endloop
  endfacet
  facet normal -0.996923 -0.0783858 -8.99666e-20
    outer loop
      vertex -44.0369 1.4693 5.2
      vertex -44 1 3
      vertex -44 1 5.2
    endloop
  endfacet
  facet normal -0.382699 0.923873 0
    outer loop
      vertex -45.638 -1.67302 3
      vertex -46.0729 -1.85317 5.2
      vertex -45.638 -1.67302 5.2
    endloop
  endfacet
  facet normal -0.382699 0.923873 0
    outer loop
      vertex -46.0729 -1.85317 5.2
      vertex -45.638 -1.67302 3
      vertex -46.0729 -1.85317 3
    endloop
  endfacet
  facet normal -0.760334 0.649533 3.2319e-18
    outer loop
      vertex -44.8787 -1.12132 3
      vertex -44.5729 -0.763355 5.2
      vertex -44.5729 -0.763355 3
    endloop
  endfacet
  facet normal -0.760334 0.649533 3.2319e-18
    outer loop
      vertex -44.5729 -0.763355 5.2
      vertex -44.8787 -1.12132 3
      vertex -44.8787 -1.12132 5.2
    endloop
  endfacet
  facet normal -0.522486 0.852648 0
    outer loop
      vertex -45.2366 -1.42705 3
      vertex -45.638 -1.67302 5.2
      vertex -45.2366 -1.42705 5.2
    endloop
  endfacet
  facet normal -0.522486 0.852648 0
    outer loop
      vertex -45.638 -1.67302 5.2
      vertex -45.2366 -1.42705 3
      vertex -45.638 -1.67302 3
    endloop
  endfacet
  facet normal -0.852705 0.522393 -6.24899e-18
    outer loop
      vertex -44.5729 -0.763355 3
      vertex -44.327 -0.361971 5.2
      vertex -44.327 -0.361971 3
    endloop
  endfacet
  facet normal -0.852705 0.522393 -6.24899e-18
    outer loop
      vertex -44.327 -0.361971 5.2
      vertex -44.5729 -0.763355 3
      vertex -44.5729 -0.763355 5.2
    endloop
  endfacet
  facet normal 0.649515 0.760349 -0
    outer loop
      vertex -48.7634 -1.42705 3
      vertex -49.1213 -1.12132 5.2
      vertex -48.7634 -1.42705 5.2
    endloop
  endfacet
  facet normal 0.649515 0.760349 0
    outer loop
      vertex -49.1213 -1.12132 5.2
      vertex -48.7634 -1.42705 3
      vertex -49.1213 -1.12132 3
    endloop
  endfacet
  facet normal 0.996923 0.0783851 3.92578e-20
    outer loop
      vertex -49.9631 0.530696 5.2
      vertex -50 1 3
      vertex -50 1 5.2
    endloop
  endfacet
  facet normal 0.996923 0.0783851 3.92578e-20
    outer loop
      vertex -50 1 3
      vertex -49.9631 0.530696 5.2
      vertex -49.9631 0.530696 3
    endloop
  endfacet
  facet normal -0.972368 -0.233453 5.82318e-19
    outer loop
      vertex -44.0369 1.4693 3
      vertex -44.1468 1.92705 5.2
      vertex -44.1468 1.92705 3
    endloop
  endfacet
  facet normal -0.972368 -0.233453 5.82318e-19
    outer loop
      vertex -44.1468 1.92705 5.2
      vertex -44.0369 1.4693 3
      vertex -44.0369 1.4693 5.2
    endloop
  endfacet
  facet normal -0.649515 -0.760349 0
    outer loop
      vertex -45.2366 3.42705 3
      vertex -44.8787 3.12132 5.2
      vertex -45.2366 3.42705 5.2
    endloop
  endfacet
  facet normal -0.649515 -0.760349 -0
    outer loop
      vertex -44.8787 3.12132 5.2
      vertex -45.2366 3.42705 3
      vertex -44.8787 3.12132 3
    endloop
  endfacet
  facet normal 0.996923 -0.0783858 8.99666e-20
    outer loop
      vertex -50 1 5.2
      vertex -49.9631 1.4693 3
      vertex -49.9631 1.4693 5.2
    endloop
  endfacet
  facet normal 0.996923 -0.0783858 8.99666e-20
    outer loop
      vertex -49.9631 1.4693 3
      vertex -50 1 5.2
      vertex -50 1 3
    endloop
  endfacet
  facet normal 0.0784703 -0.996916 0
    outer loop
      vertex -47.4693 3.96306 3
      vertex -47 4 5.2
      vertex -47.4693 3.96306 5.2
    endloop
  endfacet
  facet normal 0.0784703 -0.996916 0
    outer loop
      vertex -47 4 5.2
      vertex -47.4693 3.96306 3
      vertex -47 4 3
    endloop
  endfacet
  facet normal 0.233409 -0.972379 0
    outer loop
      vertex -47.9271 3.85317 3
      vertex -47.4693 3.96306 5.2
      vertex -47.9271 3.85317 5.2
    endloop
  endfacet
  facet normal 0.233409 -0.972379 0
    outer loop
      vertex -47.4693 3.96306 5.2
      vertex -47.9271 3.85317 3
      vertex -47.4693 3.96306 3
    endloop
  endfacet
  facet normal -0.996923 0.0783851 -3.92578e-20
    outer loop
      vertex -44.0369 0.530696 3
      vertex -44 1 5.2
      vertex -44 1 3
    endloop
  endfacet
  facet normal -0.996923 0.0783851 -3.92578e-20
    outer loop
      vertex -44 1 5.2
      vertex -44.0369 0.530696 3
      vertex -44.0369 0.530696 5.2
    endloop
  endfacet
  facet normal -0.972368 0.233454 -4.9988e-18
    outer loop
      vertex -44.1468 0.0729485 3
      vertex -44.0369 0.530696 5.2
      vertex -44.0369 0.530696 3
    endloop
  endfacet
  facet normal -0.972368 0.233454 -4.9988e-18
    outer loop
      vertex -44.0369 0.530696 5.2
      vertex -44.1468 0.0729485 3
      vertex -44.1468 0.0729485 5.2
    endloop
  endfacet
  facet normal -0.0784703 0.996916 0
    outer loop
      vertex -46.5307 -1.96306 3
      vertex -47 -2 5.2
      vertex -46.5307 -1.96306 5.2
    endloop
  endfacet
  facet normal -0.0784703 0.996916 0
    outer loop
      vertex -47 -2 5.2
      vertex -46.5307 -1.96306 3
      vertex -47 -2 3
    endloop
  endfacet
  facet normal -0.233409 0.972379 0
    outer loop
      vertex -46.0729 -1.85317 3
      vertex -46.5307 -1.96306 5.2
      vertex -46.0729 -1.85317 5.2
    endloop
  endfacet
  facet normal -0.233409 0.972379 0
    outer loop
      vertex -46.5307 -1.96306 5.2
      vertex -46.0729 -1.85317 3
      vertex -46.5307 -1.96306 3
    endloop
  endfacet
  facet normal -0.649515 0.760349 0
    outer loop
      vertex -44.8787 -1.12132 3
      vertex -45.2366 -1.42705 5.2
      vertex -44.8787 -1.12132 5.2
    endloop
  endfacet
  facet normal -0.649515 0.760349 0
    outer loop
      vertex -45.2366 -1.42705 5.2
      vertex -44.8787 -1.12132 3
      vertex -45.2366 -1.42705 3
    endloop
  endfacet
  facet normal -0.923842 0.382775 -2.74793e-18
    outer loop
      vertex -44.327 -0.361971 3
      vertex -44.1468 0.0729485 5.2
      vertex -44.1468 0.0729485 3
    endloop
  endfacet
  facet normal -0.923842 0.382775 -2.74793e-18
    outer loop
      vertex -44.1468 0.0729485 5.2
      vertex -44.327 -0.361971 3
      vertex -44.327 -0.361971 5.2
    endloop
  endfacet
  facet normal 0.233409 0.972379 -0
    outer loop
      vertex -47.4693 -1.96306 3
      vertex -47.9271 -1.85317 5.2
      vertex -47.4693 -1.96306 5.2
    endloop
  endfacet
  facet normal 0.233409 0.972379 0
    outer loop
      vertex -47.9271 -1.85317 5.2
      vertex -47.4693 -1.96306 3
      vertex -47.9271 -1.85317 3
    endloop
  endfacet
  facet normal 0.0784703 0.996916 -0
    outer loop
      vertex -47 -2 3
      vertex -47.4693 -1.96306 5.2
      vertex -47 -2 5.2
    endloop
  endfacet
  facet normal 0.0784703 0.996916 0
    outer loop
      vertex -47.4693 -1.96306 5.2
      vertex -47 -2 3
      vertex -47.4693 -1.96306 3
    endloop
  endfacet
  facet normal 0.522486 0.852648 -0
    outer loop
      vertex -48.362 -1.67302 3
      vertex -48.7634 -1.42705 5.2
      vertex -48.362 -1.67302 5.2
    endloop
  endfacet
  facet normal 0.522486 0.852648 0
    outer loop
      vertex -48.7634 -1.42705 5.2
      vertex -48.362 -1.67302 3
      vertex -48.7634 -1.42705 3
    endloop
  endfacet
  facet normal 0.972368 0.233454 4.9988e-18
    outer loop
      vertex -49.8532 0.0729485 5.2
      vertex -49.9631 0.530696 3
      vertex -49.9631 0.530696 5.2
    endloop
  endfacet
  facet normal 0.972368 0.233454 4.9988e-18
    outer loop
      vertex -49.9631 0.530696 3
      vertex -49.8532 0.0729485 5.2
      vertex -49.8532 0.0729485 3
    endloop
  endfacet
  facet normal 0.760334 0.649533 -3.2319e-18
    outer loop
      vertex -49.1213 -1.12132 5.2
      vertex -49.4271 -0.763355 3
      vertex -49.4271 -0.763355 5.2
    endloop
  endfacet
  facet normal 0.760334 0.649533 -3.2319e-18
    outer loop
      vertex -49.4271 -0.763355 3
      vertex -49.1213 -1.12132 5.2
      vertex -49.1213 -1.12132 3
    endloop
  endfacet
  facet normal 0 0 -1
    outer loop
      vertex -45.5 1 5.2
      vertex -44 1 5.2
      vertex -44.0369 0.530696 5.2
    endloop
  endfacet
  facet normal 0 0 -1
    outer loop
      vertex -45.5228 0.739528 5.2
      vertex -44.0369 0.530696 5.2
      vertex -44.1468 0.0729485 5.2
    endloop
  endfacet
  facet normal 0 0 -1
    outer loop
      vertex -44 1 5.2
      vertex -45.5 1 5.2
      vertex -44.0369 1.4693 5.2
    endloop
  endfacet
  facet normal 0 0 -1
    outer loop
      vertex -45.5905 0.486969 5.2
      vertex -44.1468 0.0729485 5.2
      vertex -44.327 -0.361971 5.2
    endloop
  endfacet
  facet normal 0 0 -1
    outer loop
      vertex -45.5228 1.26047 5.2
      vertex -44.0369 1.4693 5.2
      vertex -45.5 1 5.2
    endloop
  endfacet
  facet normal 0 0 -1
    outer loop
      vertex -45.701 0.25 5.2
      vertex -44.327 -0.361971 5.2
      vertex -44.5729 -0.763355 5.2
    endloop
  endfacet
  facet normal -0 0 -1
    outer loop
      vertex -44.0369 1.4693 5.2
      vertex -45.5228 1.26047 5.2
      vertex -44.1468 1.92705 5.2
    endloop
  endfacet
  facet normal 0 0 -1
    outer loop
      vertex -45.8509 0.0358181 5.2
      vertex -44.5729 -0.763355 5.2
      vertex -44.8787 -1.12132 5.2
    endloop
  endfacet
  facet normal 0 0 -1
    outer loop
      vertex -45.5905 1.51303 5.2
      vertex -44.1468 1.92705 5.2
      vertex -45.5228 1.26047 5.2
    endloop
  endfacet
  facet normal 0 0 -1
    outer loop
      vertex -46.0358 -0.149066 5.2
      vertex -44.8787 -1.12132 5.2
      vertex -45.2366 -1.42705 5.2
    endloop
  endfacet
  facet normal -0 0 -1
    outer loop
      vertex -44.1468 1.92705 5.2
      vertex -45.5905 1.51303 5.2
      vertex -44.327 2.36197 5.2
    endloop
  endfacet
  facet normal 0 0 -1
    outer loop
      vertex -45.701 1.75 5.2
      vertex -44.327 2.36197 5.2
      vertex -45.5905 1.51303 5.2
    endloop
  endfacet
  facet normal 0 0 -1
    outer loop
      vertex -44.0369 0.530696 5.2
      vertex -45.5228 0.739528 5.2
      vertex -45.5 1 5.2
    endloop
  endfacet
  facet normal 0 0 -1
    outer loop
      vertex -44.1468 0.0729485 5.2
      vertex -45.5905 0.486969 5.2
      vertex -45.5228 0.739528 5.2
    endloop
  endfacet
  facet normal 0 0 -1
    outer loop
      vertex -46.25 -0.299038 5.2
      vertex -45.2366 -1.42705 5.2
      vertex -45.638 -1.67302 5.2
    endloop
  endfacet
  facet normal 0 0 -1
    outer loop
      vertex -44.327 -0.361971 5.2
      vertex -45.701 0.25 5.2
      vertex -45.5905 0.486969 5.2
    endloop
  endfacet
  facet normal 0 0 -1
    outer loop
      vertex -44.5729 -0.763355 5.2
      vertex -45.8509 0.0358181 5.2
      vertex -45.701 0.25 5.2
    endloop
  endfacet
  facet normal 0 0 -1
    outer loop
      vertex -44.8787 -1.12132 5.2
      vertex -46.0358 -0.149066 5.2
      vertex -45.8509 0.0358181 5.2
    endloop
  endfacet
  facet normal 0 0 -1
    outer loop
      vertex -46.487 -0.409538 5.2
      vertex -45.638 -1.67302 5.2
      vertex -46.0729 -1.85317 5.2
    endloop
  endfacet
  facet normal 0 0 -1
    outer loop
      vertex -45.2366 -1.42705 5.2
      vertex -46.25 -0.299038 5.2
      vertex -46.0358 -0.149066 5.2
    endloop
  endfacet
  facet normal 0 0 -1
    outer loop
      vertex -45.638 -1.67302 5.2
      vertex -46.487 -0.409538 5.2
      vertex -46.25 -0.299038 5.2
    endloop
  endfacet
  facet normal 0 0 -1
    outer loop
      vertex -46.7395 -0.477211 5.2
      vertex -46.0729 -1.85317 5.2
      vertex -46.5307 -1.96306 5.2
    endloop
  endfacet
  facet normal 0 0 -1
    outer loop
      vertex -46.0729 -1.85317 5.2
      vertex -46.7395 -0.477211 5.2
      vertex -46.487 -0.409538 5.2
    endloop
  endfacet
  facet normal 0 0 -1
    outer loop
      vertex -47 -0.5 5.2
      vertex -46.5307 -1.96306 5.2
      vertex -47 -2 5.2
    endloop
  endfacet
  facet normal 0 0 -1
    outer loop
      vertex -46.5307 -1.96306 5.2
      vertex -47 -0.5 5.2
      vertex -46.7395 -0.477211 5.2
    endloop
  endfacet
  facet normal 0 0 -1
    outer loop
      vertex -47.4693 -1.96306 5.2
      vertex -47 -0.5 5.2
      vertex -47 -2 5.2
    endloop
  endfacet
  facet normal -0 0 -1
    outer loop
      vertex -47 -0.5 5.2
      vertex -47.4693 -1.96306 5.2
      vertex -47.2605 -0.477211 5.2
    endloop
  endfacet
  facet normal 0 0 -1
    outer loop
      vertex -47.9271 -1.85317 5.2
      vertex -47.2605 -0.477211 5.2
      vertex -47.4693 -1.96306 5.2
    endloop
  endfacet
  facet normal -0 0 -1
    outer loop
      vertex -47.2605 -0.477211 5.2
      vertex -47.9271 -1.85317 5.2
      vertex -47.513 -0.409538 5.2
    endloop
  endfacet
  facet normal 0 0 -1
    outer loop
      vertex -48.362 -1.67302 5.2
      vertex -47.513 -0.409538 5.2
      vertex -47.9271 -1.85317 5.2
    endloop
  endfacet
  facet normal -0 0 -1
    outer loop
      vertex -47.513 -0.409538 5.2
      vertex -48.362 -1.67302 5.2
      vertex -47.75 -0.299038 5.2
    endloop
  endfacet
  facet normal 0 0 -1
    outer loop
      vertex -48.7634 -1.42705 5.2
      vertex -47.75 -0.299038 5.2
      vertex -48.362 -1.67302 5.2
    endloop
  endfacet
  facet normal -0 0 -1
    outer loop
      vertex -47.75 -0.299038 5.2
      vertex -48.7634 -1.42705 5.2
      vertex -47.9642 -0.149066 5.2
    endloop
  endfacet
  facet normal 0 0 -1
    outer loop
      vertex -49.1213 -1.12132 5.2
      vertex -47.9642 -0.149066 5.2
      vertex -48.7634 -1.42705 5.2
    endloop
  endfacet
  facet normal -0 0 -1
    outer loop
      vertex -47.9642 -0.149066 5.2
      vertex -49.1213 -1.12132 5.2
      vertex -48.1491 0.0358181 5.2
    endloop
  endfacet
  facet normal 0 0 -1
    outer loop
      vertex -49.4271 -0.763355 5.2
      vertex -48.1491 0.0358181 5.2
      vertex -49.1213 -1.12132 5.2
    endloop
  endfacet
  facet normal -0 0 -1
    outer loop
      vertex -48.1491 0.0358181 5.2
      vertex -49.4271 -0.763355 5.2
      vertex -48.299 0.25 5.2
    endloop
  endfacet
  facet normal 0 0 -1
    outer loop
      vertex -49.673 -0.361971 5.2
      vertex -48.299 0.25 5.2
      vertex -49.4271 -0.763355 5.2
    endloop
  endfacet
  facet normal -0 0 -1
    outer loop
      vertex -44.327 2.36197 5.2
      vertex -45.701 1.75 5.2
      vertex -44.5729 2.76336 5.2
    endloop
  endfacet
  facet normal 0 0 -1
    outer loop
      vertex -45.8509 1.96418 5.2
      vertex -44.5729 2.76336 5.2
      vertex -45.701 1.75 5.2
    endloop
  endfacet
  facet normal -0 0 -1
    outer loop
      vertex -44.5729 2.76336 5.2
      vertex -45.8509 1.96418 5.2
      vertex -44.8787 3.12132 5.2
    endloop
  endfacet
  facet normal 0 0 -1
    outer loop
      vertex -46.0358 2.14907 5.2
      vertex -44.8787 3.12132 5.2
      vertex -45.8509 1.96418 5.2
    endloop
  endfacet
  facet normal -0 0 -1
    outer loop
      vertex -44.8787 3.12132 5.2
      vertex -46.0358 2.14907 5.2
      vertex -45.2366 3.42705 5.2
    endloop
  endfacet
  facet normal 0 0 -1
    outer loop
      vertex -46.25 2.29904 5.2
      vertex -45.2366 3.42705 5.2
      vertex -46.0358 2.14907 5.2
    endloop
  endfacet
  facet normal -0 0 -1
    outer loop
      vertex -45.2366 3.42705 5.2
      vertex -46.25 2.29904 5.2
      vertex -45.638 3.67302 5.2
    endloop
  endfacet
  facet normal 0 0 -1
    outer loop
      vertex -46.487 2.40954 5.2
      vertex -45.638 3.67302 5.2
      vertex -46.25 2.29904 5.2
    endloop
  endfacet
  facet normal -0 0 -1
    outer loop
      vertex -45.638 3.67302 5.2
      vertex -46.487 2.40954 5.2
      vertex -46.0729 3.85317 5.2
    endloop
  endfacet
  facet normal 0 0 -1
    outer loop
      vertex -46.7395 2.47721 5.2
      vertex -46.0729 3.85317 5.2
      vertex -46.487 2.40954 5.2
    endloop
  endfacet
  facet normal -0 0 -1
    outer loop
      vertex -46.0729 3.85317 5.2
      vertex -46.7395 2.47721 5.2
      vertex -46.5307 3.96306 5.2
    endloop
  endfacet
  facet normal 0 0 -1
    outer loop
      vertex -47 2.5 5.2
      vertex -46.5307 3.96306 5.2
      vertex -46.7395 2.47721 5.2
    endloop
  endfacet
  facet normal 0 0 -1
    outer loop
      vertex -47 2.5 5.2
      vertex -47 4 5.2
      vertex -46.5307 3.96306 5.2
    endloop
  endfacet
  facet normal 0 0 -1
    outer loop
      vertex -47.4693 3.96306 5.2
      vertex -47 2.5 5.2
      vertex -47.2605 2.47721 5.2
    endloop
  endfacet
  facet normal 0 0 -1
    outer loop
      vertex -47 2.5 5.2
      vertex -47.4693 3.96306 5.2
      vertex -47 4 5.2
    endloop
  endfacet
  facet normal 0 0 -1
    outer loop
      vertex -47.9271 3.85317 5.2
      vertex -47.2605 2.47721 5.2
      vertex -47.513 2.40954 5.2
    endloop
  endfacet
  facet normal 0 0 -1
    outer loop
      vertex -48.362 3.67302 5.2
      vertex -47.513 2.40954 5.2
      vertex -47.75 2.29904 5.2
    endloop
  endfacet
  facet normal 0 0 -1
    outer loop
      vertex -47.2605 2.47721 5.2
      vertex -47.9271 3.85317 5.2
      vertex -47.4693 3.96306 5.2
    endloop
  endfacet
  facet normal 0 0 -1
    outer loop
      vertex -48.7634 3.42705 5.2
      vertex -47.75 2.29904 5.2
      vertex -47.9642 2.14907 5.2
    endloop
  endfacet
  facet normal 0 0 -1
    outer loop
      vertex -49.1213 3.12132 5.2
      vertex -47.9642 2.14907 5.2
      vertex -48.1491 1.96418 5.2
    endloop
  endfacet
  facet normal 0 0 -1
    outer loop
      vertex -49.4271 2.76336 5.2
      vertex -48.1491 1.96418 5.2
      vertex -48.299 1.75 5.2
    endloop
  endfacet
  facet normal 0 0 -1
    outer loop
      vertex -47.513 2.40954 5.2
      vertex -48.362 3.67302 5.2
      vertex -47.9271 3.85317 5.2
    endloop
  endfacet
  facet normal 0 0 -1
    outer loop
      vertex -49.673 2.36197 5.2
      vertex -48.299 1.75 5.2
      vertex -48.4095 1.51303 5.2
    endloop
  endfacet
  facet normal 0 0 -1
    outer loop
      vertex -49.8532 1.92705 5.2
      vertex -48.4095 1.51303 5.2
      vertex -48.4772 1.26047 5.2
    endloop
  endfacet
  facet normal 0 0 -1
    outer loop
      vertex -49.9631 1.4693 5.2
      vertex -48.4772 1.26047 5.2
      vertex -48.5 1 5.2
    endloop
  endfacet
  facet normal -0 0 -1
    outer loop
      vertex -48.299 0.25 5.2
      vertex -49.673 -0.361971 5.2
      vertex -48.4095 0.486969 5.2
    endloop
  endfacet
  facet normal 0 0 -1
    outer loop
      vertex -47.75 2.29904 5.2
      vertex -48.7634 3.42705 5.2
      vertex -48.362 3.67302 5.2
    endloop
  endfacet
  facet normal 0 0 -1
    outer loop
      vertex -49.8532 0.0729485 5.2
      vertex -48.4095 0.486969 5.2
      vertex -49.673 -0.361971 5.2
    endloop
  endfacet
  facet normal 0 0 -1
    outer loop
      vertex -47.9642 2.14907 5.2
      vertex -49.1213 3.12132 5.2
      vertex -48.7634 3.42705 5.2
    endloop
  endfacet
  facet normal -0 0 -1
    outer loop
      vertex -48.4095 0.486969 5.2
      vertex -49.8532 0.0729485 5.2
      vertex -48.4772 0.739528 5.2
    endloop
  endfacet
  facet normal 0 0 -1
    outer loop
      vertex -48.1491 1.96418 5.2
      vertex -49.4271 2.76336 5.2
      vertex -49.1213 3.12132 5.2
    endloop
  endfacet
  facet normal 0 0 -1
    outer loop
      vertex -49.9631 0.530696 5.2
      vertex -48.4772 0.739528 5.2
      vertex -49.8532 0.0729485 5.2
    endloop
  endfacet
  facet normal 0 0 -1
    outer loop
      vertex -48.299 1.75 5.2
      vertex -49.673 2.36197 5.2
      vertex -49.4271 2.76336 5.2
    endloop
  endfacet
  facet normal -0 0 -1
    outer loop
      vertex -48.4772 0.739528 5.2
      vertex -49.9631 0.530696 5.2
      vertex -48.5 1 5.2
    endloop
  endfacet
  facet normal 0 0 -1
    outer loop
      vertex -48.4095 1.51303 5.2
      vertex -49.8532 1.92705 5.2
      vertex -49.673 2.36197 5.2
    endloop
  endfacet
  facet normal 0 0 -1
    outer loop
      vertex -50 1 5.2
      vertex -48.5 1 5.2
      vertex -49.9631 0.530696 5.2
    endloop
  endfacet
  facet normal 0 0 -1
    outer loop
      vertex -48.4772 1.26047 5.2
      vertex -49.9631 1.4693 5.2
      vertex -49.8532 1.92705 5.2
    endloop
  endfacet
  facet normal 0 0 -1
    outer loop
      vertex -48.5 1 5.2
      vertex -50 1 5.2
      vertex -49.9631 1.4693 5.2
    endloop
  endfacet
  facet normal 0.972368 -0.233453 -5.82318e-19
    outer loop
      vertex -49.9631 1.4693 5.2
      vertex -49.8532 1.92705 3
      vertex -49.8532 1.92705 5.2
    endloop
  endfacet
  facet normal 0.972368 -0.233453 -5.82318e-19
    outer loop
      vertex -49.8532 1.92705 3
      vertex -49.9631 1.4693 5.2
      vertex -49.9631 1.4693 3
    endloop
  endfacet
  facet normal 0.852705 0.522393 6.24899e-18
    outer loop
      vertex -49.4271 -0.763355 5.2
      vertex -49.673 -0.361971 3
      vertex -49.673 -0.361971 5.2
    endloop
  endfacet
  facet normal 0.852705 0.522393 6.24899e-18
    outer loop
      vertex -49.673 -0.361971 3
      vertex -49.4271 -0.763355 5.2
      vertex -49.4271 -0.763355 3
    endloop
  endfacet
  facet normal -0.90633 -0.422571 -1.03314e-18
    outer loop
      vertex -45.5905 99.513 5.2
      vertex -45.701 99.75 9
      vertex -45.701 99.75 5.2
    endloop
  endfacet
  facet normal -0.90633 -0.422571 -1.03314e-18
    outer loop
      vertex -45.701 99.75 9
      vertex -45.5905 99.513 5.2
      vertex -45.5905 99.513 9
    endloop
  endfacet
  facet normal -0.819304 -0.57336 2.00871e-18
    outer loop
      vertex -45.701 99.75 5.2
      vertex -45.8509 99.9642 9
      vertex -45.8509 99.9642 5.2
    endloop
  endfacet
  facet normal -0.819304 -0.57336 2.00871e-18
    outer loop
      vertex -45.8509 99.9642 9
      vertex -45.701 99.75 5.2
      vertex -45.701 99.75 9
    endloop
  endfacet
  facet normal -0.42414 -0.905597 0
    outer loop
      vertex -46.487 100.41 5.2
      vertex -46.25 100.299 9
      vertex -46.487 100.41 9
    endloop
  endfacet
  facet normal -0.42414 -0.905597 -0
    outer loop
      vertex -46.25 100.299 9
      vertex -46.487 100.41 5.2
      vertex -46.25 100.299 5.2
    endloop
  endfacet
  facet normal 0.256471 -0.966552 0
    outer loop
      vertex -47.513 100.41 5.2
      vertex -47.2605 100.477 9
      vertex -47.513 100.41 9
    endloop
  endfacet
  facet normal 0.256471 -0.966552 0
    outer loop
      vertex -47.2605 100.477 9
      vertex -47.513 100.41 5.2
      vertex -47.2605 100.477 5.2
    endloop
  endfacet
  facet normal 0.819304 -0.57336 -2.00871e-18
    outer loop
      vertex -48.299 99.75 9
      vertex -48.1491 99.9642 5.2
      vertex -48.1491 99.9642 9
    endloop
  endfacet
  facet normal 0.819304 -0.57336 -2.00871e-18
    outer loop
      vertex -48.1491 99.9642 5.2
      vertex -48.299 99.75 9
      vertex -48.299 99.75 5.2
    endloop
  endfacet
  facet normal -0.996192 0.0871907 2.63823e-19
    outer loop
      vertex -45.5228 98.7395 5.2
      vertex -45.5 99 9
      vertex -45.5 99 5.2
    endloop
  endfacet
  facet normal -0.996192 0.0871907 2.63823e-19
    outer loop
      vertex -45.5 99 9
      vertex -45.5228 98.7395 5.2
      vertex -45.5228 98.7395 9
    endloop
  endfacet
  facet normal -0.258972 0.965885 0
    outer loop
      vertex -46.487 97.5905 5.2
      vertex -46.7395 97.5228 9
      vertex -46.487 97.5905 9
    endloop
  endfacet
  facet normal -0.258972 0.965885 0
    outer loop
      vertex -46.7395 97.5228 9
      vertex -46.487 97.5905 5.2
      vertex -46.7395 97.5228 5.2
    endloop
  endfacet
  facet normal -0.965885 -0.258972 -1.21761e-18
    outer loop
      vertex -45.5228 99.2605 5.2
      vertex -45.5905 99.513 9
      vertex -45.5905 99.513 5.2
    endloop
  endfacet
  facet normal -0.965885 -0.258972 -1.21761e-18
    outer loop
      vertex -45.5905 99.513 9
      vertex -45.5228 99.2605 5.2
      vertex -45.5228 99.2605 9
    endloop
  endfacet
  facet normal -0.706915 -0.707298 0
    outer loop
      vertex -46.0358 100.149 5.2
      vertex -45.8509 99.9642 9
      vertex -46.0358 100.149 9
    endloop
  endfacet
  facet normal -0.706915 -0.707298 -0
    outer loop
      vertex -45.8509 99.9642 9
      vertex -46.0358 100.149 5.2
      vertex -45.8509 99.9642 5.2
    endloop
  endfacet
  facet normal -0.0879496 -0.996125 0
    outer loop
      vertex -47 100.5 5.2
      vertex -46.7395 100.477 9
      vertex -47 100.5 9
    endloop
  endfacet
  facet normal -0.0879496 -0.996125 -0
    outer loop
      vertex -46.7395 100.477 9
      vertex -47 100.5 5.2
      vertex -46.7395 100.477 5.2
    endloop
  endfacet
  facet normal -0.573616 -0.819124 0
    outer loop
      vertex -46.25 100.299 5.2
      vertex -46.0358 100.149 9
      vertex -46.25 100.299 9
    endloop
  endfacet
  facet normal -0.573616 -0.819124 -0
    outer loop
      vertex -46.0358 100.149 9
      vertex -46.25 100.299 5.2
      vertex -46.0358 100.149 5.2
    endloop
  endfacet
  facet normal 0.965885 -0.258972 1.21761e-18
    outer loop
      vertex -48.4772 99.2605 9
      vertex -48.4095 99.513 5.2
      vertex -48.4095 99.513 9
    endloop
  endfacet
  facet normal 0.965885 -0.258972 1.21761e-18
    outer loop
      vertex -48.4095 99.513 5.2
      vertex -48.4772 99.2605 9
      vertex -48.4772 99.2605 5.2
    endloop
  endfacet
  facet normal 0.706915 -0.707298 0
    outer loop
      vertex -48.1491 99.9642 5.2
      vertex -47.9642 100.149 9
      vertex -48.1491 99.9642 9
    endloop
  endfacet
  facet normal 0.706915 -0.707298 0
    outer loop
      vertex -47.9642 100.149 9
      vertex -48.1491 99.9642 5.2
      vertex -47.9642 100.149 5.2
    endloop
  endfacet
  facet normal 0.42414 -0.905597 0
    outer loop
      vertex -47.75 100.299 5.2
      vertex -47.513 100.41 9
      vertex -47.75 100.299 9
    endloop
  endfacet
  facet normal 0.42414 -0.905597 0
    outer loop
      vertex -47.513 100.41 9
      vertex -47.75 100.299 5.2
      vertex -47.513 100.41 5.2
    endloop
  endfacet
  facet normal 0.0879496 -0.996125 0
    outer loop
      vertex -47.2605 100.477 5.2
      vertex -47 100.5 9
      vertex -47.2605 100.477 9
    endloop
  endfacet
  facet normal 0.0879496 -0.996125 0
    outer loop
      vertex -47 100.5 9
      vertex -47.2605 100.477 5.2
      vertex -47 100.5 5.2
    endloop
  endfacet
  facet normal 0.573616 -0.819124 0
    outer loop
      vertex -47.9642 100.149 5.2
      vertex -47.75 100.299 9
      vertex -47.9642 100.149 9
    endloop
  endfacet
  facet normal 0.573616 -0.819124 0
    outer loop
      vertex -47.75 100.299 9
      vertex -47.9642 100.149 5.2
      vertex -47.75 100.299 5.2
    endloop
  endfacet
  facet normal -0.996192 -0.0871907 -2.63823e-19
    outer loop
      vertex -45.5 99 5.2
      vertex -45.5228 99.2605 9
      vertex -45.5228 99.2605 5.2
    endloop
  endfacet
  facet normal -0.996192 -0.0871907 -2.63823e-19
    outer loop
      vertex -45.5228 99.2605 9
      vertex -45.5 99 5.2
      vertex -45.5 99 9
    endloop
  endfacet
  facet normal -0.965885 0.258972 1.21761e-18
    outer loop
      vertex -45.5905 98.487 5.2
      vertex -45.5228 98.7395 9
      vertex -45.5228 98.7395 5.2
    endloop
  endfacet
  facet normal -0.965885 0.258972 1.21761e-18
    outer loop
      vertex -45.5228 98.7395 9
      vertex -45.5905 98.487 5.2
      vertex -45.5905 98.487 9
    endloop
  endfacet
  facet normal 0.819304 0.57336 2.00871e-18
    outer loop
      vertex -48.1491 98.0358 9
      vertex -48.299 98.25 5.2
      vertex -48.299 98.25 9
    endloop
  endfacet
  facet normal 0.819304 0.57336 2.00871e-18
    outer loop
      vertex -48.299 98.25 5.2
      vertex -48.1491 98.0358 9
      vertex -48.1491 98.0358 5.2
    endloop
  endfacet
  facet normal -0.256471 -0.966552 0
    outer loop
      vertex -46.7395 100.477 5.2
      vertex -46.487 100.41 9
      vertex -46.7395 100.477 9
    endloop
  endfacet
  facet normal -0.256471 -0.966552 -0
    outer loop
      vertex -46.487 100.41 9
      vertex -46.7395 100.477 5.2
      vertex -46.487 100.41 5.2
    endloop
  endfacet
  facet normal 0.996192 -0.0871907 2.63823e-19
    outer loop
      vertex -48.5 99 9
      vertex -48.4772 99.2605 5.2
      vertex -48.4772 99.2605 9
    endloop
  endfacet
  facet normal 0.996192 -0.0871907 2.63823e-19
    outer loop
      vertex -48.4772 99.2605 5.2
      vertex -48.5 99 9
      vertex -48.5 99 5.2
    endloop
  endfacet
  facet normal 0.90633 -0.422571 1.03314e-18
    outer loop
      vertex -48.4095 99.513 9
      vertex -48.299 99.75 5.2
      vertex -48.299 99.75 9
    endloop
  endfacet
  facet normal 0.90633 -0.422571 1.03314e-18
    outer loop
      vertex -48.299 99.75 5.2
      vertex -48.4095 99.513 9
      vertex -48.4095 99.513 5.2
    endloop
  endfacet
  facet normal 0.996192 0.0871907 -2.63823e-19
    outer loop
      vertex -48.4772 98.7395 9
      vertex -48.5 99 5.2
      vertex -48.5 99 9
    endloop
  endfacet
  facet normal 0.996192 0.0871907 -2.63823e-19
    outer loop
      vertex -48.5 99 5.2
      vertex -48.4772 98.7395 9
      vertex -48.4772 98.7395 5.2
    endloop
  endfacet
  facet normal -0.57336 0.819304 0
    outer loop
      vertex -46.0358 97.8509 5.2
      vertex -46.25 97.701 9
      vertex -46.0358 97.8509 9
    endloop
  endfacet
  facet normal -0.57336 0.819304 0
    outer loop
      vertex -46.25 97.701 9
      vertex -46.0358 97.8509 5.2
      vertex -46.25 97.701 5.2
    endloop
  endfacet
  facet normal -0.819304 0.57336 -2.00871e-18
    outer loop
      vertex -45.8509 98.0358 5.2
      vertex -45.701 98.25 9
      vertex -45.701 98.25 5.2
    endloop
  endfacet
  facet normal -0.819304 0.57336 -2.00871e-18
    outer loop
      vertex -45.701 98.25 9
      vertex -45.8509 98.0358 5.2
      vertex -45.8509 98.0358 9
    endloop
  endfacet
  facet normal -0.90633 0.422571 1.03314e-18
    outer loop
      vertex -45.701 98.25 5.2
      vertex -45.5905 98.487 9
      vertex -45.5905 98.487 5.2
    endloop
  endfacet
  facet normal -0.90633 0.422571 1.03314e-18
    outer loop
      vertex -45.5905 98.487 9
      vertex -45.701 98.25 5.2
      vertex -45.701 98.25 9
    endloop
  endfacet
  facet normal 0.422571 0.90633 -0
    outer loop
      vertex -47.513 97.5905 5.2
      vertex -47.75 97.701 9
      vertex -47.513 97.5905 9
    endloop
  endfacet
  facet normal 0.422571 0.90633 0
    outer loop
      vertex -47.75 97.701 9
      vertex -47.513 97.5905 5.2
      vertex -47.75 97.701 5.2
    endloop
  endfacet
  facet normal 0.90633 0.422571 -1.03314e-18
    outer loop
      vertex -48.299 98.25 9
      vertex -48.4095 98.487 5.2
      vertex -48.4095 98.487 9
    endloop
  endfacet
  facet normal 0.90633 0.422571 -1.03314e-18
    outer loop
      vertex -48.4095 98.487 5.2
      vertex -48.299 98.25 9
      vertex -48.299 98.25 5.2
    endloop
  endfacet
  facet normal 0.965885 0.258972 -1.21761e-18
    outer loop
      vertex -48.4095 98.487 9
      vertex -48.4772 98.7395 5.2
      vertex -48.4772 98.7395 9
    endloop
  endfacet
  facet normal 0.965885 0.258972 -1.21761e-18
    outer loop
      vertex -48.4772 98.7395 5.2
      vertex -48.4095 98.487 9
      vertex -48.4095 98.487 5.2
    endloop
  endfacet
  facet normal 0.707107 0.707107 -0
    outer loop
      vertex -47.9642 97.8509 5.2
      vertex -48.1491 98.0358 9
      vertex -47.9642 97.8509 9
    endloop
  endfacet
  facet normal 0.707107 0.707107 0
    outer loop
      vertex -48.1491 98.0358 9
      vertex -47.9642 97.8509 5.2
      vertex -48.1491 98.0358 5.2
    endloop
  endfacet
  facet normal -0.422571 0.90633 0
    outer loop
      vertex -46.25 97.701 5.2
      vertex -46.487 97.5905 9
      vertex -46.25 97.701 9
    endloop
  endfacet
  facet normal -0.422571 0.90633 0
    outer loop
      vertex -46.487 97.5905 9
      vertex -46.25 97.701 5.2
      vertex -46.487 97.5905 5.2
    endloop
  endfacet
  facet normal -0.707107 0.707107 0
    outer loop
      vertex -45.8509 98.0358 5.2
      vertex -46.0358 97.8509 9
      vertex -45.8509 98.0358 9
    endloop
  endfacet
  facet normal -0.707107 0.707107 0
    outer loop
      vertex -46.0358 97.8509 9
      vertex -45.8509 98.0358 5.2
      vertex -46.0358 97.8509 5.2
    endloop
  endfacet
  facet normal 0.57336 0.819304 -0
    outer loop
      vertex -47.75 97.701 5.2
      vertex -47.9642 97.8509 9
      vertex -47.75 97.701 9
    endloop
  endfacet
  facet normal 0.57336 0.819304 0
    outer loop
      vertex -47.9642 97.8509 9
      vertex -47.75 97.701 5.2
      vertex -47.9642 97.8509 5.2
    endloop
  endfacet
  facet normal -0.0871907 0.996192 0
    outer loop
      vertex -46.7395 97.5228 5.2
      vertex -47 97.5 9
      vertex -46.7395 97.5228 9
    endloop
  endfacet
  facet normal -0.0871907 0.996192 0
    outer loop
      vertex -47 97.5 9
      vertex -46.7395 97.5228 5.2
      vertex -47 97.5 5.2
    endloop
  endfacet
  facet normal 0.0871907 0.996192 -0
    outer loop
      vertex -47 97.5 5.2
      vertex -47.2605 97.5228 9
      vertex -47 97.5 9
    endloop
  endfacet
  facet normal 0.0871907 0.996192 0
    outer loop
      vertex -47.2605 97.5228 9
      vertex -47 97.5 5.2
      vertex -47.2605 97.5228 5.2
    endloop
  endfacet
  facet normal 0.258972 0.965885 -0
    outer loop
      vertex -47.2605 97.5228 5.2
      vertex -47.513 97.5905 9
      vertex -47.2605 97.5228 9
    endloop
  endfacet
  facet normal 0.258972 0.965885 0
    outer loop
      vertex -47.513 97.5905 9
      vertex -47.2605 97.5228 5.2
      vertex -47.513 97.5905 5.2
    endloop
  endfacet
  facet normal -0.923867 -0.382714 -5.3707e-18
    outer loop
      vertex -44.1468 99.927 3
      vertex -44.327 100.362 5.2
      vertex -44.327 100.362 3
    endloop
  endfacet
  facet normal -0.923867 -0.382714 -5.3707e-18
    outer loop
      vertex -44.327 100.362 5.2
      vertex -44.1468 99.927 3
      vertex -44.1468 99.927 5.2
    endloop
  endfacet
  facet normal -0.852482 -0.522756 -3.67343e-18
    outer loop
      vertex -44.327 100.362 3
      vertex -44.5729 100.763 5.2
      vertex -44.5729 100.763 3
    endloop
  endfacet
  facet normal -0.852482 -0.522756 -3.67343e-18
    outer loop
      vertex -44.5729 100.763 5.2
      vertex -44.327 100.362 3
      vertex -44.327 100.362 5.2
    endloop
  endfacet
  facet normal -0.382427 -0.923986 0
    outer loop
      vertex -46.0729 101.853 3
      vertex -45.638 101.673 5.2
      vertex -46.0729 101.853 5.2
    endloop
  endfacet
  facet normal -0.382427 -0.923986 -0
    outer loop
      vertex -45.638 101.673 5.2
      vertex -46.0729 101.853 3
      vertex -45.638 101.673 3
    endloop
  endfacet
  facet normal 0.382427 -0.923986 0
    outer loop
      vertex -48.362 101.673 3
      vertex -47.9271 101.853 5.2
      vertex -48.362 101.673 5.2
    endloop
  endfacet
  facet normal 0.382427 -0.923986 0
    outer loop
      vertex -47.9271 101.853 5.2
      vertex -48.362 101.673 3
      vertex -47.9271 101.853 3
    endloop
  endfacet
  facet normal 0.852482 -0.522756 3.67343e-18
    outer loop
      vertex -49.673 100.362 5.2
      vertex -49.4271 100.763 3
      vertex -49.4271 100.763 5.2
    endloop
  endfacet
  facet normal 0.852482 -0.522756 3.67343e-18
    outer loop
      vertex -49.4271 100.763 3
      vertex -49.673 100.362 5.2
      vertex -49.673 100.362 3
    endloop
  endfacet
  facet normal -0.972362 0.233477 -2.2379e-18
    outer loop
      vertex -44.1468 98.073 3
      vertex -44.0369 98.5307 5.2
      vertex -44.0369 98.5307 3
    endloop
  endfacet
  facet normal -0.972362 0.233477 -2.2379e-18
    outer loop
      vertex -44.0369 98.5307 5.2
      vertex -44.1468 98.073 3
      vertex -44.1468 98.073 5.2
    endloop
  endfacet
  facet normal -0.972362 -0.233477 2.2379e-18
    outer loop
      vertex -44.0369 99.4693 3
      vertex -44.1468 99.927 5.2
      vertex -44.1468 99.927 3
    endloop
  endfacet
  facet normal -0.972362 -0.233477 2.2379e-18
    outer loop
      vertex -44.1468 99.927 5.2
      vertex -44.0369 99.4693 3
      vertex -44.0369 99.4693 5.2
    endloop
  endfacet
  facet normal -0.0785969 -0.996906 0
    outer loop
      vertex -47 102 3
      vertex -46.5307 101.963 5.2
      vertex -47 102 5.2
    endloop
  endfacet
  facet normal -0.0785969 -0.996906 -0
    outer loop
      vertex -46.5307 101.963 5.2
      vertex -47 102 3
      vertex -46.5307 101.963 3
    endloop
  endfacet
  facet normal -0.522532 -0.85262 0
    outer loop
      vertex -45.638 101.673 3
      vertex -45.2366 101.427 5.2
      vertex -45.638 101.673 5.2
    endloop
  endfacet
  facet normal -0.522532 -0.85262 -0
    outer loop
      vertex -45.2366 101.427 5.2
      vertex -45.638 101.673 3
      vertex -45.2366 101.427 3
    endloop
  endfacet
  facet normal 0.760365 -0.649496 2.61678e-18
    outer loop
      vertex -49.4271 100.763 5.2
      vertex -49.1213 101.121 3
      vertex -49.1213 101.121 5.2
    endloop
  endfacet
  facet normal 0.760365 -0.649496 2.61678e-18
    outer loop
      vertex -49.1213 101.121 3
      vertex -49.4271 100.763 5.2
      vertex -49.4271 100.763 3
    endloop
  endfacet
  facet normal 0.522532 -0.85262 0
    outer loop
      vertex -48.7634 101.427 3
      vertex -48.362 101.673 5.2
      vertex -48.7634 101.427 5.2
    endloop
  endfacet
  facet normal 0.522532 -0.85262 0
    outer loop
      vertex -48.362 101.673 5.2
      vertex -48.7634 101.427 3
      vertex -48.362 101.673 3
    endloop
  endfacet
  facet normal 0.23363 -0.972326 0
    outer loop
      vertex -47.9271 101.853 3
      vertex -47.4693 101.963 5.2
      vertex -47.9271 101.853 5.2
    endloop
  endfacet
  facet normal 0.23363 -0.972326 0
    outer loop
      vertex -47.4693 101.963 5.2
      vertex -47.9271 101.853 3
      vertex -47.4693 101.963 3
    endloop
  endfacet
  facet normal 0.649846 -0.760066 0
    outer loop
      vertex -49.1213 101.121 3
      vertex -48.7634 101.427 5.2
      vertex -49.1213 101.121 5.2
    endloop
  endfacet
  facet normal 0.649846 -0.760066 0
    outer loop
      vertex -48.7634 101.427 5.2
      vertex -49.1213 101.121 3
      vertex -48.7634 101.427 3
    endloop
  endfacet
  facet normal -0.996923 -0.0783858 1.61449e-18
    outer loop
      vertex -44 99 3
      vertex -44.0369 99.4693 5.2
      vertex -44.0369 99.4693 3
    endloop
  endfacet
  facet normal -0.996923 -0.0783858 1.61449e-18
    outer loop
      vertex -44.0369 99.4693 5.2
      vertex -44 99 3
      vertex -44 99 5.2
    endloop
  endfacet
  facet normal -0.522532 0.85262 0
    outer loop
      vertex -45.2366 96.573 3
      vertex -45.638 96.327 5.2
      vertex -45.2366 96.573 5.2
    endloop
  endfacet
  facet normal -0.522532 0.85262 0
    outer loop
      vertex -45.638 96.327 5.2
      vertex -45.2366 96.573 3
      vertex -45.638 96.327 3
    endloop
  endfacet
  facet normal -0.923867 0.382714 5.3707e-18
    outer loop
      vertex -44.327 97.638 3
      vertex -44.1468 98.073 5.2
      vertex -44.1468 98.073 3
    endloop
  endfacet
  facet normal -0.923867 0.382714 5.3707e-18
    outer loop
      vertex -44.1468 98.073 5.2
      vertex -44.327 97.638 3
      vertex -44.327 97.638 5.2
    endloop
  endfacet
  facet normal -0.649846 -0.760066 0
    outer loop
      vertex -45.2366 101.427 3
      vertex -44.8787 101.121 5.2
      vertex -45.2366 101.427 5.2
    endloop
  endfacet
  facet normal -0.649846 -0.760066 -0
    outer loop
      vertex -44.8787 101.121 5.2
      vertex -45.2366 101.427 3
      vertex -44.8787 101.121 3
    endloop
  endfacet
  facet normal -0.23363 -0.972326 0
    outer loop
      vertex -46.5307 101.963 3
      vertex -46.0729 101.853 5.2
      vertex -46.5307 101.963 5.2
    endloop
  endfacet
  facet normal -0.23363 -0.972326 -0
    outer loop
      vertex -46.0729 101.853 5.2
      vertex -46.5307 101.963 3
      vertex -46.0729 101.853 3
    endloop
  endfacet
  facet normal 0.996923 -0.0783858 -1.61449e-18
    outer loop
      vertex -50 99 5.2
      vertex -49.9631 99.4693 3
      vertex -49.9631 99.4693 5.2
    endloop
  endfacet
  facet normal 0.996923 -0.0783858 -1.61449e-18
    outer loop
      vertex -49.9631 99.4693 3
      vertex -50 99 5.2
      vertex -50 99 3
    endloop
  endfacet
  facet normal 0.923867 -0.382714 5.3707e-18
    outer loop
      vertex -49.8532 99.927 5.2
      vertex -49.673 100.362 3
      vertex -49.673 100.362 5.2
    endloop
  endfacet
  facet normal 0.923867 -0.382714 5.3707e-18
    outer loop
      vertex -49.673 100.362 3
      vertex -49.8532 99.927 5.2
      vertex -49.8532 99.927 3
    endloop
  endfacet
  facet normal 0.0785969 -0.996906 0
    outer loop
      vertex -47.4693 101.963 3
      vertex -47 102 5.2
      vertex -47.4693 101.963 5.2
    endloop
  endfacet
  facet normal 0.0785969 -0.996906 0
    outer loop
      vertex -47 102 5.2
      vertex -47.4693 101.963 3
      vertex -47 102 3
    endloop
  endfacet
  facet normal -0.996923 0.0783858 -1.61449e-18
    outer loop
      vertex -44.0369 98.5307 3
      vertex -44 99 5.2
      vertex -44 99 3
    endloop
  endfacet
  facet normal -0.996923 0.0783858 -1.61449e-18
    outer loop
      vertex -44 99 5.2
      vertex -44.0369 98.5307 3
      vertex -44.0369 98.5307 5.2
    endloop
  endfacet
  facet normal 0.996923 0.0783858 1.61449e-18
    outer loop
      vertex -49.9631 98.5307 5.2
      vertex -50 99 3
      vertex -50 99 5.2
    endloop
  endfacet
  facet normal 0.996923 0.0783858 1.61449e-18
    outer loop
      vertex -50 99 3
      vertex -49.9631 98.5307 5.2
      vertex -49.9631 98.5307 3
    endloop
  endfacet
  facet normal 0.972362 0.233477 2.2379e-18
    outer loop
      vertex -49.8532 98.073 5.2
      vertex -49.9631 98.5307 3
      vertex -49.9631 98.5307 5.2
    endloop
  endfacet
  facet normal 0.972362 0.233477 2.2379e-18
    outer loop
      vertex -49.9631 98.5307 3
      vertex -49.8532 98.073 5.2
      vertex -49.8532 98.073 3
    endloop
  endfacet
  facet normal -0.233429 0.972374 0
    outer loop
      vertex -46.0729 96.1468 3
      vertex -46.5307 96.0369 5.2
      vertex -46.0729 96.1468 5.2
    endloop
  endfacet
  facet normal -0.233429 0.972374 0
    outer loop
      vertex -46.5307 96.0369 5.2
      vertex -46.0729 96.1468 3
      vertex -46.5307 96.0369 3
    endloop
  endfacet
  facet normal -0.38279 0.923836 0
    outer loop
      vertex -45.638 96.327 3
      vertex -46.0729 96.1468 5.2
      vertex -45.638 96.327 5.2
    endloop
  endfacet
  facet normal -0.38279 0.923836 0
    outer loop
      vertex -46.0729 96.1468 5.2
      vertex -45.638 96.327 3
      vertex -46.0729 96.1468 3
    endloop
  endfacet
  facet normal -0.760365 -0.649496 -2.61678e-18
    outer loop
      vertex -44.5729 100.763 3
      vertex -44.8787 101.121 5.2
      vertex -44.8787 101.121 3
    endloop
  endfacet
  facet normal -0.760365 -0.649496 -2.61678e-18
    outer loop
      vertex -44.8787 101.121 5.2
      vertex -44.5729 100.763 3
      vertex -44.5729 100.763 5.2
    endloop
  endfacet
  facet normal 0 0 -1
    outer loop
      vertex -45.5 99 5.2
      vertex -44 99 5.2
      vertex -44.0369 98.5307 5.2
    endloop
  endfacet
  facet normal 0 0 -1
    outer loop
      vertex -45.5228 98.7395 5.2
      vertex -44.0369 98.5307 5.2
      vertex -44.1468 98.073 5.2
    endloop
  endfacet
  facet normal 0 0 -1
    outer loop
      vertex -44 99 5.2
      vertex -45.5 99 5.2
      vertex -44.0369 99.4693 5.2
    endloop
  endfacet
  facet normal 0 0 -1
    outer loop
      vertex -45.5905 98.487 5.2
      vertex -44.1468 98.073 5.2
      vertex -44.327 97.638 5.2
    endloop
  endfacet
  facet normal 0 0 -1
    outer loop
      vertex -45.5228 99.2605 5.2
      vertex -44.0369 99.4693 5.2
      vertex -45.5 99 5.2
    endloop
  endfacet
  facet normal 0 0 -1
    outer loop
      vertex -45.701 98.25 5.2
      vertex -44.327 97.638 5.2
      vertex -44.5729 97.2366 5.2
    endloop
  endfacet
  facet normal -0 0 -1
    outer loop
      vertex -44.0369 99.4693 5.2
      vertex -45.5228 99.2605 5.2
      vertex -44.1468 99.927 5.2
    endloop
  endfacet
  facet normal 0 0 -1
    outer loop
      vertex -45.8509 98.0358 5.2
      vertex -44.5729 97.2366 5.2
      vertex -44.8787 96.8787 5.2
    endloop
  endfacet
  facet normal 0 0 -1
    outer loop
      vertex -45.5905 99.513 5.2
      vertex -44.1468 99.927 5.2
      vertex -45.5228 99.2605 5.2
    endloop
  endfacet
  facet normal 0 0 -1
    outer loop
      vertex -46.0358 97.8509 5.2
      vertex -44.8787 96.8787 5.2
      vertex -45.2366 96.573 5.2
    endloop
  endfacet
  facet normal -0 0 -1
    outer loop
      vertex -44.1468 99.927 5.2
      vertex -45.5905 99.513 5.2
      vertex -44.327 100.362 5.2
    endloop
  endfacet
  facet normal 0 0 -1
    outer loop
      vertex -45.701 99.75 5.2
      vertex -44.327 100.362 5.2
      vertex -45.5905 99.513 5.2
    endloop
  endfacet
  facet normal 0 0 -1
    outer loop
      vertex -44.0369 98.5307 5.2
      vertex -45.5228 98.7395 5.2
      vertex -45.5 99 5.2
    endloop
  endfacet
  facet normal 0 0 -1
    outer loop
      vertex -44.1468 98.073 5.2
      vertex -45.5905 98.487 5.2
      vertex -45.5228 98.7395 5.2
    endloop
  endfacet
  facet normal 0 0 -1
    outer loop
      vertex -46.25 97.701 5.2
      vertex -45.2366 96.573 5.2
      vertex -45.638 96.327 5.2
    endloop
  endfacet
  facet normal 0 0 -1
    outer loop
      vertex -44.327 97.638 5.2
      vertex -45.701 98.25 5.2
      vertex -45.5905 98.487 5.2
    endloop
  endfacet
  facet normal 0 0 -1
    outer loop
      vertex -44.5729 97.2366 5.2
      vertex -45.8509 98.0358 5.2
      vertex -45.701 98.25 5.2
    endloop
  endfacet
  facet normal 0 0 -1
    outer loop
      vertex -44.8787 96.8787 5.2
      vertex -46.0358 97.8509 5.2
      vertex -45.8509 98.0358 5.2
    endloop
  endfacet
  facet normal 0 0 -1
    outer loop
      vertex -46.487 97.5905 5.2
      vertex -45.638 96.327 5.2
      vertex -46.0729 96.1468 5.2
    endloop
  endfacet
  facet normal 0 0 -1
    outer loop
      vertex -45.2366 96.573 5.2
      vertex -46.25 97.701 5.2
      vertex -46.0358 97.8509 5.2
    endloop
  endfacet
  facet normal 0 0 -1
    outer loop
      vertex -45.638 96.327 5.2
      vertex -46.487 97.5905 5.2
      vertex -46.25 97.701 5.2
    endloop
  endfacet
  facet normal 0 0 -1
    outer loop
      vertex -46.7395 97.5228 5.2
      vertex -46.0729 96.1468 5.2
      vertex -46.5307 96.0369 5.2
    endloop
  endfacet
  facet normal 0 0 -1
    outer loop
      vertex -46.0729 96.1468 5.2
      vertex -46.7395 97.5228 5.2
      vertex -46.487 97.5905 5.2
    endloop
  endfacet
  facet normal 0 0 -1
    outer loop
      vertex -47 97.5 5.2
      vertex -46.5307 96.0369 5.2
      vertex -47 96 5.2
    endloop
  endfacet
  facet normal 0 0 -1
    outer loop
      vertex -46.5307 96.0369 5.2
      vertex -47 97.5 5.2
      vertex -46.7395 97.5228 5.2
    endloop
  endfacet
  facet normal 0 0 -1
    outer loop
      vertex -47.4693 96.0369 5.2
      vertex -47 97.5 5.2
      vertex -47 96 5.2
    endloop
  endfacet
  facet normal -0 0 -1
    outer loop
      vertex -47 97.5 5.2
      vertex -47.4693 96.0369 5.2
      vertex -47.2605 97.5228 5.2
    endloop
  endfacet
  facet normal 0 0 -1
    outer loop
      vertex -47.9271 96.1468 5.2
      vertex -47.2605 97.5228 5.2
      vertex -47.4693 96.0369 5.2
    endloop
  endfacet
  facet normal -0 0 -1
    outer loop
      vertex -47.2605 97.5228 5.2
      vertex -47.9271 96.1468 5.2
      vertex -47.513 97.5905 5.2
    endloop
  endfacet
  facet normal 0 0 -1
    outer loop
      vertex -48.362 96.327 5.2
      vertex -47.513 97.5905 5.2
      vertex -47.9271 96.1468 5.2
    endloop
  endfacet
  facet normal -0 0 -1
    outer loop
      vertex -47.513 97.5905 5.2
      vertex -48.362 96.327 5.2
      vertex -47.75 97.701 5.2
    endloop
  endfacet
  facet normal 0 0 -1
    outer loop
      vertex -48.7634 96.573 5.2
      vertex -47.75 97.701 5.2
      vertex -48.362 96.327 5.2
    endloop
  endfacet
  facet normal -0 0 -1
    outer loop
      vertex -47.75 97.701 5.2
      vertex -48.7634 96.573 5.2
      vertex -47.9642 97.8509 5.2
    endloop
  endfacet
  facet normal 0 0 -1
    outer loop
      vertex -49.1213 96.8787 5.2
      vertex -47.9642 97.8509 5.2
      vertex -48.7634 96.573 5.2
    endloop
  endfacet
  facet normal -0 0 -1
    outer loop
      vertex -47.9642 97.8509 5.2
      vertex -49.1213 96.8787 5.2
      vertex -48.1491 98.0358 5.2
    endloop
  endfacet
  facet normal 0 0 -1
    outer loop
      vertex -49.4271 97.2366 5.2
      vertex -48.1491 98.0358 5.2
      vertex -49.1213 96.8787 5.2
    endloop
  endfacet
  facet normal -0 0 -1
    outer loop
      vertex -48.1491 98.0358 5.2
      vertex -49.4271 97.2366 5.2
      vertex -48.299 98.25 5.2
    endloop
  endfacet
  facet normal 0 0 -1
    outer loop
      vertex -49.673 97.638 5.2
      vertex -48.299 98.25 5.2
      vertex -49.4271 97.2366 5.2
    endloop
  endfacet
  facet normal -0 0 -1
    outer loop
      vertex -44.327 100.362 5.2
      vertex -45.701 99.75 5.2
      vertex -44.5729 100.763 5.2
    endloop
  endfacet
  facet normal 0 0 -1
    outer loop
      vertex -45.8509 99.9642 5.2
      vertex -44.5729 100.763 5.2
      vertex -45.701 99.75 5.2
    endloop
  endfacet
  facet normal -0 0 -1
    outer loop
      vertex -44.5729 100.763 5.2
      vertex -45.8509 99.9642 5.2
      vertex -44.8787 101.121 5.2
    endloop
  endfacet
  facet normal 0 0 -1
    outer loop
      vertex -46.0358 100.149 5.2
      vertex -44.8787 101.121 5.2
      vertex -45.8509 99.9642 5.2
    endloop
  endfacet
  facet normal -0 0 -1
    outer loop
      vertex -44.8787 101.121 5.2
      vertex -46.0358 100.149 5.2
      vertex -45.2366 101.427 5.2
    endloop
  endfacet
  facet normal 0 0 -1
    outer loop
      vertex -46.25 100.299 5.2
      vertex -45.2366 101.427 5.2
      vertex -46.0358 100.149 5.2
    endloop
  endfacet
  facet normal -0 0 -1
    outer loop
      vertex -45.2366 101.427 5.2
      vertex -46.25 100.299 5.2
      vertex -45.638 101.673 5.2
    endloop
  endfacet
  facet normal 0 0 -1
    outer loop
      vertex -46.487 100.41 5.2
      vertex -45.638 101.673 5.2
      vertex -46.25 100.299 5.2
    endloop
  endfacet
  facet normal -0 0 -1
    outer loop
      vertex -45.638 101.673 5.2
      vertex -46.487 100.41 5.2
      vertex -46.0729 101.853 5.2
    endloop
  endfacet
  facet normal 0 0 -1
    outer loop
      vertex -46.7395 100.477 5.2
      vertex -46.0729 101.853 5.2
      vertex -46.487 100.41 5.2
    endloop
  endfacet
  facet normal -0 0 -1
    outer loop
      vertex -46.0729 101.853 5.2
      vertex -46.7395 100.477 5.2
      vertex -46.5307 101.963 5.2
    endloop
  endfacet
  facet normal 0 0 -1
    outer loop
      vertex -47 100.5 5.2
      vertex -46.5307 101.963 5.2
      vertex -46.7395 100.477 5.2
    endloop
  endfacet
  facet normal 0 0 -1
    outer loop
      vertex -47 100.5 5.2
      vertex -47 102 5.2
      vertex -46.5307 101.963 5.2
    endloop
  endfacet
  facet normal 0 0 -1
    outer loop
      vertex -47.4693 101.963 5.2
      vertex -47 100.5 5.2
      vertex -47.2605 100.477 5.2
    endloop
  endfacet
  facet normal 0 0 -1
    outer loop
      vertex -47 100.5 5.2
      vertex -47.4693 101.963 5.2
      vertex -47 102 5.2
    endloop
  endfacet
  facet normal 0 0 -1
    outer loop
      vertex -47.9271 101.853 5.2
      vertex -47.2605 100.477 5.2
      vertex -47.513 100.41 5.2
    endloop
  endfacet
  facet normal 0 0 -1
    outer loop
      vertex -48.362 101.673 5.2
      vertex -47.513 100.41 5.2
      vertex -47.75 100.299 5.2
    endloop
  endfacet
  facet normal 0 0 -1
    outer loop
      vertex -47.2605 100.477 5.2
      vertex -47.9271 101.853 5.2
      vertex -47.4693 101.963 5.2
    endloop
  endfacet
  facet normal 0 0 -1
    outer loop
      vertex -48.7634 101.427 5.2
      vertex -47.75 100.299 5.2
      vertex -47.9642 100.149 5.2
    endloop
  endfacet
  facet normal 0 0 -1
    outer loop
      vertex -49.1213 101.121 5.2
      vertex -47.9642 100.149 5.2
      vertex -48.1491 99.9642 5.2
    endloop
  endfacet
  facet normal 0 0 -1
    outer loop
      vertex -49.4271 100.763 5.2
      vertex -48.1491 99.9642 5.2
      vertex -48.299 99.75 5.2
    endloop
  endfacet
  facet normal 0 0 -1
    outer loop
      vertex -47.513 100.41 5.2
      vertex -48.362 101.673 5.2
      vertex -47.9271 101.853 5.2
    endloop
  endfacet
  facet normal 0 0 -1
    outer loop
      vertex -49.673 100.362 5.2
      vertex -48.299 99.75 5.2
      vertex -48.4095 99.513 5.2
    endloop
  endfacet
  facet normal 0 0 -1
    outer loop
      vertex -49.8532 99.927 5.2
      vertex -48.4095 99.513 5.2
      vertex -48.4772 99.2605 5.2
    endloop
  endfacet
  facet normal 0 0 -1
    outer loop
      vertex -49.9631 99.4693 5.2
      vertex -48.4772 99.2605 5.2
      vertex -48.5 99 5.2
    endloop
  endfacet
  facet normal -0 0 -1
    outer loop
      vertex -48.299 98.25 5.2
      vertex -49.673 97.638 5.2
      vertex -48.4095 98.487 5.2
    endloop
  endfacet
  facet normal 0 0 -1
    outer loop
      vertex -47.75 100.299 5.2
      vertex -48.7634 101.427 5.2
      vertex -48.362 101.673 5.2
    endloop
  endfacet
  facet normal 0 0 -1
    outer loop
      vertex -49.8532 98.073 5.2
      vertex -48.4095 98.487 5.2
      vertex -49.673 97.638 5.2
    endloop
  endfacet
  facet normal 0 0 -1
    outer loop
      vertex -47.9642 100.149 5.2
      vertex -49.1213 101.121 5.2
      vertex -48.7634 101.427 5.2
    endloop
  endfacet
  facet normal -0 0 -1
    outer loop
      vertex -48.4095 98.487 5.2
      vertex -49.8532 98.073 5.2
      vertex -48.4772 98.7395 5.2
    endloop
  endfacet
  facet normal 0 0 -1
    outer loop
      vertex -48.1491 99.9642 5.2
      vertex -49.4271 100.763 5.2
      vertex -49.1213 101.121 5.2
    endloop
  endfacet
  facet normal 0 0 -1
    outer loop
      vertex -49.9631 98.5307 5.2
      vertex -48.4772 98.7395 5.2
      vertex -49.8532 98.073 5.2
    endloop
  endfacet
  facet normal 0 0 -1
    outer loop
      vertex -48.299 99.75 5.2
      vertex -49.673 100.362 5.2
      vertex -49.4271 100.763 5.2
    endloop
  endfacet
  facet normal -0 0 -1
    outer loop
      vertex -48.4772 98.7395 5.2
      vertex -49.9631 98.5307 5.2
      vertex -48.5 99 5.2
    endloop
  endfacet
  facet normal 0 0 -1
    outer loop
      vertex -48.4095 99.513 5.2
      vertex -49.8532 99.927 5.2
      vertex -49.673 100.362 5.2
    endloop
  endfacet
  facet normal 0 0 -1
    outer loop
      vertex -50 99 5.2
      vertex -48.5 99 5.2
      vertex -49.9631 98.5307 5.2
    endloop
  endfacet
  facet normal 0 0 -1
    outer loop
      vertex -48.4772 99.2605 5.2
      vertex -49.9631 99.4693 5.2
      vertex -49.8532 99.927 5.2
    endloop
  endfacet
  facet normal 0 0 -1
    outer loop
      vertex -48.5 99 5.2
      vertex -50 99 5.2
      vertex -49.9631 99.4693 5.2
    endloop
  endfacet
  facet normal 0.972362 -0.233477 -2.2379e-18
    outer loop
      vertex -49.9631 99.4693 5.2
      vertex -49.8532 99.927 3
      vertex -49.8532 99.927 5.2
    endloop
  endfacet
  facet normal 0.972362 -0.233477 -2.2379e-18
    outer loop
      vertex -49.8532 99.927 3
      vertex -49.9631 99.4693 5.2
      vertex -49.9631 99.4693 3
    endloop
  endfacet
  facet normal -0.852714 0.522378 3.11459e-18
    outer loop
      vertex -44.5729 97.2366 3
      vertex -44.327 97.638 5.2
      vertex -44.327 97.638 3
    endloop
  endfacet
  facet normal -0.852714 0.522378 3.11459e-18
    outer loop
      vertex -44.327 97.638 5.2
      vertex -44.5729 97.2366 3
      vertex -44.5729 97.2366 5.2
    endloop
  endfacet
  facet normal -0.0783858 0.996923 0
    outer loop
      vertex -46.5307 96.0369 3
      vertex -47 96 5.2
      vertex -46.5307 96.0369 5.2
    endloop
  endfacet
  facet normal -0.0783858 0.996923 0
    outer loop
      vertex -47 96 5.2
      vertex -46.5307 96.0369 3
      vertex -47 96 3
    endloop
  endfacet
  facet normal 0.760275 0.649601 -1.03379e-18
    outer loop
      vertex -49.1213 96.8787 5.2
      vertex -49.4271 97.2366 3
      vertex -49.4271 97.2366 5.2
    endloop
  endfacet
  facet normal 0.760275 0.649601 -1.03379e-18
    outer loop
      vertex -49.4271 97.2366 3
      vertex -49.1213 96.8787 5.2
      vertex -49.1213 96.8787 3
    endloop
  endfacet
  facet normal -0.649478 0.76038 0
    outer loop
      vertex -44.8787 96.8787 3
      vertex -45.2366 96.573 5.2
      vertex -44.8787 96.8787 5.2
    endloop
  endfacet
  facet normal -0.649478 0.76038 0
    outer loop
      vertex -45.2366 96.573 5.2
      vertex -44.8787 96.8787 3
      vertex -45.2366 96.573 3
    endloop
  endfacet
  facet normal 0.522532 0.85262 -0
    outer loop
      vertex -48.362 96.327 3
      vertex -48.7634 96.573 5.2
      vertex -48.362 96.327 5.2
    endloop
  endfacet
  facet normal 0.522532 0.85262 0
    outer loop
      vertex -48.7634 96.573 5.2
      vertex -48.362 96.327 3
      vertex -48.7634 96.573 3
    endloop
  endfacet
  facet normal 0.38279 0.923836 -0
    outer loop
      vertex -47.9271 96.1468 3
      vertex -48.362 96.327 5.2
      vertex -47.9271 96.1468 5.2
    endloop
  endfacet
  facet normal 0.38279 0.923836 0
    outer loop
      vertex -48.362 96.327 5.2
      vertex -47.9271 96.1468 3
      vertex -48.362 96.327 3
    endloop
  endfacet
  facet normal 0.233429 0.972374 -0
    outer loop
      vertex -47.4693 96.0369 3
      vertex -47.9271 96.1468 5.2
      vertex -47.4693 96.0369 5.2
    endloop
  endfacet
  facet normal 0.233429 0.972374 0
    outer loop
      vertex -47.9271 96.1468 5.2
      vertex -47.4693 96.0369 3
      vertex -47.9271 96.1468 3
    endloop
  endfacet
  facet normal 0.923867 0.382714 -5.3707e-18
    outer loop
      vertex -49.673 97.638 5.2
      vertex -49.8532 98.073 3
      vertex -49.8532 98.073 5.2
    endloop
  endfacet
  facet normal 0.923867 0.382714 -5.3707e-18
    outer loop
      vertex -49.8532 98.073 3
      vertex -49.673 97.638 5.2
      vertex -49.673 97.638 3
    endloop
  endfacet
  facet normal 0.852714 0.522378 -3.11459e-18
    outer loop
      vertex -49.4271 97.2366 5.2
      vertex -49.673 97.638 3
      vertex -49.673 97.638 5.2
    endloop
  endfacet
  facet normal 0.852714 0.522378 -3.11459e-18
    outer loop
      vertex -49.673 97.638 3
      vertex -49.4271 97.2366 5.2
      vertex -49.4271 97.2366 3
    endloop
  endfacet
  facet normal -0.760275 0.649601 1.03379e-18
    outer loop
      vertex -44.8787 96.8787 3
      vertex -44.5729 97.2366 5.2
      vertex -44.5729 97.2366 3
    endloop
  endfacet
  facet normal -0.760275 0.649601 1.03379e-18
    outer loop
      vertex -44.5729 97.2366 5.2
      vertex -44.8787 96.8787 3
      vertex -44.8787 96.8787 5.2
    endloop
  endfacet
  facet normal 0.0783858 0.996923 -0
    outer loop
      vertex -47 96 3
      vertex -47.4693 96.0369 5.2
      vertex -47 96 5.2
    endloop
  endfacet
  facet normal 0.0783858 0.996923 0
    outer loop
      vertex -47.4693 96.0369 5.2
      vertex -47 96 3
      vertex -47.4693 96.0369 3
    endloop
  endfacet
  facet normal 0.649478 0.76038 -0
    outer loop
      vertex -48.7634 96.573 3
      vertex -49.1213 96.8787 5.2
      vertex -48.7634 96.573 5.2
    endloop
  endfacet
  facet normal 0.649478 0.76038 0
    outer loop
      vertex -49.1213 96.8787 5.2
      vertex -48.7634 96.573 3
      vertex -49.1213 96.8787 3
    endloop
  endfacet
  facet normal -0.996191 -0.0872006 -4.3052e-19
    outer loop
      vertex 48.5 1 5.2
      vertex 48.4772 1.26047 9
      vertex 48.4772 1.26047 5.2
    endloop
  endfacet
  facet normal -0.996191 -0.0872006 -4.3052e-19
    outer loop
      vertex 48.4772 1.26047 9
      vertex 48.5 1 5.2
      vertex 48.5 1 9
    endloop
  endfacet
  facet normal 0.0871527 -0.996195 0
    outer loop
      vertex 46.7395 2.47721 5.2
      vertex 47 2.5 9
      vertex 46.7395 2.47721 9
    endloop
  endfacet
  facet normal 0.0871527 -0.996195 0
    outer loop
      vertex 47 2.5 9
      vertex 46.7395 2.47721 5.2
      vertex 47 2.5 5.2
    endloop
  endfacet
  facet normal -0.573539 -0.819178 0
    outer loop
      vertex 47.75 2.29904 5.2
      vertex 47.9642 2.14907 9
      vertex 47.75 2.29904 9
    endloop
  endfacet
  facet normal -0.573539 -0.819178 -0
    outer loop
      vertex 47.9642 2.14907 9
      vertex 47.75 2.29904 5.2
      vertex 47.9642 2.14907 5.2
    endloop
  endfacet
  facet normal 0.819279 -0.573396 2.03953e-18
    outer loop
      vertex 45.701 1.75 9
      vertex 45.8509 1.96418 5.2
      vertex 45.8509 1.96418 9
    endloop
  endfacet
  facet normal 0.819279 -0.573396 2.03953e-18
    outer loop
      vertex 45.8509 1.96418 5.2
      vertex 45.701 1.75 9
      vertex 45.701 1.75 5.2
    endloop
  endfacet
  facet normal 0.422571 -0.90633 0
    outer loop
      vertex 46.25 2.29904 5.2
      vertex 46.487 2.40954 9
      vertex 46.25 2.29904 9
    endloop
  endfacet
  facet normal 0.422571 -0.90633 0
    outer loop
      vertex 46.487 2.40954 9
      vertex 46.25 2.29904 5.2
      vertex 46.487 2.40954 5.2
    endloop
  endfacet
  facet normal -0.906309 -0.422615 8.1159e-19
    outer loop
      vertex 48.4095 1.51303 5.2
      vertex 48.299 1.75 9
      vertex 48.299 1.75 5.2
    endloop
  endfacet
  facet normal -0.906309 -0.422615 8.1159e-19
    outer loop
      vertex 48.299 1.75 9
      vertex 48.4095 1.51303 5.2
      vertex 48.4095 1.51303 9
    endloop
  endfacet
  facet normal -0.9659 -0.258915 1.07072e-18
    outer loop
      vertex 48.4772 1.26047 5.2
      vertex 48.4095 1.51303 9
      vertex 48.4095 1.51303 5.2
    endloop
  endfacet
  facet normal -0.9659 -0.258915 1.07072e-18
    outer loop
      vertex 48.4095 1.51303 9
      vertex 48.4772 1.26047 5.2
      vertex 48.4772 1.26047 9
    endloop
  endfacet
  facet normal -0.819279 -0.573396 -2.03953e-18
    outer loop
      vertex 48.299 1.75 5.2
      vertex 48.1491 1.96418 9
      vertex 48.1491 1.96418 5.2
    endloop
  endfacet
  facet normal -0.819279 -0.573396 -2.03953e-18
    outer loop
      vertex 48.1491 1.96418 9
      vertex 48.299 1.75 5.2
      vertex 48.299 1.75 9
    endloop
  endfacet
  facet normal -0.258865 -0.965914 0
    outer loop
      vertex 47.2605 2.47721 5.2
      vertex 47.513 2.40954 9
      vertex 47.2605 2.47721 9
    endloop
  endfacet
  facet normal -0.258865 -0.965914 -0
    outer loop
      vertex 47.513 2.40954 9
      vertex 47.2605 2.47721 5.2
      vertex 47.513 2.40954 5.2
    endloop
  endfacet
  facet normal -0.0871527 -0.996195 0
    outer loop
      vertex 47 2.5 5.2
      vertex 47.2605 2.47721 9
      vertex 47 2.5 9
    endloop
  endfacet
  facet normal -0.0871527 -0.996195 -0
    outer loop
      vertex 47.2605 2.47721 9
      vertex 47 2.5 5.2
      vertex 47.2605 2.47721 5.2
    endloop
  endfacet
  facet normal -0.422571 -0.90633 0
    outer loop
      vertex 47.513 2.40954 5.2
      vertex 47.75 2.29904 9
      vertex 47.513 2.40954 9
    endloop
  endfacet
  facet normal -0.422571 -0.90633 -0
    outer loop
      vertex 47.75 2.29904 9
      vertex 47.513 2.40954 5.2
      vertex 47.75 2.29904 5.2
    endloop
  endfacet
  facet normal 0.9659 -0.258915 -1.07072e-18
    outer loop
      vertex 45.5228 1.26047 9
      vertex 45.5905 1.51303 5.2
      vertex 45.5905 1.51303 9
    endloop
  endfacet
  facet normal 0.9659 -0.258915 -1.07072e-18
    outer loop
      vertex 45.5905 1.51303 5.2
      vertex 45.5228 1.26047 9
      vertex 45.5228 1.26047 5.2
    endloop
  endfacet
  facet normal 0.906309 -0.422615 -8.1159e-19
    outer loop
      vertex 45.5905 1.51303 9
      vertex 45.701 1.75 5.2
      vertex 45.701 1.75 9
    endloop
  endfacet
  facet normal 0.906309 -0.422615 -8.1159e-19
    outer loop
      vertex 45.701 1.75 5.2
      vertex 45.5905 1.51303 9
      vertex 45.5905 1.51303 5.2
    endloop
  endfacet
  facet normal 0.996191 -0.0872006 4.3052e-19
    outer loop
      vertex 45.5 1 9
      vertex 45.5228 1.26047 5.2
      vertex 45.5228 1.26047 9
    endloop
  endfacet
  facet normal 0.996191 -0.0872006 4.3052e-19
    outer loop
      vertex 45.5228 1.26047 5.2
      vertex 45.5 1 9
      vertex 45.5 1 5.2
    endloop
  endfacet
  facet normal 0.573539 -0.819178 0
    outer loop
      vertex 46.0358 2.14907 5.2
      vertex 46.25 2.29904 9
      vertex 46.0358 2.14907 9
    endloop
  endfacet
  facet normal 0.573539 -0.819178 0
    outer loop
      vertex 46.25 2.29904 9
      vertex 46.0358 2.14907 5.2
      vertex 46.25 2.29904 5.2
    endloop
  endfacet
  facet normal 0.258865 -0.965914 0
    outer loop
      vertex 46.487 2.40954 5.2
      vertex 46.7395 2.47721 9
      vertex 46.487 2.40954 9
    endloop
  endfacet
  facet normal 0.258865 -0.965914 0
    outer loop
      vertex 46.7395 2.47721 9
      vertex 46.487 2.40954 5.2
      vertex 46.7395 2.47721 5.2
    endloop
  endfacet
  facet normal -0.996191 0.0872 -7.24631e-20
    outer loop
      vertex 48.4772 0.739528 5.2
      vertex 48.5 1 9
      vertex 48.5 1 5.2
    endloop
  endfacet
  facet normal -0.996191 0.0872 -7.24631e-20
    outer loop
      vertex 48.5 1 9
      vertex 48.4772 0.739528 5.2
      vertex 48.4772 0.739528 9
    endloop
  endfacet
  facet normal -0.906308 0.422617 -3.06905e-19
    outer loop
      vertex 48.299 0.25 5.2
      vertex 48.4095 0.486969 9
      vertex 48.4095 0.486969 5.2
    endloop
  endfacet
  facet normal -0.906308 0.422617 -3.06905e-19
    outer loop
      vertex 48.4095 0.486969 9
      vertex 48.299 0.25 5.2
      vertex 48.299 0.25 9
    endloop
  endfacet
  facet normal 0.0871489 0.996195 -0
    outer loop
      vertex 47 -0.5 5.2
      vertex 46.7395 -0.477211 9
      vertex 47 -0.5 9
    endloop
  endfacet
  facet normal 0.0871489 0.996195 0
    outer loop
      vertex 46.7395 -0.477211 9
      vertex 47 -0.5 5.2
      vertex 46.7395 -0.477211 5.2
    endloop
  endfacet
  facet normal -0.258876 0.965911 0
    outer loop
      vertex 47.513 -0.409538 5.2
      vertex 47.2605 -0.477211 9
      vertex 47.513 -0.409538 9
    endloop
  endfacet
  facet normal -0.258876 0.965911 0
    outer loop
      vertex 47.2605 -0.477211 9
      vertex 47.513 -0.409538 5.2
      vertex 47.2605 -0.477211 5.2
    endloop
  endfacet
  facet normal -0.707088 -0.707126 0
    outer loop
      vertex 47.9642 2.14907 5.2
      vertex 48.1491 1.96418 9
      vertex 47.9642 2.14907 9
    endloop
  endfacet
  facet normal -0.707088 -0.707126 -0
    outer loop
      vertex 48.1491 1.96418 9
      vertex 47.9642 2.14907 5.2
      vertex 48.1491 1.96418 5.2
    endloop
  endfacet
  facet normal 0.996191 0.0872 7.24631e-20
    outer loop
      vertex 45.5228 0.739528 9
      vertex 45.5 1 5.2
      vertex 45.5 1 9
    endloop
  endfacet
  facet normal 0.996191 0.0872 7.24631e-20
    outer loop
      vertex 45.5 1 5.2
      vertex 45.5228 0.739528 9
      vertex 45.5228 0.739528 5.2
    endloop
  endfacet
  facet normal -0.707076 0.707137 0
    outer loop
      vertex 48.1491 0.0358181 5.2
      vertex 47.9642 -0.149066 9
      vertex 48.1491 0.0358181 9
    endloop
  endfacet
  facet normal -0.707076 0.707137 0
    outer loop
      vertex 47.9642 -0.149066 9
      vertex 48.1491 0.0358181 5.2
      vertex 47.9642 -0.149066 5.2
    endloop
  endfacet
  facet normal 0.258876 0.965911 -0
    outer loop
      vertex 46.7395 -0.477211 5.2
      vertex 46.487 -0.409538 9
      vertex 46.7395 -0.477211 9
    endloop
  endfacet
  facet normal 0.258876 0.965911 0
    outer loop
      vertex 46.487 -0.409538 9
      vertex 46.7395 -0.477211 5.2
      vertex 46.487 -0.409538 5.2
    endloop
  endfacet
  facet normal 0.9659 0.258915 3.76798e-19
    outer loop
      vertex 45.5905 0.486969 9
      vertex 45.5228 0.739528 5.2
      vertex 45.5228 0.739528 9
    endloop
  endfacet
  facet normal 0.9659 0.258915 3.76798e-19
    outer loop
      vertex 45.5228 0.739528 5.2
      vertex 45.5905 0.486969 9
      vertex 45.5905 0.486969 5.2
    endloop
  endfacet
  facet normal 0.906308 0.422617 3.06905e-19
    outer loop
      vertex 45.701 0.25 9
      vertex 45.5905 0.486969 5.2
      vertex 45.5905 0.486969 9
    endloop
  endfacet
  facet normal 0.906308 0.422617 3.06905e-19
    outer loop
      vertex 45.5905 0.486969 5.2
      vertex 45.701 0.25 9
      vertex 45.701 0.25 5.2
    endloop
  endfacet
  facet normal -0.819281 0.573392 1.7735e-19
    outer loop
      vertex 48.1491 0.0358181 5.2
      vertex 48.299 0.25 9
      vertex 48.299 0.25 5.2
    endloop
  endfacet
  facet normal -0.819281 0.573392 1.7735e-19
    outer loop
      vertex 48.299 0.25 9
      vertex 48.1491 0.0358181 5.2
      vertex 48.1491 0.0358181 9
    endloop
  endfacet
  facet normal -0.422571 0.90633 0
    outer loop
      vertex 47.75 -0.299038 5.2
      vertex 47.513 -0.409538 9
      vertex 47.75 -0.299038 9
    endloop
  endfacet
  facet normal -0.422571 0.90633 0
    outer loop
      vertex 47.513 -0.409538 9
      vertex 47.75 -0.299038 5.2
      vertex 47.513 -0.409538 5.2
    endloop
  endfacet
  facet normal 0.707088 -0.707126 0
    outer loop
      vertex 45.8509 1.96418 5.2
      vertex 46.0358 2.14907 9
      vertex 45.8509 1.96418 9
    endloop
  endfacet
  facet normal 0.707088 -0.707126 0
    outer loop
      vertex 46.0358 2.14907 9
      vertex 45.8509 1.96418 5.2
      vertex 46.0358 2.14907 5.2
    endloop
  endfacet
  facet normal -0.9659 0.258915 -3.76798e-19
    outer loop
      vertex 48.4095 0.486969 5.2
      vertex 48.4772 0.739528 9
      vertex 48.4772 0.739528 5.2
    endloop
  endfacet
  facet normal -0.9659 0.258915 -3.76798e-19
    outer loop
      vertex 48.4772 0.739528 9
      vertex 48.4095 0.486969 5.2
      vertex 48.4095 0.486969 9
    endloop
  endfacet
  facet normal -0.0871489 0.996195 0
    outer loop
      vertex 47.2605 -0.477211 5.2
      vertex 47 -0.5 9
      vertex 47.2605 -0.477211 9
    endloop
  endfacet
  facet normal -0.0871489 0.996195 0
    outer loop
      vertex 47 -0.5 9
      vertex 47.2605 -0.477211 5.2
      vertex 47 -0.5 5.2
    endloop
  endfacet
  facet normal 0.422571 0.90633 -0
    outer loop
      vertex 46.487 -0.409538 5.2
      vertex 46.25 -0.299038 9
      vertex 46.487 -0.409538 9
    endloop
  endfacet
  facet normal 0.422571 0.90633 0
    outer loop
      vertex 46.25 -0.299038 9
      vertex 46.487 -0.409538 5.2
      vertex 46.25 -0.299038 5.2
    endloop
  endfacet
  facet normal 0.707076 0.707137 -0
    outer loop
      vertex 46.0358 -0.149066 5.2
      vertex 45.8509 0.0358181 9
      vertex 46.0358 -0.149066 9
    endloop
  endfacet
  facet normal 0.707076 0.707137 0
    outer loop
      vertex 45.8509 0.0358181 9
      vertex 46.0358 -0.149066 5.2
      vertex 45.8509 0.0358181 5.2
    endloop
  endfacet
  facet normal 0.819281 0.573392 -1.7735e-19
    outer loop
      vertex 45.8509 0.0358181 9
      vertex 45.701 0.25 5.2
      vertex 45.701 0.25 9
    endloop
  endfacet
  facet normal 0.819281 0.573392 -1.7735e-19
    outer loop
      vertex 45.701 0.25 5.2
      vertex 45.8509 0.0358181 9
      vertex 45.8509 0.0358181 5.2
    endloop
  endfacet
  facet normal -0.573544 0.819174 0
    outer loop
      vertex 47.9642 -0.149066 5.2
      vertex 47.75 -0.299038 9
      vertex 47.9642 -0.149066 9
    endloop
  endfacet
  facet normal -0.573544 0.819174 0
    outer loop
      vertex 47.75 -0.299038 9
      vertex 47.9642 -0.149066 5.2
      vertex 47.75 -0.299038 5.2
    endloop
  endfacet
  facet normal 0.573544 0.819174 -0
    outer loop
      vertex 46.25 -0.299038 5.2
      vertex 46.0358 -0.149066 9
      vertex 46.25 -0.299038 9
    endloop
  endfacet
  facet normal 0.573544 0.819174 0
    outer loop
      vertex 46.0358 -0.149066 9
      vertex 46.25 -0.299038 5.2
      vertex 46.0358 -0.149066 5.2
    endloop
  endfacet
  facet normal -0.996923 -0.0783858 -8.99666e-20
    outer loop
      vertex 50 1 3
      vertex 49.9631 1.4693 5.2
      vertex 49.9631 1.4693 3
    endloop
  endfacet
  facet normal -0.996923 -0.0783858 -8.99666e-20
    outer loop
      vertex 49.9631 1.4693 5.2
      vertex 50 1 3
      vertex 50 1 5.2
    endloop
  endfacet
  facet normal 0.0784703 -0.996916 0
    outer loop
      vertex 46.5307 3.96306 3
      vertex 47 4 5.2
      vertex 46.5307 3.96306 5.2
    endloop
  endfacet
  facet normal 0.0784703 -0.996916 0
    outer loop
      vertex 47 4 5.2
      vertex 46.5307 3.96306 3
      vertex 47 4 3
    endloop
  endfacet
  facet normal -0.0784703 0.996916 0
    outer loop
      vertex 47.4693 -1.96306 3
      vertex 47 -2 5.2
      vertex 47.4693 -1.96306 5.2
    endloop
  endfacet
  facet normal -0.0784703 0.996916 0
    outer loop
      vertex 47 -2 5.2
      vertex 47.4693 -1.96306 3
      vertex 47 -2 3
    endloop
  endfacet
  facet normal -0.649515 -0.760349 0
    outer loop
      vertex 48.7634 3.42705 3
      vertex 49.1213 3.12132 5.2
      vertex 48.7634 3.42705 5.2
    endloop
  endfacet
  facet normal -0.649515 -0.760349 -0
    outer loop
      vertex 49.1213 3.12132 5.2
      vertex 48.7634 3.42705 3
      vertex 49.1213 3.12132 3
    endloop
  endfacet
  facet normal 0.760329 -0.649538 -2.01505e-18
    outer loop
      vertex 44.5729 2.76336 5.2
      vertex 44.8787 3.12132 3
      vertex 44.8787 3.12132 5.2
    endloop
  endfacet
  facet normal 0.760329 -0.649538 -2.01505e-18
    outer loop
      vertex 44.8787 3.12132 3
      vertex 44.5729 2.76336 5.2
      vertex 44.5729 2.76336 3
    endloop
  endfacet
  facet normal 0.382699 -0.923873 0
    outer loop
      vertex 45.638 3.67302 3
      vertex 46.0729 3.85317 5.2
      vertex 45.638 3.67302 5.2
    endloop
  endfacet
  facet normal 0.382699 -0.923873 0
    outer loop
      vertex 46.0729 3.85317 5.2
      vertex 45.638 3.67302 3
      vertex 46.0729 3.85317 3
    endloop
  endfacet
  facet normal -0.923842 -0.382775 6.54268e-18
    outer loop
      vertex 49.8532 1.92705 3
      vertex 49.673 2.36197 5.2
      vertex 49.673 2.36197 3
    endloop
  endfacet
  facet normal -0.923842 -0.382775 6.54268e-18
    outer loop
      vertex 49.673 2.36197 5.2
      vertex 49.8532 1.92705 3
      vertex 49.8532 1.92705 5.2
    endloop
  endfacet
  facet normal -0.972368 -0.233453 5.82318e-19
    outer loop
      vertex 49.9631 1.4693 3
      vertex 49.8532 1.92705 5.2
      vertex 49.8532 1.92705 3
    endloop
  endfacet
  facet normal -0.972368 -0.233453 5.82318e-19
    outer loop
      vertex 49.8532 1.92705 5.2
      vertex 49.9631 1.4693 3
      vertex 49.9631 1.4693 5.2
    endloop
  endfacet
  facet normal -0.852708 -0.522387 1.31522e-18
    outer loop
      vertex 49.673 2.36197 3
      vertex 49.4271 2.76336 5.2
      vertex 49.4271 2.76336 3
    endloop
  endfacet
  facet normal -0.852708 -0.522387 1.31522e-18
    outer loop
      vertex 49.4271 2.76336 5.2
      vertex 49.673 2.36197 3
      vertex 49.673 2.36197 5.2
    endloop
  endfacet
  facet normal -0.382699 -0.923873 0
    outer loop
      vertex 47.9271 3.85317 3
      vertex 48.362 3.67302 5.2
      vertex 47.9271 3.85317 5.2
    endloop
  endfacet
  facet normal -0.382699 -0.923873 -0
    outer loop
      vertex 48.362 3.67302 5.2
      vertex 47.9271 3.85317 3
      vertex 48.362 3.67302 3
    endloop
  endfacet
  facet normal -0.522486 -0.852648 0
    outer loop
      vertex 48.362 3.67302 3
      vertex 48.7634 3.42705 5.2
      vertex 48.362 3.67302 5.2
    endloop
  endfacet
  facet normal -0.522486 -0.852648 -0
    outer loop
      vertex 48.7634 3.42705 5.2
      vertex 48.362 3.67302 3
      vertex 48.7634 3.42705 3
    endloop
  endfacet
  facet normal 0.923842 -0.382775 -6.54268e-18
    outer loop
      vertex 44.1468 1.92705 5.2
      vertex 44.327 2.36197 3
      vertex 44.327 2.36197 5.2
    endloop
  endfacet
  facet normal 0.923842 -0.382775 -6.54268e-18
    outer loop
      vertex 44.327 2.36197 3
      vertex 44.1468 1.92705 5.2
      vertex 44.1468 1.92705 3
    endloop
  endfacet
  facet normal 0.852708 -0.522387 -1.31522e-18
    outer loop
      vertex 44.327 2.36197 5.2
      vertex 44.5729 2.76336 3
      vertex 44.5729 2.76336 5.2
    endloop
  endfacet
  facet normal 0.852708 -0.522387 -1.31522e-18
    outer loop
      vertex 44.5729 2.76336 3
      vertex 44.327 2.36197 5.2
      vertex 44.327 2.36197 3
    endloop
  endfacet
  facet normal 0.522486 -0.852648 0
    outer loop
      vertex 45.2366 3.42705 3
      vertex 45.638 3.67302 5.2
      vertex 45.2366 3.42705 5.2
    endloop
  endfacet
  facet normal 0.522486 -0.852648 0
    outer loop
      vertex 45.638 3.67302 5.2
      vertex 45.2366 3.42705 3
      vertex 45.638 3.67302 3
    endloop
  endfacet
  facet normal 0.233409 -0.972379 0
    outer loop
      vertex 46.0729 3.85317 3
      vertex 46.5307 3.96306 5.2
      vertex 46.0729 3.85317 5.2
    endloop
  endfacet
  facet normal 0.233409 -0.972379 0
    outer loop
      vertex 46.5307 3.96306 5.2
      vertex 46.0729 3.85317 3
      vertex 46.5307 3.96306 3
    endloop
  endfacet
  facet normal -0.972368 0.233454 -4.9988e-18
    outer loop
      vertex 49.8532 0.0729485 3
      vertex 49.9631 0.530696 5.2
      vertex 49.9631 0.530696 3
    endloop
  endfacet
  facet normal -0.972368 0.233454 -4.9988e-18
    outer loop
      vertex 49.9631 0.530696 5.2
      vertex 49.8532 0.0729485 3
      vertex 49.8532 0.0729485 5.2
    endloop
  endfacet
  facet normal -0.233409 0.972379 0
    outer loop
      vertex 47.9271 -1.85317 3
      vertex 47.4693 -1.96306 5.2
      vertex 47.9271 -1.85317 5.2
    endloop
  endfacet
  facet normal -0.233409 0.972379 0
    outer loop
      vertex 47.4693 -1.96306 5.2
      vertex 47.9271 -1.85317 3
      vertex 47.4693 -1.96306 3
    endloop
  endfacet
  facet normal -0.760329 -0.649538 2.01505e-18
    outer loop
      vertex 49.4271 2.76336 3
      vertex 49.1213 3.12132 5.2
      vertex 49.1213 3.12132 3
    endloop
  endfacet
  facet normal -0.760329 -0.649538 2.01505e-18
    outer loop
      vertex 49.1213 3.12132 5.2
      vertex 49.4271 2.76336 3
      vertex 49.4271 2.76336 5.2
    endloop
  endfacet
  facet normal -0.233409 -0.972379 0
    outer loop
      vertex 47.4693 3.96306 3
      vertex 47.9271 3.85317 5.2
      vertex 47.4693 3.96306 5.2
    endloop
  endfacet
  facet normal -0.233409 -0.972379 -0
    outer loop
      vertex 47.9271 3.85317 5.2
      vertex 47.4693 3.96306 3
      vertex 47.9271 3.85317 3
    endloop
  endfacet
  facet normal -0.0784703 -0.996916 0
    outer loop
      vertex 47 4 3
      vertex 47.4693 3.96306 5.2
      vertex 47 4 5.2
    endloop
  endfacet
  facet normal -0.0784703 -0.996916 -0
    outer loop
      vertex 47.4693 3.96306 5.2
      vertex 47 4 3
      vertex 47.4693 3.96306 3
    endloop
  endfacet
  facet normal 0.972368 -0.233453 -5.82318e-19
    outer loop
      vertex 44.0369 1.4693 5.2
      vertex 44.1468 1.92705 3
      vertex 44.1468 1.92705 5.2
    endloop
  endfacet
  facet normal 0.972368 -0.233453 -5.82318e-19
    outer loop
      vertex 44.1468 1.92705 3
      vertex 44.0369 1.4693 5.2
      vertex 44.0369 1.4693 3
    endloop
  endfacet
  facet normal 0.996923 -0.0783858 8.99666e-20
    outer loop
      vertex 44 1 5.2
      vertex 44.0369 1.4693 3
      vertex 44.0369 1.4693 5.2
    endloop
  endfacet
  facet normal 0.996923 -0.0783858 8.99666e-20
    outer loop
      vertex 44.0369 1.4693 3
      vertex 44 1 5.2
      vertex 44 1 3
    endloop
  endfacet
  facet normal 0.996923 0.0783851 3.92578e-20
    outer loop
      vertex 44.0369 0.530696 5.2
      vertex 44 1 3
      vertex 44 1 5.2
    endloop
  endfacet
  facet normal 0.996923 0.0783851 3.92578e-20
    outer loop
      vertex 44 1 3
      vertex 44.0369 0.530696 5.2
      vertex 44.0369 0.530696 3
    endloop
  endfacet
  facet normal 0.649515 -0.760349 0
    outer loop
      vertex 44.8787 3.12132 3
      vertex 45.2366 3.42705 5.2
      vertex 44.8787 3.12132 5.2
    endloop
  endfacet
  facet normal 0.649515 -0.760349 0
    outer loop
      vertex 45.2366 3.42705 5.2
      vertex 44.8787 3.12132 3
      vertex 45.2366 3.42705 3
    endloop
  endfacet
  facet normal -0.996923 0.0783851 -3.92578e-20
    outer loop
      vertex 49.9631 0.530696 3
      vertex 50 1 5.2
      vertex 50 1 3
    endloop
  endfacet
  facet normal -0.996923 0.0783851 -3.92578e-20
    outer loop
      vertex 50 1 5.2
      vertex 49.9631 0.530696 3
      vertex 49.9631 0.530696 5.2
    endloop
  endfacet
  facet normal -0.852705 0.522393 -6.24899e-18
    outer loop
      vertex 49.4271 -0.763355 3
      vertex 49.673 -0.361971 5.2
      vertex 49.673 -0.361971 3
    endloop
  endfacet
  facet normal -0.852705 0.522393 -6.24899e-18
    outer loop
      vertex 49.673 -0.361971 5.2
      vertex 49.4271 -0.763355 3
      vertex 49.4271 -0.763355 5.2
    endloop
  endfacet
  facet normal 0.522486 0.852648 -0
    outer loop
      vertex 45.638 -1.67302 3
      vertex 45.2366 -1.42705 5.2
      vertex 45.638 -1.67302 5.2
    endloop
  endfacet
  facet normal 0.522486 0.852648 0
    outer loop
      vertex 45.2366 -1.42705 5.2
      vertex 45.638 -1.67302 3
      vertex 45.2366 -1.42705 3
    endloop
  endfacet
  facet normal 0.852705 0.522393 6.24899e-18
    outer loop
      vertex 44.5729 -0.763355 5.2
      vertex 44.327 -0.361971 3
      vertex 44.327 -0.361971 5.2
    endloop
  endfacet
  facet normal 0.852705 0.522393 6.24899e-18
    outer loop
      vertex 44.327 -0.361971 3
      vertex 44.5729 -0.763355 5.2
      vertex 44.5729 -0.763355 3
    endloop
  endfacet
  facet normal 0.760334 0.649533 -3.2319e-18
    outer loop
      vertex 44.8787 -1.12132 5.2
      vertex 44.5729 -0.763355 3
      vertex 44.5729 -0.763355 5.2
    endloop
  endfacet
  facet normal 0.760334 0.649533 -3.2319e-18
    outer loop
      vertex 44.5729 -0.763355 3
      vertex 44.8787 -1.12132 5.2
      vertex 44.8787 -1.12132 3
    endloop
  endfacet
  facet normal -0.522486 0.852648 0
    outer loop
      vertex 48.7634 -1.42705 3
      vertex 48.362 -1.67302 5.2
      vertex 48.7634 -1.42705 5.2
    endloop
  endfacet
  facet normal -0.522486 0.852648 0
    outer loop
      vertex 48.362 -1.67302 5.2
      vertex 48.7634 -1.42705 3
      vertex 48.362 -1.67302 3
    endloop
  endfacet
  facet normal -0.382699 0.923873 0
    outer loop
      vertex 48.362 -1.67302 3
      vertex 47.9271 -1.85317 5.2
      vertex 48.362 -1.67302 5.2
    endloop
  endfacet
  facet normal -0.382699 0.923873 0
    outer loop
      vertex 47.9271 -1.85317 5.2
      vertex 48.362 -1.67302 3
      vertex 47.9271 -1.85317 3
    endloop
  endfacet
  facet normal 0 0 -1
    outer loop
      vertex 48.5 1 5.2
      vertex 50 1 5.2
      vertex 49.9631 0.530696 5.2
    endloop
  endfacet
  facet normal 0 0 -1
    outer loop
      vertex 48.4772 0.739528 5.2
      vertex 49.9631 0.530696 5.2
      vertex 49.8532 0.0729485 5.2
    endloop
  endfacet
  facet normal 0 0 -1
    outer loop
      vertex 50 1 5.2
      vertex 48.5 1 5.2
      vertex 49.9631 1.4693 5.2
    endloop
  endfacet
  facet normal 0 0 -1
    outer loop
      vertex 48.4095 0.486969 5.2
      vertex 49.8532 0.0729485 5.2
      vertex 49.673 -0.361971 5.2
    endloop
  endfacet
  facet normal 0 0 -1
    outer loop
      vertex 48.4772 1.26047 5.2
      vertex 49.9631 1.4693 5.2
      vertex 48.5 1 5.2
    endloop
  endfacet
  facet normal 0 0 -1
    outer loop
      vertex 48.299 0.25 5.2
      vertex 49.673 -0.361971 5.2
      vertex 49.4271 -0.763355 5.2
    endloop
  endfacet
  facet normal -0 0 -1
    outer loop
      vertex 49.9631 1.4693 5.2
      vertex 48.4772 1.26047 5.2
      vertex 49.8532 1.92705 5.2
    endloop
  endfacet
  facet normal 0 0 -1
    outer loop
      vertex 48.1491 0.0358181 5.2
      vertex 49.4271 -0.763355 5.2
      vertex 49.1213 -1.12132 5.2
    endloop
  endfacet
  facet normal 0 0 -1
    outer loop
      vertex 48.4095 1.51303 5.2
      vertex 49.8532 1.92705 5.2
      vertex 48.4772 1.26047 5.2
    endloop
  endfacet
  facet normal 0 0 -1
    outer loop
      vertex 47.9642 -0.149066 5.2
      vertex 49.1213 -1.12132 5.2
      vertex 48.7634 -1.42705 5.2
    endloop
  endfacet
  facet normal -0 0 -1
    outer loop
      vertex 49.8532 1.92705 5.2
      vertex 48.4095 1.51303 5.2
      vertex 49.673 2.36197 5.2
    endloop
  endfacet
  facet normal 0 0 -1
    outer loop
      vertex 48.299 1.75 5.2
      vertex 49.673 2.36197 5.2
      vertex 48.4095 1.51303 5.2
    endloop
  endfacet
  facet normal 0 0 -1
    outer loop
      vertex 49.9631 0.530696 5.2
      vertex 48.4772 0.739528 5.2
      vertex 48.5 1 5.2
    endloop
  endfacet
  facet normal 0 0 -1
    outer loop
      vertex 49.8532 0.0729485 5.2
      vertex 48.4095 0.486969 5.2
      vertex 48.4772 0.739528 5.2
    endloop
  endfacet
  facet normal 0 0 -1
    outer loop
      vertex 47.75 -0.299038 5.2
      vertex 48.7634 -1.42705 5.2
      vertex 48.362 -1.67302 5.2
    endloop
  endfacet
  facet normal 0 0 -1
    outer loop
      vertex 49.673 -0.361971 5.2
      vertex 48.299 0.25 5.2
      vertex 48.4095 0.486969 5.2
    endloop
  endfacet
  facet normal 0 0 -1
    outer loop
      vertex 49.4271 -0.763355 5.2
      vertex 48.1491 0.0358181 5.2
      vertex 48.299 0.25 5.2
    endloop
  endfacet
  facet normal 0 0 -1
    outer loop
      vertex 49.1213 -1.12132 5.2
      vertex 47.9642 -0.149066 5.2
      vertex 48.1491 0.0358181 5.2
    endloop
  endfacet
  facet normal 0 0 -1
    outer loop
      vertex 47.513 -0.409538 5.2
      vertex 48.362 -1.67302 5.2
      vertex 47.9271 -1.85317 5.2
    endloop
  endfacet
  facet normal 0 0 -1
    outer loop
      vertex 48.7634 -1.42705 5.2
      vertex 47.75 -0.299038 5.2
      vertex 47.9642 -0.149066 5.2
    endloop
  endfacet
  facet normal 0 0 -1
    outer loop
      vertex 48.362 -1.67302 5.2
      vertex 47.513 -0.409538 5.2
      vertex 47.75 -0.299038 5.2
    endloop
  endfacet
  facet normal 0 0 -1
    outer loop
      vertex 47.2605 -0.477211 5.2
      vertex 47.9271 -1.85317 5.2
      vertex 47.4693 -1.96306 5.2
    endloop
  endfacet
  facet normal 0 0 -1
    outer loop
      vertex 47.9271 -1.85317 5.2
      vertex 47.2605 -0.477211 5.2
      vertex 47.513 -0.409538 5.2
    endloop
  endfacet
  facet normal 0 0 -1
    outer loop
      vertex 47 -0.5 5.2
      vertex 47.4693 -1.96306 5.2
      vertex 47 -2 5.2
    endloop
  endfacet
  facet normal 0 0 -1
    outer loop
      vertex 47.4693 -1.96306 5.2
      vertex 47 -0.5 5.2
      vertex 47.2605 -0.477211 5.2
    endloop
  endfacet
  facet normal 0 0 -1
    outer loop
      vertex 46.5307 -1.96306 5.2
      vertex 47 -0.5 5.2
      vertex 47 -2 5.2
    endloop
  endfacet
  facet normal -0 0 -1
    outer loop
      vertex 47 -0.5 5.2
      vertex 46.5307 -1.96306 5.2
      vertex 46.7395 -0.477211 5.2
    endloop
  endfacet
  facet normal 0 0 -1
    outer loop
      vertex 46.0729 -1.85317 5.2
      vertex 46.7395 -0.477211 5.2
      vertex 46.5307 -1.96306 5.2
    endloop
  endfacet
  facet normal -0 0 -1
    outer loop
      vertex 46.7395 -0.477211 5.2
      vertex 46.0729 -1.85317 5.2
      vertex 46.487 -0.409538 5.2
    endloop
  endfacet
  facet normal 0 0 -1
    outer loop
      vertex 45.638 -1.67302 5.2
      vertex 46.487 -0.409538 5.2
      vertex 46.0729 -1.85317 5.2
    endloop
  endfacet
  facet normal -0 0 -1
    outer loop
      vertex 46.487 -0.409538 5.2
      vertex 45.638 -1.67302 5.2
      vertex 46.25 -0.299038 5.2
    endloop
  endfacet
  facet normal 0 0 -1
    outer loop
      vertex 45.2366 -1.42705 5.2
      vertex 46.25 -0.299038 5.2
      vertex 45.638 -1.67302 5.2
    endloop
  endfacet
  facet normal -0 0 -1
    outer loop
      vertex 46.25 -0.299038 5.2
      vertex 45.2366 -1.42705 5.2
      vertex 46.0358 -0.149066 5.2
    endloop
  endfacet
  facet normal 0 0 -1
    outer loop
      vertex 44.8787 -1.12132 5.2
      vertex 46.0358 -0.149066 5.2
      vertex 45.2366 -1.42705 5.2
    endloop
  endfacet
  facet normal -0 0 -1
    outer loop
      vertex 46.0358 -0.149066 5.2
      vertex 44.8787 -1.12132 5.2
      vertex 45.8509 0.0358181 5.2
    endloop
  endfacet
  facet normal 0 0 -1
    outer loop
      vertex 44.5729 -0.763355 5.2
      vertex 45.8509 0.0358181 5.2
      vertex 44.8787 -1.12132 5.2
    endloop
  endfacet
  facet normal -0 0 -1
    outer loop
      vertex 45.8509 0.0358181 5.2
      vertex 44.5729 -0.763355 5.2
      vertex 45.701 0.25 5.2
    endloop
  endfacet
  facet normal 0 0 -1
    outer loop
      vertex 44.327 -0.361971 5.2
      vertex 45.701 0.25 5.2
      vertex 44.5729 -0.763355 5.2
    endloop
  endfacet
  facet normal -0 0 -1
    outer loop
      vertex 49.673 2.36197 5.2
      vertex 48.299 1.75 5.2
      vertex 49.4271 2.76336 5.2
    endloop
  endfacet
  facet normal 0 0 -1
    outer loop
      vertex 48.1491 1.96418 5.2
      vertex 49.4271 2.76336 5.2
      vertex 48.299 1.75 5.2
    endloop
  endfacet
  facet normal -0 0 -1
    outer loop
      vertex 49.4271 2.76336 5.2
      vertex 48.1491 1.96418 5.2
      vertex 49.1213 3.12132 5.2
    endloop
  endfacet
  facet normal 0 0 -1
    outer loop
      vertex 47.9642 2.14907 5.2
      vertex 49.1213 3.12132 5.2
      vertex 48.1491 1.96418 5.2
    endloop
  endfacet
  facet normal -0 0 -1
    outer loop
      vertex 49.1213 3.12132 5.2
      vertex 47.9642 2.14907 5.2
      vertex 48.7634 3.42705 5.2
    endloop
  endfacet
  facet normal 0 0 -1
    outer loop
      vertex 47.75 2.29904 5.2
      vertex 48.7634 3.42705 5.2
      vertex 47.9642 2.14907 5.2
    endloop
  endfacet
  facet normal -0 0 -1
    outer loop
      vertex 48.7634 3.42705 5.2
      vertex 47.75 2.29904 5.2
      vertex 48.362 3.67302 5.2
    endloop
  endfacet
  facet normal 0 0 -1
    outer loop
      vertex 47.513 2.40954 5.2
      vertex 48.362 3.67302 5.2
      vertex 47.75 2.29904 5.2
    endloop
  endfacet
  facet normal -0 0 -1
    outer loop
      vertex 48.362 3.67302 5.2
      vertex 47.513 2.40954 5.2
      vertex 47.9271 3.85317 5.2
    endloop
  endfacet
  facet normal 0 0 -1
    outer loop
      vertex 47.2605 2.47721 5.2
      vertex 47.9271 3.85317 5.2
      vertex 47.513 2.40954 5.2
    endloop
  endfacet
  facet normal -0 0 -1
    outer loop
      vertex 47.9271 3.85317 5.2
      vertex 47.2605 2.47721 5.2
      vertex 47.4693 3.96306 5.2
    endloop
  endfacet
  facet normal 0 0 -1
    outer loop
      vertex 47 2.5 5.2
      vertex 47.4693 3.96306 5.2
      vertex 47.2605 2.47721 5.2
    endloop
  endfacet
  facet normal 0 0 -1
    outer loop
      vertex 47 2.5 5.2
      vertex 47 4 5.2
      vertex 47.4693 3.96306 5.2
    endloop
  endfacet
  facet normal 0 0 -1
    outer loop
      vertex 46.5307 3.96306 5.2
      vertex 47 2.5 5.2
      vertex 46.7395 2.47721 5.2
    endloop
  endfacet
  facet normal 0 0 -1
    outer loop
      vertex 47 2.5 5.2
      vertex 46.5307 3.96306 5.2
      vertex 47 4 5.2
    endloop
  endfacet
  facet normal 0 0 -1
    outer loop
      vertex 46.0729 3.85317 5.2
      vertex 46.7395 2.47721 5.2
      vertex 46.487 2.40954 5.2
    endloop
  endfacet
  facet normal 0 0 -1
    outer loop
      vertex 45.638 3.67302 5.2
      vertex 46.487 2.40954 5.2
      vertex 46.25 2.29904 5.2
    endloop
  endfacet
  facet normal 0 0 -1
    outer loop
      vertex 46.7395 2.47721 5.2
      vertex 46.0729 3.85317 5.2
      vertex 46.5307 3.96306 5.2
    endloop
  endfacet
  facet normal 0 0 -1
    outer loop
      vertex 45.2366 3.42705 5.2
      vertex 46.25 2.29904 5.2
      vertex 46.0358 2.14907 5.2
    endloop
  endfacet
  facet normal 0 0 -1
    outer loop
      vertex 44.8787 3.12132 5.2
      vertex 46.0358 2.14907 5.2
      vertex 45.8509 1.96418 5.2
    endloop
  endfacet
  facet normal 0 0 -1
    outer loop
      vertex 44.5729 2.76336 5.2
      vertex 45.8509 1.96418 5.2
      vertex 45.701 1.75 5.2
    endloop
  endfacet
  facet normal 0 0 -1
    outer loop
      vertex 46.487 2.40954 5.2
      vertex 45.638 3.67302 5.2
      vertex 46.0729 3.85317 5.2
    endloop
  endfacet
  facet normal 0 0 -1
    outer loop
      vertex 44.327 2.36197 5.2
      vertex 45.701 1.75 5.2
      vertex 45.5905 1.51303 5.2
    endloop
  endfacet
  facet normal 0 0 -1
    outer loop
      vertex 44.1468 1.92705 5.2
      vertex 45.5905 1.51303 5.2
      vertex 45.5228 1.26047 5.2
    endloop
  endfacet
  facet normal 0 0 -1
    outer loop
      vertex 44.0369 1.4693 5.2
      vertex 45.5228 1.26047 5.2
      vertex 45.5 1 5.2
    endloop
  endfacet
  facet normal -0 0 -1
    outer loop
      vertex 45.701 0.25 5.2
      vertex 44.327 -0.361971 5.2
      vertex 45.5905 0.486969 5.2
    endloop
  endfacet
  facet normal 0 0 -1
    outer loop
      vertex 46.25 2.29904 5.2
      vertex 45.2366 3.42705 5.2
      vertex 45.638 3.67302 5.2
    endloop
  endfacet
  facet normal 0 0 -1
    outer loop
      vertex 44.1468 0.0729485 5.2
      vertex 45.5905 0.486969 5.2
      vertex 44.327 -0.361971 5.2
    endloop
  endfacet
  facet normal 0 0 -1
    outer loop
      vertex 46.0358 2.14907 5.2
      vertex 44.8787 3.12132 5.2
      vertex 45.2366 3.42705 5.2
    endloop
  endfacet
  facet normal -0 0 -1
    outer loop
      vertex 45.5905 0.486969 5.2
      vertex 44.1468 0.0729485 5.2
      vertex 45.5228 0.739528 5.2
    endloop
  endfacet
  facet normal 0 0 -1
    outer loop
      vertex 45.8509 1.96418 5.2
      vertex 44.5729 2.76336 5.2
      vertex 44.8787 3.12132 5.2
    endloop
  endfacet
  facet normal 0 0 -1
    outer loop
      vertex 44.0369 0.530696 5.2
      vertex 45.5228 0.739528 5.2
      vertex 44.1468 0.0729485 5.2
    endloop
  endfacet
  facet normal 0 0 -1
    outer loop
      vertex 45.701 1.75 5.2
      vertex 44.327 2.36197 5.2
      vertex 44.5729 2.76336 5.2
    endloop
  endfacet
  facet normal -0 0 -1
    outer loop
      vertex 45.5228 0.739528 5.2
      vertex 44.0369 0.530696 5.2
      vertex 45.5 1 5.2
    endloop
  endfacet
  facet normal 0 0 -1
    outer loop
      vertex 45.5905 1.51303 5.2
      vertex 44.1468 1.92705 5.2
      vertex 44.327 2.36197 5.2
    endloop
  endfacet
  facet normal 0 0 -1
    outer loop
      vertex 44 1 5.2
      vertex 45.5 1 5.2
      vertex 44.0369 0.530696 5.2
    endloop
  endfacet
  facet normal 0 0 -1
    outer loop
      vertex 45.5228 1.26047 5.2
      vertex 44.0369 1.4693 5.2
      vertex 44.1468 1.92705 5.2
    endloop
  endfacet
  facet normal 0 0 -1
    outer loop
      vertex 45.5 1 5.2
      vertex 44 1 5.2
      vertex 44.0369 1.4693 5.2
    endloop
  endfacet
  facet normal -0.923842 0.382775 -2.74793e-18
    outer loop
      vertex 49.673 -0.361971 3
      vertex 49.8532 0.0729485 5.2
      vertex 49.8532 0.0729485 3
    endloop
  endfacet
  facet normal -0.923842 0.382775 -2.74793e-18
    outer loop
      vertex 49.8532 0.0729485 5.2
      vertex 49.673 -0.361971 3
      vertex 49.673 -0.361971 5.2
    endloop
  endfacet
  facet normal 0.233409 0.972379 -0
    outer loop
      vertex 46.5307 -1.96306 3
      vertex 46.0729 -1.85317 5.2
      vertex 46.5307 -1.96306 5.2
    endloop
  endfacet
  facet normal 0.233409 0.972379 0
    outer loop
      vertex 46.0729 -1.85317 5.2
      vertex 46.5307 -1.96306 3
      vertex 46.0729 -1.85317 3
    endloop
  endfacet
  facet normal 0.649515 0.760349 -0
    outer loop
      vertex 45.2366 -1.42705 3
      vertex 44.8787 -1.12132 5.2
      vertex 45.2366 -1.42705 5.2
    endloop
  endfacet
  facet normal 0.649515 0.760349 0
    outer loop
      vertex 44.8787 -1.12132 5.2
      vertex 45.2366 -1.42705 3
      vertex 44.8787 -1.12132 3
    endloop
  endfacet
  facet normal 0.923842 0.382775 2.74793e-18
    outer loop
      vertex 44.327 -0.361971 5.2
      vertex 44.1468 0.0729485 3
      vertex 44.1468 0.0729485 5.2
    endloop
  endfacet
  facet normal 0.923842 0.382775 2.74793e-18
    outer loop
      vertex 44.1468 0.0729485 3
      vertex 44.327 -0.361971 5.2
      vertex 44.327 -0.361971 3
    endloop
  endfacet
  facet normal 0.972368 0.233454 4.9988e-18
    outer loop
      vertex 44.1468 0.0729485 5.2
      vertex 44.0369 0.530696 3
      vertex 44.0369 0.530696 5.2
    endloop
  endfacet
  facet normal 0.972368 0.233454 4.9988e-18
    outer loop
      vertex 44.0369 0.530696 3
      vertex 44.1468 0.0729485 5.2
      vertex 44.1468 0.0729485 3
    endloop
  endfacet
  facet normal -0.649515 0.760349 0
    outer loop
      vertex 49.1213 -1.12132 3
      vertex 48.7634 -1.42705 5.2
      vertex 49.1213 -1.12132 5.2
    endloop
  endfacet
  facet normal -0.649515 0.760349 0
    outer loop
      vertex 48.7634 -1.42705 5.2
      vertex 49.1213 -1.12132 3
      vertex 48.7634 -1.42705 3
    endloop
  endfacet
  facet normal 0.0784703 0.996916 -0
    outer loop
      vertex 47 -2 3
      vertex 46.5307 -1.96306 5.2
      vertex 47 -2 5.2
    endloop
  endfacet
  facet normal 0.0784703 0.996916 0
    outer loop
      vertex 46.5307 -1.96306 5.2
      vertex 47 -2 3
      vertex 46.5307 -1.96306 3
    endloop
  endfacet
  facet normal 0.382699 0.923873 -0
    outer loop
      vertex 46.0729 -1.85317 3
      vertex 45.638 -1.67302 5.2
      vertex 46.0729 -1.85317 5.2
    endloop
  endfacet
  facet normal 0.382699 0.923873 0
    outer loop
      vertex 45.638 -1.67302 5.2
      vertex 46.0729 -1.85317 3
      vertex 45.638 -1.67302 3
    endloop
  endfacet
  facet normal -0.760334 0.649533 3.2319e-18
    outer loop
      vertex 49.1213 -1.12132 3
      vertex 49.4271 -0.763355 5.2
      vertex 49.4271 -0.763355 3
    endloop
  endfacet
  facet normal -0.760334 0.649533 3.2319e-18
    outer loop
      vertex 49.4271 -0.763355 5.2
      vertex 49.1213 -1.12132 3
      vertex 49.1213 -1.12132 5.2
    endloop
  endfacet
  facet normal -0.996192 -0.0871907 -2.63823e-19
    outer loop
      vertex 48.5 99 5.2
      vertex 48.4772 99.2605 9
      vertex 48.4772 99.2605 5.2
    endloop
  endfacet
  facet normal -0.996192 -0.0871907 -2.63823e-19
    outer loop
      vertex 48.4772 99.2605 9
      vertex 48.5 99 5.2
      vertex 48.5 99 9
    endloop
  endfacet
  facet normal 0.0879496 -0.996125 0
    outer loop
      vertex 46.7395 100.477 5.2
      vertex 47 100.5 9
      vertex 46.7395 100.477 9
    endloop
  endfacet
  facet normal 0.0879496 -0.996125 0
    outer loop
      vertex 47 100.5 9
      vertex 46.7395 100.477 5.2
      vertex 47 100.5 5.2
    endloop
  endfacet
  facet normal -0.0871907 0.996192 0
    outer loop
      vertex 47.2605 97.5228 5.2
      vertex 47 97.5 9
      vertex 47.2605 97.5228 9
    endloop
  endfacet
  facet normal -0.0871907 0.996192 0
    outer loop
      vertex 47 97.5 9
      vertex 47.2605 97.5228 5.2
      vertex 47 97.5 5.2
    endloop
  endfacet
  facet normal -0.573616 -0.819124 0
    outer loop
      vertex 47.75 100.299 5.2
      vertex 47.9642 100.149 9
      vertex 47.75 100.299 9
    endloop
  endfacet
  facet normal -0.573616 -0.819124 -0
    outer loop
      vertex 47.9642 100.149 9
      vertex 47.75 100.299 5.2
      vertex 47.9642 100.149 5.2
    endloop
  endfacet
  facet normal 0.819304 -0.57336 -2.00871e-18
    outer loop
      vertex 45.701 99.75 9
      vertex 45.8509 99.9642 5.2
      vertex 45.8509 99.9642 9
    endloop
  endfacet
  facet normal 0.819304 -0.57336 -2.00871e-18
    outer loop
      vertex 45.8509 99.9642 5.2
      vertex 45.701 99.75 9
      vertex 45.701 99.75 5.2
    endloop
  endfacet
  facet normal 0.42414 -0.905597 0
    outer loop
      vertex 46.25 100.299 5.2
      vertex 46.487 100.41 9
      vertex 46.25 100.299 9
    endloop
  endfacet
  facet normal 0.42414 -0.905597 0
    outer loop
      vertex 46.487 100.41 9
      vertex 46.25 100.299 5.2
      vertex 46.487 100.41 5.2
    endloop
  endfacet
  facet normal -0.819304 0.57336 -2.00871e-18
    outer loop
      vertex 48.1491 98.0358 5.2
      vertex 48.299 98.25 9
      vertex 48.299 98.25 5.2
    endloop
  endfacet
  facet normal -0.819304 0.57336 -2.00871e-18
    outer loop
      vertex 48.299 98.25 9
      vertex 48.1491 98.0358 5.2
      vertex 48.1491 98.0358 9
    endloop
  endfacet
  facet normal -0.90633 -0.422571 -1.03314e-18
    outer loop
      vertex 48.4095 99.513 5.2
      vertex 48.299 99.75 9
      vertex 48.299 99.75 5.2
    endloop
  endfacet
  facet normal -0.90633 -0.422571 -1.03314e-18
    outer loop
      vertex 48.299 99.75 9
      vertex 48.4095 99.513 5.2
      vertex 48.4095 99.513 9
    endloop
  endfacet
  facet normal -0.965885 -0.258972 -1.21761e-18
    outer loop
      vertex 48.4772 99.2605 5.2
      vertex 48.4095 99.513 9
      vertex 48.4095 99.513 5.2
    endloop
  endfacet
  facet normal -0.965885 -0.258972 -1.21761e-18
    outer loop
      vertex 48.4095 99.513 9
      vertex 48.4772 99.2605 5.2
      vertex 48.4772 99.2605 9
    endloop
  endfacet
  facet normal -0.819304 -0.57336 2.00871e-18
    outer loop
      vertex 48.299 99.75 5.2
      vertex 48.1491 99.9642 9
      vertex 48.1491 99.9642 5.2
    endloop
  endfacet
  facet normal -0.819304 -0.57336 2.00871e-18
    outer loop
      vertex 48.1491 99.9642 9
      vertex 48.299 99.75 5.2
      vertex 48.299 99.75 9
    endloop
  endfacet
  facet normal -0.256471 -0.966552 0
    outer loop
      vertex 47.2605 100.477 5.2
      vertex 47.513 100.41 9
      vertex 47.2605 100.477 9
    endloop
  endfacet
  facet normal -0.256471 -0.966552 -0
    outer loop
      vertex 47.513 100.41 9
      vertex 47.2605 100.477 5.2
      vertex 47.513 100.41 5.2
    endloop
  endfacet
  facet normal -0.0879496 -0.996125 0
    outer loop
      vertex 47 100.5 5.2
      vertex 47.2605 100.477 9
      vertex 47 100.5 9
    endloop
  endfacet
  facet normal -0.0879496 -0.996125 -0
    outer loop
      vertex 47.2605 100.477 9
      vertex 47 100.5 5.2
      vertex 47.2605 100.477 5.2
    endloop
  endfacet
  facet normal -0.42414 -0.905597 0
    outer loop
      vertex 47.513 100.41 5.2
      vertex 47.75 100.299 9
      vertex 47.513 100.41 9
    endloop
  endfacet
  facet normal -0.42414 -0.905597 -0
    outer loop
      vertex 47.75 100.299 9
      vertex 47.513 100.41 5.2
      vertex 47.75 100.299 5.2
    endloop
  endfacet
  facet normal 0.965885 -0.258972 1.21761e-18
    outer loop
      vertex 45.5228 99.2605 9
      vertex 45.5905 99.513 5.2
      vertex 45.5905 99.513 9
    endloop
  endfacet
  facet normal 0.965885 -0.258972 1.21761e-18
    outer loop
      vertex 45.5905 99.513 5.2
      vertex 45.5228 99.2605 9
      vertex 45.5228 99.2605 5.2
    endloop
  endfacet
  facet normal 0.90633 -0.422571 1.03314e-18
    outer loop
      vertex 45.5905 99.513 9
      vertex 45.701 99.75 5.2
      vertex 45.701 99.75 9
    endloop
  endfacet
  facet normal 0.90633 -0.422571 1.03314e-18
    outer loop
      vertex 45.701 99.75 5.2
      vertex 45.5905 99.513 9
      vertex 45.5905 99.513 5.2
    endloop
  endfacet
  facet normal 0.996192 -0.0871907 2.63823e-19
    outer loop
      vertex 45.5 99 9
      vertex 45.5228 99.2605 5.2
      vertex 45.5228 99.2605 9
    endloop
  endfacet
  facet normal 0.996192 -0.0871907 2.63823e-19
    outer loop
      vertex 45.5228 99.2605 5.2
      vertex 45.5 99 9
      vertex 45.5 99 5.2
    endloop
  endfacet
  facet normal 0.573616 -0.819124 0
    outer loop
      vertex 46.0358 100.149 5.2
      vertex 46.25 100.299 9
      vertex 46.0358 100.149 9
    endloop
  endfacet
  facet normal 0.573616 -0.819124 0
    outer loop
      vertex 46.25 100.299 9
      vertex 46.0358 100.149 5.2
      vertex 46.25 100.299 5.2
    endloop
  endfacet
  facet normal 0.256471 -0.966552 0
    outer loop
      vertex 46.487 100.41 5.2
      vertex 46.7395 100.477 9
      vertex 46.487 100.41 9
    endloop
  endfacet
  facet normal 0.256471 -0.966552 0
    outer loop
      vertex 46.7395 100.477 9
      vertex 46.487 100.41 5.2
      vertex 46.7395 100.477 5.2
    endloop
  endfacet
  facet normal -0.996192 0.0871907 2.63823e-19
    outer loop
      vertex 48.4772 98.7395 5.2
      vertex 48.5 99 9
      vertex 48.5 99 5.2
    endloop
  endfacet
  facet normal -0.996192 0.0871907 2.63823e-19
    outer loop
      vertex 48.5 99 9
      vertex 48.4772 98.7395 5.2
      vertex 48.4772 98.7395 9
    endloop
  endfacet
  facet normal -0.258972 0.965885 0
    outer loop
      vertex 47.513 97.5905 5.2
      vertex 47.2605 97.5228 9
      vertex 47.513 97.5905 9
    endloop
  endfacet
  facet normal -0.258972 0.965885 0
    outer loop
      vertex 47.2605 97.5228 9
      vertex 47.513 97.5905 5.2
      vertex 47.2605 97.5228 5.2
    endloop
  endfacet
  facet normal 0.422571 0.90633 -0
    outer loop
      vertex 46.487 97.5905 5.2
      vertex 46.25 97.701 9
      vertex 46.487 97.5905 9
    endloop
  endfacet
  facet normal 0.422571 0.90633 0
    outer loop
      vertex 46.25 97.701 9
      vertex 46.487 97.5905 5.2
      vertex 46.25 97.701 5.2
    endloop
  endfacet
  facet normal 0.0871907 0.996192 -0
    outer loop
      vertex 47 97.5 5.2
      vertex 46.7395 97.5228 9
      vertex 47 97.5 9
    endloop
  endfacet
  facet normal 0.0871907 0.996192 0
    outer loop
      vertex 46.7395 97.5228 9
      vertex 47 97.5 5.2
      vertex 46.7395 97.5228 5.2
    endloop
  endfacet
  facet normal 0.819304 0.57336 2.00871e-18
    outer loop
      vertex 45.8509 98.0358 9
      vertex 45.701 98.25 5.2
      vertex 45.701 98.25 9
    endloop
  endfacet
  facet normal 0.819304 0.57336 2.00871e-18
    outer loop
      vertex 45.701 98.25 5.2
      vertex 45.8509 98.0358 9
      vertex 45.8509 98.0358 5.2
    endloop
  endfacet
  facet normal 0.965885 0.258972 -1.21761e-18
    outer loop
      vertex 45.5905 98.487 9
      vertex 45.5228 98.7395 5.2
      vertex 45.5228 98.7395 9
    endloop
  endfacet
  facet normal 0.965885 0.258972 -1.21761e-18
    outer loop
      vertex 45.5228 98.7395 5.2
      vertex 45.5905 98.487 9
      vertex 45.5905 98.487 5.2
    endloop
  endfacet
  facet normal -0.706915 -0.707298 0
    outer loop
      vertex 47.9642 100.149 5.2
      vertex 48.1491 99.9642 9
      vertex 47.9642 100.149 9
    endloop
  endfacet
  facet normal -0.706915 -0.707298 -0
    outer loop
      vertex 48.1491 99.9642 9
      vertex 47.9642 100.149 5.2
      vertex 48.1491 99.9642 5.2
    endloop
  endfacet
  facet normal 0.996192 0.0871907 -2.63823e-19
    outer loop
      vertex 45.5228 98.7395 9
      vertex 45.5 99 5.2
      vertex 45.5 99 9
    endloop
  endfacet
  facet normal 0.996192 0.0871907 -2.63823e-19
    outer loop
      vertex 45.5 99 5.2
      vertex 45.5228 98.7395 9
      vertex 45.5228 98.7395 5.2
    endloop
  endfacet
  facet normal 0.706915 -0.707298 0
    outer loop
      vertex 45.8509 99.9642 5.2
      vertex 46.0358 100.149 9
      vertex 45.8509 99.9642 9
    endloop
  endfacet
  facet normal 0.706915 -0.707298 0
    outer loop
      vertex 46.0358 100.149 9
      vertex 45.8509 99.9642 5.2
      vertex 46.0358 100.149 5.2
    endloop
  endfacet
  facet normal -0.422571 0.90633 0
    outer loop
      vertex 47.75 97.701 5.2
      vertex 47.513 97.5905 9
      vertex 47.75 97.701 9
    endloop
  endfacet
  facet normal -0.422571 0.90633 0
    outer loop
      vertex 47.513 97.5905 9
      vertex 47.75 97.701 5.2
      vertex 47.513 97.5905 5.2
    endloop
  endfacet
  facet normal -0.57336 0.819304 0
    outer loop
      vertex 47.9642 97.8509 5.2
      vertex 47.75 97.701 9
      vertex 47.9642 97.8509 9
    endloop
  endfacet
  facet normal -0.57336 0.819304 0
    outer loop
      vertex 47.75 97.701 9
      vertex 47.9642 97.8509 5.2
      vertex 47.75 97.701 5.2
    endloop
  endfacet
  facet normal -0.965885 0.258972 1.21761e-18
    outer loop
      vertex 48.4095 98.487 5.2
      vertex 48.4772 98.7395 9
      vertex 48.4772 98.7395 5.2
    endloop
  endfacet
  facet normal -0.965885 0.258972 1.21761e-18
    outer loop
      vertex 48.4772 98.7395 9
      vertex 48.4095 98.487 5.2
      vertex 48.4095 98.487 9
    endloop
  endfacet
  facet normal -0.90633 0.422571 1.03314e-18
    outer loop
      vertex 48.299 98.25 5.2
      vertex 48.4095 98.487 9
      vertex 48.4095 98.487 5.2
    endloop
  endfacet
  facet normal -0.90633 0.422571 1.03314e-18
    outer loop
      vertex 48.4095 98.487 9
      vertex 48.299 98.25 5.2
      vertex 48.299 98.25 9
    endloop
  endfacet
  facet normal 0.258972 0.965885 -0
    outer loop
      vertex 46.7395 97.5228 5.2
      vertex 46.487 97.5905 9
      vertex 46.7395 97.5228 9
    endloop
  endfacet
  facet normal 0.258972 0.965885 0
    outer loop
      vertex 46.487 97.5905 9
      vertex 46.7395 97.5228 5.2
      vertex 46.487 97.5905 5.2
    endloop
  endfacet
  facet normal 0.707107 0.707107 -0
    outer loop
      vertex 46.0358 97.8509 5.2
      vertex 45.8509 98.0358 9
      vertex 46.0358 97.8509 9
    endloop
  endfacet
  facet normal 0.707107 0.707107 0
    outer loop
      vertex 45.8509 98.0358 9
      vertex 46.0358 97.8509 5.2
      vertex 45.8509 98.0358 5.2
    endloop
  endfacet
  facet normal 0.90633 0.422571 -1.03314e-18
    outer loop
      vertex 45.701 98.25 9
      vertex 45.5905 98.487 5.2
      vertex 45.5905 98.487 9
    endloop
  endfacet
  facet normal 0.90633 0.422571 -1.03314e-18
    outer loop
      vertex 45.5905 98.487 5.2
      vertex 45.701 98.25 9
      vertex 45.701 98.25 5.2
    endloop
  endfacet
  facet normal -0.707107 0.707107 0
    outer loop
      vertex 48.1491 98.0358 5.2
      vertex 47.9642 97.8509 9
      vertex 48.1491 98.0358 9
    endloop
  endfacet
  facet normal -0.707107 0.707107 0
    outer loop
      vertex 47.9642 97.8509 9
      vertex 48.1491 98.0358 5.2
      vertex 47.9642 97.8509 5.2
    endloop
  endfacet
  facet normal 0.57336 0.819304 -0
    outer loop
      vertex 46.25 97.701 5.2
      vertex 46.0358 97.8509 9
      vertex 46.25 97.701 9
    endloop
  endfacet
  facet normal 0.57336 0.819304 0
    outer loop
      vertex 46.0358 97.8509 9
      vertex 46.25 97.701 5.2
      vertex 46.0358 97.8509 5.2
    endloop
  endfacet
  facet normal -0.996923 -0.0783858 1.61449e-18
    outer loop
      vertex 50 99 3
      vertex 49.9631 99.4693 5.2
      vertex 49.9631 99.4693 3
    endloop
  endfacet
  facet normal -0.996923 -0.0783858 1.61449e-18
    outer loop
      vertex 49.9631 99.4693 5.2
      vertex 50 99 3
      vertex 50 99 5.2
    endloop
  endfacet
  facet normal 0.0785969 -0.996906 0
    outer loop
      vertex 46.5307 101.963 3
      vertex 47 102 5.2
      vertex 46.5307 101.963 5.2
    endloop
  endfacet
  facet normal 0.0785969 -0.996906 0
    outer loop
      vertex 47 102 5.2
      vertex 46.5307 101.963 3
      vertex 47 102 3
    endloop
  endfacet
  facet normal -0.649846 -0.760066 0
    outer loop
      vertex 48.7634 101.427 3
      vertex 49.1213 101.121 5.2
      vertex 48.7634 101.427 5.2
    endloop
  endfacet
  facet normal -0.649846 -0.760066 -0
    outer loop
      vertex 49.1213 101.121 5.2
      vertex 48.7634 101.427 3
      vertex 49.1213 101.121 3
    endloop
  endfacet
  facet normal 0.760365 -0.649496 2.61678e-18
    outer loop
      vertex 44.5729 100.763 5.2
      vertex 44.8787 101.121 3
      vertex 44.8787 101.121 5.2
    endloop
  endfacet
  facet normal 0.760365 -0.649496 2.61678e-18
    outer loop
      vertex 44.8787 101.121 3
      vertex 44.5729 100.763 5.2
      vertex 44.5729 100.763 3
    endloop
  endfacet
  facet normal 0.382427 -0.923986 0
    outer loop
      vertex 45.638 101.673 3
      vertex 46.0729 101.853 5.2
      vertex 45.638 101.673 5.2
    endloop
  endfacet
  facet normal 0.382427 -0.923986 0
    outer loop
      vertex 46.0729 101.853 5.2
      vertex 45.638 101.673 3
      vertex 46.0729 101.853 3
    endloop
  endfacet
  facet normal -0.923867 -0.382714 -5.3707e-18
    outer loop
      vertex 49.8532 99.927 3
      vertex 49.673 100.362 5.2
      vertex 49.673 100.362 3
    endloop
  endfacet
  facet normal -0.923867 -0.382714 -5.3707e-18
    outer loop
      vertex 49.673 100.362 5.2
      vertex 49.8532 99.927 3
      vertex 49.8532 99.927 5.2
    endloop
  endfacet
  facet normal -0.972362 -0.233477 2.2379e-18
    outer loop
      vertex 49.9631 99.4693 3
      vertex 49.8532 99.927 5.2
      vertex 49.8532 99.927 3
    endloop
  endfacet
  facet normal -0.972362 -0.233477 2.2379e-18
    outer loop
      vertex 49.8532 99.927 5.2
      vertex 49.9631 99.4693 3
      vertex 49.9631 99.4693 5.2
    endloop
  endfacet
  facet normal -0.852482 -0.522756 -3.67343e-18
    outer loop
      vertex 49.673 100.362 3
      vertex 49.4271 100.763 5.2
      vertex 49.4271 100.763 3
    endloop
  endfacet
  facet normal -0.852482 -0.522756 -3.67343e-18
    outer loop
      vertex 49.4271 100.763 5.2
      vertex 49.673 100.362 3
      vertex 49.673 100.362 5.2
    endloop
  endfacet
  facet normal -0.382427 -0.923986 0
    outer loop
      vertex 47.9271 101.853 3
      vertex 48.362 101.673 5.2
      vertex 47.9271 101.853 5.2
    endloop
  endfacet
  facet normal -0.382427 -0.923986 -0
    outer loop
      vertex 48.362 101.673 5.2
      vertex 47.9271 101.853 3
      vertex 48.362 101.673 3
    endloop
  endfacet
  facet normal -0.522532 -0.85262 0
    outer loop
      vertex 48.362 101.673 3
      vertex 48.7634 101.427 5.2
      vertex 48.362 101.673 5.2
    endloop
  endfacet
  facet normal -0.522532 -0.85262 -0
    outer loop
      vertex 48.7634 101.427 5.2
      vertex 48.362 101.673 3
      vertex 48.7634 101.427 3
    endloop
  endfacet
  facet normal 0.923867 -0.382714 5.3707e-18
    outer loop
      vertex 44.1468 99.927 5.2
      vertex 44.327 100.362 3
      vertex 44.327 100.362 5.2
    endloop
  endfacet
  facet normal 0.923867 -0.382714 5.3707e-18
    outer loop
      vertex 44.327 100.362 3
      vertex 44.1468 99.927 5.2
      vertex 44.1468 99.927 3
    endloop
  endfacet
  facet normal 0.852482 -0.522756 3.67343e-18
    outer loop
      vertex 44.327 100.362 5.2
      vertex 44.5729 100.763 3
      vertex 44.5729 100.763 5.2
    endloop
  endfacet
  facet normal 0.852482 -0.522756 3.67343e-18
    outer loop
      vertex 44.5729 100.763 3
      vertex 44.327 100.362 5.2
      vertex 44.327 100.362 3
    endloop
  endfacet
  facet normal 0.522532 -0.85262 0
    outer loop
      vertex 45.2366 101.427 3
      vertex 45.638 101.673 5.2
      vertex 45.2366 101.427 5.2
    endloop
  endfacet
  facet normal 0.522532 -0.85262 0
    outer loop
      vertex 45.638 101.673 5.2
      vertex 45.2366 101.427 3
      vertex 45.638 101.673 3
    endloop
  endfacet
  facet normal 0.23363 -0.972326 0
    outer loop
      vertex 46.0729 101.853 3
      vertex 46.5307 101.963 5.2
      vertex 46.0729 101.853 5.2
    endloop
  endfacet
  facet normal 0.23363 -0.972326 0
    outer loop
      vertex 46.5307 101.963 5.2
      vertex 46.0729 101.853 3
      vertex 46.5307 101.963 3
    endloop
  endfacet
  facet normal -0.233429 0.972374 0
    outer loop
      vertex 47.9271 96.1468 3
      vertex 47.4693 96.0369 5.2
      vertex 47.9271 96.1468 5.2
    endloop
  endfacet
  facet normal -0.233429 0.972374 0
    outer loop
      vertex 47.4693 96.0369 5.2
      vertex 47.9271 96.1468 3
      vertex 47.4693 96.0369 3
    endloop
  endfacet
  facet normal -0.522532 0.85262 0
    outer loop
      vertex 48.7634 96.573 3
      vertex 48.362 96.327 5.2
      vertex 48.7634 96.573 5.2
    endloop
  endfacet
  facet normal -0.522532 0.85262 0
    outer loop
      vertex 48.362 96.327 5.2
      vertex 48.7634 96.573 3
      vertex 48.362 96.327 3
    endloop
  endfacet
  facet normal 0.522532 0.85262 -0
    outer loop
      vertex 45.638 96.327 3
      vertex 45.2366 96.573 5.2
      vertex 45.638 96.327 5.2
    endloop
  endfacet
  facet normal 0.522532 0.85262 0
    outer loop
      vertex 45.2366 96.573 5.2
      vertex 45.638 96.327 3
      vertex 45.2366 96.573 3
    endloop
  endfacet
  facet normal 0.852714 0.522378 -3.11459e-18
    outer loop
      vertex 44.5729 97.2366 5.2
      vertex 44.327 97.638 3
      vertex 44.327 97.638 5.2
    endloop
  endfacet
  facet normal 0.852714 0.522378 -3.11459e-18
    outer loop
      vertex 44.327 97.638 3
      vertex 44.5729 97.2366 5.2
      vertex 44.5729 97.2366 3
    endloop
  endfacet
  facet normal 0.972362 0.233477 2.2379e-18
    outer loop
      vertex 44.1468 98.073 5.2
      vertex 44.0369 98.5307 3
      vertex 44.0369 98.5307 5.2
    endloop
  endfacet
  facet normal 0.972362 0.233477 2.2379e-18
    outer loop
      vertex 44.0369 98.5307 3
      vertex 44.1468 98.073 5.2
      vertex 44.1468 98.073 3
    endloop
  endfacet
  facet normal -0.760365 -0.649496 -2.61678e-18
    outer loop
      vertex 49.4271 100.763 3
      vertex 49.1213 101.121 5.2
      vertex 49.1213 101.121 3
    endloop
  endfacet
  facet normal -0.760365 -0.649496 -2.61678e-18
    outer loop
      vertex 49.1213 101.121 5.2
      vertex 49.4271 100.763 3
      vertex 49.4271 100.763 5.2
    endloop
  endfacet
  facet normal -0.23363 -0.972326 0
    outer loop
      vertex 47.4693 101.963 3
      vertex 47.9271 101.853 5.2
      vertex 47.4693 101.963 5.2
    endloop
  endfacet
  facet normal -0.23363 -0.972326 -0
    outer loop
      vertex 47.9271 101.853 5.2
      vertex 47.4693 101.963 3
      vertex 47.9271 101.853 3
    endloop
  endfacet
  facet normal -0.0785969 -0.996906 0
    outer loop
      vertex 47 102 3
      vertex 47.4693 101.963 5.2
      vertex 47 102 5.2
    endloop
  endfacet
  facet normal -0.0785969 -0.996906 -0
    outer loop
      vertex 47.4693 101.963 5.2
      vertex 47 102 3
      vertex 47.4693 101.963 3
    endloop
  endfacet
  facet normal 0.972362 -0.233477 -2.2379e-18
    outer loop
      vertex 44.0369 99.4693 5.2
      vertex 44.1468 99.927 3
      vertex 44.1468 99.927 5.2
    endloop
  endfacet
  facet normal 0.972362 -0.233477 -2.2379e-18
    outer loop
      vertex 44.1468 99.927 3
      vertex 44.0369 99.4693 5.2
      vertex 44.0369 99.4693 3
    endloop
  endfacet
  facet normal 0.996923 -0.0783858 -1.61449e-18
    outer loop
      vertex 44 99 5.2
      vertex 44.0369 99.4693 3
      vertex 44.0369 99.4693 5.2
    endloop
  endfacet
  facet normal 0.996923 -0.0783858 -1.61449e-18
    outer loop
      vertex 44.0369 99.4693 3
      vertex 44 99 5.2
      vertex 44 99 3
    endloop
  endfacet
  facet normal 0.996923 0.0783858 1.61449e-18
    outer loop
      vertex 44.0369 98.5307 5.2
      vertex 44 99 3
      vertex 44 99 5.2
    endloop
  endfacet
  facet normal 0.996923 0.0783858 1.61449e-18
    outer loop
      vertex 44 99 3
      vertex 44.0369 98.5307 5.2
      vertex 44.0369 98.5307 3
    endloop
  endfacet
  facet normal 0.649846 -0.760066 0
    outer loop
      vertex 44.8787 101.121 3
      vertex 45.2366 101.427 5.2
      vertex 44.8787 101.121 5.2
    endloop
  endfacet
  facet normal 0.649846 -0.760066 0
    outer loop
      vertex 45.2366 101.427 5.2
      vertex 44.8787 101.121 3
      vertex 45.2366 101.427 3
    endloop
  endfacet
  facet normal -0.996923 0.0783858 -1.61449e-18
    outer loop
      vertex 49.9631 98.5307 3
      vertex 50 99 5.2
      vertex 50 99 3
    endloop
  endfacet
  facet normal -0.996923 0.0783858 -1.61449e-18
    outer loop
      vertex 50 99 5.2
      vertex 49.9631 98.5307 3
      vertex 49.9631 98.5307 5.2
    endloop
  endfacet
  facet normal -0.38279 0.923836 0
    outer loop
      vertex 48.362 96.327 3
      vertex 47.9271 96.1468 5.2
      vertex 48.362 96.327 5.2
    endloop
  endfacet
  facet normal -0.38279 0.923836 0
    outer loop
      vertex 47.9271 96.1468 5.2
      vertex 48.362 96.327 3
      vertex 47.9271 96.1468 3
    endloop
  endfacet
  facet normal -0.649478 0.76038 0
    outer loop
      vertex 49.1213 96.8787 3
      vertex 48.7634 96.573 5.2
      vertex 49.1213 96.8787 5.2
    endloop
  endfacet
  facet normal -0.649478 0.76038 0
    outer loop
      vertex 48.7634 96.573 5.2
      vertex 49.1213 96.8787 3
      vertex 48.7634 96.573 3
    endloop
  endfacet
  facet normal -0.923867 0.382714 5.3707e-18
    outer loop
      vertex 49.673 97.638 3
      vertex 49.8532 98.073 5.2
      vertex 49.8532 98.073 3
    endloop
  endfacet
  facet normal -0.923867 0.382714 5.3707e-18
    outer loop
      vertex 49.8532 98.073 5.2
      vertex 49.673 97.638 3
      vertex 49.673 97.638 5.2
    endloop
  endfacet
  facet normal -0.852714 0.522378 3.11459e-18
    outer loop
      vertex 49.4271 97.2366 3
      vertex 49.673 97.638 5.2
      vertex 49.673 97.638 3
    endloop
  endfacet
  facet normal -0.852714 0.522378 3.11459e-18
    outer loop
      vertex 49.673 97.638 5.2
      vertex 49.4271 97.2366 3
      vertex 49.4271 97.2366 5.2
    endloop
  endfacet
  facet normal -0.972362 0.233477 -2.2379e-18
    outer loop
      vertex 49.8532 98.073 3
      vertex 49.9631 98.5307 5.2
      vertex 49.9631 98.5307 3
    endloop
  endfacet
  facet normal -0.972362 0.233477 -2.2379e-18
    outer loop
      vertex 49.9631 98.5307 5.2
      vertex 49.8532 98.073 3
      vertex 49.8532 98.073 5.2
    endloop
  endfacet
  facet normal 0.38279 0.923836 -0
    outer loop
      vertex 46.0729 96.1468 3
      vertex 45.638 96.327 5.2
      vertex 46.0729 96.1468 5.2
    endloop
  endfacet
  facet normal 0.38279 0.923836 0
    outer loop
      vertex 45.638 96.327 5.2
      vertex 46.0729 96.1468 3
      vertex 45.638 96.327 3
    endloop
  endfacet
  facet normal 0.233429 0.972374 -0
    outer loop
      vertex 46.5307 96.0369 3
      vertex 46.0729 96.1468 5.2
      vertex 46.5307 96.0369 5.2
    endloop
  endfacet
  facet normal 0.233429 0.972374 0
    outer loop
      vertex 46.0729 96.1468 5.2
      vertex 46.5307 96.0369 3
      vertex 46.0729 96.1468 3
    endloop
  endfacet
  facet normal -0.0783858 0.996923 0
    outer loop
      vertex 47.4693 96.0369 3
      vertex 47 96 5.2
      vertex 47.4693 96.0369 5.2
    endloop
  endfacet
  facet normal -0.0783858 0.996923 0
    outer loop
      vertex 47 96 5.2
      vertex 47.4693 96.0369 3
      vertex 47 96 3
    endloop
  endfacet
  facet normal 0.760275 0.649601 -1.03379e-18
    outer loop
      vertex 44.8787 96.8787 5.2
      vertex 44.5729 97.2366 3
      vertex 44.5729 97.2366 5.2
    endloop
  endfacet
  facet normal 0.760275 0.649601 -1.03379e-18
    outer loop
      vertex 44.5729 97.2366 3
      vertex 44.8787 96.8787 5.2
      vertex 44.8787 96.8787 3
    endloop
  endfacet
  facet normal 0.923867 0.382714 -5.3707e-18
    outer loop
      vertex 44.327 97.638 5.2
      vertex 44.1468 98.073 3
      vertex 44.1468 98.073 5.2
    endloop
  endfacet
  facet normal 0.923867 0.382714 -5.3707e-18
    outer loop
      vertex 44.1468 98.073 3
      vertex 44.327 97.638 5.2
      vertex 44.327 97.638 3
    endloop
  endfacet
  facet normal 0 0 -1
    outer loop
      vertex 48.5 99 5.2
      vertex 50 99 5.2
      vertex 49.9631 98.5307 5.2
    endloop
  endfacet
  facet normal 0 0 -1
    outer loop
      vertex 48.4772 98.7395 5.2
      vertex 49.9631 98.5307 5.2
      vertex 49.8532 98.073 5.2
    endloop
  endfacet
  facet normal 0 0 -1
    outer loop
      vertex 50 99 5.2
      vertex 48.5 99 5.2
      vertex 49.9631 99.4693 5.2
    endloop
  endfacet
  facet normal 0 0 -1
    outer loop
      vertex 48.4095 98.487 5.2
      vertex 49.8532 98.073 5.2
      vertex 49.673 97.638 5.2
    endloop
  endfacet
  facet normal 0 0 -1
    outer loop
      vertex 48.4772 99.2605 5.2
      vertex 49.9631 99.4693 5.2
      vertex 48.5 99 5.2
    endloop
  endfacet
  facet normal 0 0 -1
    outer loop
      vertex 48.299 98.25 5.2
      vertex 49.673 97.638 5.2
      vertex 49.4271 97.2366 5.2
    endloop
  endfacet
  facet normal -0 0 -1
    outer loop
      vertex 49.9631 99.4693 5.2
      vertex 48.4772 99.2605 5.2
      vertex 49.8532 99.927 5.2
    endloop
  endfacet
  facet normal 0 0 -1
    outer loop
      vertex 48.1491 98.0358 5.2
      vertex 49.4271 97.2366 5.2
      vertex 49.1213 96.8787 5.2
    endloop
  endfacet
  facet normal 0 0 -1
    outer loop
      vertex 48.4095 99.513 5.2
      vertex 49.8532 99.927 5.2
      vertex 48.4772 99.2605 5.2
    endloop
  endfacet
  facet normal 0 0 -1
    outer loop
      vertex 47.9642 97.8509 5.2
      vertex 49.1213 96.8787 5.2
      vertex 48.7634 96.573 5.2
    endloop
  endfacet
  facet normal -0 0 -1
    outer loop
      vertex 49.8532 99.927 5.2
      vertex 48.4095 99.513 5.2
      vertex 49.673 100.362 5.2
    endloop
  endfacet
  facet normal 0 0 -1
    outer loop
      vertex 48.299 99.75 5.2
      vertex 49.673 100.362 5.2
      vertex 48.4095 99.513 5.2
    endloop
  endfacet
  facet normal 0 0 -1
    outer loop
      vertex 49.9631 98.5307 5.2
      vertex 48.4772 98.7395 5.2
      vertex 48.5 99 5.2
    endloop
  endfacet
  facet normal 0 0 -1
    outer loop
      vertex 49.8532 98.073 5.2
      vertex 48.4095 98.487 5.2
      vertex 48.4772 98.7395 5.2
    endloop
  endfacet
  facet normal 0 0 -1
    outer loop
      vertex 47.75 97.701 5.2
      vertex 48.7634 96.573 5.2
      vertex 48.362 96.327 5.2
    endloop
  endfacet
  facet normal 0 0 -1
    outer loop
      vertex 49.673 97.638 5.2
      vertex 48.299 98.25 5.2
      vertex 48.4095 98.487 5.2
    endloop
  endfacet
  facet normal 0 0 -1
    outer loop
      vertex 49.4271 97.2366 5.2
      vertex 48.1491 98.0358 5.2
      vertex 48.299 98.25 5.2
    endloop
  endfacet
  facet normal 0 0 -1
    outer loop
      vertex 49.1213 96.8787 5.2
      vertex 47.9642 97.8509 5.2
      vertex 48.1491 98.0358 5.2
    endloop
  endfacet
  facet normal 0 0 -1
    outer loop
      vertex 47.513 97.5905 5.2
      vertex 48.362 96.327 5.2
      vertex 47.9271 96.1468 5.2
    endloop
  endfacet
  facet normal 0 0 -1
    outer loop
      vertex 48.7634 96.573 5.2
      vertex 47.75 97.701 5.2
      vertex 47.9642 97.8509 5.2
    endloop
  endfacet
  facet normal 0 0 -1
    outer loop
      vertex 48.362 96.327 5.2
      vertex 47.513 97.5905 5.2
      vertex 47.75 97.701 5.2
    endloop
  endfacet
  facet normal 0 0 -1
    outer loop
      vertex 47.2605 97.5228 5.2
      vertex 47.9271 96.1468 5.2
      vertex 47.4693 96.0369 5.2
    endloop
  endfacet
  facet normal 0 0 -1
    outer loop
      vertex 47.9271 96.1468 5.2
      vertex 47.2605 97.5228 5.2
      vertex 47.513 97.5905 5.2
    endloop
  endfacet
  facet normal 0 0 -1
    outer loop
      vertex 47 97.5 5.2
      vertex 47.4693 96.0369 5.2
      vertex 47 96 5.2
    endloop
  endfacet
  facet normal 0 0 -1
    outer loop
      vertex 47.4693 96.0369 5.2
      vertex 47 97.5 5.2
      vertex 47.2605 97.5228 5.2
    endloop
  endfacet
  facet normal 0 0 -1
    outer loop
      vertex 46.5307 96.0369 5.2
      vertex 47 97.5 5.2
      vertex 47 96 5.2
    endloop
  endfacet
  facet normal -0 0 -1
    outer loop
      vertex 47 97.5 5.2
      vertex 46.5307 96.0369 5.2
      vertex 46.7395 97.5228 5.2
    endloop
  endfacet
  facet normal 0 0 -1
    outer loop
      vertex 46.0729 96.1468 5.2
      vertex 46.7395 97.5228 5.2
      vertex 46.5307 96.0369 5.2
    endloop
  endfacet
  facet normal -0 0 -1
    outer loop
      vertex 46.7395 97.5228 5.2
      vertex 46.0729 96.1468 5.2
      vertex 46.487 97.5905 5.2
    endloop
  endfacet
  facet normal 0 0 -1
    outer loop
      vertex 45.638 96.327 5.2
      vertex 46.487 97.5905 5.2
      vertex 46.0729 96.1468 5.2
    endloop
  endfacet
  facet normal -0 0 -1
    outer loop
      vertex 46.487 97.5905 5.2
      vertex 45.638 96.327 5.2
      vertex 46.25 97.701 5.2
    endloop
  endfacet
  facet normal 0 0 -1
    outer loop
      vertex 45.2366 96.573 5.2
      vertex 46.25 97.701 5.2
      vertex 45.638 96.327 5.2
    endloop
  endfacet
  facet normal -0 0 -1
    outer loop
      vertex 46.25 97.701 5.2
      vertex 45.2366 96.573 5.2
      vertex 46.0358 97.8509 5.2
    endloop
  endfacet
  facet normal 0 0 -1
    outer loop
      vertex 44.8787 96.8787 5.2
      vertex 46.0358 97.8509 5.2
      vertex 45.2366 96.573 5.2
    endloop
  endfacet
  facet normal -0 0 -1
    outer loop
      vertex 46.0358 97.8509 5.2
      vertex 44.8787 96.8787 5.2
      vertex 45.8509 98.0358 5.2
    endloop
  endfacet
  facet normal 0 0 -1
    outer loop
      vertex 44.5729 97.2366 5.2
      vertex 45.8509 98.0358 5.2
      vertex 44.8787 96.8787 5.2
    endloop
  endfacet
  facet normal -0 0 -1
    outer loop
      vertex 45.8509 98.0358 5.2
      vertex 44.5729 97.2366 5.2
      vertex 45.701 98.25 5.2
    endloop
  endfacet
  facet normal 0 0 -1
    outer loop
      vertex 44.327 97.638 5.2
      vertex 45.701 98.25 5.2
      vertex 44.5729 97.2366 5.2
    endloop
  endfacet
  facet normal -0 0 -1
    outer loop
      vertex 49.673 100.362 5.2
      vertex 48.299 99.75 5.2
      vertex 49.4271 100.763 5.2
    endloop
  endfacet
  facet normal 0 0 -1
    outer loop
      vertex 48.1491 99.9642 5.2
      vertex 49.4271 100.763 5.2
      vertex 48.299 99.75 5.2
    endloop
  endfacet
  facet normal -0 0 -1
    outer loop
      vertex 49.4271 100.763 5.2
      vertex 48.1491 99.9642 5.2
      vertex 49.1213 101.121 5.2
    endloop
  endfacet
  facet normal 0 0 -1
    outer loop
      vertex 47.9642 100.149 5.2
      vertex 49.1213 101.121 5.2
      vertex 48.1491 99.9642 5.2
    endloop
  endfacet
  facet normal -0 0 -1
    outer loop
      vertex 49.1213 101.121 5.2
      vertex 47.9642 100.149 5.2
      vertex 48.7634 101.427 5.2
    endloop
  endfacet
  facet normal 0 0 -1
    outer loop
      vertex 47.75 100.299 5.2
      vertex 48.7634 101.427 5.2
      vertex 47.9642 100.149 5.2
    endloop
  endfacet
  facet normal -0 0 -1
    outer loop
      vertex 48.7634 101.427 5.2
      vertex 47.75 100.299 5.2
      vertex 48.362 101.673 5.2
    endloop
  endfacet
  facet normal 0 0 -1
    outer loop
      vertex 47.513 100.41 5.2
      vertex 48.362 101.673 5.2
      vertex 47.75 100.299 5.2
    endloop
  endfacet
  facet normal -0 0 -1
    outer loop
      vertex 48.362 101.673 5.2
      vertex 47.513 100.41 5.2
      vertex 47.9271 101.853 5.2
    endloop
  endfacet
  facet normal 0 0 -1
    outer loop
      vertex 47.2605 100.477 5.2
      vertex 47.9271 101.853 5.2
      vertex 47.513 100.41 5.2
    endloop
  endfacet
  facet normal -0 0 -1
    outer loop
      vertex 47.9271 101.853 5.2
      vertex 47.2605 100.477 5.2
      vertex 47.4693 101.963 5.2
    endloop
  endfacet
  facet normal 0 0 -1
    outer loop
      vertex 47 100.5 5.2
      vertex 47.4693 101.963 5.2
      vertex 47.2605 100.477 5.2
    endloop
  endfacet
  facet normal 0 0 -1
    outer loop
      vertex 47 100.5 5.2
      vertex 47 102 5.2
      vertex 47.4693 101.963 5.2
    endloop
  endfacet
  facet normal 0 0 -1
    outer loop
      vertex 46.5307 101.963 5.2
      vertex 47 100.5 5.2
      vertex 46.7395 100.477 5.2
    endloop
  endfacet
  facet normal 0 0 -1
    outer loop
      vertex 47 100.5 5.2
      vertex 46.5307 101.963 5.2
      vertex 47 102 5.2
    endloop
  endfacet
  facet normal 0 0 -1
    outer loop
      vertex 46.0729 101.853 5.2
      vertex 46.7395 100.477 5.2
      vertex 46.487 100.41 5.2
    endloop
  endfacet
  facet normal 0 0 -1
    outer loop
      vertex 45.638 101.673 5.2
      vertex 46.487 100.41 5.2
      vertex 46.25 100.299 5.2
    endloop
  endfacet
  facet normal 0 0 -1
    outer loop
      vertex 46.7395 100.477 5.2
      vertex 46.0729 101.853 5.2
      vertex 46.5307 101.963 5.2
    endloop
  endfacet
  facet normal 0 0 -1
    outer loop
      vertex 45.2366 101.427 5.2
      vertex 46.25 100.299 5.2
      vertex 46.0358 100.149 5.2
    endloop
  endfacet
  facet normal 0 0 -1
    outer loop
      vertex 44.8787 101.121 5.2
      vertex 46.0358 100.149 5.2
      vertex 45.8509 99.9642 5.2
    endloop
  endfacet
  facet normal 0 0 -1
    outer loop
      vertex 44.5729 100.763 5.2
      vertex 45.8509 99.9642 5.2
      vertex 45.701 99.75 5.2
    endloop
  endfacet
  facet normal 0 0 -1
    outer loop
      vertex 46.487 100.41 5.2
      vertex 45.638 101.673 5.2
      vertex 46.0729 101.853 5.2
    endloop
  endfacet
  facet normal 0 0 -1
    outer loop
      vertex 44.327 100.362 5.2
      vertex 45.701 99.75 5.2
      vertex 45.5905 99.513 5.2
    endloop
  endfacet
  facet normal 0 0 -1
    outer loop
      vertex 44.1468 99.927 5.2
      vertex 45.5905 99.513 5.2
      vertex 45.5228 99.2605 5.2
    endloop
  endfacet
  facet normal 0 0 -1
    outer loop
      vertex 44.0369 99.4693 5.2
      vertex 45.5228 99.2605 5.2
      vertex 45.5 99 5.2
    endloop
  endfacet
  facet normal -0 0 -1
    outer loop
      vertex 45.701 98.25 5.2
      vertex 44.327 97.638 5.2
      vertex 45.5905 98.487 5.2
    endloop
  endfacet
  facet normal 0 0 -1
    outer loop
      vertex 46.25 100.299 5.2
      vertex 45.2366 101.427 5.2
      vertex 45.638 101.673 5.2
    endloop
  endfacet
  facet normal 0 0 -1
    outer loop
      vertex 44.1468 98.073 5.2
      vertex 45.5905 98.487 5.2
      vertex 44.327 97.638 5.2
    endloop
  endfacet
  facet normal 0 0 -1
    outer loop
      vertex 46.0358 100.149 5.2
      vertex 44.8787 101.121 5.2
      vertex 45.2366 101.427 5.2
    endloop
  endfacet
  facet normal -0 0 -1
    outer loop
      vertex 45.5905 98.487 5.2
      vertex 44.1468 98.073 5.2
      vertex 45.5228 98.7395 5.2
    endloop
  endfacet
  facet normal 0 0 -1
    outer loop
      vertex 45.8509 99.9642 5.2
      vertex 44.5729 100.763 5.2
      vertex 44.8787 101.121 5.2
    endloop
  endfacet
  facet normal 0 0 -1
    outer loop
      vertex 44.0369 98.5307 5.2
      vertex 45.5228 98.7395 5.2
      vertex 44.1468 98.073 5.2
    endloop
  endfacet
  facet normal 0 0 -1
    outer loop
      vertex 45.701 99.75 5.2
      vertex 44.327 100.362 5.2
      vertex 44.5729 100.763 5.2
    endloop
  endfacet
  facet normal -0 0 -1
    outer loop
      vertex 45.5228 98.7395 5.2
      vertex 44.0369 98.5307 5.2
      vertex 45.5 99 5.2
    endloop
  endfacet
  facet normal 0 0 -1
    outer loop
      vertex 45.5905 99.513 5.2
      vertex 44.1468 99.927 5.2
      vertex 44.327 100.362 5.2
    endloop
  endfacet
  facet normal 0 0 -1
    outer loop
      vertex 44 99 5.2
      vertex 45.5 99 5.2
      vertex 44.0369 98.5307 5.2
    endloop
  endfacet
  facet normal 0 0 -1
    outer loop
      vertex 45.5228 99.2605 5.2
      vertex 44.0369 99.4693 5.2
      vertex 44.1468 99.927 5.2
    endloop
  endfacet
  facet normal 0 0 -1
    outer loop
      vertex 45.5 99 5.2
      vertex 44 99 5.2
      vertex 44.0369 99.4693 5.2
    endloop
  endfacet
  facet normal -0.760275 0.649601 1.03379e-18
    outer loop
      vertex 49.1213 96.8787 3
      vertex 49.4271 97.2366 5.2
      vertex 49.4271 97.2366 3
    endloop
  endfacet
  facet normal -0.760275 0.649601 1.03379e-18
    outer loop
      vertex 49.4271 97.2366 5.2
      vertex 49.1213 96.8787 3
      vertex 49.1213 96.8787 5.2
    endloop
  endfacet
  facet normal 0.0783858 0.996923 -0
    outer loop
      vertex 47 96 3
      vertex 46.5307 96.0369 5.2
      vertex 47 96 5.2
    endloop
  endfacet
  facet normal 0.0783858 0.996923 0
    outer loop
      vertex 46.5307 96.0369 5.2
      vertex 47 96 3
      vertex 46.5307 96.0369 3
    endloop
  endfacet
  facet normal 0.649478 0.76038 -0
    outer loop
      vertex 45.2366 96.573 3
      vertex 44.8787 96.8787 5.2
      vertex 45.2366 96.573 5.2
    endloop
  endfacet
  facet normal 0.649478 0.76038 0
    outer loop
      vertex 44.8787 96.8787 5.2
      vertex 45.2366 96.573 3
      vertex 44.8787 96.8787 3
    endloop
  endfacet
  facet normal 1 -0 0
    outer loop
      vertex -34.5 105 41.8
      vertex -34.5 108 17.8
      vertex -34.5 108 41.8
    endloop
  endfacet
  facet normal 1 0 0
    outer loop
      vertex -34.5 108 17.8
      vertex -34.5 105 41.8
      vertex -34.5 105 17.8
    endloop
  endfacet
  facet normal 0 0 -1
    outer loop
      vertex -34.5 105 41.8
      vertex 44.5 108 41.8
      vertex 44.5 105 41.8
    endloop
  endfacet
  facet normal -0 0 -1
    outer loop
      vertex 44.5 108 41.8
      vertex -34.5 105 41.8
      vertex -34.5 108 41.8
    endloop
  endfacet
  facet normal -1 0 0
    outer loop
      vertex 44.5 105 17.8
      vertex 44.5 108 41.8
      vertex 44.5 108 17.8
    endloop
  endfacet
  facet normal -1 -0 0
    outer loop
      vertex 44.5 108 41.8
      vertex 44.5 105 17.8
      vertex 44.5 105 41.8
    endloop
  endfacet
  facet normal -0 0 1
    outer loop
      vertex -34.5 108 17.8
      vertex 44.5 105 17.8
      vertex 44.5 108 17.8
    endloop
  endfacet
  facet normal 0 0 1
    outer loop
      vertex 44.5 105 17.8
      vertex -34.5 108 17.8
      vertex -34.5 105 17.8
    endloop
  endfacet
endsolid OpenSCAD_Model
